commons-math-legacy,C:\Users\simon\Documents\Code\thesis-code\commons-math-master\commons-math-legacy\src\test\java\org\apache\commons\math4\legacy\analysis\differentiation\DerivativeStructureTest.java,C:\Users\simon\Documents\Code\thesis-code\commons-math-master\commons-math-legacy\src\main\java\org\apache\commons\math4\legacy\analysis\differentiation\DerivativeStructure.java
commons-math-legacy,C:\Users\simon\Documents\Code\thesis-code\commons-math-master\commons-math-legacy\src\test\java\org\apache\commons\math4\legacy\analysis\differentiation\DSCompilerTest.java,C:\Users\simon\Documents\Code\thesis-code\commons-math-master\commons-math-legacy\src\main\java\org\apache\commons\math4\legacy\analysis\differentiation\DSCompiler.java
commons-math-legacy,C:\Users\simon\Documents\Code\thesis-code\commons-math-master\commons-math-legacy\src\test\java\org\apache\commons\math4\legacy\analysis\differentiation\FiniteDifferencesDifferentiatorTest.java,C:\Users\simon\Documents\Code\thesis-code\commons-math-master\commons-math-legacy\src\main\java\org\apache\commons\math4\legacy\analysis\differentiation\FiniteDifferencesDifferentiator.java
commons-math-legacy,C:\Users\simon\Documents\Code\thesis-code\commons-math-master\commons-math-legacy\src\test\java\org\apache\commons\math4\legacy\analysis\differentiation\GradientFunctionTest.java,C:\Users\simon\Documents\Code\thesis-code\commons-math-master\commons-math-legacy\src\main\java\org\apache\commons\math4\legacy\analysis\differentiation\GradientFunction.java
commons-math-legacy,C:\Users\simon\Documents\Code\thesis-code\commons-math-master\commons-math-legacy\src\test\java\org\apache\commons\math4\legacy\analysis\differentiation\JacobianFunctionTest.java,C:\Users\simon\Documents\Code\thesis-code\commons-math-master\commons-math-legacy\src\main\java\org\apache\commons\math4\legacy\analysis\differentiation\JacobianFunction.java
commons-math-legacy,C:\Users\simon\Documents\Code\thesis-code\commons-math-master\commons-math-legacy\src\test\java\org\apache\commons\math4\legacy\analysis\differentiation\SparseGradientTest.java,C:\Users\simon\Documents\Code\thesis-code\commons-math-master\commons-math-legacy\src\main\java\org\apache\commons\math4\legacy\analysis\differentiation\SparseGradient.java
commons-math-legacy,C:\Users\simon\Documents\Code\thesis-code\commons-math-master\commons-math-legacy\src\test\java\org\apache\commons\math4\legacy\analysis\function\BivariateFunctionTest.java,
commons-math-legacy,C:\Users\simon\Documents\Code\thesis-code\commons-math-master\commons-math-legacy\src\test\java\org\apache\commons\math4\legacy\analysis\function\GaussianTest.java,C:\Users\simon\Documents\Code\thesis-code\commons-math-master\commons-math-legacy\src\main\java\org\apache\commons\math4\legacy\analysis\function\Gaussian.java
commons-math-legacy,C:\Users\simon\Documents\Code\thesis-code\commons-math-master\commons-math-legacy\src\test\java\org\apache\commons\math4\legacy\analysis\function\HarmonicOscillatorTest.java,C:\Users\simon\Documents\Code\thesis-code\commons-math-master\commons-math-legacy\src\main\java\org\apache\commons\math4\legacy\analysis\function\HarmonicOscillator.java
commons-math-legacy,C:\Users\simon\Documents\Code\thesis-code\commons-math-master\commons-math-legacy\src\test\java\org\apache\commons\math4\legacy\analysis\function\LogisticTest.java,C:\Users\simon\Documents\Code\thesis-code\commons-math-master\commons-math-legacy\src\main\java\org\apache\commons\math4\legacy\analysis\function\Logistic.java
commons-math-legacy,C:\Users\simon\Documents\Code\thesis-code\commons-math-master\commons-math-legacy\src\test\java\org\apache\commons\math4\legacy\analysis\function\LogitTest.java,C:\Users\simon\Documents\Code\thesis-code\commons-math-master\commons-math-legacy\src\main\java\org\apache\commons\math4\legacy\analysis\function\Logit.java
commons-math-legacy,C:\Users\simon\Documents\Code\thesis-code\commons-math-master\commons-math-legacy\src\test\java\org\apache\commons\math4\legacy\analysis\function\SigmoidTest.java,C:\Users\simon\Documents\Code\thesis-code\commons-math-master\commons-math-legacy\src\main\java\org\apache\commons\math4\legacy\analysis\function\Sigmoid.java
commons-math-legacy,C:\Users\simon\Documents\Code\thesis-code\commons-math-master\commons-math-legacy\src\test\java\org\apache\commons\math4\legacy\analysis\function\SincTest.java,C:\Users\simon\Documents\Code\thesis-code\commons-math-master\commons-math-legacy\src\main\java\org\apache\commons\math4\legacy\analysis\function\Sinc.java
commons-math-legacy,C:\Users\simon\Documents\Code\thesis-code\commons-math-master\commons-math-legacy\src\test\java\org\apache\commons\math4\legacy\analysis\function\SqrtTest.java,C:\Users\simon\Documents\Code\thesis-code\commons-math-master\commons-math-legacy\src\main\java\org\apache\commons\math4\legacy\analysis\function\Sqrt.java
commons-math-legacy,C:\Users\simon\Documents\Code\thesis-code\commons-math-master\commons-math-legacy\src\test\java\org\apache\commons\math4\legacy\analysis\function\StepFunctionTest.java,C:\Users\simon\Documents\Code\thesis-code\commons-math-master\commons-math-legacy\src\main\java\org\apache\commons\math4\legacy\analysis\function\StepFunction.java
commons-math-legacy,C:\Users\simon\Documents\Code\thesis-code\commons-math-master\commons-math-legacy\src\test\java\org\apache\commons\math4\legacy\analysis\function\UnivariateDifferentiableFunctionTest.java,
commons-math-legacy,C:\Users\simon\Documents\Code\thesis-code\commons-math-master\commons-math-legacy\src\test\java\org\apache\commons\math4\legacy\analysis\function\UnivariateFunctionTest.java,
commons-math-legacy,C:\Users\simon\Documents\Code\thesis-code\commons-math-master\commons-math-legacy\src\test\java\org\apache\commons\math4\legacy\analysis\FunctionUtilsTest.java,C:\Users\simon\Documents\Code\thesis-code\commons-math-master\commons-math-legacy\src\main\java\org\apache\commons\math4\legacy\analysis\FunctionUtils.java
commons-math-legacy,C:\Users\simon\Documents\Code\thesis-code\commons-math-master\commons-math-legacy\src\test\java\org\apache\commons\math4\legacy\analysis\integration\gauss\BaseRuleFactoryTest.java,C:\Users\simon\Documents\Code\thesis-code\commons-math-master\commons-math-legacy\src\main\java\org\apache\commons\math4\legacy\analysis\integration\gauss\BaseRuleFactory.java
commons-math-legacy,C:\Users\simon\Documents\Code\thesis-code\commons-math-master\commons-math-legacy\src\test\java\org\apache\commons\math4\legacy\analysis\integration\gauss\GaussianQuadratureAbstractTest.java,
commons-math-legacy,C:\Users\simon\Documents\Code\thesis-code\commons-math-master\commons-math-legacy\src\test\java\org\apache\commons\math4\legacy\analysis\integration\gauss\GaussIntegratorTest.java,C:\Users\simon\Documents\Code\thesis-code\commons-math-master\commons-math-legacy\src\main\java\org\apache\commons\math4\legacy\analysis\integration\gauss\GaussIntegrator.java
commons-math-legacy,C:\Users\simon\Documents\Code\thesis-code\commons-math-master\commons-math-legacy\src\test\java\org\apache\commons\math4\legacy\analysis\integration\gauss\HermiteParametricTest.java,
commons-math-legacy,C:\Users\simon\Documents\Code\thesis-code\commons-math-master\commons-math-legacy\src\test\java\org\apache\commons\math4\legacy\analysis\integration\gauss\HermiteTest.java,
commons-math-legacy,C:\Users\simon\Documents\Code\thesis-code\commons-math-master\commons-math-legacy\src\test\java\org\apache\commons\math4\legacy\analysis\integration\gauss\LaguerreTest.java,
commons-math-legacy,C:\Users\simon\Documents\Code\thesis-code\commons-math-master\commons-math-legacy\src\test\java\org\apache\commons\math4\legacy\analysis\integration\gauss\LegendreHighPrecisionParametricTest.java,
commons-math-legacy,C:\Users\simon\Documents\Code\thesis-code\commons-math-master\commons-math-legacy\src\test\java\org\apache\commons\math4\legacy\analysis\integration\gauss\LegendreHighPrecisionTest.java,
commons-math-legacy,C:\Users\simon\Documents\Code\thesis-code\commons-math-master\commons-math-legacy\src\test\java\org\apache\commons\math4\legacy\analysis\integration\gauss\LegendreParametricTest.java,
commons-math-legacy,C:\Users\simon\Documents\Code\thesis-code\commons-math-master\commons-math-legacy\src\test\java\org\apache\commons\math4\legacy\analysis\integration\gauss\LegendreTest.java,
commons-math-legacy,C:\Users\simon\Documents\Code\thesis-code\commons-math-master\commons-math-legacy\src\test\java\org\apache\commons\math4\legacy\analysis\integration\IterativeLegendreGaussIntegratorTest.java,C:\Users\simon\Documents\Code\thesis-code\commons-math-master\commons-math-legacy\src\main\java\org\apache\commons\math4\legacy\analysis\integration\IterativeLegendreGaussIntegrator.java
commons-math-legacy,C:\Users\simon\Documents\Code\thesis-code\commons-math-master\commons-math-legacy\src\test\java\org\apache\commons\math4\legacy\analysis\integration\MidPointIntegratorTest.java,C:\Users\simon\Documents\Code\thesis-code\commons-math-master\commons-math-legacy\src\main\java\org\apache\commons\math4\legacy\analysis\integration\MidPointIntegrator.java
commons-math-legacy,C:\Users\simon\Documents\Code\thesis-code\commons-math-master\commons-math-legacy\src\test\java\org\apache\commons\math4\legacy\analysis\integration\RombergIntegratorTest.java,C:\Users\simon\Documents\Code\thesis-code\commons-math-master\commons-math-legacy\src\main\java\org\apache\commons\math4\legacy\analysis\integration\RombergIntegrator.java
commons-math-legacy,C:\Users\simon\Documents\Code\thesis-code\commons-math-master\commons-math-legacy\src\test\java\org\apache\commons\math4\legacy\analysis\integration\SimpsonIntegratorTest.java,C:\Users\simon\Documents\Code\thesis-code\commons-math-master\commons-math-legacy\src\main\java\org\apache\commons\math4\legacy\analysis\integration\SimpsonIntegrator.java
commons-math-legacy,C:\Users\simon\Documents\Code\thesis-code\commons-math-master\commons-math-legacy\src\test\java\org\apache\commons\math4\legacy\analysis\integration\TrapezoidIntegratorTest.java,C:\Users\simon\Documents\Code\thesis-code\commons-math-master\commons-math-legacy\src\main\java\org\apache\commons\math4\legacy\analysis\integration\TrapezoidIntegrator.java
commons-math-legacy,C:\Users\simon\Documents\Code\thesis-code\commons-math-master\commons-math-legacy\src\test\java\org\apache\commons\math4\legacy\analysis\interpolation\AkimaSplineInterpolatorTest.java,C:\Users\simon\Documents\Code\thesis-code\commons-math-master\commons-math-legacy\src\main\java\org\apache\commons\math4\legacy\analysis\interpolation\AkimaSplineInterpolator.java
commons-math-legacy,C:\Users\simon\Documents\Code\thesis-code\commons-math-master\commons-math-legacy\src\test\java\org\apache\commons\math4\legacy\analysis\interpolation\BicubicInterpolatingFunctionTest.java,C:\Users\simon\Documents\Code\thesis-code\commons-math-master\commons-math-legacy\src\main\java\org\apache\commons\math4\legacy\analysis\interpolation\BicubicInterpolatingFunction.java
commons-math-legacy,C:\Users\simon\Documents\Code\thesis-code\commons-math-master\commons-math-legacy\src\test\java\org\apache\commons\math4\legacy\analysis\interpolation\BicubicInterpolatorTest.java,C:\Users\simon\Documents\Code\thesis-code\commons-math-master\commons-math-legacy\src\main\java\org\apache\commons\math4\legacy\analysis\interpolation\BicubicInterpolator.java
commons-math-legacy,C:\Users\simon\Documents\Code\thesis-code\commons-math-master\commons-math-legacy\src\test\java\org\apache\commons\math4\legacy\analysis\interpolation\ClampedSplineInterpolatorTest.java,C:\Users\simon\Documents\Code\thesis-code\commons-math-master\commons-math-legacy\src\main\java\org\apache\commons\math4\legacy\analysis\interpolation\ClampedSplineInterpolator.java
commons-math-legacy,C:\Users\simon\Documents\Code\thesis-code\commons-math-master\commons-math-legacy\src\test\java\org\apache\commons\math4\legacy\analysis\interpolation\DividedDifferenceInterpolatorTest.java,C:\Users\simon\Documents\Code\thesis-code\commons-math-master\commons-math-legacy\src\main\java\org\apache\commons\math4\legacy\analysis\interpolation\DividedDifferenceInterpolator.java
commons-math-legacy,C:\Users\simon\Documents\Code\thesis-code\commons-math-master\commons-math-legacy\src\test\java\org\apache\commons\math4\legacy\analysis\interpolation\FieldHermiteInterpolatorTest.java,C:\Users\simon\Documents\Code\thesis-code\commons-math-master\commons-math-legacy\src\main\java\org\apache\commons\math4\legacy\analysis\interpolation\FieldHermiteInterpolator.java
commons-math-legacy,C:\Users\simon\Documents\Code\thesis-code\commons-math-master\commons-math-legacy\src\test\java\org\apache\commons\math4\legacy\analysis\interpolation\HermiteInterpolatorTest.java,C:\Users\simon\Documents\Code\thesis-code\commons-math-master\commons-math-legacy\src\main\java\org\apache\commons\math4\legacy\analysis\interpolation\HermiteInterpolator.java
commons-math-legacy,C:\Users\simon\Documents\Code\thesis-code\commons-math-master\commons-math-legacy\src\test\java\org\apache\commons\math4\legacy\analysis\interpolation\LinearInterpolatorTest.java,C:\Users\simon\Documents\Code\thesis-code\commons-math-master\commons-math-legacy\src\main\java\org\apache\commons\math4\legacy\analysis\interpolation\LinearInterpolator.java
commons-math-legacy,C:\Users\simon\Documents\Code\thesis-code\commons-math-master\commons-math-legacy\src\test\java\org\apache\commons\math4\legacy\analysis\interpolation\LoessInterpolatorTest.java,C:\Users\simon\Documents\Code\thesis-code\commons-math-master\commons-math-legacy\src\main\java\org\apache\commons\math4\legacy\analysis\interpolation\LoessInterpolator.java
commons-math-legacy,C:\Users\simon\Documents\Code\thesis-code\commons-math-master\commons-math-legacy\src\test\java\org\apache\commons\math4\legacy\analysis\interpolation\MicrosphereProjectionInterpolatorTest.java,C:\Users\simon\Documents\Code\thesis-code\commons-math-master\commons-math-legacy\src\main\java\org\apache\commons\math4\legacy\analysis\interpolation\MicrosphereProjectionInterpolator.java
commons-math-legacy,C:\Users\simon\Documents\Code\thesis-code\commons-math-master\commons-math-legacy\src\test\java\org\apache\commons\math4\legacy\analysis\interpolation\NevilleInterpolatorTest.java,C:\Users\simon\Documents\Code\thesis-code\commons-math-master\commons-math-legacy\src\main\java\org\apache\commons\math4\legacy\analysis\interpolation\NevilleInterpolator.java
commons-math-legacy,C:\Users\simon\Documents\Code\thesis-code\commons-math-master\commons-math-legacy\src\test\java\org\apache\commons\math4\legacy\analysis\interpolation\PiecewiseBicubicSplineInterpolatingFunctionTest.java,C:\Users\simon\Documents\Code\thesis-code\commons-math-master\commons-math-legacy\src\main\java\org\apache\commons\math4\legacy\analysis\interpolation\PiecewiseBicubicSplineInterpolatingFunction.java
commons-math-legacy,C:\Users\simon\Documents\Code\thesis-code\commons-math-master\commons-math-legacy\src\test\java\org\apache\commons\math4\legacy\analysis\interpolation\PiecewiseBicubicSplineInterpolatorTest.java,C:\Users\simon\Documents\Code\thesis-code\commons-math-master\commons-math-legacy\src\main\java\org\apache\commons\math4\legacy\analysis\interpolation\PiecewiseBicubicSplineInterpolator.java
commons-math-legacy,C:\Users\simon\Documents\Code\thesis-code\commons-math-master\commons-math-legacy\src\test\java\org\apache\commons\math4\legacy\analysis\interpolation\SplineInterpolatorTest.java,C:\Users\simon\Documents\Code\thesis-code\commons-math-master\commons-math-legacy\src\main\java\org\apache\commons\math4\legacy\analysis\interpolation\SplineInterpolator.java
commons-math-legacy,C:\Users\simon\Documents\Code\thesis-code\commons-math-master\commons-math-legacy\src\test\java\org\apache\commons\math4\legacy\analysis\interpolation\TricubicInterpolatingFunctionTest.java,C:\Users\simon\Documents\Code\thesis-code\commons-math-master\commons-math-legacy\src\main\java\org\apache\commons\math4\legacy\analysis\interpolation\TricubicInterpolatingFunction.java
commons-math-legacy,C:\Users\simon\Documents\Code\thesis-code\commons-math-master\commons-math-legacy\src\test\java\org\apache\commons\math4\legacy\analysis\interpolation\TricubicInterpolatorTest.java,C:\Users\simon\Documents\Code\thesis-code\commons-math-master\commons-math-legacy\src\main\java\org\apache\commons\math4\legacy\analysis\interpolation\TricubicInterpolator.java
commons-math-legacy,C:\Users\simon\Documents\Code\thesis-code\commons-math-master\commons-math-legacy\src\test\java\org\apache\commons\math4\legacy\analysis\interpolation\UnivariatePeriodicInterpolatorTest.java,C:\Users\simon\Documents\Code\thesis-code\commons-math-master\commons-math-legacy\src\main\java\org\apache\commons\math4\legacy\analysis\interpolation\UnivariatePeriodicInterpolator.java
commons-math-legacy,C:\Users\simon\Documents\Code\thesis-code\commons-math-master\commons-math-legacy\src\test\java\org\apache\commons\math4\legacy\analysis\polynomials\PolynomialFunctionLagrangeFormTest.java,C:\Users\simon\Documents\Code\thesis-code\commons-math-master\commons-math-legacy\src\main\java\org\apache\commons\math4\legacy\analysis\polynomials\PolynomialFunctionLagrangeForm.java
commons-math-legacy,C:\Users\simon\Documents\Code\thesis-code\commons-math-master\commons-math-legacy\src\test\java\org\apache\commons\math4\legacy\analysis\polynomials\PolynomialFunctionNewtonFormTest.java,C:\Users\simon\Documents\Code\thesis-code\commons-math-master\commons-math-legacy\src\main\java\org\apache\commons\math4\legacy\analysis\polynomials\PolynomialFunctionNewtonForm.java
commons-math-legacy,C:\Users\simon\Documents\Code\thesis-code\commons-math-master\commons-math-legacy\src\test\java\org\apache\commons\math4\legacy\analysis\polynomials\PolynomialFunctionTest.java,C:\Users\simon\Documents\Code\thesis-code\commons-math-master\commons-math-legacy\src\main\java\org\apache\commons\math4\legacy\analysis\polynomials\PolynomialFunction.java
commons-math-legacy,C:\Users\simon\Documents\Code\thesis-code\commons-math-master\commons-math-legacy\src\test\java\org\apache\commons\math4\legacy\analysis\polynomials\PolynomialSplineFunctionTest.java,C:\Users\simon\Documents\Code\thesis-code\commons-math-master\commons-math-legacy\src\main\java\org\apache\commons\math4\legacy\analysis\polynomials\PolynomialSplineFunction.java
commons-math-legacy,C:\Users\simon\Documents\Code\thesis-code\commons-math-master\commons-math-legacy\src\test\java\org\apache\commons\math4\legacy\analysis\polynomials\PolynomialsUtilsTest.java,
commons-math-legacy,C:\Users\simon\Documents\Code\thesis-code\commons-math-master\commons-math-legacy\src\test\java\org\apache\commons\math4\legacy\analysis\solvers\BaseSecantSolverAbstractTest.java,
commons-math-legacy,C:\Users\simon\Documents\Code\thesis-code\commons-math-master\commons-math-legacy\src\test\java\org\apache\commons\math4\legacy\analysis\solvers\BisectionSolverTest.java,C:\Users\simon\Documents\Code\thesis-code\commons-math-master\commons-math-legacy\src\main\java\org\apache\commons\math4\legacy\analysis\solvers\BisectionSolver.java
commons-math-legacy,C:\Users\simon\Documents\Code\thesis-code\commons-math-master\commons-math-legacy\src\test\java\org\apache\commons\math4\legacy\analysis\solvers\BracketingNthOrderBrentSolverTest.java,C:\Users\simon\Documents\Code\thesis-code\commons-math-master\commons-math-legacy\src\main\java\org\apache\commons\math4\legacy\analysis\solvers\BracketingNthOrderBrentSolver.java
commons-math-legacy,C:\Users\simon\Documents\Code\thesis-code\commons-math-master\commons-math-legacy\src\test\java\org\apache\commons\math4\legacy\analysis\solvers\BrentSolverTest.java,C:\Users\simon\Documents\Code\thesis-code\commons-math-master\commons-math-legacy\src\main\java\org\apache\commons\math4\legacy\analysis\solvers\BrentSolver.java
commons-math-legacy,C:\Users\simon\Documents\Code\thesis-code\commons-math-master\commons-math-legacy\src\test\java\org\apache\commons\math4\legacy\analysis\solvers\FieldBracketingNthOrderBrentSolverTest.java,C:\Users\simon\Documents\Code\thesis-code\commons-math-master\commons-math-legacy\src\main\java\org\apache\commons\math4\legacy\analysis\solvers\FieldBracketingNthOrderBrentSolver.java
commons-math-legacy,C:\Users\simon\Documents\Code\thesis-code\commons-math-master\commons-math-legacy\src\test\java\org\apache\commons\math4\legacy\analysis\solvers\IllinoisSolverTest.java,C:\Users\simon\Documents\Code\thesis-code\commons-math-master\commons-math-legacy\src\main\java\org\apache\commons\math4\legacy\analysis\solvers\IllinoisSolver.java
commons-math-legacy,C:\Users\simon\Documents\Code\thesis-code\commons-math-master\commons-math-legacy\src\test\java\org\apache\commons\math4\legacy\analysis\solvers\LaguerreSolverTest.java,C:\Users\simon\Documents\Code\thesis-code\commons-math-master\commons-math-legacy\src\main\java\org\apache\commons\math4\legacy\analysis\solvers\LaguerreSolver.java
commons-math-legacy,C:\Users\simon\Documents\Code\thesis-code\commons-math-master\commons-math-legacy\src\test\java\org\apache\commons\math4\legacy\analysis\solvers\MullerSolver2Test.java,C:\Users\simon\Documents\Code\thesis-code\commons-math-master\commons-math-legacy\src\main\java\org\apache\commons\math4\legacy\analysis\solvers\MullerSolver2.java
commons-math-legacy,C:\Users\simon\Documents\Code\thesis-code\commons-math-master\commons-math-legacy\src\test\java\org\apache\commons\math4\legacy\analysis\solvers\MullerSolverTest.java,C:\Users\simon\Documents\Code\thesis-code\commons-math-master\commons-math-legacy\src\main\java\org\apache\commons\math4\legacy\analysis\solvers\MullerSolver.java
commons-math-legacy,C:\Users\simon\Documents\Code\thesis-code\commons-math-master\commons-math-legacy\src\test\java\org\apache\commons\math4\legacy\analysis\solvers\NewtonRaphsonSolverTest.java,C:\Users\simon\Documents\Code\thesis-code\commons-math-master\commons-math-legacy\src\main\java\org\apache\commons\math4\legacy\analysis\solvers\NewtonRaphsonSolver.java
commons-math-legacy,C:\Users\simon\Documents\Code\thesis-code\commons-math-master\commons-math-legacy\src\test\java\org\apache\commons\math4\legacy\analysis\solvers\PegasusSolverTest.java,C:\Users\simon\Documents\Code\thesis-code\commons-math-master\commons-math-legacy\src\main\java\org\apache\commons\math4\legacy\analysis\solvers\PegasusSolver.java
commons-math-legacy,C:\Users\simon\Documents\Code\thesis-code\commons-math-master\commons-math-legacy\src\test\java\org\apache\commons\math4\legacy\analysis\solvers\RegulaFalsiSolverTest.java,C:\Users\simon\Documents\Code\thesis-code\commons-math-master\commons-math-legacy\src\main\java\org\apache\commons\math4\legacy\analysis\solvers\RegulaFalsiSolver.java
commons-math-legacy,C:\Users\simon\Documents\Code\thesis-code\commons-math-master\commons-math-legacy\src\test\java\org\apache\commons\math4\legacy\analysis\solvers\RiddersSolverTest.java,C:\Users\simon\Documents\Code\thesis-code\commons-math-master\commons-math-legacy\src\main\java\org\apache\commons\math4\legacy\analysis\solvers\RiddersSolver.java
commons-math-legacy,C:\Users\simon\Documents\Code\thesis-code\commons-math-master\commons-math-legacy\src\test\java\org\apache\commons\math4\legacy\analysis\solvers\SecantSolverTest.java,C:\Users\simon\Documents\Code\thesis-code\commons-math-master\commons-math-legacy\src\main\java\org\apache\commons\math4\legacy\analysis\solvers\SecantSolver.java
commons-math-legacy,C:\Users\simon\Documents\Code\thesis-code\commons-math-master\commons-math-legacy\src\test\java\org\apache\commons\math4\legacy\analysis\solvers\UnivariateSolverUtilsTest.java,C:\Users\simon\Documents\Code\thesis-code\commons-math-master\commons-math-legacy\src\main\java\org\apache\commons\math4\legacy\analysis\solvers\UnivariateSolverUtils.java
commons-math-legacy,C:\Users\simon\Documents\Code\thesis-code\commons-math-master\commons-math-legacy\src\test\java\org\apache\commons\math4\legacy\distribution\AbstractIntegerDistributionTest.java,C:\Users\simon\Documents\Code\thesis-code\commons-math-master\commons-math-legacy\src\main\java\org\apache\commons\math4\legacy\distribution\AbstractIntegerDistribution.java
commons-math-legacy,C:\Users\simon\Documents\Code\thesis-code\commons-math-master\commons-math-legacy\src\test\java\org\apache\commons\math4\legacy\distribution\EmpiricalDistributionTest.java,C:\Users\simon\Documents\Code\thesis-code\commons-math-master\commons-math-legacy\src\main\java\org\apache\commons\math4\legacy\distribution\EmpiricalDistribution.java
commons-math-legacy,C:\Users\simon\Documents\Code\thesis-code\commons-math-master\commons-math-legacy\src\test\java\org\apache\commons\math4\legacy\distribution\EnumeratedIntegerDistributionTest.java,C:\Users\simon\Documents\Code\thesis-code\commons-math-master\commons-math-legacy\src\main\java\org\apache\commons\math4\legacy\distribution\EnumeratedIntegerDistribution.java
commons-math-legacy,C:\Users\simon\Documents\Code\thesis-code\commons-math-master\commons-math-legacy\src\test\java\org\apache\commons\math4\legacy\distribution\EnumeratedRealDistributionTest.java,C:\Users\simon\Documents\Code\thesis-code\commons-math-master\commons-math-legacy\src\main\java\org\apache\commons\math4\legacy\distribution\EnumeratedRealDistribution.java
commons-math-legacy,C:\Users\simon\Documents\Code\thesis-code\commons-math-master\commons-math-legacy\src\test\java\org\apache\commons\math4\legacy\distribution\fitting\MultivariateNormalMixtureExpectationMaximizationTest.java,C:\Users\simon\Documents\Code\thesis-code\commons-math-master\commons-math-legacy\src\main\java\org\apache\commons\math4\legacy\distribution\fitting\MultivariateNormalMixtureExpectationMaximization.java
commons-math-legacy,C:\Users\simon\Documents\Code\thesis-code\commons-math-master\commons-math-legacy\src\test\java\org\apache\commons\math4\legacy\distribution\IntegerDistributionAbstractTest.java,
commons-math-legacy,C:\Users\simon\Documents\Code\thesis-code\commons-math-master\commons-math-legacy\src\test\java\org\apache\commons\math4\legacy\distribution\MixtureMultivariateNormalDistributionTest.java,C:\Users\simon\Documents\Code\thesis-code\commons-math-master\commons-math-legacy\src\main\java\org\apache\commons\math4\legacy\distribution\MixtureMultivariateNormalDistribution.java
commons-math-legacy,C:\Users\simon\Documents\Code\thesis-code\commons-math-master\commons-math-legacy\src\test\java\org\apache\commons\math4\legacy\distribution\MultivariateNormalDistributionTest.java,C:\Users\simon\Documents\Code\thesis-code\commons-math-master\commons-math-legacy\src\main\java\org\apache\commons\math4\legacy\distribution\MultivariateNormalDistribution.java
commons-math-legacy,C:\Users\simon\Documents\Code\thesis-code\commons-math-master\commons-math-legacy\src\test\java\org\apache\commons\math4\legacy\distribution\RealDistributionAbstractTest.java,
commons-math-legacy,C:\Users\simon\Documents\Code\thesis-code\commons-math-master\commons-math-legacy\src\test\java\org\apache\commons\math4\legacy\field\ExtendedFieldElementAbstractTest.java,
commons-math-legacy,C:\Users\simon\Documents\Code\thesis-code\commons-math-master\commons-math-legacy\src\test\java\org\apache\commons\math4\legacy\field\linalg\FieldLUDecompositionTest.java,C:\Users\simon\Documents\Code\thesis-code\commons-math-master\commons-math-legacy\src\main\java\org\apache\commons\math4\legacy\field\linalg\FieldLUDecomposition.java
commons-math-legacy,C:\Users\simon\Documents\Code\thesis-code\commons-math-master\commons-math-legacy\src\test\java\org\apache\commons\math4\legacy\field\linalg\FP64FieldDenseMatrixTest.java,
commons-math-legacy,C:\Users\simon\Documents\Code\thesis-code\commons-math-master\commons-math-legacy\src\test\java\org\apache\commons\math4\legacy\filter\KalmanFilterTest.java,C:\Users\simon\Documents\Code\thesis-code\commons-math-master\commons-math-legacy\src\main\java\org\apache\commons\math4\legacy\filter\KalmanFilter.java
commons-math-legacy,C:\Users\simon\Documents\Code\thesis-code\commons-math-master\commons-math-legacy\src\test\java\org\apache\commons\math4\legacy\fitting\GaussianCurveFitterTest.java,C:\Users\simon\Documents\Code\thesis-code\commons-math-master\commons-math-legacy\src\main\java\org\apache\commons\math4\legacy\fitting\GaussianCurveFitter.java
commons-math-legacy,C:\Users\simon\Documents\Code\thesis-code\commons-math-master\commons-math-legacy\src\test\java\org\apache\commons\math4\legacy\fitting\HarmonicCurveFitterTest.java,C:\Users\simon\Documents\Code\thesis-code\commons-math-master\commons-math-legacy\src\main\java\org\apache\commons\math4\legacy\fitting\HarmonicCurveFitter.java
commons-math-legacy,C:\Users\simon\Documents\Code\thesis-code\commons-math-master\commons-math-legacy\src\test\java\org\apache\commons\math4\legacy\fitting\leastsquares\AbstractLeastSquaresOptimizerAbstractTest.java,
commons-math-legacy,C:\Users\simon\Documents\Code\thesis-code\commons-math-master\commons-math-legacy\src\test\java\org\apache\commons\math4\legacy\fitting\leastsquares\DifferentiatorVectorMultivariateJacobianFunctionTest.java,C:\Users\simon\Documents\Code\thesis-code\commons-math-master\commons-math-legacy\src\main\java\org\apache\commons\math4\legacy\fitting\leastsquares\DifferentiatorVectorMultivariateJacobianFunction.java
commons-math-legacy,C:\Users\simon\Documents\Code\thesis-code\commons-math-master\commons-math-legacy\src\test\java\org\apache\commons\math4\legacy\fitting\leastsquares\EvaluationRmsCheckerTest.java,C:\Users\simon\Documents\Code\thesis-code\commons-math-master\commons-math-legacy\src\main\java\org\apache\commons\math4\legacy\fitting\leastsquares\EvaluationRmsChecker.java
commons-math-legacy,C:\Users\simon\Documents\Code\thesis-code\commons-math-master\commons-math-legacy\src\test\java\org\apache\commons\math4\legacy\fitting\leastsquares\EvaluationTest.java,
commons-math-legacy,C:\Users\simon\Documents\Code\thesis-code\commons-math-master\commons-math-legacy\src\test\java\org\apache\commons\math4\legacy\fitting\leastsquares\GaussNewtonOptimizerWithCholeskyTest.java,
commons-math-legacy,C:\Users\simon\Documents\Code\thesis-code\commons-math-master\commons-math-legacy\src\test\java\org\apache\commons\math4\legacy\fitting\leastsquares\GaussNewtonOptimizerWithLUTest.java,
commons-math-legacy,C:\Users\simon\Documents\Code\thesis-code\commons-math-master\commons-math-legacy\src\test\java\org\apache\commons\math4\legacy\fitting\leastsquares\GaussNewtonOptimizerWithQRTest.java,
commons-math-legacy,C:\Users\simon\Documents\Code\thesis-code\commons-math-master\commons-math-legacy\src\test\java\org\apache\commons\math4\legacy\fitting\leastsquares\GaussNewtonOptimizerWithSVDTest.java,
commons-math-legacy,C:\Users\simon\Documents\Code\thesis-code\commons-math-master\commons-math-legacy\src\test\java\org\apache\commons\math4\legacy\fitting\leastsquares\LevenbergMarquardtOptimizerTest.java,C:\Users\simon\Documents\Code\thesis-code\commons-math-master\commons-math-legacy\src\main\java\org\apache\commons\math4\legacy\fitting\leastsquares\LevenbergMarquardtOptimizer.java
commons-math-legacy,C:\Users\simon\Documents\Code\thesis-code\commons-math-master\commons-math-legacy\src\test\java\org\apache\commons\math4\legacy\fitting\leastsquares\MinpackTest.java,
commons-math-legacy,C:\Users\simon\Documents\Code\thesis-code\commons-math-master\commons-math-legacy\src\test\java\org\apache\commons\math4\legacy\fitting\PolynomialCurveFitterTest.java,C:\Users\simon\Documents\Code\thesis-code\commons-math-master\commons-math-legacy\src\main\java\org\apache\commons\math4\legacy\fitting\PolynomialCurveFitter.java
commons-math-legacy,C:\Users\simon\Documents\Code\thesis-code\commons-math-master\commons-math-legacy\src\test\java\org\apache\commons\math4\legacy\fitting\SimpleCurveFitterTest.java,C:\Users\simon\Documents\Code\thesis-code\commons-math-master\commons-math-legacy\src\main\java\org\apache\commons\math4\legacy\fitting\SimpleCurveFitter.java
commons-math-legacy,C:\Users\simon\Documents\Code\thesis-code\commons-math-master\commons-math-legacy\src\test\java\org\apache\commons\math4\legacy\fitting\WeightedObservedPointsTest.java,C:\Users\simon\Documents\Code\thesis-code\commons-math-master\commons-math-legacy\src\main\java\org\apache\commons\math4\legacy\fitting\WeightedObservedPoints.java
commons-math-legacy,C:\Users\simon\Documents\Code\thesis-code\commons-math-master\commons-math-legacy\src\test\java\org\apache\commons\math4\legacy\genetics\BinaryChromosomeTest.java,C:\Users\simon\Documents\Code\thesis-code\commons-math-master\commons-math-legacy\src\main\java\org\apache\commons\math4\legacy\genetics\BinaryChromosome.java
commons-math-legacy,C:\Users\simon\Documents\Code\thesis-code\commons-math-master\commons-math-legacy\src\test\java\org\apache\commons\math4\legacy\genetics\BinaryMutationTest.java,C:\Users\simon\Documents\Code\thesis-code\commons-math-master\commons-math-legacy\src\main\java\org\apache\commons\math4\legacy\genetics\BinaryMutation.java
commons-math-legacy,C:\Users\simon\Documents\Code\thesis-code\commons-math-master\commons-math-legacy\src\test\java\org\apache\commons\math4\legacy\genetics\ChromosomeTest.java,C:\Users\simon\Documents\Code\thesis-code\commons-math-master\commons-math-legacy\src\main\java\org\apache\commons\math4\legacy\genetics\Chromosome.java
commons-math-legacy,C:\Users\simon\Documents\Code\thesis-code\commons-math-master\commons-math-legacy\src\test\java\org\apache\commons\math4\legacy\genetics\CycleCrossoverTest.java,C:\Users\simon\Documents\Code\thesis-code\commons-math-master\commons-math-legacy\src\main\java\org\apache\commons\math4\legacy\genetics\CycleCrossover.java
commons-math-legacy,C:\Users\simon\Documents\Code\thesis-code\commons-math-master\commons-math-legacy\src\test\java\org\apache\commons\math4\legacy\genetics\ElitisticListPopulationTest.java,C:\Users\simon\Documents\Code\thesis-code\commons-math-master\commons-math-legacy\src\main\java\org\apache\commons\math4\legacy\genetics\ElitisticListPopulation.java
commons-math-legacy,C:\Users\simon\Documents\Code\thesis-code\commons-math-master\commons-math-legacy\src\test\java\org\apache\commons\math4\legacy\genetics\FitnessCachingTest.java,
commons-math-legacy,C:\Users\simon\Documents\Code\thesis-code\commons-math-master\commons-math-legacy\src\test\java\org\apache\commons\math4\legacy\genetics\FixedElapsedTimeTest.java,C:\Users\simon\Documents\Code\thesis-code\commons-math-master\commons-math-legacy\src\main\java\org\apache\commons\math4\legacy\genetics\FixedElapsedTime.java
commons-math-legacy,C:\Users\simon\Documents\Code\thesis-code\commons-math-master\commons-math-legacy\src\test\java\org\apache\commons\math4\legacy\genetics\FixedGenerationCountTest.java,C:\Users\simon\Documents\Code\thesis-code\commons-math-master\commons-math-legacy\src\main\java\org\apache\commons\math4\legacy\genetics\FixedGenerationCount.java
commons-math-legacy,C:\Users\simon\Documents\Code\thesis-code\commons-math-master\commons-math-legacy\src\test\java\org\apache\commons\math4\legacy\genetics\ListPopulationTest.java,C:\Users\simon\Documents\Code\thesis-code\commons-math-master\commons-math-legacy\src\main\java\org\apache\commons\math4\legacy\genetics\ListPopulation.java
commons-math-legacy,C:\Users\simon\Documents\Code\thesis-code\commons-math-master\commons-math-legacy\src\test\java\org\apache\commons\math4\legacy\genetics\NPointCrossoverTest.java,C:\Users\simon\Documents\Code\thesis-code\commons-math-master\commons-math-legacy\src\main\java\org\apache\commons\math4\legacy\genetics\NPointCrossover.java
commons-math-legacy,C:\Users\simon\Documents\Code\thesis-code\commons-math-master\commons-math-legacy\src\test\java\org\apache\commons\math4\legacy\genetics\OnePointCrossoverTest.java,C:\Users\simon\Documents\Code\thesis-code\commons-math-master\commons-math-legacy\src\main\java\org\apache\commons\math4\legacy\genetics\OnePointCrossover.java
commons-math-legacy,C:\Users\simon\Documents\Code\thesis-code\commons-math-master\commons-math-legacy\src\test\java\org\apache\commons\math4\legacy\genetics\OrderedCrossoverTest.java,C:\Users\simon\Documents\Code\thesis-code\commons-math-master\commons-math-legacy\src\main\java\org\apache\commons\math4\legacy\genetics\OrderedCrossover.java
commons-math-legacy,C:\Users\simon\Documents\Code\thesis-code\commons-math-master\commons-math-legacy\src\test\java\org\apache\commons\math4\legacy\genetics\RandomKeyMutationTest.java,C:\Users\simon\Documents\Code\thesis-code\commons-math-master\commons-math-legacy\src\main\java\org\apache\commons\math4\legacy\genetics\RandomKeyMutation.java
commons-math-legacy,C:\Users\simon\Documents\Code\thesis-code\commons-math-master\commons-math-legacy\src\test\java\org\apache\commons\math4\legacy\genetics\RandomKeyTest.java,C:\Users\simon\Documents\Code\thesis-code\commons-math-master\commons-math-legacy\src\main\java\org\apache\commons\math4\legacy\genetics\RandomKey.java
commons-math-legacy,C:\Users\simon\Documents\Code\thesis-code\commons-math-master\commons-math-legacy\src\test\java\org\apache\commons\math4\legacy\genetics\TournamentSelectionTest.java,C:\Users\simon\Documents\Code\thesis-code\commons-math-master\commons-math-legacy\src\main\java\org\apache\commons\math4\legacy\genetics\TournamentSelection.java
commons-math-legacy,C:\Users\simon\Documents\Code\thesis-code\commons-math-master\commons-math-legacy\src\test\java\org\apache\commons\math4\legacy\genetics\UniformCrossoverTest.java,C:\Users\simon\Documents\Code\thesis-code\commons-math-master\commons-math-legacy\src\main\java\org\apache\commons\math4\legacy\genetics\UniformCrossover.java
commons-math-legacy,C:\Users\simon\Documents\Code\thesis-code\commons-math-master\commons-math-legacy\src\test\java\org\apache\commons\math4\legacy\linear\Array2DRowRealMatrixTest.java,C:\Users\simon\Documents\Code\thesis-code\commons-math-master\commons-math-legacy\src\main\java\org\apache\commons\math4\legacy\linear\Array2DRowRealMatrix.java
commons-math-legacy,C:\Users\simon\Documents\Code\thesis-code\commons-math-master\commons-math-legacy\src\test\java\org\apache\commons\math4\legacy\linear\ArrayFieldVectorTest.java,C:\Users\simon\Documents\Code\thesis-code\commons-math-master\commons-math-legacy\src\main\java\org\apache\commons\math4\legacy\linear\ArrayFieldVector.java
commons-math-legacy,C:\Users\simon\Documents\Code\thesis-code\commons-math-master\commons-math-legacy\src\test\java\org\apache\commons\math4\legacy\linear\ArrayRealVectorTest.java,C:\Users\simon\Documents\Code\thesis-code\commons-math-master\commons-math-legacy\src\main\java\org\apache\commons\math4\legacy\linear\ArrayRealVector.java
commons-math-legacy,C:\Users\simon\Documents\Code\thesis-code\commons-math-master\commons-math-legacy\src\test\java\org\apache\commons\math4\legacy\linear\BiDiagonalTransformerTest.java,C:\Users\simon\Documents\Code\thesis-code\commons-math-master\commons-math-legacy\src\main\java\org\apache\commons\math4\legacy\linear\BiDiagonalTransformer.java
commons-math-legacy,C:\Users\simon\Documents\Code\thesis-code\commons-math-master\commons-math-legacy\src\test\java\org\apache\commons\math4\legacy\linear\BigRealFieldTest.java,C:\Users\simon\Documents\Code\thesis-code\commons-math-master\commons-math-legacy\src\main\java\org\apache\commons\math4\legacy\linear\BigRealField.java
commons-math-legacy,C:\Users\simon\Documents\Code\thesis-code\commons-math-master\commons-math-legacy\src\test\java\org\apache\commons\math4\legacy\linear\BigRealTest.java,C:\Users\simon\Documents\Code\thesis-code\commons-math-master\commons-math-legacy\src\main\java\org\apache\commons\math4\legacy\linear\BigReal.java
commons-math-legacy,C:\Users\simon\Documents\Code\thesis-code\commons-math-master\commons-math-legacy\src\test\java\org\apache\commons\math4\legacy\linear\BlockFieldMatrixTest.java,C:\Users\simon\Documents\Code\thesis-code\commons-math-master\commons-math-legacy\src\main\java\org\apache\commons\math4\legacy\linear\BlockFieldMatrix.java
commons-math-legacy,C:\Users\simon\Documents\Code\thesis-code\commons-math-master\commons-math-legacy\src\test\java\org\apache\commons\math4\legacy\linear\BlockRealMatrixTest.java,C:\Users\simon\Documents\Code\thesis-code\commons-math-master\commons-math-legacy\src\main\java\org\apache\commons\math4\legacy\linear\BlockRealMatrix.java
commons-math-legacy,C:\Users\simon\Documents\Code\thesis-code\commons-math-master\commons-math-legacy\src\test\java\org\apache\commons\math4\legacy\linear\CholeskyDecompositionTest.java,C:\Users\simon\Documents\Code\thesis-code\commons-math-master\commons-math-legacy\src\main\java\org\apache\commons\math4\legacy\linear\CholeskyDecomposition.java
commons-math-legacy,C:\Users\simon\Documents\Code\thesis-code\commons-math-master\commons-math-legacy\src\test\java\org\apache\commons\math4\legacy\linear\CholeskySolverTest.java,
commons-math-legacy,C:\Users\simon\Documents\Code\thesis-code\commons-math-master\commons-math-legacy\src\test\java\org\apache\commons\math4\legacy\linear\ConjugateGradientTest.java,C:\Users\simon\Documents\Code\thesis-code\commons-math-master\commons-math-legacy\src\main\java\org\apache\commons\math4\legacy\linear\ConjugateGradient.java
commons-math-legacy,C:\Users\simon\Documents\Code\thesis-code\commons-math-master\commons-math-legacy\src\test\java\org\apache\commons\math4\legacy\linear\DiagonalMatrixTest.java,C:\Users\simon\Documents\Code\thesis-code\commons-math-master\commons-math-legacy\src\main\java\org\apache\commons\math4\legacy\linear\DiagonalMatrix.java
commons-math-legacy,C:\Users\simon\Documents\Code\thesis-code\commons-math-master\commons-math-legacy\src\test\java\org\apache\commons\math4\legacy\linear\EigenDecompositionTest.java,C:\Users\simon\Documents\Code\thesis-code\commons-math-master\commons-math-legacy\src\main\java\org\apache\commons\math4\legacy\linear\EigenDecomposition.java
commons-math-legacy,C:\Users\simon\Documents\Code\thesis-code\commons-math-master\commons-math-legacy\src\test\java\org\apache\commons\math4\legacy\linear\EigenSolverTest.java,
commons-math-legacy,C:\Users\simon\Documents\Code\thesis-code\commons-math-master\commons-math-legacy\src\test\java\org\apache\commons\math4\legacy\linear\FieldLUDecompositionTest.java,C:\Users\simon\Documents\Code\thesis-code\commons-math-master\commons-math-legacy\src\main\java\org\apache\commons\math4\legacy\field\linalg\FieldLUDecomposition.java
commons-math-legacy,C:\Users\simon\Documents\Code\thesis-code\commons-math-master\commons-math-legacy\src\test\java\org\apache\commons\math4\legacy\linear\FieldLUSolverTest.java,
commons-math-legacy,C:\Users\simon\Documents\Code\thesis-code\commons-math-master\commons-math-legacy\src\test\java\org\apache\commons\math4\legacy\linear\FieldMatrixImplTest.java,
commons-math-legacy,C:\Users\simon\Documents\Code\thesis-code\commons-math-master\commons-math-legacy\src\test\java\org\apache\commons\math4\legacy\linear\FrenchRealVectorFormatTest.java,
commons-math-legacy,C:\Users\simon\Documents\Code\thesis-code\commons-math-master\commons-math-legacy\src\test\java\org\apache\commons\math4\legacy\linear\HessenbergTransformerTest.java,C:\Users\simon\Documents\Code\thesis-code\commons-math-master\commons-math-legacy\src\main\java\org\apache\commons\math4\legacy\linear\HessenbergTransformer.java
commons-math-legacy,C:\Users\simon\Documents\Code\thesis-code\commons-math-master\commons-math-legacy\src\test\java\org\apache\commons\math4\legacy\linear\LUDecompositionTest.java,C:\Users\simon\Documents\Code\thesis-code\commons-math-master\commons-math-legacy\src\main\java\org\apache\commons\math4\legacy\linear\LUDecomposition.java
commons-math-legacy,C:\Users\simon\Documents\Code\thesis-code\commons-math-master\commons-math-legacy\src\test\java\org\apache\commons\math4\legacy\linear\LUSolverTest.java,
commons-math-legacy,C:\Users\simon\Documents\Code\thesis-code\commons-math-master\commons-math-legacy\src\test\java\org\apache\commons\math4\legacy\linear\MatrixDimensionMismatchExceptionTest.java,C:\Users\simon\Documents\Code\thesis-code\commons-math-master\commons-math-legacy\src\main\java\org\apache\commons\math4\legacy\linear\MatrixDimensionMismatchException.java
commons-math-legacy,C:\Users\simon\Documents\Code\thesis-code\commons-math-master\commons-math-legacy\src\test\java\org\apache\commons\math4\legacy\linear\MatrixUtilsTest.java,C:\Users\simon\Documents\Code\thesis-code\commons-math-master\commons-math-legacy\src\main\java\org\apache\commons\math4\legacy\linear\MatrixUtils.java
commons-math-legacy,C:\Users\simon\Documents\Code\thesis-code\commons-math-master\commons-math-legacy\src\test\java\org\apache\commons\math4\legacy\linear\OpenIntToDoubleHashMapTest.java,C:\Users\simon\Documents\Code\thesis-code\commons-math-master\commons-math-legacy\src\main\java\org\apache\commons\math4\legacy\linear\OpenIntToDoubleHashMap.java
commons-math-legacy,C:\Users\simon\Documents\Code\thesis-code\commons-math-master\commons-math-legacy\src\test\java\org\apache\commons\math4\legacy\linear\OpenIntToFieldTest.java,
commons-math-legacy,C:\Users\simon\Documents\Code\thesis-code\commons-math-master\commons-math-legacy\src\test\java\org\apache\commons\math4\legacy\linear\OpenMapRealMatrixTest.java,C:\Users\simon\Documents\Code\thesis-code\commons-math-master\commons-math-legacy\src\main\java\org\apache\commons\math4\legacy\linear\OpenMapRealMatrix.java
commons-math-legacy,C:\Users\simon\Documents\Code\thesis-code\commons-math-master\commons-math-legacy\src\test\java\org\apache\commons\math4\legacy\linear\QRDecompositionTest.java,C:\Users\simon\Documents\Code\thesis-code\commons-math-master\commons-math-legacy\src\main\java\org\apache\commons\math4\legacy\linear\QRDecomposition.java
commons-math-legacy,C:\Users\simon\Documents\Code\thesis-code\commons-math-master\commons-math-legacy\src\test\java\org\apache\commons\math4\legacy\linear\QRSolverTest.java,
commons-math-legacy,C:\Users\simon\Documents\Code\thesis-code\commons-math-master\commons-math-legacy\src\test\java\org\apache\commons\math4\legacy\linear\RealMatrixFormatAbstractTest.java,
commons-math-legacy,C:\Users\simon\Documents\Code\thesis-code\commons-math-master\commons-math-legacy\src\test\java\org\apache\commons\math4\legacy\linear\RealMatrixFormatTest.java,C:\Users\simon\Documents\Code\thesis-code\commons-math-master\commons-math-legacy\src\main\java\org\apache\commons\math4\legacy\linear\RealMatrixFormat.java
commons-math-legacy,C:\Users\simon\Documents\Code\thesis-code\commons-math-master\commons-math-legacy\src\test\java\org\apache\commons\math4\legacy\linear\RealVectorAbstractTest.java,
commons-math-legacy,C:\Users\simon\Documents\Code\thesis-code\commons-math-master\commons-math-legacy\src\test\java\org\apache\commons\math4\legacy\linear\RealVectorFormatAbstractTest.java,
commons-math-legacy,C:\Users\simon\Documents\Code\thesis-code\commons-math-master\commons-math-legacy\src\test\java\org\apache\commons\math4\legacy\linear\RealVectorFormatTest.java,C:\Users\simon\Documents\Code\thesis-code\commons-math-master\commons-math-legacy\src\main\java\org\apache\commons\math4\legacy\linear\RealVectorFormat.java
commons-math-legacy,C:\Users\simon\Documents\Code\thesis-code\commons-math-master\commons-math-legacy\src\test\java\org\apache\commons\math4\legacy\linear\RealVectorTest.java,C:\Users\simon\Documents\Code\thesis-code\commons-math-master\commons-math-legacy\src\main\java\org\apache\commons\math4\legacy\linear\RealVector.java
commons-math-legacy,C:\Users\simon\Documents\Code\thesis-code\commons-math-master\commons-math-legacy\src\test\java\org\apache\commons\math4\legacy\linear\RectangularCholeskyDecompositionTest.java,C:\Users\simon\Documents\Code\thesis-code\commons-math-master\commons-math-legacy\src\main\java\org\apache\commons\math4\legacy\linear\RectangularCholeskyDecomposition.java
commons-math-legacy,C:\Users\simon\Documents\Code\thesis-code\commons-math-master\commons-math-legacy\src\test\java\org\apache\commons\math4\legacy\linear\RRQRDecompositionTest.java,C:\Users\simon\Documents\Code\thesis-code\commons-math-master\commons-math-legacy\src\main\java\org\apache\commons\math4\legacy\linear\RRQRDecomposition.java
commons-math-legacy,C:\Users\simon\Documents\Code\thesis-code\commons-math-master\commons-math-legacy\src\test\java\org\apache\commons\math4\legacy\linear\RRQRSolverTest.java,
commons-math-legacy,C:\Users\simon\Documents\Code\thesis-code\commons-math-master\commons-math-legacy\src\test\java\org\apache\commons\math4\legacy\linear\SchurTransformerTest.java,C:\Users\simon\Documents\Code\thesis-code\commons-math-master\commons-math-legacy\src\main\java\org\apache\commons\math4\legacy\linear\SchurTransformer.java
commons-math-legacy,C:\Users\simon\Documents\Code\thesis-code\commons-math-master\commons-math-legacy\src\test\java\org\apache\commons\math4\legacy\linear\SingularValueDecompositionTest.java,C:\Users\simon\Documents\Code\thesis-code\commons-math-master\commons-math-legacy\src\main\java\org\apache\commons\math4\legacy\linear\SingularValueDecomposition.java
commons-math-legacy,C:\Users\simon\Documents\Code\thesis-code\commons-math-master\commons-math-legacy\src\test\java\org\apache\commons\math4\legacy\linear\SingularValueSolverTest.java,
commons-math-legacy,C:\Users\simon\Documents\Code\thesis-code\commons-math-master\commons-math-legacy\src\test\java\org\apache\commons\math4\legacy\linear\SparseFieldMatrixTest.java,C:\Users\simon\Documents\Code\thesis-code\commons-math-master\commons-math-legacy\src\main\java\org\apache\commons\math4\legacy\linear\SparseFieldMatrix.java
commons-math-legacy,C:\Users\simon\Documents\Code\thesis-code\commons-math-master\commons-math-legacy\src\test\java\org\apache\commons\math4\legacy\linear\SparseFieldVectorTest.java,C:\Users\simon\Documents\Code\thesis-code\commons-math-master\commons-math-legacy\src\main\java\org\apache\commons\math4\legacy\linear\SparseFieldVector.java
commons-math-legacy,C:\Users\simon\Documents\Code\thesis-code\commons-math-master\commons-math-legacy\src\test\java\org\apache\commons\math4\legacy\linear\SparseRealMatrixTest.java,
commons-math-legacy,C:\Users\simon\Documents\Code\thesis-code\commons-math-master\commons-math-legacy\src\test\java\org\apache\commons\math4\legacy\linear\SparseRealVectorTest.java,C:\Users\simon\Documents\Code\thesis-code\commons-math-master\commons-math-legacy\src\main\java\org\apache\commons\math4\legacy\linear\SparseRealVector.java
commons-math-legacy,C:\Users\simon\Documents\Code\thesis-code\commons-math-master\commons-math-legacy\src\test\java\org\apache\commons\math4\legacy\linear\SymmLQTest.java,C:\Users\simon\Documents\Code\thesis-code\commons-math-master\commons-math-legacy\src\main\java\org\apache\commons\math4\legacy\linear\SymmLQ.java
commons-math-legacy,C:\Users\simon\Documents\Code\thesis-code\commons-math-master\commons-math-legacy\src\test\java\org\apache\commons\math4\legacy\linear\TriDiagonalTransformerTest.java,C:\Users\simon\Documents\Code\thesis-code\commons-math-master\commons-math-legacy\src\main\java\org\apache\commons\math4\legacy\linear\TriDiagonalTransformer.java
commons-math-legacy,C:\Users\simon\Documents\Code\thesis-code\commons-math-master\commons-math-legacy\src\test\java\org\apache\commons\math4\legacy\linear\UnmodifiableArrayRealVectorTest.java,
commons-math-legacy,C:\Users\simon\Documents\Code\thesis-code\commons-math-master\commons-math-legacy\src\test\java\org\apache\commons\math4\legacy\linear\UnmodifiableOpenMapRealVectorTest.java,
commons-math-legacy,C:\Users\simon\Documents\Code\thesis-code\commons-math-master\commons-math-legacy\src\test\java\org\apache\commons\math4\legacy\linear\UnmodifiableRealVectorAbstractTest.java,
commons-math-legacy,C:\Users\simon\Documents\Code\thesis-code\commons-math-master\commons-math-legacy\src\test\java\org\apache\commons\math4\legacy\ml\clustering\DBSCANClustererTest.java,C:\Users\simon\Documents\Code\thesis-code\commons-math-master\commons-math-legacy\src\main\java\org\apache\commons\math4\legacy\ml\clustering\DBSCANClusterer.java
commons-math-legacy,C:\Users\simon\Documents\Code\thesis-code\commons-math-master\commons-math-legacy\src\test\java\org\apache\commons\math4\legacy\ml\clustering\ElkanKMeansPlusPlusClustererTest.java,C:\Users\simon\Documents\Code\thesis-code\commons-math-master\commons-math-legacy\src\main\java\org\apache\commons\math4\legacy\ml\clustering\ElkanKMeansPlusPlusClusterer.java
commons-math-legacy,C:\Users\simon\Documents\Code\thesis-code\commons-math-master\commons-math-legacy\src\test\java\org\apache\commons\math4\legacy\ml\clustering\evaluation\CalinskiHarabaszTest.java,C:\Users\simon\Documents\Code\thesis-code\commons-math-master\commons-math-legacy\src\main\java\org\apache\commons\math4\legacy\ml\clustering\evaluation\CalinskiHarabasz.java
commons-math-legacy,C:\Users\simon\Documents\Code\thesis-code\commons-math-master\commons-math-legacy\src\test\java\org\apache\commons\math4\legacy\ml\clustering\evaluation\SumOfClusterVariancesTest.java,C:\Users\simon\Documents\Code\thesis-code\commons-math-master\commons-math-legacy\src\main\java\org\apache\commons\math4\legacy\ml\clustering\evaluation\SumOfClusterVariances.java
commons-math-legacy,C:\Users\simon\Documents\Code\thesis-code\commons-math-master\commons-math-legacy\src\test\java\org\apache\commons\math4\legacy\ml\clustering\FuzzyKMeansClustererTest.java,C:\Users\simon\Documents\Code\thesis-code\commons-math-master\commons-math-legacy\src\main\java\org\apache\commons\math4\legacy\ml\clustering\FuzzyKMeansClusterer.java
commons-math-legacy,C:\Users\simon\Documents\Code\thesis-code\commons-math-master\commons-math-legacy\src\test\java\org\apache\commons\math4\legacy\ml\clustering\KMeansPlusPlusClustererTest.java,C:\Users\simon\Documents\Code\thesis-code\commons-math-master\commons-math-legacy\src\main\java\org\apache\commons\math4\legacy\ml\clustering\KMeansPlusPlusClusterer.java
commons-math-legacy,C:\Users\simon\Documents\Code\thesis-code\commons-math-master\commons-math-legacy\src\test\java\org\apache\commons\math4\legacy\ml\clustering\MiniBatchKMeansClustererTest.java,C:\Users\simon\Documents\Code\thesis-code\commons-math-master\commons-math-legacy\src\main\java\org\apache\commons\math4\legacy\ml\clustering\MiniBatchKMeansClusterer.java
commons-math-legacy,C:\Users\simon\Documents\Code\thesis-code\commons-math-master\commons-math-legacy\src\test\java\org\apache\commons\math4\legacy\ml\clustering\MultiKMeansPlusPlusClustererTest.java,C:\Users\simon\Documents\Code\thesis-code\commons-math-master\commons-math-legacy\src\main\java\org\apache\commons\math4\legacy\ml\clustering\MultiKMeansPlusPlusClusterer.java
commons-math-legacy,C:\Users\simon\Documents\Code\thesis-code\commons-math-master\commons-math-legacy\src\test\java\org\apache\commons\math4\legacy\ml\distance\CanberraDistanceTest.java,C:\Users\simon\Documents\Code\thesis-code\commons-math-master\commons-math-legacy\src\main\java\org\apache\commons\math4\legacy\ml\distance\CanberraDistance.java
commons-math-legacy,C:\Users\simon\Documents\Code\thesis-code\commons-math-master\commons-math-legacy\src\test\java\org\apache\commons\math4\legacy\ml\distance\ChebyshevDistanceTest.java,C:\Users\simon\Documents\Code\thesis-code\commons-math-master\commons-math-legacy\src\main\java\org\apache\commons\math4\legacy\ml\distance\ChebyshevDistance.java
commons-math-legacy,C:\Users\simon\Documents\Code\thesis-code\commons-math-master\commons-math-legacy\src\test\java\org\apache\commons\math4\legacy\ml\distance\EarthMoversDistanceTest.java,C:\Users\simon\Documents\Code\thesis-code\commons-math-master\commons-math-legacy\src\main\java\org\apache\commons\math4\legacy\ml\distance\EarthMoversDistance.java
commons-math-legacy,C:\Users\simon\Documents\Code\thesis-code\commons-math-master\commons-math-legacy\src\test\java\org\apache\commons\math4\legacy\ml\distance\EuclideanDistanceTest.java,C:\Users\simon\Documents\Code\thesis-code\commons-math-master\commons-math-legacy\src\main\java\org\apache\commons\math4\legacy\ml\distance\EuclideanDistance.java
commons-math-legacy,C:\Users\simon\Documents\Code\thesis-code\commons-math-master\commons-math-legacy\src\test\java\org\apache\commons\math4\legacy\ml\distance\ManhattanDistanceTest.java,C:\Users\simon\Documents\Code\thesis-code\commons-math-master\commons-math-legacy\src\main\java\org\apache\commons\math4\legacy\ml\distance\ManhattanDistance.java
commons-math-legacy,C:\Users\simon\Documents\Code\thesis-code\commons-math-master\commons-math-legacy\src\test\java\org\apache\commons\math4\legacy\ode\ContinuousOutputFieldModelTest.java,C:\Users\simon\Documents\Code\thesis-code\commons-math-master\commons-math-legacy\src\main\java\org\apache\commons\math4\legacy\ode\ContinuousOutputFieldModel.java
commons-math-legacy,C:\Users\simon\Documents\Code\thesis-code\commons-math-master\commons-math-legacy\src\test\java\org\apache\commons\math4\legacy\ode\ContinuousOutputModelTest.java,C:\Users\simon\Documents\Code\thesis-code\commons-math-master\commons-math-legacy\src\main\java\org\apache\commons\math4\legacy\ode\ContinuousOutputModel.java
commons-math-legacy,C:\Users\simon\Documents\Code\thesis-code\commons-math-master\commons-math-legacy\src\test\java\org\apache\commons\math4\legacy\ode\events\CloseEventsTest.java,
commons-math-legacy,C:\Users\simon\Documents\Code\thesis-code\commons-math-master\commons-math-legacy\src\test\java\org\apache\commons\math4\legacy\ode\events\EventFilterTest.java,C:\Users\simon\Documents\Code\thesis-code\commons-math-master\commons-math-legacy\src\main\java\org\apache\commons\math4\legacy\ode\events\EventFilter.java
commons-math-legacy,C:\Users\simon\Documents\Code\thesis-code\commons-math-master\commons-math-legacy\src\test\java\org\apache\commons\math4\legacy\ode\events\EventStateTest.java,C:\Users\simon\Documents\Code\thesis-code\commons-math-master\commons-math-legacy\src\main\java\org\apache\commons\math4\legacy\ode\events\EventState.java
commons-math-legacy,C:\Users\simon\Documents\Code\thesis-code\commons-math-master\commons-math-legacy\src\test\java\org\apache\commons\math4\legacy\ode\events\OverlappingEventsTest.java,
commons-math-legacy,C:\Users\simon\Documents\Code\thesis-code\commons-math-master\commons-math-legacy\src\test\java\org\apache\commons\math4\legacy\ode\events\ReappearingEventTest.java,
commons-math-legacy,C:\Users\simon\Documents\Code\thesis-code\commons-math-master\commons-math-legacy\src\test\java\org\apache\commons\math4\legacy\ode\FieldExpandableODETest.java,C:\Users\simon\Documents\Code\thesis-code\commons-math-master\commons-math-legacy\src\main\java\org\apache\commons\math4\legacy\ode\FieldExpandableODE.java
commons-math-legacy,C:\Users\simon\Documents\Code\thesis-code\commons-math-master\commons-math-legacy\src\test\java\org\apache\commons\math4\legacy\ode\FirstOrderConverterTest.java,C:\Users\simon\Documents\Code\thesis-code\commons-math-master\commons-math-legacy\src\main\java\org\apache\commons\math4\legacy\ode\FirstOrderConverter.java
commons-math-legacy,C:\Users\simon\Documents\Code\thesis-code\commons-math-master\commons-math-legacy\src\test\java\org\apache\commons\math4\legacy\ode\JacobianMatricesTest.java,C:\Users\simon\Documents\Code\thesis-code\commons-math-master\commons-math-legacy\src\main\java\org\apache\commons\math4\legacy\ode\JacobianMatrices.java
commons-math-legacy,C:\Users\simon\Documents\Code\thesis-code\commons-math-master\commons-math-legacy\src\test\java\org\apache\commons\math4\legacy\ode\nonstiff\AbstractEmbeddedRungeKuttaFieldIntegratorTest.java,
commons-math-legacy,C:\Users\simon\Documents\Code\thesis-code\commons-math-master\commons-math-legacy\src\test\java\org\apache\commons\math4\legacy\ode\nonstiff\AbstractRungeKuttaFieldIntegratorTest.java,
commons-math-legacy,C:\Users\simon\Documents\Code\thesis-code\commons-math-master\commons-math-legacy\src\test\java\org\apache\commons\math4\legacy\ode\nonstiff\AdamsBashforthFieldIntegratorTest.java,C:\Users\simon\Documents\Code\thesis-code\commons-math-master\commons-math-legacy\src\main\java\org\apache\commons\math4\legacy\ode\nonstiff\AdamsBashforthFieldIntegrator.java
commons-math-legacy,C:\Users\simon\Documents\Code\thesis-code\commons-math-master\commons-math-legacy\src\test\java\org\apache\commons\math4\legacy\ode\nonstiff\AdamsBashforthIntegratorTest.java,C:\Users\simon\Documents\Code\thesis-code\commons-math-master\commons-math-legacy\src\main\java\org\apache\commons\math4\legacy\ode\nonstiff\AdamsBashforthIntegrator.java
commons-math-legacy,C:\Users\simon\Documents\Code\thesis-code\commons-math-master\commons-math-legacy\src\test\java\org\apache\commons\math4\legacy\ode\nonstiff\AdamsFieldIntegratorAbstractTest.java,
commons-math-legacy,C:\Users\simon\Documents\Code\thesis-code\commons-math-master\commons-math-legacy\src\test\java\org\apache\commons\math4\legacy\ode\nonstiff\AdamsMoultonFieldIntegratorTest.java,C:\Users\simon\Documents\Code\thesis-code\commons-math-master\commons-math-legacy\src\main\java\org\apache\commons\math4\legacy\ode\nonstiff\AdamsMoultonFieldIntegrator.java
commons-math-legacy,C:\Users\simon\Documents\Code\thesis-code\commons-math-master\commons-math-legacy\src\test\java\org\apache\commons\math4\legacy\ode\nonstiff\AdamsMoultonIntegratorTest.java,C:\Users\simon\Documents\Code\thesis-code\commons-math-master\commons-math-legacy\src\main\java\org\apache\commons\math4\legacy\ode\nonstiff\AdamsMoultonIntegrator.java
commons-math-legacy,C:\Users\simon\Documents\Code\thesis-code\commons-math-master\commons-math-legacy\src\test\java\org\apache\commons\math4\legacy\ode\nonstiff\AdamsNordsieckTransformerTest.java,C:\Users\simon\Documents\Code\thesis-code\commons-math-master\commons-math-legacy\src\main\java\org\apache\commons\math4\legacy\ode\nonstiff\AdamsNordsieckTransformer.java
commons-math-legacy,C:\Users\simon\Documents\Code\thesis-code\commons-math-master\commons-math-legacy\src\test\java\org\apache\commons\math4\legacy\ode\nonstiff\ClassicalRungeKuttaFieldIntegratorTest.java,C:\Users\simon\Documents\Code\thesis-code\commons-math-master\commons-math-legacy\src\main\java\org\apache\commons\math4\legacy\ode\nonstiff\ClassicalRungeKuttaFieldIntegrator.java
commons-math-legacy,C:\Users\simon\Documents\Code\thesis-code\commons-math-master\commons-math-legacy\src\test\java\org\apache\commons\math4\legacy\ode\nonstiff\ClassicalRungeKuttaIntegratorTest.java,C:\Users\simon\Documents\Code\thesis-code\commons-math-master\commons-math-legacy\src\main\java\org\apache\commons\math4\legacy\ode\nonstiff\ClassicalRungeKuttaIntegrator.java
commons-math-legacy,C:\Users\simon\Documents\Code\thesis-code\commons-math-master\commons-math-legacy\src\test\java\org\apache\commons\math4\legacy\ode\nonstiff\ClassicalRungeKuttaStepInterpolatorTest.java,C:\Users\simon\Documents\Code\thesis-code\commons-math-master\commons-math-legacy\src\main\java\org\apache\commons\math4\legacy\ode\nonstiff\ClassicalRungeKuttaStepInterpolator.java
commons-math-legacy,C:\Users\simon\Documents\Code\thesis-code\commons-math-master\commons-math-legacy\src\test\java\org\apache\commons\math4\legacy\ode\nonstiff\ClassicalRungKuttaFieldStepInterpolatorTest.java,
commons-math-legacy,C:\Users\simon\Documents\Code\thesis-code\commons-math-master\commons-math-legacy\src\test\java\org\apache\commons\math4\legacy\ode\nonstiff\Decimal64Test.java,
commons-math-legacy,C:\Users\simon\Documents\Code\thesis-code\commons-math-master\commons-math-legacy\src\test\java\org\apache\commons\math4\legacy\ode\nonstiff\DormandPrince54FieldIntegratorTest.java,C:\Users\simon\Documents\Code\thesis-code\commons-math-master\commons-math-legacy\src\main\java\org\apache\commons\math4\legacy\ode\nonstiff\DormandPrince54FieldIntegrator.java
commons-math-legacy,C:\Users\simon\Documents\Code\thesis-code\commons-math-master\commons-math-legacy\src\test\java\org\apache\commons\math4\legacy\ode\nonstiff\DormandPrince54FieldStepInterpolatorTest.java,C:\Users\simon\Documents\Code\thesis-code\commons-math-master\commons-math-legacy\src\main\java\org\apache\commons\math4\legacy\ode\nonstiff\DormandPrince54FieldStepInterpolator.java
commons-math-legacy,C:\Users\simon\Documents\Code\thesis-code\commons-math-master\commons-math-legacy\src\test\java\org\apache\commons\math4\legacy\ode\nonstiff\DormandPrince54IntegratorTest.java,C:\Users\simon\Documents\Code\thesis-code\commons-math-master\commons-math-legacy\src\main\java\org\apache\commons\math4\legacy\ode\nonstiff\DormandPrince54Integrator.java
commons-math-legacy,C:\Users\simon\Documents\Code\thesis-code\commons-math-master\commons-math-legacy\src\test\java\org\apache\commons\math4\legacy\ode\nonstiff\DormandPrince54StepInterpolatorTest.java,C:\Users\simon\Documents\Code\thesis-code\commons-math-master\commons-math-legacy\src\main\java\org\apache\commons\math4\legacy\ode\nonstiff\DormandPrince54StepInterpolator.java
commons-math-legacy,C:\Users\simon\Documents\Code\thesis-code\commons-math-master\commons-math-legacy\src\test\java\org\apache\commons\math4\legacy\ode\nonstiff\DormandPrince853FieldIntegratorTest.java,C:\Users\simon\Documents\Code\thesis-code\commons-math-master\commons-math-legacy\src\main\java\org\apache\commons\math4\legacy\ode\nonstiff\DormandPrince853FieldIntegrator.java
commons-math-legacy,C:\Users\simon\Documents\Code\thesis-code\commons-math-master\commons-math-legacy\src\test\java\org\apache\commons\math4\legacy\ode\nonstiff\DormandPrince853FieldStepInterpolatorTest.java,C:\Users\simon\Documents\Code\thesis-code\commons-math-master\commons-math-legacy\src\main\java\org\apache\commons\math4\legacy\ode\nonstiff\DormandPrince853FieldStepInterpolator.java
commons-math-legacy,C:\Users\simon\Documents\Code\thesis-code\commons-math-master\commons-math-legacy\src\test\java\org\apache\commons\math4\legacy\ode\nonstiff\DormandPrince853IntegratorTest.java,C:\Users\simon\Documents\Code\thesis-code\commons-math-master\commons-math-legacy\src\main\java\org\apache\commons\math4\legacy\ode\nonstiff\DormandPrince853Integrator.java
commons-math-legacy,C:\Users\simon\Documents\Code\thesis-code\commons-math-master\commons-math-legacy\src\test\java\org\apache\commons\math4\legacy\ode\nonstiff\DormandPrince853StepInterpolatorTest.java,C:\Users\simon\Documents\Code\thesis-code\commons-math-master\commons-math-legacy\src\main\java\org\apache\commons\math4\legacy\ode\nonstiff\DormandPrince853StepInterpolator.java
commons-math-legacy,C:\Users\simon\Documents\Code\thesis-code\commons-math-master\commons-math-legacy\src\test\java\org\apache\commons\math4\legacy\ode\nonstiff\EmbeddedRungeKuttaFieldIntegratorAbstractTest.java,
commons-math-legacy,C:\Users\simon\Documents\Code\thesis-code\commons-math-master\commons-math-legacy\src\test\java\org\apache\commons\math4\legacy\ode\nonstiff\EulerFieldIntegratorTest.java,C:\Users\simon\Documents\Code\thesis-code\commons-math-master\commons-math-legacy\src\main\java\org\apache\commons\math4\legacy\ode\nonstiff\EulerFieldIntegrator.java
commons-math-legacy,C:\Users\simon\Documents\Code\thesis-code\commons-math-master\commons-math-legacy\src\test\java\org\apache\commons\math4\legacy\ode\nonstiff\EulerFieldStepInterpolatorTest.java,C:\Users\simon\Documents\Code\thesis-code\commons-math-master\commons-math-legacy\src\main\java\org\apache\commons\math4\legacy\ode\nonstiff\EulerFieldStepInterpolator.java
commons-math-legacy,C:\Users\simon\Documents\Code\thesis-code\commons-math-master\commons-math-legacy\src\test\java\org\apache\commons\math4\legacy\ode\nonstiff\EulerIntegratorTest.java,C:\Users\simon\Documents\Code\thesis-code\commons-math-master\commons-math-legacy\src\main\java\org\apache\commons\math4\legacy\ode\nonstiff\EulerIntegrator.java
commons-math-legacy,C:\Users\simon\Documents\Code\thesis-code\commons-math-master\commons-math-legacy\src\test\java\org\apache\commons\math4\legacy\ode\nonstiff\EulerStepInterpolatorTest.java,C:\Users\simon\Documents\Code\thesis-code\commons-math-master\commons-math-legacy\src\main\java\org\apache\commons\math4\legacy\ode\nonstiff\EulerStepInterpolator.java
commons-math-legacy,C:\Users\simon\Documents\Code\thesis-code\commons-math-master\commons-math-legacy\src\test\java\org\apache\commons\math4\legacy\ode\nonstiff\GillFieldIntegratorTest.java,C:\Users\simon\Documents\Code\thesis-code\commons-math-master\commons-math-legacy\src\main\java\org\apache\commons\math4\legacy\ode\nonstiff\GillFieldIntegrator.java
commons-math-legacy,C:\Users\simon\Documents\Code\thesis-code\commons-math-master\commons-math-legacy\src\test\java\org\apache\commons\math4\legacy\ode\nonstiff\GillFieldStepInterpolatorTest.java,C:\Users\simon\Documents\Code\thesis-code\commons-math-master\commons-math-legacy\src\main\java\org\apache\commons\math4\legacy\ode\nonstiff\GillFieldStepInterpolator.java
commons-math-legacy,C:\Users\simon\Documents\Code\thesis-code\commons-math-master\commons-math-legacy\src\test\java\org\apache\commons\math4\legacy\ode\nonstiff\GillIntegratorTest.java,C:\Users\simon\Documents\Code\thesis-code\commons-math-master\commons-math-legacy\src\main\java\org\apache\commons\math4\legacy\ode\nonstiff\GillIntegrator.java
commons-math-legacy,C:\Users\simon\Documents\Code\thesis-code\commons-math-master\commons-math-legacy\src\test\java\org\apache\commons\math4\legacy\ode\nonstiff\GillStepInterpolatorTest.java,C:\Users\simon\Documents\Code\thesis-code\commons-math-master\commons-math-legacy\src\main\java\org\apache\commons\math4\legacy\ode\nonstiff\GillStepInterpolator.java
commons-math-legacy,C:\Users\simon\Documents\Code\thesis-code\commons-math-master\commons-math-legacy\src\test\java\org\apache\commons\math4\legacy\ode\nonstiff\GraggBulirschStoerIntegratorTest.java,C:\Users\simon\Documents\Code\thesis-code\commons-math-master\commons-math-legacy\src\main\java\org\apache\commons\math4\legacy\ode\nonstiff\GraggBulirschStoerIntegrator.java
commons-math-legacy,C:\Users\simon\Documents\Code\thesis-code\commons-math-master\commons-math-legacy\src\test\java\org\apache\commons\math4\legacy\ode\nonstiff\GraggBulirschStoerStepInterpolatorTest.java,C:\Users\simon\Documents\Code\thesis-code\commons-math-master\commons-math-legacy\src\main\java\org\apache\commons\math4\legacy\ode\nonstiff\GraggBulirschStoerStepInterpolator.java
commons-math-legacy,C:\Users\simon\Documents\Code\thesis-code\commons-math-master\commons-math-legacy\src\test\java\org\apache\commons\math4\legacy\ode\nonstiff\HighamHall54FieldIntegratorTest.java,C:\Users\simon\Documents\Code\thesis-code\commons-math-master\commons-math-legacy\src\main\java\org\apache\commons\math4\legacy\ode\nonstiff\HighamHall54FieldIntegrator.java
commons-math-legacy,C:\Users\simon\Documents\Code\thesis-code\commons-math-master\commons-math-legacy\src\test\java\org\apache\commons\math4\legacy\ode\nonstiff\HighamHall54FieldStepInterpolatorTest.java,C:\Users\simon\Documents\Code\thesis-code\commons-math-master\commons-math-legacy\src\main\java\org\apache\commons\math4\legacy\ode\nonstiff\HighamHall54FieldStepInterpolator.java
commons-math-legacy,C:\Users\simon\Documents\Code\thesis-code\commons-math-master\commons-math-legacy\src\test\java\org\apache\commons\math4\legacy\ode\nonstiff\HighamHall54IntegratorTest.java,C:\Users\simon\Documents\Code\thesis-code\commons-math-master\commons-math-legacy\src\main\java\org\apache\commons\math4\legacy\ode\nonstiff\HighamHall54Integrator.java
commons-math-legacy,C:\Users\simon\Documents\Code\thesis-code\commons-math-master\commons-math-legacy\src\test\java\org\apache\commons\math4\legacy\ode\nonstiff\HighamHall54StepInterpolatorTest.java,C:\Users\simon\Documents\Code\thesis-code\commons-math-master\commons-math-legacy\src\main\java\org\apache\commons\math4\legacy\ode\nonstiff\HighamHall54StepInterpolator.java
commons-math-legacy,C:\Users\simon\Documents\Code\thesis-code\commons-math-master\commons-math-legacy\src\test\java\org\apache\commons\math4\legacy\ode\nonstiff\LutherFieldIntegratorTest.java,C:\Users\simon\Documents\Code\thesis-code\commons-math-master\commons-math-legacy\src\main\java\org\apache\commons\math4\legacy\ode\nonstiff\LutherFieldIntegrator.java
commons-math-legacy,C:\Users\simon\Documents\Code\thesis-code\commons-math-master\commons-math-legacy\src\test\java\org\apache\commons\math4\legacy\ode\nonstiff\LutherFieldStepInterpolatorTest.java,C:\Users\simon\Documents\Code\thesis-code\commons-math-master\commons-math-legacy\src\main\java\org\apache\commons\math4\legacy\ode\nonstiff\LutherFieldStepInterpolator.java
commons-math-legacy,C:\Users\simon\Documents\Code\thesis-code\commons-math-master\commons-math-legacy\src\test\java\org\apache\commons\math4\legacy\ode\nonstiff\LutherIntegratorTest.java,C:\Users\simon\Documents\Code\thesis-code\commons-math-master\commons-math-legacy\src\main\java\org\apache\commons\math4\legacy\ode\nonstiff\LutherIntegrator.java
commons-math-legacy,C:\Users\simon\Documents\Code\thesis-code\commons-math-master\commons-math-legacy\src\test\java\org\apache\commons\math4\legacy\ode\nonstiff\LutherStepInterpolatorTest.java,C:\Users\simon\Documents\Code\thesis-code\commons-math-master\commons-math-legacy\src\main\java\org\apache\commons\math4\legacy\ode\nonstiff\LutherStepInterpolator.java
commons-math-legacy,C:\Users\simon\Documents\Code\thesis-code\commons-math-master\commons-math-legacy\src\test\java\org\apache\commons\math4\legacy\ode\nonstiff\MidpointFieldIntegratorTest.java,C:\Users\simon\Documents\Code\thesis-code\commons-math-master\commons-math-legacy\src\main\java\org\apache\commons\math4\legacy\ode\nonstiff\MidpointFieldIntegrator.java
commons-math-legacy,C:\Users\simon\Documents\Code\thesis-code\commons-math-master\commons-math-legacy\src\test\java\org\apache\commons\math4\legacy\ode\nonstiff\MidpointFieldStepInterpolatorTest.java,C:\Users\simon\Documents\Code\thesis-code\commons-math-master\commons-math-legacy\src\main\java\org\apache\commons\math4\legacy\ode\nonstiff\MidpointFieldStepInterpolator.java
commons-math-legacy,C:\Users\simon\Documents\Code\thesis-code\commons-math-master\commons-math-legacy\src\test\java\org\apache\commons\math4\legacy\ode\nonstiff\MidpointIntegratorTest.java,C:\Users\simon\Documents\Code\thesis-code\commons-math-master\commons-math-legacy\src\main\java\org\apache\commons\math4\legacy\analysis\integration\MidPointIntegrator.java
commons-math-legacy,C:\Users\simon\Documents\Code\thesis-code\commons-math-master\commons-math-legacy\src\test\java\org\apache\commons\math4\legacy\ode\nonstiff\MidpointStepInterpolatorTest.java,C:\Users\simon\Documents\Code\thesis-code\commons-math-master\commons-math-legacy\src\main\java\org\apache\commons\math4\legacy\ode\nonstiff\MidpointStepInterpolator.java
commons-math-legacy,C:\Users\simon\Documents\Code\thesis-code\commons-math-master\commons-math-legacy\src\test\java\org\apache\commons\math4\legacy\ode\nonstiff\RungeKuttaFieldIntegratorAbstractTest.java,
commons-math-legacy,C:\Users\simon\Documents\Code\thesis-code\commons-math-master\commons-math-legacy\src\test\java\org\apache\commons\math4\legacy\ode\nonstiff\RungeKuttaFieldStepInterpolatorAbstractTest.java,
commons-math-legacy,C:\Users\simon\Documents\Code\thesis-code\commons-math-master\commons-math-legacy\src\test\java\org\apache\commons\math4\legacy\ode\nonstiff\ThreeEighthesFieldIntegratorTest.java,C:\Users\simon\Documents\Code\thesis-code\commons-math-master\commons-math-legacy\src\main\java\org\apache\commons\math4\legacy\ode\nonstiff\ThreeEighthesFieldIntegrator.java
commons-math-legacy,C:\Users\simon\Documents\Code\thesis-code\commons-math-master\commons-math-legacy\src\test\java\org\apache\commons\math4\legacy\ode\nonstiff\ThreeEighthesFieldStepInterpolatorTest.java,C:\Users\simon\Documents\Code\thesis-code\commons-math-master\commons-math-legacy\src\main\java\org\apache\commons\math4\legacy\ode\nonstiff\ThreeEighthesFieldStepInterpolator.java
commons-math-legacy,C:\Users\simon\Documents\Code\thesis-code\commons-math-master\commons-math-legacy\src\test\java\org\apache\commons\math4\legacy\ode\nonstiff\ThreeEighthesIntegratorTest.java,C:\Users\simon\Documents\Code\thesis-code\commons-math-master\commons-math-legacy\src\main\java\org\apache\commons\math4\legacy\ode\nonstiff\ThreeEighthesIntegrator.java
commons-math-legacy,C:\Users\simon\Documents\Code\thesis-code\commons-math-master\commons-math-legacy\src\test\java\org\apache\commons\math4\legacy\ode\nonstiff\ThreeEighthesStepInterpolatorTest.java,C:\Users\simon\Documents\Code\thesis-code\commons-math-master\commons-math-legacy\src\main\java\org\apache\commons\math4\legacy\ode\nonstiff\ThreeEighthesStepInterpolator.java
commons-math-legacy,C:\Users\simon\Documents\Code\thesis-code\commons-math-master\commons-math-legacy\src\test\java\org\apache\commons\math4\legacy\ode\sampling\DummyStepInterpolatorTest.java,
commons-math-legacy,C:\Users\simon\Documents\Code\thesis-code\commons-math-master\commons-math-legacy\src\test\java\org\apache\commons\math4\legacy\ode\sampling\NordsieckStepInterpolatorTest.java,C:\Users\simon\Documents\Code\thesis-code\commons-math-master\commons-math-legacy\src\main\java\org\apache\commons\math4\legacy\ode\sampling\NordsieckStepInterpolator.java
commons-math-legacy,C:\Users\simon\Documents\Code\thesis-code\commons-math-master\commons-math-legacy\src\test\java\org\apache\commons\math4\legacy\ode\sampling\StepNormalizerOutputOverlapTest.java,
commons-math-legacy,C:\Users\simon\Documents\Code\thesis-code\commons-math-master\commons-math-legacy\src\test\java\org\apache\commons\math4\legacy\ode\sampling\StepNormalizerOutputTest.java,
commons-math-legacy,C:\Users\simon\Documents\Code\thesis-code\commons-math-master\commons-math-legacy\src\test\java\org\apache\commons\math4\legacy\ode\sampling\StepNormalizerTest.java,C:\Users\simon\Documents\Code\thesis-code\commons-math-master\commons-math-legacy\src\main\java\org\apache\commons\math4\legacy\ode\sampling\StepNormalizer.java
commons-math-legacy,C:\Users\simon\Documents\Code\thesis-code\commons-math-master\commons-math-legacy\src\test\java\org\apache\commons\math4\legacy\ode\TestFieldProblem1.java,
commons-math-legacy,C:\Users\simon\Documents\Code\thesis-code\commons-math-master\commons-math-legacy\src\test\java\org\apache\commons\math4\legacy\ode\TestFieldProblem2.java,
commons-math-legacy,C:\Users\simon\Documents\Code\thesis-code\commons-math-master\commons-math-legacy\src\test\java\org\apache\commons\math4\legacy\ode\TestFieldProblem3.java,
commons-math-legacy,C:\Users\simon\Documents\Code\thesis-code\commons-math-master\commons-math-legacy\src\test\java\org\apache\commons\math4\legacy\ode\TestFieldProblem4.java,
commons-math-legacy,C:\Users\simon\Documents\Code\thesis-code\commons-math-master\commons-math-legacy\src\test\java\org\apache\commons\math4\legacy\ode\TestFieldProblem5.java,
commons-math-legacy,C:\Users\simon\Documents\Code\thesis-code\commons-math-master\commons-math-legacy\src\test\java\org\apache\commons\math4\legacy\ode\TestFieldProblem6.java,
commons-math-legacy,C:\Users\simon\Documents\Code\thesis-code\commons-math-master\commons-math-legacy\src\test\java\org\apache\commons\math4\legacy\ode\TestFieldProblemAbstract.java,
commons-math-legacy,C:\Users\simon\Documents\Code\thesis-code\commons-math-master\commons-math-legacy\src\test\java\org\apache\commons\math4\legacy\ode\TestFieldProblemHandler.java,
commons-math-legacy,C:\Users\simon\Documents\Code\thesis-code\commons-math-master\commons-math-legacy\src\test\java\org\apache\commons\math4\legacy\ode\TestProblem1.java,
commons-math-legacy,C:\Users\simon\Documents\Code\thesis-code\commons-math-master\commons-math-legacy\src\test\java\org\apache\commons\math4\legacy\ode\TestProblem2.java,
commons-math-legacy,C:\Users\simon\Documents\Code\thesis-code\commons-math-master\commons-math-legacy\src\test\java\org\apache\commons\math4\legacy\ode\TestProblem3.java,
commons-math-legacy,C:\Users\simon\Documents\Code\thesis-code\commons-math-master\commons-math-legacy\src\test\java\org\apache\commons\math4\legacy\ode\TestProblem4.java,
commons-math-legacy,C:\Users\simon\Documents\Code\thesis-code\commons-math-master\commons-math-legacy\src\test\java\org\apache\commons\math4\legacy\ode\TestProblem5.java,
commons-math-legacy,C:\Users\simon\Documents\Code\thesis-code\commons-math-master\commons-math-legacy\src\test\java\org\apache\commons\math4\legacy\ode\TestProblem6.java,
commons-math-legacy,C:\Users\simon\Documents\Code\thesis-code\commons-math-master\commons-math-legacy\src\test\java\org\apache\commons\math4\legacy\ode\TestProblemAbstract.java,
commons-math-legacy,C:\Users\simon\Documents\Code\thesis-code\commons-math-master\commons-math-legacy\src\test\java\org\apache\commons\math4\legacy\ode\TestProblemHandler.java,
commons-math-legacy,C:\Users\simon\Documents\Code\thesis-code\commons-math-master\commons-math-legacy\src\test\java\org\apache\commons\math4\legacy\optim\BaseOptimizerTest.java,C:\Users\simon\Documents\Code\thesis-code\commons-math-master\commons-math-legacy\src\main\java\org\apache\commons\math4\legacy\optim\BaseOptimizer.java
commons-math-legacy,C:\Users\simon\Documents\Code\thesis-code\commons-math-master\commons-math-legacy\src\test\java\org\apache\commons\math4\legacy\optim\linear\SimplexSolverTest.java,C:\Users\simon\Documents\Code\thesis-code\commons-math-master\commons-math-legacy\src\main\java\org\apache\commons\math4\legacy\optim\linear\SimplexSolver.java
commons-math-legacy,C:\Users\simon\Documents\Code\thesis-code\commons-math-master\commons-math-legacy\src\test\java\org\apache\commons\math4\legacy\optim\linear\SimplexTableauTest.java,C:\Users\simon\Documents\Code\thesis-code\commons-math-master\commons-math-legacy\src\main\java\org\apache\commons\math4\legacy\optim\linear\SimplexTableau.java
commons-math-legacy,C:\Users\simon\Documents\Code\thesis-code\commons-math-master\commons-math-legacy\src\test\java\org\apache\commons\math4\legacy\optim\nonlinear\scalar\gradient\NonLinearConjugateGradientOptimizerTest.java,C:\Users\simon\Documents\Code\thesis-code\commons-math-master\commons-math-legacy\src\main\java\org\apache\commons\math4\legacy\optim\nonlinear\scalar\gradient\NonLinearConjugateGradientOptimizer.java
commons-math-legacy,C:\Users\simon\Documents\Code\thesis-code\commons-math-master\commons-math-legacy\src\test\java\org\apache\commons\math4\legacy\optim\nonlinear\scalar\MultiStartMultivariateOptimizerTest.java,C:\Users\simon\Documents\Code\thesis-code\commons-math-master\commons-math-legacy\src\main\java\org\apache\commons\math4\legacy\optim\nonlinear\scalar\MultiStartMultivariateOptimizer.java
commons-math-legacy,C:\Users\simon\Documents\Code\thesis-code\commons-math-master\commons-math-legacy\src\test\java\org\apache\commons\math4\legacy\optim\nonlinear\scalar\MultivariateFunctionMappingAdapterTest.java,C:\Users\simon\Documents\Code\thesis-code\commons-math-master\commons-math-legacy\src\main\java\org\apache\commons\math4\legacy\optim\nonlinear\scalar\MultivariateFunctionMappingAdapter.java
commons-math-legacy,C:\Users\simon\Documents\Code\thesis-code\commons-math-master\commons-math-legacy\src\test\java\org\apache\commons\math4\legacy\optim\nonlinear\scalar\MultivariateFunctionPenaltyAdapterTest.java,C:\Users\simon\Documents\Code\thesis-code\commons-math-master\commons-math-legacy\src\main\java\org\apache\commons\math4\legacy\optim\nonlinear\scalar\MultivariateFunctionPenaltyAdapter.java
commons-math-legacy,C:\Users\simon\Documents\Code\thesis-code\commons-math-master\commons-math-legacy\src\test\java\org\apache\commons\math4\legacy\optim\nonlinear\scalar\noderiv\BOBYQAOptimizerTest.java,C:\Users\simon\Documents\Code\thesis-code\commons-math-master\commons-math-legacy\src\main\java\org\apache\commons\math4\legacy\optim\nonlinear\scalar\noderiv\BOBYQAOptimizer.java
commons-math-legacy,C:\Users\simon\Documents\Code\thesis-code\commons-math-master\commons-math-legacy\src\test\java\org\apache\commons\math4\legacy\optim\nonlinear\scalar\noderiv\CMAESOptimizerTest.java,C:\Users\simon\Documents\Code\thesis-code\commons-math-master\commons-math-legacy\src\main\java\org\apache\commons\math4\legacy\optim\nonlinear\scalar\noderiv\CMAESOptimizer.java
commons-math-legacy,C:\Users\simon\Documents\Code\thesis-code\commons-math-master\commons-math-legacy\src\test\java\org\apache\commons\math4\legacy\optim\nonlinear\scalar\noderiv\PowellOptimizerTest.java,C:\Users\simon\Documents\Code\thesis-code\commons-math-master\commons-math-legacy\src\main\java\org\apache\commons\math4\legacy\optim\nonlinear\scalar\noderiv\PowellOptimizer.java
commons-math-legacy,C:\Users\simon\Documents\Code\thesis-code\commons-math-master\commons-math-legacy\src\test\java\org\apache\commons\math4\legacy\optim\nonlinear\scalar\noderiv\SimplexOptimizerMultiDirectionalTest.java,
commons-math-legacy,C:\Users\simon\Documents\Code\thesis-code\commons-math-master\commons-math-legacy\src\test\java\org\apache\commons\math4\legacy\optim\nonlinear\scalar\noderiv\SimplexOptimizerNelderMeadTest.java,
commons-math-legacy,C:\Users\simon\Documents\Code\thesis-code\commons-math-master\commons-math-legacy\src\test\java\org\apache\commons\math4\legacy\optim\nonlinear\scalar\noderiv\SimplexOptimizerTest.java,
commons-math-legacy,C:\Users\simon\Documents\Code\thesis-code\commons-math-master\commons-math-legacy\src\test\java\org\apache\commons\math4\legacy\optim\nonlinear\scalar\noderiv\SimplexTest.java,
commons-math-legacy,C:\Users\simon\Documents\Code\thesis-code\commons-math-master\commons-math-legacy\src\test\java\org\apache\commons\math4\legacy\optim\PointValuePairTest.java,C:\Users\simon\Documents\Code\thesis-code\commons-math-master\commons-math-legacy\src\main\java\org\apache\commons\math4\legacy\optim\PointValuePair.java
commons-math-legacy,C:\Users\simon\Documents\Code\thesis-code\commons-math-master\commons-math-legacy\src\test\java\org\apache\commons\math4\legacy\optim\PointVectorValuePairTest.java,C:\Users\simon\Documents\Code\thesis-code\commons-math-master\commons-math-legacy\src\main\java\org\apache\commons\math4\legacy\optim\PointVectorValuePair.java
commons-math-legacy,C:\Users\simon\Documents\Code\thesis-code\commons-math-master\commons-math-legacy\src\test\java\org\apache\commons\math4\legacy\optim\SimplePointCheckerTest.java,C:\Users\simon\Documents\Code\thesis-code\commons-math-master\commons-math-legacy\src\main\java\org\apache\commons\math4\legacy\optim\SimplePointChecker.java
commons-math-legacy,C:\Users\simon\Documents\Code\thesis-code\commons-math-master\commons-math-legacy\src\test\java\org\apache\commons\math4\legacy\optim\SimpleValueCheckerTest.java,C:\Users\simon\Documents\Code\thesis-code\commons-math-master\commons-math-legacy\src\main\java\org\apache\commons\math4\legacy\optim\SimpleValueChecker.java
commons-math-legacy,C:\Users\simon\Documents\Code\thesis-code\commons-math-master\commons-math-legacy\src\test\java\org\apache\commons\math4\legacy\optim\SimpleVectorValueCheckerTest.java,C:\Users\simon\Documents\Code\thesis-code\commons-math-master\commons-math-legacy\src\main\java\org\apache\commons\math4\legacy\optim\SimpleVectorValueChecker.java
commons-math-legacy,C:\Users\simon\Documents\Code\thesis-code\commons-math-master\commons-math-legacy\src\test\java\org\apache\commons\math4\legacy\optim\univariate\BracketFinderTest.java,C:\Users\simon\Documents\Code\thesis-code\commons-math-master\commons-math-legacy\src\main\java\org\apache\commons\math4\legacy\optim\univariate\BracketFinder.java
commons-math-legacy,C:\Users\simon\Documents\Code\thesis-code\commons-math-master\commons-math-legacy\src\test\java\org\apache\commons\math4\legacy\optim\univariate\BrentOptimizerTest.java,C:\Users\simon\Documents\Code\thesis-code\commons-math-master\commons-math-legacy\src\main\java\org\apache\commons\math4\legacy\optim\univariate\BrentOptimizer.java
commons-math-legacy,C:\Users\simon\Documents\Code\thesis-code\commons-math-master\commons-math-legacy\src\test\java\org\apache\commons\math4\legacy\optim\univariate\MultiStartUnivariateOptimizerTest.java,C:\Users\simon\Documents\Code\thesis-code\commons-math-master\commons-math-legacy\src\main\java\org\apache\commons\math4\legacy\optim\univariate\MultiStartUnivariateOptimizer.java
commons-math-legacy,C:\Users\simon\Documents\Code\thesis-code\commons-math-master\commons-math-legacy\src\test\java\org\apache\commons\math4\legacy\optim\univariate\SimpleUnivariateValueCheckerTest.java,C:\Users\simon\Documents\Code\thesis-code\commons-math-master\commons-math-legacy\src\main\java\org\apache\commons\math4\legacy\optim\univariate\SimpleUnivariateValueChecker.java
commons-math-legacy,C:\Users\simon\Documents\Code\thesis-code\commons-math-master\commons-math-legacy\src\test\java\org\apache\commons\math4\legacy\random\CorrelatedVectorFactoryTest.java,C:\Users\simon\Documents\Code\thesis-code\commons-math-master\commons-math-legacy\src\main\java\org\apache\commons\math4\legacy\random\CorrelatedVectorFactory.java
commons-math-legacy,C:\Users\simon\Documents\Code\thesis-code\commons-math-master\commons-math-legacy\src\test\java\org\apache\commons\math4\legacy\random\HaltonSequenceGeneratorTest.java,C:\Users\simon\Documents\Code\thesis-code\commons-math-master\commons-math-legacy\src\main\java\org\apache\commons\math4\legacy\random\HaltonSequenceGenerator.java
commons-math-legacy,C:\Users\simon\Documents\Code\thesis-code\commons-math-master\commons-math-legacy\src\test\java\org\apache\commons\math4\legacy\random\SobolSequenceGeneratorTest.java,C:\Users\simon\Documents\Code\thesis-code\commons-math-master\commons-math-legacy\src\main\java\org\apache\commons\math4\legacy\random\SobolSequenceGenerator.java
commons-math-legacy,C:\Users\simon\Documents\Code\thesis-code\commons-math-master\commons-math-legacy\src\test\java\org\apache\commons\math4\legacy\special\BesselJTest.java,C:\Users\simon\Documents\Code\thesis-code\commons-math-master\commons-math-legacy\src\main\java\org\apache\commons\math4\legacy\special\BesselJ.java
commons-math-legacy,C:\Users\simon\Documents\Code\thesis-code\commons-math-master\commons-math-legacy\src\test\java\org\apache\commons\math4\legacy\stat\CertifiedDataTest.java,
commons-math-legacy,C:\Users\simon\Documents\Code\thesis-code\commons-math-master\commons-math-legacy\src\test\java\org\apache\commons\math4\legacy\stat\correlation\CovarianceTest.java,C:\Users\simon\Documents\Code\thesis-code\commons-math-master\commons-math-legacy\src\main\java\org\apache\commons\math4\legacy\stat\correlation\Covariance.java
commons-math-legacy,C:\Users\simon\Documents\Code\thesis-code\commons-math-master\commons-math-legacy\src\test\java\org\apache\commons\math4\legacy\stat\correlation\KendallsCorrelationTest.java,C:\Users\simon\Documents\Code\thesis-code\commons-math-master\commons-math-legacy\src\main\java\org\apache\commons\math4\legacy\stat\correlation\KendallsCorrelation.java
commons-math-legacy,C:\Users\simon\Documents\Code\thesis-code\commons-math-master\commons-math-legacy\src\test\java\org\apache\commons\math4\legacy\stat\correlation\PearsonsCorrelationTest.java,C:\Users\simon\Documents\Code\thesis-code\commons-math-master\commons-math-legacy\src\main\java\org\apache\commons\math4\legacy\stat\correlation\PearsonsCorrelation.java
commons-math-legacy,C:\Users\simon\Documents\Code\thesis-code\commons-math-master\commons-math-legacy\src\test\java\org\apache\commons\math4\legacy\stat\correlation\SpearmansRankCorrelationTest.java,
commons-math-legacy,C:\Users\simon\Documents\Code\thesis-code\commons-math-master\commons-math-legacy\src\test\java\org\apache\commons\math4\legacy\stat\correlation\StorelessCovarianceTest.java,C:\Users\simon\Documents\Code\thesis-code\commons-math-master\commons-math-legacy\src\main\java\org\apache\commons\math4\legacy\stat\correlation\StorelessCovariance.java
commons-math-legacy,C:\Users\simon\Documents\Code\thesis-code\commons-math-master\commons-math-legacy\src\test\java\org\apache\commons\math4\legacy\stat\data\CertifiedDataAbstractTest.java,
commons-math-legacy,C:\Users\simon\Documents\Code\thesis-code\commons-math-master\commons-math-legacy\src\test\java\org\apache\commons\math4\legacy\stat\data\LewTest.java,
commons-math-legacy,C:\Users\simon\Documents\Code\thesis-code\commons-math-master\commons-math-legacy\src\test\java\org\apache\commons\math4\legacy\stat\data\LotteryTest.java,
commons-math-legacy,C:\Users\simon\Documents\Code\thesis-code\commons-math-master\commons-math-legacy\src\test\java\org\apache\commons\math4\legacy\stat\descriptive\AggregateSummaryStatisticsTest.java,C:\Users\simon\Documents\Code\thesis-code\commons-math-master\commons-math-legacy\src\main\java\org\apache\commons\math4\legacy\stat\descriptive\AggregateSummaryStatistics.java
commons-math-legacy,C:\Users\simon\Documents\Code\thesis-code\commons-math-master\commons-math-legacy\src\test\java\org\apache\commons\math4\legacy\stat\descriptive\DescriptiveStatisticsTest.java,C:\Users\simon\Documents\Code\thesis-code\commons-math-master\commons-math-legacy\src\main\java\org\apache\commons\math4\legacy\stat\descriptive\DescriptiveStatistics.java
commons-math-legacy,C:\Users\simon\Documents\Code\thesis-code\commons-math-master\commons-math-legacy\src\test\java\org\apache\commons\math4\legacy\stat\descriptive\DoubleArrayAbstractTest.java,
commons-math-legacy,C:\Users\simon\Documents\Code\thesis-code\commons-math-master\commons-math-legacy\src\test\java\org\apache\commons\math4\legacy\stat\descriptive\moment\SemiVarianceTest.java,C:\Users\simon\Documents\Code\thesis-code\commons-math-master\commons-math-legacy\src\main\java\org\apache\commons\math4\legacy\stat\descriptive\moment\SemiVariance.java
commons-math-legacy,C:\Users\simon\Documents\Code\thesis-code\commons-math-master\commons-math-legacy\src\test\java\org\apache\commons\math4\legacy\stat\descriptive\moment\VectorialCovarianceTest.java,C:\Users\simon\Documents\Code\thesis-code\commons-math-master\commons-math-legacy\src\main\java\org\apache\commons\math4\legacy\stat\descriptive\moment\VectorialCovariance.java
commons-math-legacy,C:\Users\simon\Documents\Code\thesis-code\commons-math-master\commons-math-legacy\src\test\java\org\apache\commons\math4\legacy\stat\descriptive\moment\VectorialMeanTest.java,C:\Users\simon\Documents\Code\thesis-code\commons-math-master\commons-math-legacy\src\main\java\org\apache\commons\math4\legacy\stat\descriptive\moment\VectorialMean.java
commons-math-legacy,C:\Users\simon\Documents\Code\thesis-code\commons-math-master\commons-math-legacy\src\test\java\org\apache\commons\math4\legacy\stat\descriptive\moment\WeightedMeanTest.java,C:\Users\simon\Documents\Code\thesis-code\commons-math-master\commons-math-legacy\src\main\java\org\apache\commons\math4\legacy\stat\descriptive\moment\WeightedMean.java
commons-math-legacy,C:\Users\simon\Documents\Code\thesis-code\commons-math-master\commons-math-legacy\src\test\java\org\apache\commons\math4\legacy\stat\descriptive\moment\WeightedVarianceTest.java,C:\Users\simon\Documents\Code\thesis-code\commons-math-master\commons-math-legacy\src\main\java\org\apache\commons\math4\legacy\stat\descriptive\moment\WeightedVariance.java
commons-math-legacy,C:\Users\simon\Documents\Code\thesis-code\commons-math-master\commons-math-legacy\src\test\java\org\apache\commons\math4\legacy\stat\descriptive\MultivariateSummaryStatisticsTest.java,C:\Users\simon\Documents\Code\thesis-code\commons-math-master\commons-math-legacy\src\main\java\org\apache\commons\math4\legacy\stat\descriptive\MultivariateSummaryStatistics.java
commons-math-legacy,C:\Users\simon\Documents\Code\thesis-code\commons-math-master\commons-math-legacy\src\test\java\org\apache\commons\math4\legacy\stat\descriptive\rank\PSquarePercentileTest.java,
commons-math-legacy,C:\Users\simon\Documents\Code\thesis-code\commons-math-master\commons-math-legacy\src\test\java\org\apache\commons\math4\legacy\stat\descriptive\ResizableDoubleArrayTest.java,C:\Users\simon\Documents\Code\thesis-code\commons-math-master\commons-math-legacy\src\main\java\org\apache\commons\math4\legacy\stat\descriptive\ResizableDoubleArray.java
commons-math-legacy,C:\Users\simon\Documents\Code\thesis-code\commons-math-master\commons-math-legacy\src\test\java\org\apache\commons\math4\legacy\stat\descriptive\StatisticalSummaryValuesTest.java,C:\Users\simon\Documents\Code\thesis-code\commons-math-master\commons-math-legacy\src\main\java\org\apache\commons\math4\legacy\stat\descriptive\StatisticalSummaryValues.java
commons-math-legacy,C:\Users\simon\Documents\Code\thesis-code\commons-math-master\commons-math-legacy\src\test\java\org\apache\commons\math4\legacy\stat\descriptive\StatisticsTest.java,C:\Users\simon\Documents\Code\thesis-code\commons-math-master\commons-math-legacy\src\main\java\org\apache\commons\math4\legacy\stat\descriptive\Statistics.java
commons-math-legacy,C:\Users\simon\Documents\Code\thesis-code\commons-math-master\commons-math-legacy\src\test\java\org\apache\commons\math4\legacy\stat\descriptive\StorelessUnivariateStatisticAbstractTest.java,
commons-math-legacy,C:\Users\simon\Documents\Code\thesis-code\commons-math-master\commons-math-legacy\src\test\java\org\apache\commons\math4\legacy\stat\descriptive\summary\WeightedProductTest.java,C:\Users\simon\Documents\Code\thesis-code\commons-math-master\commons-math-legacy\src\main\java\org\apache\commons\math4\legacy\stat\descriptive\summary\WeightedProduct.java
commons-math-legacy,C:\Users\simon\Documents\Code\thesis-code\commons-math-master\commons-math-legacy\src\test\java\org\apache\commons\math4\legacy\stat\descriptive\summary\WeightedSumTest.java,C:\Users\simon\Documents\Code\thesis-code\commons-math-master\commons-math-legacy\src\main\java\org\apache\commons\math4\legacy\stat\descriptive\summary\WeightedSum.java
commons-math-legacy,C:\Users\simon\Documents\Code\thesis-code\commons-math-master\commons-math-legacy\src\test\java\org\apache\commons\math4\legacy\stat\descriptive\SummaryStatisticsTest.java,C:\Users\simon\Documents\Code\thesis-code\commons-math-master\commons-math-legacy\src\main\java\org\apache\commons\math4\legacy\stat\descriptive\SummaryStatistics.java
commons-math-legacy,C:\Users\simon\Documents\Code\thesis-code\commons-math-master\commons-math-legacy\src\test\java\org\apache\commons\math4\legacy\stat\descriptive\SynchronizedDescriptiveStatisticsTest.java,C:\Users\simon\Documents\Code\thesis-code\commons-math-master\commons-math-legacy\src\main\java\org\apache\commons\math4\legacy\stat\descriptive\SynchronizedDescriptiveStatistics.java
commons-math-legacy,C:\Users\simon\Documents\Code\thesis-code\commons-math-master\commons-math-legacy\src\test\java\org\apache\commons\math4\legacy\stat\descriptive\SynchronizedMultivariateSummaryStatisticsTest.java,C:\Users\simon\Documents\Code\thesis-code\commons-math-master\commons-math-legacy\src\main\java\org\apache\commons\math4\legacy\stat\descriptive\SynchronizedMultivariateSummaryStatistics.java
commons-math-legacy,C:\Users\simon\Documents\Code\thesis-code\commons-math-master\commons-math-legacy\src\test\java\org\apache\commons\math4\legacy\stat\descriptive\SynchronizedSummaryStatisticsTest.java,C:\Users\simon\Documents\Code\thesis-code\commons-math-master\commons-math-legacy\src\main\java\org\apache\commons\math4\legacy\stat\descriptive\SynchronizedSummaryStatistics.java
commons-math-legacy,C:\Users\simon\Documents\Code\thesis-code\commons-math-master\commons-math-legacy\src\test\java\org\apache\commons\math4\legacy\stat\descriptive\UnivariateStatisticAbstractTest.java,
commons-math-legacy,C:\Users\simon\Documents\Code\thesis-code\commons-math-master\commons-math-legacy\src\test\java\org\apache\commons\math4\legacy\stat\descriptive\WeightedEvaluationAbstractTest.java,
commons-math-legacy,C:\Users\simon\Documents\Code\thesis-code\commons-math-master\commons-math-legacy\src\test\java\org\apache\commons\math4\legacy\stat\FrequencyTest.java,C:\Users\simon\Documents\Code\thesis-code\commons-math-master\commons-math-legacy\src\main\java\org\apache\commons\math4\legacy\stat\Frequency.java
commons-math-legacy,C:\Users\simon\Documents\Code\thesis-code\commons-math-master\commons-math-legacy\src\test\java\org\apache\commons\math4\legacy\stat\regression\GLSMultipleLinearRegressionTest.java,C:\Users\simon\Documents\Code\thesis-code\commons-math-master\commons-math-legacy\src\main\java\org\apache\commons\math4\legacy\stat\regression\GLSMultipleLinearRegression.java
commons-math-legacy,C:\Users\simon\Documents\Code\thesis-code\commons-math-master\commons-math-legacy\src\test\java\org\apache\commons\math4\legacy\stat\regression\MillerUpdatingRegressionTest.java,C:\Users\simon\Documents\Code\thesis-code\commons-math-master\commons-math-legacy\src\main\java\org\apache\commons\math4\legacy\stat\regression\MillerUpdatingRegression.java
commons-math-legacy,C:\Users\simon\Documents\Code\thesis-code\commons-math-master\commons-math-legacy\src\test\java\org\apache\commons\math4\legacy\stat\regression\MultipleLinearRegressionAbstractTest.java,
commons-math-legacy,C:\Users\simon\Documents\Code\thesis-code\commons-math-master\commons-math-legacy\src\test\java\org\apache\commons\math4\legacy\stat\regression\OLSMultipleLinearRegressionTest.java,C:\Users\simon\Documents\Code\thesis-code\commons-math-master\commons-math-legacy\src\main\java\org\apache\commons\math4\legacy\stat\regression\OLSMultipleLinearRegression.java
commons-math-legacy,C:\Users\simon\Documents\Code\thesis-code\commons-math-master\commons-math-legacy\src\test\java\org\apache\commons\math4\legacy\stat\regression\SimpleRegressionTest.java,C:\Users\simon\Documents\Code\thesis-code\commons-math-master\commons-math-legacy\src\main\java\org\apache\commons\math4\legacy\stat\regression\SimpleRegression.java
commons-math-legacy,C:\Users\simon\Documents\Code\thesis-code\commons-math-master\commons-math-legacy\src\test\java\org\apache\commons\math4\legacy\stat\StatUtilsTest.java,C:\Users\simon\Documents\Code\thesis-code\commons-math-master\commons-math-legacy\src\main\java\org\apache\commons\math4\legacy\stat\StatUtils.java
commons-math-legacy,C:\Users\simon\Documents\Code\thesis-code\commons-math-master\commons-math-legacy\src\test\java\org\apache\commons\math4\legacy\TestUtils.java,
commons-math-legacy,C:\Users\simon\Documents\Code\thesis-code\commons-math-master\commons-math-legacy\src\test\java\org\apache\commons\math4\legacy\util\ComplexFormatAbstractTest.java,
commons-math-legacy,C:\Users\simon\Documents\Code\thesis-code\commons-math-master\commons-math-legacy\src\test\java\org\apache\commons\math4\legacy\util\ComplexFormatTest.java,C:\Users\simon\Documents\Code\thesis-code\commons-math-master\commons-math-legacy\src\main\java\org\apache\commons\math4\legacy\util\ComplexFormat.java
commons-math-legacy,C:\Users\simon\Documents\Code\thesis-code\commons-math-master\commons-math-legacy\src\test\java\org\apache\commons\math4\legacy\util\FrenchComplexFormatTest.java,
commons-math-legacy,C:\Users\simon\Documents\Code\thesis-code\commons-math-master\commons-math-legacy\src\test\java\org\apache\commons\math4\legacy\util\TestBean.java,
