FilePath,FileName,ClassName,MethodName,TotalStatements,TotalParameters,ReturnType,AccessModifier,MethodHasAnnotation,MethodHasTestInName,FileHasTestInName,ClassHasTestInName
C:\Users\simon\Documents\Code\thesis-code\jfreechart-master\src\test\java\org\jfree\chart\annotations\CategoryLineAnnotationTest.java,CategoryLineAnnotationTest.java,CategoryLineAnnotationTest,testConstructorExceptions,7,0,void,public,true,true,true,true
C:\Users\simon\Documents\Code\thesis-code\jfreechart-master\src\test\java\org\jfree\chart\annotations\CategoryLineAnnotationTest.java,CategoryLineAnnotationTest.java,CategoryLineAnnotationTest,testEquals,30,0,void,public,true,true,true,true
C:\Users\simon\Documents\Code\thesis-code\jfreechart-master\src\test\java\org\jfree\chart\annotations\CategoryLineAnnotationTest.java,CategoryLineAnnotationTest.java,CategoryLineAnnotationTest,testHashcode,6,0,void,public,true,true,true,true
C:\Users\simon\Documents\Code\thesis-code\jfreechart-master\src\test\java\org\jfree\chart\annotations\CategoryLineAnnotationTest.java,CategoryLineAnnotationTest.java,CategoryLineAnnotationTest,testCloning,5,0,void,public,true,true,true,true
C:\Users\simon\Documents\Code\thesis-code\jfreechart-master\src\test\java\org\jfree\chart\annotations\CategoryLineAnnotationTest.java,CategoryLineAnnotationTest.java,CategoryLineAnnotationTest,testPublicCloneable,2,0,void,public,true,true,true,true
C:\Users\simon\Documents\Code\thesis-code\jfreechart-master\src\test\java\org\jfree\chart\annotations\CategoryLineAnnotationTest.java,CategoryLineAnnotationTest.java,CategoryLineAnnotationTest,testSerialization,3,0,void,public,true,true,true,true
C:\Users\simon\Documents\Code\thesis-code\jfreechart-master\src\test\java\org\jfree\chart\annotations\CategoryPointerAnnotationTest.java,CategoryPointerAnnotationTest.java,CategoryPointerAnnotationTest,testEquals,48,0,void,public,true,true,true,true
C:\Users\simon\Documents\Code\thesis-code\jfreechart-master\src\test\java\org\jfree\chart\annotations\CategoryPointerAnnotationTest.java,CategoryPointerAnnotationTest.java,CategoryPointerAnnotationTest,testHashCode,6,0,void,public,true,true,true,true
C:\Users\simon\Documents\Code\thesis-code\jfreechart-master\src\test\java\org\jfree\chart\annotations\CategoryPointerAnnotationTest.java,CategoryPointerAnnotationTest.java,CategoryPointerAnnotationTest,testCloning,5,0,void,public,true,true,true,true
C:\Users\simon\Documents\Code\thesis-code\jfreechart-master\src\test\java\org\jfree\chart\annotations\CategoryPointerAnnotationTest.java,CategoryPointerAnnotationTest.java,CategoryPointerAnnotationTest,testPublicCloneable,2,0,void,public,true,true,true,true
C:\Users\simon\Documents\Code\thesis-code\jfreechart-master\src\test\java\org\jfree\chart\annotations\CategoryPointerAnnotationTest.java,CategoryPointerAnnotationTest.java,CategoryPointerAnnotationTest,testSerialization,3,0,void,public,true,true,true,true
C:\Users\simon\Documents\Code\thesis-code\jfreechart-master\src\test\java\org\jfree\chart\annotations\CategoryTextAnnotationTest.java,CategoryTextAnnotationTest.java,CategoryTextAnnotationTest,testEquals,15,0,void,public,true,true,true,true
C:\Users\simon\Documents\Code\thesis-code\jfreechart-master\src\test\java\org\jfree\chart\annotations\CategoryTextAnnotationTest.java,CategoryTextAnnotationTest.java,CategoryTextAnnotationTest,testHashcode,6,0,void,public,true,true,true,true
C:\Users\simon\Documents\Code\thesis-code\jfreechart-master\src\test\java\org\jfree\chart\annotations\CategoryTextAnnotationTest.java,CategoryTextAnnotationTest.java,CategoryTextAnnotationTest,testCloning,5,0,void,public,true,true,true,true
C:\Users\simon\Documents\Code\thesis-code\jfreechart-master\src\test\java\org\jfree\chart\annotations\CategoryTextAnnotationTest.java,CategoryTextAnnotationTest.java,CategoryTextAnnotationTest,testPublicCloneable,2,0,void,public,true,true,true,true
C:\Users\simon\Documents\Code\thesis-code\jfreechart-master\src\test\java\org\jfree\chart\annotations\CategoryTextAnnotationTest.java,CategoryTextAnnotationTest.java,CategoryTextAnnotationTest,testSerialization,3,0,void,public,true,true,true,true
C:\Users\simon\Documents\Code\thesis-code\jfreechart-master\src\test\java\org\jfree\chart\annotations\TextAnnotationTest.java,TextAnnotationTest.java,TextAnnotationTest,testEquals,27,0,void,public,true,true,true,true
C:\Users\simon\Documents\Code\thesis-code\jfreechart-master\src\test\java\org\jfree\chart\annotations\TextAnnotationTest.java,TextAnnotationTest.java,TextAnnotationTest,testHashCode,6,0,void,public,true,true,true,true
C:\Users\simon\Documents\Code\thesis-code\jfreechart-master\src\test\java\org\jfree\chart\annotations\TextAnnotationTest.java,TextAnnotationTest.java,TextAnnotationTest,testSetRotationAnchor,2,0,void,public,true,true,true,true
C:\Users\simon\Documents\Code\thesis-code\jfreechart-master\src\test\java\org\jfree\chart\annotations\TextAnnotationTest.java,TextAnnotationTest.java,TextAnnotationTest,testChangeEvents,23,0,void,public,true,true,true,true
C:\Users\simon\Documents\Code\thesis-code\jfreechart-master\src\test\java\org\jfree\chart\annotations\TextAnnotationTest.java,TextAnnotationTest.java,TextAnnotationTest,annotationChanged,1,1,void,public,false,false,true,true
C:\Users\simon\Documents\Code\thesis-code\jfreechart-master\src\test\java\org\jfree\chart\annotations\XYBoxAnnotationTest.java,XYBoxAnnotationTest.java,XYBoxAnnotationTest,testConstructorExceptions,5,0,void,public,true,true,true,true
C:\Users\simon\Documents\Code\thesis-code\jfreechart-master\src\test\java\org\jfree\chart\annotations\XYBoxAnnotationTest.java,XYBoxAnnotationTest.java,XYBoxAnnotationTest,testEquals,24,0,void,public,true,true,true,true
C:\Users\simon\Documents\Code\thesis-code\jfreechart-master\src\test\java\org\jfree\chart\annotations\XYBoxAnnotationTest.java,XYBoxAnnotationTest.java,XYBoxAnnotationTest,testHashCode,6,0,void,public,true,true,true,true
C:\Users\simon\Documents\Code\thesis-code\jfreechart-master\src\test\java\org\jfree\chart\annotations\XYBoxAnnotationTest.java,XYBoxAnnotationTest.java,XYBoxAnnotationTest,testCloning,5,0,void,public,true,true,true,true
C:\Users\simon\Documents\Code\thesis-code\jfreechart-master\src\test\java\org\jfree\chart\annotations\XYBoxAnnotationTest.java,XYBoxAnnotationTest.java,XYBoxAnnotationTest,testPublicCloneable,2,0,void,public,true,true,true,true
C:\Users\simon\Documents\Code\thesis-code\jfreechart-master\src\test\java\org\jfree\chart\annotations\XYBoxAnnotationTest.java,XYBoxAnnotationTest.java,XYBoxAnnotationTest,testSerialization,3,0,void,public,true,true,true,true
C:\Users\simon\Documents\Code\thesis-code\jfreechart-master\src\test\java\org\jfree\chart\annotations\XYBoxAnnotationTest.java,XYBoxAnnotationTest.java,XYBoxAnnotationTest,testDrawWithNullInfo,1,0,void,public,true,true,true,true
C:\Users\simon\Documents\Code\thesis-code\jfreechart-master\src\test\java\org\jfree\chart\annotations\XYDrawableAnnotationTest.java,XYDrawableAnnotationTest.java,TestDrawable,draw,0,2,void,public,false,false,true,true
C:\Users\simon\Documents\Code\thesis-code\jfreechart-master\src\test\java\org\jfree\chart\annotations\XYDrawableAnnotationTest.java,XYDrawableAnnotationTest.java,TestDrawable,equals,3,1,boolean,public,false,false,true,true
C:\Users\simon\Documents\Code\thesis-code\jfreechart-master\src\test\java\org\jfree\chart\annotations\XYDrawableAnnotationTest.java,XYDrawableAnnotationTest.java,TestDrawable,clone,1,0,Object,public,false,false,true,true
C:\Users\simon\Documents\Code\thesis-code\jfreechart-master\src\test\java\org\jfree\chart\annotations\XYDrawableAnnotationTest.java,XYDrawableAnnotationTest.java,TestDrawable,testEquals,23,0,void,public,true,true,true,true
C:\Users\simon\Documents\Code\thesis-code\jfreechart-master\src\test\java\org\jfree\chart\annotations\XYDrawableAnnotationTest.java,XYDrawableAnnotationTest.java,TestDrawable,testHashCode,6,0,void,public,true,true,true,true
C:\Users\simon\Documents\Code\thesis-code\jfreechart-master\src\test\java\org\jfree\chart\annotations\XYDrawableAnnotationTest.java,XYDrawableAnnotationTest.java,TestDrawable,testCloning,5,0,void,public,true,true,true,true
C:\Users\simon\Documents\Code\thesis-code\jfreechart-master\src\test\java\org\jfree\chart\annotations\XYDrawableAnnotationTest.java,XYDrawableAnnotationTest.java,TestDrawable,testPublicCloneable,2,0,void,public,true,true,true,true
C:\Users\simon\Documents\Code\thesis-code\jfreechart-master\src\test\java\org\jfree\chart\annotations\XYDrawableAnnotationTest.java,XYDrawableAnnotationTest.java,TestDrawable,testSerialization,3,0,void,public,true,true,true,true
C:\Users\simon\Documents\Code\thesis-code\jfreechart-master\src\test\java\org\jfree\chart\annotations\XYLineAnnotationTest.java,XYLineAnnotationTest.java,XYLineAnnotationTest,testConstructor,8,0,void,public,true,true,true,true
C:\Users\simon\Documents\Code\thesis-code\jfreechart-master\src\test\java\org\jfree\chart\annotations\XYLineAnnotationTest.java,XYLineAnnotationTest.java,XYLineAnnotationTest,testConstructorExceptions,7,0,void,public,true,true,true,true
C:\Users\simon\Documents\Code\thesis-code\jfreechart-master\src\test\java\org\jfree\chart\annotations\XYLineAnnotationTest.java,XYLineAnnotationTest.java,XYLineAnnotationTest,testEquals,32,0,void,public,true,true,true,true
C:\Users\simon\Documents\Code\thesis-code\jfreechart-master\src\test\java\org\jfree\chart\annotations\XYLineAnnotationTest.java,XYLineAnnotationTest.java,XYLineAnnotationTest,testHashCode,7,0,void,public,true,true,true,true
C:\Users\simon\Documents\Code\thesis-code\jfreechart-master\src\test\java\org\jfree\chart\annotations\XYLineAnnotationTest.java,XYLineAnnotationTest.java,XYLineAnnotationTest,testCloning,6,0,void,public,true,true,true,true
C:\Users\simon\Documents\Code\thesis-code\jfreechart-master\src\test\java\org\jfree\chart\annotations\XYLineAnnotationTest.java,XYLineAnnotationTest.java,XYLineAnnotationTest,testPublicCloneable,3,0,void,public,true,true,true,true
C:\Users\simon\Documents\Code\thesis-code\jfreechart-master\src\test\java\org\jfree\chart\annotations\XYLineAnnotationTest.java,XYLineAnnotationTest.java,XYLineAnnotationTest,testSerialization,4,0,void,public,true,true,true,true
C:\Users\simon\Documents\Code\thesis-code\jfreechart-master\src\test\java\org\jfree\chart\annotations\XYPointerAnnotationTest.java,XYPointerAnnotationTest.java,XYPointerAnnotationTest,testEquals,48,0,void,public,true,true,true,true
C:\Users\simon\Documents\Code\thesis-code\jfreechart-master\src\test\java\org\jfree\chart\annotations\XYPointerAnnotationTest.java,XYPointerAnnotationTest.java,XYPointerAnnotationTest,testHashCode,6,0,void,public,true,true,true,true
C:\Users\simon\Documents\Code\thesis-code\jfreechart-master\src\test\java\org\jfree\chart\annotations\XYPointerAnnotationTest.java,XYPointerAnnotationTest.java,XYPointerAnnotationTest,testCloning,5,0,void,public,true,true,true,true
C:\Users\simon\Documents\Code\thesis-code\jfreechart-master\src\test\java\org\jfree\chart\annotations\XYPointerAnnotationTest.java,XYPointerAnnotationTest.java,XYPointerAnnotationTest,testPublicCloneable,2,0,void,public,true,true,true,true
C:\Users\simon\Documents\Code\thesis-code\jfreechart-master\src\test\java\org\jfree\chart\annotations\XYPointerAnnotationTest.java,XYPointerAnnotationTest.java,XYPointerAnnotationTest,testSerialization,3,0,void,public,true,true,true,true
C:\Users\simon\Documents\Code\thesis-code\jfreechart-master\src\test\java\org\jfree\chart\annotations\XYPolygonAnnotationTest.java,XYPolygonAnnotationTest.java,XYPolygonAnnotationTest,testEquals,26,0,void,public,true,true,true,true
C:\Users\simon\Documents\Code\thesis-code\jfreechart-master\src\test\java\org\jfree\chart\annotations\XYPolygonAnnotationTest.java,XYPolygonAnnotationTest.java,XYPolygonAnnotationTest,testHashCode,7,0,void,public,true,true,true,true
C:\Users\simon\Documents\Code\thesis-code\jfreechart-master\src\test\java\org\jfree\chart\annotations\XYPolygonAnnotationTest.java,XYPolygonAnnotationTest.java,XYPolygonAnnotationTest,testCloning,6,0,void,public,true,true,true,true
C:\Users\simon\Documents\Code\thesis-code\jfreechart-master\src\test\java\org\jfree\chart\annotations\XYPolygonAnnotationTest.java,XYPolygonAnnotationTest.java,XYPolygonAnnotationTest,testPublicCloneable,3,0,void,public,true,true,true,true
C:\Users\simon\Documents\Code\thesis-code\jfreechart-master\src\test\java\org\jfree\chart\annotations\XYPolygonAnnotationTest.java,XYPolygonAnnotationTest.java,XYPolygonAnnotationTest,testSerialization,4,0,void,public,true,true,true,true
C:\Users\simon\Documents\Code\thesis-code\jfreechart-master\src\test\java\org\jfree\chart\annotations\XYShapeAnnotationTest.java,XYShapeAnnotationTest.java,XYShapeAnnotationTest,testEquals,24,0,void,public,true,true,true,true
C:\Users\simon\Documents\Code\thesis-code\jfreechart-master\src\test\java\org\jfree\chart\annotations\XYShapeAnnotationTest.java,XYShapeAnnotationTest.java,XYShapeAnnotationTest,testHashCode,6,0,void,public,true,true,true,true
C:\Users\simon\Documents\Code\thesis-code\jfreechart-master\src\test\java\org\jfree\chart\annotations\XYShapeAnnotationTest.java,XYShapeAnnotationTest.java,XYShapeAnnotationTest,testCloning,5,0,void,public,true,true,true,true
C:\Users\simon\Documents\Code\thesis-code\jfreechart-master\src\test\java\org\jfree\chart\annotations\XYShapeAnnotationTest.java,XYShapeAnnotationTest.java,XYShapeAnnotationTest,testPublicCloneable,2,0,void,public,true,true,true,true
C:\Users\simon\Documents\Code\thesis-code\jfreechart-master\src\test\java\org\jfree\chart\annotations\XYShapeAnnotationTest.java,XYShapeAnnotationTest.java,XYShapeAnnotationTest,testSerialization,3,0,void,public,true,true,true,true
C:\Users\simon\Documents\Code\thesis-code\jfreechart-master\src\test\java\org\jfree\chart\annotations\XYTextAnnotationTest.java,XYTextAnnotationTest.java,XYTextAnnotationTest,testEquals,53,0,void,public,true,true,true,true
C:\Users\simon\Documents\Code\thesis-code\jfreechart-master\src\test\java\org\jfree\chart\annotations\XYTextAnnotationTest.java,XYTextAnnotationTest.java,XYTextAnnotationTest,testHashCode,6,0,void,public,true,true,true,true
C:\Users\simon\Documents\Code\thesis-code\jfreechart-master\src\test\java\org\jfree\chart\annotations\XYTextAnnotationTest.java,XYTextAnnotationTest.java,XYTextAnnotationTest,testCloning,5,0,void,public,true,true,true,true
C:\Users\simon\Documents\Code\thesis-code\jfreechart-master\src\test\java\org\jfree\chart\annotations\XYTextAnnotationTest.java,XYTextAnnotationTest.java,XYTextAnnotationTest,testPublicCloneable,2,0,void,public,true,true,true,true
C:\Users\simon\Documents\Code\thesis-code\jfreechart-master\src\test\java\org\jfree\chart\annotations\XYTextAnnotationTest.java,XYTextAnnotationTest.java,XYTextAnnotationTest,testSerialization,4,0,void,public,true,true,true,true
C:\Users\simon\Documents\Code\thesis-code\jfreechart-master\src\test\java\org\jfree\chart\annotations\XYTitleAnnotationTest.java,XYTitleAnnotationTest.java,XYTitleAnnotationTest,testEquals,17,0,void,public,true,true,true,true
C:\Users\simon\Documents\Code\thesis-code\jfreechart-master\src\test\java\org\jfree\chart\annotations\XYTitleAnnotationTest.java,XYTitleAnnotationTest.java,XYTitleAnnotationTest,testHashCode,7,0,void,public,true,true,true,true
C:\Users\simon\Documents\Code\thesis-code\jfreechart-master\src\test\java\org\jfree\chart\annotations\XYTitleAnnotationTest.java,XYTitleAnnotationTest.java,XYTitleAnnotationTest,testCloning,6,0,void,public,true,true,true,true
C:\Users\simon\Documents\Code\thesis-code\jfreechart-master\src\test\java\org\jfree\chart\annotations\XYTitleAnnotationTest.java,XYTitleAnnotationTest.java,XYTitleAnnotationTest,testSerialization,4,0,void,public,true,true,true,true
C:\Users\simon\Documents\Code\thesis-code\jfreechart-master\src\test\java\org\jfree\chart\annotations\XYTitleAnnotationTest.java,XYTitleAnnotationTest.java,XYTitleAnnotationTest,testDrawWithNullInfo,1,0,void,public,true,true,true,true
C:\Users\simon\Documents\Code\thesis-code\jfreechart-master\src\test\java\org\jfree\chart\api\RectangleAlignmentTest.java,RectangleAlignmentTest.java,RectangleAlignmentTest,testAlign,37,0,void,public,true,true,true,true
C:\Users\simon\Documents\Code\thesis-code\jfreechart-master\src\test\java\org\jfree\chart\AreaChartTest.java,AreaChartTest.java,LocalListener,setUp,1,0,void,public,false,false,true,false
C:\Users\simon\Documents\Code\thesis-code\jfreechart-master\src\test\java\org\jfree\chart\AreaChartTest.java,AreaChartTest.java,LocalListener,testSetSeriesToolTipGenerator,6,0,void,public,true,true,true,false
C:\Users\simon\Documents\Code\thesis-code\jfreechart-master\src\test\java\org\jfree\chart\AreaChartTest.java,AreaChartTest.java,LocalListener,testSetSeriesURLGenerator,6,0,void,public,true,true,true,false
C:\Users\simon\Documents\Code\thesis-code\jfreechart-master\src\test\java\org\jfree\chart\AreaChartTest.java,AreaChartTest.java,LocalListener,testDrawWithNullInfo,1,0,void,public,true,true,true,false
C:\Users\simon\Documents\Code\thesis-code\jfreechart-master\src\test\java\org\jfree\chart\AreaChartTest.java,AreaChartTest.java,LocalListener,testReplaceDataset,11,0,void,public,true,true,true,false
C:\Users\simon\Documents\Code\thesis-code\jfreechart-master\src\test\java\org\jfree\chart\AreaChartTest.java,AreaChartTest.java,LocalListener,createAreaChart,3,0,JFreeChart,private; static,false,false,true,false
C:\Users\simon\Documents\Code\thesis-code\jfreechart-master\src\test\java\org\jfree\chart\AreaChartTest.java,AreaChartTest.java,LocalListener,chartChanged,1,1,void,public,false,false,true,false
C:\Users\simon\Documents\Code\thesis-code\jfreechart-master\src\test\java\org\jfree\chart\axis\AxisLocationTest.java,AxisLocationTest.java,AxisLocationTest,testEquals,4,0,void,public,true,true,true,true
C:\Users\simon\Documents\Code\thesis-code\jfreechart-master\src\test\java\org\jfree\chart\axis\AxisLocationTest.java,AxisLocationTest.java,AxisLocationTest,testHashCode,6,0,void,public,true,true,true,true
C:\Users\simon\Documents\Code\thesis-code\jfreechart-master\src\test\java\org\jfree\chart\axis\AxisLocationTest.java,AxisLocationTest.java,AxisLocationTest,testSerialization,5,0,void,public,true,true,true,true
C:\Users\simon\Documents\Code\thesis-code\jfreechart-master\src\test\java\org\jfree\chart\axis\AxisSpaceTest.java,AxisSpaceTest.java,AxisSpaceTest,testEquals,19,0,void,public,true,true,true,true
C:\Users\simon\Documents\Code\thesis-code\jfreechart-master\src\test\java\org\jfree\chart\axis\AxisSpaceTest.java,AxisSpaceTest.java,AxisSpaceTest,testHashCode,6,0,void,public,true,true,true,true
C:\Users\simon\Documents\Code\thesis-code\jfreechart-master\src\test\java\org\jfree\chart\axis\AxisSpaceTest.java,AxisSpaceTest.java,AxisSpaceTest,testCloning,5,0,void,public,true,true,true,true
C:\Users\simon\Documents\Code\thesis-code\jfreechart-master\src\test\java\org\jfree\chart\axis\AxisTest.java,AxisTest.java,AxisTest,testCloning,6,0,void,public,true,true,true,true
C:\Users\simon\Documents\Code\thesis-code\jfreechart-master\src\test\java\org\jfree\chart\axis\AxisTest.java,AxisTest.java,AxisTest,testEquals,108,0,void,public,true,true,true,true
C:\Users\simon\Documents\Code\thesis-code\jfreechart-master\src\test\java\org\jfree\chart\axis\AxisTest.java,AxisTest.java,AxisTest,testHashCode,6,0,void,public,true,true,true,true
C:\Users\simon\Documents\Code\thesis-code\jfreechart-master\src\test\java\org\jfree\chart\axis\AxisTest.java,AxisTest.java,AxisTest,testSerialization,6,0,void,public,true,true,true,true
C:\Users\simon\Documents\Code\thesis-code\jfreechart-master\src\test\java\org\jfree\chart\axis\CategoryAnchorTest.java,CategoryAnchorTest.java,CategoryAnchorTest,testEquals,5,0,void,public,true,true,true,true
C:\Users\simon\Documents\Code\thesis-code\jfreechart-master\src\test\java\org\jfree\chart\axis\CategoryAnchorTest.java,CategoryAnchorTest.java,CategoryAnchorTest,testHashCode,6,0,void,public,true,true,true,true
C:\Users\simon\Documents\Code\thesis-code\jfreechart-master\src\test\java\org\jfree\chart\axis\CategoryAnchorTest.java,CategoryAnchorTest.java,CategoryAnchorTest,testSerialization,4,0,void,public,true,true,true,true
C:\Users\simon\Documents\Code\thesis-code\jfreechart-master\src\test\java\org\jfree\chart\axis\CategoryAxisTest.java,CategoryAxisTest.java,CategoryAxisTest,testEquals,47,0,void,public,true,true,true,true
C:\Users\simon\Documents\Code\thesis-code\jfreechart-master\src\test\java\org\jfree\chart\axis\CategoryAxisTest.java,CategoryAxisTest.java,CategoryAxisTest,testHashCode,6,0,void,public,true,true,true,true
C:\Users\simon\Documents\Code\thesis-code\jfreechart-master\src\test\java\org\jfree\chart\axis\CategoryAxisTest.java,CategoryAxisTest.java,CategoryAxisTest,testCloning,5,0,void,public,true,true,true,true
C:\Users\simon\Documents\Code\thesis-code\jfreechart-master\src\test\java\org\jfree\chart\axis\CategoryAxisTest.java,CategoryAxisTest.java,CategoryAxisTest,testCloning2,19,0,void,public,true,true,true,true
C:\Users\simon\Documents\Code\thesis-code\jfreechart-master\src\test\java\org\jfree\chart\axis\CategoryAxisTest.java,CategoryAxisTest.java,CategoryAxisTest,testSerialization,4,0,void,public,true,true,true,true
C:\Users\simon\Documents\Code\thesis-code\jfreechart-master\src\test\java\org\jfree\chart\axis\CategoryLabelPositionsTest.java,CategoryLabelPositionsTest.java,CategoryLabelPositionsTest,testEquals,19,0,void,public,true,true,true,true
C:\Users\simon\Documents\Code\thesis-code\jfreechart-master\src\test\java\org\jfree\chart\axis\CategoryLabelPositionsTest.java,CategoryLabelPositionsTest.java,CategoryLabelPositionsTest,testHashCode,6,0,void,public,true,true,true,true
C:\Users\simon\Documents\Code\thesis-code\jfreechart-master\src\test\java\org\jfree\chart\axis\CategoryLabelPositionsTest.java,CategoryLabelPositionsTest.java,CategoryLabelPositionsTest,testSerialization,3,0,void,public,true,true,true,true
C:\Users\simon\Documents\Code\thesis-code\jfreechart-master\src\test\java\org\jfree\chart\axis\CategoryLabelPositionTest.java,CategoryLabelPositionTest.java,CategoryLabelPositionTest,testEquals,28,0,void,public,true,true,true,true
C:\Users\simon\Documents\Code\thesis-code\jfreechart-master\src\test\java\org\jfree\chart\axis\CategoryLabelPositionTest.java,CategoryLabelPositionTest.java,CategoryLabelPositionTest,testHashCode,6,0,void,public,true,true,true,true
C:\Users\simon\Documents\Code\thesis-code\jfreechart-master\src\test\java\org\jfree\chart\axis\CategoryLabelPositionTest.java,CategoryLabelPositionTest.java,CategoryLabelPositionTest,testSerialization,3,0,void,public,true,true,true,true
C:\Users\simon\Documents\Code\thesis-code\jfreechart-master\src\test\java\org\jfree\chart\axis\CategoryLabelWidthTypeTest.java,CategoryLabelWidthTypeTest.java,CategoryLabelWidthTypeTest,testEquals,2,0,void,public,true,true,true,true
C:\Users\simon\Documents\Code\thesis-code\jfreechart-master\src\test\java\org\jfree\chart\axis\CategoryLabelWidthTypeTest.java,CategoryLabelWidthTypeTest.java,CategoryLabelWidthTypeTest,testHashCode,6,0,void,public,true,true,true,true
C:\Users\simon\Documents\Code\thesis-code\jfreechart-master\src\test\java\org\jfree\chart\axis\CategoryLabelWidthTypeTest.java,CategoryLabelWidthTypeTest.java,CategoryLabelWidthTypeTest,testSerialization,4,0,void,public,true,true,true,true
C:\Users\simon\Documents\Code\thesis-code\jfreechart-master\src\test\java\org\jfree\chart\axis\CategoryTickTest.java,CategoryTickTest.java,CategoryTickTest,testEquals,33,0,void,public,true,true,true,true
C:\Users\simon\Documents\Code\thesis-code\jfreechart-master\src\test\java\org\jfree\chart\axis\CategoryTickTest.java,CategoryTickTest.java,CategoryTickTest,testHashCode,12,0,void,public,true,true,true,true
C:\Users\simon\Documents\Code\thesis-code\jfreechart-master\src\test\java\org\jfree\chart\axis\CategoryTickTest.java,CategoryTickTest.java,CategoryTickTest,testCloning,5,0,void,public,true,true,true,true
C:\Users\simon\Documents\Code\thesis-code\jfreechart-master\src\test\java\org\jfree\chart\axis\CategoryTickTest.java,CategoryTickTest.java,CategoryTickTest,testSerialization,3,0,void,public,true,true,true,true
C:\Users\simon\Documents\Code\thesis-code\jfreechart-master\src\test\java\org\jfree\chart\axis\CyclicNumberAxisTest.java,CyclicNumberAxisTest.java,CyclicNumberAxisTest,testCloning,5,0,void,public,true,true,true,true
C:\Users\simon\Documents\Code\thesis-code\jfreechart-master\src\test\java\org\jfree\chart\axis\CyclicNumberAxisTest.java,CyclicNumberAxisTest.java,CyclicNumberAxisTest,testEquals,28,0,void,public,true,true,true,true
C:\Users\simon\Documents\Code\thesis-code\jfreechart-master\src\test\java\org\jfree\chart\axis\CyclicNumberAxisTest.java,CyclicNumberAxisTest.java,CyclicNumberAxisTest,testHashCode,6,0,void,public,true,true,true,true
C:\Users\simon\Documents\Code\thesis-code\jfreechart-master\src\test\java\org\jfree\chart\axis\CyclicNumberAxisTest.java,CyclicNumberAxisTest.java,CyclicNumberAxisTest,testSerialization,3,0,void,public,true,true,true,true
C:\Users\simon\Documents\Code\thesis-code\jfreechart-master\src\test\java\org\jfree\chart\axis\DateAxisTest.java,DateAxisTest.java,MyDateAxis,previousStandardDate,1,2,Date,public,false,false,true,false
C:\Users\simon\Documents\Code\thesis-code\jfreechart-master\src\test\java\org\jfree\chart\axis\DateAxisTest.java,DateAxisTest.java,MyDateAxis,testEquals,25,0,void,public,true,true,true,false
C:\Users\simon\Documents\Code\thesis-code\jfreechart-master\src\test\java\org\jfree\chart\axis\DateAxisTest.java,DateAxisTest.java,MyDateAxis,test1472942,7,0,void,public,true,true,true,false
C:\Users\simon\Documents\Code\thesis-code\jfreechart-master\src\test\java\org\jfree\chart\axis\DateAxisTest.java,DateAxisTest.java,MyDateAxis,testHashCode,6,0,void,public,true,true,true,false
C:\Users\simon\Documents\Code\thesis-code\jfreechart-master\src\test\java\org\jfree\chart\axis\DateAxisTest.java,DateAxisTest.java,MyDateAxis,testCloning,5,0,void,public,true,true,true,false
C:\Users\simon\Documents\Code\thesis-code\jfreechart-master\src\test\java\org\jfree\chart\axis\DateAxisTest.java,DateAxisTest.java,MyDateAxis,testSetRange,10,0,void,public,true,true,true,false
C:\Users\simon\Documents\Code\thesis-code\jfreechart-master\src\test\java\org\jfree\chart\axis\DateAxisTest.java,DateAxisTest.java,MyDateAxis,testSetMaximumDate,11,0,void,public,true,true,true,false
C:\Users\simon\Documents\Code\thesis-code\jfreechart-master\src\test\java\org\jfree\chart\axis\DateAxisTest.java,DateAxisTest.java,MyDateAxis,testSetMinimumDate,9,0,void,public,true,true,true,false
C:\Users\simon\Documents\Code\thesis-code\jfreechart-master\src\test\java\org\jfree\chart\axis\DateAxisTest.java,DateAxisTest.java,MyDateAxis,same,1,3,boolean,private,false,false,true,false
C:\Users\simon\Documents\Code\thesis-code\jfreechart-master\src\test\java\org\jfree\chart\axis\DateAxisTest.java,DateAxisTest.java,MyDateAxis,testJava2DToValue,20,0,void,public,true,true,true,false
C:\Users\simon\Documents\Code\thesis-code\jfreechart-master\src\test\java\org\jfree\chart\axis\DateAxisTest.java,DateAxisTest.java,MyDateAxis,testSerialization,3,0,void,public,true,true,true,false
C:\Users\simon\Documents\Code\thesis-code\jfreechart-master\src\test\java\org\jfree\chart\axis\DateAxisTest.java,DateAxisTest.java,MyDateAxis,testPreviousStandardDateYearA,49,0,void,public,true,true,true,false
C:\Users\simon\Documents\Code\thesis-code\jfreechart-master\src\test\java\org\jfree\chart\axis\DateAxisTest.java,DateAxisTest.java,MyDateAxis,testPreviousStandardDateYearB,49,0,void,public,true,true,true,false
C:\Users\simon\Documents\Code\thesis-code\jfreechart-master\src\test\java\org\jfree\chart\axis\DateAxisTest.java,DateAxisTest.java,MyDateAxis,testPreviousStandardDateMonthA,49,0,void,public,true,true,true,false
C:\Users\simon\Documents\Code\thesis-code\jfreechart-master\src\test\java\org\jfree\chart\axis\DateAxisTest.java,DateAxisTest.java,MyDateAxis,testPreviousStandardDateMonthB,49,0,void,public,true,true,true,false
C:\Users\simon\Documents\Code\thesis-code\jfreechart-master\src\test\java\org\jfree\chart\axis\DateAxisTest.java,DateAxisTest.java,MyDateAxis,testPreviousStandardDateDayA,49,0,void,public,true,true,true,false
C:\Users\simon\Documents\Code\thesis-code\jfreechart-master\src\test\java\org\jfree\chart\axis\DateAxisTest.java,DateAxisTest.java,MyDateAxis,testPreviousStandardDateDayB,49,0,void,public,true,true,true,false
C:\Users\simon\Documents\Code\thesis-code\jfreechart-master\src\test\java\org\jfree\chart\axis\DateAxisTest.java,DateAxisTest.java,MyDateAxis,testPreviousStandardDateHourA,49,0,void,public,true,true,true,false
C:\Users\simon\Documents\Code\thesis-code\jfreechart-master\src\test\java\org\jfree\chart\axis\DateAxisTest.java,DateAxisTest.java,MyDateAxis,testPreviousStandardDateHourB,49,0,void,public,true,true,true,false
C:\Users\simon\Documents\Code\thesis-code\jfreechart-master\src\test\java\org\jfree\chart\axis\DateAxisTest.java,DateAxisTest.java,MyDateAxis,testPreviousStandardDateSecondA,49,0,void,public,true,true,true,false
C:\Users\simon\Documents\Code\thesis-code\jfreechart-master\src\test\java\org\jfree\chart\axis\DateAxisTest.java,DateAxisTest.java,MyDateAxis,testPreviousStandardDateSecondB,49,0,void,public,true,true,true,false
C:\Users\simon\Documents\Code\thesis-code\jfreechart-master\src\test\java\org\jfree\chart\axis\DateAxisTest.java,DateAxisTest.java,MyDateAxis,testPreviousStandardDateMillisecondA,25,0,void,public,true,true,true,false
C:\Users\simon\Documents\Code\thesis-code\jfreechart-master\src\test\java\org\jfree\chart\axis\DateAxisTest.java,DateAxisTest.java,MyDateAxis,testPreviousStandardDateMillisecondB,25,0,void,public,true,true,true,false
C:\Users\simon\Documents\Code\thesis-code\jfreechart-master\src\test\java\org\jfree\chart\axis\DateAxisTest.java,DateAxisTest.java,MyDateAxis,testBug2201869,31,0,void,public,true,true,true,false
C:\Users\simon\Documents\Code\thesis-code\jfreechart-master\src\test\java\org\jfree\chart\axis\DateAxisTest.java,DateAxisTest.java,MyDateAxis,testBug3484403,11,0,void,public,true,true,true,false
C:\Users\simon\Documents\Code\thesis-code\jfreechart-master\src\test\java\org\jfree\chart\axis\DateAxisTest.java,DateAxisTest.java,MyDateAxis,testBug25,39,0,void,public,true,true,true,false
C:\Users\simon\Documents\Code\thesis-code\jfreechart-master\src\test\java\org\jfree\chart\axis\DateTickMarkPositionTest.java,DateTickMarkPositionTest.java,DateTickMarkPositionTest,testEquals,6,0,void,public,true,true,true,true
C:\Users\simon\Documents\Code\thesis-code\jfreechart-master\src\test\java\org\jfree\chart\axis\DateTickMarkPositionTest.java,DateTickMarkPositionTest.java,DateTickMarkPositionTest,testHashCode,6,0,void,public,true,true,true,true
C:\Users\simon\Documents\Code\thesis-code\jfreechart-master\src\test\java\org\jfree\chart\axis\DateTickMarkPositionTest.java,DateTickMarkPositionTest.java,DateTickMarkPositionTest,testSerialization,4,0,void,public,true,true,true,true
C:\Users\simon\Documents\Code\thesis-code\jfreechart-master\src\test\java\org\jfree\chart\axis\DateTickTest.java,DateTickTest.java,DateTickTest,testEquals,34,0,void,public,true,true,true,true
C:\Users\simon\Documents\Code\thesis-code\jfreechart-master\src\test\java\org\jfree\chart\axis\DateTickTest.java,DateTickTest.java,DateTickTest,testHashCode,9,0,void,public,true,true,true,true
C:\Users\simon\Documents\Code\thesis-code\jfreechart-master\src\test\java\org\jfree\chart\axis\DateTickTest.java,DateTickTest.java,DateTickTest,testCloning,5,0,void,public,true,true,true,true
C:\Users\simon\Documents\Code\thesis-code\jfreechart-master\src\test\java\org\jfree\chart\axis\DateTickTest.java,DateTickTest.java,DateTickTest,testSerialization,3,0,void,public,true,true,true,true
C:\Users\simon\Documents\Code\thesis-code\jfreechart-master\src\test\java\org\jfree\chart\axis\DateTickUnitTest.java,DateTickUnitTest.java,DateTickUnitTest,testEquals,3,0,void,public,true,true,true,true
C:\Users\simon\Documents\Code\thesis-code\jfreechart-master\src\test\java\org\jfree\chart\axis\DateTickUnitTest.java,DateTickUnitTest.java,DateTickUnitTest,testHashCode,6,0,void,public,true,true,true,true
C:\Users\simon\Documents\Code\thesis-code\jfreechart-master\src\test\java\org\jfree\chart\axis\DateTickUnitTest.java,DateTickUnitTest.java,DateTickUnitTest,testSerialization,3,0,void,public,true,true,true,true
C:\Users\simon\Documents\Code\thesis-code\jfreechart-master\src\test\java\org\jfree\chart\axis\ExtendedCategoryAxisTest.java,ExtendedCategoryAxisTest.java,ExtendedCategoryAxisTest,testEquals,15,0,void,public,true,true,true,true
C:\Users\simon\Documents\Code\thesis-code\jfreechart-master\src\test\java\org\jfree\chart\axis\ExtendedCategoryAxisTest.java,ExtendedCategoryAxisTest.java,ExtendedCategoryAxisTest,testHashCode,6,0,void,public,true,true,true,true
C:\Users\simon\Documents\Code\thesis-code\jfreechart-master\src\test\java\org\jfree\chart\axis\ExtendedCategoryAxisTest.java,ExtendedCategoryAxisTest.java,ExtendedCategoryAxisTest,testCloning,9,0,void,public,true,true,true,true
C:\Users\simon\Documents\Code\thesis-code\jfreechart-master\src\test\java\org\jfree\chart\axis\ExtendedCategoryAxisTest.java,ExtendedCategoryAxisTest.java,ExtendedCategoryAxisTest,testCloning2,19,0,void,public,true,true,true,true
C:\Users\simon\Documents\Code\thesis-code\jfreechart-master\src\test\java\org\jfree\chart\axis\ExtendedCategoryAxisTest.java,ExtendedCategoryAxisTest.java,ExtendedCategoryAxisTest,testSerialization,4,0,void,public,true,true,true,true
C:\Users\simon\Documents\Code\thesis-code\jfreechart-master\src\test\java\org\jfree\chart\axis\LogarithmicAxisTest.java,LogarithmicAxisTest.java,MyLogarithmicAxis,switchedLog10,1,1,double,protected,false,false,true,false
C:\Users\simon\Documents\Code\thesis-code\jfreechart-master\src\test\java\org\jfree\chart\axis\LogarithmicAxisTest.java,LogarithmicAxisTest.java,MyLogarithmicAxis,setUp,7,0,void,public,false,false,true,false
C:\Users\simon\Documents\Code\thesis-code\jfreechart-master\src\test\java\org\jfree\chart\axis\LogarithmicAxisTest.java,LogarithmicAxisTest.java,MyLogarithmicAxis,testSerialization,3,0,void,public,true,true,true,false
C:\Users\simon\Documents\Code\thesis-code\jfreechart-master\src\test\java\org\jfree\chart\axis\LogarithmicAxisTest.java,LogarithmicAxisTest.java,MyLogarithmicAxis,testAdjustedLog10,8,0,void,public,true,true,true,false
C:\Users\simon\Documents\Code\thesis-code\jfreechart-master\src\test\java\org\jfree\chart\axis\LogarithmicAxisTest.java,LogarithmicAxisTest.java,MyLogarithmicAxis,checkLogPowRoundTrip,2,1,void,private,false,false,true,false
C:\Users\simon\Documents\Code\thesis-code\jfreechart-master\src\test\java\org\jfree\chart\axis\LogarithmicAxisTest.java,LogarithmicAxisTest.java,MyLogarithmicAxis,testSwitchedLog10,10,0,void,public,true,true,true,false
C:\Users\simon\Documents\Code\thesis-code\jfreechart-master\src\test\java\org\jfree\chart\axis\LogarithmicAxisTest.java,LogarithmicAxisTest.java,MyLogarithmicAxis,checkSwitchedLogPowRoundTrip,2,1,void,private,false,false,true,false
C:\Users\simon\Documents\Code\thesis-code\jfreechart-master\src\test\java\org\jfree\chart\axis\LogarithmicAxisTest.java,LogarithmicAxisTest.java,MyLogarithmicAxis,testJava2DToValue,10,0,void,public,true,true,true,false
C:\Users\simon\Documents\Code\thesis-code\jfreechart-master\src\test\java\org\jfree\chart\axis\LogarithmicAxisTest.java,LogarithmicAxisTest.java,MyLogarithmicAxis,testValueToJava2D,10,0,void,public,true,true,true,false
C:\Users\simon\Documents\Code\thesis-code\jfreechart-master\src\test\java\org\jfree\chart\axis\LogarithmicAxisTest.java,LogarithmicAxisTest.java,MyLogarithmicAxis,checkPointsToJava2D,3,2,void,private,false,false,true,false
C:\Users\simon\Documents\Code\thesis-code\jfreechart-master\src\test\java\org\jfree\chart\axis\LogarithmicAxisTest.java,LogarithmicAxisTest.java,MyLogarithmicAxis,checkPointsToValue,3,2,void,private,false,false,true,false
C:\Users\simon\Documents\Code\thesis-code\jfreechart-master\src\test\java\org\jfree\chart\axis\LogAxisTest.java,LogAxisTest.java,LogAxisTest,testCloning,5,0,void,public,true,true,true,true
C:\Users\simon\Documents\Code\thesis-code\jfreechart-master\src\test\java\org\jfree\chart\axis\LogAxisTest.java,LogAxisTest.java,LogAxisTest,testEquals,15,0,void,public,true,true,true,true
C:\Users\simon\Documents\Code\thesis-code\jfreechart-master\src\test\java\org\jfree\chart\axis\LogAxisTest.java,LogAxisTest.java,LogAxisTest,testHashCode,6,0,void,public,true,true,true,true
C:\Users\simon\Documents\Code\thesis-code\jfreechart-master\src\test\java\org\jfree\chart\axis\LogAxisTest.java,LogAxisTest.java,LogAxisTest,testTranslateJava2DToValue,20,0,void,public,true,true,true,true
C:\Users\simon\Documents\Code\thesis-code\jfreechart-master\src\test\java\org\jfree\chart\axis\LogAxisTest.java,LogAxisTest.java,LogAxisTest,testSerialization,3,0,void,public,true,true,true,true
C:\Users\simon\Documents\Code\thesis-code\jfreechart-master\src\test\java\org\jfree\chart\axis\LogAxisTest.java,LogAxisTest.java,LogAxisTest,testAutoRange1,9,0,void,public,true,true,true,true
C:\Users\simon\Documents\Code\thesis-code\jfreechart-master\src\test\java\org\jfree\chart\axis\LogAxisTest.java,LogAxisTest.java,LogAxisTest,testAutoRange3,15,0,void,public,true,true,true,true
C:\Users\simon\Documents\Code\thesis-code\jfreechart-master\src\test\java\org\jfree\chart\axis\LogAxisTest.java,LogAxisTest.java,LogAxisTest,testXYAutoRange1,12,0,void,public,true,true,true,true
C:\Users\simon\Documents\Code\thesis-code\jfreechart-master\src\test\java\org\jfree\chart\axis\LogAxisTest.java,LogAxisTest.java,LogAxisTest,testXYAutoRange2,12,0,void,public,true,true,true,true
C:\Users\simon\Documents\Code\thesis-code\jfreechart-master\src\test\java\org\jfree\chart\axis\LogAxisTest.java,LogAxisTest.java,LogAxisTest,testSetLowerBound,7,0,void,public,true,true,true,true
C:\Users\simon\Documents\Code\thesis-code\jfreechart-master\src\test\java\org\jfree\chart\axis\LogAxisTest.java,LogAxisTest.java,LogAxisTest,testTickMarksVisibleDefault,2,0,void,public,true,true,true,true
C:\Users\simon\Documents\Code\thesis-code\jfreechart-master\src\test\java\org\jfree\chart\axis\LogAxisTest.java,LogAxisTest.java,LogAxisTest,testRefreshTicksWithZeroTickUnit,6,0,void,public,true,true,true,true
C:\Users\simon\Documents\Code\thesis-code\jfreechart-master\src\test\java\org\jfree\chart\axis\MarkerAxisBandTest.java,MarkerAxisBandTest.java,MarkerAxisBandTest,testEquals,25,0,void,public,true,true,true,true
C:\Users\simon\Documents\Code\thesis-code\jfreechart-master\src\test\java\org\jfree\chart\axis\MarkerAxisBandTest.java,MarkerAxisBandTest.java,MarkerAxisBandTest,testHashCode,7,0,void,public,true,true,true,true
C:\Users\simon\Documents\Code\thesis-code\jfreechart-master\src\test\java\org\jfree\chart\axis\MarkerAxisBandTest.java,MarkerAxisBandTest.java,MarkerAxisBandTest,testSerialization,3,0,void,public,true,true,true,true
C:\Users\simon\Documents\Code\thesis-code\jfreechart-master\src\test\java\org\jfree\chart\axis\ModuloAxisTest.java,ModuloAxisTest.java,ModuloAxisTest,testCloning,5,0,void,public,true,true,true,true
C:\Users\simon\Documents\Code\thesis-code\jfreechart-master\src\test\java\org\jfree\chart\axis\ModuloAxisTest.java,ModuloAxisTest.java,ModuloAxisTest,testEquals,7,0,void,public,true,true,true,true
C:\Users\simon\Documents\Code\thesis-code\jfreechart-master\src\test\java\org\jfree\chart\axis\ModuloAxisTest.java,ModuloAxisTest.java,ModuloAxisTest,testHashCode,6,0,void,public,true,true,true,true
C:\Users\simon\Documents\Code\thesis-code\jfreechart-master\src\test\java\org\jfree\chart\axis\ModuloAxisTest.java,ModuloAxisTest.java,ModuloAxisTest,testSerialization,3,0,void,public,true,true,true,true
C:\Users\simon\Documents\Code\thesis-code\jfreechart-master\src\test\java\org\jfree\chart\axis\MonthDateFormatTest.java,MonthDateFormatTest.java,MonthDateFormatTest,testEquals,28,0,void,public,true,true,true,true
C:\Users\simon\Documents\Code\thesis-code\jfreechart-master\src\test\java\org\jfree\chart\axis\MonthDateFormatTest.java,MonthDateFormatTest.java,MonthDateFormatTest,testHashCode,6,0,void,public,true,true,true,true
C:\Users\simon\Documents\Code\thesis-code\jfreechart-master\src\test\java\org\jfree\chart\axis\MonthDateFormatTest.java,MonthDateFormatTest.java,MonthDateFormatTest,testCloning,6,0,void,public,true,true,true,true
C:\Users\simon\Documents\Code\thesis-code\jfreechart-master\src\test\java\org\jfree\chart\axis\MonthDateFormatTest.java,MonthDateFormatTest.java,MonthDateFormatTest,testSerialization,3,0,void,public,true,true,true,true
C:\Users\simon\Documents\Code\thesis-code\jfreechart-master\src\test\java\org\jfree\chart\axis\NumberAxisTest.java,NumberAxisTest.java,NumberAxisTest,testCloning,5,0,void,public,true,true,true,true
C:\Users\simon\Documents\Code\thesis-code\jfreechart-master\src\test\java\org\jfree\chart\axis\NumberAxisTest.java,NumberAxisTest.java,NumberAxisTest,testEquals,23,0,void,public,true,true,true,true
C:\Users\simon\Documents\Code\thesis-code\jfreechart-master\src\test\java\org\jfree\chart\axis\NumberAxisTest.java,NumberAxisTest.java,NumberAxisTest,testHashCode,6,0,void,public,true,true,true,true
C:\Users\simon\Documents\Code\thesis-code\jfreechart-master\src\test\java\org\jfree\chart\axis\NumberAxisTest.java,NumberAxisTest.java,NumberAxisTest,testTranslateJava2DToValue,20,0,void,public,true,true,true,true
C:\Users\simon\Documents\Code\thesis-code\jfreechart-master\src\test\java\org\jfree\chart\axis\NumberAxisTest.java,NumberAxisTest.java,NumberAxisTest,testSerialization,3,0,void,public,true,true,true,true
C:\Users\simon\Documents\Code\thesis-code\jfreechart-master\src\test\java\org\jfree\chart\axis\NumberAxisTest.java,NumberAxisTest.java,NumberAxisTest,testAutoRange1,8,0,void,public,true,true,true,true
C:\Users\simon\Documents\Code\thesis-code\jfreechart-master\src\test\java\org\jfree\chart\axis\NumberAxisTest.java,NumberAxisTest.java,NumberAxisTest,testAutoRange2,9,0,void,public,true,true,true,true
C:\Users\simon\Documents\Code\thesis-code\jfreechart-master\src\test\java\org\jfree\chart\axis\NumberAxisTest.java,NumberAxisTest.java,NumberAxisTest,testAutoRange3,15,0,void,public,true,true,true,true
C:\Users\simon\Documents\Code\thesis-code\jfreechart-master\src\test\java\org\jfree\chart\axis\NumberAxisTest.java,NumberAxisTest.java,NumberAxisTest,testAutoRange4,32,0,void,public,true,true,true,true
C:\Users\simon\Documents\Code\thesis-code\jfreechart-master\src\test\java\org\jfree\chart\axis\NumberAxisTest.java,NumberAxisTest.java,NumberAxisTest,testXYAutoRange1,12,0,void,public,true,true,true,true
C:\Users\simon\Documents\Code\thesis-code\jfreechart-master\src\test\java\org\jfree\chart\axis\NumberAxisTest.java,NumberAxisTest.java,NumberAxisTest,testXYAutoRange2,12,0,void,public,true,true,true,true
C:\Users\simon\Documents\Code\thesis-code\jfreechart-master\src\test\java\org\jfree\chart\axis\NumberAxisTest.java,NumberAxisTest.java,NumberAxisTest,testSetLowerBound,7,0,void,public,true,true,true,true
C:\Users\simon\Documents\Code\thesis-code\jfreechart-master\src\test\java\org\jfree\chart\axis\NumberTickUnitTest.java,NumberTickUnitTest.java,NumberTickUnitTest,testEquals,12,0,void,public,true,true,true,true
C:\Users\simon\Documents\Code\thesis-code\jfreechart-master\src\test\java\org\jfree\chart\axis\NumberTickUnitTest.java,NumberTickUnitTest.java,NumberTickUnitTest,testHashCode,5,0,void,public,true,true,true,true
C:\Users\simon\Documents\Code\thesis-code\jfreechart-master\src\test\java\org\jfree\chart\axis\NumberTickUnitTest.java,NumberTickUnitTest.java,NumberTickUnitTest,testCloning,2,0,void,public,true,true,true,true
C:\Users\simon\Documents\Code\thesis-code\jfreechart-master\src\test\java\org\jfree\chart\axis\NumberTickUnitTest.java,NumberTickUnitTest.java,NumberTickUnitTest,testSerialization,3,0,void,public,true,true,true,true
C:\Users\simon\Documents\Code\thesis-code\jfreechart-master\src\test\java\org\jfree\chart\axis\PeriodAxisLabelInfoTest.java,PeriodAxisLabelInfoTest.java,PeriodAxisLabelInfoTest,testEquals,53,0,void,public,true,true,true,true
C:\Users\simon\Documents\Code\thesis-code\jfreechart-master\src\test\java\org\jfree\chart\axis\PeriodAxisLabelInfoTest.java,PeriodAxisLabelInfoTest.java,PeriodAxisLabelInfoTest,testHashCode,6,0,void,public,true,true,true,true
C:\Users\simon\Documents\Code\thesis-code\jfreechart-master\src\test\java\org\jfree\chart\axis\PeriodAxisLabelInfoTest.java,PeriodAxisLabelInfoTest.java,PeriodAxisLabelInfoTest,testCloning,5,0,void,public,true,true,true,true
C:\Users\simon\Documents\Code\thesis-code\jfreechart-master\src\test\java\org\jfree\chart\axis\PeriodAxisLabelInfoTest.java,PeriodAxisLabelInfoTest.java,PeriodAxisLabelInfoTest,testSerialization,3,0,void,public,true,true,true,true
C:\Users\simon\Documents\Code\thesis-code\jfreechart-master\src\test\java\org\jfree\chart\axis\PeriodAxisLabelInfoTest.java,PeriodAxisLabelInfoTest.java,PeriodAxisLabelInfoTest,testCreateInstance,7,0,void,public,true,true,true,true
C:\Users\simon\Documents\Code\thesis-code\jfreechart-master\src\test\java\org\jfree\chart\axis\PeriodAxisTest.java,PeriodAxisTest.java,PeriodAxisTest,axisChanged,1,1,void,public,false,false,true,true
C:\Users\simon\Documents\Code\thesis-code\jfreechart-master\src\test\java\org\jfree\chart\axis\PeriodAxisTest.java,PeriodAxisTest.java,PeriodAxisTest,testEquals,47,0,void,public,true,true,true,true
C:\Users\simon\Documents\Code\thesis-code\jfreechart-master\src\test\java\org\jfree\chart\axis\PeriodAxisTest.java,PeriodAxisTest.java,PeriodAxisTest,testEqualsWithLocale,8,0,void,public,true,true,true,true
C:\Users\simon\Documents\Code\thesis-code\jfreechart-master\src\test\java\org\jfree\chart\axis\PeriodAxisTest.java,PeriodAxisTest.java,PeriodAxisTest,testHashCode,6,0,void,public,true,true,true,true
C:\Users\simon\Documents\Code\thesis-code\jfreechart-master\src\test\java\org\jfree\chart\axis\PeriodAxisTest.java,PeriodAxisTest.java,PeriodAxisTest,testCloning,32,0,void,public,true,true,true,true
C:\Users\simon\Documents\Code\thesis-code\jfreechart-master\src\test\java\org\jfree\chart\axis\PeriodAxisTest.java,PeriodAxisTest.java,PeriodAxisTest,testSerialization,4,0,void,public,true,true,true,true
C:\Users\simon\Documents\Code\thesis-code\jfreechart-master\src\test\java\org\jfree\chart\axis\PeriodAxisTest.java,PeriodAxisTest.java,PeriodAxisTest,test1932146,5,0,void,public,true,true,true,true
C:\Users\simon\Documents\Code\thesis-code\jfreechart-master\src\test\java\org\jfree\chart\axis\PeriodAxisTest.java,PeriodAxisTest.java,PeriodAxisTest,test2490803,3,0,void,public,true,true,true,true
C:\Users\simon\Documents\Code\thesis-code\jfreechart-master\src\test\java\org\jfree\chart\axis\QuarterDateFormatTest.java,QuarterDateFormatTest.java,QuarterDateFormatTest,testEquals,16,0,void,public,true,true,true,true
C:\Users\simon\Documents\Code\thesis-code\jfreechart-master\src\test\java\org\jfree\chart\axis\QuarterDateFormatTest.java,QuarterDateFormatTest.java,QuarterDateFormatTest,testHashCode,6,0,void,public,true,true,true,true
C:\Users\simon\Documents\Code\thesis-code\jfreechart-master\src\test\java\org\jfree\chart\axis\QuarterDateFormatTest.java,QuarterDateFormatTest.java,QuarterDateFormatTest,testCloning,6,0,void,public,true,true,true,true
C:\Users\simon\Documents\Code\thesis-code\jfreechart-master\src\test\java\org\jfree\chart\axis\QuarterDateFormatTest.java,QuarterDateFormatTest.java,QuarterDateFormatTest,testSerialization,3,0,void,public,true,true,true,true
C:\Users\simon\Documents\Code\thesis-code\jfreechart-master\src\test\java\org\jfree\chart\axis\StandardTickUnitSourceTest.java,StandardTickUnitSourceTest.java,StandardTickUnitSourceTest,testEquals,3,0,void,public,true,true,true,true
C:\Users\simon\Documents\Code\thesis-code\jfreechart-master\src\test\java\org\jfree\chart\axis\StandardTickUnitSourceTest.java,StandardTickUnitSourceTest.java,StandardTickUnitSourceTest,testSerialization,3,0,void,public,true,true,true,true
C:\Users\simon\Documents\Code\thesis-code\jfreechart-master\src\test\java\org\jfree\chart\axis\SubCategoryAxisTest.java,SubCategoryAxisTest.java,SubCategoryAxisTest,testEquals,16,0,void,public,true,true,true,true
C:\Users\simon\Documents\Code\thesis-code\jfreechart-master\src\test\java\org\jfree\chart\axis\SubCategoryAxisTest.java,SubCategoryAxisTest.java,SubCategoryAxisTest,testHashCode,6,0,void,public,true,true,true,true
C:\Users\simon\Documents\Code\thesis-code\jfreechart-master\src\test\java\org\jfree\chart\axis\SubCategoryAxisTest.java,SubCategoryAxisTest.java,SubCategoryAxisTest,testCloning,6,0,void,public,true,true,true,true
C:\Users\simon\Documents\Code\thesis-code\jfreechart-master\src\test\java\org\jfree\chart\axis\SubCategoryAxisTest.java,SubCategoryAxisTest.java,SubCategoryAxisTest,testSerialization,4,0,void,public,true,true,true,true
C:\Users\simon\Documents\Code\thesis-code\jfreechart-master\src\test\java\org\jfree\chart\axis\SubCategoryAxisTest.java,SubCategoryAxisTest.java,SubCategoryAxisTest,test2275695,4,0,void,public,true,true,true,true
C:\Users\simon\Documents\Code\thesis-code\jfreechart-master\src\test\java\org\jfree\chart\axis\SymbolAxisTest.java,SymbolAxisTest.java,SymbolAxisTest,testSerialization,4,0,void,public,true,true,true,true
C:\Users\simon\Documents\Code\thesis-code\jfreechart-master\src\test\java\org\jfree\chart\axis\SymbolAxisTest.java,SymbolAxisTest.java,SymbolAxisTest,testCloning,5,0,void,public,true,true,true,true
C:\Users\simon\Documents\Code\thesis-code\jfreechart-master\src\test\java\org\jfree\chart\axis\SymbolAxisTest.java,SymbolAxisTest.java,SymbolAxisTest,testEquals,24,0,void,public,true,true,true,true
C:\Users\simon\Documents\Code\thesis-code\jfreechart-master\src\test\java\org\jfree\chart\axis\TickUnitsTest.java,TickUnitsTest.java,TickUnitsTest,testSerialization,4,0,void,public,true,true,true,true
C:\Users\simon\Documents\Code\thesis-code\jfreechart-master\src\test\java\org\jfree\chart\axis\TickUnitsTest.java,TickUnitsTest.java,TickUnitsTest,testCloning,6,0,void,public,true,true,true,true
C:\Users\simon\Documents\Code\thesis-code\jfreechart-master\src\test\java\org\jfree\chart\axis\TickUnitsTest.java,TickUnitsTest.java,TickUnitsTest,testEquals,6,0,void,public,true,true,true,true
C:\Users\simon\Documents\Code\thesis-code\jfreechart-master\src\test\java\org\jfree\chart\axis\ValueAxisTest.java,ValueAxisTest.java,ValueAxisTest,testCloning,5,0,void,public,true,true,true,true
C:\Users\simon\Documents\Code\thesis-code\jfreechart-master\src\test\java\org\jfree\chart\axis\ValueAxisTest.java,ValueAxisTest.java,ValueAxisTest,testEquals,68,0,void,public,true,true,true,true
C:\Users\simon\Documents\Code\thesis-code\jfreechart-master\src\test\java\org\jfree\chart\axis\ValueAxisTest.java,ValueAxisTest.java,ValueAxisTest,testAxisMargins,13,0,void,public,true,true,true,true
C:\Users\simon\Documents\Code\thesis-code\jfreechart-master\src\test\java\org\jfree\chart\axis\ValueAxisTest.java,ValueAxisTest.java,ValueAxisTest,test3555275,15,0,void,public,true,true,true,true
C:\Users\simon\Documents\Code\thesis-code\jfreechart-master\src\test\java\org\jfree\chart\BarChartTest.java,BarChartTest.java,LocalListener,setUp,1,0,void,public,false,false,true,false
C:\Users\simon\Documents\Code\thesis-code\jfreechart-master\src\test\java\org\jfree\chart\BarChartTest.java,BarChartTest.java,LocalListener,testDrawWithNullInfo,1,0,void,public,true,true,true,false
C:\Users\simon\Documents\Code\thesis-code\jfreechart-master\src\test\java\org\jfree\chart\BarChartTest.java,BarChartTest.java,LocalListener,testReplaceDataset,11,0,void,public,true,true,true,false
C:\Users\simon\Documents\Code\thesis-code\jfreechart-master\src\test\java\org\jfree\chart\BarChartTest.java,BarChartTest.java,LocalListener,testSetSeriesToolTipGenerator,6,0,void,public,true,true,true,false
C:\Users\simon\Documents\Code\thesis-code\jfreechart-master\src\test\java\org\jfree\chart\BarChartTest.java,BarChartTest.java,LocalListener,testSetSeriesURLGenerator,6,0,void,public,true,true,true,false
C:\Users\simon\Documents\Code\thesis-code\jfreechart-master\src\test\java\org\jfree\chart\BarChartTest.java,BarChartTest.java,LocalListener,createBarChart,3,0,JFreeChart,private; static,false,false,true,false
C:\Users\simon\Documents\Code\thesis-code\jfreechart-master\src\test\java\org\jfree\chart\BarChartTest.java,BarChartTest.java,LocalListener,chartChanged,1,1,void,public,false,false,true,false
C:\Users\simon\Documents\Code\thesis-code\jfreechart-master\src\test\java\org\jfree\chart\block\AbstractBlockTest.java,AbstractBlockTest.java,AbstractBlockTest,testEquals,40,0,void,public,true,true,true,true
C:\Users\simon\Documents\Code\thesis-code\jfreechart-master\src\test\java\org\jfree\chart\block\AbstractBlockTest.java,AbstractBlockTest.java,AbstractBlockTest,testCloning,12,0,void,public,true,true,true,true
C:\Users\simon\Documents\Code\thesis-code\jfreechart-master\src\test\java\org\jfree\chart\block\AbstractBlockTest.java,AbstractBlockTest.java,AbstractBlockTest,testSerialization,3,0,void,public,true,true,true,true
C:\Users\simon\Documents\Code\thesis-code\jfreechart-master\src\test\java\org\jfree\chart\block\BlockBorderTest.java,BlockBorderTest.java,BlockBorderTest,testEquals,12,0,void,public,true,true,true,true
C:\Users\simon\Documents\Code\thesis-code\jfreechart-master\src\test\java\org\jfree\chart\block\BlockBorderTest.java,BlockBorderTest.java,BlockBorderTest,testCloning,2,0,void,public,true,true,true,true
C:\Users\simon\Documents\Code\thesis-code\jfreechart-master\src\test\java\org\jfree\chart\block\BlockBorderTest.java,BlockBorderTest.java,BlockBorderTest,testSerialization,3,0,void,public,true,true,true,true
C:\Users\simon\Documents\Code\thesis-code\jfreechart-master\src\test\java\org\jfree\chart\block\BlockContainerTest.java,BlockContainerTest.java,BlockContainerTest,testEquals,12,0,void,public,true,true,true,true
C:\Users\simon\Documents\Code\thesis-code\jfreechart-master\src\test\java\org\jfree\chart\block\BlockContainerTest.java,BlockContainerTest.java,BlockContainerTest,testCloning,6,0,void,public,true,true,true,true
C:\Users\simon\Documents\Code\thesis-code\jfreechart-master\src\test\java\org\jfree\chart\block\BlockContainerTest.java,BlockContainerTest.java,BlockContainerTest,testSerialization,4,0,void,public,true,true,true,true
C:\Users\simon\Documents\Code\thesis-code\jfreechart-master\src\test\java\org\jfree\chart\block\BorderArrangementTest.java,BorderArrangementTest.java,BorderArrangementTest,testEquals,24,0,void,public,true,true,true,true
C:\Users\simon\Documents\Code\thesis-code\jfreechart-master\src\test\java\org\jfree\chart\block\BorderArrangementTest.java,BorderArrangementTest.java,BorderArrangementTest,testCloning,2,0,void,public,true,true,true,true
C:\Users\simon\Documents\Code\thesis-code\jfreechart-master\src\test\java\org\jfree\chart\block\BorderArrangementTest.java,BorderArrangementTest.java,BorderArrangementTest,testSerialization,3,0,void,public,true,true,true,true
C:\Users\simon\Documents\Code\thesis-code\jfreechart-master\src\test\java\org\jfree\chart\block\BorderArrangementTest.java,BorderArrangementTest.java,BorderArrangementTest,testSizing,225,0,void,public,true,true,true,true
C:\Users\simon\Documents\Code\thesis-code\jfreechart-master\src\test\java\org\jfree\chart\block\BorderArrangementTest.java,BorderArrangementTest.java,BorderArrangementTest,testSizingWithWidthConstraint,216,0,void,public,true,true,true,true
C:\Users\simon\Documents\Code\thesis-code\jfreechart-master\src\test\java\org\jfree\chart\block\BorderArrangementTest.java,BorderArrangementTest.java,BorderArrangementTest,testBugX,17,0,void,public,true,true,true,true
C:\Users\simon\Documents\Code\thesis-code\jfreechart-master\src\test\java\org\jfree\chart\block\ColorBlockTest.java,ColorBlockTest.java,ColorBlockTest,testEquals,16,0,void,public,true,true,true,true
C:\Users\simon\Documents\Code\thesis-code\jfreechart-master\src\test\java\org\jfree\chart\block\ColorBlockTest.java,ColorBlockTest.java,ColorBlockTest,testCloning,13,0,void,public,true,true,true,true
C:\Users\simon\Documents\Code\thesis-code\jfreechart-master\src\test\java\org\jfree\chart\block\ColorBlockTest.java,ColorBlockTest.java,ColorBlockTest,testSerialization,4,0,void,public,true,true,true,true
C:\Users\simon\Documents\Code\thesis-code\jfreechart-master\src\test\java\org\jfree\chart\block\ColumnArrangementTest.java,ColumnArrangementTest.java,ColumnArrangementTest,testEquals,20,0,void,public,true,true,true,true
C:\Users\simon\Documents\Code\thesis-code\jfreechart-master\src\test\java\org\jfree\chart\block\ColumnArrangementTest.java,ColumnArrangementTest.java,ColumnArrangementTest,testCloning,2,0,void,public,true,true,true,true
C:\Users\simon\Documents\Code\thesis-code\jfreechart-master\src\test\java\org\jfree\chart\block\ColumnArrangementTest.java,ColumnArrangementTest.java,ColumnArrangementTest,testSerialization,3,0,void,public,true,true,true,true
C:\Users\simon\Documents\Code\thesis-code\jfreechart-master\src\test\java\org\jfree\chart\block\EmptyBlockTest.java,EmptyBlockTest.java,EmptyBlockTest,testEquals,12,0,void,public,true,true,true,true
C:\Users\simon\Documents\Code\thesis-code\jfreechart-master\src\test\java\org\jfree\chart\block\EmptyBlockTest.java,EmptyBlockTest.java,EmptyBlockTest,testCloning,6,0,void,public,true,true,true,true
C:\Users\simon\Documents\Code\thesis-code\jfreechart-master\src\test\java\org\jfree\chart\block\EmptyBlockTest.java,EmptyBlockTest.java,EmptyBlockTest,testSerialization,3,0,void,public,true,true,true,true
C:\Users\simon\Documents\Code\thesis-code\jfreechart-master\src\test\java\org\jfree\chart\block\FlowArrangementTest.java,FlowArrangementTest.java,FlowArrangementTest,testEquals,20,0,void,public,true,true,true,true
C:\Users\simon\Documents\Code\thesis-code\jfreechart-master\src\test\java\org\jfree\chart\block\FlowArrangementTest.java,FlowArrangementTest.java,FlowArrangementTest,testCloning,2,0,void,public,true,true,true,true
C:\Users\simon\Documents\Code\thesis-code\jfreechart-master\src\test\java\org\jfree\chart\block\FlowArrangementTest.java,FlowArrangementTest.java,FlowArrangementTest,testSerialization,3,0,void,public,true,true,true,true
C:\Users\simon\Documents\Code\thesis-code\jfreechart-master\src\test\java\org\jfree\chart\block\GridArrangementTest.java,GridArrangementTest.java,GridArrangementTest,testEquals,12,0,void,public,true,true,true,true
C:\Users\simon\Documents\Code\thesis-code\jfreechart-master\src\test\java\org\jfree\chart\block\GridArrangementTest.java,GridArrangementTest.java,GridArrangementTest,testCloning,2,0,void,public,true,true,true,true
C:\Users\simon\Documents\Code\thesis-code\jfreechart-master\src\test\java\org\jfree\chart\block\GridArrangementTest.java,GridArrangementTest.java,GridArrangementTest,testSerialization,3,0,void,public,true,true,true,true
C:\Users\simon\Documents\Code\thesis-code\jfreechart-master\src\test\java\org\jfree\chart\block\GridArrangementTest.java,GridArrangementTest.java,GridArrangementTest,testNN,4,0,void,public,true,true,true,true
C:\Users\simon\Documents\Code\thesis-code\jfreechart-master\src\test\java\org\jfree\chart\block\GridArrangementTest.java,GridArrangementTest.java,GridArrangementTest,testFN,5,0,void,public,true,true,true,true
C:\Users\simon\Documents\Code\thesis-code\jfreechart-master\src\test\java\org\jfree\chart\block\GridArrangementTest.java,GridArrangementTest.java,GridArrangementTest,testNF,5,0,void,public,true,true,true,true
C:\Users\simon\Documents\Code\thesis-code\jfreechart-master\src\test\java\org\jfree\chart\block\GridArrangementTest.java,GridArrangementTest.java,GridArrangementTest,testRF,5,0,void,public,true,true,true,true
C:\Users\simon\Documents\Code\thesis-code\jfreechart-master\src\test\java\org\jfree\chart\block\GridArrangementTest.java,GridArrangementTest.java,GridArrangementTest,testRR,5,0,void,public,true,true,true,true
C:\Users\simon\Documents\Code\thesis-code\jfreechart-master\src\test\java\org\jfree\chart\block\GridArrangementTest.java,GridArrangementTest.java,GridArrangementTest,testRN,5,0,void,public,true,true,true,true
C:\Users\simon\Documents\Code\thesis-code\jfreechart-master\src\test\java\org\jfree\chart\block\GridArrangementTest.java,GridArrangementTest.java,GridArrangementTest,testNR,5,0,void,public,true,true,true,true
C:\Users\simon\Documents\Code\thesis-code\jfreechart-master\src\test\java\org\jfree\chart\block\GridArrangementTest.java,GridArrangementTest.java,GridArrangementTest,createTestContainer1,8,0,BlockContainer,private,false,false,true,true
C:\Users\simon\Documents\Code\thesis-code\jfreechart-master\src\test\java\org\jfree\chart\block\GridArrangementTest.java,GridArrangementTest.java,GridArrangementTest,testNullBlock_FF,5,0,void,public,true,true,true,true
C:\Users\simon\Documents\Code\thesis-code\jfreechart-master\src\test\java\org\jfree\chart\block\GridArrangementTest.java,GridArrangementTest.java,GridArrangementTest,testNullBlock_FN,5,0,void,public,true,true,true,true
C:\Users\simon\Documents\Code\thesis-code\jfreechart-master\src\test\java\org\jfree\chart\block\GridArrangementTest.java,GridArrangementTest.java,GridArrangementTest,testNullBlock_FR,5,0,void,public,true,true,true,true
C:\Users\simon\Documents\Code\thesis-code\jfreechart-master\src\test\java\org\jfree\chart\block\GridArrangementTest.java,GridArrangementTest.java,GridArrangementTest,testNullBlock_NN,5,0,void,public,true,true,true,true
C:\Users\simon\Documents\Code\thesis-code\jfreechart-master\src\test\java\org\jfree\chart\block\GridArrangementTest.java,GridArrangementTest.java,GridArrangementTest,testGridNotFull_FF,6,0,void,public,true,true,true,true
C:\Users\simon\Documents\Code\thesis-code\jfreechart-master\src\test\java\org\jfree\chart\block\GridArrangementTest.java,GridArrangementTest.java,GridArrangementTest,testGridNotFull_FN,6,0,void,public,true,true,true,true
C:\Users\simon\Documents\Code\thesis-code\jfreechart-master\src\test\java\org\jfree\chart\block\GridArrangementTest.java,GridArrangementTest.java,GridArrangementTest,testGridNotFull_FR,6,0,void,public,true,true,true,true
C:\Users\simon\Documents\Code\thesis-code\jfreechart-master\src\test\java\org\jfree\chart\block\GridArrangementTest.java,GridArrangementTest.java,GridArrangementTest,testGridNotFull_NN,6,0,void,public,true,true,true,true
C:\Users\simon\Documents\Code\thesis-code\jfreechart-master\src\test\java\org\jfree\chart\block\LabelBlockTest.java,LabelBlockTest.java,LabelBlockTest,testEquals,32,0,void,public,true,true,true,true
C:\Users\simon\Documents\Code\thesis-code\jfreechart-master\src\test\java\org\jfree\chart\block\LabelBlockTest.java,LabelBlockTest.java,LabelBlockTest,testCloning,5,0,void,public,true,true,true,true
C:\Users\simon\Documents\Code\thesis-code\jfreechart-master\src\test\java\org\jfree\chart\block\LabelBlockTest.java,LabelBlockTest.java,LabelBlockTest,testSerialization,4,0,void,public,true,true,true,true
C:\Users\simon\Documents\Code\thesis-code\jfreechart-master\src\test\java\org\jfree\chart\block\LineBorderTest.java,LineBorderTest.java,LineBorderTest,testEquals,16,0,void,public,true,true,true,true
C:\Users\simon\Documents\Code\thesis-code\jfreechart-master\src\test\java\org\jfree\chart\block\LineBorderTest.java,LineBorderTest.java,LineBorderTest,testCloning,2,0,void,public,true,true,true,true
C:\Users\simon\Documents\Code\thesis-code\jfreechart-master\src\test\java\org\jfree\chart\block\LineBorderTest.java,LineBorderTest.java,LineBorderTest,testSerialization,3,0,void,public,true,true,true,true
C:\Users\simon\Documents\Code\thesis-code\jfreechart-master\src\test\java\org\jfree\chart\block\RectangleConstraintTest.java,RectangleConstraintTest.java,RectangleConstraintTest,testCalculateConstrainedSize,37,0,void,public,true,true,true,true
C:\Users\simon\Documents\Code\thesis-code\jfreechart-master\src\test\java\org\jfree\chart\ChartRenderingInfoTest.java,ChartRenderingInfoTest.java,ChartRenderingInfoTest,testEquals,18,0,void,public,true,true,true,true
C:\Users\simon\Documents\Code\thesis-code\jfreechart-master\src\test\java\org\jfree\chart\ChartRenderingInfoTest.java,ChartRenderingInfoTest.java,ChartRenderingInfoTest,testCloning,13,0,void,public,true,true,true,true
C:\Users\simon\Documents\Code\thesis-code\jfreechart-master\src\test\java\org\jfree\chart\ChartRenderingInfoTest.java,ChartRenderingInfoTest.java,ChartRenderingInfoTest,testSerialization,4,0,void,public,true,true,true,true
C:\Users\simon\Documents\Code\thesis-code\jfreechart-master\src\test\java\org\jfree\chart\ChartRenderingInfoTest.java,ChartRenderingInfoTest.java,ChartRenderingInfoTest,testSerialization2,5,0,void,public,true,true,true,true
C:\Users\simon\Documents\Code\thesis-code\jfreechart-master\src\test\java\org\jfree\chart\encoders\EncoderUtilTest.java,EncoderUtilTest.java,EncoderUtilTest,setUp,3,0,void,,false,false,true,true
C:\Users\simon\Documents\Code\thesis-code\jfreechart-master\src\test\java\org\jfree\chart\encoders\EncoderUtilTest.java,EncoderUtilTest.java,EncoderUtilTest,encodeThrowExceptionWhenRequiredInputsAreNull,10,0,void,,true,false,true,true
C:\Users\simon\Documents\Code\thesis-code\jfreechart-master\src\test\java\org\jfree\chart\encoders\EncoderUtilTest.java,EncoderUtilTest.java,EncoderUtilTest,throwsExceptionIfFormatIsInvalid,1,0,void,,true,false,true,true
C:\Users\simon\Documents\Code\thesis-code\jfreechart-master\src\test\java\org\jfree\chart\encoders\EncoderUtilTest.java,EncoderUtilTest.java,EncoderUtilTest,canDecodeValidImageFormats,3,0,void,,true,false,true,true
C:\Users\simon\Documents\Code\thesis-code\jfreechart-master\src\test\java\org\jfree\chart\encoders\EncoderUtilTest.java,EncoderUtilTest.java,EncoderUtilTest,canEncode,2,1,void,private,false,false,true,true
C:\Users\simon\Documents\Code\thesis-code\jfreechart-master\src\test\java\org\jfree\chart\encoders\EncoderUtilTest.java,EncoderUtilTest.java,EncoderUtilTest,canEncodeWithAlphaTransparency,2,0,void,,true,false,true,true
C:\Users\simon\Documents\Code\thesis-code\jfreechart-master\src\test\java\org\jfree\chart\encoders\EncoderUtilTest.java,EncoderUtilTest.java,EncoderUtilTest,canEncodeWithoutAlphaTransparency,2,0,void,,true,false,true,true
C:\Users\simon\Documents\Code\thesis-code\jfreechart-master\src\test\java\org\jfree\chart\encoders\EncoderUtilTest.java,EncoderUtilTest.java,EncoderUtilTest,canEncodeWithQualityLevel,2,0,void,,true,false,true,true
C:\Users\simon\Documents\Code\thesis-code\jfreechart-master\src\test\java\org\jfree\chart\encoders\EncoderUtilTest.java,EncoderUtilTest.java,EncoderUtilTest,canEncodeWithQualityAndTransparency,2,0,void,,true,false,true,true
C:\Users\simon\Documents\Code\thesis-code\jfreechart-master\src\test\java\org\jfree\chart\encoders\EncoderUtilTest.java,EncoderUtilTest.java,EncoderUtilTest,canEncodeWithQualityButWithoutTransparency,2,0,void,,true,false,true,true
C:\Users\simon\Documents\Code\thesis-code\jfreechart-master\src\test\java\org\jfree\chart\encoders\EncoderUtilTest.java,EncoderUtilTest.java,EncoderUtilTest,writeBufferedImage_throwsExceptionWithAllNulls,5,0,void,,true,false,true,true
C:\Users\simon\Documents\Code\thesis-code\jfreechart-master\src\test\java\org\jfree\chart\encoders\EncoderUtilTest.java,EncoderUtilTest.java,EncoderUtilTest,writeBufferedImage_throwsExceptionWhenFormatIsNull,3,0,void,,true,false,true,true
C:\Users\simon\Documents\Code\thesis-code\jfreechart-master\src\test\java\org\jfree\chart\encoders\EncoderUtilTest.java,EncoderUtilTest.java,EncoderUtilTest,writeBufferedImage_throwsExceptionWhenOutputStreamIsNull,3,0,void,,true,false,true,true
C:\Users\simon\Documents\Code\thesis-code\jfreechart-master\src\test\java\org\jfree\chart\encoders\EncoderUtilTest.java,EncoderUtilTest.java,EncoderUtilTest,testWriteBufferedImage,2,0,void,,true,true,true,true
C:\Users\simon\Documents\Code\thesis-code\jfreechart-master\src\test\java\org\jfree\chart\encoders\EncoderUtilTest.java,EncoderUtilTest.java,EncoderUtilTest,canWriteBufferedImageWithQuality,2,0,void,,true,false,true,true
C:\Users\simon\Documents\Code\thesis-code\jfreechart-master\src\test\java\org\jfree\chart\encoders\EncoderUtilTest.java,EncoderUtilTest.java,EncoderUtilTest,canWriteBufferedImageWithTransparency,2,0,void,,true,false,true,true
C:\Users\simon\Documents\Code\thesis-code\jfreechart-master\src\test\java\org\jfree\chart\encoders\EncoderUtilTest.java,EncoderUtilTest.java,EncoderUtilTest,canWriteBufferedImageWithoutTransparency,2,0,void,,true,false,true,true
C:\Users\simon\Documents\Code\thesis-code\jfreechart-master\src\test\java\org\jfree\chart\encoders\EncoderUtilTest.java,EncoderUtilTest.java,EncoderUtilTest,canWriteBufferedImageWithQualityAndTransparency,2,0,void,,true,false,true,true
C:\Users\simon\Documents\Code\thesis-code\jfreechart-master\src\test\java\org\jfree\chart\encoders\EncoderUtilTest.java,EncoderUtilTest.java,EncoderUtilTest,canWriteBufferedImageWithQualityButWithoutTransparency,2,0,void,,true,false,true,true
C:\Users\simon\Documents\Code\thesis-code\jfreechart-master\src\test\java\org\jfree\chart\entity\CategoryItemEntityTest.java,CategoryItemEntityTest.java,CategoryItemEntityTest,testEquals,20,0,void,public,true,true,true,true
C:\Users\simon\Documents\Code\thesis-code\jfreechart-master\src\test\java\org\jfree\chart\entity\CategoryItemEntityTest.java,CategoryItemEntityTest.java,CategoryItemEntityTest,testCloning,10,0,void,public,true,true,true,true
C:\Users\simon\Documents\Code\thesis-code\jfreechart-master\src\test\java\org\jfree\chart\entity\CategoryItemEntityTest.java,CategoryItemEntityTest.java,CategoryItemEntityTest,testSerialization,8,0,void,public,true,true,true,true
C:\Users\simon\Documents\Code\thesis-code\jfreechart-master\src\test\java\org\jfree\chart\entity\CategoryLabelEntityTest.java,CategoryLabelEntityTest.java,CategoryLabelEntityTest,testEquals,19,0,void,public,true,true,true,true
C:\Users\simon\Documents\Code\thesis-code\jfreechart-master\src\test\java\org\jfree\chart\entity\CategoryLabelEntityTest.java,CategoryLabelEntityTest.java,CategoryLabelEntityTest,testCloning,5,0,void,public,true,true,true,true
C:\Users\simon\Documents\Code\thesis-code\jfreechart-master\src\test\java\org\jfree\chart\entity\CategoryLabelEntityTest.java,CategoryLabelEntityTest.java,CategoryLabelEntityTest,testSerialization,3,0,void,public,true,true,true,true
C:\Users\simon\Documents\Code\thesis-code\jfreechart-master\src\test\java\org\jfree\chart\entity\FlowEntityTest.java,FlowEntityTest.java,FlowEntityTest,testEquals,20,0,void,public,true,true,true,true
C:\Users\simon\Documents\Code\thesis-code\jfreechart-master\src\test\java\org\jfree\chart\entity\FlowEntityTest.java,FlowEntityTest.java,FlowEntityTest,testCloning,5,0,void,public,true,true,true,true
C:\Users\simon\Documents\Code\thesis-code\jfreechart-master\src\test\java\org\jfree\chart\entity\FlowEntityTest.java,FlowEntityTest.java,FlowEntityTest,testSerialization,3,0,void,public,true,true,true,true
C:\Users\simon\Documents\Code\thesis-code\jfreechart-master\src\test\java\org\jfree\chart\entity\LegendItemEntityTest.java,LegendItemEntityTest.java,LegendItemEntityTest,testEquals,23,0,void,public,true,true,true,true
C:\Users\simon\Documents\Code\thesis-code\jfreechart-master\src\test\java\org\jfree\chart\entity\LegendItemEntityTest.java,LegendItemEntityTest.java,LegendItemEntityTest,testCloning,5,0,void,public,true,true,true,true
C:\Users\simon\Documents\Code\thesis-code\jfreechart-master\src\test\java\org\jfree\chart\entity\LegendItemEntityTest.java,LegendItemEntityTest.java,LegendItemEntityTest,testSerialization,3,0,void,public,true,true,true,true
C:\Users\simon\Documents\Code\thesis-code\jfreechart-master\src\test\java\org\jfree\chart\entity\PieSectionEntityTest.java,PieSectionEntityTest.java,PieSectionEntityTest,testEquals,31,0,void,public,true,true,true,true
C:\Users\simon\Documents\Code\thesis-code\jfreechart-master\src\test\java\org\jfree\chart\entity\PieSectionEntityTest.java,PieSectionEntityTest.java,PieSectionEntityTest,testCloning,5,0,void,public,true,true,true,true
C:\Users\simon\Documents\Code\thesis-code\jfreechart-master\src\test\java\org\jfree\chart\entity\PieSectionEntityTest.java,PieSectionEntityTest.java,PieSectionEntityTest,testSerialization,3,0,void,public,true,true,true,true
C:\Users\simon\Documents\Code\thesis-code\jfreechart-master\src\test\java\org\jfree\chart\entity\StandardEntityCollectionTest.java,StandardEntityCollectionTest.java,StandardEntityCollectionTest,testEquals,9,0,void,public,true,true,true,true
C:\Users\simon\Documents\Code\thesis-code\jfreechart-master\src\test\java\org\jfree\chart\entity\StandardEntityCollectionTest.java,StandardEntityCollectionTest.java,StandardEntityCollectionTest,testCloning,11,0,void,public,true,true,true,true
C:\Users\simon\Documents\Code\thesis-code\jfreechart-master\src\test\java\org\jfree\chart\entity\StandardEntityCollectionTest.java,StandardEntityCollectionTest.java,StandardEntityCollectionTest,testSerialization,5,0,void,public,true,true,true,true
C:\Users\simon\Documents\Code\thesis-code\jfreechart-master\src\test\java\org\jfree\chart\entity\TickLabelEntityTest.java,TickLabelEntityTest.java,TickLabelEntityTest,testEquals,15,0,void,public,true,true,true,true
C:\Users\simon\Documents\Code\thesis-code\jfreechart-master\src\test\java\org\jfree\chart\entity\TickLabelEntityTest.java,TickLabelEntityTest.java,TickLabelEntityTest,testCloning,5,0,void,public,true,true,true,true
C:\Users\simon\Documents\Code\thesis-code\jfreechart-master\src\test\java\org\jfree\chart\entity\TickLabelEntityTest.java,TickLabelEntityTest.java,TickLabelEntityTest,testSerialization,3,0,void,public,true,true,true,true
C:\Users\simon\Documents\Code\thesis-code\jfreechart-master\src\test\java\org\jfree\chart\entity\XYItemEntityTest.java,XYItemEntityTest.java,XYItemEntityTest,testEquals,23,0,void,public,true,true,true,true
C:\Users\simon\Documents\Code\thesis-code\jfreechart-master\src\test\java\org\jfree\chart\entity\XYItemEntityTest.java,XYItemEntityTest.java,XYItemEntityTest,testCloning,5,0,void,public,true,true,true,true
C:\Users\simon\Documents\Code\thesis-code\jfreechart-master\src\test\java\org\jfree\chart\entity\XYItemEntityTest.java,XYItemEntityTest.java,XYItemEntityTest,testSerialization,3,0,void,public,true,true,true,true
C:\Users\simon\Documents\Code\thesis-code\jfreechart-master\src\test\java\org\jfree\chart\GanttChartTest.java,GanttChartTest.java,LocalListener,setUp,1,0,void,public,false,false,true,false
C:\Users\simon\Documents\Code\thesis-code\jfreechart-master\src\test\java\org\jfree\chart\GanttChartTest.java,GanttChartTest.java,LocalListener,testDrawWithNullInfo,1,0,void,public,true,true,true,false
C:\Users\simon\Documents\Code\thesis-code\jfreechart-master\src\test\java\org\jfree\chart\GanttChartTest.java,GanttChartTest.java,LocalListener,testDrawWithNullInfo2,4,0,void,public,true,true,true,false
C:\Users\simon\Documents\Code\thesis-code\jfreechart-master\src\test\java\org\jfree\chart\GanttChartTest.java,GanttChartTest.java,LocalListener,testReplaceDataset,5,0,void,public,true,true,true,false
C:\Users\simon\Documents\Code\thesis-code\jfreechart-master\src\test\java\org\jfree\chart\GanttChartTest.java,GanttChartTest.java,LocalListener,testSetSeriesToolTipGenerator,6,0,void,public,true,true,true,false
C:\Users\simon\Documents\Code\thesis-code\jfreechart-master\src\test\java\org\jfree\chart\GanttChartTest.java,GanttChartTest.java,LocalListener,testSetSeriesURLGenerator,6,0,void,public,true,true,true,false
C:\Users\simon\Documents\Code\thesis-code\jfreechart-master\src\test\java\org\jfree\chart\GanttChartTest.java,GanttChartTest.java,LocalListener,createGanttChart,1,0,JFreeChart,private; static,false,false,true,false
C:\Users\simon\Documents\Code\thesis-code\jfreechart-master\src\test\java\org\jfree\chart\GanttChartTest.java,GanttChartTest.java,LocalListener,createDataset,30,0,"IntervalCategoryDataset<String, String>",private; static,false,false,true,false
C:\Users\simon\Documents\Code\thesis-code\jfreechart-master\src\test\java\org\jfree\chart\GanttChartTest.java,GanttChartTest.java,LocalListener,date,4,3,Date,private; static,false,false,true,false
C:\Users\simon\Documents\Code\thesis-code\jfreechart-master\src\test\java\org\jfree\chart\GanttChartTest.java,GanttChartTest.java,LocalListener,chartChanged,1,1,void,public,false,false,true,false
C:\Users\simon\Documents\Code\thesis-code\jfreechart-master\src\test\java\org\jfree\chart\imagemap\DynamicDriveToolTipTagFragmentGeneratorTest.java,DynamicDriveToolTipTagFragmentGeneratorTest.java,DynamicDriveToolTipTagFragmentGeneratorTest,testGenerateURLFragment,3,0,void,public,true,true,true,true
C:\Users\simon\Documents\Code\thesis-code\jfreechart-master\src\test\java\org\jfree\chart\imagemap\ImageMapUtilsTest.java,ImageMapUtilsTest.java,ImageMapUtilsTest,testHTMLEscape,9,0,void,public,true,true,true,true
C:\Users\simon\Documents\Code\thesis-code\jfreechart-master\src\test\java\org\jfree\chart\imagemap\ImageMapUtilsTest.java,ImageMapUtilsTest.java,ImageMapUtilsTest,testJavascriptEscape,5,0,void,public,true,true,true,true
C:\Users\simon\Documents\Code\thesis-code\jfreechart-master\src\test\java\org\jfree\chart\imagemap\ImageMapUtilsTest.java,ImageMapUtilsTest.java,ImageMapUtilsTest,testGetImageMap,7,0,void,public,true,true,true,true
C:\Users\simon\Documents\Code\thesis-code\jfreechart-master\src\test\java\org\jfree\chart\imagemap\ImageMapUtilsTest.java,ImageMapUtilsTest.java,ImageMapUtilsTest,testGetImageMapIllegalArgumentException,1,0,void,public,true,true,true,true
C:\Users\simon\Documents\Code\thesis-code\jfreechart-master\src\test\java\org\jfree\chart\imagemap\ImageMapUtilsTest.java,ImageMapUtilsTest.java,ImageMapUtilsTest,testGetImageMapIllegalArgumentException_2,1,0,void,public,true,true,true,true
C:\Users\simon\Documents\Code\thesis-code\jfreechart-master\src\test\java\org\jfree\chart\imagemap\OverLIBToolTipTagFragmentGeneratorTest.java,OverLIBToolTipTagFragmentGeneratorTest.java,OverLIBToolTipTagFragmentGeneratorTest,testGenerateURLFragment,3,0,void,public,true,true,true,true
C:\Users\simon\Documents\Code\thesis-code\jfreechart-master\src\test\java\org\jfree\chart\imagemap\StandardToolTipTagFragmentGeneratorTest.java,StandardToolTipTagFragmentGeneratorTest.java,StandardToolTipTagFragmentGeneratorTest,testGenerateURLFragment,3,0,void,public,true,true,true,true
C:\Users\simon\Documents\Code\thesis-code\jfreechart-master\src\test\java\org\jfree\chart\imagemap\StandardURLTagFragmentGeneratorTest.java,StandardURLTagFragmentGeneratorTest.java,StandardURLTagFragmentGeneratorTest,testGenerateURLFragment,4,0,void,public,true,true,true,true
C:\Users\simon\Documents\Code\thesis-code\jfreechart-master\src\test\java\org\jfree\chart\internal\ArgsTest.java,ArgsTest.java,ArgsTest,testRequireInRange,4,0,void,public,true,true,true,true
C:\Users\simon\Documents\Code\thesis-code\jfreechart-master\src\test\java\org\jfree\chart\internal\CloneUtilsTest.java,CloneUtilsTest.java,CloneUtilsTest,testCopyString,3,0,void,public,true,true,true,true
C:\Users\simon\Documents\Code\thesis-code\jfreechart-master\src\test\java\org\jfree\chart\internal\CloneUtilsTest.java,CloneUtilsTest.java,CloneUtilsTest,testCloneListOfStrings,13,0,void,public,true,true,true,true
C:\Users\simon\Documents\Code\thesis-code\jfreechart-master\src\test\java\org\jfree\chart\internal\HashUtilsTest.java,HashUtilsTest.java,HashUtilsTest,testHashCodeForDoubleArray,8,0,void,public,true,true,true,true
C:\Users\simon\Documents\Code\thesis-code\jfreechart-master\src\test\java\org\jfree\chart\internal\LineUtilsTest.java,LineUtilsTest.java,LineUtilsTest,lineEquals,7,5,boolean,private,false,false,true,true
C:\Users\simon\Documents\Code\thesis-code\jfreechart-master\src\test\java\org\jfree\chart\internal\LineUtilsTest.java,LineUtilsTest.java,LineUtilsTest,testClipLine,40,0,void,public,true,true,true,true
C:\Users\simon\Documents\Code\thesis-code\jfreechart-master\src\test\java\org\jfree\chart\internal\LineUtilsTest.java,LineUtilsTest.java,LineUtilsTest,testClipLineWithNaN,13,0,void,public,true,true,true,true
C:\Users\simon\Documents\Code\thesis-code\jfreechart-master\src\test\java\org\jfree\chart\internal\SerialUtilsTest.java,SerialUtilsTest.java,ObjectWithMapOfStroke,mapOfPaintSerialisation,9,0,void,public,true,false,true,false
C:\Users\simon\Documents\Code\thesis-code\jfreechart-master\src\test\java\org\jfree\chart\internal\SerialUtilsTest.java,SerialUtilsTest.java,ObjectWithMapOfStroke,mapOfStrokeSerialisation,5,0,void,public,true,false,true,false
C:\Users\simon\Documents\Code\thesis-code\jfreechart-master\src\test\java\org\jfree\chart\internal\SerialUtilsTest.java,SerialUtilsTest.java,ObjectWithMapOfStroke,getMap,1,0,"Map<Integer, Paint>",public,false,false,true,false
C:\Users\simon\Documents\Code\thesis-code\jfreechart-master\src\test\java\org\jfree\chart\internal\SerialUtilsTest.java,SerialUtilsTest.java,ObjectWithMapOfStroke,writeObject,2,1,void,private,false,false,true,false
C:\Users\simon\Documents\Code\thesis-code\jfreechart-master\src\test\java\org\jfree\chart\internal\SerialUtilsTest.java,SerialUtilsTest.java,ObjectWithMapOfStroke,readObject,2,1,void,private,false,false,true,false
C:\Users\simon\Documents\Code\thesis-code\jfreechart-master\src\test\java\org\jfree\chart\internal\SerialUtilsTest.java,SerialUtilsTest.java,ObjectWithMapOfStroke,getMap,1,0,"Map<Integer, Stroke>",public,false,false,true,false
C:\Users\simon\Documents\Code\thesis-code\jfreechart-master\src\test\java\org\jfree\chart\internal\SerialUtilsTest.java,SerialUtilsTest.java,ObjectWithMapOfStroke,writeObject,2,1,void,private,false,false,true,false
C:\Users\simon\Documents\Code\thesis-code\jfreechart-master\src\test\java\org\jfree\chart\internal\SerialUtilsTest.java,SerialUtilsTest.java,ObjectWithMapOfStroke,readObject,2,1,void,private,false,false,true,false
C:\Users\simon\Documents\Code\thesis-code\jfreechart-master\src\test\java\org\jfree\chart\internal\ShapeUtilsTest.java,ShapeUtilsTest.java,ShapeUtilsTest,testEqualsLine2D,4,0,void,public,true,true,true,true
C:\Users\simon\Documents\Code\thesis-code\jfreechart-master\src\test\java\org\jfree\chart\internal\ShapeUtilsTest.java,ShapeUtilsTest.java,ShapeUtilsTest,testEqualsEllipse2D,4,0,void,public,true,true,true,true
C:\Users\simon\Documents\Code\thesis-code\jfreechart-master\src\test\java\org\jfree\chart\internal\ShapeUtilsTest.java,ShapeUtilsTest.java,ShapeUtilsTest,testCloneRectangularShape,7,0,void,public,true,true,true,true
C:\Users\simon\Documents\Code\thesis-code\jfreechart-master\src\test\java\org\jfree\chart\internal\ShapeUtilsTest.java,ShapeUtilsTest.java,ShapeUtilsTest,testCloneLine2D,7,0,void,public,true,true,true,true
C:\Users\simon\Documents\Code\thesis-code\jfreechart-master\src\test\java\org\jfree\chart\internal\ShapeUtilsTest.java,ShapeUtilsTest.java,ShapeUtilsTest,testClonePath2D,16,0,void,public,true,true,true,true
C:\Users\simon\Documents\Code\thesis-code\jfreechart-master\src\test\java\org\jfree\chart\JFreeChartTest.java,JFreeChartTest.java,JFreeChartTest,setUp,5,0,void,public,false,false,true,true
C:\Users\simon\Documents\Code\thesis-code\jfreechart-master\src\test\java\org\jfree\chart\JFreeChartTest.java,JFreeChartTest.java,JFreeChartTest,testEquals,50,0,void,public,true,true,true,true
C:\Users\simon\Documents\Code\thesis-code\jfreechart-master\src\test\java\org\jfree\chart\JFreeChartTest.java,JFreeChartTest.java,JFreeChartTest,testEquals2,4,0,void,public,true,true,true,true
C:\Users\simon\Documents\Code\thesis-code\jfreechart-master\src\test\java\org\jfree\chart\JFreeChartTest.java,JFreeChartTest.java,JFreeChartTest,testSubtitleCount,2,0,void,public,true,true,true,true
C:\Users\simon\Documents\Code\thesis-code\jfreechart-master\src\test\java\org\jfree\chart\JFreeChartTest.java,JFreeChartTest.java,JFreeChartTest,testGetSubtitle,7,0,void,public,true,true,true,true
C:\Users\simon\Documents\Code\thesis-code\jfreechart-master\src\test\java\org\jfree\chart\JFreeChartTest.java,JFreeChartTest.java,JFreeChartTest,testSerialization1,9,0,void,public,true,true,true,true
C:\Users\simon\Documents\Code\thesis-code\jfreechart-master\src\test\java\org\jfree\chart\JFreeChartTest.java,JFreeChartTest.java,JFreeChartTest,testSerialization2,39,0,void,public,true,true,true,true
C:\Users\simon\Documents\Code\thesis-code\jfreechart-master\src\test\java\org\jfree\chart\JFreeChartTest.java,JFreeChartTest.java,JFreeChartTest,testSerialization3,10,0,void,public,true,true,true,true
C:\Users\simon\Documents\Code\thesis-code\jfreechart-master\src\test\java\org\jfree\chart\JFreeChartTest.java,JFreeChartTest.java,JFreeChartTest,testAddSubtitle,11,0,void,public,true,true,true,true
C:\Users\simon\Documents\Code\thesis-code\jfreechart-master\src\test\java\org\jfree\chart\JFreeChartTest.java,JFreeChartTest.java,JFreeChartTest,testGetSubtitles,6,0,void,public,true,true,true,true
C:\Users\simon\Documents\Code\thesis-code\jfreechart-master\src\test\java\org\jfree\chart\JFreeChartTest.java,JFreeChartTest.java,JFreeChartTest,testLegendEvents,7,0,void,public,true,true,true,true
C:\Users\simon\Documents\Code\thesis-code\jfreechart-master\src\test\java\org\jfree\chart\JFreeChartTest.java,JFreeChartTest.java,JFreeChartTest,testTitleChangeEvent,18,0,void,public,true,true,true,true
C:\Users\simon\Documents\Code\thesis-code\jfreechart-master\src\test\java\org\jfree\chart\JFreeChartTest.java,JFreeChartTest.java,JFreeChartTest,testBug942,2,0,void,public,true,true,true,true
C:\Users\simon\Documents\Code\thesis-code\jfreechart-master\src\test\java\org\jfree\chart\JFreeChartTest.java,JFreeChartTest.java,JFreeChartTest,chartChanged,1,1,void,public,false,false,true,true
C:\Users\simon\Documents\Code\thesis-code\jfreechart-master\src\test\java\org\jfree\chart\labels\BoxAndWhiskerToolTipGeneratorTest.java,BoxAndWhiskerToolTipGeneratorTest.java,BoxAndWhiskerToolTipGeneratorTest,testEquals,12,0,void,public,true,true,true,true
C:\Users\simon\Documents\Code\thesis-code\jfreechart-master\src\test\java\org\jfree\chart\labels\BoxAndWhiskerToolTipGeneratorTest.java,BoxAndWhiskerToolTipGeneratorTest.java,BoxAndWhiskerToolTipGeneratorTest,testHashCode,4,0,void,public,true,true,true,true
C:\Users\simon\Documents\Code\thesis-code\jfreechart-master\src\test\java\org\jfree\chart\labels\BoxAndWhiskerToolTipGeneratorTest.java,BoxAndWhiskerToolTipGeneratorTest.java,BoxAndWhiskerToolTipGeneratorTest,testCloning,5,0,void,public,true,true,true,true
C:\Users\simon\Documents\Code\thesis-code\jfreechart-master\src\test\java\org\jfree\chart\labels\BoxAndWhiskerToolTipGeneratorTest.java,BoxAndWhiskerToolTipGeneratorTest.java,BoxAndWhiskerToolTipGeneratorTest,testPublicCloneable,2,0,void,public,true,true,true,true
C:\Users\simon\Documents\Code\thesis-code\jfreechart-master\src\test\java\org\jfree\chart\labels\BoxAndWhiskerToolTipGeneratorTest.java,BoxAndWhiskerToolTipGeneratorTest.java,BoxAndWhiskerToolTipGeneratorTest,testSerialization,3,0,void,public,true,true,true,true
C:\Users\simon\Documents\Code\thesis-code\jfreechart-master\src\test\java\org\jfree\chart\labels\BoxAndWhiskerXYToolTipGeneratorTest.java,BoxAndWhiskerXYToolTipGeneratorTest.java,BoxAndWhiskerXYToolTipGeneratorTest,testEquals,19,0,void,public,true,true,true,true
C:\Users\simon\Documents\Code\thesis-code\jfreechart-master\src\test\java\org\jfree\chart\labels\BoxAndWhiskerXYToolTipGeneratorTest.java,BoxAndWhiskerXYToolTipGeneratorTest.java,BoxAndWhiskerXYToolTipGeneratorTest,testHashCode,4,0,void,public,true,true,true,true
C:\Users\simon\Documents\Code\thesis-code\jfreechart-master\src\test\java\org\jfree\chart\labels\BoxAndWhiskerXYToolTipGeneratorTest.java,BoxAndWhiskerXYToolTipGeneratorTest.java,BoxAndWhiskerXYToolTipGeneratorTest,testCloning,5,0,void,public,true,true,true,true
C:\Users\simon\Documents\Code\thesis-code\jfreechart-master\src\test\java\org\jfree\chart\labels\BoxAndWhiskerXYToolTipGeneratorTest.java,BoxAndWhiskerXYToolTipGeneratorTest.java,BoxAndWhiskerXYToolTipGeneratorTest,testPublicCloneable,2,0,void,public,true,true,true,true
C:\Users\simon\Documents\Code\thesis-code\jfreechart-master\src\test\java\org\jfree\chart\labels\BoxAndWhiskerXYToolTipGeneratorTest.java,BoxAndWhiskerXYToolTipGeneratorTest.java,BoxAndWhiskerXYToolTipGeneratorTest,testSerialization,3,0,void,public,true,true,true,true
C:\Users\simon\Documents\Code\thesis-code\jfreechart-master\src\test\java\org\jfree\chart\labels\BubbleXYItemLabelGeneratorTest.java,BubbleXYItemLabelGeneratorTest.java,BubbleXYItemLabelGeneratorTest,testEquals,52,0,void,public,true,true,true,true
C:\Users\simon\Documents\Code\thesis-code\jfreechart-master\src\test\java\org\jfree\chart\labels\BubbleXYItemLabelGeneratorTest.java,BubbleXYItemLabelGeneratorTest.java,BubbleXYItemLabelGeneratorTest,testHashCode,4,0,void,public,true,true,true,true
C:\Users\simon\Documents\Code\thesis-code\jfreechart-master\src\test\java\org\jfree\chart\labels\BubbleXYItemLabelGeneratorTest.java,BubbleXYItemLabelGeneratorTest.java,BubbleXYItemLabelGeneratorTest,testCloning,5,0,void,public,true,true,true,true
C:\Users\simon\Documents\Code\thesis-code\jfreechart-master\src\test\java\org\jfree\chart\labels\BubbleXYItemLabelGeneratorTest.java,BubbleXYItemLabelGeneratorTest.java,BubbleXYItemLabelGeneratorTest,testPublicCloneable,2,0,void,public,true,true,true,true
C:\Users\simon\Documents\Code\thesis-code\jfreechart-master\src\test\java\org\jfree\chart\labels\BubbleXYItemLabelGeneratorTest.java,BubbleXYItemLabelGeneratorTest.java,BubbleXYItemLabelGeneratorTest,testSerialization,3,0,void,public,true,true,true,true
C:\Users\simon\Documents\Code\thesis-code\jfreechart-master\src\test\java\org\jfree\chart\labels\BubbleXYItemLabelGeneratorTest.java,BubbleXYItemLabelGeneratorTest.java,BubbleXYItemLabelGeneratorTest,testGenerateLabel,7,0,void,public,true,true,true,true
C:\Users\simon\Documents\Code\thesis-code\jfreechart-master\src\test\java\org\jfree\chart\labels\CustomXYItemLabelGeneratorTest.java,CustomXYItemLabelGeneratorTest.java,CustomXYItemLabelGeneratorTest,testCloning,5,0,void,public,true,true,true,true
C:\Users\simon\Documents\Code\thesis-code\jfreechart-master\src\test\java\org\jfree\chart\labels\CustomXYItemLabelGeneratorTest.java,CustomXYItemLabelGeneratorTest.java,CustomXYItemLabelGeneratorTest,testPublicCloneable,2,0,void,public,true,true,true,true
C:\Users\simon\Documents\Code\thesis-code\jfreechart-master\src\test\java\org\jfree\chart\labels\CustomXYItemLabelGeneratorTest.java,CustomXYItemLabelGeneratorTest.java,CustomXYItemLabelGeneratorTest,testSerialization,13,0,void,public,true,true,true,true
C:\Users\simon\Documents\Code\thesis-code\jfreechart-master\src\test\java\org\jfree\chart\labels\HighLowItemLabelGeneratorTest.java,HighLowItemLabelGeneratorTest.java,HighLowItemLabelGeneratorTest,testEquals,12,0,void,public,true,true,true,true
C:\Users\simon\Documents\Code\thesis-code\jfreechart-master\src\test\java\org\jfree\chart\labels\HighLowItemLabelGeneratorTest.java,HighLowItemLabelGeneratorTest.java,HighLowItemLabelGeneratorTest,testHashCode,4,0,void,public,true,true,true,true
C:\Users\simon\Documents\Code\thesis-code\jfreechart-master\src\test\java\org\jfree\chart\labels\HighLowItemLabelGeneratorTest.java,HighLowItemLabelGeneratorTest.java,HighLowItemLabelGeneratorTest,testCloning,5,0,void,public,true,true,true,true
C:\Users\simon\Documents\Code\thesis-code\jfreechart-master\src\test\java\org\jfree\chart\labels\HighLowItemLabelGeneratorTest.java,HighLowItemLabelGeneratorTest.java,HighLowItemLabelGeneratorTest,testPublicCloneable,2,0,void,public,true,true,true,true
C:\Users\simon\Documents\Code\thesis-code\jfreechart-master\src\test\java\org\jfree\chart\labels\HighLowItemLabelGeneratorTest.java,HighLowItemLabelGeneratorTest.java,HighLowItemLabelGeneratorTest,testSerialization,3,0,void,public,true,true,true,true
C:\Users\simon\Documents\Code\thesis-code\jfreechart-master\src\test\java\org\jfree\chart\labels\IntervalCategoryItemLabelGeneratorTest.java,IntervalCategoryItemLabelGeneratorTest.java,IntervalCategoryItemLabelGeneratorTest,testEquals,12,0,void,public,true,true,true,true
C:\Users\simon\Documents\Code\thesis-code\jfreechart-master\src\test\java\org\jfree\chart\labels\IntervalCategoryItemLabelGeneratorTest.java,IntervalCategoryItemLabelGeneratorTest.java,IntervalCategoryItemLabelGeneratorTest,testHashCode,4,0,void,public,true,true,true,true
C:\Users\simon\Documents\Code\thesis-code\jfreechart-master\src\test\java\org\jfree\chart\labels\IntervalCategoryItemLabelGeneratorTest.java,IntervalCategoryItemLabelGeneratorTest.java,IntervalCategoryItemLabelGeneratorTest,testCloning,5,0,void,public,true,true,true,true
C:\Users\simon\Documents\Code\thesis-code\jfreechart-master\src\test\java\org\jfree\chart\labels\IntervalCategoryItemLabelGeneratorTest.java,IntervalCategoryItemLabelGeneratorTest.java,IntervalCategoryItemLabelGeneratorTest,testPublicCloneable,2,0,void,public,true,true,true,true
C:\Users\simon\Documents\Code\thesis-code\jfreechart-master\src\test\java\org\jfree\chart\labels\IntervalCategoryItemLabelGeneratorTest.java,IntervalCategoryItemLabelGeneratorTest.java,IntervalCategoryItemLabelGeneratorTest,testSerialization,3,0,void,public,true,true,true,true
C:\Users\simon\Documents\Code\thesis-code\jfreechart-master\src\test\java\org\jfree\chart\labels\IntervalCategoryToolTipGeneratorTest.java,IntervalCategoryToolTipGeneratorTest.java,IntervalCategoryToolTipGeneratorTest,testEquals,12,0,void,public,true,true,true,true
C:\Users\simon\Documents\Code\thesis-code\jfreechart-master\src\test\java\org\jfree\chart\labels\IntervalCategoryToolTipGeneratorTest.java,IntervalCategoryToolTipGeneratorTest.java,IntervalCategoryToolTipGeneratorTest,testEquals2,3,0,void,public,true,true,true,true
C:\Users\simon\Documents\Code\thesis-code\jfreechart-master\src\test\java\org\jfree\chart\labels\IntervalCategoryToolTipGeneratorTest.java,IntervalCategoryToolTipGeneratorTest.java,IntervalCategoryToolTipGeneratorTest,testHashCode,4,0,void,public,true,true,true,true
C:\Users\simon\Documents\Code\thesis-code\jfreechart-master\src\test\java\org\jfree\chart\labels\IntervalCategoryToolTipGeneratorTest.java,IntervalCategoryToolTipGeneratorTest.java,IntervalCategoryToolTipGeneratorTest,testCloning,5,0,void,public,true,true,true,true
C:\Users\simon\Documents\Code\thesis-code\jfreechart-master\src\test\java\org\jfree\chart\labels\IntervalCategoryToolTipGeneratorTest.java,IntervalCategoryToolTipGeneratorTest.java,IntervalCategoryToolTipGeneratorTest,testPublicCloneable,2,0,void,public,true,true,true,true
C:\Users\simon\Documents\Code\thesis-code\jfreechart-master\src\test\java\org\jfree\chart\labels\IntervalCategoryToolTipGeneratorTest.java,IntervalCategoryToolTipGeneratorTest.java,IntervalCategoryToolTipGeneratorTest,testSerialization,3,0,void,public,true,true,true,true
C:\Users\simon\Documents\Code\thesis-code\jfreechart-master\src\test\java\org\jfree\chart\labels\ItemLabelAnchorTest.java,ItemLabelAnchorTest.java,ItemLabelAnchorTest,testEquals,2,0,void,public,true,true,true,true
C:\Users\simon\Documents\Code\thesis-code\jfreechart-master\src\test\java\org\jfree\chart\labels\ItemLabelAnchorTest.java,ItemLabelAnchorTest.java,ItemLabelAnchorTest,testSerialization,3,0,void,public,true,true,true,true
C:\Users\simon\Documents\Code\thesis-code\jfreechart-master\src\test\java\org\jfree\chart\labels\ItemLabelPositionTest.java,ItemLabelPositionTest.java,ItemLabelPositionTest,testEquals,3,0,void,public,true,true,true,true
C:\Users\simon\Documents\Code\thesis-code\jfreechart-master\src\test\java\org\jfree\chart\labels\ItemLabelPositionTest.java,ItemLabelPositionTest.java,ItemLabelPositionTest,testSerialization,3,0,void,public,true,true,true,true
C:\Users\simon\Documents\Code\thesis-code\jfreechart-master\src\test\java\org\jfree\chart\labels\MultipleXYSeriesLabelGeneratorTest.java,MultipleXYSeriesLabelGeneratorTest.java,MultipleXYSeriesLabelGeneratorTest,testEquals,12,0,void,public,true,true,true,true
C:\Users\simon\Documents\Code\thesis-code\jfreechart-master\src\test\java\org\jfree\chart\labels\MultipleXYSeriesLabelGeneratorTest.java,MultipleXYSeriesLabelGeneratorTest.java,MultipleXYSeriesLabelGeneratorTest,testHashCode,4,0,void,public,true,true,true,true
C:\Users\simon\Documents\Code\thesis-code\jfreechart-master\src\test\java\org\jfree\chart\labels\MultipleXYSeriesLabelGeneratorTest.java,MultipleXYSeriesLabelGeneratorTest.java,MultipleXYSeriesLabelGeneratorTest,testCloning,9,0,void,public,true,true,true,true
C:\Users\simon\Documents\Code\thesis-code\jfreechart-master\src\test\java\org\jfree\chart\labels\MultipleXYSeriesLabelGeneratorTest.java,MultipleXYSeriesLabelGeneratorTest.java,MultipleXYSeriesLabelGeneratorTest,testPublicCloneable,2,0,void,public,true,true,true,true
C:\Users\simon\Documents\Code\thesis-code\jfreechart-master\src\test\java\org\jfree\chart\labels\MultipleXYSeriesLabelGeneratorTest.java,MultipleXYSeriesLabelGeneratorTest.java,MultipleXYSeriesLabelGeneratorTest,testSerialization,6,0,void,public,true,true,true,true
C:\Users\simon\Documents\Code\thesis-code\jfreechart-master\src\test\java\org\jfree\chart\labels\StandardCategoryItemLabelGeneratorTest.java,StandardCategoryItemLabelGeneratorTest.java,StandardCategoryItemLabelGeneratorTest,testGenerateLabel,11,0,void,public,true,true,true,true
C:\Users\simon\Documents\Code\thesis-code\jfreechart-master\src\test\java\org\jfree\chart\labels\StandardCategoryItemLabelGeneratorTest.java,StandardCategoryItemLabelGeneratorTest.java,StandardCategoryItemLabelGeneratorTest,testEquals,16,0,void,public,true,true,true,true
C:\Users\simon\Documents\Code\thesis-code\jfreechart-master\src\test\java\org\jfree\chart\labels\StandardCategoryItemLabelGeneratorTest.java,StandardCategoryItemLabelGeneratorTest.java,StandardCategoryItemLabelGeneratorTest,testHashCode,4,0,void,public,true,true,true,true
C:\Users\simon\Documents\Code\thesis-code\jfreechart-master\src\test\java\org\jfree\chart\labels\StandardCategoryItemLabelGeneratorTest.java,StandardCategoryItemLabelGeneratorTest.java,StandardCategoryItemLabelGeneratorTest,testCloning,5,0,void,public,true,true,true,true
C:\Users\simon\Documents\Code\thesis-code\jfreechart-master\src\test\java\org\jfree\chart\labels\StandardCategoryItemLabelGeneratorTest.java,StandardCategoryItemLabelGeneratorTest.java,StandardCategoryItemLabelGeneratorTest,testPublicCloneable,2,0,void,public,true,true,true,true
C:\Users\simon\Documents\Code\thesis-code\jfreechart-master\src\test\java\org\jfree\chart\labels\StandardCategoryItemLabelGeneratorTest.java,StandardCategoryItemLabelGeneratorTest.java,StandardCategoryItemLabelGeneratorTest,testSerialization,3,0,void,public,true,true,true,true
C:\Users\simon\Documents\Code\thesis-code\jfreechart-master\src\test\java\org\jfree\chart\labels\StandardCategoryItemLabelGeneratorTest.java,StandardCategoryItemLabelGeneratorTest.java,StandardCategoryItemLabelGeneratorTest,testEquals1481087,3,0,void,public,true,true,true,true
C:\Users\simon\Documents\Code\thesis-code\jfreechart-master\src\test\java\org\jfree\chart\labels\StandardCategorySeriesLabelGeneratorTest.java,StandardCategorySeriesLabelGeneratorTest.java,StandardCategorySeriesLabelGeneratorTest,testGenerateLabel,8,0,void,public,true,true,true,true
C:\Users\simon\Documents\Code\thesis-code\jfreechart-master\src\test\java\org\jfree\chart\labels\StandardCategorySeriesLabelGeneratorTest.java,StandardCategorySeriesLabelGeneratorTest.java,StandardCategorySeriesLabelGeneratorTest,testEquals,8,0,void,public,true,true,true,true
C:\Users\simon\Documents\Code\thesis-code\jfreechart-master\src\test\java\org\jfree\chart\labels\StandardCategorySeriesLabelGeneratorTest.java,StandardCategorySeriesLabelGeneratorTest.java,StandardCategorySeriesLabelGeneratorTest,testHashCode,4,0,void,public,true,true,true,true
C:\Users\simon\Documents\Code\thesis-code\jfreechart-master\src\test\java\org\jfree\chart\labels\StandardCategorySeriesLabelGeneratorTest.java,StandardCategorySeriesLabelGeneratorTest.java,StandardCategorySeriesLabelGeneratorTest,testCloning,5,0,void,public,true,true,true,true
C:\Users\simon\Documents\Code\thesis-code\jfreechart-master\src\test\java\org\jfree\chart\labels\StandardCategorySeriesLabelGeneratorTest.java,StandardCategorySeriesLabelGeneratorTest.java,StandardCategorySeriesLabelGeneratorTest,testPublicCloneable,2,0,void,public,true,true,true,true
C:\Users\simon\Documents\Code\thesis-code\jfreechart-master\src\test\java\org\jfree\chart\labels\StandardCategorySeriesLabelGeneratorTest.java,StandardCategorySeriesLabelGeneratorTest.java,StandardCategorySeriesLabelGeneratorTest,testSerialization,3,0,void,public,true,true,true,true
C:\Users\simon\Documents\Code\thesis-code\jfreechart-master\src\test\java\org\jfree\chart\labels\StandardCategoryToolTipGeneratorTest.java,StandardCategoryToolTipGeneratorTest.java,StandardCategoryToolTipGeneratorTest,testEquals,16,0,void,public,true,true,true,true
C:\Users\simon\Documents\Code\thesis-code\jfreechart-master\src\test\java\org\jfree\chart\labels\StandardCategoryToolTipGeneratorTest.java,StandardCategoryToolTipGeneratorTest.java,StandardCategoryToolTipGeneratorTest,testHashCode,4,0,void,public,true,true,true,true
C:\Users\simon\Documents\Code\thesis-code\jfreechart-master\src\test\java\org\jfree\chart\labels\StandardCategoryToolTipGeneratorTest.java,StandardCategoryToolTipGeneratorTest.java,StandardCategoryToolTipGeneratorTest,testCloning,5,0,void,public,true,true,true,true
C:\Users\simon\Documents\Code\thesis-code\jfreechart-master\src\test\java\org\jfree\chart\labels\StandardCategoryToolTipGeneratorTest.java,StandardCategoryToolTipGeneratorTest.java,StandardCategoryToolTipGeneratorTest,testPublicCloneable,2,0,void,public,true,true,true,true
C:\Users\simon\Documents\Code\thesis-code\jfreechart-master\src\test\java\org\jfree\chart\labels\StandardCategoryToolTipGeneratorTest.java,StandardCategoryToolTipGeneratorTest.java,StandardCategoryToolTipGeneratorTest,testSerialization,3,0,void,public,true,true,true,true
C:\Users\simon\Documents\Code\thesis-code\jfreechart-master\src\test\java\org\jfree\chart\labels\StandardCategoryToolTipGeneratorTest.java,StandardCategoryToolTipGeneratorTest.java,StandardCategoryToolTipGeneratorTest,testEquals1481087,3,0,void,public,true,true,true,true
C:\Users\simon\Documents\Code\thesis-code\jfreechart-master\src\test\java\org\jfree\chart\labels\StandardFlowLabelGeneratorTest.java,StandardFlowLabelGeneratorTest.java,StandardFlowLabelGeneratorTest,testEquals,4,0,void,public,true,true,true,true
C:\Users\simon\Documents\Code\thesis-code\jfreechart-master\src\test\java\org\jfree\chart\labels\StandardFlowLabelGeneratorTest.java,StandardFlowLabelGeneratorTest.java,StandardFlowLabelGeneratorTest,testSerialization,3,0,void,public,true,true,true,true
C:\Users\simon\Documents\Code\thesis-code\jfreechart-master\src\test\java\org\jfree\chart\labels\StandardPieSectionLabelGeneratorTest.java,StandardPieSectionLabelGeneratorTest.java,StandardPieSectionLabelGeneratorTest,testEquals,25,0,void,public,true,true,true,true
C:\Users\simon\Documents\Code\thesis-code\jfreechart-master\src\test\java\org\jfree\chart\labels\StandardPieSectionLabelGeneratorTest.java,StandardPieSectionLabelGeneratorTest.java,StandardPieSectionLabelGeneratorTest,testHashCode,4,0,void,public,true,true,true,true
C:\Users\simon\Documents\Code\thesis-code\jfreechart-master\src\test\java\org\jfree\chart\labels\StandardPieSectionLabelGeneratorTest.java,StandardPieSectionLabelGeneratorTest.java,StandardPieSectionLabelGeneratorTest,testCloning,5,0,void,public,true,true,true,true
C:\Users\simon\Documents\Code\thesis-code\jfreechart-master\src\test\java\org\jfree\chart\labels\StandardPieSectionLabelGeneratorTest.java,StandardPieSectionLabelGeneratorTest.java,StandardPieSectionLabelGeneratorTest,testPublicCloneable,2,0,void,public,true,true,true,true
C:\Users\simon\Documents\Code\thesis-code\jfreechart-master\src\test\java\org\jfree\chart\labels\StandardPieSectionLabelGeneratorTest.java,StandardPieSectionLabelGeneratorTest.java,StandardPieSectionLabelGeneratorTest,testSerialization,3,0,void,public,true,true,true,true
C:\Users\simon\Documents\Code\thesis-code\jfreechart-master\src\test\java\org\jfree\chart\labels\StandardPieToolTipGeneratorTest.java,StandardPieToolTipGeneratorTest.java,StandardPieToolTipGeneratorTest,testEquals,20,0,void,public,true,true,true,true
C:\Users\simon\Documents\Code\thesis-code\jfreechart-master\src\test\java\org\jfree\chart\labels\StandardPieToolTipGeneratorTest.java,StandardPieToolTipGeneratorTest.java,StandardPieToolTipGeneratorTest,testHashCode,4,0,void,public,true,true,true,true
C:\Users\simon\Documents\Code\thesis-code\jfreechart-master\src\test\java\org\jfree\chart\labels\StandardPieToolTipGeneratorTest.java,StandardPieToolTipGeneratorTest.java,StandardPieToolTipGeneratorTest,testCloning,7,0,void,public,true,true,true,true
C:\Users\simon\Documents\Code\thesis-code\jfreechart-master\src\test\java\org\jfree\chart\labels\StandardPieToolTipGeneratorTest.java,StandardPieToolTipGeneratorTest.java,StandardPieToolTipGeneratorTest,testPublicCloneable,2,0,void,public,true,true,true,true
C:\Users\simon\Documents\Code\thesis-code\jfreechart-master\src\test\java\org\jfree\chart\labels\StandardPieToolTipGeneratorTest.java,StandardPieToolTipGeneratorTest.java,StandardPieToolTipGeneratorTest,testSerialization,3,0,void,public,true,true,true,true
C:\Users\simon\Documents\Code\thesis-code\jfreechart-master\src\test\java\org\jfree\chart\labels\StandardXYItemLabelGeneratorTest.java,StandardXYItemLabelGeneratorTest.java,StandardXYItemLabelGeneratorTest,testEquals,38,0,void,public,true,true,true,true
C:\Users\simon\Documents\Code\thesis-code\jfreechart-master\src\test\java\org\jfree\chart\labels\StandardXYItemLabelGeneratorTest.java,StandardXYItemLabelGeneratorTest.java,StandardXYItemLabelGeneratorTest,testHashCode,4,0,void,public,true,true,true,true
C:\Users\simon\Documents\Code\thesis-code\jfreechart-master\src\test\java\org\jfree\chart\labels\StandardXYItemLabelGeneratorTest.java,StandardXYItemLabelGeneratorTest.java,StandardXYItemLabelGeneratorTest,testCloning,26,0,void,public,true,true,true,true
C:\Users\simon\Documents\Code\thesis-code\jfreechart-master\src\test\java\org\jfree\chart\labels\StandardXYItemLabelGeneratorTest.java,StandardXYItemLabelGeneratorTest.java,StandardXYItemLabelGeneratorTest,testPublicCloneable,2,0,void,public,true,true,true,true
C:\Users\simon\Documents\Code\thesis-code\jfreechart-master\src\test\java\org\jfree\chart\labels\StandardXYItemLabelGeneratorTest.java,StandardXYItemLabelGeneratorTest.java,StandardXYItemLabelGeneratorTest,testSerialization,3,0,void,public,true,true,true,true
C:\Users\simon\Documents\Code\thesis-code\jfreechart-master\src\test\java\org\jfree\chart\labels\StandardXYSeriesLabelGeneratorTest.java,StandardXYSeriesLabelGeneratorTest.java,StandardXYSeriesLabelGeneratorTest,testGenerateLabel,6,0,void,public,true,true,true,true
C:\Users\simon\Documents\Code\thesis-code\jfreechart-master\src\test\java\org\jfree\chart\labels\StandardXYSeriesLabelGeneratorTest.java,StandardXYSeriesLabelGeneratorTest.java,StandardXYSeriesLabelGeneratorTest,testEquals,8,0,void,public,true,true,true,true
C:\Users\simon\Documents\Code\thesis-code\jfreechart-master\src\test\java\org\jfree\chart\labels\StandardXYSeriesLabelGeneratorTest.java,StandardXYSeriesLabelGeneratorTest.java,StandardXYSeriesLabelGeneratorTest,testHashCode,4,0,void,public,true,true,true,true
C:\Users\simon\Documents\Code\thesis-code\jfreechart-master\src\test\java\org\jfree\chart\labels\StandardXYSeriesLabelGeneratorTest.java,StandardXYSeriesLabelGeneratorTest.java,StandardXYSeriesLabelGeneratorTest,testCloning,5,0,void,public,true,true,true,true
C:\Users\simon\Documents\Code\thesis-code\jfreechart-master\src\test\java\org\jfree\chart\labels\StandardXYSeriesLabelGeneratorTest.java,StandardXYSeriesLabelGeneratorTest.java,StandardXYSeriesLabelGeneratorTest,testPublicCloneable,2,0,void,public,true,true,true,true
C:\Users\simon\Documents\Code\thesis-code\jfreechart-master\src\test\java\org\jfree\chart\labels\StandardXYSeriesLabelGeneratorTest.java,StandardXYSeriesLabelGeneratorTest.java,StandardXYSeriesLabelGeneratorTest,testSerialization,3,0,void,public,true,true,true,true
C:\Users\simon\Documents\Code\thesis-code\jfreechart-master\src\test\java\org\jfree\chart\labels\StandardXYToolTipGeneratorTest.java,StandardXYToolTipGeneratorTest.java,StandardXYToolTipGeneratorTest,testEquals,40,0,void,public,true,true,true,true
C:\Users\simon\Documents\Code\thesis-code\jfreechart-master\src\test\java\org\jfree\chart\labels\StandardXYToolTipGeneratorTest.java,StandardXYToolTipGeneratorTest.java,StandardXYToolTipGeneratorTest,testHashCode,4,0,void,public,true,true,true,true
C:\Users\simon\Documents\Code\thesis-code\jfreechart-master\src\test\java\org\jfree\chart\labels\StandardXYToolTipGeneratorTest.java,StandardXYToolTipGeneratorTest.java,StandardXYToolTipGeneratorTest,testCloning,5,0,void,public,true,true,true,true
C:\Users\simon\Documents\Code\thesis-code\jfreechart-master\src\test\java\org\jfree\chart\labels\StandardXYToolTipGeneratorTest.java,StandardXYToolTipGeneratorTest.java,StandardXYToolTipGeneratorTest,testPublicCloneable,2,0,void,public,true,true,true,true
C:\Users\simon\Documents\Code\thesis-code\jfreechart-master\src\test\java\org\jfree\chart\labels\StandardXYToolTipGeneratorTest.java,StandardXYToolTipGeneratorTest.java,StandardXYToolTipGeneratorTest,testSerialization,3,0,void,public,true,true,true,true
C:\Users\simon\Documents\Code\thesis-code\jfreechart-master\src\test\java\org\jfree\chart\labels\StandardXYZToolTipGeneratorTest.java,StandardXYZToolTipGeneratorTest.java,StandardXYZToolTipGeneratorTest,testEquals,50,0,void,public,true,true,true,true
C:\Users\simon\Documents\Code\thesis-code\jfreechart-master\src\test\java\org\jfree\chart\labels\StandardXYZToolTipGeneratorTest.java,StandardXYZToolTipGeneratorTest.java,StandardXYZToolTipGeneratorTest,testHashCode,4,0,void,public,true,true,true,true
C:\Users\simon\Documents\Code\thesis-code\jfreechart-master\src\test\java\org\jfree\chart\labels\StandardXYZToolTipGeneratorTest.java,StandardXYZToolTipGeneratorTest.java,StandardXYZToolTipGeneratorTest,testCloning,5,0,void,public,true,true,true,true
C:\Users\simon\Documents\Code\thesis-code\jfreechart-master\src\test\java\org\jfree\chart\labels\StandardXYZToolTipGeneratorTest.java,StandardXYZToolTipGeneratorTest.java,StandardXYZToolTipGeneratorTest,testPublicCloneable,2,0,void,public,true,true,true,true
C:\Users\simon\Documents\Code\thesis-code\jfreechart-master\src\test\java\org\jfree\chart\labels\StandardXYZToolTipGeneratorTest.java,StandardXYZToolTipGeneratorTest.java,StandardXYZToolTipGeneratorTest,testSerialization,3,0,void,public,true,true,true,true
C:\Users\simon\Documents\Code\thesis-code\jfreechart-master\src\test\java\org\jfree\chart\labels\SymbolicXYItemLabelGeneratorTest.java,SymbolicXYItemLabelGeneratorTest.java,SymbolicXYItemLabelGeneratorTest,testEquals,4,0,void,public,true,true,true,true
C:\Users\simon\Documents\Code\thesis-code\jfreechart-master\src\test\java\org\jfree\chart\labels\SymbolicXYItemLabelGeneratorTest.java,SymbolicXYItemLabelGeneratorTest.java,SymbolicXYItemLabelGeneratorTest,testHashCode,4,0,void,public,true,true,true,true
C:\Users\simon\Documents\Code\thesis-code\jfreechart-master\src\test\java\org\jfree\chart\labels\SymbolicXYItemLabelGeneratorTest.java,SymbolicXYItemLabelGeneratorTest.java,SymbolicXYItemLabelGeneratorTest,testCloning,5,0,void,public,true,true,true,true
C:\Users\simon\Documents\Code\thesis-code\jfreechart-master\src\test\java\org\jfree\chart\labels\SymbolicXYItemLabelGeneratorTest.java,SymbolicXYItemLabelGeneratorTest.java,SymbolicXYItemLabelGeneratorTest,testPublicCloneable,2,0,void,public,true,true,true,true
C:\Users\simon\Documents\Code\thesis-code\jfreechart-master\src\test\java\org\jfree\chart\labels\SymbolicXYItemLabelGeneratorTest.java,SymbolicXYItemLabelGeneratorTest.java,SymbolicXYItemLabelGeneratorTest,testSerialization,3,0,void,public,true,true,true,true
C:\Users\simon\Documents\Code\thesis-code\jfreechart-master\src\test\java\org\jfree\chart\legend\LegendGraphicTest.java,LegendGraphicTest.java,LegendGraphicTest,testEquals,60,0,void,public,true,true,true,true
C:\Users\simon\Documents\Code\thesis-code\jfreechart-master\src\test\java\org\jfree\chart\legend\LegendGraphicTest.java,LegendGraphicTest.java,LegendGraphicTest,testHashcode,6,0,void,public,true,true,true,true
C:\Users\simon\Documents\Code\thesis-code\jfreechart-master\src\test\java\org\jfree\chart\legend\LegendGraphicTest.java,LegendGraphicTest.java,LegendGraphicTest,testCloning,8,0,void,public,true,true,true,true
C:\Users\simon\Documents\Code\thesis-code\jfreechart-master\src\test\java\org\jfree\chart\legend\LegendGraphicTest.java,LegendGraphicTest.java,LegendGraphicTest,testCloning2,10,0,void,public,true,true,true,true
C:\Users\simon\Documents\Code\thesis-code\jfreechart-master\src\test\java\org\jfree\chart\legend\LegendGraphicTest.java,LegendGraphicTest.java,LegendGraphicTest,testSerialization,5,0,void,public,true,true,true,true
C:\Users\simon\Documents\Code\thesis-code\jfreechart-master\src\test\java\org\jfree\chart\legend\LegendTitleTest.java,LegendTitleTest.java,LegendTitleTest,testEquals,28,0,void,public,true,true,true,true
C:\Users\simon\Documents\Code\thesis-code\jfreechart-master\src\test\java\org\jfree\chart\legend\LegendTitleTest.java,LegendTitleTest.java,LegendTitleTest,testHashcode,7,0,void,public,true,true,true,true
C:\Users\simon\Documents\Code\thesis-code\jfreechart-master\src\test\java\org\jfree\chart\legend\LegendTitleTest.java,LegendTitleTest.java,LegendTitleTest,testCloning,13,0,void,public,true,true,true,true
C:\Users\simon\Documents\Code\thesis-code\jfreechart-master\src\test\java\org\jfree\chart\legend\LegendTitleTest.java,LegendTitleTest.java,LegendTitleTest,testSerialization,5,0,void,public,true,true,true,true
C:\Users\simon\Documents\Code\thesis-code\jfreechart-master\src\test\java\org\jfree\chart\legend\PaintScaleLegendTest.java,PaintScaleLegendTest.java,PaintScaleLegendTest,testEquals,44,0,void,public,true,true,true,true
C:\Users\simon\Documents\Code\thesis-code\jfreechart-master\src\test\java\org\jfree\chart\legend\PaintScaleLegendTest.java,PaintScaleLegendTest.java,PaintScaleLegendTest,testHashcode,6,0,void,public,true,true,true,true
C:\Users\simon\Documents\Code\thesis-code\jfreechart-master\src\test\java\org\jfree\chart\legend\PaintScaleLegendTest.java,PaintScaleLegendTest.java,PaintScaleLegendTest,testCloning,5,0,void,public,true,true,true,true
C:\Users\simon\Documents\Code\thesis-code\jfreechart-master\src\test\java\org\jfree\chart\legend\PaintScaleLegendTest.java,PaintScaleLegendTest.java,PaintScaleLegendTest,testSerialization,3,0,void,public,true,true,true,true
C:\Users\simon\Documents\Code\thesis-code\jfreechart-master\src\test\java\org\jfree\chart\LegendItemCollectionTest.java,LegendItemCollectionTest.java,LegendItemCollectionTest,testEquals,10,0,void,public,true,true,true,true
C:\Users\simon\Documents\Code\thesis-code\jfreechart-master\src\test\java\org\jfree\chart\LegendItemCollectionTest.java,LegendItemCollectionTest.java,LegendItemCollectionTest,testSerialization,4,0,void,public,true,true,true,true
C:\Users\simon\Documents\Code\thesis-code\jfreechart-master\src\test\java\org\jfree\chart\LegendItemCollectionTest.java,LegendItemCollectionTest.java,LegendItemCollectionTest,testCloning,10,0,void,public,true,true,true,true
C:\Users\simon\Documents\Code\thesis-code\jfreechart-master\src\test\java\org\jfree\chart\LegendItemTest.java,LegendItemTest.java,LegendItemTest,testEquals,80,0,void,public,true,true,true,true
C:\Users\simon\Documents\Code\thesis-code\jfreechart-master\src\test\java\org\jfree\chart\LegendItemTest.java,LegendItemTest.java,LegendItemTest,testSerialization,6,0,void,public,true,true,true,true
C:\Users\simon\Documents\Code\thesis-code\jfreechart-master\src\test\java\org\jfree\chart\LegendItemTest.java,LegendItemTest.java,LegendItemTest,testSerialization2,5,0,void,public,true,true,true,true
C:\Users\simon\Documents\Code\thesis-code\jfreechart-master\src\test\java\org\jfree\chart\LegendItemTest.java,LegendItemTest.java,LegendItemTest,testCloning,6,0,void,public,true,true,true,true
C:\Users\simon\Documents\Code\thesis-code\jfreechart-master\src\test\java\org\jfree\chart\LineChartTest.java,LineChartTest.java,LocalListener,setUp,1,0,void,public,false,false,true,false
C:\Users\simon\Documents\Code\thesis-code\jfreechart-master\src\test\java\org\jfree\chart\LineChartTest.java,LineChartTest.java,LocalListener,testDrawWithNullInfo,4,0,void,public,true,true,true,false
C:\Users\simon\Documents\Code\thesis-code\jfreechart-master\src\test\java\org\jfree\chart\LineChartTest.java,LineChartTest.java,LocalListener,testReplaceDataset,11,0,void,public,true,true,true,false
C:\Users\simon\Documents\Code\thesis-code\jfreechart-master\src\test\java\org\jfree\chart\LineChartTest.java,LineChartTest.java,LocalListener,testSetSeriesToolTipGenerator,6,0,void,public,true,true,true,false
C:\Users\simon\Documents\Code\thesis-code\jfreechart-master\src\test\java\org\jfree\chart\LineChartTest.java,LineChartTest.java,LocalListener,testSetSeriesURLGenerator,6,0,void,public,true,true,true,false
C:\Users\simon\Documents\Code\thesis-code\jfreechart-master\src\test\java\org\jfree\chart\LineChartTest.java,LineChartTest.java,LocalListener,createLineChart,3,0,JFreeChart,private; static,false,false,true,false
C:\Users\simon\Documents\Code\thesis-code\jfreechart-master\src\test\java\org\jfree\chart\LineChartTest.java,LineChartTest.java,LocalListener,chartChanged,1,1,void,public,false,false,true,false
C:\Users\simon\Documents\Code\thesis-code\jfreechart-master\src\test\java\org\jfree\chart\MeterChartTest.java,MeterChartTest.java,MeterChartTest,testDrawWithNullInfo,7,0,void,public,true,true,true,true
C:\Users\simon\Documents\Code\thesis-code\jfreechart-master\src\test\java\org\jfree\chart\PieChartTest.java,PieChartTest.java,LocalListener,setUp,1,0,void,public,false,false,true,false
C:\Users\simon\Documents\Code\thesis-code\jfreechart-master\src\test\java\org\jfree\chart\PieChartTest.java,PieChartTest.java,LocalListener,testReplaceDatasetOnPieChart,6,0,void,public,true,true,true,false
C:\Users\simon\Documents\Code\thesis-code\jfreechart-master\src\test\java\org\jfree\chart\PieChartTest.java,PieChartTest.java,LocalListener,createPieChart,5,0,JFreeChart,private; static,false,false,true,false
C:\Users\simon\Documents\Code\thesis-code\jfreechart-master\src\test\java\org\jfree\chart\PieChartTest.java,PieChartTest.java,LocalListener,chartChanged,1,1,void,public,false,false,true,false
C:\Users\simon\Documents\Code\thesis-code\jfreechart-master\src\test\java\org\jfree\chart\plot\CategoryMarkerTest.java,CategoryMarkerTest.java,CategoryMarkerTest,markerChanged,1,1,void,public,false,false,true,true
C:\Users\simon\Documents\Code\thesis-code\jfreechart-master\src\test\java\org\jfree\chart\plot\CategoryMarkerTest.java,CategoryMarkerTest.java,CategoryMarkerTest,testEquals,28,0,void,public,true,true,true,true
C:\Users\simon\Documents\Code\thesis-code\jfreechart-master\src\test\java\org\jfree\chart\plot\CategoryMarkerTest.java,CategoryMarkerTest.java,CategoryMarkerTest,testCloning,5,0,void,public,true,true,true,true
C:\Users\simon\Documents\Code\thesis-code\jfreechart-master\src\test\java\org\jfree\chart\plot\CategoryMarkerTest.java,CategoryMarkerTest.java,CategoryMarkerTest,testSerialization,3,0,void,public,true,true,true,true
C:\Users\simon\Documents\Code\thesis-code\jfreechart-master\src\test\java\org\jfree\chart\plot\CategoryMarkerTest.java,CategoryMarkerTest.java,CategoryMarkerTest,testGetSetKey,8,0,void,public,true,true,true,true
C:\Users\simon\Documents\Code\thesis-code\jfreechart-master\src\test\java\org\jfree\chart\plot\CategoryMarkerTest.java,CategoryMarkerTest.java,CategoryMarkerTest,testGetSetDrawAsLine,7,0,void,public,true,true,true,true
C:\Users\simon\Documents\Code\thesis-code\jfreechart-master\src\test\java\org\jfree\chart\plot\CategoryPlotTest.java,CategoryPlotTest.java,CategoryPlotTest,testConstructor,2,0,void,public,true,true,true,true
C:\Users\simon\Documents\Code\thesis-code\jfreechart-master\src\test\java\org\jfree\chart\plot\CategoryPlotTest.java,CategoryPlotTest.java,CategoryPlotTest,testAxisRange,9,0,void,public,true,true,true,true
C:\Users\simon\Documents\Code\thesis-code\jfreechart-master\src\test\java\org\jfree\chart\plot\CategoryPlotTest.java,CategoryPlotTest.java,CategoryPlotTest,testEquals,229,0,void,public,true,true,true,true
C:\Users\simon\Documents\Code\thesis-code\jfreechart-master\src\test\java\org\jfree\chart\plot\CategoryPlotTest.java,CategoryPlotTest.java,CategoryPlotTest,testEquals_ObjectList,7,0,void,public,true,true,true,true
C:\Users\simon\Documents\Code\thesis-code\jfreechart-master\src\test\java\org\jfree\chart\plot\CategoryPlotTest.java,CategoryPlotTest.java,CategoryPlotTest,testEquals_ObjectList2,7,0,void,public,true,true,true,true
C:\Users\simon\Documents\Code\thesis-code\jfreechart-master\src\test\java\org\jfree\chart\plot\CategoryPlotTest.java,CategoryPlotTest.java,CategoryPlotTest,testEquals_ObjectList3,7,0,void,public,true,true,true,true
C:\Users\simon\Documents\Code\thesis-code\jfreechart-master\src\test\java\org\jfree\chart\plot\CategoryPlotTest.java,CategoryPlotTest.java,CategoryPlotTest,testEquals_ObjectList4,7,0,void,public,true,true,true,true
C:\Users\simon\Documents\Code\thesis-code\jfreechart-master\src\test\java\org\jfree\chart\plot\CategoryPlotTest.java,CategoryPlotTest.java,CategoryPlotTest,testEquals_ObjectList5,7,0,void,public,true,true,true,true
C:\Users\simon\Documents\Code\thesis-code\jfreechart-master\src\test\java\org\jfree\chart\plot\CategoryPlotTest.java,CategoryPlotTest.java,CategoryPlotTest,testCloning,29,0,void,public,true,true,true,true
C:\Users\simon\Documents\Code\thesis-code\jfreechart-master\src\test\java\org\jfree\chart\plot\CategoryPlotTest.java,CategoryPlotTest.java,CategoryPlotTest,testCloning2,18,0,void,public,true,true,true,true
C:\Users\simon\Documents\Code\thesis-code\jfreechart-master\src\test\java\org\jfree\chart\plot\CategoryPlotTest.java,CategoryPlotTest.java,CategoryPlotTest,testCloning3,12,0,void,public,true,true,true,true
C:\Users\simon\Documents\Code\thesis-code\jfreechart-master\src\test\java\org\jfree\chart\plot\CategoryPlotTest.java,CategoryPlotTest.java,CategoryPlotTest,testBug2817504,10,0,void,public,true,true,true,true
C:\Users\simon\Documents\Code\thesis-code\jfreechart-master\src\test\java\org\jfree\chart\plot\CategoryPlotTest.java,CategoryPlotTest.java,CategoryPlotTest,testSerialization,8,0,void,public,true,true,true,true
C:\Users\simon\Documents\Code\thesis-code\jfreechart-master\src\test\java\org\jfree\chart\plot\CategoryPlotTest.java,CategoryPlotTest.java,CategoryPlotTest,testSerialization2,8,0,void,public,true,true,true,true
C:\Users\simon\Documents\Code\thesis-code\jfreechart-master\src\test\java\org\jfree\chart\plot\CategoryPlotTest.java,CategoryPlotTest.java,CategoryPlotTest,testSerialization3,4,0,void,public,true,true,true,true
C:\Users\simon\Documents\Code\thesis-code\jfreechart-master\src\test\java\org\jfree\chart\plot\CategoryPlotTest.java,CategoryPlotTest.java,CategoryPlotTest,testSerialization4,8,0,void,public,true,true,true,true
C:\Users\simon\Documents\Code\thesis-code\jfreechart-master\src\test\java\org\jfree\chart\plot\CategoryPlotTest.java,CategoryPlotTest.java,CategoryPlotTest,testSerialization5,31,0,void,public,true,true,true,true
C:\Users\simon\Documents\Code\thesis-code\jfreechart-master\src\test\java\org\jfree\chart\plot\CategoryPlotTest.java,CategoryPlotTest.java,CategoryPlotTest,testSetRenderer,7,0,void,public,true,true,true,true
C:\Users\simon\Documents\Code\thesis-code\jfreechart-master\src\test\java\org\jfree\chart\plot\CategoryPlotTest.java,CategoryPlotTest.java,CategoryPlotTest,test1169972,6,0,void,public,true,true,true,true
C:\Users\simon\Documents\Code\thesis-code\jfreechart-master\src\test\java\org\jfree\chart\plot\CategoryPlotTest.java,CategoryPlotTest.java,CategoryPlotTest,testAddDomainMarker,8,0,void,public,true,true,true,true
C:\Users\simon\Documents\Code\thesis-code\jfreechart-master\src\test\java\org\jfree\chart\plot\CategoryPlotTest.java,CategoryPlotTest.java,CategoryPlotTest,testAddRangeMarker,8,0,void,public,true,true,true,true
C:\Users\simon\Documents\Code\thesis-code\jfreechart-master\src\test\java\org\jfree\chart\plot\CategoryPlotTest.java,CategoryPlotTest.java,CategoryPlotTest,test1654215,5,0,void,public,true,true,true,true
C:\Users\simon\Documents\Code\thesis-code\jfreechart-master\src\test\java\org\jfree\chart\plot\CategoryPlotTest.java,CategoryPlotTest.java,CategoryPlotTest,testGetDomainAxisIndex,12,0,void,public,true,true,true,true
C:\Users\simon\Documents\Code\thesis-code\jfreechart-master\src\test\java\org\jfree\chart\plot\CategoryPlotTest.java,CategoryPlotTest.java,CategoryPlotTest,testGetRangeAxisIndex,12,0,void,public,true,true,true,true
C:\Users\simon\Documents\Code\thesis-code\jfreechart-master\src\test\java\org\jfree\chart\plot\CategoryPlotTest.java,CategoryPlotTest.java,CategoryPlotTest,testRemoveDomainMarker,2,0,void,public,true,true,true,true
C:\Users\simon\Documents\Code\thesis-code\jfreechart-master\src\test\java\org\jfree\chart\plot\CategoryPlotTest.java,CategoryPlotTest.java,CategoryPlotTest,testRemoveRangeMarker,2,0,void,public,true,true,true,true
C:\Users\simon\Documents\Code\thesis-code\jfreechart-master\src\test\java\org\jfree\chart\plot\CategoryPlotTest.java,CategoryPlotTest.java,CategoryPlotTest,testGetDomainAxisForDataset,20,0,void,public,true,true,true,true
C:\Users\simon\Documents\Code\thesis-code\jfreechart-master\src\test\java\org\jfree\chart\plot\CategoryPlotTest.java,CategoryPlotTest.java,CategoryPlotTest,testGetRangeAxisForDataset,20,0,void,public,true,true,true,true
C:\Users\simon\Documents\Code\thesis-code\jfreechart-master\src\test\java\org\jfree\chart\plot\CategoryPlotTest.java,CategoryPlotTest.java,CategoryPlotTest,testDatasetIndices,13,0,void,public,true,true,true,true
C:\Users\simon\Documents\Code\thesis-code\jfreechart-master\src\test\java\org\jfree\chart\plot\CategoryPlotTest.java,CategoryPlotTest.java,CategoryPlotTest,testAxisIndices,13,0,void,public,true,true,true,true
C:\Users\simon\Documents\Code\thesis-code\jfreechart-master\src\test\java\org\jfree\chart\plot\CategoryPlotTest.java,CategoryPlotTest.java,CategoryPlotTest,testAxisLocationIndices,13,0,void,public,true,true,true,true
C:\Users\simon\Documents\Code\thesis-code\jfreechart-master\src\test\java\org\jfree\chart\plot\CategoryPlotTest.java,CategoryPlotTest.java,CategoryPlotTest,testRendererIndices,11,0,void,public,true,true,true,true
C:\Users\simon\Documents\Code\thesis-code\jfreechart-master\src\test\java\org\jfree\chart\plot\CategoryPlotTest.java,CategoryPlotTest.java,CategoryPlotTest,testGetRendererForDataset2,12,0,void,public,true,true,true,true
C:\Users\simon\Documents\Code\thesis-code\jfreechart-master\src\test\java\org\jfree\chart\plot\CategoryPlotTest.java,CategoryPlotTest.java,CategoryPlotTest,testMapDatasetToDomainAxis,13,0,void,public,true,true,true,true
C:\Users\simon\Documents\Code\thesis-code\jfreechart-master\src\test\java\org\jfree\chart\plot\CategoryPlotTest.java,CategoryPlotTest.java,CategoryPlotTest,testMapDatasetToRangeAxis,13,0,void,public,true,true,true,true
C:\Users\simon\Documents\Code\thesis-code\jfreechart-master\src\test\java\org\jfree\chart\plot\CategoryPlotTest.java,CategoryPlotTest.java,CategoryPlotTest,testDomainMarkerIndices,16,0,void,public,true,true,true,true
C:\Users\simon\Documents\Code\thesis-code\jfreechart-master\src\test\java\org\jfree\chart\plot\CategoryPlotTest.java,CategoryPlotTest.java,CategoryPlotTest,testRangeMarkerIndices,16,0,void,public,true,true,true,true
C:\Users\simon\Documents\Code\thesis-code\jfreechart-master\src\test\java\org\jfree\chart\plot\CombinedDomainCategoryPlotTest.java,CombinedDomainCategoryPlotTest.java,CombinedDomainCategoryPlotTest,chartChanged,1,1,void,public,false,false,true,true
C:\Users\simon\Documents\Code\thesis-code\jfreechart-master\src\test\java\org\jfree\chart\plot\CombinedDomainCategoryPlotTest.java,CombinedDomainCategoryPlotTest.java,CombinedDomainCategoryPlotTest,testRemoveSubplot,9,0,void,public,true,true,true,true
C:\Users\simon\Documents\Code\thesis-code\jfreechart-master\src\test\java\org\jfree\chart\plot\CombinedDomainCategoryPlotTest.java,CombinedDomainCategoryPlotTest.java,CombinedDomainCategoryPlotTest,testEquals,3,0,void,public,true,true,true,true
C:\Users\simon\Documents\Code\thesis-code\jfreechart-master\src\test\java\org\jfree\chart\plot\CombinedDomainCategoryPlotTest.java,CombinedDomainCategoryPlotTest.java,CombinedDomainCategoryPlotTest,testCloning,5,0,void,public,true,true,true,true
C:\Users\simon\Documents\Code\thesis-code\jfreechart-master\src\test\java\org\jfree\chart\plot\CombinedDomainCategoryPlotTest.java,CombinedDomainCategoryPlotTest.java,CombinedDomainCategoryPlotTest,testSerialization,3,0,void,public,true,true,true,true
C:\Users\simon\Documents\Code\thesis-code\jfreechart-master\src\test\java\org\jfree\chart\plot\CombinedDomainCategoryPlotTest.java,CombinedDomainCategoryPlotTest.java,CombinedDomainCategoryPlotTest,testNotification,12,0,void,public,true,true,true,true
C:\Users\simon\Documents\Code\thesis-code\jfreechart-master\src\test\java\org\jfree\chart\plot\CombinedDomainCategoryPlotTest.java,CombinedDomainCategoryPlotTest.java,CombinedDomainCategoryPlotTest,createDataset1,28,0,"CategoryDataset<String, String>",public,false,false,true,true
C:\Users\simon\Documents\Code\thesis-code\jfreechart-master\src\test\java\org\jfree\chart\plot\CombinedDomainCategoryPlotTest.java,CombinedDomainCategoryPlotTest.java,CombinedDomainCategoryPlotTest,createDataset2,28,0,"CategoryDataset<String, String>",public,false,false,true,true
C:\Users\simon\Documents\Code\thesis-code\jfreechart-master\src\test\java\org\jfree\chart\plot\CombinedDomainCategoryPlotTest.java,CombinedDomainCategoryPlotTest.java,CombinedDomainCategoryPlotTest,createPlot,19,0,CombinedDomainCategoryPlot,private,false,false,true,true
C:\Users\simon\Documents\Code\thesis-code\jfreechart-master\src\test\java\org\jfree\chart\plot\CombinedDomainXYPlotTest.java,CombinedDomainXYPlotTest.java,CombinedDomainXYPlotTest,chartChanged,1,1,void,public,false,false,true,true
C:\Users\simon\Documents\Code\thesis-code\jfreechart-master\src\test\java\org\jfree\chart\plot\CombinedDomainXYPlotTest.java,CombinedDomainXYPlotTest.java,CombinedDomainXYPlotTest,testConstructor1,2,0,void,public,true,true,true,true
C:\Users\simon\Documents\Code\thesis-code\jfreechart-master\src\test\java\org\jfree\chart\plot\CombinedDomainXYPlotTest.java,CombinedDomainXYPlotTest.java,CombinedDomainXYPlotTest,testRemoveSubplot,8,0,void,public,true,true,true,true
C:\Users\simon\Documents\Code\thesis-code\jfreechart-master\src\test\java\org\jfree\chart\plot\CombinedDomainXYPlotTest.java,CombinedDomainXYPlotTest.java,CombinedDomainXYPlotTest,testEquals,4,0,void,public,true,true,true,true
C:\Users\simon\Documents\Code\thesis-code\jfreechart-master\src\test\java\org\jfree\chart\plot\CombinedDomainXYPlotTest.java,CombinedDomainXYPlotTest.java,CombinedDomainXYPlotTest,testCloning,5,0,void,public,true,true,true,true
C:\Users\simon\Documents\Code\thesis-code\jfreechart-master\src\test\java\org\jfree\chart\plot\CombinedDomainXYPlotTest.java,CombinedDomainXYPlotTest.java,CombinedDomainXYPlotTest,testSerialization,3,0,void,public,true,true,true,true
C:\Users\simon\Documents\Code\thesis-code\jfreechart-master\src\test\java\org\jfree\chart\plot\CombinedDomainXYPlotTest.java,CombinedDomainXYPlotTest.java,CombinedDomainXYPlotTest,testNotification,12,0,void,public,true,true,true,true
C:\Users\simon\Documents\Code\thesis-code\jfreechart-master\src\test\java\org\jfree\chart\plot\CombinedDomainXYPlotTest.java,CombinedDomainXYPlotTest.java,CombinedDomainXYPlotTest,createDataset1,36,0,XYDataset<String>,private,false,false,true,true
C:\Users\simon\Documents\Code\thesis-code\jfreechart-master\src\test\java\org\jfree\chart\plot\CombinedDomainXYPlotTest.java,CombinedDomainXYPlotTest.java,CombinedDomainXYPlotTest,createDataset2,16,0,XYDataset<String>,private,false,false,true,true
C:\Users\simon\Documents\Code\thesis-code\jfreechart-master\src\test\java\org\jfree\chart\plot\CombinedDomainXYPlotTest.java,CombinedDomainXYPlotTest.java,CombinedDomainXYPlotTest,createPlot,21,0,CombinedDomainXYPlot<String>,private,false,false,true,true
C:\Users\simon\Documents\Code\thesis-code\jfreechart-master\src\test\java\org\jfree\chart\plot\CombinedRangeCategoryPlotTest.java,CombinedRangeCategoryPlotTest.java,CombinedRangeCategoryPlotTest,chartChanged,1,1,void,public,false,false,true,true
C:\Users\simon\Documents\Code\thesis-code\jfreechart-master\src\test\java\org\jfree\chart\plot\CombinedRangeCategoryPlotTest.java,CombinedRangeCategoryPlotTest.java,CombinedRangeCategoryPlotTest,testEquals,3,0,void,public,true,true,true,true
C:\Users\simon\Documents\Code\thesis-code\jfreechart-master\src\test\java\org\jfree\chart\plot\CombinedRangeCategoryPlotTest.java,CombinedRangeCategoryPlotTest.java,CombinedRangeCategoryPlotTest,testCloning,5,0,void,public,true,true,true,true
C:\Users\simon\Documents\Code\thesis-code\jfreechart-master\src\test\java\org\jfree\chart\plot\CombinedRangeCategoryPlotTest.java,CombinedRangeCategoryPlotTest.java,CombinedRangeCategoryPlotTest,testSerialization,3,0,void,public,true,true,true,true
C:\Users\simon\Documents\Code\thesis-code\jfreechart-master\src\test\java\org\jfree\chart\plot\CombinedRangeCategoryPlotTest.java,CombinedRangeCategoryPlotTest.java,CombinedRangeCategoryPlotTest,testRemoveSubplot,10,0,void,public,true,true,true,true
C:\Users\simon\Documents\Code\thesis-code\jfreechart-master\src\test\java\org\jfree\chart\plot\CombinedRangeCategoryPlotTest.java,CombinedRangeCategoryPlotTest.java,CombinedRangeCategoryPlotTest,testNotification,12,0,void,public,true,true,true,true
C:\Users\simon\Documents\Code\thesis-code\jfreechart-master\src\test\java\org\jfree\chart\plot\CombinedRangeCategoryPlotTest.java,CombinedRangeCategoryPlotTest.java,CombinedRangeCategoryPlotTest,createDataset1,28,0,"CategoryDataset<String, String>",public,false,false,true,true
C:\Users\simon\Documents\Code\thesis-code\jfreechart-master\src\test\java\org\jfree\chart\plot\CombinedRangeCategoryPlotTest.java,CombinedRangeCategoryPlotTest.java,CombinedRangeCategoryPlotTest,createDataset2,28,0,"CategoryDataset<String, String>",public,false,false,true,true
C:\Users\simon\Documents\Code\thesis-code\jfreechart-master\src\test\java\org\jfree\chart\plot\CombinedRangeCategoryPlotTest.java,CombinedRangeCategoryPlotTest.java,CombinedRangeCategoryPlotTest,createPlot,17,0,CombinedRangeCategoryPlot,private,false,false,true,true
C:\Users\simon\Documents\Code\thesis-code\jfreechart-master\src\test\java\org\jfree\chart\plot\CombinedRangeXYPlotTest.java,CombinedRangeXYPlotTest.java,CombinedRangeXYPlotTest,chartChanged,1,1,void,public,false,false,true,true
C:\Users\simon\Documents\Code\thesis-code\jfreechart-master\src\test\java\org\jfree\chart\plot\CombinedRangeXYPlotTest.java,CombinedRangeXYPlotTest.java,CombinedRangeXYPlotTest,testEquals,4,0,void,public,true,true,true,true
C:\Users\simon\Documents\Code\thesis-code\jfreechart-master\src\test\java\org\jfree\chart\plot\CombinedRangeXYPlotTest.java,CombinedRangeXYPlotTest.java,CombinedRangeXYPlotTest,testRemoveSubplot,7,0,void,public,true,true,true,true
C:\Users\simon\Documents\Code\thesis-code\jfreechart-master\src\test\java\org\jfree\chart\plot\CombinedRangeXYPlotTest.java,CombinedRangeXYPlotTest.java,CombinedRangeXYPlotTest,testCloning,5,0,void,public,true,true,true,true
C:\Users\simon\Documents\Code\thesis-code\jfreechart-master\src\test\java\org\jfree\chart\plot\CombinedRangeXYPlotTest.java,CombinedRangeXYPlotTest.java,CombinedRangeXYPlotTest,testSerialization,3,0,void,public,true,true,true,true
C:\Users\simon\Documents\Code\thesis-code\jfreechart-master\src\test\java\org\jfree\chart\plot\CombinedRangeXYPlotTest.java,CombinedRangeXYPlotTest.java,CombinedRangeXYPlotTest,testNotification,12,0,void,public,true,true,true,true
C:\Users\simon\Documents\Code\thesis-code\jfreechart-master\src\test\java\org\jfree\chart\plot\CombinedRangeXYPlotTest.java,CombinedRangeXYPlotTest.java,CombinedRangeXYPlotTest,createDataset1,36,0,XYDataset<String>,private,false,false,true,true
C:\Users\simon\Documents\Code\thesis-code\jfreechart-master\src\test\java\org\jfree\chart\plot\CombinedRangeXYPlotTest.java,CombinedRangeXYPlotTest.java,CombinedRangeXYPlotTest,createDataset2,16,0,XYDataset<String>,private,false,false,true,true
C:\Users\simon\Documents\Code\thesis-code\jfreechart-master\src\test\java\org\jfree\chart\plot\CombinedRangeXYPlotTest.java,CombinedRangeXYPlotTest.java,CombinedRangeXYPlotTest,createPlot,21,0,CombinedRangeXYPlot<String>,private,false,false,true,true
C:\Users\simon\Documents\Code\thesis-code\jfreechart-master\src\test\java\org\jfree\chart\plot\compass\ArrowNeedleTest.java,ArrowNeedleTest.java,ArrowNeedleTest,testEquals,8,0,void,public,true,true,true,true
C:\Users\simon\Documents\Code\thesis-code\jfreechart-master\src\test\java\org\jfree\chart\plot\compass\ArrowNeedleTest.java,ArrowNeedleTest.java,ArrowNeedleTest,testCloning,5,0,void,public,true,true,true,true
C:\Users\simon\Documents\Code\thesis-code\jfreechart-master\src\test\java\org\jfree\chart\plot\compass\ArrowNeedleTest.java,ArrowNeedleTest.java,ArrowNeedleTest,testSerialization,3,0,void,public,true,true,true,true
C:\Users\simon\Documents\Code\thesis-code\jfreechart-master\src\test\java\org\jfree\chart\plot\compass\CompassPlotTest.java,CompassPlotTest.java,CompassPlotTest,testEquals,27,0,void,,true,true,true,true
C:\Users\simon\Documents\Code\thesis-code\jfreechart-master\src\test\java\org\jfree\chart\plot\compass\CompassPlotTest.java,CompassPlotTest.java,CompassPlotTest,testSerialization,6,0,void,,true,true,true,true
C:\Users\simon\Documents\Code\thesis-code\jfreechart-master\src\test\java\org\jfree\chart\plot\compass\CompassPlotTest.java,CompassPlotTest.java,CompassPlotTest,testCloning,5,0,void,,true,true,true,true
C:\Users\simon\Documents\Code\thesis-code\jfreechart-master\src\test\java\org\jfree\chart\plot\compass\CompassPlotTest.java,CompassPlotTest.java,CompassPlotTest,testArrayBounds,2,0,void,,true,true,true,true
C:\Users\simon\Documents\Code\thesis-code\jfreechart-master\src\test\java\org\jfree\chart\plot\compass\LineNeedleTest.java,LineNeedleTest.java,LineNeedleTest,testEquals,4,0,void,public,true,true,true,true
C:\Users\simon\Documents\Code\thesis-code\jfreechart-master\src\test\java\org\jfree\chart\plot\compass\LineNeedleTest.java,LineNeedleTest.java,LineNeedleTest,testCloning,5,0,void,public,true,true,true,true
C:\Users\simon\Documents\Code\thesis-code\jfreechart-master\src\test\java\org\jfree\chart\plot\compass\LineNeedleTest.java,LineNeedleTest.java,LineNeedleTest,testSerialization,3,0,void,public,true,true,true,true
C:\Users\simon\Documents\Code\thesis-code\jfreechart-master\src\test\java\org\jfree\chart\plot\compass\LongNeedleTest.java,LongNeedleTest.java,LongNeedleTest,testEquals,4,0,void,public,true,true,true,true
C:\Users\simon\Documents\Code\thesis-code\jfreechart-master\src\test\java\org\jfree\chart\plot\compass\LongNeedleTest.java,LongNeedleTest.java,LongNeedleTest,testCloning,5,0,void,public,true,true,true,true
C:\Users\simon\Documents\Code\thesis-code\jfreechart-master\src\test\java\org\jfree\chart\plot\compass\LongNeedleTest.java,LongNeedleTest.java,LongNeedleTest,testSerialization,3,0,void,public,true,true,true,true
C:\Users\simon\Documents\Code\thesis-code\jfreechart-master\src\test\java\org\jfree\chart\plot\compass\MeterNeedleTest.java,MeterNeedleTest.java,MeterNeedleTest,testEquals,32,0,void,public,true,true,true,true
C:\Users\simon\Documents\Code\thesis-code\jfreechart-master\src\test\java\org\jfree\chart\plot\compass\MiddlePinNeedleTest.java,MiddlePinNeedleTest.java,MiddlePinNeedleTest,testEquals,4,0,void,public,true,true,true,true
C:\Users\simon\Documents\Code\thesis-code\jfreechart-master\src\test\java\org\jfree\chart\plot\compass\MiddlePinNeedleTest.java,MiddlePinNeedleTest.java,MiddlePinNeedleTest,testCloning,5,0,void,public,true,true,true,true
C:\Users\simon\Documents\Code\thesis-code\jfreechart-master\src\test\java\org\jfree\chart\plot\compass\MiddlePinNeedleTest.java,MiddlePinNeedleTest.java,MiddlePinNeedleTest,testSerialization,3,0,void,public,true,true,true,true
C:\Users\simon\Documents\Code\thesis-code\jfreechart-master\src\test\java\org\jfree\chart\plot\compass\PinNeedleTest.java,PinNeedleTest.java,PinNeedleTest,testEquals,4,0,void,public,true,true,true,true
C:\Users\simon\Documents\Code\thesis-code\jfreechart-master\src\test\java\org\jfree\chart\plot\compass\PinNeedleTest.java,PinNeedleTest.java,PinNeedleTest,testCloning,5,0,void,public,true,true,true,true
C:\Users\simon\Documents\Code\thesis-code\jfreechart-master\src\test\java\org\jfree\chart\plot\compass\PinNeedleTest.java,PinNeedleTest.java,PinNeedleTest,testSerialization,3,0,void,public,true,true,true,true
C:\Users\simon\Documents\Code\thesis-code\jfreechart-master\src\test\java\org\jfree\chart\plot\compass\PlumNeedleTest.java,PlumNeedleTest.java,PlumNeedleTest,testEquals,4,0,void,public,true,true,true,true
C:\Users\simon\Documents\Code\thesis-code\jfreechart-master\src\test\java\org\jfree\chart\plot\compass\PlumNeedleTest.java,PlumNeedleTest.java,PlumNeedleTest,testCloning,5,0,void,public,true,true,true,true
C:\Users\simon\Documents\Code\thesis-code\jfreechart-master\src\test\java\org\jfree\chart\plot\compass\PlumNeedleTest.java,PlumNeedleTest.java,PlumNeedleTest,testSerialization,3,0,void,public,true,true,true,true
C:\Users\simon\Documents\Code\thesis-code\jfreechart-master\src\test\java\org\jfree\chart\plot\compass\PointerNeedleTest.java,PointerNeedleTest.java,PointerNeedleTest,testEquals,4,0,void,public,true,true,true,true
C:\Users\simon\Documents\Code\thesis-code\jfreechart-master\src\test\java\org\jfree\chart\plot\compass\PointerNeedleTest.java,PointerNeedleTest.java,PointerNeedleTest,testCloning,5,0,void,public,true,true,true,true
C:\Users\simon\Documents\Code\thesis-code\jfreechart-master\src\test\java\org\jfree\chart\plot\compass\PointerNeedleTest.java,PointerNeedleTest.java,PointerNeedleTest,testSerialization,3,0,void,public,true,true,true,true
C:\Users\simon\Documents\Code\thesis-code\jfreechart-master\src\test\java\org\jfree\chart\plot\compass\ShipNeedleTest.java,ShipNeedleTest.java,ShipNeedleTest,testEquals,4,0,void,public,true,true,true,true
C:\Users\simon\Documents\Code\thesis-code\jfreechart-master\src\test\java\org\jfree\chart\plot\compass\ShipNeedleTest.java,ShipNeedleTest.java,ShipNeedleTest,testCloning,5,0,void,public,true,true,true,true
C:\Users\simon\Documents\Code\thesis-code\jfreechart-master\src\test\java\org\jfree\chart\plot\compass\ShipNeedleTest.java,ShipNeedleTest.java,ShipNeedleTest,testSerialization,3,0,void,public,true,true,true,true
C:\Users\simon\Documents\Code\thesis-code\jfreechart-master\src\test\java\org\jfree\chart\plot\compass\WindNeedleTest.java,WindNeedleTest.java,WindNeedleTest,testEquals,4,0,void,public,true,true,true,true
C:\Users\simon\Documents\Code\thesis-code\jfreechart-master\src\test\java\org\jfree\chart\plot\compass\WindNeedleTest.java,WindNeedleTest.java,WindNeedleTest,testCloning,5,0,void,public,true,true,true,true
C:\Users\simon\Documents\Code\thesis-code\jfreechart-master\src\test\java\org\jfree\chart\plot\compass\WindNeedleTest.java,WindNeedleTest.java,WindNeedleTest,testSerialization,3,0,void,public,true,true,true,true
C:\Users\simon\Documents\Code\thesis-code\jfreechart-master\src\test\java\org\jfree\chart\plot\CrosshairTest.java,CrosshairTest.java,CrosshairTest,testEquals,64,0,void,public,true,true,true,true
C:\Users\simon\Documents\Code\thesis-code\jfreechart-master\src\test\java\org\jfree\chart\plot\CrosshairTest.java,CrosshairTest.java,CrosshairTest,equalsContract,1,0,void,public,true,false,true,true
C:\Users\simon\Documents\Code\thesis-code\jfreechart-master\src\test\java\org\jfree\chart\plot\CrosshairTest.java,CrosshairTest.java,CrosshairTest,testHashCode,4,0,void,public,true,true,true,true
C:\Users\simon\Documents\Code\thesis-code\jfreechart-master\src\test\java\org\jfree\chart\plot\CrosshairTest.java,CrosshairTest.java,CrosshairTest,testCloning,5,0,void,public,true,true,true,true
C:\Users\simon\Documents\Code\thesis-code\jfreechart-master\src\test\java\org\jfree\chart\plot\CrosshairTest.java,CrosshairTest.java,CrosshairTest,testPublicCloneable,2,0,void,public,true,true,true,true
C:\Users\simon\Documents\Code\thesis-code\jfreechart-master\src\test\java\org\jfree\chart\plot\CrosshairTest.java,CrosshairTest.java,CrosshairTest,testSerialization,3,0,void,public,true,true,true,true
C:\Users\simon\Documents\Code\thesis-code\jfreechart-master\src\test\java\org\jfree\chart\plot\DefaultDrawingSupplierTest.java,DefaultDrawingSupplierTest.java,DefaultDrawingSupplierTest,testEquals,67,0,void,public,true,true,true,true
C:\Users\simon\Documents\Code\thesis-code\jfreechart-master\src\test\java\org\jfree\chart\plot\DefaultDrawingSupplierTest.java,DefaultDrawingSupplierTest.java,DefaultDrawingSupplierTest,testCloning,5,0,void,public,true,true,true,true
C:\Users\simon\Documents\Code\thesis-code\jfreechart-master\src\test\java\org\jfree\chart\plot\DefaultDrawingSupplierTest.java,DefaultDrawingSupplierTest.java,DefaultDrawingSupplierTest,testSerialization,3,0,void,public,true,true,true,true
C:\Users\simon\Documents\Code\thesis-code\jfreechart-master\src\test\java\org\jfree\chart\plot\dial\AbstractDialLayerTest.java,AbstractDialLayerTest.java,AbstractDialLayerTest,testEquals,7,0,void,public,true,true,true,true
C:\Users\simon\Documents\Code\thesis-code\jfreechart-master\src\test\java\org\jfree\chart\plot\dial\AbstractDialLayerTest.java,AbstractDialLayerTest.java,AbstractDialLayerTest,testCloning,9,0,void,public,true,true,true,true
C:\Users\simon\Documents\Code\thesis-code\jfreechart-master\src\test\java\org\jfree\chart\plot\dial\AbstractDialLayerTest.java,AbstractDialLayerTest.java,AbstractDialLayerTest,testSerialization,7,0,void,public,true,true,true,true
C:\Users\simon\Documents\Code\thesis-code\jfreechart-master\src\test\java\org\jfree\chart\plot\dial\ArcDialFrameTest.java,ArcDialFrameTest.java,ArcDialFrameTest,testEquals,35,0,void,public,true,true,true,true
C:\Users\simon\Documents\Code\thesis-code\jfreechart-master\src\test\java\org\jfree\chart\plot\dial\ArcDialFrameTest.java,ArcDialFrameTest.java,ArcDialFrameTest,testHashCode,6,0,void,public,true,true,true,true
C:\Users\simon\Documents\Code\thesis-code\jfreechart-master\src\test\java\org\jfree\chart\plot\dial\ArcDialFrameTest.java,ArcDialFrameTest.java,ArcDialFrameTest,testCloning,9,0,void,public,true,true,true,true
C:\Users\simon\Documents\Code\thesis-code\jfreechart-master\src\test\java\org\jfree\chart\plot\dial\ArcDialFrameTest.java,ArcDialFrameTest.java,ArcDialFrameTest,testSerialization,3,0,void,public,true,true,true,true
C:\Users\simon\Documents\Code\thesis-code\jfreechart-master\src\test\java\org\jfree\chart\plot\dial\DialBackgroundTest.java,DialBackgroundTest.java,DialBackgroundTest,testEquals,15,0,void,public,true,true,true,true
C:\Users\simon\Documents\Code\thesis-code\jfreechart-master\src\test\java\org\jfree\chart\plot\dial\DialBackgroundTest.java,DialBackgroundTest.java,DialBackgroundTest,testHashCode,6,0,void,public,true,true,true,true
C:\Users\simon\Documents\Code\thesis-code\jfreechart-master\src\test\java\org\jfree\chart\plot\dial\DialBackgroundTest.java,DialBackgroundTest.java,DialBackgroundTest,testCloning,16,0,void,public,true,true,true,true
C:\Users\simon\Documents\Code\thesis-code\jfreechart-master\src\test\java\org\jfree\chart\plot\dial\DialBackgroundTest.java,DialBackgroundTest.java,DialBackgroundTest,testSerialization,8,0,void,public,true,true,true,true
C:\Users\simon\Documents\Code\thesis-code\jfreechart-master\src\test\java\org\jfree\chart\plot\dial\DialCapTest.java,DialCapTest.java,DialCapTest,testEquals,22,0,void,public,true,true,true,true
C:\Users\simon\Documents\Code\thesis-code\jfreechart-master\src\test\java\org\jfree\chart\plot\dial\DialCapTest.java,DialCapTest.java,DialCapTest,testHashCode,6,0,void,public,true,true,true,true
C:\Users\simon\Documents\Code\thesis-code\jfreechart-master\src\test\java\org\jfree\chart\plot\dial\DialCapTest.java,DialCapTest.java,DialCapTest,testCloning,17,0,void,public,true,true,true,true
C:\Users\simon\Documents\Code\thesis-code\jfreechart-master\src\test\java\org\jfree\chart\plot\dial\DialCapTest.java,DialCapTest.java,DialCapTest,testSerialization,9,0,void,public,true,true,true,true
C:\Users\simon\Documents\Code\thesis-code\jfreechart-master\src\test\java\org\jfree\chart\plot\dial\DialPlotTest.java,DialPlotTest.java,DialPlotTest,plotChanged,1,1,void,public,false,false,true,true
C:\Users\simon\Documents\Code\thesis-code\jfreechart-master\src\test\java\org\jfree\chart\plot\dial\DialPlotTest.java,DialPlotTest.java,DialPlotTest,testEquals,39,0,void,public,true,true,true,true
C:\Users\simon\Documents\Code\thesis-code\jfreechart-master\src\test\java\org\jfree\chart\plot\dial\DialPlotTest.java,DialPlotTest.java,DialPlotTest,testHashCode,6,0,void,public,true,true,true,true
C:\Users\simon\Documents\Code\thesis-code\jfreechart-master\src\test\java\org\jfree\chart\plot\dial\DialPlotTest.java,DialPlotTest.java,DialPlotTest,testCloning,5,0,void,public,true,true,true,true
C:\Users\simon\Documents\Code\thesis-code\jfreechart-master\src\test\java\org\jfree\chart\plot\dial\DialPlotTest.java,DialPlotTest.java,DialPlotTest,testSerialization,3,0,void,public,true,true,true,true
C:\Users\simon\Documents\Code\thesis-code\jfreechart-master\src\test\java\org\jfree\chart\plot\dial\DialPlotTest.java,DialPlotTest.java,DialPlotTest,testBackgroundListener,14,0,void,public,true,true,true,true
C:\Users\simon\Documents\Code\thesis-code\jfreechart-master\src\test\java\org\jfree\chart\plot\dial\DialPlotTest.java,DialPlotTest.java,DialPlotTest,testCapListener,14,0,void,public,true,true,true,true
C:\Users\simon\Documents\Code\thesis-code\jfreechart-master\src\test\java\org\jfree\chart\plot\dial\DialPlotTest.java,DialPlotTest.java,DialPlotTest,testFrameListener,14,0,void,public,true,true,true,true
C:\Users\simon\Documents\Code\thesis-code\jfreechart-master\src\test\java\org\jfree\chart\plot\dial\DialPlotTest.java,DialPlotTest.java,DialPlotTest,testScaleListener,14,0,void,public,true,true,true,true
C:\Users\simon\Documents\Code\thesis-code\jfreechart-master\src\test\java\org\jfree\chart\plot\dial\DialPlotTest.java,DialPlotTest.java,DialPlotTest,testLayerListener,18,0,void,public,true,true,true,true
C:\Users\simon\Documents\Code\thesis-code\jfreechart-master\src\test\java\org\jfree\chart\plot\dial\DialPointerTest.java,DialPointerTest.java,DialPointerTest,testEquals,11,0,void,public,true,true,true,true
C:\Users\simon\Documents\Code\thesis-code\jfreechart-master\src\test\java\org\jfree\chart\plot\dial\DialPointerTest.java,DialPointerTest.java,DialPointerTest,testEqualsPin,12,0,void,public,true,true,true,true
C:\Users\simon\Documents\Code\thesis-code\jfreechart-master\src\test\java\org\jfree\chart\plot\dial\DialPointerTest.java,DialPointerTest.java,DialPointerTest,testEqualsPointer,11,0,void,public,true,true,true,true
C:\Users\simon\Documents\Code\thesis-code\jfreechart-master\src\test\java\org\jfree\chart\plot\dial\DialPointerTest.java,DialPointerTest.java,DialPointerTest,testHashCode,6,0,void,public,true,true,true,true
C:\Users\simon\Documents\Code\thesis-code\jfreechart-master\src\test\java\org\jfree\chart\plot\dial\DialPointerTest.java,DialPointerTest.java,DialPointerTest,testCloning,9,0,void,public,true,true,true,true
C:\Users\simon\Documents\Code\thesis-code\jfreechart-master\src\test\java\org\jfree\chart\plot\dial\DialPointerTest.java,DialPointerTest.java,DialPointerTest,testSerialization,3,0,void,public,true,true,true,true
C:\Users\simon\Documents\Code\thesis-code\jfreechart-master\src\test\java\org\jfree\chart\plot\dial\DialPointerTest.java,DialPointerTest.java,DialPointerTest,testSerialization2,3,0,void,public,true,true,true,true
C:\Users\simon\Documents\Code\thesis-code\jfreechart-master\src\test\java\org\jfree\chart\plot\dial\DialTextAnnotationTest.java,DialTextAnnotationTest.java,DialTextAnnotationTest,testEquals,28,0,void,public,true,true,true,true
C:\Users\simon\Documents\Code\thesis-code\jfreechart-master\src\test\java\org\jfree\chart\plot\dial\DialTextAnnotationTest.java,DialTextAnnotationTest.java,DialTextAnnotationTest,testHashCode,6,0,void,public,true,true,true,true
C:\Users\simon\Documents\Code\thesis-code\jfreechart-master\src\test\java\org\jfree\chart\plot\dial\DialTextAnnotationTest.java,DialTextAnnotationTest.java,DialTextAnnotationTest,testCloning,9,0,void,public,true,true,true,true
C:\Users\simon\Documents\Code\thesis-code\jfreechart-master\src\test\java\org\jfree\chart\plot\dial\DialTextAnnotationTest.java,DialTextAnnotationTest.java,DialTextAnnotationTest,testSerialization,7,0,void,public,true,true,true,true
C:\Users\simon\Documents\Code\thesis-code\jfreechart-master\src\test\java\org\jfree\chart\plot\dial\DialValueIndicatorTest.java,DialValueIndicatorTest.java,DialValueIndicatorTest,testEquals,59,0,void,public,true,true,true,true
C:\Users\simon\Documents\Code\thesis-code\jfreechart-master\src\test\java\org\jfree\chart\plot\dial\DialValueIndicatorTest.java,DialValueIndicatorTest.java,DialValueIndicatorTest,testHashCode,6,0,void,public,true,true,true,true
C:\Users\simon\Documents\Code\thesis-code\jfreechart-master\src\test\java\org\jfree\chart\plot\dial\DialValueIndicatorTest.java,DialValueIndicatorTest.java,DialValueIndicatorTest,testCloning,9,0,void,public,true,true,true,true
C:\Users\simon\Documents\Code\thesis-code\jfreechart-master\src\test\java\org\jfree\chart\plot\dial\DialValueIndicatorTest.java,DialValueIndicatorTest.java,DialValueIndicatorTest,testSerialization,3,0,void,public,true,true,true,true
C:\Users\simon\Documents\Code\thesis-code\jfreechart-master\src\test\java\org\jfree\chart\plot\dial\StandardDialFrameTest.java,StandardDialFrameTest.java,StandardDialFrameTest,testEquals,23,0,void,public,true,true,true,true
C:\Users\simon\Documents\Code\thesis-code\jfreechart-master\src\test\java\org\jfree\chart\plot\dial\StandardDialFrameTest.java,StandardDialFrameTest.java,StandardDialFrameTest,testHashCode,6,0,void,public,true,true,true,true
C:\Users\simon\Documents\Code\thesis-code\jfreechart-master\src\test\java\org\jfree\chart\plot\dial\StandardDialFrameTest.java,StandardDialFrameTest.java,StandardDialFrameTest,testCloning,9,0,void,public,true,true,true,true
C:\Users\simon\Documents\Code\thesis-code\jfreechart-master\src\test\java\org\jfree\chart\plot\dial\StandardDialFrameTest.java,StandardDialFrameTest.java,StandardDialFrameTest,testSerialization,3,0,void,public,true,true,true,true
C:\Users\simon\Documents\Code\thesis-code\jfreechart-master\src\test\java\org\jfree\chart\plot\dial\StandardDialRangeTest.java,StandardDialRangeTest.java,StandardDialRangeTest,testEquals,19,0,void,public,true,true,true,true
C:\Users\simon\Documents\Code\thesis-code\jfreechart-master\src\test\java\org\jfree\chart\plot\dial\StandardDialRangeTest.java,StandardDialRangeTest.java,StandardDialRangeTest,testHashCode,6,0,void,public,true,true,true,true
C:\Users\simon\Documents\Code\thesis-code\jfreechart-master\src\test\java\org\jfree\chart\plot\dial\StandardDialRangeTest.java,StandardDialRangeTest.java,StandardDialRangeTest,testCloning,9,0,void,public,true,true,true,true
C:\Users\simon\Documents\Code\thesis-code\jfreechart-master\src\test\java\org\jfree\chart\plot\dial\StandardDialRangeTest.java,StandardDialRangeTest.java,StandardDialRangeTest,testSerialization,3,0,void,public,true,true,true,true
C:\Users\simon\Documents\Code\thesis-code\jfreechart-master\src\test\java\org\jfree\chart\plot\dial\StandardDialScaleTest.java,StandardDialScaleTest.java,StandardDialScaleTest,testEquals,67,0,void,public,true,true,true,true
C:\Users\simon\Documents\Code\thesis-code\jfreechart-master\src\test\java\org\jfree\chart\plot\dial\StandardDialScaleTest.java,StandardDialScaleTest.java,StandardDialScaleTest,testHashCode,6,0,void,public,true,true,true,true
C:\Users\simon\Documents\Code\thesis-code\jfreechart-master\src\test\java\org\jfree\chart\plot\dial\StandardDialScaleTest.java,StandardDialScaleTest.java,StandardDialScaleTest,testCloning,17,0,void,public,true,true,true,true
C:\Users\simon\Documents\Code\thesis-code\jfreechart-master\src\test\java\org\jfree\chart\plot\dial\StandardDialScaleTest.java,StandardDialScaleTest.java,StandardDialScaleTest,testSerialization,9,0,void,public,true,true,true,true
C:\Users\simon\Documents\Code\thesis-code\jfreechart-master\src\test\java\org\jfree\chart\plot\dial\StandardDialScaleTest.java,StandardDialScaleTest.java,StandardDialScaleTest,testValueToAngle,10,0,void,public,true,true,true,true
C:\Users\simon\Documents\Code\thesis-code\jfreechart-master\src\test\java\org\jfree\chart\plot\dial\StandardDialScaleTest.java,StandardDialScaleTest.java,StandardDialScaleTest,testAngleToValue,10,0,void,public,true,true,true,true
C:\Users\simon\Documents\Code\thesis-code\jfreechart-master\src\test\java\org\jfree\chart\plot\FastScatterPlotTest.java,FastScatterPlotTest.java,FastScatterPlotTest,testEquals,42,0,void,public,true,true,true,true
C:\Users\simon\Documents\Code\thesis-code\jfreechart-master\src\test\java\org\jfree\chart\plot\FastScatterPlotTest.java,FastScatterPlotTest.java,FastScatterPlotTest,testEquals2,30,0,void,public,true,true,true,true
C:\Users\simon\Documents\Code\thesis-code\jfreechart-master\src\test\java\org\jfree\chart\plot\FastScatterPlotTest.java,FastScatterPlotTest.java,FastScatterPlotTest,testCloning,5,0,void,public,true,true,true,true
C:\Users\simon\Documents\Code\thesis-code\jfreechart-master\src\test\java\org\jfree\chart\plot\FastScatterPlotTest.java,FastScatterPlotTest.java,FastScatterPlotTest,testSerialization,6,0,void,public,true,true,true,true
C:\Users\simon\Documents\Code\thesis-code\jfreechart-master\src\test\java\org\jfree\chart\plot\FastScatterPlotTest.java,FastScatterPlotTest.java,FastScatterPlotTest,testDrawWithNullInfo,1,0,void,public,true,true,true,true
C:\Users\simon\Documents\Code\thesis-code\jfreechart-master\src\test\java\org\jfree\chart\plot\FastScatterPlotTest.java,FastScatterPlotTest.java,FastScatterPlotTest,createData,3,0,float[][],private,false,false,true,true
C:\Users\simon\Documents\Code\thesis-code\jfreechart-master\src\test\java\org\jfree\chart\plot\flow\FlowPlotTest.java,FlowPlotTest.java,FlowPlotTest,plotChanged,1,1,void,public,false,false,true,true
C:\Users\simon\Documents\Code\thesis-code\jfreechart-master\src\test\java\org\jfree\chart\plot\flow\FlowPlotTest.java,FlowPlotTest.java,FlowPlotTest,setDefaultNodeColorTriggersChangeEvent,5,0,void,public,true,false,true,true
C:\Users\simon\Documents\Code\thesis-code\jfreechart-master\src\test\java\org\jfree\chart\plot\flow\FlowPlotTest.java,FlowPlotTest.java,FlowPlotTest,setDefaultNodeLabelFontTriggersChangeEvent,5,0,void,public,true,false,true,true
C:\Users\simon\Documents\Code\thesis-code\jfreechart-master\src\test\java\org\jfree\chart\plot\flow\FlowPlotTest.java,FlowPlotTest.java,FlowPlotTest,setDefaultNodeLabelPaintTriggersChangeEvent,5,0,void,public,true,false,true,true
C:\Users\simon\Documents\Code\thesis-code\jfreechart-master\src\test\java\org\jfree\chart\plot\flow\FlowPlotTest.java,FlowPlotTest.java,FlowPlotTest,setDefaultNodeLabelOffsetXTriggersChangeEvent,5,0,void,public,true,false,true,true
C:\Users\simon\Documents\Code\thesis-code\jfreechart-master\src\test\java\org\jfree\chart\plot\flow\FlowPlotTest.java,FlowPlotTest.java,FlowPlotTest,setDefaultNodeLabelOffsetYTriggersChangeEvent,5,0,void,public,true,false,true,true
C:\Users\simon\Documents\Code\thesis-code\jfreechart-master\src\test\java\org\jfree\chart\plot\flow\FlowPlotTest.java,FlowPlotTest.java,FlowPlotTest,setNodeMarginTriggersChangeEvent,5,0,void,public,true,false,true,true
C:\Users\simon\Documents\Code\thesis-code\jfreechart-master\src\test\java\org\jfree\chart\plot\flow\FlowPlotTest.java,FlowPlotTest.java,FlowPlotTest,setNodeLabelAlignmentTriggersChangeEvent,5,0,void,public,true,false,true,true
C:\Users\simon\Documents\Code\thesis-code\jfreechart-master\src\test\java\org\jfree\chart\plot\flow\FlowPlotTest.java,FlowPlotTest.java,FlowPlotTest,setNodeFillColorTriggersChangeEvent,5,0,void,public,true,false,true,true
C:\Users\simon\Documents\Code\thesis-code\jfreechart-master\src\test\java\org\jfree\chart\plot\flow\FlowPlotTest.java,FlowPlotTest.java,FlowPlotTest,setFlowMarginTriggersChangeEvent,5,0,void,public,true,false,true,true
C:\Users\simon\Documents\Code\thesis-code\jfreechart-master\src\test\java\org\jfree\chart\plot\flow\FlowPlotTest.java,FlowPlotTest.java,FlowPlotTest,setToolTipGeneratorTriggersChangeEvent,5,0,void,public,true,false,true,true
C:\Users\simon\Documents\Code\thesis-code\jfreechart-master\src\test\java\org\jfree\chart\plot\flow\FlowPlotTest.java,FlowPlotTest.java,FlowPlotTest,testEquals,5,0,void,public,true,true,true,true
C:\Users\simon\Documents\Code\thesis-code\jfreechart-master\src\test\java\org\jfree\chart\plot\flow\FlowPlotTest.java,FlowPlotTest.java,FlowPlotTest,testCloning,7,0,void,public,true,true,true,true
C:\Users\simon\Documents\Code\thesis-code\jfreechart-master\src\test\java\org\jfree\chart\plot\flow\FlowPlotTest.java,FlowPlotTest.java,FlowPlotTest,testIndependence,54,2,void,private,false,true,true,true
C:\Users\simon\Documents\Code\thesis-code\jfreechart-master\src\test\java\org\jfree\chart\plot\flow\FlowPlotTest.java,FlowPlotTest.java,FlowPlotTest,testSerialization,3,0,void,public,true,true,true,true
C:\Users\simon\Documents\Code\thesis-code\jfreechart-master\src\test\java\org\jfree\chart\plot\IntervalMarkerTest.java,IntervalMarkerTest.java,IntervalMarkerTest,markerChanged,1,1,void,public,false,false,true,true
C:\Users\simon\Documents\Code\thesis-code\jfreechart-master\src\test\java\org\jfree\chart\plot\IntervalMarkerTest.java,IntervalMarkerTest.java,IntervalMarkerTest,testEquals,17,0,void,public,true,true,true,true
C:\Users\simon\Documents\Code\thesis-code\jfreechart-master\src\test\java\org\jfree\chart\plot\IntervalMarkerTest.java,IntervalMarkerTest.java,IntervalMarkerTest,testCloning,5,0,void,public,true,true,true,true
C:\Users\simon\Documents\Code\thesis-code\jfreechart-master\src\test\java\org\jfree\chart\plot\IntervalMarkerTest.java,IntervalMarkerTest.java,IntervalMarkerTest,testSerialization,3,0,void,public,true,true,true,true
C:\Users\simon\Documents\Code\thesis-code\jfreechart-master\src\test\java\org\jfree\chart\plot\IntervalMarkerTest.java,IntervalMarkerTest.java,IntervalMarkerTest,testGetSetStartValue,7,0,void,public,true,true,true,true
C:\Users\simon\Documents\Code\thesis-code\jfreechart-master\src\test\java\org\jfree\chart\plot\IntervalMarkerTest.java,IntervalMarkerTest.java,IntervalMarkerTest,testGetSetEndValue,7,0,void,public,true,true,true,true
C:\Users\simon\Documents\Code\thesis-code\jfreechart-master\src\test\java\org\jfree\chart\plot\MarkerTest.java,MarkerTest.java,MarkerTest,testGetSetPaint,8,0,void,public,true,true,true,true
C:\Users\simon\Documents\Code\thesis-code\jfreechart-master\src\test\java\org\jfree\chart\plot\MarkerTest.java,MarkerTest.java,MarkerTest,testGetSetStroke,8,0,void,public,true,true,true,true
C:\Users\simon\Documents\Code\thesis-code\jfreechart-master\src\test\java\org\jfree\chart\plot\MarkerTest.java,MarkerTest.java,MarkerTest,testGetSetOutlinePaint,9,0,void,public,true,true,true,true
C:\Users\simon\Documents\Code\thesis-code\jfreechart-master\src\test\java\org\jfree\chart\plot\MarkerTest.java,MarkerTest.java,MarkerTest,testGetSetOutlineStroke,9,0,void,public,true,true,true,true
C:\Users\simon\Documents\Code\thesis-code\jfreechart-master\src\test\java\org\jfree\chart\plot\MarkerTest.java,MarkerTest.java,MarkerTest,testGetSetAlpha,7,0,void,public,true,true,true,true
C:\Users\simon\Documents\Code\thesis-code\jfreechart-master\src\test\java\org\jfree\chart\plot\MarkerTest.java,MarkerTest.java,MarkerTest,testGetSetLabel,9,0,void,public,true,true,true,true
C:\Users\simon\Documents\Code\thesis-code\jfreechart-master\src\test\java\org\jfree\chart\plot\MarkerTest.java,MarkerTest.java,MarkerTest,testGetSetLabelFont,8,0,void,public,true,true,true,true
C:\Users\simon\Documents\Code\thesis-code\jfreechart-master\src\test\java\org\jfree\chart\plot\MarkerTest.java,MarkerTest.java,MarkerTest,testGetSetLabelPaint,8,0,void,public,true,true,true,true
C:\Users\simon\Documents\Code\thesis-code\jfreechart-master\src\test\java\org\jfree\chart\plot\MarkerTest.java,MarkerTest.java,MarkerTest,testGetSetLabelAnchor,8,0,void,public,true,true,true,true
C:\Users\simon\Documents\Code\thesis-code\jfreechart-master\src\test\java\org\jfree\chart\plot\MarkerTest.java,MarkerTest.java,MarkerTest,testGetSetLabelOffset,8,0,void,public,true,true,true,true
C:\Users\simon\Documents\Code\thesis-code\jfreechart-master\src\test\java\org\jfree\chart\plot\MarkerTest.java,MarkerTest.java,MarkerTest,testGetSetLabelOffsetType,8,0,void,public,true,true,true,true
C:\Users\simon\Documents\Code\thesis-code\jfreechart-master\src\test\java\org\jfree\chart\plot\MarkerTest.java,MarkerTest.java,MarkerTest,testGetSetLabelTextAnchor,8,0,void,public,true,true,true,true
C:\Users\simon\Documents\Code\thesis-code\jfreechart-master\src\test\java\org\jfree\chart\plot\MarkerTest.java,MarkerTest.java,MarkerTest,testListenersWithCategoryPlot,15,0,void,public,true,true,true,true
C:\Users\simon\Documents\Code\thesis-code\jfreechart-master\src\test\java\org\jfree\chart\plot\MarkerTest.java,MarkerTest.java,MarkerTest,testListenersWithXYPlot,15,0,void,public,true,true,true,true
C:\Users\simon\Documents\Code\thesis-code\jfreechart-master\src\test\java\org\jfree\chart\plot\MarkerTest.java,MarkerTest.java,MarkerTest,markerChanged,1,1,void,public,false,false,true,true
C:\Users\simon\Documents\Code\thesis-code\jfreechart-master\src\test\java\org\jfree\chart\plot\MeterIntervalTest.java,MeterIntervalTest.java,MeterIntervalTest,testEquals,8,0,void,public,true,true,true,true
C:\Users\simon\Documents\Code\thesis-code\jfreechart-master\src\test\java\org\jfree\chart\plot\MeterIntervalTest.java,MeterIntervalTest.java,MeterIntervalTest,testCloning,2,0,void,public,true,true,true,true
C:\Users\simon\Documents\Code\thesis-code\jfreechart-master\src\test\java\org\jfree\chart\plot\MeterIntervalTest.java,MeterIntervalTest.java,MeterIntervalTest,testSerialization,3,0,void,public,true,true,true,true
C:\Users\simon\Documents\Code\thesis-code\jfreechart-master\src\test\java\org\jfree\chart\plot\MeterPlotTest.java,MeterPlotTest.java,MeterPlotTest,testEquals,79,0,void,public,true,true,true,true
C:\Users\simon\Documents\Code\thesis-code\jfreechart-master\src\test\java\org\jfree\chart\plot\MeterPlotTest.java,MeterPlotTest.java,MeterPlotTest,testCloning,14,0,void,public,true,true,true,true
C:\Users\simon\Documents\Code\thesis-code\jfreechart-master\src\test\java\org\jfree\chart\plot\MeterPlotTest.java,MeterPlotTest.java,MeterPlotTest,testSerialization1,8,0,void,public,true,true,true,true
C:\Users\simon\Documents\Code\thesis-code\jfreechart-master\src\test\java\org\jfree\chart\plot\MeterPlotTest.java,MeterPlotTest.java,MeterPlotTest,testSerialization2,3,0,void,public,true,true,true,true
C:\Users\simon\Documents\Code\thesis-code\jfreechart-master\src\test\java\org\jfree\chart\plot\pie\MultiplePiePlotTest.java,MultiplePiePlotTest.java,MultiplePiePlotTest,plotChanged,1,1,void,public,false,false,true,true
C:\Users\simon\Documents\Code\thesis-code\jfreechart-master\src\test\java\org\jfree\chart\plot\pie\MultiplePiePlotTest.java,MultiplePiePlotTest.java,MultiplePiePlotTest,testConstructor,5,0,void,public,true,true,true,true
C:\Users\simon\Documents\Code\thesis-code\jfreechart-master\src\test\java\org\jfree\chart\plot\pie\MultiplePiePlotTest.java,MultiplePiePlotTest.java,MultiplePiePlotTest,testEquals,28,0,void,public,true,true,true,true
C:\Users\simon\Documents\Code\thesis-code\jfreechart-master\src\test\java\org\jfree\chart\plot\pie\MultiplePiePlotTest.java,MultiplePiePlotTest.java,MultiplePiePlotTest,testCloning,9,0,void,public,true,true,true,true
C:\Users\simon\Documents\Code\thesis-code\jfreechart-master\src\test\java\org\jfree\chart\plot\pie\MultiplePiePlotTest.java,MultiplePiePlotTest.java,MultiplePiePlotTest,testSerialization,4,0,void,public,true,true,true,true
C:\Users\simon\Documents\Code\thesis-code\jfreechart-master\src\test\java\org\jfree\chart\plot\pie\MultiplePiePlotTest.java,MultiplePiePlotTest.java,MultiplePiePlotTest,testGetLegendItems,21,0,void,public,true,true,true,true
C:\Users\simon\Documents\Code\thesis-code\jfreechart-master\src\test\java\org\jfree\chart\plot\pie\PieLabelRecordTest.java,PieLabelRecordTest.java,PieLabelRecordTest,testEquals,32,0,void,public,true,true,true,true
C:\Users\simon\Documents\Code\thesis-code\jfreechart-master\src\test\java\org\jfree\chart\plot\pie\PieLabelRecordTest.java,PieLabelRecordTest.java,PieLabelRecordTest,testCloning,2,0,void,public,true,true,true,true
C:\Users\simon\Documents\Code\thesis-code\jfreechart-master\src\test\java\org\jfree\chart\plot\pie\PieLabelRecordTest.java,PieLabelRecordTest.java,PieLabelRecordTest,testSerialization,4,0,void,public,true,true,true,true
C:\Users\simon\Documents\Code\thesis-code\jfreechart-master\src\test\java\org\jfree\chart\plot\pie\PiePlotTest.java,PiePlotTest.java,NullLegendLabelGenerator,testEquals,192,0,void,public,true,true,true,false
C:\Users\simon\Documents\Code\thesis-code\jfreechart-master\src\test\java\org\jfree\chart\plot\pie\PiePlotTest.java,PiePlotTest.java,NullLegendLabelGenerator,testCloning,5,0,void,public,true,true,true,false
C:\Users\simon\Documents\Code\thesis-code\jfreechart-master\src\test\java\org\jfree\chart\plot\pie\PiePlotTest.java,PiePlotTest.java,NullLegendLabelGenerator,testCloning_URLGenerator,8,0,void,public,true,true,true,false
C:\Users\simon\Documents\Code\thesis-code\jfreechart-master\src\test\java\org\jfree\chart\plot\pie\PiePlotTest.java,PiePlotTest.java,NullLegendLabelGenerator,testCloning_LegendItemShape,9,0,void,public,true,true,true,false
C:\Users\simon\Documents\Code\thesis-code\jfreechart-master\src\test\java\org\jfree\chart\plot\pie\PiePlotTest.java,PiePlotTest.java,NullLegendLabelGenerator,testCloning_LegendLabelGenerator,9,0,void,public,true,true,true,false
C:\Users\simon\Documents\Code\thesis-code\jfreechart-master\src\test\java\org\jfree\chart\plot\pie\PiePlotTest.java,PiePlotTest.java,NullLegendLabelGenerator,testCloning_LegendLabelToolTipGenerator,9,0,void,public,true,true,true,false
C:\Users\simon\Documents\Code\thesis-code\jfreechart-master\src\test\java\org\jfree\chart\plot\pie\PiePlotTest.java,PiePlotTest.java,NullLegendLabelGenerator,testCloning_LegendLabelURLGenerator,8,0,void,public,true,true,true,false
C:\Users\simon\Documents\Code\thesis-code\jfreechart-master\src\test\java\org\jfree\chart\plot\pie\PiePlotTest.java,PiePlotTest.java,NullLegendLabelGenerator,testSerialization,3,0,void,public,true,true,true,false
C:\Users\simon\Documents\Code\thesis-code\jfreechart-master\src\test\java\org\jfree\chart\plot\pie\PiePlotTest.java,PiePlotTest.java,NullLegendLabelGenerator,testGetLegendItems,19,0,void,public,true,true,true,false
C:\Users\simon\Documents\Code\thesis-code\jfreechart-master\src\test\java\org\jfree\chart\plot\pie\PiePlotTest.java,PiePlotTest.java,NullLegendLabelGenerator,testGetDefaultSectionPaint,5,0,void,public,true,true,true,false
C:\Users\simon\Documents\Code\thesis-code\jfreechart-master\src\test\java\org\jfree\chart\plot\pie\PiePlotTest.java,PiePlotTest.java,NullLegendLabelGenerator,generateAttributedSectionLabel,1,2,AttributedString,public,false,false,true,false
C:\Users\simon\Documents\Code\thesis-code\jfreechart-master\src\test\java\org\jfree\chart\plot\pie\PiePlotTest.java,PiePlotTest.java,NullLegendLabelGenerator,generateSectionLabel,1,2,String,public,false,false,true,false
C:\Users\simon\Documents\Code\thesis-code\jfreechart-master\src\test\java\org\jfree\chart\plot\pie\PiePlotTest.java,PiePlotTest.java,NullLegendLabelGenerator,testDrawWithNullLegendLabels,9,0,void,public,true,true,true,false
C:\Users\simon\Documents\Code\thesis-code\jfreechart-master\src\test\java\org\jfree\chart\plot\pie\PiePlotTest.java,PiePlotTest.java,NullLegendLabelGenerator,testBug1126,11,0,void,public,true,true,true,false
C:\Users\simon\Documents\Code\thesis-code\jfreechart-master\src\test\java\org\jfree\chart\plot\pie\PiePlotTest.java,PiePlotTest.java,NullLegendLabelGenerator,testBug1126_b,11,0,void,public,true,true,true,false
C:\Users\simon\Documents\Code\thesis-code\jfreechart-master\src\test\java\org\jfree\chart\plot\pie\PiePlotTest.java,PiePlotTest.java,NullLegendLabelGenerator,testBug1126_c,11,0,void,public,true,true,true,false
C:\Users\simon\Documents\Code\thesis-code\jfreechart-master\src\test\java\org\jfree\chart\plot\pie\PiePlotTest.java,PiePlotTest.java,NullLegendLabelGenerator,testBug1126_d,11,0,void,public,true,true,true,false
C:\Users\simon\Documents\Code\thesis-code\jfreechart-master\src\test\java\org\jfree\chart\plot\pie\PiePlotTest.java,PiePlotTest.java,NullLegendLabelGenerator,testBug1126_e,7,0,void,public,true,true,true,false
C:\Users\simon\Documents\Code\thesis-code\jfreechart-master\src\test\java\org\jfree\chart\plot\PlotOrientationTest.java,PlotOrientationTest.java,PlotOrientationTest,testEquals,4,0,void,public,true,true,true,true
C:\Users\simon\Documents\Code\thesis-code\jfreechart-master\src\test\java\org\jfree\chart\plot\PlotOrientationTest.java,PlotOrientationTest.java,PlotOrientationTest,testSerialization,5,0,void,public,true,true,true,true
C:\Users\simon\Documents\Code\thesis-code\jfreechart-master\src\test\java\org\jfree\chart\plot\PlotRenderingInfoTest.java,PlotRenderingInfoTest.java,PlotRenderingInfoTest,testEquals,20,0,void,public,true,true,true,true
C:\Users\simon\Documents\Code\thesis-code\jfreechart-master\src\test\java\org\jfree\chart\plot\PlotRenderingInfoTest.java,PlotRenderingInfoTest.java,PlotRenderingInfoTest,testCloning,14,0,void,public,true,true,true,true
C:\Users\simon\Documents\Code\thesis-code\jfreechart-master\src\test\java\org\jfree\chart\plot\PlotRenderingInfoTest.java,PlotRenderingInfoTest.java,PlotRenderingInfoTest,testSerialization,3,0,void,public,true,true,true,true
C:\Users\simon\Documents\Code\thesis-code\jfreechart-master\src\test\java\org\jfree\chart\plot\PlotTest.java,PlotTest.java,PlotTest,testEquals,57,0,void,public,true,true,true,true
C:\Users\simon\Documents\Code\thesis-code\jfreechart-master\src\test\java\org\jfree\chart\plot\PolarPlotTest.java,PolarPlotTest.java,PolarPlotTest,testGetLegendItems,13,0,void,public,true,true,true,true
C:\Users\simon\Documents\Code\thesis-code\jfreechart-master\src\test\java\org\jfree\chart\plot\PolarPlotTest.java,PolarPlotTest.java,PolarPlotTest,testGetLegendItems2,22,0,void,public,true,true,true,true
C:\Users\simon\Documents\Code\thesis-code\jfreechart-master\src\test\java\org\jfree\chart\plot\PolarPlotTest.java,PolarPlotTest.java,PolarPlotTest,testEquals,69,0,void,public,true,true,true,true
C:\Users\simon\Documents\Code\thesis-code\jfreechart-master\src\test\java\org\jfree\chart\plot\PolarPlotTest.java,PolarPlotTest.java,PolarPlotTest,testCloning,18,0,void,public,true,true,true,true
C:\Users\simon\Documents\Code\thesis-code\jfreechart-master\src\test\java\org\jfree\chart\plot\PolarPlotTest.java,PolarPlotTest.java,PolarPlotTest,testSerialization,6,0,void,public,true,true,true,true
C:\Users\simon\Documents\Code\thesis-code\jfreechart-master\src\test\java\org\jfree\chart\plot\PolarPlotTest.java,PolarPlotTest.java,PolarPlotTest,testTranslateToJava2D_NumberAxis,30,0,void,public,true,true,true,true
C:\Users\simon\Documents\Code\thesis-code\jfreechart-master\src\test\java\org\jfree\chart\plot\PolarPlotTest.java,PolarPlotTest.java,PolarPlotTest,testTranslateToJava2D_NumberAxisAndMargin,29,0,void,public,true,true,true,true
C:\Users\simon\Documents\Code\thesis-code\jfreechart-master\src\test\java\org\jfree\chart\plot\PolarPlotTest.java,PolarPlotTest.java,PolarPlotTest,testTranslateToJava2D_LogAxis,15,0,void,public,true,true,true,true
C:\Users\simon\Documents\Code\thesis-code\jfreechart-master\src\test\java\org\jfree\chart\plot\RingPlotTest.java,RingPlotTest.java,RingPlotTest,testEquals,49,0,void,public,true,true,true,true
C:\Users\simon\Documents\Code\thesis-code\jfreechart-master\src\test\java\org\jfree\chart\plot\RingPlotTest.java,RingPlotTest.java,RingPlotTest,testCloning,7,0,void,public,true,true,true,true
C:\Users\simon\Documents\Code\thesis-code\jfreechart-master\src\test\java\org\jfree\chart\plot\RingPlotTest.java,RingPlotTest.java,RingPlotTest,testSerialization,5,0,void,public,true,true,true,true
C:\Users\simon\Documents\Code\thesis-code\jfreechart-master\src\test\java\org\jfree\chart\plot\SpiderWebPlotTest.java,SpiderWebPlotTest.java,SpiderWebPlotTest,testEquals,93,0,void,public,true,true,true,true
C:\Users\simon\Documents\Code\thesis-code\jfreechart-master\src\test\java\org\jfree\chart\plot\SpiderWebPlotTest.java,SpiderWebPlotTest.java,SpiderWebPlotTest,testCloning,23,0,void,public,true,true,true,true
C:\Users\simon\Documents\Code\thesis-code\jfreechart-master\src\test\java\org\jfree\chart\plot\SpiderWebPlotTest.java,SpiderWebPlotTest.java,SpiderWebPlotTest,testSerialization,6,0,void,public,true,true,true,true
C:\Users\simon\Documents\Code\thesis-code\jfreechart-master\src\test\java\org\jfree\chart\plot\SpiderWebPlotTest.java,SpiderWebPlotTest.java,SpiderWebPlotTest,testDrawWithNullInfo,9,0,void,public,true,true,true,true
C:\Users\simon\Documents\Code\thesis-code\jfreechart-master\src\test\java\org\jfree\chart\plot\SpiderWebPlotTest.java,SpiderWebPlotTest.java,SpiderWebPlotTest,testGetLegendItems,21,0,void,public,true,true,true,true
C:\Users\simon\Documents\Code\thesis-code\jfreechart-master\src\test\java\org\jfree\chart\plot\ThermometerPlotTest.java,ThermometerPlotTest.java,ThermometerPlotTest,testEquals,65,0,void,public,true,true,true,true
C:\Users\simon\Documents\Code\thesis-code\jfreechart-master\src\test\java\org\jfree\chart\plot\ThermometerPlotTest.java,ThermometerPlotTest.java,ThermometerPlotTest,testCloning,5,0,void,public,true,true,true,true
C:\Users\simon\Documents\Code\thesis-code\jfreechart-master\src\test\java\org\jfree\chart\plot\ThermometerPlotTest.java,ThermometerPlotTest.java,ThermometerPlotTest,testSerialization,3,0,void,public,true,true,true,true
C:\Users\simon\Documents\Code\thesis-code\jfreechart-master\src\test\java\org\jfree\chart\plot\ThermometerPlotTest.java,ThermometerPlotTest.java,ThermometerPlotTest,testSerialization2,4,0,void,public,true,true,true,true
C:\Users\simon\Documents\Code\thesis-code\jfreechart-master\src\test\java\org\jfree\chart\plot\ValueMarkerTest.java,ValueMarkerTest.java,ValueMarkerTest,testEquals,58,0,void,public,true,true,true,true
C:\Users\simon\Documents\Code\thesis-code\jfreechart-master\src\test\java\org\jfree\chart\plot\ValueMarkerTest.java,ValueMarkerTest.java,ValueMarkerTest,testCloning,5,0,void,public,true,true,true,true
C:\Users\simon\Documents\Code\thesis-code\jfreechart-master\src\test\java\org\jfree\chart\plot\ValueMarkerTest.java,ValueMarkerTest.java,ValueMarkerTest,testSerialization,3,0,void,public,true,true,true,true
C:\Users\simon\Documents\Code\thesis-code\jfreechart-master\src\test\java\org\jfree\chart\plot\ValueMarkerTest.java,ValueMarkerTest.java,ValueMarkerTest,testGetSetValue,7,0,void,public,true,true,true,true
C:\Users\simon\Documents\Code\thesis-code\jfreechart-master\src\test\java\org\jfree\chart\plot\ValueMarkerTest.java,ValueMarkerTest.java,ValueMarkerTest,markerChanged,1,1,void,public,false,false,true,true
C:\Users\simon\Documents\Code\thesis-code\jfreechart-master\src\test\java\org\jfree\chart\plot\ValueMarkerTest.java,ValueMarkerTest.java,ValueMarkerTest,test1802195,4,0,void,public,true,true,true,true
C:\Users\simon\Documents\Code\thesis-code\jfreechart-master\src\test\java\org\jfree\chart\plot\ValueMarkerTest.java,ValueMarkerTest.java,ValueMarkerTest,test1808376,9,0,void,public,true,true,true,true
C:\Users\simon\Documents\Code\thesis-code\jfreechart-master\src\test\java\org\jfree\chart\plot\XYPlotTest.java,XYPlotTest.java,XYPlotTest,testGetDatasetCount,2,0,void,public,true,true,true,true
C:\Users\simon\Documents\Code\thesis-code\jfreechart-master\src\test\java\org\jfree\chart\plot\XYPlotTest.java,XYPlotTest.java,XYPlotTest,testEquals,213,0,void,public,true,true,true,true
C:\Users\simon\Documents\Code\thesis-code\jfreechart-master\src\test\java\org\jfree\chart\plot\XYPlotTest.java,XYPlotTest.java,XYPlotTest,testEquals_ObjectList,7,0,void,public,true,true,true,true
C:\Users\simon\Documents\Code\thesis-code\jfreechart-master\src\test\java\org\jfree\chart\plot\XYPlotTest.java,XYPlotTest.java,XYPlotTest,testEquals_ObjectList2,7,0,void,public,true,true,true,true
C:\Users\simon\Documents\Code\thesis-code\jfreechart-master\src\test\java\org\jfree\chart\plot\XYPlotTest.java,XYPlotTest.java,XYPlotTest,testEquals_ObjectList3,7,0,void,public,true,true,true,true
C:\Users\simon\Documents\Code\thesis-code\jfreechart-master\src\test\java\org\jfree\chart\plot\XYPlotTest.java,XYPlotTest.java,XYPlotTest,testEquals_ObjectList4,7,0,void,public,true,true,true,true
C:\Users\simon\Documents\Code\thesis-code\jfreechart-master\src\test\java\org\jfree\chart\plot\XYPlotTest.java,XYPlotTest.java,XYPlotTest,testEquals_ObjectList5,7,0,void,public,true,true,true,true
C:\Users\simon\Documents\Code\thesis-code\jfreechart-master\src\test\java\org\jfree\chart\plot\XYPlotTest.java,XYPlotTest.java,XYPlotTest,testCloning,5,0,void,public,true,true,true,true
C:\Users\simon\Documents\Code\thesis-code\jfreechart-master\src\test\java\org\jfree\chart\plot\XYPlotTest.java,XYPlotTest.java,XYPlotTest,testCloning2,10,0,void,public,true,true,true,true
C:\Users\simon\Documents\Code\thesis-code\jfreechart-master\src\test\java\org\jfree\chart\plot\XYPlotTest.java,XYPlotTest.java,XYPlotTest,testCloning3,9,0,void,public,true,true,true,true
C:\Users\simon\Documents\Code\thesis-code\jfreechart-master\src\test\java\org\jfree\chart\plot\XYPlotTest.java,XYPlotTest.java,XYPlotTest,testCloning4,8,0,void,public,true,true,true,true
C:\Users\simon\Documents\Code\thesis-code\jfreechart-master\src\test\java\org\jfree\chart\plot\XYPlotTest.java,XYPlotTest.java,XYPlotTest,testCloning_QuadrantOrigin,8,0,void,public,true,true,true,true
C:\Users\simon\Documents\Code\thesis-code\jfreechart-master\src\test\java\org\jfree\chart\plot\XYPlotTest.java,XYPlotTest.java,XYPlotTest,testCloning_QuadrantPaint,10,0,void,public,true,true,true,true
C:\Users\simon\Documents\Code\thesis-code\jfreechart-master\src\test\java\org\jfree\chart\plot\XYPlotTest.java,XYPlotTest.java,XYPlotTest,testBug2817504,9,0,void,public,true,true,true,true
C:\Users\simon\Documents\Code\thesis-code\jfreechart-master\src\test\java\org\jfree\chart\plot\XYPlotTest.java,XYPlotTest.java,XYPlotTest,testCloneIndependence,40,0,void,public,true,true,true,true
C:\Users\simon\Documents\Code\thesis-code\jfreechart-master\src\test\java\org\jfree\chart\plot\XYPlotTest.java,XYPlotTest.java,XYPlotTest,testSetNullRenderer,3,0,void,public,true,true,true,true
C:\Users\simon\Documents\Code\thesis-code\jfreechart-master\src\test\java\org\jfree\chart\plot\XYPlotTest.java,XYPlotTest.java,XYPlotTest,testSerialization1,7,0,void,public,true,true,true,true
C:\Users\simon\Documents\Code\thesis-code\jfreechart-master\src\test\java\org\jfree\chart\plot\XYPlotTest.java,XYPlotTest.java,XYPlotTest,testSerialization2,6,0,void,public,true,true,true,true
C:\Users\simon\Documents\Code\thesis-code\jfreechart-master\src\test\java\org\jfree\chart\plot\XYPlotTest.java,XYPlotTest.java,XYPlotTest,testSerialization3,5,0,void,public,true,true,true,true
C:\Users\simon\Documents\Code\thesis-code\jfreechart-master\src\test\java\org\jfree\chart\plot\XYPlotTest.java,XYPlotTest.java,XYPlotTest,testSerialization4,10,0,void,public,true,true,true,true
C:\Users\simon\Documents\Code\thesis-code\jfreechart-master\src\test\java\org\jfree\chart\plot\XYPlotTest.java,XYPlotTest.java,XYPlotTest,testSerialization5,31,0,void,public,true,true,true,true
C:\Users\simon\Documents\Code\thesis-code\jfreechart-master\src\test\java\org\jfree\chart\plot\XYPlotTest.java,XYPlotTest.java,XYPlotTest,testGetRendererForDataset,17,0,void,public,true,true,true,true
C:\Users\simon\Documents\Code\thesis-code\jfreechart-master\src\test\java\org\jfree\chart\plot\XYPlotTest.java,XYPlotTest.java,XYPlotTest,testGetLegendItems,9,0,void,public,true,true,true,true
C:\Users\simon\Documents\Code\thesis-code\jfreechart-master\src\test\java\org\jfree\chart\plot\XYPlotTest.java,XYPlotTest.java,XYPlotTest,createDataset1,18,0,IntervalXYDataset<String>,private,false,false,true,true
C:\Users\simon\Documents\Code\thesis-code\jfreechart-master\src\test\java\org\jfree\chart\plot\XYPlotTest.java,XYPlotTest.java,XYPlotTest,createDataset2,3,0,XYDataset<String>,private,false,false,true,true
C:\Users\simon\Documents\Code\thesis-code\jfreechart-master\src\test\java\org\jfree\chart\plot\XYPlotTest.java,XYPlotTest.java,XYPlotTest,testSetRenderer,7,0,void,public,true,true,true,true
C:\Users\simon\Documents\Code\thesis-code\jfreechart-master\src\test\java\org\jfree\chart\plot\XYPlotTest.java,XYPlotTest.java,XYPlotTest,testRemoveAnnotation,14,0,void,public,true,true,true,true
C:\Users\simon\Documents\Code\thesis-code\jfreechart-master\src\test\java\org\jfree\chart\plot\XYPlotTest.java,XYPlotTest.java,XYPlotTest,testAddDomainMarker,8,0,void,public,true,true,true,true
C:\Users\simon\Documents\Code\thesis-code\jfreechart-master\src\test\java\org\jfree\chart\plot\XYPlotTest.java,XYPlotTest.java,XYPlotTest,testAddRangeMarker,8,0,void,public,true,true,true,true
C:\Users\simon\Documents\Code\thesis-code\jfreechart-master\src\test\java\org\jfree\chart\plot\XYPlotTest.java,XYPlotTest.java,XYPlotTest,test1654215,5,0,void,public,true,true,true,true
C:\Users\simon\Documents\Code\thesis-code\jfreechart-master\src\test\java\org\jfree\chart\plot\XYPlotTest.java,XYPlotTest.java,XYPlotTest,testDrawRangeGridlines,5,0,void,public,true,true,true,true
C:\Users\simon\Documents\Code\thesis-code\jfreechart-master\src\test\java\org\jfree\chart\plot\XYPlotTest.java,XYPlotTest.java,XYPlotTest,testDrawSeriesWithZeroItems,5,0,void,public,true,true,true,true
C:\Users\simon\Documents\Code\thesis-code\jfreechart-master\src\test\java\org\jfree\chart\plot\XYPlotTest.java,XYPlotTest.java,XYPlotTest,testRemoveDomainMarker,2,0,void,public,true,true,true,true
C:\Users\simon\Documents\Code\thesis-code\jfreechart-master\src\test\java\org\jfree\chart\plot\XYPlotTest.java,XYPlotTest.java,XYPlotTest,testRemoveRangeMarker,2,0,void,public,true,true,true,true
C:\Users\simon\Documents\Code\thesis-code\jfreechart-master\src\test\java\org\jfree\chart\plot\XYPlotTest.java,XYPlotTest.java,XYPlotTest,testGetDomainAxisForDataset,20,0,void,public,true,true,true,true
C:\Users\simon\Documents\Code\thesis-code\jfreechart-master\src\test\java\org\jfree\chart\plot\XYPlotTest.java,XYPlotTest.java,XYPlotTest,testGetRangeAxisForDataset,20,0,void,public,true,true,true,true
C:\Users\simon\Documents\Code\thesis-code\jfreechart-master\src\test\java\org\jfree\chart\plot\XYPlotTest.java,XYPlotTest.java,XYPlotTest,testDatasetIndices,13,0,void,public,true,true,true,true
C:\Users\simon\Documents\Code\thesis-code\jfreechart-master\src\test\java\org\jfree\chart\plot\XYPlotTest.java,XYPlotTest.java,XYPlotTest,testAxisIndices,13,0,void,public,true,true,true,true
C:\Users\simon\Documents\Code\thesis-code\jfreechart-master\src\test\java\org\jfree\chart\plot\XYPlotTest.java,XYPlotTest.java,XYPlotTest,testAxisLocationIndices,13,0,void,public,true,true,true,true
C:\Users\simon\Documents\Code\thesis-code\jfreechart-master\src\test\java\org\jfree\chart\plot\XYPlotTest.java,XYPlotTest.java,XYPlotTest,testRendererIndices,11,0,void,public,true,true,true,true
C:\Users\simon\Documents\Code\thesis-code\jfreechart-master\src\test\java\org\jfree\chart\plot\XYPlotTest.java,XYPlotTest.java,XYPlotTest,testGetRendererForDataset2,12,0,void,public,true,true,true,true
C:\Users\simon\Documents\Code\thesis-code\jfreechart-master\src\test\java\org\jfree\chart\plot\XYPlotTest.java,XYPlotTest.java,XYPlotTest,testMapDatasetToDomainAxis,13,0,void,public,true,true,true,true
C:\Users\simon\Documents\Code\thesis-code\jfreechart-master\src\test\java\org\jfree\chart\plot\XYPlotTest.java,XYPlotTest.java,XYPlotTest,testMapDatasetToRangeAxis,13,0,void,public,true,true,true,true
C:\Users\simon\Documents\Code\thesis-code\jfreechart-master\src\test\java\org\jfree\chart\plot\XYPlotTest.java,XYPlotTest.java,XYPlotTest,testDomainMarkerIndices,16,0,void,public,true,true,true,true
C:\Users\simon\Documents\Code\thesis-code\jfreechart-master\src\test\java\org\jfree\chart\plot\XYPlotTest.java,XYPlotTest.java,XYPlotTest,testRangeMarkerIndices,16,0,void,public,true,true,true,true
C:\Users\simon\Documents\Code\thesis-code\jfreechart-master\src\test\java\org\jfree\chart\plot\XYPlotTest.java,XYPlotTest.java,XYPlotTest,testGetDataRange,18,0,void,public,true,true,true,true
C:\Users\simon\Documents\Code\thesis-code\jfreechart-master\src\test\java\org\jfree\chart\plot\XYPlotTest.java,XYPlotTest.java,XYPlotTest,testGetDataRangeWithMultipleDatasets,27,0,void,public,true,true,true,true
C:\Users\simon\Documents\Code\thesis-code\jfreechart-master\src\test\java\org\jfree\chart\renderer\AbstractRendererTest.java,AbstractRendererTest.java,MyRendererChangeListener,testEquals,165,0,void,public,true,true,true,false
C:\Users\simon\Documents\Code\thesis-code\jfreechart-master\src\test\java\org\jfree\chart\renderer\AbstractRendererTest.java,AbstractRendererTest.java,MyRendererChangeListener,testEquals_ObjectList,7,0,void,public,true,true,true,false
C:\Users\simon\Documents\Code\thesis-code\jfreechart-master\src\test\java\org\jfree\chart\renderer\AbstractRendererTest.java,AbstractRendererTest.java,MyRendererChangeListener,testEquals_ObjectList2,7,0,void,public,true,true,true,false
C:\Users\simon\Documents\Code\thesis-code\jfreechart-master\src\test\java\org\jfree\chart\renderer\AbstractRendererTest.java,AbstractRendererTest.java,MyRendererChangeListener,testEquals_ObjectList3,7,0,void,public,true,true,true,false
C:\Users\simon\Documents\Code\thesis-code\jfreechart-master\src\test\java\org\jfree\chart\renderer\AbstractRendererTest.java,AbstractRendererTest.java,MyRendererChangeListener,testEquals_ObjectList4,7,0,void,public,true,true,true,false
C:\Users\simon\Documents\Code\thesis-code\jfreechart-master\src\test\java\org\jfree\chart\renderer\AbstractRendererTest.java,AbstractRendererTest.java,MyRendererChangeListener,setTreatLegendShapeAsLine,1,1,void,public,false,false,true,false
C:\Users\simon\Documents\Code\thesis-code\jfreechart-master\src\test\java\org\jfree\chart\renderer\AbstractRendererTest.java,AbstractRendererTest.java,MyRendererChangeListener,testEquals2,7,0,void,public,true,true,true,false
C:\Users\simon\Documents\Code\thesis-code\jfreechart-master\src\test\java\org\jfree\chart\renderer\AbstractRendererTest.java,AbstractRendererTest.java,MyRendererChangeListener,testCloning,94,0,void,public,true,true,true,false
C:\Users\simon\Documents\Code\thesis-code\jfreechart-master\src\test\java\org\jfree\chart\renderer\AbstractRendererTest.java,AbstractRendererTest.java,MyRendererChangeListener,rendererChanged,1,1,void,public,false,false,true,false
C:\Users\simon\Documents\Code\thesis-code\jfreechart-master\src\test\java\org\jfree\chart\renderer\AbstractRendererTest.java,AbstractRendererTest.java,MyRendererChangeListener,testCloning2,12,0,void,public,true,true,true,false
C:\Users\simon\Documents\Code\thesis-code\jfreechart-master\src\test\java\org\jfree\chart\renderer\AbstractRendererTest.java,AbstractRendererTest.java,MyRendererChangeListener,testEventNotification,63,0,void,public,true,true,true,false
C:\Users\simon\Documents\Code\thesis-code\jfreechart-master\src\test\java\org\jfree\chart\renderer\AbstractRendererTest.java,AbstractRendererTest.java,MyRendererChangeListener,testSerialization,7,0,void,public,true,true,true,false
C:\Users\simon\Documents\Code\thesis-code\jfreechart-master\src\test\java\org\jfree\chart\renderer\AbstractRendererTest.java,AbstractRendererTest.java,MyRendererChangeListener,testAutoPopulateFlagDefaults,7,0,void,public,true,true,true,false
C:\Users\simon\Documents\Code\thesis-code\jfreechart-master\src\test\java\org\jfree\chart\renderer\AbstractRendererTest.java,AbstractRendererTest.java,MyRendererChangeListener,testPaintLookup,9,0,void,public,true,true,true,false
C:\Users\simon\Documents\Code\thesis-code\jfreechart-master\src\test\java\org\jfree\chart\renderer\AbstractRendererTest.java,AbstractRendererTest.java,MyRendererChangeListener,testFillPaintLookup,9,0,void,public,true,true,true,false
C:\Users\simon\Documents\Code\thesis-code\jfreechart-master\src\test\java\org\jfree\chart\renderer\AbstractRendererTest.java,AbstractRendererTest.java,MyRendererChangeListener,testOutlinePaintLookup,9,0,void,public,true,true,true,false
C:\Users\simon\Documents\Code\thesis-code\jfreechart-master\src\test\java\org\jfree\chart\renderer\AreaRendererEndTypeTest.java,AreaRendererEndTypeTest.java,AreaRendererEndTypeTest,testEquals,3,0,void,public,true,true,true,true
C:\Users\simon\Documents\Code\thesis-code\jfreechart-master\src\test\java\org\jfree\chart\renderer\AreaRendererEndTypeTest.java,AreaRendererEndTypeTest.java,AreaRendererEndTypeTest,testSerialization,5,0,void,public,true,true,true,true
C:\Users\simon\Documents\Code\thesis-code\jfreechart-master\src\test\java\org\jfree\chart\renderer\category\AbstractCategoryItemRendererTest.java,AbstractCategoryItemRendererTest.java,AbstractCategoryItemRendererTest,testEquals,39,0,void,public,true,true,true,true
C:\Users\simon\Documents\Code\thesis-code\jfreechart-master\src\test\java\org\jfree\chart\renderer\category\AbstractCategoryItemRendererTest.java,AbstractCategoryItemRendererTest.java,AbstractCategoryItemRendererTest,testEquals_ObjectList,7,0,void,public,true,true,true,true
C:\Users\simon\Documents\Code\thesis-code\jfreechart-master\src\test\java\org\jfree\chart\renderer\category\AbstractCategoryItemRendererTest.java,AbstractCategoryItemRendererTest.java,AbstractCategoryItemRendererTest,testEquals_ObjectList2,7,0,void,public,true,true,true,true
C:\Users\simon\Documents\Code\thesis-code\jfreechart-master\src\test\java\org\jfree\chart\renderer\category\AbstractCategoryItemRendererTest.java,AbstractCategoryItemRendererTest.java,AbstractCategoryItemRendererTest,testEquals_ObjectList3,7,0,void,public,true,true,true,true
C:\Users\simon\Documents\Code\thesis-code\jfreechart-master\src\test\java\org\jfree\chart\renderer\category\AbstractCategoryItemRendererTest.java,AbstractCategoryItemRendererTest.java,AbstractCategoryItemRendererTest,testCloning1,17,0,void,public,true,true,true,true
C:\Users\simon\Documents\Code\thesis-code\jfreechart-master\src\test\java\org\jfree\chart\renderer\category\AbstractCategoryItemRendererTest.java,AbstractCategoryItemRendererTest.java,AbstractCategoryItemRendererTest,testCloning2,18,0,void,public,true,true,true,true
C:\Users\simon\Documents\Code\thesis-code\jfreechart-master\src\test\java\org\jfree\chart\renderer\category\AbstractCategoryItemRendererTest.java,AbstractCategoryItemRendererTest.java,AbstractCategoryItemRendererTest,testCloning_LegendItemLabelGenerator,8,0,void,public,true,true,true,true
C:\Users\simon\Documents\Code\thesis-code\jfreechart-master\src\test\java\org\jfree\chart\renderer\category\AbstractCategoryItemRendererTest.java,AbstractCategoryItemRendererTest.java,AbstractCategoryItemRendererTest,testCloning_LegendItemToolTipGenerator,8,0,void,public,true,true,true,true
C:\Users\simon\Documents\Code\thesis-code\jfreechart-master\src\test\java\org\jfree\chart\renderer\category\AbstractCategoryItemRendererTest.java,AbstractCategoryItemRendererTest.java,AbstractCategoryItemRendererTest,testCloning_LegendItemURLGenerator,8,0,void,public,true,true,true,true
C:\Users\simon\Documents\Code\thesis-code\jfreechart-master\src\test\java\org\jfree\chart\renderer\category\AbstractCategoryItemRendererTest.java,AbstractCategoryItemRendererTest.java,AbstractCategoryItemRendererTest,testFindRangeBounds,10,0,void,public,true,true,true,true
C:\Users\simon\Documents\Code\thesis-code\jfreechart-master\src\test\java\org\jfree\chart\renderer\category\AbstractCategoryItemRendererTest.java,AbstractCategoryItemRendererTest.java,AbstractCategoryItemRendererTest,test2947660,12,0,void,public,true,true,true,true
C:\Users\simon\Documents\Code\thesis-code\jfreechart-master\src\test\java\org\jfree\chart\renderer\category\AreaRendererTest.java,AreaRendererTest.java,AreaRendererTest,testEquals,7,0,void,public,true,true,true,true
C:\Users\simon\Documents\Code\thesis-code\jfreechart-master\src\test\java\org\jfree\chart\renderer\category\AreaRendererTest.java,AreaRendererTest.java,AreaRendererTest,testHashcode,6,0,void,public,true,true,true,true
C:\Users\simon\Documents\Code\thesis-code\jfreechart-master\src\test\java\org\jfree\chart\renderer\category\AreaRendererTest.java,AreaRendererTest.java,AreaRendererTest,testCloning,6,0,void,public,true,true,true,true
C:\Users\simon\Documents\Code\thesis-code\jfreechart-master\src\test\java\org\jfree\chart\renderer\category\AreaRendererTest.java,AreaRendererTest.java,AreaRendererTest,testPublicCloneable,2,0,void,public,true,true,true,true
C:\Users\simon\Documents\Code\thesis-code\jfreechart-master\src\test\java\org\jfree\chart\renderer\category\AreaRendererTest.java,AreaRendererTest.java,AreaRendererTest,testSerialization,8,0,void,public,true,true,true,true
C:\Users\simon\Documents\Code\thesis-code\jfreechart-master\src\test\java\org\jfree\chart\renderer\category\AreaRendererTest.java,AreaRendererTest.java,AreaRendererTest,testGetLegendItemSeriesIndex,15,0,void,public,true,true,true,true
C:\Users\simon\Documents\Code\thesis-code\jfreechart-master\src\test\java\org\jfree\chart\renderer\category\BarRendererTest.java,BarRendererTest.java,BarRendererTest,testEquals,56,0,void,public,true,true,true,true
C:\Users\simon\Documents\Code\thesis-code\jfreechart-master\src\test\java\org\jfree\chart\renderer\category\BarRendererTest.java,BarRendererTest.java,BarRendererTest,testHashcode,6,0,void,public,true,true,true,true
C:\Users\simon\Documents\Code\thesis-code\jfreechart-master\src\test\java\org\jfree\chart\renderer\category\BarRendererTest.java,BarRendererTest.java,BarRendererTest,testCloning,8,0,void,public,true,true,true,true
C:\Users\simon\Documents\Code\thesis-code\jfreechart-master\src\test\java\org\jfree\chart\renderer\category\BarRendererTest.java,BarRendererTest.java,BarRendererTest,testPublicCloneable,2,0,void,public,true,true,true,true
C:\Users\simon\Documents\Code\thesis-code\jfreechart-master\src\test\java\org\jfree\chart\renderer\category\BarRendererTest.java,BarRendererTest.java,BarRendererTest,testSerialization,7,0,void,public,true,true,true,true
C:\Users\simon\Documents\Code\thesis-code\jfreechart-master\src\test\java\org\jfree\chart\renderer\category\BarRendererTest.java,BarRendererTest.java,BarRendererTest,testEventNotification,6,0,void,public,true,true,true,true
C:\Users\simon\Documents\Code\thesis-code\jfreechart-master\src\test\java\org\jfree\chart\renderer\category\BarRendererTest.java,BarRendererTest.java,BarRendererTest,testGetLegendItem,10,0,void,public,true,true,true,true
C:\Users\simon\Documents\Code\thesis-code\jfreechart-master\src\test\java\org\jfree\chart\renderer\category\BarRendererTest.java,BarRendererTest.java,BarRendererTest,testGetLegendItemSeriesIndex,15,0,void,public,true,true,true,true
C:\Users\simon\Documents\Code\thesis-code\jfreechart-master\src\test\java\org\jfree\chart\renderer\category\BarRendererTest.java,BarRendererTest.java,BarRendererTest,testFindRangeBounds,17,0,void,public,true,true,true,true
C:\Users\simon\Documents\Code\thesis-code\jfreechart-master\src\test\java\org\jfree\chart\renderer\category\BoxAndWhiskerRendererTest.java,BoxAndWhiskerRendererTest.java,BoxAndWhiskerRendererTest,testEquals,35,0,void,public,true,true,true,true
C:\Users\simon\Documents\Code\thesis-code\jfreechart-master\src\test\java\org\jfree\chart\renderer\category\BoxAndWhiskerRendererTest.java,BoxAndWhiskerRendererTest.java,BoxAndWhiskerRendererTest,testHashcode,6,0,void,public,true,true,true,true
C:\Users\simon\Documents\Code\thesis-code\jfreechart-master\src\test\java\org\jfree\chart\renderer\category\BoxAndWhiskerRendererTest.java,BoxAndWhiskerRendererTest.java,BoxAndWhiskerRendererTest,testCloning,6,0,void,public,true,true,true,true
C:\Users\simon\Documents\Code\thesis-code\jfreechart-master\src\test\java\org\jfree\chart\renderer\category\BoxAndWhiskerRendererTest.java,BoxAndWhiskerRendererTest.java,BoxAndWhiskerRendererTest,testPublicCloneable,2,0,void,public,true,true,true,true
C:\Users\simon\Documents\Code\thesis-code\jfreechart-master\src\test\java\org\jfree\chart\renderer\category\BoxAndWhiskerRendererTest.java,BoxAndWhiskerRendererTest.java,BoxAndWhiskerRendererTest,testSerialization,5,0,void,public,true,true,true,true
C:\Users\simon\Documents\Code\thesis-code\jfreechart-master\src\test\java\org\jfree\chart\renderer\category\BoxAndWhiskerRendererTest.java,BoxAndWhiskerRendererTest.java,BoxAndWhiskerRendererTest,testDrawWithNullInfo,1,0,void,public,true,true,true,true
C:\Users\simon\Documents\Code\thesis-code\jfreechart-master\src\test\java\org\jfree\chart\renderer\category\BoxAndWhiskerRendererTest.java,BoxAndWhiskerRendererTest.java,BoxAndWhiskerRendererTest,testBug1572478Vertical,11,0,void,public,true,true,true,true
C:\Users\simon\Documents\Code\thesis-code\jfreechart-master\src\test\java\org\jfree\chart\renderer\category\BoxAndWhiskerRendererTest.java,BoxAndWhiskerRendererTest.java,BoxAndWhiskerRendererTest,getQ1Value,1,2,Number,public,false,false,true,true
C:\Users\simon\Documents\Code\thesis-code\jfreechart-master\src\test\java\org\jfree\chart\renderer\category\BoxAndWhiskerRendererTest.java,BoxAndWhiskerRendererTest.java,BoxAndWhiskerRendererTest,getQ1Value,1,2,Number,public,false,false,true,true
C:\Users\simon\Documents\Code\thesis-code\jfreechart-master\src\test\java\org\jfree\chart\renderer\category\BoxAndWhiskerRendererTest.java,BoxAndWhiskerRendererTest.java,BoxAndWhiskerRendererTest,testBug1572478Horizontal,12,0,void,public,true,true,true,true
C:\Users\simon\Documents\Code\thesis-code\jfreechart-master\src\test\java\org\jfree\chart\renderer\category\BoxAndWhiskerRendererTest.java,BoxAndWhiskerRendererTest.java,BoxAndWhiskerRendererTest,getQ1Value,1,2,Number,public,false,false,true,true
C:\Users\simon\Documents\Code\thesis-code\jfreechart-master\src\test\java\org\jfree\chart\renderer\category\BoxAndWhiskerRendererTest.java,BoxAndWhiskerRendererTest.java,BoxAndWhiskerRendererTest,getQ1Value,1,2,Number,public,false,false,true,true
C:\Users\simon\Documents\Code\thesis-code\jfreechart-master\src\test\java\org\jfree\chart\renderer\category\BoxAndWhiskerRendererTest.java,BoxAndWhiskerRendererTest.java,BoxAndWhiskerRendererTest,testGetLegendItem,15,0,void,public,true,true,true,true
C:\Users\simon\Documents\Code\thesis-code\jfreechart-master\src\test\java\org\jfree\chart\renderer\category\BoxAndWhiskerRendererTest.java,BoxAndWhiskerRendererTest.java,BoxAndWhiskerRendererTest,testGetLegendItemSeriesIndex,15,0,void,public,true,true,true,true
C:\Users\simon\Documents\Code\thesis-code\jfreechart-master\src\test\java\org\jfree\chart\renderer\category\BoxAndWhiskerRendererTest.java,BoxAndWhiskerRendererTest.java,BoxAndWhiskerRendererTest,testDrawWithNullMean,3,0,void,public,true,true,true,true
C:\Users\simon\Documents\Code\thesis-code\jfreechart-master\src\test\java\org\jfree\chart\renderer\category\BoxAndWhiskerRendererTest.java,BoxAndWhiskerRendererTest.java,BoxAndWhiskerRendererTest,testDrawWithNullMedian,3,0,void,public,true,true,true,true
C:\Users\simon\Documents\Code\thesis-code\jfreechart-master\src\test\java\org\jfree\chart\renderer\category\BoxAndWhiskerRendererTest.java,BoxAndWhiskerRendererTest.java,BoxAndWhiskerRendererTest,testDrawWithNullQ1,3,0,void,public,true,true,true,true
C:\Users\simon\Documents\Code\thesis-code\jfreechart-master\src\test\java\org\jfree\chart\renderer\category\BoxAndWhiskerRendererTest.java,BoxAndWhiskerRendererTest.java,BoxAndWhiskerRendererTest,testDrawWithNullQ3,3,0,void,public,true,true,true,true
C:\Users\simon\Documents\Code\thesis-code\jfreechart-master\src\test\java\org\jfree\chart\renderer\category\BoxAndWhiskerRendererTest.java,BoxAndWhiskerRendererTest.java,BoxAndWhiskerRendererTest,testDrawWithNullMinRegular,3,0,void,public,true,true,true,true
C:\Users\simon\Documents\Code\thesis-code\jfreechart-master\src\test\java\org\jfree\chart\renderer\category\BoxAndWhiskerRendererTest.java,BoxAndWhiskerRendererTest.java,BoxAndWhiskerRendererTest,testDrawWithNullMaxRegular,1,0,void,public,true,true,true,true
C:\Users\simon\Documents\Code\thesis-code\jfreechart-master\src\test\java\org\jfree\chart\renderer\category\BoxAndWhiskerRendererTest.java,BoxAndWhiskerRendererTest.java,BoxAndWhiskerRendererTest,testDrawWithNullMinOutlier,3,0,void,public,true,true,true,true
C:\Users\simon\Documents\Code\thesis-code\jfreechart-master\src\test\java\org\jfree\chart\renderer\category\BoxAndWhiskerRendererTest.java,BoxAndWhiskerRendererTest.java,BoxAndWhiskerRendererTest,testDrawWithNullMaxOutlier,3,0,void,public,true,true,true,true
C:\Users\simon\Documents\Code\thesis-code\jfreechart-master\src\test\java\org\jfree\chart\renderer\category\CategoryStepRendererTest.java,CategoryStepRendererTest.java,CategoryStepRendererTest,testEquals,7,0,void,public,true,true,true,true
C:\Users\simon\Documents\Code\thesis-code\jfreechart-master\src\test\java\org\jfree\chart\renderer\category\CategoryStepRendererTest.java,CategoryStepRendererTest.java,CategoryStepRendererTest,testCloning,6,0,void,public,true,true,true,true
C:\Users\simon\Documents\Code\thesis-code\jfreechart-master\src\test\java\org\jfree\chart\renderer\category\CategoryStepRendererTest.java,CategoryStepRendererTest.java,CategoryStepRendererTest,testPublicCloneable,2,0,void,public,true,true,true,true
C:\Users\simon\Documents\Code\thesis-code\jfreechart-master\src\test\java\org\jfree\chart\renderer\category\CategoryStepRendererTest.java,CategoryStepRendererTest.java,CategoryStepRendererTest,testSerialization,3,0,void,public,true,true,true,true
C:\Users\simon\Documents\Code\thesis-code\jfreechart-master\src\test\java\org\jfree\chart\renderer\category\CategoryStepRendererTest.java,CategoryStepRendererTest.java,CategoryStepRendererTest,testGetLegendItemSeriesIndex,15,0,void,public,true,true,true,true
C:\Users\simon\Documents\Code\thesis-code\jfreechart-master\src\test\java\org\jfree\chart\renderer\category\DefaultCategoryItemRendererTest.java,DefaultCategoryItemRendererTest.java,DefaultCategoryItemRendererTest,testEquals,3,0,void,public,true,true,true,true
C:\Users\simon\Documents\Code\thesis-code\jfreechart-master\src\test\java\org\jfree\chart\renderer\category\DefaultCategoryItemRendererTest.java,DefaultCategoryItemRendererTest.java,DefaultCategoryItemRendererTest,testHashcode,6,0,void,public,true,true,true,true
C:\Users\simon\Documents\Code\thesis-code\jfreechart-master\src\test\java\org\jfree\chart\renderer\category\DefaultCategoryItemRendererTest.java,DefaultCategoryItemRendererTest.java,DefaultCategoryItemRendererTest,testCloning,6,0,void,public,true,true,true,true
C:\Users\simon\Documents\Code\thesis-code\jfreechart-master\src\test\java\org\jfree\chart\renderer\category\DefaultCategoryItemRendererTest.java,DefaultCategoryItemRendererTest.java,DefaultCategoryItemRendererTest,testPublicCloneable,2,0,void,public,true,true,true,true
C:\Users\simon\Documents\Code\thesis-code\jfreechart-master\src\test\java\org\jfree\chart\renderer\category\DefaultCategoryItemRendererTest.java,DefaultCategoryItemRendererTest.java,DefaultCategoryItemRendererTest,testSerialization,4,0,void,public,true,true,true,true
C:\Users\simon\Documents\Code\thesis-code\jfreechart-master\src\test\java\org\jfree\chart\renderer\category\GanttRendererTest.java,GanttRendererTest.java,GanttRendererTest,testEquals,19,0,void,public,true,true,true,true
C:\Users\simon\Documents\Code\thesis-code\jfreechart-master\src\test\java\org\jfree\chart\renderer\category\GanttRendererTest.java,GanttRendererTest.java,GanttRendererTest,testHashcode,6,0,void,public,true,true,true,true
C:\Users\simon\Documents\Code\thesis-code\jfreechart-master\src\test\java\org\jfree\chart\renderer\category\GanttRendererTest.java,GanttRendererTest.java,GanttRendererTest,testCloning,8,0,void,public,true,true,true,true
C:\Users\simon\Documents\Code\thesis-code\jfreechart-master\src\test\java\org\jfree\chart\renderer\category\GanttRendererTest.java,GanttRendererTest.java,GanttRendererTest,testPublicCloneable,2,0,void,public,true,true,true,true
C:\Users\simon\Documents\Code\thesis-code\jfreechart-master\src\test\java\org\jfree\chart\renderer\category\GanttRendererTest.java,GanttRendererTest.java,GanttRendererTest,testSerialization,6,0,void,public,true,true,true,true
C:\Users\simon\Documents\Code\thesis-code\jfreechart-master\src\test\java\org\jfree\chart\renderer\category\GradientBarPainterTest.java,GradientBarPainterTest.java,GradientBarPainterTest,testEquals,15,0,void,public,true,true,true,true
C:\Users\simon\Documents\Code\thesis-code\jfreechart-master\src\test\java\org\jfree\chart\renderer\category\GradientBarPainterTest.java,GradientBarPainterTest.java,GradientBarPainterTest,testHashcode,6,0,void,public,true,true,true,true
C:\Users\simon\Documents\Code\thesis-code\jfreechart-master\src\test\java\org\jfree\chart\renderer\category\GradientBarPainterTest.java,GradientBarPainterTest.java,GradientBarPainterTest,testCloning,3,0,void,public,true,true,true,true
C:\Users\simon\Documents\Code\thesis-code\jfreechart-master\src\test\java\org\jfree\chart\renderer\category\GradientBarPainterTest.java,GradientBarPainterTest.java,GradientBarPainterTest,testSerialization,3,0,void,public,true,true,true,true
C:\Users\simon\Documents\Code\thesis-code\jfreechart-master\src\test\java\org\jfree\chart\renderer\category\GroupedStackedBarRendererTest.java,GroupedStackedBarRendererTest.java,GroupedStackedBarRendererTest,testEquals,13,0,void,public,true,true,true,true
C:\Users\simon\Documents\Code\thesis-code\jfreechart-master\src\test\java\org\jfree\chart\renderer\category\GroupedStackedBarRendererTest.java,GroupedStackedBarRendererTest.java,GroupedStackedBarRendererTest,testCloning,10,0,void,public,true,true,true,true
C:\Users\simon\Documents\Code\thesis-code\jfreechart-master\src\test\java\org\jfree\chart\renderer\category\GroupedStackedBarRendererTest.java,GroupedStackedBarRendererTest.java,GroupedStackedBarRendererTest,testPublicCloneable,2,0,void,public,true,true,true,true
C:\Users\simon\Documents\Code\thesis-code\jfreechart-master\src\test\java\org\jfree\chart\renderer\category\GroupedStackedBarRendererTest.java,GroupedStackedBarRendererTest.java,GroupedStackedBarRendererTest,testSerialization,3,0,void,public,true,true,true,true
C:\Users\simon\Documents\Code\thesis-code\jfreechart-master\src\test\java\org\jfree\chart\renderer\category\GroupedStackedBarRendererTest.java,GroupedStackedBarRendererTest.java,GroupedStackedBarRendererTest,testDrawWithNullInfo,1,0,void,public,true,true,true,true
C:\Users\simon\Documents\Code\thesis-code\jfreechart-master\src\test\java\org\jfree\chart\renderer\category\GroupedStackedBarRendererTest.java,GroupedStackedBarRendererTest.java,GroupedStackedBarRendererTest,testFindRangeBounds,19,0,void,public,true,true,true,true
C:\Users\simon\Documents\Code\thesis-code\jfreechart-master\src\test\java\org\jfree\chart\renderer\category\IntervalBarRendererTest.java,IntervalBarRendererTest.java,IntervalBarRendererTest,testEquals,5,0,void,public,true,true,true,true
C:\Users\simon\Documents\Code\thesis-code\jfreechart-master\src\test\java\org\jfree\chart\renderer\category\IntervalBarRendererTest.java,IntervalBarRendererTest.java,IntervalBarRendererTest,testHashcode,6,0,void,public,true,true,true,true
C:\Users\simon\Documents\Code\thesis-code\jfreechart-master\src\test\java\org\jfree\chart\renderer\category\IntervalBarRendererTest.java,IntervalBarRendererTest.java,IntervalBarRendererTest,testCloning,6,0,void,public,true,true,true,true
C:\Users\simon\Documents\Code\thesis-code\jfreechart-master\src\test\java\org\jfree\chart\renderer\category\IntervalBarRendererTest.java,IntervalBarRendererTest.java,IntervalBarRendererTest,testPublicCloneable,2,0,void,public,true,true,true,true
C:\Users\simon\Documents\Code\thesis-code\jfreechart-master\src\test\java\org\jfree\chart\renderer\category\IntervalBarRendererTest.java,IntervalBarRendererTest.java,IntervalBarRendererTest,testSerialization,4,0,void,public,true,true,true,true
C:\Users\simon\Documents\Code\thesis-code\jfreechart-master\src\test\java\org\jfree\chart\renderer\category\IntervalBarRendererTest.java,IntervalBarRendererTest.java,IntervalBarRendererTest,testDrawWithNullInfo,1,0,void,public,true,true,true,true
C:\Users\simon\Documents\Code\thesis-code\jfreechart-master\src\test\java\org\jfree\chart\renderer\category\IntervalBarRendererTest.java,IntervalBarRendererTest.java,IntervalBarRendererTest,testFindRangeBounds,13,0,void,public,true,true,true,true
C:\Users\simon\Documents\Code\thesis-code\jfreechart-master\src\test\java\org\jfree\chart\renderer\category\LayeredBarRendererTest.java,LayeredBarRendererTest.java,LayeredBarRendererTest,testEquals,11,0,void,public,true,true,true,true
C:\Users\simon\Documents\Code\thesis-code\jfreechart-master\src\test\java\org\jfree\chart\renderer\category\LayeredBarRendererTest.java,LayeredBarRendererTest.java,LayeredBarRendererTest,testHashcode,6,0,void,public,true,true,true,true
C:\Users\simon\Documents\Code\thesis-code\jfreechart-master\src\test\java\org\jfree\chart\renderer\category\LayeredBarRendererTest.java,LayeredBarRendererTest.java,LayeredBarRendererTest,testCloning,6,0,void,public,true,true,true,true
C:\Users\simon\Documents\Code\thesis-code\jfreechart-master\src\test\java\org\jfree\chart\renderer\category\LayeredBarRendererTest.java,LayeredBarRendererTest.java,LayeredBarRendererTest,testPublicCloneable,2,0,void,public,true,true,true,true
C:\Users\simon\Documents\Code\thesis-code\jfreechart-master\src\test\java\org\jfree\chart\renderer\category\LayeredBarRendererTest.java,LayeredBarRendererTest.java,LayeredBarRendererTest,testSerialization,6,0,void,public,true,true,true,true
C:\Users\simon\Documents\Code\thesis-code\jfreechart-master\src\test\java\org\jfree\chart\renderer\category\LayeredBarRendererTest.java,LayeredBarRendererTest.java,LayeredBarRendererTest,testDrawWithNullInfo,1,0,void,public,true,true,true,true
C:\Users\simon\Documents\Code\thesis-code\jfreechart-master\src\test\java\org\jfree\chart\renderer\category\LevelRendererTest.java,LevelRendererTest.java,LevelRendererTest,testEquals,12,0,void,public,true,true,true,true
C:\Users\simon\Documents\Code\thesis-code\jfreechart-master\src\test\java\org\jfree\chart\renderer\category\LevelRendererTest.java,LevelRendererTest.java,LevelRendererTest,testHashcode,6,0,void,public,true,true,true,true
C:\Users\simon\Documents\Code\thesis-code\jfreechart-master\src\test\java\org\jfree\chart\renderer\category\LevelRendererTest.java,LevelRendererTest.java,LevelRendererTest,testCloning,9,0,void,public,true,true,true,true
C:\Users\simon\Documents\Code\thesis-code\jfreechart-master\src\test\java\org\jfree\chart\renderer\category\LevelRendererTest.java,LevelRendererTest.java,LevelRendererTest,testPublicCloneable,2,0,void,public,true,true,true,true
C:\Users\simon\Documents\Code\thesis-code\jfreechart-master\src\test\java\org\jfree\chart\renderer\category\LevelRendererTest.java,LevelRendererTest.java,LevelRendererTest,checkIndependence,6,2,boolean,private,false,false,true,true
C:\Users\simon\Documents\Code\thesis-code\jfreechart-master\src\test\java\org\jfree\chart\renderer\category\LevelRendererTest.java,LevelRendererTest.java,LevelRendererTest,testSerialization,4,0,void,public,true,true,true,true
C:\Users\simon\Documents\Code\thesis-code\jfreechart-master\src\test\java\org\jfree\chart\renderer\category\LevelRendererTest.java,LevelRendererTest.java,LevelRendererTest,testDrawWithNullInfo,1,0,void,public,true,true,true,true
C:\Users\simon\Documents\Code\thesis-code\jfreechart-master\src\test\java\org\jfree\chart\renderer\category\LevelRendererTest.java,LevelRendererTest.java,LevelRendererTest,testGetLegendItemSeriesIndex,15,0,void,public,true,true,true,true
C:\Users\simon\Documents\Code\thesis-code\jfreechart-master\src\test\java\org\jfree\chart\renderer\category\LineAndShapeRendererTest.java,LineAndShapeRendererTest.java,LineAndShapeRendererTest,testEquals,39,0,void,public,true,true,true,true
C:\Users\simon\Documents\Code\thesis-code\jfreechart-master\src\test\java\org\jfree\chart\renderer\category\LineAndShapeRendererTest.java,LineAndShapeRendererTest.java,LineAndShapeRendererTest,testHashcode,6,0,void,public,true,true,true,true
C:\Users\simon\Documents\Code\thesis-code\jfreechart-master\src\test\java\org\jfree\chart\renderer\category\LineAndShapeRendererTest.java,LineAndShapeRendererTest.java,LineAndShapeRendererTest,testCloning,7,0,void,public,true,true,true,true
C:\Users\simon\Documents\Code\thesis-code\jfreechart-master\src\test\java\org\jfree\chart\renderer\category\LineAndShapeRendererTest.java,LineAndShapeRendererTest.java,LineAndShapeRendererTest,testPublicCloneable,2,0,void,public,true,true,true,true
C:\Users\simon\Documents\Code\thesis-code\jfreechart-master\src\test\java\org\jfree\chart\renderer\category\LineAndShapeRendererTest.java,LineAndShapeRendererTest.java,LineAndShapeRendererTest,checkIndependence,27,2,boolean,private,false,false,true,true
C:\Users\simon\Documents\Code\thesis-code\jfreechart-master\src\test\java\org\jfree\chart\renderer\category\LineAndShapeRendererTest.java,LineAndShapeRendererTest.java,LineAndShapeRendererTest,testSerialization,4,0,void,public,true,true,true,true
C:\Users\simon\Documents\Code\thesis-code\jfreechart-master\src\test\java\org\jfree\chart\renderer\category\LineAndShapeRendererTest.java,LineAndShapeRendererTest.java,LineAndShapeRendererTest,testGetLegendItemSeriesIndex,15,0,void,public,true,true,true,true
C:\Users\simon\Documents\Code\thesis-code\jfreechart-master\src\test\java\org\jfree\chart\renderer\category\LineAndShapeRendererTest.java,LineAndShapeRendererTest.java,LineAndShapeRendererTest,testFindRangeBounds,14,0,void,public,true,true,true,true
C:\Users\simon\Documents\Code\thesis-code\jfreechart-master\src\test\java\org\jfree\chart\renderer\category\MinMaxCategoryRendererTest.java,MinMaxCategoryRendererTest.java,MinMaxCategoryRendererTest,testEquals,15,0,void,public,true,true,true,true
C:\Users\simon\Documents\Code\thesis-code\jfreechart-master\src\test\java\org\jfree\chart\renderer\category\MinMaxCategoryRendererTest.java,MinMaxCategoryRendererTest.java,MinMaxCategoryRendererTest,testHashcode,6,0,void,public,true,true,true,true
C:\Users\simon\Documents\Code\thesis-code\jfreechart-master\src\test\java\org\jfree\chart\renderer\category\MinMaxCategoryRendererTest.java,MinMaxCategoryRendererTest.java,MinMaxCategoryRendererTest,testCloning,6,0,void,public,true,true,true,true
C:\Users\simon\Documents\Code\thesis-code\jfreechart-master\src\test\java\org\jfree\chart\renderer\category\MinMaxCategoryRendererTest.java,MinMaxCategoryRendererTest.java,MinMaxCategoryRendererTest,testPublicCloneable,2,0,void,public,true,true,true,true
C:\Users\simon\Documents\Code\thesis-code\jfreechart-master\src\test\java\org\jfree\chart\renderer\category\MinMaxCategoryRendererTest.java,MinMaxCategoryRendererTest.java,MinMaxCategoryRendererTest,testSerialization,4,0,void,public,true,true,true,true
C:\Users\simon\Documents\Code\thesis-code\jfreechart-master\src\test\java\org\jfree\chart\renderer\category\MinMaxCategoryRendererTest.java,MinMaxCategoryRendererTest.java,MinMaxCategoryRendererTest,testDrawWithNullInfo,1,0,void,public,true,true,true,true
C:\Users\simon\Documents\Code\thesis-code\jfreechart-master\src\test\java\org\jfree\chart\renderer\category\ScatterRendererTest.java,ScatterRendererTest.java,ScatterRendererTest,testEquals,27,0,void,public,true,true,true,true
C:\Users\simon\Documents\Code\thesis-code\jfreechart-master\src\test\java\org\jfree\chart\renderer\category\ScatterRendererTest.java,ScatterRendererTest.java,ScatterRendererTest,testHashcode,6,0,void,public,true,true,true,true
C:\Users\simon\Documents\Code\thesis-code\jfreechart-master\src\test\java\org\jfree\chart\renderer\category\ScatterRendererTest.java,ScatterRendererTest.java,ScatterRendererTest,testCloning,7,0,void,public,true,true,true,true
C:\Users\simon\Documents\Code\thesis-code\jfreechart-master\src\test\java\org\jfree\chart\renderer\category\ScatterRendererTest.java,ScatterRendererTest.java,ScatterRendererTest,testPublicCloneable,2,0,void,public,true,true,true,true
C:\Users\simon\Documents\Code\thesis-code\jfreechart-master\src\test\java\org\jfree\chart\renderer\category\ScatterRendererTest.java,ScatterRendererTest.java,ScatterRendererTest,checkIndependence,10,2,boolean,private,false,false,true,true
C:\Users\simon\Documents\Code\thesis-code\jfreechart-master\src\test\java\org\jfree\chart\renderer\category\ScatterRendererTest.java,ScatterRendererTest.java,ScatterRendererTest,testSerialization,4,0,void,public,true,true,true,true
C:\Users\simon\Documents\Code\thesis-code\jfreechart-master\src\test\java\org\jfree\chart\renderer\category\ScatterRendererTest.java,ScatterRendererTest.java,ScatterRendererTest,testFindRangeBounds,18,0,void,public,true,true,true,true
C:\Users\simon\Documents\Code\thesis-code\jfreechart-master\src\test\java\org\jfree\chart\renderer\category\StackedAreaRendererTest.java,StackedAreaRendererTest.java,StackedAreaRendererTest,testFindRangeBounds,14,0,void,public,true,true,true,true
C:\Users\simon\Documents\Code\thesis-code\jfreechart-master\src\test\java\org\jfree\chart\renderer\category\StackedAreaRendererTest.java,StackedAreaRendererTest.java,StackedAreaRendererTest,testEquals,7,0,void,public,true,true,true,true
C:\Users\simon\Documents\Code\thesis-code\jfreechart-master\src\test\java\org\jfree\chart\renderer\category\StackedAreaRendererTest.java,StackedAreaRendererTest.java,StackedAreaRendererTest,testHashcode,6,0,void,public,true,true,true,true
C:\Users\simon\Documents\Code\thesis-code\jfreechart-master\src\test\java\org\jfree\chart\renderer\category\StackedAreaRendererTest.java,StackedAreaRendererTest.java,StackedAreaRendererTest,testCloning,6,0,void,public,true,true,true,true
C:\Users\simon\Documents\Code\thesis-code\jfreechart-master\src\test\java\org\jfree\chart\renderer\category\StackedAreaRendererTest.java,StackedAreaRendererTest.java,StackedAreaRendererTest,testPublicCloneable,2,0,void,public,true,true,true,true
C:\Users\simon\Documents\Code\thesis-code\jfreechart-master\src\test\java\org\jfree\chart\renderer\category\StackedAreaRendererTest.java,StackedAreaRendererTest.java,StackedAreaRendererTest,testSerialization,4,0,void,public,true,true,true,true
C:\Users\simon\Documents\Code\thesis-code\jfreechart-master\src\test\java\org\jfree\chart\renderer\category\StackedBarRendererTest.java,StackedBarRendererTest.java,StackedBarRendererTest,testEquals,8,0,void,public,true,true,true,true
C:\Users\simon\Documents\Code\thesis-code\jfreechart-master\src\test\java\org\jfree\chart\renderer\category\StackedBarRendererTest.java,StackedBarRendererTest.java,StackedBarRendererTest,testHashCode,6,0,void,public,true,true,true,true
C:\Users\simon\Documents\Code\thesis-code\jfreechart-master\src\test\java\org\jfree\chart\renderer\category\StackedBarRendererTest.java,StackedBarRendererTest.java,StackedBarRendererTest,testCloning,6,0,void,public,true,true,true,true
C:\Users\simon\Documents\Code\thesis-code\jfreechart-master\src\test\java\org\jfree\chart\renderer\category\StackedBarRendererTest.java,StackedBarRendererTest.java,StackedBarRendererTest,testPublicCloneable,2,0,void,public,true,true,true,true
C:\Users\simon\Documents\Code\thesis-code\jfreechart-master\src\test\java\org\jfree\chart\renderer\category\StackedBarRendererTest.java,StackedBarRendererTest.java,StackedBarRendererTest,testSerialization,4,0,void,public,true,true,true,true
C:\Users\simon\Documents\Code\thesis-code\jfreechart-master\src\test\java\org\jfree\chart\renderer\category\StackedBarRendererTest.java,StackedBarRendererTest.java,StackedBarRendererTest,testFindRangeBounds,14,0,void,public,true,true,true,true
C:\Users\simon\Documents\Code\thesis-code\jfreechart-master\src\test\java\org\jfree\chart\renderer\category\StandardBarPainterTest.java,StandardBarPainterTest.java,StandardBarPainterTest,testEquals,3,0,void,public,true,true,true,true
C:\Users\simon\Documents\Code\thesis-code\jfreechart-master\src\test\java\org\jfree\chart\renderer\category\StandardBarPainterTest.java,StandardBarPainterTest.java,StandardBarPainterTest,testHashcode,6,0,void,public,true,true,true,true
C:\Users\simon\Documents\Code\thesis-code\jfreechart-master\src\test\java\org\jfree\chart\renderer\category\StandardBarPainterTest.java,StandardBarPainterTest.java,StandardBarPainterTest,testCloning,3,0,void,public,true,true,true,true
C:\Users\simon\Documents\Code\thesis-code\jfreechart-master\src\test\java\org\jfree\chart\renderer\category\StandardBarPainterTest.java,StandardBarPainterTest.java,StandardBarPainterTest,testSerialization,3,0,void,public,true,true,true,true
C:\Users\simon\Documents\Code\thesis-code\jfreechart-master\src\test\java\org\jfree\chart\renderer\category\StatisticalBarRendererTest.java,StatisticalBarRendererTest.java,StatisticalBarRendererTest,testEquals,11,0,void,public,true,true,true,true
C:\Users\simon\Documents\Code\thesis-code\jfreechart-master\src\test\java\org\jfree\chart\renderer\category\StatisticalBarRendererTest.java,StatisticalBarRendererTest.java,StatisticalBarRendererTest,testHashcode,6,0,void,public,true,true,true,true
C:\Users\simon\Documents\Code\thesis-code\jfreechart-master\src\test\java\org\jfree\chart\renderer\category\StatisticalBarRendererTest.java,StatisticalBarRendererTest.java,StatisticalBarRendererTest,testCloning,6,0,void,public,true,true,true,true
C:\Users\simon\Documents\Code\thesis-code\jfreechart-master\src\test\java\org\jfree\chart\renderer\category\StatisticalBarRendererTest.java,StatisticalBarRendererTest.java,StatisticalBarRendererTest,testPublicCloneable,2,0,void,public,true,true,true,true
C:\Users\simon\Documents\Code\thesis-code\jfreechart-master\src\test\java\org\jfree\chart\renderer\category\StatisticalBarRendererTest.java,StatisticalBarRendererTest.java,StatisticalBarRendererTest,testSerialization,4,0,void,public,true,true,true,true
C:\Users\simon\Documents\Code\thesis-code\jfreechart-master\src\test\java\org\jfree\chart\renderer\category\StatisticalBarRendererTest.java,StatisticalBarRendererTest.java,StatisticalBarRendererTest,testDrawWithNullInfo,1,0,void,public,true,true,true,true
C:\Users\simon\Documents\Code\thesis-code\jfreechart-master\src\test\java\org\jfree\chart\renderer\category\StatisticalBarRendererTest.java,StatisticalBarRendererTest.java,StatisticalBarRendererTest,testDrawWithNullMeanVertical,1,0,void,public,true,true,true,true
C:\Users\simon\Documents\Code\thesis-code\jfreechart-master\src\test\java\org\jfree\chart\renderer\category\StatisticalBarRendererTest.java,StatisticalBarRendererTest.java,StatisticalBarRendererTest,testDrawWithNullMeanHorizontal,1,0,void,public,true,true,true,true
C:\Users\simon\Documents\Code\thesis-code\jfreechart-master\src\test\java\org\jfree\chart\renderer\category\StatisticalBarRendererTest.java,StatisticalBarRendererTest.java,StatisticalBarRendererTest,testDrawWithNullDeviationVertical,1,0,void,public,true,true,true,true
C:\Users\simon\Documents\Code\thesis-code\jfreechart-master\src\test\java\org\jfree\chart\renderer\category\StatisticalBarRendererTest.java,StatisticalBarRendererTest.java,StatisticalBarRendererTest,testDrawWithNullDeviationHorizontal,1,0,void,public,true,true,true,true
C:\Users\simon\Documents\Code\thesis-code\jfreechart-master\src\test\java\org\jfree\chart\renderer\category\StatisticalBarRendererTest.java,StatisticalBarRendererTest.java,StatisticalBarRendererTest,testFindRangeBounds,17,0,void,public,true,true,true,true
C:\Users\simon\Documents\Code\thesis-code\jfreechart-master\src\test\java\org\jfree\chart\renderer\category\StatisticalLineAndShapeRendererTest.java,StatisticalLineAndShapeRendererTest.java,StatisticalLineAndShapeRendererTest,testEquals,8,0,void,public,true,true,true,true
C:\Users\simon\Documents\Code\thesis-code\jfreechart-master\src\test\java\org\jfree\chart\renderer\category\StatisticalLineAndShapeRendererTest.java,StatisticalLineAndShapeRendererTest.java,StatisticalLineAndShapeRendererTest,testHashcode,6,0,void,public,true,true,true,true
C:\Users\simon\Documents\Code\thesis-code\jfreechart-master\src\test\java\org\jfree\chart\renderer\category\StatisticalLineAndShapeRendererTest.java,StatisticalLineAndShapeRendererTest.java,StatisticalLineAndShapeRendererTest,testCloning,6,0,void,public,true,true,true,true
C:\Users\simon\Documents\Code\thesis-code\jfreechart-master\src\test\java\org\jfree\chart\renderer\category\StatisticalLineAndShapeRendererTest.java,StatisticalLineAndShapeRendererTest.java,StatisticalLineAndShapeRendererTest,testPublicCloneable,2,0,void,public,true,true,true,true
C:\Users\simon\Documents\Code\thesis-code\jfreechart-master\src\test\java\org\jfree\chart\renderer\category\StatisticalLineAndShapeRendererTest.java,StatisticalLineAndShapeRendererTest.java,StatisticalLineAndShapeRendererTest,testSerialization,4,0,void,public,true,true,true,true
C:\Users\simon\Documents\Code\thesis-code\jfreechart-master\src\test\java\org\jfree\chart\renderer\category\StatisticalLineAndShapeRendererTest.java,StatisticalLineAndShapeRendererTest.java,StatisticalLineAndShapeRendererTest,testDrawWithNullInfo,1,0,void,public,true,true,true,true
C:\Users\simon\Documents\Code\thesis-code\jfreechart-master\src\test\java\org\jfree\chart\renderer\category\StatisticalLineAndShapeRendererTest.java,StatisticalLineAndShapeRendererTest.java,StatisticalLineAndShapeRendererTest,test1562759,6,0,void,public,true,true,true,true
C:\Users\simon\Documents\Code\thesis-code\jfreechart-master\src\test\java\org\jfree\chart\renderer\category\StatisticalLineAndShapeRendererTest.java,StatisticalLineAndShapeRendererTest.java,StatisticalLineAndShapeRendererTest,testFindRangeBounds,14,0,void,public,true,true,true,true
C:\Users\simon\Documents\Code\thesis-code\jfreechart-master\src\test\java\org\jfree\chart\renderer\category\WaterfallBarRendererTest.java,WaterfallBarRendererTest.java,WaterfallBarRendererTest,testFindRangeBounds,2,0,void,public,true,true,true,true
C:\Users\simon\Documents\Code\thesis-code\jfreechart-master\src\test\java\org\jfree\chart\renderer\category\WaterfallBarRendererTest.java,WaterfallBarRendererTest.java,WaterfallBarRendererTest,testEquals,19,0,void,public,true,true,true,true
C:\Users\simon\Documents\Code\thesis-code\jfreechart-master\src\test\java\org\jfree\chart\renderer\category\WaterfallBarRendererTest.java,WaterfallBarRendererTest.java,WaterfallBarRendererTest,testHashcode,6,0,void,public,true,true,true,true
C:\Users\simon\Documents\Code\thesis-code\jfreechart-master\src\test\java\org\jfree\chart\renderer\category\WaterfallBarRendererTest.java,WaterfallBarRendererTest.java,WaterfallBarRendererTest,testCloning,11,0,void,public,true,true,true,true
C:\Users\simon\Documents\Code\thesis-code\jfreechart-master\src\test\java\org\jfree\chart\renderer\category\WaterfallBarRendererTest.java,WaterfallBarRendererTest.java,WaterfallBarRendererTest,testPublicCloneable,2,0,void,public,true,true,true,true
C:\Users\simon\Documents\Code\thesis-code\jfreechart-master\src\test\java\org\jfree\chart\renderer\category\WaterfallBarRendererTest.java,WaterfallBarRendererTest.java,WaterfallBarRendererTest,testSerialization,4,0,void,public,true,true,true,true
C:\Users\simon\Documents\Code\thesis-code\jfreechart-master\src\test\java\org\jfree\chart\renderer\DefaultPolarItemRendererTest.java,DefaultPolarItemRendererTest.java,DefaultPolarItemRendererTest,testEquals,7,0,void,public,true,true,true,true
C:\Users\simon\Documents\Code\thesis-code\jfreechart-master\src\test\java\org\jfree\chart\renderer\DefaultPolarItemRendererTest.java,DefaultPolarItemRendererTest.java,DefaultPolarItemRendererTest,testHashcode,6,0,void,public,true,true,true,true
C:\Users\simon\Documents\Code\thesis-code\jfreechart-master\src\test\java\org\jfree\chart\renderer\DefaultPolarItemRendererTest.java,DefaultPolarItemRendererTest.java,DefaultPolarItemRendererTest,testCloning,9,0,void,public,true,true,true,true
C:\Users\simon\Documents\Code\thesis-code\jfreechart-master\src\test\java\org\jfree\chart\renderer\DefaultPolarItemRendererTest.java,DefaultPolarItemRendererTest.java,DefaultPolarItemRendererTest,testSerialization,3,0,void,public,true,true,true,true
C:\Users\simon\Documents\Code\thesis-code\jfreechart-master\src\test\java\org\jfree\chart\renderer\GrayPaintScaleTest.java,GrayPaintScaleTest.java,GrayPaintScaleTest,testConstructor,4,0,void,public,true,true,true,true
C:\Users\simon\Documents\Code\thesis-code\jfreechart-master\src\test\java\org\jfree\chart\renderer\GrayPaintScaleTest.java,GrayPaintScaleTest.java,GrayPaintScaleTest,testGetPaint,9,0,void,public,true,true,true,true
C:\Users\simon\Documents\Code\thesis-code\jfreechart-master\src\test\java\org\jfree\chart\renderer\GrayPaintScaleTest.java,GrayPaintScaleTest.java,GrayPaintScaleTest,testEquals,19,0,void,public,true,true,true,true
C:\Users\simon\Documents\Code\thesis-code\jfreechart-master\src\test\java\org\jfree\chart\renderer\GrayPaintScaleTest.java,GrayPaintScaleTest.java,GrayPaintScaleTest,testCloning,5,0,void,public,true,true,true,true
C:\Users\simon\Documents\Code\thesis-code\jfreechart-master\src\test\java\org\jfree\chart\renderer\GrayPaintScaleTest.java,GrayPaintScaleTest.java,GrayPaintScaleTest,testSerialization,3,0,void,public,true,true,true,true
C:\Users\simon\Documents\Code\thesis-code\jfreechart-master\src\test\java\org\jfree\chart\renderer\LookupPaintScaleTest.java,LookupPaintScaleTest.java,LookupPaintScaleTest,testEquals,12,0,void,public,true,true,true,true
C:\Users\simon\Documents\Code\thesis-code\jfreechart-master\src\test\java\org\jfree\chart\renderer\LookupPaintScaleTest.java,LookupPaintScaleTest.java,LookupPaintScaleTest,testCloning,15,0,void,public,true,true,true,true
C:\Users\simon\Documents\Code\thesis-code\jfreechart-master\src\test\java\org\jfree\chart\renderer\LookupPaintScaleTest.java,LookupPaintScaleTest.java,LookupPaintScaleTest,testSerialization,7,0,void,public,true,true,true,true
C:\Users\simon\Documents\Code\thesis-code\jfreechart-master\src\test\java\org\jfree\chart\renderer\LookupPaintScaleTest.java,LookupPaintScaleTest.java,LookupPaintScaleTest,testConstructor1,3,0,void,public,true,true,true,true
C:\Users\simon\Documents\Code\thesis-code\jfreechart-master\src\test\java\org\jfree\chart\renderer\LookupPaintScaleTest.java,LookupPaintScaleTest.java,LookupPaintScaleTest,testConstructor2,4,0,void,public,true,true,true,true
C:\Users\simon\Documents\Code\thesis-code\jfreechart-master\src\test\java\org\jfree\chart\renderer\LookupPaintScaleTest.java,LookupPaintScaleTest.java,LookupPaintScaleTest,testGeneral,33,0,void,public,true,true,true,true
C:\Users\simon\Documents\Code\thesis-code\jfreechart-master\src\test\java\org\jfree\chart\renderer\OutlierTest.java,OutlierTest.java,OutlierTest,testConstructor,4,0,void,public,true,true,true,true
C:\Users\simon\Documents\Code\thesis-code\jfreechart-master\src\test\java\org\jfree\chart\renderer\OutlierTest.java,OutlierTest.java,OutlierTest,testEquals,16,0,void,public,true,true,true,true
C:\Users\simon\Documents\Code\thesis-code\jfreechart-master\src\test\java\org\jfree\chart\renderer\OutlierTest.java,OutlierTest.java,OutlierTest,testCloning,2,0,void,public,true,true,true,true
C:\Users\simon\Documents\Code\thesis-code\jfreechart-master\src\test\java\org\jfree\chart\renderer\OutlierTest.java,OutlierTest.java,OutlierTest,testSerialization,2,0,void,public,true,true,true,true
C:\Users\simon\Documents\Code\thesis-code\jfreechart-master\src\test\java\org\jfree\chart\renderer\RendererUtilsTest.java,RendererUtilsTest.java,RendererUtilsTest,testFindLiveItemsLowerBound_Unordered,22,0,void,public,true,true,true,true
C:\Users\simon\Documents\Code\thesis-code\jfreechart-master\src\test\java\org\jfree\chart\renderer\RendererUtilsTest.java,RendererUtilsTest.java,RendererUtilsTest,testFindLiveItemsLowerBound_Ascending,27,0,void,public,true,true,true,true
C:\Users\simon\Documents\Code\thesis-code\jfreechart-master\src\test\java\org\jfree\chart\renderer\RendererUtilsTest.java,RendererUtilsTest.java,RendererUtilsTest,getDomainOrder,1,0,DomainOrder,public,false,false,true,true
C:\Users\simon\Documents\Code\thesis-code\jfreechart-master\src\test\java\org\jfree\chart\renderer\RendererUtilsTest.java,RendererUtilsTest.java,RendererUtilsTest,testFindLiveItemsLowerBound_Descending,29,0,void,public,true,true,true,true
C:\Users\simon\Documents\Code\thesis-code\jfreechart-master\src\test\java\org\jfree\chart\renderer\RendererUtilsTest.java,RendererUtilsTest.java,RendererUtilsTest,getDomainOrder,1,0,DomainOrder,public,false,false,true,true
C:\Users\simon\Documents\Code\thesis-code\jfreechart-master\src\test\java\org\jfree\chart\renderer\RendererUtilsTest.java,RendererUtilsTest.java,RendererUtilsTest,testFindLiveItemsUpperBound_Unordered,22,0,void,public,true,true,true,true
C:\Users\simon\Documents\Code\thesis-code\jfreechart-master\src\test\java\org\jfree\chart\renderer\RendererUtilsTest.java,RendererUtilsTest.java,RendererUtilsTest,testFindLiveItemsUpperBound_Ascending,27,0,void,public,true,true,true,true
C:\Users\simon\Documents\Code\thesis-code\jfreechart-master\src\test\java\org\jfree\chart\renderer\RendererUtilsTest.java,RendererUtilsTest.java,RendererUtilsTest,getDomainOrder,1,0,DomainOrder,public,false,false,true,true
C:\Users\simon\Documents\Code\thesis-code\jfreechart-master\src\test\java\org\jfree\chart\renderer\RendererUtilsTest.java,RendererUtilsTest.java,RendererUtilsTest,testFindLiveItemsUpperBound_Descending,29,0,void,public,true,true,true,true
C:\Users\simon\Documents\Code\thesis-code\jfreechart-master\src\test\java\org\jfree\chart\renderer\RendererUtilsTest.java,RendererUtilsTest.java,RendererUtilsTest,getDomainOrder,1,0,DomainOrder,public,false,false,true,true
C:\Users\simon\Documents\Code\thesis-code\jfreechart-master\src\test\java\org\jfree\chart\renderer\RendererUtilsTest.java,RendererUtilsTest.java,RendererUtilsTest,test3561093,12,0,void,public,true,true,true,true
C:\Users\simon\Documents\Code\thesis-code\jfreechart-master\src\test\java\org\jfree\chart\renderer\xy\AbstractXYItemRendererTest.java,AbstractXYItemRendererTest.java,AbstractXYItemRendererTest,createDataset1,7,0,XYDataset<String>,private,false,false,true,true
C:\Users\simon\Documents\Code\thesis-code\jfreechart-master\src\test\java\org\jfree\chart\renderer\xy\AbstractXYItemRendererTest.java,AbstractXYItemRendererTest.java,AbstractXYItemRendererTest,testFindDomainBounds,6,0,void,public,true,true,true,true
C:\Users\simon\Documents\Code\thesis-code\jfreechart-master\src\test\java\org\jfree\chart\renderer\xy\AbstractXYItemRendererTest.java,AbstractXYItemRendererTest.java,AbstractXYItemRendererTest,testFindRangeBounds,2,0,void,public,true,true,true,true
C:\Users\simon\Documents\Code\thesis-code\jfreechart-master\src\test\java\org\jfree\chart\renderer\xy\AbstractXYItemRendererTest.java,AbstractXYItemRendererTest.java,AbstractXYItemRendererTest,testCloning_LegendItemLabelGenerator,8,0,void,public,true,true,true,true
C:\Users\simon\Documents\Code\thesis-code\jfreechart-master\src\test\java\org\jfree\chart\renderer\xy\AbstractXYItemRendererTest.java,AbstractXYItemRendererTest.java,AbstractXYItemRendererTest,testCloning_LegendItemToolTipGenerator,8,0,void,public,true,true,true,true
C:\Users\simon\Documents\Code\thesis-code\jfreechart-master\src\test\java\org\jfree\chart\renderer\xy\AbstractXYItemRendererTest.java,AbstractXYItemRendererTest.java,AbstractXYItemRendererTest,testCloning_LegendItemURLGenerator,8,0,void,public,true,true,true,true
C:\Users\simon\Documents\Code\thesis-code\jfreechart-master\src\test\java\org\jfree\chart\renderer\xy\AbstractXYItemRendererTest.java,AbstractXYItemRendererTest.java,AbstractXYItemRendererTest,testEquals_ObjectList,7,0,void,public,true,true,true,true
C:\Users\simon\Documents\Code\thesis-code\jfreechart-master\src\test\java\org\jfree\chart\renderer\xy\AbstractXYItemRendererTest.java,AbstractXYItemRendererTest.java,AbstractXYItemRendererTest,testEquals_ObjectList2,7,0,void,public,true,true,true,true
C:\Users\simon\Documents\Code\thesis-code\jfreechart-master\src\test\java\org\jfree\chart\renderer\xy\CandlestickRendererTest.java,CandlestickRendererTest.java,CandlestickRendererTest,testConstructor,7,0,void,public,true,true,true,true
C:\Users\simon\Documents\Code\thesis-code\jfreechart-master\src\test\java\org\jfree\chart\renderer\xy\CandlestickRendererTest.java,CandlestickRendererTest.java,CandlestickRendererTest,testEquals,43,0,void,public,true,true,true,true
C:\Users\simon\Documents\Code\thesis-code\jfreechart-master\src\test\java\org\jfree\chart\renderer\xy\CandlestickRendererTest.java,CandlestickRendererTest.java,CandlestickRendererTest,testHashcode,6,0,void,public,true,true,true,true
C:\Users\simon\Documents\Code\thesis-code\jfreechart-master\src\test\java\org\jfree\chart\renderer\xy\CandlestickRendererTest.java,CandlestickRendererTest.java,CandlestickRendererTest,testCloning,5,0,void,public,true,true,true,true
C:\Users\simon\Documents\Code\thesis-code\jfreechart-master\src\test\java\org\jfree\chart\renderer\xy\CandlestickRendererTest.java,CandlestickRendererTest.java,CandlestickRendererTest,testPublicCloneable,2,0,void,public,true,true,true,true
C:\Users\simon\Documents\Code\thesis-code\jfreechart-master\src\test\java\org\jfree\chart\renderer\xy\CandlestickRendererTest.java,CandlestickRendererTest.java,CandlestickRendererTest,testSerialization,3,0,void,public,true,true,true,true
C:\Users\simon\Documents\Code\thesis-code\jfreechart-master\src\test\java\org\jfree\chart\renderer\xy\CandlestickRendererTest.java,CandlestickRendererTest.java,CandlestickRendererTest,testFindRangeBounds,14,0,void,public,true,true,true,true
C:\Users\simon\Documents\Code\thesis-code\jfreechart-master\src\test\java\org\jfree\chart\renderer\xy\ClusteredXYBarRendererTest.java,ClusteredXYBarRendererTest.java,ClusteredXYBarRendererTest,testEquals,12,0,void,public,true,true,true,true
C:\Users\simon\Documents\Code\thesis-code\jfreechart-master\src\test\java\org\jfree\chart\renderer\xy\ClusteredXYBarRendererTest.java,ClusteredXYBarRendererTest.java,ClusteredXYBarRendererTest,testHashcode,6,0,void,public,true,true,true,true
C:\Users\simon\Documents\Code\thesis-code\jfreechart-master\src\test\java\org\jfree\chart\renderer\xy\ClusteredXYBarRendererTest.java,ClusteredXYBarRendererTest.java,ClusteredXYBarRendererTest,testCloning,5,0,void,public,true,true,true,true
C:\Users\simon\Documents\Code\thesis-code\jfreechart-master\src\test\java\org\jfree\chart\renderer\xy\ClusteredXYBarRendererTest.java,ClusteredXYBarRendererTest.java,ClusteredXYBarRendererTest,testPublicCloneable,2,0,void,public,true,true,true,true
C:\Users\simon\Documents\Code\thesis-code\jfreechart-master\src\test\java\org\jfree\chart\renderer\xy\ClusteredXYBarRendererTest.java,ClusteredXYBarRendererTest.java,ClusteredXYBarRendererTest,testSerialization,3,0,void,public,true,true,true,true
C:\Users\simon\Documents\Code\thesis-code\jfreechart-master\src\test\java\org\jfree\chart\renderer\xy\ClusteredXYBarRendererTest.java,ClusteredXYBarRendererTest.java,ClusteredXYBarRendererTest,testFindDomainBounds,10,0,void,public,true,true,true,true
C:\Users\simon\Documents\Code\thesis-code\jfreechart-master\src\test\java\org\jfree\chart\renderer\xy\ClusteredXYBarRendererTest.java,ClusteredXYBarRendererTest.java,ClusteredXYBarRendererTest,createSampleDataset1,18,0,DefaultIntervalXYDataset<String>,public,false,false,true,true
C:\Users\simon\Documents\Code\thesis-code\jfreechart-master\src\test\java\org\jfree\chart\renderer\xy\DeviationRendererTest.java,DeviationRendererTest.java,DeviationRendererTest,testEquals,8,0,void,public,true,true,true,true
C:\Users\simon\Documents\Code\thesis-code\jfreechart-master\src\test\java\org\jfree\chart\renderer\xy\DeviationRendererTest.java,DeviationRendererTest.java,DeviationRendererTest,testHashcode,6,0,void,public,true,true,true,true
C:\Users\simon\Documents\Code\thesis-code\jfreechart-master\src\test\java\org\jfree\chart\renderer\xy\DeviationRendererTest.java,DeviationRendererTest.java,DeviationRendererTest,testCloning,5,0,void,public,true,true,true,true
C:\Users\simon\Documents\Code\thesis-code\jfreechart-master\src\test\java\org\jfree\chart\renderer\xy\DeviationRendererTest.java,DeviationRendererTest.java,DeviationRendererTest,testPublicCloneable,2,0,void,public,true,true,true,true
C:\Users\simon\Documents\Code\thesis-code\jfreechart-master\src\test\java\org\jfree\chart\renderer\xy\DeviationRendererTest.java,DeviationRendererTest.java,DeviationRendererTest,testSerialization,3,0,void,public,true,true,true,true
C:\Users\simon\Documents\Code\thesis-code\jfreechart-master\src\test\java\org\jfree\chart\renderer\xy\DeviationStepRendererTest.java,DeviationStepRendererTest.java,DeviationStepRendererTest,testEquals,8,0,void,public,true,true,true,true
C:\Users\simon\Documents\Code\thesis-code\jfreechart-master\src\test\java\org\jfree\chart\renderer\xy\DeviationStepRendererTest.java,DeviationStepRendererTest.java,DeviationStepRendererTest,testHashcode,6,0,void,public,true,true,true,true
C:\Users\simon\Documents\Code\thesis-code\jfreechart-master\src\test\java\org\jfree\chart\renderer\xy\DeviationStepRendererTest.java,DeviationStepRendererTest.java,DeviationStepRendererTest,testCloning,5,0,void,public,true,true,true,true
C:\Users\simon\Documents\Code\thesis-code\jfreechart-master\src\test\java\org\jfree\chart\renderer\xy\DeviationStepRendererTest.java,DeviationStepRendererTest.java,DeviationStepRendererTest,testPublicCloneable,2,0,void,public,true,true,true,true
C:\Users\simon\Documents\Code\thesis-code\jfreechart-master\src\test\java\org\jfree\chart\renderer\xy\DeviationStepRendererTest.java,DeviationStepRendererTest.java,DeviationStepRendererTest,testSerialization,3,0,void,public,true,true,true,true
C:\Users\simon\Documents\Code\thesis-code\jfreechart-master\src\test\java\org\jfree\chart\renderer\xy\GradientXYBarPainterTest.java,GradientXYBarPainterTest.java,GradientXYBarPainterTest,testEquals,15,0,void,public,true,true,true,true
C:\Users\simon\Documents\Code\thesis-code\jfreechart-master\src\test\java\org\jfree\chart\renderer\xy\GradientXYBarPainterTest.java,GradientXYBarPainterTest.java,GradientXYBarPainterTest,testHashcode,6,0,void,public,true,true,true,true
C:\Users\simon\Documents\Code\thesis-code\jfreechart-master\src\test\java\org\jfree\chart\renderer\xy\GradientXYBarPainterTest.java,GradientXYBarPainterTest.java,GradientXYBarPainterTest,testCloning,3,0,void,public,true,true,true,true
C:\Users\simon\Documents\Code\thesis-code\jfreechart-master\src\test\java\org\jfree\chart\renderer\xy\GradientXYBarPainterTest.java,GradientXYBarPainterTest.java,GradientXYBarPainterTest,testSerialization,3,0,void,public,true,true,true,true
C:\Users\simon\Documents\Code\thesis-code\jfreechart-master\src\test\java\org\jfree\chart\renderer\xy\HighLowRendererTest.java,HighLowRendererTest.java,HighLowRendererTest,testEquals,23,0,void,public,true,true,true,true
C:\Users\simon\Documents\Code\thesis-code\jfreechart-master\src\test\java\org\jfree\chart\renderer\xy\HighLowRendererTest.java,HighLowRendererTest.java,HighLowRendererTest,testHashcode,6,0,void,public,true,true,true,true
C:\Users\simon\Documents\Code\thesis-code\jfreechart-master\src\test\java\org\jfree\chart\renderer\xy\HighLowRendererTest.java,HighLowRendererTest.java,HighLowRendererTest,testCloning,7,0,void,public,true,true,true,true
C:\Users\simon\Documents\Code\thesis-code\jfreechart-master\src\test\java\org\jfree\chart\renderer\xy\HighLowRendererTest.java,HighLowRendererTest.java,HighLowRendererTest,testPublicCloneable,2,0,void,public,true,true,true,true
C:\Users\simon\Documents\Code\thesis-code\jfreechart-master\src\test\java\org\jfree\chart\renderer\xy\HighLowRendererTest.java,HighLowRendererTest.java,HighLowRendererTest,testSerialization,5,0,void,public,true,true,true,true
C:\Users\simon\Documents\Code\thesis-code\jfreechart-master\src\test\java\org\jfree\chart\renderer\xy\HighLowRendererTest.java,HighLowRendererTest.java,HighLowRendererTest,testFindRangeBounds,14,0,void,public,true,true,true,true
C:\Users\simon\Documents\Code\thesis-code\jfreechart-master\src\test\java\org\jfree\chart\renderer\xy\StackedXYAreaRenderer2Test.java,StackedXYAreaRenderer2Test.java,StackedXYAreaRenderer2Test,testDrawWithEmptyDataset,6,0,void,public,true,true,true,true
C:\Users\simon\Documents\Code\thesis-code\jfreechart-master\src\test\java\org\jfree\chart\renderer\xy\StackedXYAreaRenderer2Test.java,StackedXYAreaRenderer2Test.java,StackedXYAreaRenderer2Test,testEquals,8,0,void,public,true,true,true,true
C:\Users\simon\Documents\Code\thesis-code\jfreechart-master\src\test\java\org\jfree\chart\renderer\xy\StackedXYAreaRenderer2Test.java,StackedXYAreaRenderer2Test.java,StackedXYAreaRenderer2Test,testHashcode,6,0,void,public,true,true,true,true
C:\Users\simon\Documents\Code\thesis-code\jfreechart-master\src\test\java\org\jfree\chart\renderer\xy\StackedXYAreaRenderer2Test.java,StackedXYAreaRenderer2Test.java,StackedXYAreaRenderer2Test,testCloning,5,0,void,public,true,true,true,true
C:\Users\simon\Documents\Code\thesis-code\jfreechart-master\src\test\java\org\jfree\chart\renderer\xy\StackedXYAreaRenderer2Test.java,StackedXYAreaRenderer2Test.java,StackedXYAreaRenderer2Test,testPublicCloneable,2,0,void,public,true,true,true,true
C:\Users\simon\Documents\Code\thesis-code\jfreechart-master\src\test\java\org\jfree\chart\renderer\xy\StackedXYAreaRenderer2Test.java,StackedXYAreaRenderer2Test.java,StackedXYAreaRenderer2Test,testSerialization,3,0,void,public,true,true,true,true
C:\Users\simon\Documents\Code\thesis-code\jfreechart-master\src\test\java\org\jfree\chart\renderer\xy\StackedXYAreaRenderer2Test.java,StackedXYAreaRenderer2Test.java,StackedXYAreaRenderer2Test,testFindRangeBounds,11,0,void,public,true,true,true,true
C:\Users\simon\Documents\Code\thesis-code\jfreechart-master\src\test\java\org\jfree\chart\renderer\xy\StackedXYAreaRendererTest.java,StackedXYAreaRendererTest.java,StackedXYAreaRendererTest,testEquals,13,0,void,public,true,true,true,true
C:\Users\simon\Documents\Code\thesis-code\jfreechart-master\src\test\java\org\jfree\chart\renderer\xy\StackedXYAreaRendererTest.java,StackedXYAreaRendererTest.java,StackedXYAreaRendererTest,testHashcode,6,0,void,public,true,true,true,true
C:\Users\simon\Documents\Code\thesis-code\jfreechart-master\src\test\java\org\jfree\chart\renderer\xy\StackedXYAreaRendererTest.java,StackedXYAreaRendererTest.java,StackedXYAreaRendererTest,testCloning,5,0,void,public,true,true,true,true
C:\Users\simon\Documents\Code\thesis-code\jfreechart-master\src\test\java\org\jfree\chart\renderer\xy\StackedXYAreaRendererTest.java,StackedXYAreaRendererTest.java,StackedXYAreaRendererTest,testPublicCloneable,2,0,void,public,true,true,true,true
C:\Users\simon\Documents\Code\thesis-code\jfreechart-master\src\test\java\org\jfree\chart\renderer\xy\StackedXYAreaRendererTest.java,StackedXYAreaRendererTest.java,StackedXYAreaRendererTest,testSerialization,5,0,void,public,true,true,true,true
C:\Users\simon\Documents\Code\thesis-code\jfreechart-master\src\test\java\org\jfree\chart\renderer\xy\StackedXYAreaRendererTest.java,StackedXYAreaRendererTest.java,StackedXYAreaRendererTest,testFindRangeBounds,7,0,void,public,true,true,true,true
C:\Users\simon\Documents\Code\thesis-code\jfreechart-master\src\test\java\org\jfree\chart\renderer\xy\StackedXYAreaRendererTest.java,StackedXYAreaRendererTest.java,StackedXYAreaRendererTest,testDrawWithNullInfo,1,0,void,public,true,true,true,true
C:\Users\simon\Documents\Code\thesis-code\jfreechart-master\src\test\java\org\jfree\chart\renderer\xy\StackedXYAreaRendererTest.java,StackedXYAreaRendererTest.java,StackedXYAreaRendererTest,testBug1593156,1,0,void,public,true,true,true,true
C:\Users\simon\Documents\Code\thesis-code\jfreechart-master\src\test\java\org\jfree\chart\renderer\xy\StackedXYBarRendererTest.java,StackedXYBarRendererTest.java,StackedXYBarRendererTest,testEquals,8,0,void,public,true,true,true,true
C:\Users\simon\Documents\Code\thesis-code\jfreechart-master\src\test\java\org\jfree\chart\renderer\xy\StackedXYBarRendererTest.java,StackedXYBarRendererTest.java,StackedXYBarRendererTest,testHashcode,10,0,void,public,true,true,true,true
C:\Users\simon\Documents\Code\thesis-code\jfreechart-master\src\test\java\org\jfree\chart\renderer\xy\StackedXYBarRendererTest.java,StackedXYBarRendererTest.java,StackedXYBarRendererTest,testCloning,5,0,void,public,true,true,true,true
C:\Users\simon\Documents\Code\thesis-code\jfreechart-master\src\test\java\org\jfree\chart\renderer\xy\StackedXYBarRendererTest.java,StackedXYBarRendererTest.java,StackedXYBarRendererTest,testPublicCloneable,2,0,void,public,true,true,true,true
C:\Users\simon\Documents\Code\thesis-code\jfreechart-master\src\test\java\org\jfree\chart\renderer\xy\StackedXYBarRendererTest.java,StackedXYBarRendererTest.java,StackedXYBarRendererTest,testSerialization,4,0,void,public,true,true,true,true
C:\Users\simon\Documents\Code\thesis-code\jfreechart-master\src\test\java\org\jfree\chart\renderer\xy\StackedXYBarRendererTest.java,StackedXYBarRendererTest.java,StackedXYBarRendererTest,testFindDomainBounds,11,0,void,public,true,true,true,true
C:\Users\simon\Documents\Code\thesis-code\jfreechart-master\src\test\java\org\jfree\chart\renderer\xy\StackedXYBarRendererTest.java,StackedXYBarRendererTest.java,StackedXYBarRendererTest,testFindRangeBounds,8,0,void,public,true,true,true,true
C:\Users\simon\Documents\Code\thesis-code\jfreechart-master\src\test\java\org\jfree\chart\renderer\xy\StandardXYBarPainterTest.java,StandardXYBarPainterTest.java,StandardXYBarPainterTest,testEquals,3,0,void,public,true,true,true,true
C:\Users\simon\Documents\Code\thesis-code\jfreechart-master\src\test\java\org\jfree\chart\renderer\xy\StandardXYBarPainterTest.java,StandardXYBarPainterTest.java,StandardXYBarPainterTest,testHashcode,6,0,void,public,true,true,true,true
C:\Users\simon\Documents\Code\thesis-code\jfreechart-master\src\test\java\org\jfree\chart\renderer\xy\StandardXYBarPainterTest.java,StandardXYBarPainterTest.java,StandardXYBarPainterTest,testCloning,3,0,void,public,true,true,true,true
C:\Users\simon\Documents\Code\thesis-code\jfreechart-master\src\test\java\org\jfree\chart\renderer\xy\StandardXYBarPainterTest.java,StandardXYBarPainterTest.java,StandardXYBarPainterTest,testSerialization,3,0,void,public,true,true,true,true
C:\Users\simon\Documents\Code\thesis-code\jfreechart-master\src\test\java\org\jfree\chart\renderer\xy\StandardXYItemRendererTest.java,StandardXYItemRendererTest.java,StandardXYItemRendererTest,testEquals,43,0,void,public,true,true,true,true
C:\Users\simon\Documents\Code\thesis-code\jfreechart-master\src\test\java\org\jfree\chart\renderer\xy\StandardXYItemRendererTest.java,StandardXYItemRendererTest.java,StandardXYItemRendererTest,testHashcode,6,0,void,public,true,true,true,true
C:\Users\simon\Documents\Code\thesis-code\jfreechart-master\src\test\java\org\jfree\chart\renderer\xy\StandardXYItemRendererTest.java,StandardXYItemRendererTest.java,StandardXYItemRendererTest,testCloning,15,0,void,public,true,true,true,true
C:\Users\simon\Documents\Code\thesis-code\jfreechart-master\src\test\java\org\jfree\chart\renderer\xy\StandardXYItemRendererTest.java,StandardXYItemRendererTest.java,StandardXYItemRendererTest,testPublicCloneable,2,0,void,public,true,true,true,true
C:\Users\simon\Documents\Code\thesis-code\jfreechart-master\src\test\java\org\jfree\chart\renderer\xy\StandardXYItemRendererTest.java,StandardXYItemRendererTest.java,StandardXYItemRendererTest,testSerialization,3,0,void,public,true,true,true,true
C:\Users\simon\Documents\Code\thesis-code\jfreechart-master\src\test\java\org\jfree\chart\renderer\xy\StandardXYItemRendererTest.java,StandardXYItemRendererTest.java,StandardXYItemRendererTest,testGetLegendItemSeriesIndex,25,0,void,public,true,true,true,true
C:\Users\simon\Documents\Code\thesis-code\jfreechart-master\src\test\java\org\jfree\chart\renderer\xy\StandardXYItemRendererTest.java,StandardXYItemRendererTest.java,StandardXYItemRendererTest,testNoDisplayedItem,18,0,void,public,true,true,true,true
C:\Users\simon\Documents\Code\thesis-code\jfreechart-master\src\test\java\org\jfree\chart\renderer\xy\VectorRendererTest.java,VectorRendererTest.java,VectorRendererTest,testEquals,8,0,void,public,true,true,true,true
C:\Users\simon\Documents\Code\thesis-code\jfreechart-master\src\test\java\org\jfree\chart\renderer\xy\VectorRendererTest.java,VectorRendererTest.java,VectorRendererTest,testHashcode,6,0,void,public,true,true,true,true
C:\Users\simon\Documents\Code\thesis-code\jfreechart-master\src\test\java\org\jfree\chart\renderer\xy\VectorRendererTest.java,VectorRendererTest.java,VectorRendererTest,testCloning,5,0,void,public,true,true,true,true
C:\Users\simon\Documents\Code\thesis-code\jfreechart-master\src\test\java\org\jfree\chart\renderer\xy\VectorRendererTest.java,VectorRendererTest.java,VectorRendererTest,testPublicCloneable,2,0,void,public,true,true,true,true
C:\Users\simon\Documents\Code\thesis-code\jfreechart-master\src\test\java\org\jfree\chart\renderer\xy\VectorRendererTest.java,VectorRendererTest.java,VectorRendererTest,testSerialization,3,0,void,public,true,true,true,true
C:\Users\simon\Documents\Code\thesis-code\jfreechart-master\src\test\java\org\jfree\chart\renderer\xy\WindItemRendererTest.java,WindItemRendererTest.java,WindItemRendererTest,testEquals,3,0,void,public,true,true,true,true
C:\Users\simon\Documents\Code\thesis-code\jfreechart-master\src\test\java\org\jfree\chart\renderer\xy\WindItemRendererTest.java,WindItemRendererTest.java,WindItemRendererTest,testHashcode,6,0,void,public,true,true,true,true
C:\Users\simon\Documents\Code\thesis-code\jfreechart-master\src\test\java\org\jfree\chart\renderer\xy\WindItemRendererTest.java,WindItemRendererTest.java,WindItemRendererTest,testCloning,5,0,void,public,true,true,true,true
C:\Users\simon\Documents\Code\thesis-code\jfreechart-master\src\test\java\org\jfree\chart\renderer\xy\WindItemRendererTest.java,WindItemRendererTest.java,WindItemRendererTest,testPublicCloneable,2,0,void,public,true,true,true,true
C:\Users\simon\Documents\Code\thesis-code\jfreechart-master\src\test\java\org\jfree\chart\renderer\xy\WindItemRendererTest.java,WindItemRendererTest.java,WindItemRendererTest,testSerialization,3,0,void,public,true,true,true,true
C:\Users\simon\Documents\Code\thesis-code\jfreechart-master\src\test\java\org\jfree\chart\renderer\xy\XYAreaRenderer2Test.java,XYAreaRenderer2Test.java,XYAreaRenderer2Test,testEquals,11,0,void,public,true,true,true,true
C:\Users\simon\Documents\Code\thesis-code\jfreechart-master\src\test\java\org\jfree\chart\renderer\xy\XYAreaRenderer2Test.java,XYAreaRenderer2Test.java,XYAreaRenderer2Test,testHashcode,6,0,void,public,true,true,true,true
C:\Users\simon\Documents\Code\thesis-code\jfreechart-master\src\test\java\org\jfree\chart\renderer\xy\XYAreaRenderer2Test.java,XYAreaRenderer2Test.java,XYAreaRenderer2Test,testCloning,9,0,void,public,true,true,true,true
C:\Users\simon\Documents\Code\thesis-code\jfreechart-master\src\test\java\org\jfree\chart\renderer\xy\XYAreaRenderer2Test.java,XYAreaRenderer2Test.java,XYAreaRenderer2Test,testPublicCloneable,2,0,void,public,true,true,true,true
C:\Users\simon\Documents\Code\thesis-code\jfreechart-master\src\test\java\org\jfree\chart\renderer\xy\XYAreaRenderer2Test.java,XYAreaRenderer2Test.java,XYAreaRenderer2Test,testSerialization,3,0,void,public,true,true,true,true
C:\Users\simon\Documents\Code\thesis-code\jfreechart-master\src\test\java\org\jfree\chart\renderer\xy\XYAreaRenderer2Test.java,XYAreaRenderer2Test.java,XYAreaRenderer2Test,testDrawWithNullInfo,1,0,void,public,true,true,true,true
C:\Users\simon\Documents\Code\thesis-code\jfreechart-master\src\test\java\org\jfree\chart\renderer\xy\XYAreaRenderer2Test.java,XYAreaRenderer2Test.java,XYAreaRenderer2Test,testGetLegendItemSeriesIndex,25,0,void,public,true,true,true,true
C:\Users\simon\Documents\Code\thesis-code\jfreechart-master\src\test\java\org\jfree\chart\renderer\xy\XYAreaRendererTest.java,XYAreaRendererTest.java,XYAreaRendererTest,testEquals,39,0,void,public,true,true,true,true
C:\Users\simon\Documents\Code\thesis-code\jfreechart-master\src\test\java\org\jfree\chart\renderer\xy\XYAreaRendererTest.java,XYAreaRendererTest.java,XYAreaRendererTest,testHashcode,8,0,void,public,true,true,true,true
C:\Users\simon\Documents\Code\thesis-code\jfreechart-master\src\test\java\org\jfree\chart\renderer\xy\XYAreaRendererTest.java,XYAreaRendererTest.java,XYAreaRendererTest,testCloning,11,0,void,public,true,true,true,true
C:\Users\simon\Documents\Code\thesis-code\jfreechart-master\src\test\java\org\jfree\chart\renderer\xy\XYAreaRendererTest.java,XYAreaRendererTest.java,XYAreaRendererTest,testPublicCloneable,2,0,void,public,true,true,true,true
C:\Users\simon\Documents\Code\thesis-code\jfreechart-master\src\test\java\org\jfree\chart\renderer\xy\XYAreaRendererTest.java,XYAreaRendererTest.java,XYAreaRendererTest,testSerialization,3,0,void,public,true,true,true,true
C:\Users\simon\Documents\Code\thesis-code\jfreechart-master\src\test\java\org\jfree\chart\renderer\xy\XYAreaRendererTest.java,XYAreaRendererTest.java,XYAreaRendererTest,testDrawWithNullInfo,1,0,void,public,true,true,true,true
C:\Users\simon\Documents\Code\thesis-code\jfreechart-master\src\test\java\org\jfree\chart\renderer\xy\XYAreaRendererTest.java,XYAreaRendererTest.java,XYAreaRendererTest,testGetLegendItemSeriesIndex,25,0,void,public,true,true,true,true
C:\Users\simon\Documents\Code\thesis-code\jfreechart-master\src\test\java\org\jfree\chart\renderer\xy\XYBarRendererTest.java,XYBarRendererTest.java,XYBarRendererTest,testEquals,52,0,void,public,true,true,true,true
C:\Users\simon\Documents\Code\thesis-code\jfreechart-master\src\test\java\org\jfree\chart\renderer\xy\XYBarRendererTest.java,XYBarRendererTest.java,XYBarRendererTest,testHashcode,6,0,void,public,true,true,true,true
C:\Users\simon\Documents\Code\thesis-code\jfreechart-master\src\test\java\org\jfree\chart\renderer\xy\XYBarRendererTest.java,XYBarRendererTest.java,XYBarRendererTest,testCloning,11,0,void,public,true,true,true,true
C:\Users\simon\Documents\Code\thesis-code\jfreechart-master\src\test\java\org\jfree\chart\renderer\xy\XYBarRendererTest.java,XYBarRendererTest.java,XYBarRendererTest,testPublicCloneable,2,0,void,public,true,true,true,true
C:\Users\simon\Documents\Code\thesis-code\jfreechart-master\src\test\java\org\jfree\chart\renderer\xy\XYBarRendererTest.java,XYBarRendererTest.java,XYBarRendererTest,testSerialization,3,0,void,public,true,true,true,true
C:\Users\simon\Documents\Code\thesis-code\jfreechart-master\src\test\java\org\jfree\chart\renderer\xy\XYBarRendererTest.java,XYBarRendererTest.java,XYBarRendererTest,testSerialization2,4,0,void,public,true,true,true,true
C:\Users\simon\Documents\Code\thesis-code\jfreechart-master\src\test\java\org\jfree\chart\renderer\xy\XYBarRendererTest.java,XYBarRendererTest.java,XYBarRendererTest,testFindDomainBounds,10,0,void,public,true,true,true,true
C:\Users\simon\Documents\Code\thesis-code\jfreechart-master\src\test\java\org\jfree\chart\renderer\xy\XYBarRendererTest.java,XYBarRendererTest.java,XYBarRendererTest,testFindDomainBounds2,17,0,void,public,true,true,true,true
C:\Users\simon\Documents\Code\thesis-code\jfreechart-master\src\test\java\org\jfree\chart\renderer\xy\XYBarRendererTest.java,XYBarRendererTest.java,XYBarRendererTest,testFindRangeBounds,18,0,void,public,true,true,true,true
C:\Users\simon\Documents\Code\thesis-code\jfreechart-master\src\test\java\org\jfree\chart\renderer\xy\XYBarRendererTest.java,XYBarRendererTest.java,XYBarRendererTest,testFindRangeBounds2,18,0,void,public,true,true,true,true
C:\Users\simon\Documents\Code\thesis-code\jfreechart-master\src\test\java\org\jfree\chart\renderer\xy\XYBarRendererTest.java,XYBarRendererTest.java,XYBarRendererTest,testGetLegendItemSeriesIndex,25,0,void,public,true,true,true,true
C:\Users\simon\Documents\Code\thesis-code\jfreechart-master\src\test\java\org\jfree\chart\renderer\xy\XYBezierRendererTest.java,XYBezierRendererTest.java,XYBezierRendererTest,testEquals,20,0,void,public,true,true,true,true
C:\Users\simon\Documents\Code\thesis-code\jfreechart-master\src\test\java\org\jfree\chart\renderer\xy\XYBezierRendererTest.java,XYBezierRendererTest.java,XYBezierRendererTest,testHashcode,6,0,void,public,true,true,true,true
C:\Users\simon\Documents\Code\thesis-code\jfreechart-master\src\test\java\org\jfree\chart\renderer\xy\XYBezierRendererTest.java,XYBezierRendererTest.java,XYBezierRendererTest,testCloning,7,0,void,public,true,true,true,true
C:\Users\simon\Documents\Code\thesis-code\jfreechart-master\src\test\java\org\jfree\chart\renderer\xy\XYBezierRendererTest.java,XYBezierRendererTest.java,XYBezierRendererTest,testPublicCloneable,2,0,void,public,true,true,true,true
C:\Users\simon\Documents\Code\thesis-code\jfreechart-master\src\test\java\org\jfree\chart\renderer\xy\XYBezierRendererTest.java,XYBezierRendererTest.java,XYBezierRendererTest,testSerialization,3,0,void,public,true,true,true,true
C:\Users\simon\Documents\Code\thesis-code\jfreechart-master\src\test\java\org\jfree\chart\renderer\xy\XYBlockRendererTest.java,XYBlockRendererTest.java,XYBlockRendererTest,testEquals,16,0,void,public,true,true,true,true
C:\Users\simon\Documents\Code\thesis-code\jfreechart-master\src\test\java\org\jfree\chart\renderer\xy\XYBlockRendererTest.java,XYBlockRendererTest.java,XYBlockRendererTest,testHashcode,6,0,void,public,true,true,true,true
C:\Users\simon\Documents\Code\thesis-code\jfreechart-master\src\test\java\org\jfree\chart\renderer\xy\XYBlockRendererTest.java,XYBlockRendererTest.java,XYBlockRendererTest,testCloning,12,0,void,public,true,true,true,true
C:\Users\simon\Documents\Code\thesis-code\jfreechart-master\src\test\java\org\jfree\chart\renderer\xy\XYBlockRendererTest.java,XYBlockRendererTest.java,XYBlockRendererTest,testPublicCloneable,2,0,void,public,true,true,true,true
C:\Users\simon\Documents\Code\thesis-code\jfreechart-master\src\test\java\org\jfree\chart\renderer\xy\XYBlockRendererTest.java,XYBlockRendererTest.java,XYBlockRendererTest,testSerialization,3,0,void,public,true,true,true,true
C:\Users\simon\Documents\Code\thesis-code\jfreechart-master\src\test\java\org\jfree\chart\renderer\xy\XYBlockRendererTest.java,XYBlockRendererTest.java,XYBlockRendererTest,testBug1766646A,6,0,void,public,true,true,true,true
C:\Users\simon\Documents\Code\thesis-code\jfreechart-master\src\test\java\org\jfree\chart\renderer\xy\XYBlockRendererTest.java,XYBlockRendererTest.java,XYBlockRendererTest,testBug1766646B,6,0,void,public,true,true,true,true
C:\Users\simon\Documents\Code\thesis-code\jfreechart-master\src\test\java\org\jfree\chart\renderer\xy\XYBlockRendererTest.java,XYBlockRendererTest.java,XYBlockRendererTest,testFindRangeBounds,8,0,void,public,true,true,true,true
C:\Users\simon\Documents\Code\thesis-code\jfreechart-master\src\test\java\org\jfree\chart\renderer\xy\XYBlockRendererTest.java,XYBlockRendererTest.java,XYBlockRendererTest,testFindDomainBounds,12,0,void,public,true,true,true,true
C:\Users\simon\Documents\Code\thesis-code\jfreechart-master\src\test\java\org\jfree\chart\renderer\xy\XYBoxAndWhiskerRendererTest.java,XYBoxAndWhiskerRendererTest.java,XYBoxAndWhiskerRendererTest,testEquals,23,0,void,public,true,true,true,true
C:\Users\simon\Documents\Code\thesis-code\jfreechart-master\src\test\java\org\jfree\chart\renderer\xy\XYBoxAndWhiskerRendererTest.java,XYBoxAndWhiskerRendererTest.java,XYBoxAndWhiskerRendererTest,testHashcode,6,0,void,public,true,true,true,true
C:\Users\simon\Documents\Code\thesis-code\jfreechart-master\src\test\java\org\jfree\chart\renderer\xy\XYBoxAndWhiskerRendererTest.java,XYBoxAndWhiskerRendererTest.java,XYBoxAndWhiskerRendererTest,testCloning,5,0,void,public,true,true,true,true
C:\Users\simon\Documents\Code\thesis-code\jfreechart-master\src\test\java\org\jfree\chart\renderer\xy\XYBoxAndWhiskerRendererTest.java,XYBoxAndWhiskerRendererTest.java,XYBoxAndWhiskerRendererTest,testPublicCloneable,2,0,void,public,true,true,true,true
C:\Users\simon\Documents\Code\thesis-code\jfreechart-master\src\test\java\org\jfree\chart\renderer\xy\XYBoxAndWhiskerRendererTest.java,XYBoxAndWhiskerRendererTest.java,XYBoxAndWhiskerRendererTest,testSerialization,3,0,void,public,true,true,true,true
C:\Users\simon\Documents\Code\thesis-code\jfreechart-master\src\test\java\org\jfree\chart\renderer\xy\XYBoxAndWhiskerRendererTest.java,XYBoxAndWhiskerRendererTest.java,XYBoxAndWhiskerRendererTest,test2909215,4,0,void,public,true,true,true,true
C:\Users\simon\Documents\Code\thesis-code\jfreechart-master\src\test\java\org\jfree\chart\renderer\xy\XYBubbleRendererTest.java,XYBubbleRendererTest.java,XYBubbleRendererTest,testEquals,7,0,void,public,true,true,true,true
C:\Users\simon\Documents\Code\thesis-code\jfreechart-master\src\test\java\org\jfree\chart\renderer\xy\XYBubbleRendererTest.java,XYBubbleRendererTest.java,XYBubbleRendererTest,testHashcode,6,0,void,public,true,true,true,true
C:\Users\simon\Documents\Code\thesis-code\jfreechart-master\src\test\java\org\jfree\chart\renderer\xy\XYBubbleRendererTest.java,XYBubbleRendererTest.java,XYBubbleRendererTest,testCloning,5,0,void,public,true,true,true,true
C:\Users\simon\Documents\Code\thesis-code\jfreechart-master\src\test\java\org\jfree\chart\renderer\xy\XYBubbleRendererTest.java,XYBubbleRendererTest.java,XYBubbleRendererTest,testPublicCloneable,2,0,void,public,true,true,true,true
C:\Users\simon\Documents\Code\thesis-code\jfreechart-master\src\test\java\org\jfree\chart\renderer\xy\XYBubbleRendererTest.java,XYBubbleRendererTest.java,XYBubbleRendererTest,testSerialization,3,0,void,public,true,true,true,true
C:\Users\simon\Documents\Code\thesis-code\jfreechart-master\src\test\java\org\jfree\chart\renderer\xy\XYBubbleRendererTest.java,XYBubbleRendererTest.java,XYBubbleRendererTest,testGetLegendItemSeriesIndex,35,0,void,public,true,true,true,true
C:\Users\simon\Documents\Code\thesis-code\jfreechart-master\src\test\java\org\jfree\chart\renderer\xy\XYDifferenceRendererTest.java,XYDifferenceRendererTest.java,XYDifferenceRendererTest,testEquals,24,0,void,public,true,true,true,true
C:\Users\simon\Documents\Code\thesis-code\jfreechart-master\src\test\java\org\jfree\chart\renderer\xy\XYDifferenceRendererTest.java,XYDifferenceRendererTest.java,XYDifferenceRendererTest,testHashcode,6,0,void,public,true,true,true,true
C:\Users\simon\Documents\Code\thesis-code\jfreechart-master\src\test\java\org\jfree\chart\renderer\xy\XYDifferenceRendererTest.java,XYDifferenceRendererTest.java,XYDifferenceRendererTest,testCloning,7,0,void,public,true,true,true,true
C:\Users\simon\Documents\Code\thesis-code\jfreechart-master\src\test\java\org\jfree\chart\renderer\xy\XYDifferenceRendererTest.java,XYDifferenceRendererTest.java,XYDifferenceRendererTest,testPublicCloneable,2,0,void,public,true,true,true,true
C:\Users\simon\Documents\Code\thesis-code\jfreechart-master\src\test\java\org\jfree\chart\renderer\xy\XYDifferenceRendererTest.java,XYDifferenceRendererTest.java,XYDifferenceRendererTest,testSerialization,3,0,void,public,true,true,true,true
C:\Users\simon\Documents\Code\thesis-code\jfreechart-master\src\test\java\org\jfree\chart\renderer\xy\XYDifferenceRendererTest.java,XYDifferenceRendererTest.java,XYDifferenceRendererTest,testGetLegendItemSeriesIndex,25,0,void,public,true,true,true,true
C:\Users\simon\Documents\Code\thesis-code\jfreechart-master\src\test\java\org\jfree\chart\renderer\xy\XYDotRendererTest.java,XYDotRendererTest.java,XYDotRendererTest,testEquals,15,0,void,public,true,true,true,true
C:\Users\simon\Documents\Code\thesis-code\jfreechart-master\src\test\java\org\jfree\chart\renderer\xy\XYDotRendererTest.java,XYDotRendererTest.java,XYDotRendererTest,testHashcode,12,0,void,public,true,true,true,true
C:\Users\simon\Documents\Code\thesis-code\jfreechart-master\src\test\java\org\jfree\chart\renderer\xy\XYDotRendererTest.java,XYDotRendererTest.java,XYDotRendererTest,testCloning,5,0,void,public,true,true,true,true
C:\Users\simon\Documents\Code\thesis-code\jfreechart-master\src\test\java\org\jfree\chart\renderer\xy\XYDotRendererTest.java,XYDotRendererTest.java,XYDotRendererTest,testPublicCloneable,2,0,void,public,true,true,true,true
C:\Users\simon\Documents\Code\thesis-code\jfreechart-master\src\test\java\org\jfree\chart\renderer\xy\XYDotRendererTest.java,XYDotRendererTest.java,XYDotRendererTest,testSerialization,3,0,void,public,true,true,true,true
C:\Users\simon\Documents\Code\thesis-code\jfreechart-master\src\test\java\org\jfree\chart\renderer\xy\XYDotRendererTest.java,XYDotRendererTest.java,XYDotRendererTest,testGetLegendItemSeriesIndex,25,0,void,public,true,true,true,true
C:\Users\simon\Documents\Code\thesis-code\jfreechart-master\src\test\java\org\jfree\chart\renderer\xy\XYErrorRendererTest.java,XYErrorRendererTest.java,XYErrorRendererTest,testEquals,23,0,void,public,true,true,true,true
C:\Users\simon\Documents\Code\thesis-code\jfreechart-master\src\test\java\org\jfree\chart\renderer\xy\XYErrorRendererTest.java,XYErrorRendererTest.java,XYErrorRendererTest,testHashcode,6,0,void,public,true,true,true,true
C:\Users\simon\Documents\Code\thesis-code\jfreechart-master\src\test\java\org\jfree\chart\renderer\xy\XYErrorRendererTest.java,XYErrorRendererTest.java,XYErrorRendererTest,testCloning,6,0,void,public,true,true,true,true
C:\Users\simon\Documents\Code\thesis-code\jfreechart-master\src\test\java\org\jfree\chart\renderer\xy\XYErrorRendererTest.java,XYErrorRendererTest.java,XYErrorRendererTest,testCloning2,6,0,void,public,true,true,true,true
C:\Users\simon\Documents\Code\thesis-code\jfreechart-master\src\test\java\org\jfree\chart\renderer\xy\XYErrorRendererTest.java,XYErrorRendererTest.java,XYErrorRendererTest,testPublicCloneable,2,0,void,public,true,true,true,true
C:\Users\simon\Documents\Code\thesis-code\jfreechart-master\src\test\java\org\jfree\chart\renderer\xy\XYErrorRendererTest.java,XYErrorRendererTest.java,XYErrorRendererTest,testSerialization,4,0,void,public,true,true,true,true
C:\Users\simon\Documents\Code\thesis-code\jfreechart-master\src\test\java\org\jfree\chart\renderer\xy\XYErrorRendererTest.java,XYErrorRendererTest.java,XYErrorRendererTest,testSerialization2,4,0,void,public,true,true,true,true
C:\Users\simon\Documents\Code\thesis-code\jfreechart-master\src\test\java\org\jfree\chart\renderer\xy\XYErrorRendererTest.java,XYErrorRendererTest.java,XYErrorRendererTest,testFindDomainBounds,2,0,void,public,true,true,true,true
C:\Users\simon\Documents\Code\thesis-code\jfreechart-master\src\test\java\org\jfree\chart\renderer\xy\XYErrorRendererTest.java,XYErrorRendererTest.java,XYErrorRendererTest,testFindRangeBounds,2,0,void,public,true,true,true,true
C:\Users\simon\Documents\Code\thesis-code\jfreechart-master\src\test\java\org\jfree\chart\renderer\xy\XYLineAndShapeRendererTest.java,XYLineAndShapeRendererTest.java,XYLineAndShapeRendererTest,testEquals,48,0,void,public,true,true,true,true
C:\Users\simon\Documents\Code\thesis-code\jfreechart-master\src\test\java\org\jfree\chart\renderer\xy\XYLineAndShapeRendererTest.java,XYLineAndShapeRendererTest.java,XYLineAndShapeRendererTest,testEquals2,8,0,void,public,true,true,true,true
C:\Users\simon\Documents\Code\thesis-code\jfreechart-master\src\test\java\org\jfree\chart\renderer\xy\XYLineAndShapeRendererTest.java,XYLineAndShapeRendererTest.java,XYLineAndShapeRendererTest,testHashcode,6,0,void,public,true,true,true,true
C:\Users\simon\Documents\Code\thesis-code\jfreechart-master\src\test\java\org\jfree\chart\renderer\xy\XYLineAndShapeRendererTest.java,XYLineAndShapeRendererTest.java,XYLineAndShapeRendererTest,testCloning,23,0,void,public,true,true,true,true
C:\Users\simon\Documents\Code\thesis-code\jfreechart-master\src\test\java\org\jfree\chart\renderer\xy\XYLineAndShapeRendererTest.java,XYLineAndShapeRendererTest.java,XYLineAndShapeRendererTest,testPublicCloneable,2,0,void,public,true,true,true,true
C:\Users\simon\Documents\Code\thesis-code\jfreechart-master\src\test\java\org\jfree\chart\renderer\xy\XYLineAndShapeRendererTest.java,XYLineAndShapeRendererTest.java,XYLineAndShapeRendererTest,testSerialization,7,0,void,public,true,true,true,true
C:\Users\simon\Documents\Code\thesis-code\jfreechart-master\src\test\java\org\jfree\chart\renderer\xy\XYLineAndShapeRendererTest.java,XYLineAndShapeRendererTest.java,XYLineAndShapeRendererTest,testFindDomainBounds,10,0,void,public,true,true,true,true
C:\Users\simon\Documents\Code\thesis-code\jfreechart-master\src\test\java\org\jfree\chart\renderer\xy\XYLineAndShapeRendererTest.java,XYLineAndShapeRendererTest.java,XYLineAndShapeRendererTest,testFindRangeBounds,10,0,void,public,true,true,true,true
C:\Users\simon\Documents\Code\thesis-code\jfreechart-master\src\test\java\org\jfree\chart\renderer\xy\XYLineAndShapeRendererTest.java,XYLineAndShapeRendererTest.java,XYLineAndShapeRendererTest,testGetLegendItemSeriesIndex,25,0,void,public,true,true,true,true
C:\Users\simon\Documents\Code\thesis-code\jfreechart-master\src\test\java\org\jfree\chart\renderer\xy\XYShapeRendererTest.java,XYShapeRendererTest.java,XYShapeRendererTest,testEquals,28,0,void,public,true,true,true,true
C:\Users\simon\Documents\Code\thesis-code\jfreechart-master\src\test\java\org\jfree\chart\renderer\xy\XYShapeRendererTest.java,XYShapeRendererTest.java,XYShapeRendererTest,testCloning,5,0,void,public,true,true,true,true
C:\Users\simon\Documents\Code\thesis-code\jfreechart-master\src\test\java\org\jfree\chart\renderer\xy\XYShapeRendererTest.java,XYShapeRendererTest.java,XYShapeRendererTest,testSerialization,3,0,void,public,true,true,true,true
C:\Users\simon\Documents\Code\thesis-code\jfreechart-master\src\test\java\org\jfree\chart\renderer\xy\XYShapeRendererTest.java,XYShapeRendererTest.java,XYShapeRendererTest,testFindZBounds,24,0,void,public,true,true,true,true
C:\Users\simon\Documents\Code\thesis-code\jfreechart-master\src\test\java\org\jfree\chart\renderer\xy\XYShapeRendererTest.java,XYShapeRendererTest.java,XYShapeRendererTest,test3026341,14,0,void,public,true,true,true,true
C:\Users\simon\Documents\Code\thesis-code\jfreechart-master\src\test\java\org\jfree\chart\renderer\xy\XYSplineRendererTest.java,XYSplineRendererTest.java,XYSplineRendererTest,testEquals,20,0,void,public,true,true,true,true
C:\Users\simon\Documents\Code\thesis-code\jfreechart-master\src\test\java\org\jfree\chart\renderer\xy\XYSplineRendererTest.java,XYSplineRendererTest.java,XYSplineRendererTest,testHashcode,6,0,void,public,true,true,true,true
C:\Users\simon\Documents\Code\thesis-code\jfreechart-master\src\test\java\org\jfree\chart\renderer\xy\XYSplineRendererTest.java,XYSplineRendererTest.java,XYSplineRendererTest,testCloning,7,0,void,public,true,true,true,true
C:\Users\simon\Documents\Code\thesis-code\jfreechart-master\src\test\java\org\jfree\chart\renderer\xy\XYSplineRendererTest.java,XYSplineRendererTest.java,XYSplineRendererTest,testPublicCloneable,2,0,void,public,true,true,true,true
C:\Users\simon\Documents\Code\thesis-code\jfreechart-master\src\test\java\org\jfree\chart\renderer\xy\XYSplineRendererTest.java,XYSplineRendererTest.java,XYSplineRendererTest,testSerialization,3,0,void,public,true,true,true,true
C:\Users\simon\Documents\Code\thesis-code\jfreechart-master\src\test\java\org\jfree\chart\renderer\xy\XYStepAreaRendererTest.java,XYStepAreaRendererTest.java,XYStepAreaRendererTest,testEquals,27,0,void,public,true,true,true,true
C:\Users\simon\Documents\Code\thesis-code\jfreechart-master\src\test\java\org\jfree\chart\renderer\xy\XYStepAreaRendererTest.java,XYStepAreaRendererTest.java,XYStepAreaRendererTest,testHashcode,6,0,void,public,true,true,true,true
C:\Users\simon\Documents\Code\thesis-code\jfreechart-master\src\test\java\org\jfree\chart\renderer\xy\XYStepAreaRendererTest.java,XYStepAreaRendererTest.java,XYStepAreaRendererTest,testCloning,5,0,void,public,true,true,true,true
C:\Users\simon\Documents\Code\thesis-code\jfreechart-master\src\test\java\org\jfree\chart\renderer\xy\XYStepAreaRendererTest.java,XYStepAreaRendererTest.java,XYStepAreaRendererTest,testPublicCloneable,2,0,void,public,true,true,true,true
C:\Users\simon\Documents\Code\thesis-code\jfreechart-master\src\test\java\org\jfree\chart\renderer\xy\XYStepAreaRendererTest.java,XYStepAreaRendererTest.java,XYStepAreaRendererTest,testSerialization,3,0,void,public,true,true,true,true
C:\Users\simon\Documents\Code\thesis-code\jfreechart-master\src\test\java\org\jfree\chart\renderer\xy\XYStepAreaRendererTest.java,XYStepAreaRendererTest.java,XYStepAreaRendererTest,testDrawWithNullInfo,1,0,void,public,true,true,true,true
C:\Users\simon\Documents\Code\thesis-code\jfreechart-master\src\test\java\org\jfree\chart\renderer\xy\XYStepRendererTest.java,XYStepRendererTest.java,XYStepRendererTest,testEquals,11,0,void,public,true,true,true,true
C:\Users\simon\Documents\Code\thesis-code\jfreechart-master\src\test\java\org\jfree\chart\renderer\xy\XYStepRendererTest.java,XYStepRendererTest.java,XYStepRendererTest,testHashcode,8,0,void,public,true,true,true,true
C:\Users\simon\Documents\Code\thesis-code\jfreechart-master\src\test\java\org\jfree\chart\renderer\xy\XYStepRendererTest.java,XYStepRendererTest.java,XYStepRendererTest,testCloning,5,0,void,public,true,true,true,true
C:\Users\simon\Documents\Code\thesis-code\jfreechart-master\src\test\java\org\jfree\chart\renderer\xy\XYStepRendererTest.java,XYStepRendererTest.java,XYStepRendererTest,testPublicCloneable,2,0,void,public,true,true,true,true
C:\Users\simon\Documents\Code\thesis-code\jfreechart-master\src\test\java\org\jfree\chart\renderer\xy\XYStepRendererTest.java,XYStepRendererTest.java,XYStepRendererTest,testSerialization,4,0,void,public,true,true,true,true
C:\Users\simon\Documents\Code\thesis-code\jfreechart-master\src\test\java\org\jfree\chart\renderer\xy\XYStepRendererTest.java,XYStepRendererTest.java,XYStepRendererTest,testDrawWithNullInfo,1,0,void,public,true,true,true,true
C:\Users\simon\Documents\Code\thesis-code\jfreechart-master\src\test\java\org\jfree\chart\renderer\xy\XYStepRendererTest.java,XYStepRendererTest.java,XYStepRendererTest,testDrawWithNullValue,1,0,void,public,true,true,true,true
C:\Users\simon\Documents\Code\thesis-code\jfreechart-master\src\test\java\org\jfree\chart\renderer\xy\YIntervalRendererTest.java,YIntervalRendererTest.java,YIntervalRendererTest,testEquals,51,0,void,public,true,true,true,true
C:\Users\simon\Documents\Code\thesis-code\jfreechart-master\src\test\java\org\jfree\chart\renderer\xy\YIntervalRendererTest.java,YIntervalRendererTest.java,YIntervalRendererTest,testHashcode,6,0,void,public,true,true,true,true
C:\Users\simon\Documents\Code\thesis-code\jfreechart-master\src\test\java\org\jfree\chart\renderer\xy\YIntervalRendererTest.java,YIntervalRendererTest.java,YIntervalRendererTest,testCloning,21,0,void,public,true,true,true,true
C:\Users\simon\Documents\Code\thesis-code\jfreechart-master\src\test\java\org\jfree\chart\renderer\xy\YIntervalRendererTest.java,YIntervalRendererTest.java,YIntervalRendererTest,testPublicCloneable,2,0,void,public,true,true,true,true
C:\Users\simon\Documents\Code\thesis-code\jfreechart-master\src\test\java\org\jfree\chart\renderer\xy\YIntervalRendererTest.java,YIntervalRendererTest.java,YIntervalRendererTest,testSerialization,3,0,void,public,true,true,true,true
C:\Users\simon\Documents\Code\thesis-code\jfreechart-master\src\test\java\org\jfree\chart\renderer\xy\YIntervalRendererTest.java,YIntervalRendererTest.java,YIntervalRendererTest,testGetLegendItemSeriesIndex,25,0,void,public,true,true,true,true
C:\Users\simon\Documents\Code\thesis-code\jfreechart-master\src\test\java\org\jfree\chart\ScatterPlotTest.java,ScatterPlotTest.java,LocalListener,setUp,1,0,void,public,false,false,true,false
C:\Users\simon\Documents\Code\thesis-code\jfreechart-master\src\test\java\org\jfree\chart\ScatterPlotTest.java,ScatterPlotTest.java,LocalListener,testDrawWithNullInfo,1,0,void,public,true,true,true,false
C:\Users\simon\Documents\Code\thesis-code\jfreechart-master\src\test\java\org\jfree\chart\ScatterPlotTest.java,ScatterPlotTest.java,LocalListener,testReplaceDataset,14,0,void,public,true,true,true,false
C:\Users\simon\Documents\Code\thesis-code\jfreechart-master\src\test\java\org\jfree\chart\ScatterPlotTest.java,ScatterPlotTest.java,LocalListener,testSetSeriesToolTipGenerator,6,0,void,public,true,true,true,false
C:\Users\simon\Documents\Code\thesis-code\jfreechart-master\src\test\java\org\jfree\chart\ScatterPlotTest.java,ScatterPlotTest.java,LocalListener,createChart,6,0,JFreeChart,private; static,false,false,true,false
C:\Users\simon\Documents\Code\thesis-code\jfreechart-master\src\test\java\org\jfree\chart\ScatterPlotTest.java,ScatterPlotTest.java,LocalListener,chartChanged,1,1,void,public,false,false,true,false
C:\Users\simon\Documents\Code\thesis-code\jfreechart-master\src\test\java\org\jfree\chart\StackedAreaChartTest.java,StackedAreaChartTest.java,LocalListener,setUp,1,0,void,public,false,false,true,false
C:\Users\simon\Documents\Code\thesis-code\jfreechart-master\src\test\java\org\jfree\chart\StackedAreaChartTest.java,StackedAreaChartTest.java,LocalListener,testDrawWithNullInfo,1,0,void,public,true,true,true,false
C:\Users\simon\Documents\Code\thesis-code\jfreechart-master\src\test\java\org\jfree\chart\StackedAreaChartTest.java,StackedAreaChartTest.java,LocalListener,testReplaceDataset,11,0,void,public,true,true,true,false
C:\Users\simon\Documents\Code\thesis-code\jfreechart-master\src\test\java\org\jfree\chart\StackedAreaChartTest.java,StackedAreaChartTest.java,LocalListener,testSetSeriesToolTipGenerator,6,0,void,public,true,true,true,false
C:\Users\simon\Documents\Code\thesis-code\jfreechart-master\src\test\java\org\jfree\chart\StackedAreaChartTest.java,StackedAreaChartTest.java,LocalListener,testSetSeriesURLGenerator,6,0,void,public,true,true,true,false
C:\Users\simon\Documents\Code\thesis-code\jfreechart-master\src\test\java\org\jfree\chart\StackedAreaChartTest.java,StackedAreaChartTest.java,LocalListener,createChart,3,0,JFreeChart,private; static,false,false,true,false
C:\Users\simon\Documents\Code\thesis-code\jfreechart-master\src\test\java\org\jfree\chart\StackedAreaChartTest.java,StackedAreaChartTest.java,LocalListener,chartChanged,1,1,void,public,false,false,true,false
C:\Users\simon\Documents\Code\thesis-code\jfreechart-master\src\test\java\org\jfree\chart\StackedBarChartTest.java,StackedBarChartTest.java,LocalListener,setUp,1,0,void,public,false,false,true,false
C:\Users\simon\Documents\Code\thesis-code\jfreechart-master\src\test\java\org\jfree\chart\StackedBarChartTest.java,StackedBarChartTest.java,LocalListener,testDrawWithNullInfo,1,0,void,public,true,true,true,false
C:\Users\simon\Documents\Code\thesis-code\jfreechart-master\src\test\java\org\jfree\chart\StackedBarChartTest.java,StackedBarChartTest.java,LocalListener,testReplaceDataset,11,0,void,public,true,true,true,false
C:\Users\simon\Documents\Code\thesis-code\jfreechart-master\src\test\java\org\jfree\chart\StackedBarChartTest.java,StackedBarChartTest.java,LocalListener,testSetSeriesToolTipGenerator,6,0,void,public,true,true,true,false
C:\Users\simon\Documents\Code\thesis-code\jfreechart-master\src\test\java\org\jfree\chart\StackedBarChartTest.java,StackedBarChartTest.java,LocalListener,testSetSeriesURLGenerator,6,0,void,public,true,true,true,false
C:\Users\simon\Documents\Code\thesis-code\jfreechart-master\src\test\java\org\jfree\chart\StackedBarChartTest.java,StackedBarChartTest.java,LocalListener,createChart,3,0,JFreeChart,private; static,false,false,true,false
C:\Users\simon\Documents\Code\thesis-code\jfreechart-master\src\test\java\org\jfree\chart\StackedBarChartTest.java,StackedBarChartTest.java,LocalListener,chartChanged,1,1,void,public,false,false,true,false
C:\Users\simon\Documents\Code\thesis-code\jfreechart-master\src\test\java\org\jfree\chart\StandardChartThemeTest.java,StandardChartThemeTest.java,StandardChartThemeTest,testEquals,115,0,void,public,true,true,true,true
C:\Users\simon\Documents\Code\thesis-code\jfreechart-master\src\test\java\org\jfree\chart\StandardChartThemeTest.java,StandardChartThemeTest.java,StandardChartThemeTest,testSerialization,3,0,void,public,true,true,true,true
C:\Users\simon\Documents\Code\thesis-code\jfreechart-master\src\test\java\org\jfree\chart\StandardChartThemeTest.java,StandardChartThemeTest.java,StandardChartThemeTest,testCloning,5,0,void,public,true,true,true,true
C:\Users\simon\Documents\Code\thesis-code\jfreechart-master\src\test\java\org\jfree\chart\swing\ChartPanelTest.java,ChartPanelTest.java,ChartPanelTest,checkForHeadlessEnvironment,2,0,void,public,false,false,true,true
C:\Users\simon\Documents\Code\thesis-code\jfreechart-master\src\test\java\org\jfree\chart\swing\ChartPanelTest.java,ChartPanelTest.java,ChartPanelTest,chartChanged,1,1,void,public,false,false,true,true
C:\Users\simon\Documents\Code\thesis-code\jfreechart-master\src\test\java\org\jfree\chart\swing\ChartPanelTest.java,ChartPanelTest.java,ChartPanelTest,testConstructor1,2,0,void,public,true,true,true,true
C:\Users\simon\Documents\Code\thesis-code\jfreechart-master\src\test\java\org\jfree\chart\swing\ChartPanelTest.java,ChartPanelTest.java,ChartPanelTest,testSetChart,4,0,void,public,true,true,true,true
C:\Users\simon\Documents\Code\thesis-code\jfreechart-master\src\test\java\org\jfree\chart\swing\ChartPanelTest.java,ChartPanelTest.java,ChartPanelTest,testGetListeners,11,0,void,public,true,true,true,true
C:\Users\simon\Documents\Code\thesis-code\jfreechart-master\src\test\java\org\jfree\chart\swing\ChartPanelTest.java,ChartPanelTest.java,ChartPanelTest,chartMouseClicked,0,1,void,public,false,false,true,true
C:\Users\simon\Documents\Code\thesis-code\jfreechart-master\src\test\java\org\jfree\chart\swing\ChartPanelTest.java,ChartPanelTest.java,ChartPanelTest,chartMouseMoved,0,1,void,public,false,false,true,true
C:\Users\simon\Documents\Code\thesis-code\jfreechart-master\src\test\java\org\jfree\chart\swing\ChartPanelTest.java,ChartPanelTest.java,ChartPanelTest,test2502355_zoom,7,0,void,public,true,true,true,true
C:\Users\simon\Documents\Code\thesis-code\jfreechart-master\src\test\java\org\jfree\chart\swing\ChartPanelTest.java,ChartPanelTest.java,ChartPanelTest,test2502355_zoomInBoth,7,0,void,public,true,true,true,true
C:\Users\simon\Documents\Code\thesis-code\jfreechart-master\src\test\java\org\jfree\chart\swing\ChartPanelTest.java,ChartPanelTest.java,ChartPanelTest,test2502355_zoomOutBoth,7,0,void,public,true,true,true,true
C:\Users\simon\Documents\Code\thesis-code\jfreechart-master\src\test\java\org\jfree\chart\swing\ChartPanelTest.java,ChartPanelTest.java,ChartPanelTest,test2502355_restoreAutoBounds,7,0,void,public,true,true,true,true
C:\Users\simon\Documents\Code\thesis-code\jfreechart-master\src\test\java\org\jfree\chart\swing\ChartPanelTest.java,ChartPanelTest.java,ChartPanelTest,test2502355_zoomInDomain,9,0,void,public,true,true,true,true
C:\Users\simon\Documents\Code\thesis-code\jfreechart-master\src\test\java\org\jfree\chart\swing\ChartPanelTest.java,ChartPanelTest.java,ChartPanelTest,test2502355_zoomInRange,9,0,void,public,true,true,true,true
C:\Users\simon\Documents\Code\thesis-code\jfreechart-master\src\test\java\org\jfree\chart\swing\ChartPanelTest.java,ChartPanelTest.java,ChartPanelTest,test2502355_zoomOutDomain,9,0,void,public,true,true,true,true
C:\Users\simon\Documents\Code\thesis-code\jfreechart-master\src\test\java\org\jfree\chart\swing\ChartPanelTest.java,ChartPanelTest.java,ChartPanelTest,test2502355_zoomOutRange,9,0,void,public,true,true,true,true
C:\Users\simon\Documents\Code\thesis-code\jfreechart-master\src\test\java\org\jfree\chart\swing\ChartPanelTest.java,ChartPanelTest.java,ChartPanelTest,test2502355_restoreAutoDomainBounds,9,0,void,public,true,true,true,true
C:\Users\simon\Documents\Code\thesis-code\jfreechart-master\src\test\java\org\jfree\chart\swing\ChartPanelTest.java,ChartPanelTest.java,ChartPanelTest,test2502355_restoreAutoRangeBounds,9,0,void,public,true,true,true,true
C:\Users\simon\Documents\Code\thesis-code\jfreechart-master\src\test\java\org\jfree\chart\swing\ChartPanelTest.java,ChartPanelTest.java,ChartPanelTest,testSetMouseWheelEnabled,9,0,void,public,true,true,true,true
C:\Users\simon\Documents\Code\thesis-code\jfreechart-master\src\test\java\org\jfree\chart\swing\ChartPanelTest.java,ChartPanelTest.java,ChartPanelTest,testSerialization,14,0,void,public,true,true,true,true
C:\Users\simon\Documents\Code\thesis-code\jfreechart-master\src\test\java\org\jfree\chart\swing\CrosshairOverlayTest.java,CrosshairOverlayTest.java,CrosshairOverlayTest,testEquals,3,0,void,public,true,true,true,true
C:\Users\simon\Documents\Code\thesis-code\jfreechart-master\src\test\java\org\jfree\chart\swing\CrosshairOverlayTest.java,CrosshairOverlayTest.java,CrosshairOverlayTest,testSerialization,5,0,void,public,true,true,true,true
C:\Users\simon\Documents\Code\thesis-code\jfreechart-master\src\test\java\org\jfree\chart\swing\CrosshairOverlayTest.java,CrosshairOverlayTest.java,CrosshairOverlayTest,testCloning,10,0,void,public,true,true,true,true
C:\Users\simon\Documents\Code\thesis-code\jfreechart-master\src\test\java\org\jfree\chart\TestUtils.java,TestUtils.java,TestUtils,containsInstanceOf,2,2,boolean,public; static,false,false,true,true
C:\Users\simon\Documents\Code\thesis-code\jfreechart-master\src\test\java\org\jfree\chart\TestUtils.java,TestUtils.java,TestUtils,serialised,5,1,K,public; static,false,false,true,true
C:\Users\simon\Documents\Code\thesis-code\jfreechart-master\src\test\java\org\jfree\chart\TestUtils.java,TestUtils.java,TestUtils,checkIndependence,65,2,void,public; static,false,false,true,true
C:\Users\simon\Documents\Code\thesis-code\jfreechart-master\src\test\java\org\jfree\chart\text\format\HMSNumberFormatTest.java,HMSNumberFormatTest.java,HMSNumberFormatTest,testGeneral,7,0,void,public,true,true,true,true
C:\Users\simon\Documents\Code\thesis-code\jfreechart-master\src\test\java\org\jfree\chart\text\format\LogFormatTest.java,LogFormatTest.java,LogFormatTest,testEquals,19,0,void,public,true,true,true,true
C:\Users\simon\Documents\Code\thesis-code\jfreechart-master\src\test\java\org\jfree\chart\text\format\LogFormatTest.java,LogFormatTest.java,LogFormatTest,testHashcode,6,0,void,public,true,true,true,true
C:\Users\simon\Documents\Code\thesis-code\jfreechart-master\src\test\java\org\jfree\chart\text\format\LogFormatTest.java,LogFormatTest.java,LogFormatTest,testCloning,5,0,void,public,true,true,true,true
C:\Users\simon\Documents\Code\thesis-code\jfreechart-master\src\test\java\org\jfree\chart\text\format\LogFormatTest.java,LogFormatTest.java,LogFormatTest,testSerialization,3,0,void,public,true,true,true,true
C:\Users\simon\Documents\Code\thesis-code\jfreechart-master\src\test\java\org\jfree\chart\text\format\RelativeDateFormatTest.java,RelativeDateFormatTest.java,RelativeDateFormatTest,setUp,2,0,void,public; static,false,false,true,true
C:\Users\simon\Documents\Code\thesis-code\jfreechart-master\src\test\java\org\jfree\chart\text\format\RelativeDateFormatTest.java,RelativeDateFormatTest.java,RelativeDateFormatTest,tearDown,1,0,void,public; static,false,false,true,true
C:\Users\simon\Documents\Code\thesis-code\jfreechart-master\src\test\java\org\jfree\chart\text\format\RelativeDateFormatTest.java,RelativeDateFormatTest.java,RelativeDateFormatTest,testFormat,3,0,void,public,true,true,true,true
C:\Users\simon\Documents\Code\thesis-code\jfreechart-master\src\test\java\org\jfree\chart\text\format\RelativeDateFormatTest.java,RelativeDateFormatTest.java,RelativeDateFormatTest,test2033092,23,0,void,public,true,true,true,true
C:\Users\simon\Documents\Code\thesis-code\jfreechart-master\src\test\java\org\jfree\chart\text\format\RelativeDateFormatTest.java,RelativeDateFormatTest.java,RelativeDateFormatTest,testEquals,43,0,void,public,true,true,true,true
C:\Users\simon\Documents\Code\thesis-code\jfreechart-master\src\test\java\org\jfree\chart\text\format\RelativeDateFormatTest.java,RelativeDateFormatTest.java,RelativeDateFormatTest,testHashCode,6,0,void,public,true,true,true,true
C:\Users\simon\Documents\Code\thesis-code\jfreechart-master\src\test\java\org\jfree\chart\text\format\RelativeDateFormatTest.java,RelativeDateFormatTest.java,RelativeDateFormatTest,testCloning,9,0,void,public,true,true,true,true
C:\Users\simon\Documents\Code\thesis-code\jfreechart-master\src\test\java\org\jfree\chart\text\format\RelativeDateFormatTest.java,RelativeDateFormatTest.java,RelativeDateFormatTest,testNegative,4,0,void,public,true,true,true,true
C:\Users\simon\Documents\Code\thesis-code\jfreechart-master\src\test\java\org\jfree\chart\TimeSeriesChartTest.java,TimeSeriesChartTest.java,LocalListener,setUp,1,0,void,public,false,false,true,false
C:\Users\simon\Documents\Code\thesis-code\jfreechart-master\src\test\java\org\jfree\chart\TimeSeriesChartTest.java,TimeSeriesChartTest.java,LocalListener,testDrawWithNullInfo,1,0,void,public,true,true,true,false
C:\Users\simon\Documents\Code\thesis-code\jfreechart-master\src\test\java\org\jfree\chart\TimeSeriesChartTest.java,TimeSeriesChartTest.java,LocalListener,testReplaceDataset,14,0,void,public,true,true,true,false
C:\Users\simon\Documents\Code\thesis-code\jfreechart-master\src\test\java\org\jfree\chart\TimeSeriesChartTest.java,TimeSeriesChartTest.java,LocalListener,testSetSeriesToolTipGenerator,6,0,void,public,true,true,true,false
C:\Users\simon\Documents\Code\thesis-code\jfreechart-master\src\test\java\org\jfree\chart\TimeSeriesChartTest.java,TimeSeriesChartTest.java,LocalListener,createChart,6,0,JFreeChart,private; static,false,false,true,false
C:\Users\simon\Documents\Code\thesis-code\jfreechart-master\src\test\java\org\jfree\chart\TimeSeriesChartTest.java,TimeSeriesChartTest.java,LocalListener,chartChanged,1,1,void,public,false,false,true,false
C:\Users\simon\Documents\Code\thesis-code\jfreechart-master\src\test\java\org\jfree\chart\title\CompositeTitleTest.java,CompositeTitleTest.java,CompositeTitleTest,testConstructor,2,0,void,public,true,true,true,true
C:\Users\simon\Documents\Code\thesis-code\jfreechart-master\src\test\java\org\jfree\chart\title\CompositeTitleTest.java,CompositeTitleTest.java,CompositeTitleTest,testEquals,24,0,void,public,true,true,true,true
C:\Users\simon\Documents\Code\thesis-code\jfreechart-master\src\test\java\org\jfree\chart\title\CompositeTitleTest.java,CompositeTitleTest.java,CompositeTitleTest,testHashcode,8,0,void,public,true,true,true,true
C:\Users\simon\Documents\Code\thesis-code\jfreechart-master\src\test\java\org\jfree\chart\title\CompositeTitleTest.java,CompositeTitleTest.java,CompositeTitleTest,testCloning,8,0,void,public,true,true,true,true
C:\Users\simon\Documents\Code\thesis-code\jfreechart-master\src\test\java\org\jfree\chart\title\CompositeTitleTest.java,CompositeTitleTest.java,CompositeTitleTest,testSerialization,5,0,void,public,true,true,true,true
C:\Users\simon\Documents\Code\thesis-code\jfreechart-master\src\test\java\org\jfree\chart\title\DateTitleTest.java,DateTitleTest.java,DateTitleTest,testEquals,20,0,void,public,true,true,true,true
C:\Users\simon\Documents\Code\thesis-code\jfreechart-master\src\test\java\org\jfree\chart\title\DateTitleTest.java,DateTitleTest.java,DateTitleTest,testHashcode,6,0,void,public,true,true,true,true
C:\Users\simon\Documents\Code\thesis-code\jfreechart-master\src\test\java\org\jfree\chart\title\DateTitleTest.java,DateTitleTest.java,DateTitleTest,testCloning,5,0,void,public,true,true,true,true
C:\Users\simon\Documents\Code\thesis-code\jfreechart-master\src\test\java\org\jfree\chart\title\DateTitleTest.java,DateTitleTest.java,DateTitleTest,testSerialization,3,0,void,public,true,true,true,true
C:\Users\simon\Documents\Code\thesis-code\jfreechart-master\src\test\java\org\jfree\chart\title\ImageTitleTest.java,ImageTitleTest.java,ImageTitleTest,testSerialization,0,0,void,public,false,true,true,true
C:\Users\simon\Documents\Code\thesis-code\jfreechart-master\src\test\java\org\jfree\chart\title\ShortTextTitleTest.java,ShortTextTitleTest.java,ShortTextTitleTest,testEquals,7,0,void,public,true,true,true,true
C:\Users\simon\Documents\Code\thesis-code\jfreechart-master\src\test\java\org\jfree\chart\title\ShortTextTitleTest.java,ShortTextTitleTest.java,ShortTextTitleTest,testHashcode,6,0,void,public,true,true,true,true
C:\Users\simon\Documents\Code\thesis-code\jfreechart-master\src\test\java\org\jfree\chart\title\ShortTextTitleTest.java,ShortTextTitleTest.java,ShortTextTitleTest,testCloning,5,0,void,public,true,true,true,true
C:\Users\simon\Documents\Code\thesis-code\jfreechart-master\src\test\java\org\jfree\chart\title\ShortTextTitleTest.java,ShortTextTitleTest.java,ShortTextTitleTest,testSerialization,3,0,void,public,true,true,true,true
C:\Users\simon\Documents\Code\thesis-code\jfreechart-master\src\test\java\org\jfree\chart\title\TextTitleTest.java,TextTitleTest.java,TextTitleTest,testEquals,40,0,void,public,true,true,true,true
C:\Users\simon\Documents\Code\thesis-code\jfreechart-master\src\test\java\org\jfree\chart\title\TextTitleTest.java,TextTitleTest.java,TextTitleTest,testHashcode,6,0,void,public,true,true,true,true
C:\Users\simon\Documents\Code\thesis-code\jfreechart-master\src\test\java\org\jfree\chart\title\TextTitleTest.java,TextTitleTest.java,TextTitleTest,testCloning,5,0,void,public,true,true,true,true
C:\Users\simon\Documents\Code\thesis-code\jfreechart-master\src\test\java\org\jfree\chart\title\TextTitleTest.java,TextTitleTest.java,TextTitleTest,testSerialization,3,0,void,public,true,true,true,true
C:\Users\simon\Documents\Code\thesis-code\jfreechart-master\src\test\java\org\jfree\chart\title\TitleTest.java,TitleTest.java,TitleTest,testEquals,19,0,void,public,true,true,true,true
C:\Users\simon\Documents\Code\thesis-code\jfreechart-master\src\test\java\org\jfree\chart\title\TitleTest.java,TitleTest.java,TitleTest,testHashcode,6,0,void,public,true,true,true,true
C:\Users\simon\Documents\Code\thesis-code\jfreechart-master\src\test\java\org\jfree\chart\urls\CustomCategoryURLGeneratorTest.java,CustomCategoryURLGeneratorTest.java,CustomCategoryURLGeneratorTest,testEquals,15,0,void,public,true,true,true,true
C:\Users\simon\Documents\Code\thesis-code\jfreechart-master\src\test\java\org\jfree\chart\urls\CustomCategoryURLGeneratorTest.java,CustomCategoryURLGeneratorTest.java,CustomCategoryURLGeneratorTest,testCloning,16,0,void,public,true,true,true,true
C:\Users\simon\Documents\Code\thesis-code\jfreechart-master\src\test\java\org\jfree\chart\urls\CustomCategoryURLGeneratorTest.java,CustomCategoryURLGeneratorTest.java,CustomCategoryURLGeneratorTest,testPublicCloneable,2,0,void,public,true,true,true,true
C:\Users\simon\Documents\Code\thesis-code\jfreechart-master\src\test\java\org\jfree\chart\urls\CustomCategoryURLGeneratorTest.java,CustomCategoryURLGeneratorTest.java,CustomCategoryURLGeneratorTest,testSerialization,13,0,void,public,true,true,true,true
C:\Users\simon\Documents\Code\thesis-code\jfreechart-master\src\test\java\org\jfree\chart\urls\CustomCategoryURLGeneratorTest.java,CustomCategoryURLGeneratorTest.java,CustomCategoryURLGeneratorTest,testAddURLSeries,13,0,void,public,true,true,true,true
C:\Users\simon\Documents\Code\thesis-code\jfreechart-master\src\test\java\org\jfree\chart\urls\CustomPieURLGeneratorTest.java,CustomPieURLGeneratorTest.java,CustomPieURLGeneratorTest,testEquals,9,0,void,public,true,true,true,true
C:\Users\simon\Documents\Code\thesis-code\jfreechart-master\src\test\java\org\jfree\chart\urls\CustomPieURLGeneratorTest.java,CustomPieURLGeneratorTest.java,CustomPieURLGeneratorTest,testCloning,12,0,void,public,true,true,true,true
C:\Users\simon\Documents\Code\thesis-code\jfreechart-master\src\test\java\org\jfree\chart\urls\CustomPieURLGeneratorTest.java,CustomPieURLGeneratorTest.java,CustomPieURLGeneratorTest,testPublicCloneable,2,0,void,public,true,true,true,true
C:\Users\simon\Documents\Code\thesis-code\jfreechart-master\src\test\java\org\jfree\chart\urls\CustomPieURLGeneratorTest.java,CustomPieURLGeneratorTest.java,CustomPieURLGeneratorTest,testSerialization,6,0,void,public,true,true,true,true
C:\Users\simon\Documents\Code\thesis-code\jfreechart-master\src\test\java\org\jfree\chart\urls\CustomXYURLGeneratorTest.java,CustomXYURLGeneratorTest.java,CustomXYURLGeneratorTest,testEquals,15,0,void,public,true,true,true,true
C:\Users\simon\Documents\Code\thesis-code\jfreechart-master\src\test\java\org\jfree\chart\urls\CustomXYURLGeneratorTest.java,CustomXYURLGeneratorTest.java,CustomXYURLGeneratorTest,testCloning,16,0,void,public,true,true,true,true
C:\Users\simon\Documents\Code\thesis-code\jfreechart-master\src\test\java\org\jfree\chart\urls\CustomXYURLGeneratorTest.java,CustomXYURLGeneratorTest.java,CustomXYURLGeneratorTest,testPublicCloneable,2,0,void,public,true,true,true,true
C:\Users\simon\Documents\Code\thesis-code\jfreechart-master\src\test\java\org\jfree\chart\urls\CustomXYURLGeneratorTest.java,CustomXYURLGeneratorTest.java,CustomXYURLGeneratorTest,testSerialization,13,0,void,public,true,true,true,true
C:\Users\simon\Documents\Code\thesis-code\jfreechart-master\src\test\java\org\jfree\chart\urls\CustomXYURLGeneratorTest.java,CustomXYURLGeneratorTest.java,CustomXYURLGeneratorTest,testAddURLSeries,13,0,void,public,true,true,true,true
C:\Users\simon\Documents\Code\thesis-code\jfreechart-master\src\test\java\org\jfree\chart\urls\StandardCategoryURLGeneratorTest.java,StandardCategoryURLGeneratorTest.java,StandardCategoryURLGeneratorTest,testGenerateURL,9,0,void,public,true,true,true,true
C:\Users\simon\Documents\Code\thesis-code\jfreechart-master\src\test\java\org\jfree\chart\urls\StandardCategoryURLGeneratorTest.java,StandardCategoryURLGeneratorTest.java,StandardCategoryURLGeneratorTest,testPublicCloneable,2,0,void,public,true,true,true,true
C:\Users\simon\Documents\Code\thesis-code\jfreechart-master\src\test\java\org\jfree\chart\urls\StandardCategoryURLGeneratorTest.java,StandardCategoryURLGeneratorTest.java,StandardCategoryURLGeneratorTest,testEquals,15,0,void,public,true,true,true,true
C:\Users\simon\Documents\Code\thesis-code\jfreechart-master\src\test\java\org\jfree\chart\urls\StandardCategoryURLGeneratorTest.java,StandardCategoryURLGeneratorTest.java,StandardCategoryURLGeneratorTest,testSerialization,3,0,void,public,true,true,true,true
C:\Users\simon\Documents\Code\thesis-code\jfreechart-master\src\test\java\org\jfree\chart\urls\StandardPieURLGeneratorTest.java,StandardPieURLGeneratorTest.java,StandardPieURLGeneratorTest,testEquals,23,0,void,public,true,true,true,true
C:\Users\simon\Documents\Code\thesis-code\jfreechart-master\src\test\java\org\jfree\chart\urls\StandardPieURLGeneratorTest.java,StandardPieURLGeneratorTest.java,StandardPieURLGeneratorTest,testPublicCloneable,2,0,void,public,true,true,true,true
C:\Users\simon\Documents\Code\thesis-code\jfreechart-master\src\test\java\org\jfree\chart\urls\StandardPieURLGeneratorTest.java,StandardPieURLGeneratorTest.java,StandardPieURLGeneratorTest,testSerialization,3,0,void,public,true,true,true,true
C:\Users\simon\Documents\Code\thesis-code\jfreechart-master\src\test\java\org\jfree\chart\urls\StandardPieURLGeneratorTest.java,StandardPieURLGeneratorTest.java,StandardPieURLGeneratorTest,testURL,8,0,void,public,true,true,true,true
C:\Users\simon\Documents\Code\thesis-code\jfreechart-master\src\test\java\org\jfree\chart\urls\StandardXYURLGeneratorTest.java,StandardXYURLGeneratorTest.java,StandardXYURLGeneratorTest,testSerialization,3,0,void,public,true,true,true,true
C:\Users\simon\Documents\Code\thesis-code\jfreechart-master\src\test\java\org\jfree\chart\urls\StandardXYURLGeneratorTest.java,StandardXYURLGeneratorTest.java,StandardXYURLGeneratorTest,testPublicCloneable,2,0,void,public,true,true,true,true
C:\Users\simon\Documents\Code\thesis-code\jfreechart-master\src\test\java\org\jfree\chart\urls\TimeSeriesURLGeneratorTest.java,TimeSeriesURLGeneratorTest.java,TimeSeriesURLGeneratorTest,testGenerateURL,5,0,void,public,true,true,true,true
C:\Users\simon\Documents\Code\thesis-code\jfreechart-master\src\test\java\org\jfree\chart\urls\TimeSeriesURLGeneratorTest.java,TimeSeriesURLGeneratorTest.java,TimeSeriesURLGeneratorTest,testEquals,23,0,void,public,true,true,true,true
C:\Users\simon\Documents\Code\thesis-code\jfreechart-master\src\test\java\org\jfree\chart\urls\TimeSeriesURLGeneratorTest.java,TimeSeriesURLGeneratorTest.java,TimeSeriesURLGeneratorTest,testSerialization,3,0,void,public,true,true,true,true
C:\Users\simon\Documents\Code\thesis-code\jfreechart-master\src\test\java\org\jfree\chart\urls\TimeSeriesURLGeneratorTest.java,TimeSeriesURLGeneratorTest.java,TimeSeriesURLGeneratorTest,testPublicCloneable,2,0,void,public,true,true,true,true
C:\Users\simon\Documents\Code\thesis-code\jfreechart-master\src\test\java\org\jfree\chart\WaterfallChartTest.java,WaterfallChartTest.java,WaterfallChartTest,setUp,1,0,void,public,false,false,true,true
C:\Users\simon\Documents\Code\thesis-code\jfreechart-master\src\test\java\org\jfree\chart\WaterfallChartTest.java,WaterfallChartTest.java,WaterfallChartTest,testDrawWithNullInfo,1,0,void,public,true,true,true,true
C:\Users\simon\Documents\Code\thesis-code\jfreechart-master\src\test\java\org\jfree\chart\WaterfallChartTest.java,WaterfallChartTest.java,WaterfallChartTest,testSetSeriesToolTipGenerator,6,0,void,public,true,true,true,true
C:\Users\simon\Documents\Code\thesis-code\jfreechart-master\src\test\java\org\jfree\chart\WaterfallChartTest.java,WaterfallChartTest.java,WaterfallChartTest,testSetSeriesURLGenerator,6,0,void,public,true,true,true,true
C:\Users\simon\Documents\Code\thesis-code\jfreechart-master\src\test\java\org\jfree\chart\WaterfallChartTest.java,WaterfallChartTest.java,WaterfallChartTest,createWaterfallChart,3,0,JFreeChart,private; static,false,false,true,true
C:\Users\simon\Documents\Code\thesis-code\jfreechart-master\src\test\java\org\jfree\chart\XYAreaChartTest.java,XYAreaChartTest.java,LocalListener,setUp,1,0,void,public,false,false,true,false
C:\Users\simon\Documents\Code\thesis-code\jfreechart-master\src\test\java\org\jfree\chart\XYAreaChartTest.java,XYAreaChartTest.java,LocalListener,testDrawWithNullInfo,1,0,void,public,true,true,true,false
C:\Users\simon\Documents\Code\thesis-code\jfreechart-master\src\test\java\org\jfree\chart\XYAreaChartTest.java,XYAreaChartTest.java,LocalListener,testReplaceDataset,14,0,void,public,true,true,true,false
C:\Users\simon\Documents\Code\thesis-code\jfreechart-master\src\test\java\org\jfree\chart\XYAreaChartTest.java,XYAreaChartTest.java,LocalListener,testSetSeriesToolTipGenerator,6,0,void,public,true,true,true,false
C:\Users\simon\Documents\Code\thesis-code\jfreechart-master\src\test\java\org\jfree\chart\XYAreaChartTest.java,XYAreaChartTest.java,LocalListener,createChart,6,0,JFreeChart,private; static,false,false,true,false
C:\Users\simon\Documents\Code\thesis-code\jfreechart-master\src\test\java\org\jfree\chart\XYAreaChartTest.java,XYAreaChartTest.java,LocalListener,chartChanged,1,1,void,public,false,false,true,false
C:\Users\simon\Documents\Code\thesis-code\jfreechart-master\src\test\java\org\jfree\chart\XYBarChartTest.java,XYBarChartTest.java,LocalListener,setUp,1,0,void,public,false,false,true,false
C:\Users\simon\Documents\Code\thesis-code\jfreechart-master\src\test\java\org\jfree\chart\XYBarChartTest.java,XYBarChartTest.java,LocalListener,testDrawWithNullInfo,1,0,void,public,true,true,true,false
C:\Users\simon\Documents\Code\thesis-code\jfreechart-master\src\test\java\org\jfree\chart\XYBarChartTest.java,XYBarChartTest.java,LocalListener,testReplaceDataset,14,0,void,public,true,true,true,false
C:\Users\simon\Documents\Code\thesis-code\jfreechart-master\src\test\java\org\jfree\chart\XYBarChartTest.java,XYBarChartTest.java,LocalListener,testSetSeriesToolTipGenerator,6,0,void,public,true,true,true,false
C:\Users\simon\Documents\Code\thesis-code\jfreechart-master\src\test\java\org\jfree\chart\XYBarChartTest.java,XYBarChartTest.java,LocalListener,createChart,6,0,JFreeChart,private; static,false,false,true,false
C:\Users\simon\Documents\Code\thesis-code\jfreechart-master\src\test\java\org\jfree\chart\XYBarChartTest.java,XYBarChartTest.java,LocalListener,chartChanged,1,1,void,public,false,false,true,false
C:\Users\simon\Documents\Code\thesis-code\jfreechart-master\src\test\java\org\jfree\chart\XYLineChartTest.java,XYLineChartTest.java,LocalListener,setUp,1,0,void,public,false,false,true,false
C:\Users\simon\Documents\Code\thesis-code\jfreechart-master\src\test\java\org\jfree\chart\XYLineChartTest.java,XYLineChartTest.java,LocalListener,testDrawWithNullInfo,1,0,void,public,true,true,true,false
C:\Users\simon\Documents\Code\thesis-code\jfreechart-master\src\test\java\org\jfree\chart\XYLineChartTest.java,XYLineChartTest.java,LocalListener,testReplaceDataset,14,0,void,public,true,true,true,false
C:\Users\simon\Documents\Code\thesis-code\jfreechart-master\src\test\java\org\jfree\chart\XYLineChartTest.java,XYLineChartTest.java,LocalListener,testSetSeriesToolTipGenerator,6,0,void,public,true,true,true,false
C:\Users\simon\Documents\Code\thesis-code\jfreechart-master\src\test\java\org\jfree\chart\XYLineChartTest.java,XYLineChartTest.java,LocalListener,createChart,6,0,JFreeChart,private; static,false,false,true,false
C:\Users\simon\Documents\Code\thesis-code\jfreechart-master\src\test\java\org\jfree\chart\XYLineChartTest.java,XYLineChartTest.java,LocalListener,chartChanged,1,1,void,public,false,false,true,false
C:\Users\simon\Documents\Code\thesis-code\jfreechart-master\src\test\java\org\jfree\chart\XYStepAreaChartTest.java,XYStepAreaChartTest.java,LocalListener,setUp,1,0,void,public,false,false,true,false
C:\Users\simon\Documents\Code\thesis-code\jfreechart-master\src\test\java\org\jfree\chart\XYStepAreaChartTest.java,XYStepAreaChartTest.java,LocalListener,testDrawWithNullInfo,1,0,void,public,true,true,true,false
C:\Users\simon\Documents\Code\thesis-code\jfreechart-master\src\test\java\org\jfree\chart\XYStepAreaChartTest.java,XYStepAreaChartTest.java,LocalListener,testReplaceDataset,14,0,void,public,true,true,true,false
C:\Users\simon\Documents\Code\thesis-code\jfreechart-master\src\test\java\org\jfree\chart\XYStepAreaChartTest.java,XYStepAreaChartTest.java,LocalListener,testSetSeriesToolTipGenerator,6,0,void,public,true,true,true,false
C:\Users\simon\Documents\Code\thesis-code\jfreechart-master\src\test\java\org\jfree\chart\XYStepAreaChartTest.java,XYStepAreaChartTest.java,LocalListener,createChart,6,0,JFreeChart,private; static,false,false,true,false
C:\Users\simon\Documents\Code\thesis-code\jfreechart-master\src\test\java\org\jfree\chart\XYStepAreaChartTest.java,XYStepAreaChartTest.java,LocalListener,chartChanged,1,1,void,public,false,false,true,false
C:\Users\simon\Documents\Code\thesis-code\jfreechart-master\src\test\java\org\jfree\chart\XYStepChartTest.java,XYStepChartTest.java,LocalListener,setUp,1,0,void,public,false,false,true,false
C:\Users\simon\Documents\Code\thesis-code\jfreechart-master\src\test\java\org\jfree\chart\XYStepChartTest.java,XYStepChartTest.java,LocalListener,testDrawWithNullInfo,1,0,void,public,true,true,true,false
C:\Users\simon\Documents\Code\thesis-code\jfreechart-master\src\test\java\org\jfree\chart\XYStepChartTest.java,XYStepChartTest.java,LocalListener,testReplaceDataset,14,0,void,public,true,true,true,false
C:\Users\simon\Documents\Code\thesis-code\jfreechart-master\src\test\java\org\jfree\chart\XYStepChartTest.java,XYStepChartTest.java,LocalListener,testSetSeriesToolTipGenerator,6,0,void,public,true,true,true,false
C:\Users\simon\Documents\Code\thesis-code\jfreechart-master\src\test\java\org\jfree\chart\XYStepChartTest.java,XYStepChartTest.java,LocalListener,createChart,6,0,JFreeChart,private; static,false,false,true,false
C:\Users\simon\Documents\Code\thesis-code\jfreechart-master\src\test\java\org\jfree\chart\XYStepChartTest.java,XYStepChartTest.java,LocalListener,chartChanged,1,1,void,public,false,false,true,false
C:\Users\simon\Documents\Code\thesis-code\jfreechart-master\src\test\java\org\jfree\data\category\CategoryToPieDatasetTest.java,CategoryToPieDatasetTest.java,CategoryToPieDatasetTest,testConstructor,5,0,void,public,true,true,true,true
C:\Users\simon\Documents\Code\thesis-code\jfreechart-master\src\test\java\org\jfree\data\category\CategoryToPieDatasetTest.java,CategoryToPieDatasetTest.java,CategoryToPieDatasetTest,testGetValue,10,0,void,public,true,true,true,true
C:\Users\simon\Documents\Code\thesis-code\jfreechart-master\src\test\java\org\jfree\data\category\CategoryToPieDatasetTest.java,CategoryToPieDatasetTest.java,CategoryToPieDatasetTest,testGetKey,10,0,void,public,true,true,true,true
C:\Users\simon\Documents\Code\thesis-code\jfreechart-master\src\test\java\org\jfree\data\category\CategoryToPieDatasetTest.java,CategoryToPieDatasetTest.java,CategoryToPieDatasetTest,testGetIndex,10,0,void,public,true,true,true,true
C:\Users\simon\Documents\Code\thesis-code\jfreechart-master\src\test\java\org\jfree\data\category\CategoryToPieDatasetTest.java,CategoryToPieDatasetTest.java,CategoryToPieDatasetTest,testEquals,7,0,void,public,true,true,true,true
C:\Users\simon\Documents\Code\thesis-code\jfreechart-master\src\test\java\org\jfree\data\category\CategoryToPieDatasetTest.java,CategoryToPieDatasetTest.java,CategoryToPieDatasetTest,testSerialization,9,0,void,public,true,true,true,true
C:\Users\simon\Documents\Code\thesis-code\jfreechart-master\src\test\java\org\jfree\data\category\DefaultCategoryDatasetTest.java,DefaultCategoryDatasetTest.java,DefaultCategoryDatasetTest,testGetValue,9,0,void,public,true,true,true,true
C:\Users\simon\Documents\Code\thesis-code\jfreechart-master\src\test\java\org\jfree\data\category\DefaultCategoryDatasetTest.java,DefaultCategoryDatasetTest.java,DefaultCategoryDatasetTest,testGetValue2,4,0,void,public,true,true,true,true
C:\Users\simon\Documents\Code\thesis-code\jfreechart-master\src\test\java\org\jfree\data\category\DefaultCategoryDatasetTest.java,DefaultCategoryDatasetTest.java,DefaultCategoryDatasetTest,testIncrementValue,13,0,void,public,true,true,true,true
C:\Users\simon\Documents\Code\thesis-code\jfreechart-master\src\test\java\org\jfree\data\category\DefaultCategoryDatasetTest.java,DefaultCategoryDatasetTest.java,DefaultCategoryDatasetTest,testGetRowCount,10,0,void,public,true,true,true,true
C:\Users\simon\Documents\Code\thesis-code\jfreechart-master\src\test\java\org\jfree\data\category\DefaultCategoryDatasetTest.java,DefaultCategoryDatasetTest.java,DefaultCategoryDatasetTest,testGetColumnCount,10,0,void,public,true,true,true,true
C:\Users\simon\Documents\Code\thesis-code\jfreechart-master\src\test\java\org\jfree\data\category\DefaultCategoryDatasetTest.java,DefaultCategoryDatasetTest.java,DefaultCategoryDatasetTest,testEquals,14,0,void,public,true,true,true,true
C:\Users\simon\Documents\Code\thesis-code\jfreechart-master\src\test\java\org\jfree\data\category\DefaultCategoryDatasetTest.java,DefaultCategoryDatasetTest.java,DefaultCategoryDatasetTest,testSerialization,4,0,void,public,true,true,true,true
C:\Users\simon\Documents\Code\thesis-code\jfreechart-master\src\test\java\org\jfree\data\category\DefaultCategoryDatasetTest.java,DefaultCategoryDatasetTest.java,DefaultCategoryDatasetTest,testAddValue,8,0,void,public,true,true,true,true
C:\Users\simon\Documents\Code\thesis-code\jfreechart-master\src\test\java\org\jfree\data\category\DefaultCategoryDatasetTest.java,DefaultCategoryDatasetTest.java,DefaultCategoryDatasetTest,testRemoveValue,16,0,void,public,true,true,true,true
C:\Users\simon\Documents\Code\thesis-code\jfreechart-master\src\test\java\org\jfree\data\category\DefaultCategoryDatasetTest.java,DefaultCategoryDatasetTest.java,DefaultCategoryDatasetTest,testCloning,15,0,void,public,true,true,true,true
C:\Users\simon\Documents\Code\thesis-code\jfreechart-master\src\test\java\org\jfree\data\category\DefaultCategoryDatasetTest.java,DefaultCategoryDatasetTest.java,DefaultCategoryDatasetTest,testPublicCloneable,2,0,void,public,true,true,true,true
C:\Users\simon\Documents\Code\thesis-code\jfreechart-master\src\test\java\org\jfree\data\category\DefaultCategoryDatasetTest.java,DefaultCategoryDatasetTest.java,DefaultCategoryDatasetTest,testBug1835955,6,0,void,public,true,true,true,true
C:\Users\simon\Documents\Code\thesis-code\jfreechart-master\src\test\java\org\jfree\data\category\DefaultCategoryDatasetTest.java,DefaultCategoryDatasetTest.java,DefaultCategoryDatasetTest,testRemoveColumn,12,0,void,public,true,true,true,true
C:\Users\simon\Documents\Code\thesis-code\jfreechart-master\src\test\java\org\jfree\data\category\DefaultCategoryDatasetTest.java,DefaultCategoryDatasetTest.java,DefaultCategoryDatasetTest,testRemoveRow,12,0,void,public,true,true,true,true
C:\Users\simon\Documents\Code\thesis-code\jfreechart-master\src\test\java\org\jfree\data\category\DefaultIntervalCategoryDatasetTest.java,DefaultIntervalCategoryDatasetTest.java,DefaultIntervalCategoryDatasetTest,testGetValue,25,0,void,public,true,true,true,true
C:\Users\simon\Documents\Code\thesis-code\jfreechart-master\src\test\java\org\jfree\data\category\DefaultIntervalCategoryDatasetTest.java,DefaultIntervalCategoryDatasetTest.java,DefaultIntervalCategoryDatasetTest,testGetRowAndColumnCount,9,0,void,public,true,true,true,true
C:\Users\simon\Documents\Code\thesis-code\jfreechart-master\src\test\java\org\jfree\data\category\DefaultIntervalCategoryDatasetTest.java,DefaultIntervalCategoryDatasetTest.java,DefaultIntervalCategoryDatasetTest,testEquals,19,0,void,public,true,true,true,true
C:\Users\simon\Documents\Code\thesis-code\jfreechart-master\src\test\java\org\jfree\data\category\DefaultIntervalCategoryDatasetTest.java,DefaultIntervalCategoryDatasetTest.java,DefaultIntervalCategoryDatasetTest,testSerialization,9,0,void,public,true,true,true,true
C:\Users\simon\Documents\Code\thesis-code\jfreechart-master\src\test\java\org\jfree\data\category\DefaultIntervalCategoryDatasetTest.java,DefaultIntervalCategoryDatasetTest.java,DefaultIntervalCategoryDatasetTest,testCloning,15,0,void,public,true,true,true,true
C:\Users\simon\Documents\Code\thesis-code\jfreechart-master\src\test\java\org\jfree\data\category\DefaultIntervalCategoryDatasetTest.java,DefaultIntervalCategoryDatasetTest.java,DefaultIntervalCategoryDatasetTest,testCloning2,6,0,void,public,true,true,true,true
C:\Users\simon\Documents\Code\thesis-code\jfreechart-master\src\test\java\org\jfree\data\category\DefaultIntervalCategoryDatasetTest.java,DefaultIntervalCategoryDatasetTest.java,DefaultIntervalCategoryDatasetTest,testSetStartValue,15,0,void,public,true,true,true,true
C:\Users\simon\Documents\Code\thesis-code\jfreechart-master\src\test\java\org\jfree\data\category\DefaultIntervalCategoryDatasetTest.java,DefaultIntervalCategoryDatasetTest.java,DefaultIntervalCategoryDatasetTest,testSetEndValue,15,0,void,public,true,true,true,true
C:\Users\simon\Documents\Code\thesis-code\jfreechart-master\src\test\java\org\jfree\data\category\DefaultIntervalCategoryDatasetTest.java,DefaultIntervalCategoryDatasetTest.java,DefaultIntervalCategoryDatasetTest,testGetSeriesCount,2,0,void,public,true,true,true,true
C:\Users\simon\Documents\Code\thesis-code\jfreechart-master\src\test\java\org\jfree\data\category\DefaultIntervalCategoryDatasetTest.java,DefaultIntervalCategoryDatasetTest.java,DefaultIntervalCategoryDatasetTest,testGetCategoryCount,2,0,void,public,true,true,true,true
C:\Users\simon\Documents\Code\thesis-code\jfreechart-master\src\test\java\org\jfree\data\category\DefaultIntervalCategoryDatasetTest.java,DefaultIntervalCategoryDatasetTest.java,DefaultIntervalCategoryDatasetTest,testGetSeriesIndex,2,0,void,public,true,true,true,true
C:\Users\simon\Documents\Code\thesis-code\jfreechart-master\src\test\java\org\jfree\data\category\DefaultIntervalCategoryDatasetTest.java,DefaultIntervalCategoryDatasetTest.java,DefaultIntervalCategoryDatasetTest,testGetRowIndex,2,0,void,public,true,true,true,true
C:\Users\simon\Documents\Code\thesis-code\jfreechart-master\src\test\java\org\jfree\data\category\DefaultIntervalCategoryDatasetTest.java,DefaultIntervalCategoryDatasetTest.java,DefaultIntervalCategoryDatasetTest,testSetSeriesKeys,4,0,void,public,true,true,true,true
C:\Users\simon\Documents\Code\thesis-code\jfreechart-master\src\test\java\org\jfree\data\category\DefaultIntervalCategoryDatasetTest.java,DefaultIntervalCategoryDatasetTest.java,DefaultIntervalCategoryDatasetTest,testGetCategoryIndex,2,0,void,public,true,true,true,true
C:\Users\simon\Documents\Code\thesis-code\jfreechart-master\src\test\java\org\jfree\data\category\DefaultIntervalCategoryDatasetTest.java,DefaultIntervalCategoryDatasetTest.java,DefaultIntervalCategoryDatasetTest,testGetColumnIndex,2,0,void,public,true,true,true,true
C:\Users\simon\Documents\Code\thesis-code\jfreechart-master\src\test\java\org\jfree\data\category\DefaultIntervalCategoryDatasetTest.java,DefaultIntervalCategoryDatasetTest.java,DefaultIntervalCategoryDatasetTest,testSetCategoryKeys,4,0,void,public,true,true,true,true
C:\Users\simon\Documents\Code\thesis-code\jfreechart-master\src\test\java\org\jfree\data\category\DefaultIntervalCategoryDatasetTest.java,DefaultIntervalCategoryDatasetTest.java,DefaultIntervalCategoryDatasetTest,testGetColumnKeys,3,0,void,public,true,true,true,true
C:\Users\simon\Documents\Code\thesis-code\jfreechart-master\src\test\java\org\jfree\data\category\DefaultIntervalCategoryDatasetTest.java,DefaultIntervalCategoryDatasetTest.java,DefaultIntervalCategoryDatasetTest,testGetRowKeys,3,0,void,public,true,true,true,true
C:\Users\simon\Documents\Code\thesis-code\jfreechart-master\src\test\java\org\jfree\data\category\DefaultIntervalCategoryDatasetTest.java,DefaultIntervalCategoryDatasetTest.java,DefaultIntervalCategoryDatasetTest,testGetColumnCount,2,0,void,public,true,true,true,true
C:\Users\simon\Documents\Code\thesis-code\jfreechart-master\src\test\java\org\jfree\data\category\DefaultIntervalCategoryDatasetTest.java,DefaultIntervalCategoryDatasetTest.java,DefaultIntervalCategoryDatasetTest,testGetRowCount,2,0,void,public,true,true,true,true
C:\Users\simon\Documents\Code\thesis-code\jfreechart-master\src\test\java\org\jfree\data\category\SlidingCategoryDatasetTest.java,SlidingCategoryDatasetTest.java,SlidingCategoryDatasetTest,testEquals,21,0,void,public,true,true,true,true
C:\Users\simon\Documents\Code\thesis-code\jfreechart-master\src\test\java\org\jfree\data\category\SlidingCategoryDatasetTest.java,SlidingCategoryDatasetTest.java,SlidingCategoryDatasetTest,testCloning,14,0,void,public,true,true,true,true
C:\Users\simon\Documents\Code\thesis-code\jfreechart-master\src\test\java\org\jfree\data\category\SlidingCategoryDatasetTest.java,SlidingCategoryDatasetTest.java,SlidingCategoryDatasetTest,testSerialization,11,0,void,public,true,true,true,true
C:\Users\simon\Documents\Code\thesis-code\jfreechart-master\src\test\java\org\jfree\data\category\SlidingCategoryDatasetTest.java,SlidingCategoryDatasetTest.java,SlidingCategoryDatasetTest,testGetColumnCount,15,0,void,public,true,true,true,true
C:\Users\simon\Documents\Code\thesis-code\jfreechart-master\src\test\java\org\jfree\data\category\SlidingCategoryDatasetTest.java,SlidingCategoryDatasetTest.java,SlidingCategoryDatasetTest,testGetRowCount,7,0,void,public,true,true,true,true
C:\Users\simon\Documents\Code\thesis-code\jfreechart-master\src\test\java\org\jfree\data\category\SlidingCategoryDatasetTest.java,SlidingCategoryDatasetTest.java,SlidingCategoryDatasetTest,testGetColumnIndex,10,0,void,public,true,true,true,true
C:\Users\simon\Documents\Code\thesis-code\jfreechart-master\src\test\java\org\jfree\data\category\SlidingCategoryDatasetTest.java,SlidingCategoryDatasetTest.java,SlidingCategoryDatasetTest,testGetRowIndex,10,0,void,public,true,true,true,true
C:\Users\simon\Documents\Code\thesis-code\jfreechart-master\src\test\java\org\jfree\data\category\SlidingCategoryDatasetTest.java,SlidingCategoryDatasetTest.java,SlidingCategoryDatasetTest,testGetValue,14,0,void,public,true,true,true,true
C:\Users\simon\Documents\Code\thesis-code\jfreechart-master\src\test\java\org\jfree\data\category\SlidingCategoryDatasetTest.java,SlidingCategoryDatasetTest.java,SlidingCategoryDatasetTest,testGetColumnKeys,14,0,void,public,true,true,true,true
C:\Users\simon\Documents\Code\thesis-code\jfreechart-master\src\test\java\org\jfree\data\ComparableObjectItemTest.java,ComparableObjectItemTest.java,ComparableObjectItemTest,testConstructor,1,0,void,public,true,true,true,true
C:\Users\simon\Documents\Code\thesis-code\jfreechart-master\src\test\java\org\jfree\data\ComparableObjectItemTest.java,ComparableObjectItemTest.java,ComparableObjectItemTest,testEquals,11,0,void,public,true,true,true,true
C:\Users\simon\Documents\Code\thesis-code\jfreechart-master\src\test\java\org\jfree\data\ComparableObjectItemTest.java,ComparableObjectItemTest.java,ComparableObjectItemTest,testCloning,5,0,void,public,true,true,true,true
C:\Users\simon\Documents\Code\thesis-code\jfreechart-master\src\test\java\org\jfree\data\ComparableObjectItemTest.java,ComparableObjectItemTest.java,ComparableObjectItemTest,testSerialization,3,0,void,public,true,true,true,true
C:\Users\simon\Documents\Code\thesis-code\jfreechart-master\src\test\java\org\jfree\data\ComparableObjectItemTest.java,ComparableObjectItemTest.java,ComparableObjectItemTest,testCompareTo,8,0,void,public,true,true,true,true
C:\Users\simon\Documents\Code\thesis-code\jfreechart-master\src\test\java\org\jfree\data\ComparableObjectSeriesTest.java,ComparableObjectSeriesTest.java,MyComparableObjectSeries,add,1,2,void,public,false,false,true,false
C:\Users\simon\Documents\Code\thesis-code\jfreechart-master\src\test\java\org\jfree\data\ComparableObjectSeriesTest.java,ComparableObjectSeriesTest.java,MyComparableObjectSeries,remove,1,1,ComparableObjectItem,public,false,false,true,false
C:\Users\simon\Documents\Code\thesis-code\jfreechart-master\src\test\java\org\jfree\data\ComparableObjectSeriesTest.java,ComparableObjectSeriesTest.java,MyComparableObjectSeries,testConstructor1,9,0,void,public,true,true,true,false
C:\Users\simon\Documents\Code\thesis-code\jfreechart-master\src\test\java\org\jfree\data\ComparableObjectSeriesTest.java,ComparableObjectSeriesTest.java,MyComparableObjectSeries,testEquals,28,0,void,public,true,true,true,false
C:\Users\simon\Documents\Code\thesis-code\jfreechart-master\src\test\java\org\jfree\data\ComparableObjectSeriesTest.java,ComparableObjectSeriesTest.java,MyComparableObjectSeries,testCloning,6,0,void,public,true,true,true,false
C:\Users\simon\Documents\Code\thesis-code\jfreechart-master\src\test\java\org\jfree\data\ComparableObjectSeriesTest.java,ComparableObjectSeriesTest.java,MyComparableObjectSeries,testSerialization,4,0,void,public,true,true,true,false
C:\Users\simon\Documents\Code\thesis-code\jfreechart-master\src\test\java\org\jfree\data\ComparableObjectSeriesTest.java,ComparableObjectSeriesTest.java,MyComparableObjectSeries,testHashCode,20,0,void,public,true,true,true,false
C:\Users\simon\Documents\Code\thesis-code\jfreechart-master\src\test\java\org\jfree\data\DataUtilsTest.java,DataUtilsTest.java,DataUtilsTest,testCreateNumberArray2D,7,0,void,public,true,true,true,true
C:\Users\simon\Documents\Code\thesis-code\jfreechart-master\src\test\java\org\jfree\data\DataUtilsTest.java,DataUtilsTest.java,DataUtilsTest,testCalculateColumnTotal,9,0,void,public,true,true,true,true
C:\Users\simon\Documents\Code\thesis-code\jfreechart-master\src\test\java\org\jfree\data\DataUtilsTest.java,DataUtilsTest.java,DataUtilsTest,testCalculateColumnTotal2,15,0,void,public,true,true,true,true
C:\Users\simon\Documents\Code\thesis-code\jfreechart-master\src\test\java\org\jfree\data\DataUtilsTest.java,DataUtilsTest.java,DataUtilsTest,testCalculateRowTotal,9,0,void,public,true,true,true,true
C:\Users\simon\Documents\Code\thesis-code\jfreechart-master\src\test\java\org\jfree\data\DataUtilsTest.java,DataUtilsTest.java,DataUtilsTest,testCalculateRowTotal2,16,0,void,public,true,true,true,true
C:\Users\simon\Documents\Code\thesis-code\jfreechart-master\src\test\java\org\jfree\data\DataUtilsTest.java,DataUtilsTest.java,DataUtilsTest,testEqual,34,0,void,public,true,true,true,true
C:\Users\simon\Documents\Code\thesis-code\jfreechart-master\src\test\java\org\jfree\data\DataUtilsTest.java,DataUtilsTest.java,DataUtilsTest,testClone,16,0,void,public,true,true,true,true
C:\Users\simon\Documents\Code\thesis-code\jfreechart-master\src\test\java\org\jfree\data\DefaultKeyedValues2DTest.java,DefaultKeyedValues2DTest.java,DefaultKeyedValues2DTest,testGetValue,9,0,void,public,true,true,true,true
C:\Users\simon\Documents\Code\thesis-code\jfreechart-master\src\test\java\org\jfree\data\DefaultKeyedValues2DTest.java,DefaultKeyedValues2DTest.java,DefaultKeyedValues2DTest,testCloning,10,0,void,public,true,true,true,true
C:\Users\simon\Documents\Code\thesis-code\jfreechart-master\src\test\java\org\jfree\data\DefaultKeyedValues2DTest.java,DefaultKeyedValues2DTest.java,DefaultKeyedValues2DTest,testSerialization,7,0,void,public,true,true,true,true
C:\Users\simon\Documents\Code\thesis-code\jfreechart-master\src\test\java\org\jfree\data\DefaultKeyedValues2DTest.java,DefaultKeyedValues2DTest.java,DefaultKeyedValues2DTest,testEquals,8,0,void,public,true,true,true,true
C:\Users\simon\Documents\Code\thesis-code\jfreechart-master\src\test\java\org\jfree\data\DefaultKeyedValues2DTest.java,DefaultKeyedValues2DTest.java,DefaultKeyedValues2DTest,testSparsePopulation,7,0,void,public,true,true,true,true
C:\Users\simon\Documents\Code\thesis-code\jfreechart-master\src\test\java\org\jfree\data\DefaultKeyedValues2DTest.java,DefaultKeyedValues2DTest.java,DefaultKeyedValues2DTest,testRowCount,6,0,void,public,true,true,true,true
C:\Users\simon\Documents\Code\thesis-code\jfreechart-master\src\test\java\org\jfree\data\DefaultKeyedValues2DTest.java,DefaultKeyedValues2DTest.java,DefaultKeyedValues2DTest,testColumnCount,6,0,void,public,true,true,true,true
C:\Users\simon\Documents\Code\thesis-code\jfreechart-master\src\test\java\org\jfree\data\DefaultKeyedValues2DTest.java,DefaultKeyedValues2DTest.java,DefaultKeyedValues2DTest,testGetValue2,13,0,void,public,true,true,true,true
C:\Users\simon\Documents\Code\thesis-code\jfreechart-master\src\test\java\org\jfree\data\DefaultKeyedValues2DTest.java,DefaultKeyedValues2DTest.java,DefaultKeyedValues2DTest,testGetRowKey,14,0,void,public,true,true,true,true
C:\Users\simon\Documents\Code\thesis-code\jfreechart-master\src\test\java\org\jfree\data\DefaultKeyedValues2DTest.java,DefaultKeyedValues2DTest.java,DefaultKeyedValues2DTest,testGetColumnKey,8,0,void,public,true,true,true,true
C:\Users\simon\Documents\Code\thesis-code\jfreechart-master\src\test\java\org\jfree\data\DefaultKeyedValues2DTest.java,DefaultKeyedValues2DTest.java,DefaultKeyedValues2DTest,testRemoveValue,10,0,void,public,true,true,true,true
C:\Users\simon\Documents\Code\thesis-code\jfreechart-master\src\test\java\org\jfree\data\DefaultKeyedValues2DTest.java,DefaultKeyedValues2DTest.java,DefaultKeyedValues2DTest,testRemoveValueBug1690654,9,0,void,public,true,true,true,true
C:\Users\simon\Documents\Code\thesis-code\jfreechart-master\src\test\java\org\jfree\data\DefaultKeyedValues2DTest.java,DefaultKeyedValues2DTest.java,DefaultKeyedValues2DTest,testRemoveRow,4,0,void,public,true,true,true,true
C:\Users\simon\Documents\Code\thesis-code\jfreechart-master\src\test\java\org\jfree\data\DefaultKeyedValues2DTest.java,DefaultKeyedValues2DTest.java,DefaultKeyedValues2DTest,testRemoveColumnByKey,9,0,void,public,true,true,true,true
C:\Users\simon\Documents\Code\thesis-code\jfreechart-master\src\test\java\org\jfree\data\DefaultKeyedValuesTest.java,DefaultKeyedValuesTest.java,DefaultKeyedValuesTest,testConstructor,2,0,void,public,true,true,true,true
C:\Users\simon\Documents\Code\thesis-code\jfreechart-master\src\test\java\org\jfree\data\DefaultKeyedValuesTest.java,DefaultKeyedValuesTest.java,DefaultKeyedValuesTest,testGetItemCount,8,0,void,public,true,true,true,true
C:\Users\simon\Documents\Code\thesis-code\jfreechart-master\src\test\java\org\jfree\data\DefaultKeyedValuesTest.java,DefaultKeyedValuesTest.java,DefaultKeyedValuesTest,testGetKeys,15,0,void,public,true,true,true,true
C:\Users\simon\Documents\Code\thesis-code\jfreechart-master\src\test\java\org\jfree\data\DefaultKeyedValuesTest.java,DefaultKeyedValuesTest.java,DefaultKeyedValuesTest,testClear,6,0,void,public,true,true,true,true
C:\Users\simon\Documents\Code\thesis-code\jfreechart-master\src\test\java\org\jfree\data\DefaultKeyedValuesTest.java,DefaultKeyedValuesTest.java,DefaultKeyedValuesTest,testGetValue,11,0,void,public,true,true,true,true
C:\Users\simon\Documents\Code\thesis-code\jfreechart-master\src\test\java\org\jfree\data\DefaultKeyedValuesTest.java,DefaultKeyedValuesTest.java,DefaultKeyedValuesTest,testGetKey,8,0,void,public,true,true,true,true
C:\Users\simon\Documents\Code\thesis-code\jfreechart-master\src\test\java\org\jfree\data\DefaultKeyedValuesTest.java,DefaultKeyedValuesTest.java,DefaultKeyedValuesTest,testGetIndex,10,0,void,public,true,true,true,true
C:\Users\simon\Documents\Code\thesis-code\jfreechart-master\src\test\java\org\jfree\data\DefaultKeyedValuesTest.java,DefaultKeyedValuesTest.java,DefaultKeyedValuesTest,testGetIndex2,6,0,void,public,true,true,true,true
C:\Users\simon\Documents\Code\thesis-code\jfreechart-master\src\test\java\org\jfree\data\DefaultKeyedValuesTest.java,DefaultKeyedValuesTest.java,DefaultKeyedValuesTest,testAddValue,14,0,void,public,true,true,true,true
C:\Users\simon\Documents\Code\thesis-code\jfreechart-master\src\test\java\org\jfree\data\DefaultKeyedValuesTest.java,DefaultKeyedValuesTest.java,DefaultKeyedValuesTest,testInsertValue,14,0,void,public,true,true,true,true
C:\Users\simon\Documents\Code\thesis-code\jfreechart-master\src\test\java\org\jfree\data\DefaultKeyedValuesTest.java,DefaultKeyedValuesTest.java,DefaultKeyedValuesTest,testCloning,10,0,void,public,true,true,true,true
C:\Users\simon\Documents\Code\thesis-code\jfreechart-master\src\test\java\org\jfree\data\DefaultKeyedValuesTest.java,DefaultKeyedValuesTest.java,DefaultKeyedValuesTest,testInsertAndRetrieve,17,0,void,public,true,true,true,true
C:\Users\simon\Documents\Code\thesis-code\jfreechart-master\src\test\java\org\jfree\data\DefaultKeyedValuesTest.java,DefaultKeyedValuesTest.java,DefaultKeyedValuesTest,testRemoveValue,11,0,void,public,true,true,true,true
C:\Users\simon\Documents\Code\thesis-code\jfreechart-master\src\test\java\org\jfree\data\DefaultKeyedValuesTest.java,DefaultKeyedValuesTest.java,DefaultKeyedValuesTest,testSortByKeyAscending,18,0,void,public,true,true,true,true
C:\Users\simon\Documents\Code\thesis-code\jfreechart-master\src\test\java\org\jfree\data\DefaultKeyedValuesTest.java,DefaultKeyedValuesTest.java,DefaultKeyedValuesTest,testSortByKeyDescending,18,0,void,public,true,true,true,true
C:\Users\simon\Documents\Code\thesis-code\jfreechart-master\src\test\java\org\jfree\data\DefaultKeyedValuesTest.java,DefaultKeyedValuesTest.java,DefaultKeyedValuesTest,testSortByValueAscending,18,0,void,public,true,true,true,true
C:\Users\simon\Documents\Code\thesis-code\jfreechart-master\src\test\java\org\jfree\data\DefaultKeyedValuesTest.java,DefaultKeyedValuesTest.java,DefaultKeyedValuesTest,testSortByValueDescending,18,0,void,public,true,true,true,true
C:\Users\simon\Documents\Code\thesis-code\jfreechart-master\src\test\java\org\jfree\data\DefaultKeyedValuesTest.java,DefaultKeyedValuesTest.java,DefaultKeyedValuesTest,testSerialization,6,0,void,public,true,true,true,true
C:\Users\simon\Documents\Code\thesis-code\jfreechart-master\src\test\java\org\jfree\data\DefaultKeyedValueTest.java,DefaultKeyedValueTest.java,DefaultKeyedValueTest,testConstructor,8,0,void,public,true,true,true,true
C:\Users\simon\Documents\Code\thesis-code\jfreechart-master\src\test\java\org\jfree\data\DefaultKeyedValueTest.java,DefaultKeyedValueTest.java,DefaultKeyedValueTest,testEquals,10,0,void,public,true,true,true,true
C:\Users\simon\Documents\Code\thesis-code\jfreechart-master\src\test\java\org\jfree\data\DefaultKeyedValueTest.java,DefaultKeyedValueTest.java,DefaultKeyedValueTest,testEqualsForNullValues,6,0,void,public,true,true,true,true
C:\Users\simon\Documents\Code\thesis-code\jfreechart-master\src\test\java\org\jfree\data\DefaultKeyedValueTest.java,DefaultKeyedValueTest.java,DefaultKeyedValueTest,testCloning,7,0,void,public,true,true,true,true
C:\Users\simon\Documents\Code\thesis-code\jfreechart-master\src\test\java\org\jfree\data\DefaultKeyedValueTest.java,DefaultKeyedValueTest.java,DefaultKeyedValueTest,testSerialization,3,0,void,public,true,true,true,true
C:\Users\simon\Documents\Code\thesis-code\jfreechart-master\src\test\java\org\jfree\data\DomainOrderTest.java,DomainOrderTest.java,DomainOrderTest,testEquals,12,0,void,public,true,true,true,true
C:\Users\simon\Documents\Code\thesis-code\jfreechart-master\src\test\java\org\jfree\data\DomainOrderTest.java,DomainOrderTest.java,DomainOrderTest,testHashCode,6,0,void,public,true,true,true,true
C:\Users\simon\Documents\Code\thesis-code\jfreechart-master\src\test\java\org\jfree\data\DomainOrderTest.java,DomainOrderTest.java,DomainOrderTest,testSerialization,3,0,void,public,true,true,true,true
C:\Users\simon\Documents\Code\thesis-code\jfreechart-master\src\test\java\org\jfree\data\flow\DefaultFlowDatasetTest.java,DefaultFlowDatasetTest.java,DefaultFlowDatasetTest,testGetFlow,3,0,void,public,true,true,true,true
C:\Users\simon\Documents\Code\thesis-code\jfreechart-master\src\test\java\org\jfree\data\flow\DefaultFlowDatasetTest.java,DefaultFlowDatasetTest.java,DefaultFlowDatasetTest,testGetStageCount,6,0,void,public,true,true,true,true
C:\Users\simon\Documents\Code\thesis-code\jfreechart-master\src\test\java\org\jfree\data\flow\DefaultFlowDatasetTest.java,DefaultFlowDatasetTest.java,DefaultFlowDatasetTest,testEquals,7,0,void,public,true,true,true,true
C:\Users\simon\Documents\Code\thesis-code\jfreechart-master\src\test\java\org\jfree\data\flow\DefaultFlowDatasetTest.java,DefaultFlowDatasetTest.java,DefaultFlowDatasetTest,testSerialization,4,0,void,public,true,true,true,true
C:\Users\simon\Documents\Code\thesis-code\jfreechart-master\src\test\java\org\jfree\data\flow\DefaultFlowDatasetTest.java,DefaultFlowDatasetTest.java,DefaultFlowDatasetTest,testCloning,10,0,void,public,true,true,true,true
C:\Users\simon\Documents\Code\thesis-code\jfreechart-master\src\test\java\org\jfree\data\flow\DefaultFlowDatasetTest.java,DefaultFlowDatasetTest.java,DefaultFlowDatasetTest,testPublicCloneable,2,0,void,public,true,true,true,true
C:\Users\simon\Documents\Code\thesis-code\jfreechart-master\src\test\java\org\jfree\data\flow\FlowKeyTest.java,FlowKeyTest.java,FlowKeyTest,testEquals,12,0,void,public,true,true,true,true
C:\Users\simon\Documents\Code\thesis-code\jfreechart-master\src\test\java\org\jfree\data\flow\FlowKeyTest.java,FlowKeyTest.java,FlowKeyTest,testCloning,5,0,void,public,true,true,true,true
C:\Users\simon\Documents\Code\thesis-code\jfreechart-master\src\test\java\org\jfree\data\flow\FlowKeyTest.java,FlowKeyTest.java,FlowKeyTest,testSerialization,3,0,void,public,true,true,true,true
C:\Users\simon\Documents\Code\thesis-code\jfreechart-master\src\test\java\org\jfree\data\flow\NodeKeyTest.java,NodeKeyTest.java,NodeKeyTest,testEquals,12,0,void,public,true,true,true,true
C:\Users\simon\Documents\Code\thesis-code\jfreechart-master\src\test\java\org\jfree\data\flow\NodeKeyTest.java,NodeKeyTest.java,NodeKeyTest,testCloning,5,0,void,public,true,true,true,true
C:\Users\simon\Documents\Code\thesis-code\jfreechart-master\src\test\java\org\jfree\data\flow\NodeKeyTest.java,NodeKeyTest.java,NodeKeyTest,testSerialization,3,0,void,public,true,true,true,true
C:\Users\simon\Documents\Code\thesis-code\jfreechart-master\src\test\java\org\jfree\data\function\LineFunction2DTest.java,LineFunction2DTest.java,LineFunction2DTest,testConstructor,3,0,void,public,true,true,true,true
C:\Users\simon\Documents\Code\thesis-code\jfreechart-master\src\test\java\org\jfree\data\function\LineFunction2DTest.java,LineFunction2DTest.java,LineFunction2DTest,testEquals,7,0,void,public,true,true,true,true
C:\Users\simon\Documents\Code\thesis-code\jfreechart-master\src\test\java\org\jfree\data\function\LineFunction2DTest.java,LineFunction2DTest.java,LineFunction2DTest,testSerialization,3,0,void,public,true,true,true,true
C:\Users\simon\Documents\Code\thesis-code\jfreechart-master\src\test\java\org\jfree\data\function\LineFunction2DTest.java,LineFunction2DTest.java,LineFunction2DTest,testHashCode,3,0,void,public,true,true,true,true
C:\Users\simon\Documents\Code\thesis-code\jfreechart-master\src\test\java\org\jfree\data\function\NormalDistributionFunction2DTest.java,NormalDistributionFunction2DTest.java,NormalDistributionFunction2DTest,testConstructor,3,0,void,public,true,true,true,true
C:\Users\simon\Documents\Code\thesis-code\jfreechart-master\src\test\java\org\jfree\data\function\NormalDistributionFunction2DTest.java,NormalDistributionFunction2DTest.java,NormalDistributionFunction2DTest,testEquals,7,0,void,public,true,true,true,true
C:\Users\simon\Documents\Code\thesis-code\jfreechart-master\src\test\java\org\jfree\data\function\NormalDistributionFunction2DTest.java,NormalDistributionFunction2DTest.java,NormalDistributionFunction2DTest,testSerialization,3,0,void,public,true,true,true,true
C:\Users\simon\Documents\Code\thesis-code\jfreechart-master\src\test\java\org\jfree\data\function\NormalDistributionFunction2DTest.java,NormalDistributionFunction2DTest.java,NormalDistributionFunction2DTest,testHashCode,3,0,void,public,true,true,true,true
C:\Users\simon\Documents\Code\thesis-code\jfreechart-master\src\test\java\org\jfree\data\function\PolynomialFunction2DTest.java,PolynomialFunction2DTest.java,PolynomialFunction2DTest,testConstructor,5,0,void,public,true,true,true,true
C:\Users\simon\Documents\Code\thesis-code\jfreechart-master\src\test\java\org\jfree\data\function\PolynomialFunction2DTest.java,PolynomialFunction2DTest.java,PolynomialFunction2DTest,testGetCoefficients,5,0,void,public,true,true,true,true
C:\Users\simon\Documents\Code\thesis-code\jfreechart-master\src\test\java\org\jfree\data\function\PolynomialFunction2DTest.java,PolynomialFunction2DTest.java,PolynomialFunction2DTest,testGetOrder,2,0,void,public,true,true,true,true
C:\Users\simon\Documents\Code\thesis-code\jfreechart-master\src\test\java\org\jfree\data\function\PolynomialFunction2DTest.java,PolynomialFunction2DTest.java,PolynomialFunction2DTest,testEquals,7,0,void,public,true,true,true,true
C:\Users\simon\Documents\Code\thesis-code\jfreechart-master\src\test\java\org\jfree\data\function\PolynomialFunction2DTest.java,PolynomialFunction2DTest.java,PolynomialFunction2DTest,testSerialization,3,0,void,public,true,true,true,true
C:\Users\simon\Documents\Code\thesis-code\jfreechart-master\src\test\java\org\jfree\data\function\PolynomialFunction2DTest.java,PolynomialFunction2DTest.java,PolynomialFunction2DTest,testHashCode,3,0,void,public,true,true,true,true
C:\Users\simon\Documents\Code\thesis-code\jfreechart-master\src\test\java\org\jfree\data\function\PowerFunction2DTest.java,PowerFunction2DTest.java,PowerFunction2DTest,testConstructor,3,0,void,public,true,true,true,true
C:\Users\simon\Documents\Code\thesis-code\jfreechart-master\src\test\java\org\jfree\data\function\PowerFunction2DTest.java,PowerFunction2DTest.java,PowerFunction2DTest,testEquals,7,0,void,public,true,true,true,true
C:\Users\simon\Documents\Code\thesis-code\jfreechart-master\src\test\java\org\jfree\data\function\PowerFunction2DTest.java,PowerFunction2DTest.java,PowerFunction2DTest,testSerialization,3,0,void,public,true,true,true,true
C:\Users\simon\Documents\Code\thesis-code\jfreechart-master\src\test\java\org\jfree\data\function\PowerFunction2DTest.java,PowerFunction2DTest.java,PowerFunction2DTest,testHashCode,3,0,void,public,true,true,true,true
C:\Users\simon\Documents\Code\thesis-code\jfreechart-master\src\test\java\org\jfree\data\gantt\SlidingGanttCategoryDatasetTest.java,SlidingGanttCategoryDatasetTest.java,SlidingGanttCategoryDatasetTest,testEquals,27,0,void,public,true,true,true,true
C:\Users\simon\Documents\Code\thesis-code\jfreechart-master\src\test\java\org\jfree\data\gantt\SlidingGanttCategoryDatasetTest.java,SlidingGanttCategoryDatasetTest.java,SlidingGanttCategoryDatasetTest,testCloning,15,0,void,public,true,true,true,true
C:\Users\simon\Documents\Code\thesis-code\jfreechart-master\src\test\java\org\jfree\data\gantt\SlidingGanttCategoryDatasetTest.java,SlidingGanttCategoryDatasetTest.java,SlidingGanttCategoryDatasetTest,testSerialization,13,0,void,public,true,true,true,true
C:\Users\simon\Documents\Code\thesis-code\jfreechart-master\src\test\java\org\jfree\data\gantt\SlidingGanttCategoryDatasetTest.java,SlidingGanttCategoryDatasetTest.java,SlidingGanttCategoryDatasetTest,testKeys,13,0,void,public,true,true,true,true
C:\Users\simon\Documents\Code\thesis-code\jfreechart-master\src\test\java\org\jfree\data\gantt\TaskSeriesCollectionTest.java,TaskSeriesCollectionTest.java,TaskSeriesCollectionTest,createCollection1,9,0,"TaskSeriesCollection<String, String>",private,false,false,true,true
C:\Users\simon\Documents\Code\thesis-code\jfreechart-master\src\test\java\org\jfree\data\gantt\TaskSeriesCollectionTest.java,TaskSeriesCollectionTest.java,TaskSeriesCollectionTest,createCollection2,21,0,"TaskSeriesCollection<String, String>",private,false,false,true,true
C:\Users\simon\Documents\Code\thesis-code\jfreechart-master\src\test\java\org\jfree\data\gantt\TaskSeriesCollectionTest.java,TaskSeriesCollectionTest.java,TaskSeriesCollectionTest,createCollection3,33,0,"TaskSeriesCollection<String, String>",private,false,false,true,true
C:\Users\simon\Documents\Code\thesis-code\jfreechart-master\src\test\java\org\jfree\data\gantt\TaskSeriesCollectionTest.java,TaskSeriesCollectionTest.java,TaskSeriesCollectionTest,testGetSeriesCount,2,0,void,public,true,true,true,true
C:\Users\simon\Documents\Code\thesis-code\jfreechart-master\src\test\java\org\jfree\data\gantt\TaskSeriesCollectionTest.java,TaskSeriesCollectionTest.java,TaskSeriesCollectionTest,testGetSeriesKey,3,0,void,public,true,true,true,true
C:\Users\simon\Documents\Code\thesis-code\jfreechart-master\src\test\java\org\jfree\data\gantt\TaskSeriesCollectionTest.java,TaskSeriesCollectionTest.java,TaskSeriesCollectionTest,testGetRowCount,2,0,void,public,true,true,true,true
C:\Users\simon\Documents\Code\thesis-code\jfreechart-master\src\test\java\org\jfree\data\gantt\TaskSeriesCollectionTest.java,TaskSeriesCollectionTest.java,TaskSeriesCollectionTest,testGetRowKey,3,0,void,public,true,true,true,true
C:\Users\simon\Documents\Code\thesis-code\jfreechart-master\src\test\java\org\jfree\data\gantt\TaskSeriesCollectionTest.java,TaskSeriesCollectionTest.java,TaskSeriesCollectionTest,testGetRowIndex,3,0,void,public,true,true,true,true
C:\Users\simon\Documents\Code\thesis-code\jfreechart-master\src\test\java\org\jfree\data\gantt\TaskSeriesCollectionTest.java,TaskSeriesCollectionTest.java,TaskSeriesCollectionTest,testGetValue,10,0,void,public,true,true,true,true
C:\Users\simon\Documents\Code\thesis-code\jfreechart-master\src\test\java\org\jfree\data\gantt\TaskSeriesCollectionTest.java,TaskSeriesCollectionTest.java,TaskSeriesCollectionTest,testGetStartValue,15,0,void,public,true,true,true,true
C:\Users\simon\Documents\Code\thesis-code\jfreechart-master\src\test\java\org\jfree\data\gantt\TaskSeriesCollectionTest.java,TaskSeriesCollectionTest.java,TaskSeriesCollectionTest,testGetStartValue2,21,0,void,public,true,true,true,true
C:\Users\simon\Documents\Code\thesis-code\jfreechart-master\src\test\java\org\jfree\data\gantt\TaskSeriesCollectionTest.java,TaskSeriesCollectionTest.java,TaskSeriesCollectionTest,testGetStartValue3,6,0,void,public,true,true,true,true
C:\Users\simon\Documents\Code\thesis-code\jfreechart-master\src\test\java\org\jfree\data\gantt\TaskSeriesCollectionTest.java,TaskSeriesCollectionTest.java,TaskSeriesCollectionTest,testGetEndValue,15,0,void,public,true,true,true,true
C:\Users\simon\Documents\Code\thesis-code\jfreechart-master\src\test\java\org\jfree\data\gantt\TaskSeriesCollectionTest.java,TaskSeriesCollectionTest.java,TaskSeriesCollectionTest,testGetEndValue2,21,0,void,public,true,true,true,true
C:\Users\simon\Documents\Code\thesis-code\jfreechart-master\src\test\java\org\jfree\data\gantt\TaskSeriesCollectionTest.java,TaskSeriesCollectionTest.java,TaskSeriesCollectionTest,testGetEndValue3,6,0,void,public,true,true,true,true
C:\Users\simon\Documents\Code\thesis-code\jfreechart-master\src\test\java\org\jfree\data\gantt\TaskSeriesCollectionTest.java,TaskSeriesCollectionTest.java,TaskSeriesCollectionTest,testGetPercentComplete,21,0,void,public,true,true,true,true
C:\Users\simon\Documents\Code\thesis-code\jfreechart-master\src\test\java\org\jfree\data\gantt\TaskSeriesCollectionTest.java,TaskSeriesCollectionTest.java,TaskSeriesCollectionTest,testGetColumnCount,2,0,void,public,true,true,true,true
C:\Users\simon\Documents\Code\thesis-code\jfreechart-master\src\test\java\org\jfree\data\gantt\TaskSeriesCollectionTest.java,TaskSeriesCollectionTest.java,TaskSeriesCollectionTest,testGetColumnKey,4,0,void,public,true,true,true,true
C:\Users\simon\Documents\Code\thesis-code\jfreechart-master\src\test\java\org\jfree\data\gantt\TaskSeriesCollectionTest.java,TaskSeriesCollectionTest.java,TaskSeriesCollectionTest,testGetColumnIndex,4,0,void,public,true,true,true,true
C:\Users\simon\Documents\Code\thesis-code\jfreechart-master\src\test\java\org\jfree\data\gantt\TaskSeriesCollectionTest.java,TaskSeriesCollectionTest.java,TaskSeriesCollectionTest,testEquals,20,0,void,public,true,true,true,true
C:\Users\simon\Documents\Code\thesis-code\jfreechart-master\src\test\java\org\jfree\data\gantt\TaskSeriesCollectionTest.java,TaskSeriesCollectionTest.java,TaskSeriesCollectionTest,testCloning,18,0,void,public,true,true,true,true
C:\Users\simon\Documents\Code\thesis-code\jfreechart-master\src\test\java\org\jfree\data\gantt\TaskSeriesCollectionTest.java,TaskSeriesCollectionTest.java,TaskSeriesCollectionTest,testSerialization,11,0,void,public,true,true,true,true
C:\Users\simon\Documents\Code\thesis-code\jfreechart-master\src\test\java\org\jfree\data\gantt\TaskSeriesCollectionTest.java,TaskSeriesCollectionTest.java,TaskSeriesCollectionTest,test697153,14,0,void,public,true,true,true,true
C:\Users\simon\Documents\Code\thesis-code\jfreechart-master\src\test\java\org\jfree\data\gantt\TaskSeriesCollectionTest.java,TaskSeriesCollectionTest.java,TaskSeriesCollectionTest,test800324,9,0,void,public,true,true,true,true
C:\Users\simon\Documents\Code\thesis-code\jfreechart-master\src\test\java\org\jfree\data\gantt\TaskSeriesCollectionTest.java,TaskSeriesCollectionTest.java,TaskSeriesCollectionTest,testGetSubIntervalCount,5,0,void,public,true,true,true,true
C:\Users\simon\Documents\Code\thesis-code\jfreechart-master\src\test\java\org\jfree\data\gantt\TaskSeriesCollectionTest.java,TaskSeriesCollectionTest.java,TaskSeriesCollectionTest,testGetSeries,13,0,void,public,true,true,true,true
C:\Users\simon\Documents\Code\thesis-code\jfreechart-master\src\test\java\org\jfree\data\gantt\TaskSeriesCollectionTest.java,TaskSeriesCollectionTest.java,TaskSeriesCollectionTest,testRemove,13,0,void,public,true,true,true,true
C:\Users\simon\Documents\Code\thesis-code\jfreechart-master\src\test\java\org\jfree\data\gantt\TaskSeriesTest.java,TaskSeriesTest.java,TaskSeriesTest,testEquals,12,0,void,public,true,true,true,true
C:\Users\simon\Documents\Code\thesis-code\jfreechart-master\src\test\java\org\jfree\data\gantt\TaskSeriesTest.java,TaskSeriesTest.java,TaskSeriesTest,testCloning,11,0,void,public,true,true,true,true
C:\Users\simon\Documents\Code\thesis-code\jfreechart-master\src\test\java\org\jfree\data\gantt\TaskSeriesTest.java,TaskSeriesTest.java,TaskSeriesTest,testSerialization,5,0,void,public,true,true,true,true
C:\Users\simon\Documents\Code\thesis-code\jfreechart-master\src\test\java\org\jfree\data\gantt\TaskSeriesTest.java,TaskSeriesTest.java,TaskSeriesTest,testGetTask,9,0,void,public,true,true,true,true
C:\Users\simon\Documents\Code\thesis-code\jfreechart-master\src\test\java\org\jfree\data\gantt\TaskTest.java,TaskTest.java,TaskTest,testEquals,20,0,void,public,true,true,true,true
C:\Users\simon\Documents\Code\thesis-code\jfreechart-master\src\test\java\org\jfree\data\gantt\TaskTest.java,TaskTest.java,TaskTest,testCloning,5,0,void,public,true,true,true,true
C:\Users\simon\Documents\Code\thesis-code\jfreechart-master\src\test\java\org\jfree\data\gantt\TaskTest.java,TaskTest.java,TaskTest,testSerialization,3,0,void,public,true,true,true,true
C:\Users\simon\Documents\Code\thesis-code\jfreechart-master\src\test\java\org\jfree\data\gantt\TaskTest.java,TaskTest.java,TaskTest,testGetSubTaskCount,11,0,void,public,true,true,true,true
C:\Users\simon\Documents\Code\thesis-code\jfreechart-master\src\test\java\org\jfree\data\gantt\XYTaskDatasetTest.java,XYTaskDatasetTest.java,XYTaskDatasetTest,testEquals,27,0,void,public,true,true,true,true
C:\Users\simon\Documents\Code\thesis-code\jfreechart-master\src\test\java\org\jfree\data\gantt\XYTaskDatasetTest.java,XYTaskDatasetTest.java,XYTaskDatasetTest,testCloning,15,0,void,public,true,true,true,true
C:\Users\simon\Documents\Code\thesis-code\jfreechart-master\src\test\java\org\jfree\data\gantt\XYTaskDatasetTest.java,XYTaskDatasetTest.java,XYTaskDatasetTest,testSerialization,13,0,void,public,true,true,true,true
C:\Users\simon\Documents\Code\thesis-code\jfreechart-master\src\test\java\org\jfree\data\general\DatasetUtilsTest.java,DatasetUtilsTest.java,DatasetUtilsTest,testJava,2,0,void,public,true,true,true,true
C:\Users\simon\Documents\Code\thesis-code\jfreechart-master\src\test\java\org\jfree\data\general\DatasetUtilsTest.java,DatasetUtilsTest.java,DatasetUtilsTest,testCalculatePieDatasetTotal,6,0,void,public,true,true,true,true
C:\Users\simon\Documents\Code\thesis-code\jfreechart-master\src\test\java\org\jfree\data\general\DatasetUtilsTest.java,DatasetUtilsTest.java,DatasetUtilsTest,testFindDomainBounds,4,0,void,public,true,true,true,true
C:\Users\simon\Documents\Code\thesis-code\jfreechart-master\src\test\java\org\jfree\data\general\DatasetUtilsTest.java,DatasetUtilsTest.java,DatasetUtilsTest,testFindDomainBounds2,12,0,void,public,true,true,true,true
C:\Users\simon\Documents\Code\thesis-code\jfreechart-master\src\test\java\org\jfree\data\general\DatasetUtilsTest.java,DatasetUtilsTest.java,DatasetUtilsTest,testFindDomainBounds3,12,0,void,public,true,true,true,true
C:\Users\simon\Documents\Code\thesis-code\jfreechart-master\src\test\java\org\jfree\data\general\DatasetUtilsTest.java,DatasetUtilsTest.java,DatasetUtilsTest,testFindDomainBounds4,12,0,void,public,true,true,true,true
C:\Users\simon\Documents\Code\thesis-code\jfreechart-master\src\test\java\org\jfree\data\general\DatasetUtilsTest.java,DatasetUtilsTest.java,DatasetUtilsTest,testFindDomainBounds_NaN,15,0,void,public,true,true,true,true
C:\Users\simon\Documents\Code\thesis-code\jfreechart-master\src\test\java\org\jfree\data\general\DatasetUtilsTest.java,DatasetUtilsTest.java,DatasetUtilsTest,testIterateDomainBounds,4,0,void,public,true,true,true,true
C:\Users\simon\Documents\Code\thesis-code\jfreechart-master\src\test\java\org\jfree\data\general\DatasetUtilsTest.java,DatasetUtilsTest.java,DatasetUtilsTest,testIterateDomainBounds_NaN,7,0,void,public,true,true,true,true
C:\Users\simon\Documents\Code\thesis-code\jfreechart-master\src\test\java\org\jfree\data\general\DatasetUtilsTest.java,DatasetUtilsTest.java,DatasetUtilsTest,testIterateDomainBounds_NaN2,15,0,void,public,true,true,true,true
C:\Users\simon\Documents\Code\thesis-code\jfreechart-master\src\test\java\org\jfree\data\general\DatasetUtilsTest.java,DatasetUtilsTest.java,DatasetUtilsTest,testFindRangeBounds_CategoryDataset,4,0,void,public,true,true,true,true
C:\Users\simon\Documents\Code\thesis-code\jfreechart-master\src\test\java\org\jfree\data\general\DatasetUtilsTest.java,DatasetUtilsTest.java,DatasetUtilsTest,testFindRangeBounds,4,0,void,public,true,true,true,true
C:\Users\simon\Documents\Code\thesis-code\jfreechart-master\src\test\java\org\jfree\data\general\DatasetUtilsTest.java,DatasetUtilsTest.java,DatasetUtilsTest,testFindRangeBounds2,30,0,void,public,true,true,true,true
C:\Users\simon\Documents\Code\thesis-code\jfreechart-master\src\test\java\org\jfree\data\general\DatasetUtilsTest.java,DatasetUtilsTest.java,DatasetUtilsTest,testIterateRangeBounds_CategoryDataset,4,0,void,public,true,true,true,true
C:\Users\simon\Documents\Code\thesis-code\jfreechart-master\src\test\java\org\jfree\data\general\DatasetUtilsTest.java,DatasetUtilsTest.java,DatasetUtilsTest,testIterateRangeBounds2_CategoryDataset,15,0,void,public,true,true,true,true
C:\Users\simon\Documents\Code\thesis-code\jfreechart-master\src\test\java\org\jfree\data\general\DatasetUtilsTest.java,DatasetUtilsTest.java,DatasetUtilsTest,testIterateRangeBounds3_CategoryDataset,21,0,void,public,true,true,true,true
C:\Users\simon\Documents\Code\thesis-code\jfreechart-master\src\test\java\org\jfree\data\general\DatasetUtilsTest.java,DatasetUtilsTest.java,DatasetUtilsTest,testIterateRangeBounds,4,0,void,public,true,true,true,true
C:\Users\simon\Documents\Code\thesis-code\jfreechart-master\src\test\java\org\jfree\data\general\DatasetUtilsTest.java,DatasetUtilsTest.java,DatasetUtilsTest,testIterateRangeBounds2,8,0,void,public,true,true,true,true
C:\Users\simon\Documents\Code\thesis-code\jfreechart-master\src\test\java\org\jfree\data\general\DatasetUtilsTest.java,DatasetUtilsTest.java,DatasetUtilsTest,testIterateRangeBounds3,19,0,void,public,true,true,true,true
C:\Users\simon\Documents\Code\thesis-code\jfreechart-master\src\test\java\org\jfree\data\general\DatasetUtilsTest.java,DatasetUtilsTest.java,DatasetUtilsTest,testIterateRangeBounds4,24,0,void,public,true,true,true,true
C:\Users\simon\Documents\Code\thesis-code\jfreechart-master\src\test\java\org\jfree\data\general\DatasetUtilsTest.java,DatasetUtilsTest.java,DatasetUtilsTest,testFindMinimumDomainValue,3,0,void,public,true,true,true,true
C:\Users\simon\Documents\Code\thesis-code\jfreechart-master\src\test\java\org\jfree\data\general\DatasetUtilsTest.java,DatasetUtilsTest.java,DatasetUtilsTest,testFindMaximumDomainValue,3,0,void,public,true,true,true,true
C:\Users\simon\Documents\Code\thesis-code\jfreechart-master\src\test\java\org\jfree\data\general\DatasetUtilsTest.java,DatasetUtilsTest.java,DatasetUtilsTest,testFindMinimumRangeValue,6,0,void,public,true,true,true,true
C:\Users\simon\Documents\Code\thesis-code\jfreechart-master\src\test\java\org\jfree\data\general\DatasetUtilsTest.java,DatasetUtilsTest.java,DatasetUtilsTest,testFindMaximumRangeValue,6,0,void,public,true,true,true,true
C:\Users\simon\Documents\Code\thesis-code\jfreechart-master\src\test\java\org\jfree\data\general\DatasetUtilsTest.java,DatasetUtilsTest.java,DatasetUtilsTest,testMinMaxRange,7,0,void,public,true,true,true,true
C:\Users\simon\Documents\Code\thesis-code\jfreechart-master\src\test\java\org\jfree\data\general\DatasetUtilsTest.java,DatasetUtilsTest.java,DatasetUtilsTest,test803660,5,0,void,public,true,true,true,true
C:\Users\simon\Documents\Code\thesis-code\jfreechart-master\src\test\java\org\jfree\data\general\DatasetUtilsTest.java,DatasetUtilsTest.java,DatasetUtilsTest,testCumulativeRange1,7,0,void,public,true,true,true,true
C:\Users\simon\Documents\Code\thesis-code\jfreechart-master\src\test\java\org\jfree\data\general\DatasetUtilsTest.java,DatasetUtilsTest.java,DatasetUtilsTest,testCumulativeRange2,14,0,void,public,true,true,true,true
C:\Users\simon\Documents\Code\thesis-code\jfreechart-master\src\test\java\org\jfree\data\general\DatasetUtilsTest.java,DatasetUtilsTest.java,DatasetUtilsTest,testCumulativeRange3,9,0,void,public,true,true,true,true
C:\Users\simon\Documents\Code\thesis-code\jfreechart-master\src\test\java\org\jfree\data\general\DatasetUtilsTest.java,DatasetUtilsTest.java,DatasetUtilsTest,testCumulativeRange_NaN,7,0,void,public,true,true,true,true
C:\Users\simon\Documents\Code\thesis-code\jfreechart-master\src\test\java\org\jfree\data\general\DatasetUtilsTest.java,DatasetUtilsTest.java,DatasetUtilsTest,testCreateCategoryDataset1,9,0,void,public,true,true,true,true
C:\Users\simon\Documents\Code\thesis-code\jfreechart-master\src\test\java\org\jfree\data\general\DatasetUtilsTest.java,DatasetUtilsTest.java,DatasetUtilsTest,testCreateCategoryDataset2,10,0,void,public,true,true,true,true
C:\Users\simon\Documents\Code\thesis-code\jfreechart-master\src\test\java\org\jfree\data\general\DatasetUtilsTest.java,DatasetUtilsTest.java,DatasetUtilsTest,testMaximumStackedRangeValue,16,0,void,public,true,true,true,true
C:\Users\simon\Documents\Code\thesis-code\jfreechart-master\src\test\java\org\jfree\data\general\DatasetUtilsTest.java,DatasetUtilsTest.java,DatasetUtilsTest,testFindStackedRangeBounds_CategoryDataset1,8,0,void,public,true,true,true,true
C:\Users\simon\Documents\Code\thesis-code\jfreechart-master\src\test\java\org\jfree\data\general\DatasetUtilsTest.java,DatasetUtilsTest.java,DatasetUtilsTest,testFindStackedRangeBounds_CategoryDataset2,19,0,void,public,true,true,true,true
C:\Users\simon\Documents\Code\thesis-code\jfreechart-master\src\test\java\org\jfree\data\general\DatasetUtilsTest.java,DatasetUtilsTest.java,DatasetUtilsTest,testFindStackedRangeBounds_CategoryDataset3,23,0,void,public,true,true,true,true
C:\Users\simon\Documents\Code\thesis-code\jfreechart-master\src\test\java\org\jfree\data\general\DatasetUtilsTest.java,DatasetUtilsTest.java,DatasetUtilsTest,testFindStackedRangeBoundsForTableXYDataset1,4,0,void,public,true,true,true,true
C:\Users\simon\Documents\Code\thesis-code\jfreechart-master\src\test\java\org\jfree\data\general\DatasetUtilsTest.java,DatasetUtilsTest.java,DatasetUtilsTest,testFindStackedRangeBoundsForTableXYDataset2,3,0,void,public,true,true,true,true
C:\Users\simon\Documents\Code\thesis-code\jfreechart-master\src\test\java\org\jfree\data\general\DatasetUtilsTest.java,DatasetUtilsTest.java,DatasetUtilsTest,testStackedRangeWithMap,6,0,void,public,true,true,true,true
C:\Users\simon\Documents\Code\thesis-code\jfreechart-master\src\test\java\org\jfree\data\general\DatasetUtilsTest.java,DatasetUtilsTest.java,DatasetUtilsTest,testIsEmptyOrNullXYDataset,11,0,void,public,true,true,true,true
C:\Users\simon\Documents\Code\thesis-code\jfreechart-master\src\test\java\org\jfree\data\general\DatasetUtilsTest.java,DatasetUtilsTest.java,DatasetUtilsTest,testLimitPieDataset,18,0,void,public,true,true,true,true
C:\Users\simon\Documents\Code\thesis-code\jfreechart-master\src\test\java\org\jfree\data\general\DatasetUtilsTest.java,DatasetUtilsTest.java,DatasetUtilsTest,testSampleFunction2D,9,0,void,public,true,true,true,true
C:\Users\simon\Documents\Code\thesis-code\jfreechart-master\src\test\java\org\jfree\data\general\DatasetUtilsTest.java,DatasetUtilsTest.java,DatasetUtilsTest,testFindMinimumStackedRangeValue,15,0,void,public,true,true,true,true
C:\Users\simon\Documents\Code\thesis-code\jfreechart-master\src\test\java\org\jfree\data\general\DatasetUtilsTest.java,DatasetUtilsTest.java,DatasetUtilsTest,testFindMinimumStackedRangeValue2,7,0,void,public,true,true,true,true
C:\Users\simon\Documents\Code\thesis-code\jfreechart-master\src\test\java\org\jfree\data\general\DatasetUtilsTest.java,DatasetUtilsTest.java,DatasetUtilsTest,testFindMaximumStackedRangeValue,15,0,void,public,true,true,true,true
C:\Users\simon\Documents\Code\thesis-code\jfreechart-master\src\test\java\org\jfree\data\general\DatasetUtilsTest.java,DatasetUtilsTest.java,DatasetUtilsTest,testFindMaximumStackedRangeValue2,7,0,void,public,true,true,true,true
C:\Users\simon\Documents\Code\thesis-code\jfreechart-master\src\test\java\org\jfree\data\general\DatasetUtilsTest.java,DatasetUtilsTest.java,DatasetUtilsTest,createCategoryDataset1,8,0,"CategoryDataset<String, String>",private,false,false,true,true
C:\Users\simon\Documents\Code\thesis-code\jfreechart-master\src\test\java\org\jfree\data\general\DatasetUtilsTest.java,DatasetUtilsTest.java,DatasetUtilsTest,createCategoryDataset2,6,0,"CategoryDataset<String, String>",private,false,false,true,true
C:\Users\simon\Documents\Code\thesis-code\jfreechart-master\src\test\java\org\jfree\data\general\DatasetUtilsTest.java,DatasetUtilsTest.java,DatasetUtilsTest,createXYDataset1,13,0,XYDataset<String>,private,false,false,true,true
C:\Users\simon\Documents\Code\thesis-code\jfreechart-master\src\test\java\org\jfree\data\general\DatasetUtilsTest.java,DatasetUtilsTest.java,DatasetUtilsTest,createTableXYDataset1,10,0,TableXYDataset<String>,private,false,false,true,true
C:\Users\simon\Documents\Code\thesis-code\jfreechart-master\src\test\java\org\jfree\data\general\DatasetUtilsTest.java,DatasetUtilsTest.java,DatasetUtilsTest,testIterateToFindDomainBounds_IntervalXYDataset,12,0,void,public,true,true,true,true
C:\Users\simon\Documents\Code\thesis-code\jfreechart-master\src\test\java\org\jfree\data\general\DatasetUtilsTest.java,DatasetUtilsTest.java,DatasetUtilsTest,testIterateToFindRangeBounds_IntervalXYDataset,12,0,void,public,true,true,true,true
C:\Users\simon\Documents\Code\thesis-code\jfreechart-master\src\test\java\org\jfree\data\general\DatasetUtilsTest.java,DatasetUtilsTest.java,DatasetUtilsTest,testIterateToFindRangeBounds1_XYDataset,9,0,void,public,true,true,true,true
C:\Users\simon\Documents\Code\thesis-code\jfreechart-master\src\test\java\org\jfree\data\general\DatasetUtilsTest.java,DatasetUtilsTest.java,DatasetUtilsTest,testIterateToFindRangeBounds2_XYDataset,37,0,void,public,true,true,true,true
C:\Users\simon\Documents\Code\thesis-code\jfreechart-master\src\test\java\org\jfree\data\general\DatasetUtilsTest.java,DatasetUtilsTest.java,DatasetUtilsTest,testIterateToFindRangeBounds_BoxAndWhiskerXYDataset,8,0,void,public,true,true,true,true
C:\Users\simon\Documents\Code\thesis-code\jfreechart-master\src\test\java\org\jfree\data\general\DatasetUtilsTest.java,DatasetUtilsTest.java,DatasetUtilsTest,testIterateToFindRangeBounds_StatisticalCategoryDataset,7,0,void,public,true,true,true,true
C:\Users\simon\Documents\Code\thesis-code\jfreechart-master\src\test\java\org\jfree\data\general\DatasetUtilsTest.java,DatasetUtilsTest.java,DatasetUtilsTest,testIterateToFindRangeBounds_MultiValueCategoryDataset,15,0,void,public,true,true,true,true
C:\Users\simon\Documents\Code\thesis-code\jfreechart-master\src\test\java\org\jfree\data\general\DatasetUtilsTest.java,DatasetUtilsTest.java,DatasetUtilsTest,testIterateRangeBounds_IntervalCategoryDataset,24,0,void,public,true,true,true,true
C:\Users\simon\Documents\Code\thesis-code\jfreechart-master\src\test\java\org\jfree\data\general\DatasetUtilsTest.java,DatasetUtilsTest.java,DatasetUtilsTest,testBug2849731,4,0,void,public,true,true,true,true
C:\Users\simon\Documents\Code\thesis-code\jfreechart-master\src\test\java\org\jfree\data\general\DatasetUtilsTest.java,DatasetUtilsTest.java,DatasetUtilsTest,testBug2849731_2,15,0,void,public,true,true,true,true
C:\Users\simon\Documents\Code\thesis-code\jfreechart-master\src\test\java\org\jfree\data\general\DatasetUtilsTest.java,DatasetUtilsTest.java,DatasetUtilsTest,testBug2849731_3,15,0,void,public,true,true,true,true
C:\Users\simon\Documents\Code\thesis-code\jfreechart-master\src\test\java\org\jfree\data\general\DatasetUtilsTest.java,DatasetUtilsTest.java,DatasetUtilsTest,testFindYValue,14,0,void,public,true,true,true,true
C:\Users\simon\Documents\Code\thesis-code\jfreechart-master\src\test\java\org\jfree\data\general\DatasetUtilsTest.java,DatasetUtilsTest.java,DatasetUtilsTest,testFindYValueNonSorted,16,0,void,public,true,true,true,true
C:\Users\simon\Documents\Code\thesis-code\jfreechart-master\src\test\java\org\jfree\data\general\DatasetUtilsTest.java,DatasetUtilsTest.java,DatasetUtilsTest,testFindYValueWithDuplicates,18,0,void,public,true,true,true,true
C:\Users\simon\Documents\Code\thesis-code\jfreechart-master\src\test\java\org\jfree\data\general\DatasetUtilsTest.java,DatasetUtilsTest.java,DatasetUtilsTest,testFindZBounds,21,0,void,public,true,true,true,true
C:\Users\simon\Documents\Code\thesis-code\jfreechart-master\src\test\java\org\jfree\data\general\DefaultHeatMapDatasetTest.java,DefaultHeatMapDatasetTest.java,DefaultHeatMapDatasetTest,datasetChanged,1,1,void,public,false,false,true,true
C:\Users\simon\Documents\Code\thesis-code\jfreechart-master\src\test\java\org\jfree\data\general\DefaultHeatMapDatasetTest.java,DefaultHeatMapDatasetTest.java,DefaultHeatMapDatasetTest,testGeneral,15,0,void,public,true,true,true,true
C:\Users\simon\Documents\Code\thesis-code\jfreechart-master\src\test\java\org\jfree\data\general\DefaultHeatMapDatasetTest.java,DefaultHeatMapDatasetTest.java,DefaultHeatMapDatasetTest,testEquals,43,0,void,public,true,true,true,true
C:\Users\simon\Documents\Code\thesis-code\jfreechart-master\src\test\java\org\jfree\data\general\DefaultHeatMapDatasetTest.java,DefaultHeatMapDatasetTest.java,DefaultHeatMapDatasetTest,testCloning,13,0,void,public,true,true,true,true
C:\Users\simon\Documents\Code\thesis-code\jfreechart-master\src\test\java\org\jfree\data\general\DefaultHeatMapDatasetTest.java,DefaultHeatMapDatasetTest.java,DefaultHeatMapDatasetTest,testSerialization,7,0,void,public,true,true,true,true
C:\Users\simon\Documents\Code\thesis-code\jfreechart-master\src\test\java\org\jfree\data\general\DefaultKeyedValueDatasetTest.java,DefaultKeyedValueDatasetTest.java,DefaultKeyedValueDatasetTest,testEquals,10,0,void,public,true,true,true,true
C:\Users\simon\Documents\Code\thesis-code\jfreechart-master\src\test\java\org\jfree\data\general\DefaultKeyedValueDatasetTest.java,DefaultKeyedValueDatasetTest.java,DefaultKeyedValueDatasetTest,testCloning,5,0,void,public,true,true,true,true
C:\Users\simon\Documents\Code\thesis-code\jfreechart-master\src\test\java\org\jfree\data\general\DefaultKeyedValueDatasetTest.java,DefaultKeyedValueDatasetTest.java,DefaultKeyedValueDatasetTest,testCloneIndependence,7,0,void,public,true,true,true,true
C:\Users\simon\Documents\Code\thesis-code\jfreechart-master\src\test\java\org\jfree\data\general\DefaultKeyedValueDatasetTest.java,DefaultKeyedValueDatasetTest.java,DefaultKeyedValueDatasetTest,testSerialization,3,0,void,public,true,true,true,true
C:\Users\simon\Documents\Code\thesis-code\jfreechart-master\src\test\java\org\jfree\data\general\DefaultKeyedValues2DDatasetTest.java,DefaultKeyedValues2DDatasetTest.java,DefaultKeyedValues2DDatasetTest,testCloning,8,0,void,public,true,true,true,true
C:\Users\simon\Documents\Code\thesis-code\jfreechart-master\src\test\java\org\jfree\data\general\DefaultKeyedValues2DDatasetTest.java,DefaultKeyedValues2DDatasetTest.java,DefaultKeyedValues2DDatasetTest,testSerialization,7,0,void,public,true,true,true,true
C:\Users\simon\Documents\Code\thesis-code\jfreechart-master\src\test\java\org\jfree\data\general\DefaultKeyedValuesDatasetTest.java,DefaultKeyedValuesDatasetTest.java,DefaultKeyedValuesDatasetTest,testCloning,8,0,void,public,true,true,true,true
C:\Users\simon\Documents\Code\thesis-code\jfreechart-master\src\test\java\org\jfree\data\general\DefaultKeyedValuesDatasetTest.java,DefaultKeyedValuesDatasetTest.java,DefaultKeyedValuesDatasetTest,testSerialization,7,0,void,public,true,true,true,true
C:\Users\simon\Documents\Code\thesis-code\jfreechart-master\src\test\java\org\jfree\data\general\DefaultPieDatasetTest.java,DefaultPieDatasetTest.java,DefaultPieDatasetTest,datasetChanged,1,1,void,public,false,false,true,true
C:\Users\simon\Documents\Code\thesis-code\jfreechart-master\src\test\java\org\jfree\data\general\DefaultPieDatasetTest.java,DefaultPieDatasetTest.java,DefaultPieDatasetTest,testClear,10,0,void,public,true,true,true,true
C:\Users\simon\Documents\Code\thesis-code\jfreechart-master\src\test\java\org\jfree\data\general\DefaultPieDatasetTest.java,DefaultPieDatasetTest.java,DefaultPieDatasetTest,testGetKey,11,0,void,public,true,true,true,true
C:\Users\simon\Documents\Code\thesis-code\jfreechart-master\src\test\java\org\jfree\data\general\DefaultPieDatasetTest.java,DefaultPieDatasetTest.java,DefaultPieDatasetTest,testGetIndex,9,0,void,public,true,true,true,true
C:\Users\simon\Documents\Code\thesis-code\jfreechart-master\src\test\java\org\jfree\data\general\DefaultPieDatasetTest.java,DefaultPieDatasetTest.java,DefaultPieDatasetTest,testCloning,8,0,void,public,true,true,true,true
C:\Users\simon\Documents\Code\thesis-code\jfreechart-master\src\test\java\org\jfree\data\general\DefaultPieDatasetTest.java,DefaultPieDatasetTest.java,DefaultPieDatasetTest,testSerialization,7,0,void,public,true,true,true,true
C:\Users\simon\Documents\Code\thesis-code\jfreechart-master\src\test\java\org\jfree\data\general\DefaultPieDatasetTest.java,DefaultPieDatasetTest.java,DefaultPieDatasetTest,testBug212,6,0,void,public,true,true,true,true
C:\Users\simon\Documents\Code\thesis-code\jfreechart-master\src\test\java\org\jfree\data\general\TestIntervalCategoryDataset.java,TestIntervalCategoryDataset.java,TestIntervalCategoryDataset,getRowCount,1,0,int,public,false,false,true,true
C:\Users\simon\Documents\Code\thesis-code\jfreechart-master\src\test\java\org\jfree\data\general\TestIntervalCategoryDataset.java,TestIntervalCategoryDataset.java,TestIntervalCategoryDataset,getColumnCount,1,0,int,public,false,false,true,true
C:\Users\simon\Documents\Code\thesis-code\jfreechart-master\src\test\java\org\jfree\data\general\TestIntervalCategoryDataset.java,TestIntervalCategoryDataset.java,TestIntervalCategoryDataset,getValue,3,2,Number,public,false,false,true,true
C:\Users\simon\Documents\Code\thesis-code\jfreechart-master\src\test\java\org\jfree\data\general\TestIntervalCategoryDataset.java,TestIntervalCategoryDataset.java,TestIntervalCategoryDataset,getRowKey,1,1,R,public,false,false,true,true
C:\Users\simon\Documents\Code\thesis-code\jfreechart-master\src\test\java\org\jfree\data\general\TestIntervalCategoryDataset.java,TestIntervalCategoryDataset.java,TestIntervalCategoryDataset,getRowIndex,1,1,int,public,false,false,true,true
C:\Users\simon\Documents\Code\thesis-code\jfreechart-master\src\test\java\org\jfree\data\general\TestIntervalCategoryDataset.java,TestIntervalCategoryDataset.java,TestIntervalCategoryDataset,getRowKeys,1,0,List<R>,public,false,false,true,true
C:\Users\simon\Documents\Code\thesis-code\jfreechart-master\src\test\java\org\jfree\data\general\TestIntervalCategoryDataset.java,TestIntervalCategoryDataset.java,TestIntervalCategoryDataset,getColumnKey,1,1,C,public,false,false,true,true
C:\Users\simon\Documents\Code\thesis-code\jfreechart-master\src\test\java\org\jfree\data\general\TestIntervalCategoryDataset.java,TestIntervalCategoryDataset.java,TestIntervalCategoryDataset,getColumnIndex,1,1,int,public,false,false,true,true
C:\Users\simon\Documents\Code\thesis-code\jfreechart-master\src\test\java\org\jfree\data\general\TestIntervalCategoryDataset.java,TestIntervalCategoryDataset.java,TestIntervalCategoryDataset,getColumnKeys,1,0,List<C>,public,false,false,true,true
C:\Users\simon\Documents\Code\thesis-code\jfreechart-master\src\test\java\org\jfree\data\general\TestIntervalCategoryDataset.java,TestIntervalCategoryDataset.java,TestIntervalCategoryDataset,getValue,3,2,Number,public,false,false,true,true
C:\Users\simon\Documents\Code\thesis-code\jfreechart-master\src\test\java\org\jfree\data\general\TestIntervalCategoryDataset.java,TestIntervalCategoryDataset.java,TestIntervalCategoryDataset,addItem,3,5,void,public,false,false,true,true
C:\Users\simon\Documents\Code\thesis-code\jfreechart-master\src\test\java\org\jfree\data\general\TestIntervalCategoryDataset.java,TestIntervalCategoryDataset.java,TestIntervalCategoryDataset,addItem,1,5,void,public,false,false,true,true
C:\Users\simon\Documents\Code\thesis-code\jfreechart-master\src\test\java\org\jfree\data\general\TestIntervalCategoryDataset.java,TestIntervalCategoryDataset.java,TestIntervalCategoryDataset,setItem,3,5,void,public,false,false,true,true
C:\Users\simon\Documents\Code\thesis-code\jfreechart-master\src\test\java\org\jfree\data\general\TestIntervalCategoryDataset.java,TestIntervalCategoryDataset.java,TestIntervalCategoryDataset,setItem,1,5,void,public,false,false,true,true
C:\Users\simon\Documents\Code\thesis-code\jfreechart-master\src\test\java\org\jfree\data\general\TestIntervalCategoryDataset.java,TestIntervalCategoryDataset.java,TestIntervalCategoryDataset,removeItem,2,2,void,public,false,false,true,true
C:\Users\simon\Documents\Code\thesis-code\jfreechart-master\src\test\java\org\jfree\data\general\TestIntervalCategoryDataset.java,TestIntervalCategoryDataset.java,TestIntervalCategoryDataset,removeRow,2,1,void,public,false,false,true,true
C:\Users\simon\Documents\Code\thesis-code\jfreechart-master\src\test\java\org\jfree\data\general\TestIntervalCategoryDataset.java,TestIntervalCategoryDataset.java,TestIntervalCategoryDataset,removeRow,2,1,void,public,false,false,true,true
C:\Users\simon\Documents\Code\thesis-code\jfreechart-master\src\test\java\org\jfree\data\general\TestIntervalCategoryDataset.java,TestIntervalCategoryDataset.java,TestIntervalCategoryDataset,removeColumn,2,1,void,public,false,false,true,true
C:\Users\simon\Documents\Code\thesis-code\jfreechart-master\src\test\java\org\jfree\data\general\TestIntervalCategoryDataset.java,TestIntervalCategoryDataset.java,TestIntervalCategoryDataset,removeColumn,2,1,void,public,false,false,true,true
C:\Users\simon\Documents\Code\thesis-code\jfreechart-master\src\test\java\org\jfree\data\general\TestIntervalCategoryDataset.java,TestIntervalCategoryDataset.java,TestIntervalCategoryDataset,clear,2,0,void,public,false,false,true,true
C:\Users\simon\Documents\Code\thesis-code\jfreechart-master\src\test\java\org\jfree\data\general\TestIntervalCategoryDataset.java,TestIntervalCategoryDataset.java,TestIntervalCategoryDataset,equals,9,1,boolean,public,false,false,true,true
C:\Users\simon\Documents\Code\thesis-code\jfreechart-master\src\test\java\org\jfree\data\general\TestIntervalCategoryDataset.java,TestIntervalCategoryDataset.java,TestIntervalCategoryDataset,hashCode,1,0,int,public,false,false,true,true
C:\Users\simon\Documents\Code\thesis-code\jfreechart-master\src\test\java\org\jfree\data\general\TestIntervalCategoryDataset.java,TestIntervalCategoryDataset.java,TestIntervalCategoryDataset,clone,3,0,Object,public,false,false,true,true
C:\Users\simon\Documents\Code\thesis-code\jfreechart-master\src\test\java\org\jfree\data\general\TestIntervalCategoryDataset.java,TestIntervalCategoryDataset.java,TestIntervalCategoryDataset,getStartValue,3,2,Number,public,false,false,true,true
C:\Users\simon\Documents\Code\thesis-code\jfreechart-master\src\test\java\org\jfree\data\general\TestIntervalCategoryDataset.java,TestIntervalCategoryDataset.java,TestIntervalCategoryDataset,getStartValue,3,2,Number,public,false,false,true,true
C:\Users\simon\Documents\Code\thesis-code\jfreechart-master\src\test\java\org\jfree\data\general\TestIntervalCategoryDataset.java,TestIntervalCategoryDataset.java,TestIntervalCategoryDataset,getEndValue,3,2,Number,public,false,false,true,true
C:\Users\simon\Documents\Code\thesis-code\jfreechart-master\src\test\java\org\jfree\data\general\TestIntervalCategoryDataset.java,TestIntervalCategoryDataset.java,TestIntervalCategoryDataset,getEndValue,3,2,Number,public,false,false,true,true
C:\Users\simon\Documents\Code\thesis-code\jfreechart-master\src\test\java\org\jfree\data\general\TestIntervalXYZDataset.java,TestIntervalXYZDataset.java,TestIntervalXYZDataset,getStartXValue,1,2,Number,public,false,false,true,true
C:\Users\simon\Documents\Code\thesis-code\jfreechart-master\src\test\java\org\jfree\data\general\TestIntervalXYZDataset.java,TestIntervalXYZDataset.java,TestIntervalXYZDataset,getEndXValue,1,2,Number,public,false,false,true,true
C:\Users\simon\Documents\Code\thesis-code\jfreechart-master\src\test\java\org\jfree\data\general\TestIntervalXYZDataset.java,TestIntervalXYZDataset.java,TestIntervalXYZDataset,getStartYValue,1,2,Number,public,false,false,true,true
C:\Users\simon\Documents\Code\thesis-code\jfreechart-master\src\test\java\org\jfree\data\general\TestIntervalXYZDataset.java,TestIntervalXYZDataset.java,TestIntervalXYZDataset,getEndYValue,1,2,Number,public,false,false,true,true
C:\Users\simon\Documents\Code\thesis-code\jfreechart-master\src\test\java\org\jfree\data\general\TestIntervalXYZDataset.java,TestIntervalXYZDataset.java,TestIntervalXYZDataset,getStartZValue,1,2,Number,public,false,false,true,true
C:\Users\simon\Documents\Code\thesis-code\jfreechart-master\src\test\java\org\jfree\data\general\TestIntervalXYZDataset.java,TestIntervalXYZDataset.java,TestIntervalXYZDataset,getEndZValue,1,2,Number,public,false,false,true,true
C:\Users\simon\Documents\Code\thesis-code\jfreechart-master\src\test\java\org\jfree\data\general\TestIntervalXYZDataset.java,TestIntervalXYZDataset.java,TestIntervalXYZDataset,getZ,1,2,Number,public,false,false,true,true
C:\Users\simon\Documents\Code\thesis-code\jfreechart-master\src\test\java\org\jfree\data\general\TestIntervalXYZDataset.java,TestIntervalXYZDataset.java,TestIntervalXYZDataset,getZValue,1,2,double,public,false,false,true,true
C:\Users\simon\Documents\Code\thesis-code\jfreechart-master\src\test\java\org\jfree\data\general\TestIntervalXYZDataset.java,TestIntervalXYZDataset.java,TestIntervalXYZDataset,getDomainOrder,1,0,DomainOrder,public,false,false,true,true
C:\Users\simon\Documents\Code\thesis-code\jfreechart-master\src\test\java\org\jfree\data\general\TestIntervalXYZDataset.java,TestIntervalXYZDataset.java,TestIntervalXYZDataset,getItemCount,1,1,int,public,false,false,true,true
C:\Users\simon\Documents\Code\thesis-code\jfreechart-master\src\test\java\org\jfree\data\general\TestIntervalXYZDataset.java,TestIntervalXYZDataset.java,TestIntervalXYZDataset,getX,1,2,Number,public,false,false,true,true
C:\Users\simon\Documents\Code\thesis-code\jfreechart-master\src\test\java\org\jfree\data\general\TestIntervalXYZDataset.java,TestIntervalXYZDataset.java,TestIntervalXYZDataset,getXValue,1,2,double,public,false,false,true,true
C:\Users\simon\Documents\Code\thesis-code\jfreechart-master\src\test\java\org\jfree\data\general\TestIntervalXYZDataset.java,TestIntervalXYZDataset.java,TestIntervalXYZDataset,getY,1,2,Number,public,false,false,true,true
C:\Users\simon\Documents\Code\thesis-code\jfreechart-master\src\test\java\org\jfree\data\general\TestIntervalXYZDataset.java,TestIntervalXYZDataset.java,TestIntervalXYZDataset,getYValue,1,2,double,public,false,false,true,true
C:\Users\simon\Documents\Code\thesis-code\jfreechart-master\src\test\java\org\jfree\data\general\TestIntervalXYZDataset.java,TestIntervalXYZDataset.java,TestIntervalXYZDataset,getSeriesCount,1,0,int,public,false,false,true,true
C:\Users\simon\Documents\Code\thesis-code\jfreechart-master\src\test\java\org\jfree\data\general\TestIntervalXYZDataset.java,TestIntervalXYZDataset.java,TestIntervalXYZDataset,getSeriesKey,1,1,Integer,public,false,false,true,true
C:\Users\simon\Documents\Code\thesis-code\jfreechart-master\src\test\java\org\jfree\data\general\TestIntervalXYZDataset.java,TestIntervalXYZDataset.java,TestIntervalXYZDataset,indexOf,1,1,int,public,false,false,true,true
C:\Users\simon\Documents\Code\thesis-code\jfreechart-master\src\test\java\org\jfree\data\general\TestIntervalXYZDataset.java,TestIntervalXYZDataset.java,TestIntervalXYZDataset,addChangeListener,1,1,void,public,false,false,true,true
C:\Users\simon\Documents\Code\thesis-code\jfreechart-master\src\test\java\org\jfree\data\general\TestIntervalXYZDataset.java,TestIntervalXYZDataset.java,TestIntervalXYZDataset,removeChangeListener,1,1,void,public,false,false,true,true
C:\Users\simon\Documents\Code\thesis-code\jfreechart-master\src\test\java\org\jfree\data\KeyedObjects2DTest.java,KeyedObjects2DTest.java,KeyedObjects2DTest,testEquals,8,0,void,public,true,true,true,true
C:\Users\simon\Documents\Code\thesis-code\jfreechart-master\src\test\java\org\jfree\data\KeyedObjects2DTest.java,KeyedObjects2DTest.java,KeyedObjects2DTest,testCloning,10,0,void,public,true,true,true,true
C:\Users\simon\Documents\Code\thesis-code\jfreechart-master\src\test\java\org\jfree\data\KeyedObjects2DTest.java,KeyedObjects2DTest.java,KeyedObjects2DTest,testSerialization,7,0,void,public,true,true,true,true
C:\Users\simon\Documents\Code\thesis-code\jfreechart-master\src\test\java\org\jfree\data\KeyedObjects2DTest.java,KeyedObjects2DTest.java,KeyedObjects2DTest,testGetValueByIndex,19,0,void,public,true,true,true,true
C:\Users\simon\Documents\Code\thesis-code\jfreechart-master\src\test\java\org\jfree\data\KeyedObjects2DTest.java,KeyedObjects2DTest.java,KeyedObjects2DTest,testGetValueByKey,19,0,void,public,true,true,true,true
C:\Users\simon\Documents\Code\thesis-code\jfreechart-master\src\test\java\org\jfree\data\KeyedObjects2DTest.java,KeyedObjects2DTest.java,KeyedObjects2DTest,testSetObject,15,0,void,public,true,true,true,true
C:\Users\simon\Documents\Code\thesis-code\jfreechart-master\src\test\java\org\jfree\data\KeyedObjects2DTest.java,KeyedObjects2DTest.java,KeyedObjects2DTest,testRemoveRowByIndex,12,0,void,public,true,true,true,true
C:\Users\simon\Documents\Code\thesis-code\jfreechart-master\src\test\java\org\jfree\data\KeyedObjects2DTest.java,KeyedObjects2DTest.java,KeyedObjects2DTest,testRemoveColumnByIndex,12,0,void,public,true,true,true,true
C:\Users\simon\Documents\Code\thesis-code\jfreechart-master\src\test\java\org\jfree\data\KeyedObjects2DTest.java,KeyedObjects2DTest.java,KeyedObjects2DTest,testRemoveRowByKey,12,0,void,public,true,true,true,true
C:\Users\simon\Documents\Code\thesis-code\jfreechart-master\src\test\java\org\jfree\data\KeyedObjects2DTest.java,KeyedObjects2DTest.java,KeyedObjects2DTest,testRemoveColumnByKey,12,0,void,public,true,true,true,true
C:\Users\simon\Documents\Code\thesis-code\jfreechart-master\src\test\java\org\jfree\data\KeyedObjects2DTest.java,KeyedObjects2DTest.java,KeyedObjects2DTest,testRemoveValue,7,0,void,public,true,true,true,true
C:\Users\simon\Documents\Code\thesis-code\jfreechart-master\src\test\java\org\jfree\data\KeyedObjectsTest.java,KeyedObjectsTest.java,KeyedObjectsTest,testCloning,8,0,void,public,true,true,true,true
C:\Users\simon\Documents\Code\thesis-code\jfreechart-master\src\test\java\org\jfree\data\KeyedObjectsTest.java,KeyedObjectsTest.java,KeyedObjectsTest,testCloning2,16,0,void,public,true,true,true,true
C:\Users\simon\Documents\Code\thesis-code\jfreechart-master\src\test\java\org\jfree\data\KeyedObjectsTest.java,KeyedObjectsTest.java,KeyedObjectsTest,testInsertAndRetrieve,20,0,void,public,true,true,true,true
C:\Users\simon\Documents\Code\thesis-code\jfreechart-master\src\test\java\org\jfree\data\KeyedObjectsTest.java,KeyedObjectsTest.java,KeyedObjectsTest,testSerialization,6,0,void,public,true,true,true,true
C:\Users\simon\Documents\Code\thesis-code\jfreechart-master\src\test\java\org\jfree\data\KeyedObjectsTest.java,KeyedObjectsTest.java,KeyedObjectsTest,testGetObject,13,0,void,public,true,true,true,true
C:\Users\simon\Documents\Code\thesis-code\jfreechart-master\src\test\java\org\jfree\data\KeyedObjectsTest.java,KeyedObjectsTest.java,KeyedObjectsTest,testGetKey,13,0,void,public,true,true,true,true
C:\Users\simon\Documents\Code\thesis-code\jfreechart-master\src\test\java\org\jfree\data\KeyedObjectsTest.java,KeyedObjectsTest.java,KeyedObjectsTest,testGetIndex,10,0,void,public,true,true,true,true
C:\Users\simon\Documents\Code\thesis-code\jfreechart-master\src\test\java\org\jfree\data\KeyedObjectsTest.java,KeyedObjectsTest.java,KeyedObjectsTest,testSetObject,14,0,void,public,true,true,true,true
C:\Users\simon\Documents\Code\thesis-code\jfreechart-master\src\test\java\org\jfree\data\KeyedObjectsTest.java,KeyedObjectsTest.java,KeyedObjectsTest,testRemoveValue,16,0,void,public,true,true,true,true
C:\Users\simon\Documents\Code\thesis-code\jfreechart-master\src\test\java\org\jfree\data\KeyedObjectsTest.java,KeyedObjectsTest.java,KeyedObjectsTest,testRemoveValueInt,13,0,void,public,true,true,true,true
C:\Users\simon\Documents\Code\thesis-code\jfreechart-master\src\test\java\org\jfree\data\KeyedObjectTest.java,KeyedObjectTest.java,KeyedObjectTest,testEquals,10,0,void,public,true,true,true,true
C:\Users\simon\Documents\Code\thesis-code\jfreechart-master\src\test\java\org\jfree\data\KeyedObjectTest.java,KeyedObjectTest.java,KeyedObjectTest,testCloning,5,0,void,public,true,true,true,true
C:\Users\simon\Documents\Code\thesis-code\jfreechart-master\src\test\java\org\jfree\data\KeyedObjectTest.java,KeyedObjectTest.java,KeyedObjectTest,testCloning2,14,0,void,public,true,true,true,true
C:\Users\simon\Documents\Code\thesis-code\jfreechart-master\src\test\java\org\jfree\data\KeyedObjectTest.java,KeyedObjectTest.java,KeyedObjectTest,testSerialization,3,0,void,public,true,true,true,true
C:\Users\simon\Documents\Code\thesis-code\jfreechart-master\src\test\java\org\jfree\data\KeyToGroupMapTest.java,KeyToGroupMapTest.java,KeyToGroupMapTest,testMapKeyToGroup,10,0,void,public,true,true,true,true
C:\Users\simon\Documents\Code\thesis-code\jfreechart-master\src\test\java\org\jfree\data\KeyToGroupMapTest.java,KeyToGroupMapTest.java,KeyToGroupMapTest,testGroupCount,14,0,void,public,true,true,true,true
C:\Users\simon\Documents\Code\thesis-code\jfreechart-master\src\test\java\org\jfree\data\KeyToGroupMapTest.java,KeyToGroupMapTest.java,KeyToGroupMapTest,testKeyCount,18,0,void,public,true,true,true,true
C:\Users\simon\Documents\Code\thesis-code\jfreechart-master\src\test\java\org\jfree\data\KeyToGroupMapTest.java,KeyToGroupMapTest.java,KeyToGroupMapTest,testGetGroupIndex,9,0,void,public,true,true,true,true
C:\Users\simon\Documents\Code\thesis-code\jfreechart-master\src\test\java\org\jfree\data\KeyToGroupMapTest.java,KeyToGroupMapTest.java,KeyToGroupMapTest,testGetGroup,11,0,void,public,true,true,true,true
C:\Users\simon\Documents\Code\thesis-code\jfreechart-master\src\test\java\org\jfree\data\KeyToGroupMapTest.java,KeyToGroupMapTest.java,KeyToGroupMapTest,testEquals,8,0,void,public,true,true,true,true
C:\Users\simon\Documents\Code\thesis-code\jfreechart-master\src\test\java\org\jfree\data\KeyToGroupMapTest.java,KeyToGroupMapTest.java,KeyToGroupMapTest,testCloning,10,0,void,public,true,true,true,true
C:\Users\simon\Documents\Code\thesis-code\jfreechart-master\src\test\java\org\jfree\data\KeyToGroupMapTest.java,KeyToGroupMapTest.java,KeyToGroupMapTest,testSerialization,3,0,void,public,true,true,true,true
C:\Users\simon\Documents\Code\thesis-code\jfreechart-master\src\test\java\org\jfree\data\RangeTest.java,RangeTest.java,RangeTest,testConstructor,4,0,void,public,true,true,true,true
C:\Users\simon\Documents\Code\thesis-code\jfreechart-master\src\test\java\org\jfree\data\RangeTest.java,RangeTest.java,RangeTest,testEquals,11,0,void,public,true,true,true,true
C:\Users\simon\Documents\Code\thesis-code\jfreechart-master\src\test\java\org\jfree\data\RangeTest.java,RangeTest.java,RangeTest,testHashCode,6,0,void,public,true,true,true,true
C:\Users\simon\Documents\Code\thesis-code\jfreechart-master\src\test\java\org\jfree\data\RangeTest.java,RangeTest.java,RangeTest,testContains,9,0,void,public,true,true,true,true
C:\Users\simon\Documents\Code\thesis-code\jfreechart-master\src\test\java\org\jfree\data\RangeTest.java,RangeTest.java,RangeTest,testConstrain,17,0,void,public,true,true,true,true
C:\Users\simon\Documents\Code\thesis-code\jfreechart-master\src\test\java\org\jfree\data\RangeTest.java,RangeTest.java,RangeTest,testIntersects,14,0,void,public,true,true,true,true
C:\Users\simon\Documents\Code\thesis-code\jfreechart-master\src\test\java\org\jfree\data\RangeTest.java,RangeTest.java,RangeTest,testExpand,10,0,void,public,true,true,true,true
C:\Users\simon\Documents\Code\thesis-code\jfreechart-master\src\test\java\org\jfree\data\RangeTest.java,RangeTest.java,RangeTest,testShift,27,0,void,public,true,true,true,true
C:\Users\simon\Documents\Code\thesis-code\jfreechart-master\src\test\java\org\jfree\data\RangeTest.java,RangeTest.java,RangeTest,testScale,12,0,void,public,true,true,true,true
C:\Users\simon\Documents\Code\thesis-code\jfreechart-master\src\test\java\org\jfree\data\RangeTest.java,RangeTest.java,RangeTest,testSerialization,3,0,void,public,true,true,true,true
C:\Users\simon\Documents\Code\thesis-code\jfreechart-master\src\test\java\org\jfree\data\RangeTest.java,RangeTest.java,RangeTest,testCombine,14,0,void,public,true,true,true,true
C:\Users\simon\Documents\Code\thesis-code\jfreechart-master\src\test\java\org\jfree\data\RangeTest.java,RangeTest.java,RangeTest,testCombineIgnoringNaN,14,0,void,public,true,true,true,true
C:\Users\simon\Documents\Code\thesis-code\jfreechart-master\src\test\java\org\jfree\data\RangeTest.java,RangeTest.java,RangeTest,testIsNaNRange,4,0,void,public,true,true,true,true
C:\Users\simon\Documents\Code\thesis-code\jfreechart-master\src\test\java\org\jfree\data\RangeTypeTest.java,RangeTypeTest.java,RangeTypeTest,testEquals,12,0,void,public,true,true,true,true
C:\Users\simon\Documents\Code\thesis-code\jfreechart-master\src\test\java\org\jfree\data\RangeTypeTest.java,RangeTypeTest.java,RangeTypeTest,testHashCode,6,0,void,public,true,true,true,true
C:\Users\simon\Documents\Code\thesis-code\jfreechart-master\src\test\java\org\jfree\data\RangeTypeTest.java,RangeTypeTest.java,RangeTypeTest,testSerialization,3,0,void,public,true,true,true,true
C:\Users\simon\Documents\Code\thesis-code\jfreechart-master\src\test\java\org\jfree\data\statistics\BoxAndWhiskerCalculatorTest.java,BoxAndWhiskerCalculatorTest.java,BoxAndWhiskerCalculatorTest,testCalculateBoxAndWhiskerStatistics,10,0,void,public,true,true,true,true
C:\Users\simon\Documents\Code\thesis-code\jfreechart-master\src\test\java\org\jfree\data\statistics\BoxAndWhiskerCalculatorTest.java,BoxAndWhiskerCalculatorTest.java,BoxAndWhiskerCalculatorTest,testCalculateQ1,18,0,void,public,true,true,true,true
C:\Users\simon\Documents\Code\thesis-code\jfreechart-master\src\test\java\org\jfree\data\statistics\BoxAndWhiskerCalculatorTest.java,BoxAndWhiskerCalculatorTest.java,BoxAndWhiskerCalculatorTest,testCalculateQ3,18,0,void,public,true,true,true,true
C:\Users\simon\Documents\Code\thesis-code\jfreechart-master\src\test\java\org\jfree\data\statistics\BoxAndWhiskerCalculatorTest.java,BoxAndWhiskerCalculatorTest.java,BoxAndWhiskerCalculatorTest,test1593149,9,0,void,public,true,true,true,true
C:\Users\simon\Documents\Code\thesis-code\jfreechart-master\src\test\java\org\jfree\data\statistics\BoxAndWhiskerItemTest.java,BoxAndWhiskerItemTest.java,BoxAndWhiskerItemTest,testEquals,4,0,void,public,true,true,true,true
C:\Users\simon\Documents\Code\thesis-code\jfreechart-master\src\test\java\org\jfree\data\statistics\BoxAndWhiskerItemTest.java,BoxAndWhiskerItemTest.java,BoxAndWhiskerItemTest,testSerialization,3,0,void,public,true,true,true,true
C:\Users\simon\Documents\Code\thesis-code\jfreechart-master\src\test\java\org\jfree\data\statistics\DefaultBoxAndWhiskerCategoryDatasetTest.java,DefaultBoxAndWhiskerCategoryDatasetTest.java,DefaultBoxAndWhiskerCategoryDatasetTest,testEquals,6,0,void,public,true,true,true,true
C:\Users\simon\Documents\Code\thesis-code\jfreechart-master\src\test\java\org\jfree\data\statistics\DefaultBoxAndWhiskerCategoryDatasetTest.java,DefaultBoxAndWhiskerCategoryDatasetTest.java,DefaultBoxAndWhiskerCategoryDatasetTest,testSerialization,4,0,void,public,true,true,true,true
C:\Users\simon\Documents\Code\thesis-code\jfreechart-master\src\test\java\org\jfree\data\statistics\DefaultBoxAndWhiskerCategoryDatasetTest.java,DefaultBoxAndWhiskerCategoryDatasetTest.java,DefaultBoxAndWhiskerCategoryDatasetTest,testCloning,8,0,void,public,true,true,true,true
C:\Users\simon\Documents\Code\thesis-code\jfreechart-master\src\test\java\org\jfree\data\statistics\DefaultBoxAndWhiskerCategoryDatasetTest.java,DefaultBoxAndWhiskerCategoryDatasetTest.java,DefaultBoxAndWhiskerCategoryDatasetTest,test1701822,2,0,void,public,true,true,true,true
C:\Users\simon\Documents\Code\thesis-code\jfreechart-master\src\test\java\org\jfree\data\statistics\DefaultBoxAndWhiskerCategoryDatasetTest.java,DefaultBoxAndWhiskerCategoryDatasetTest.java,DefaultBoxAndWhiskerCategoryDatasetTest,testAdd,13,0,void,public,true,true,true,true
C:\Users\simon\Documents\Code\thesis-code\jfreechart-master\src\test\java\org\jfree\data\statistics\DefaultBoxAndWhiskerCategoryDatasetTest.java,DefaultBoxAndWhiskerCategoryDatasetTest.java,DefaultBoxAndWhiskerCategoryDatasetTest,testAddUpdatesCachedRange,15,0,void,public,true,true,true,true
C:\Users\simon\Documents\Code\thesis-code\jfreechart-master\src\test\java\org\jfree\data\statistics\DefaultBoxAndWhiskerCategoryDatasetTest.java,DefaultBoxAndWhiskerCategoryDatasetTest.java,DefaultBoxAndWhiskerCategoryDatasetTest,testConstructor,5,0,void,public,true,true,true,true
C:\Users\simon\Documents\Code\thesis-code\jfreechart-master\src\test\java\org\jfree\data\statistics\DefaultBoxAndWhiskerCategoryDatasetTest.java,DefaultBoxAndWhiskerCategoryDatasetTest.java,DefaultBoxAndWhiskerCategoryDatasetTest,testGetRangeBounds,13,0,void,public,true,true,true,true
C:\Users\simon\Documents\Code\thesis-code\jfreechart-master\src\test\java\org\jfree\data\statistics\DefaultBoxAndWhiskerCategoryDatasetTest.java,DefaultBoxAndWhiskerCategoryDatasetTest.java,DefaultBoxAndWhiskerCategoryDatasetTest,testRemove,13,0,void,public,true,true,true,true
C:\Users\simon\Documents\Code\thesis-code\jfreechart-master\src\test\java\org\jfree\data\statistics\DefaultBoxAndWhiskerXYDatasetTest.java,DefaultBoxAndWhiskerXYDatasetTest.java,DefaultBoxAndWhiskerXYDatasetTest,testEquals,7,0,void,public,true,true,true,true
C:\Users\simon\Documents\Code\thesis-code\jfreechart-master\src\test\java\org\jfree\data\statistics\DefaultBoxAndWhiskerXYDatasetTest.java,DefaultBoxAndWhiskerXYDatasetTest.java,DefaultBoxAndWhiskerXYDatasetTest,testSerialization,6,0,void,public,true,true,true,true
C:\Users\simon\Documents\Code\thesis-code\jfreechart-master\src\test\java\org\jfree\data\statistics\DefaultBoxAndWhiskerXYDatasetTest.java,DefaultBoxAndWhiskerXYDatasetTest.java,DefaultBoxAndWhiskerXYDatasetTest,testCloning,8,0,void,public,true,true,true,true
C:\Users\simon\Documents\Code\thesis-code\jfreechart-master\src\test\java\org\jfree\data\statistics\DefaultBoxAndWhiskerXYDatasetTest.java,DefaultBoxAndWhiskerXYDatasetTest.java,DefaultBoxAndWhiskerXYDatasetTest,testAdd,13,0,void,public,true,true,true,true
C:\Users\simon\Documents\Code\thesis-code\jfreechart-master\src\test\java\org\jfree\data\statistics\DefaultBoxAndWhiskerXYDatasetTest.java,DefaultBoxAndWhiskerXYDatasetTest.java,DefaultBoxAndWhiskerXYDatasetTest,testConstructor,5,0,void,public,true,true,true,true
C:\Users\simon\Documents\Code\thesis-code\jfreechart-master\src\test\java\org\jfree\data\statistics\DefaultBoxAndWhiskerXYDatasetTest.java,DefaultBoxAndWhiskerXYDatasetTest.java,DefaultBoxAndWhiskerXYDatasetTest,testGetRangeBounds,10,0,void,public,true,true,true,true
C:\Users\simon\Documents\Code\thesis-code\jfreechart-master\src\test\java\org\jfree\data\statistics\DefaultMultiValueCategoryDatasetTest.java,DefaultMultiValueCategoryDatasetTest.java,DefaultMultiValueCategoryDatasetTest,testGetValue,12,0,void,public,true,true,true,true
C:\Users\simon\Documents\Code\thesis-code\jfreechart-master\src\test\java\org\jfree\data\statistics\DefaultMultiValueCategoryDatasetTest.java,DefaultMultiValueCategoryDatasetTest.java,DefaultMultiValueCategoryDatasetTest,testGetValue2,4,0,void,public,true,true,true,true
C:\Users\simon\Documents\Code\thesis-code\jfreechart-master\src\test\java\org\jfree\data\statistics\DefaultMultiValueCategoryDatasetTest.java,DefaultMultiValueCategoryDatasetTest.java,DefaultMultiValueCategoryDatasetTest,testGetRowCount,9,0,void,public,true,true,true,true
C:\Users\simon\Documents\Code\thesis-code\jfreechart-master\src\test\java\org\jfree\data\statistics\DefaultMultiValueCategoryDatasetTest.java,DefaultMultiValueCategoryDatasetTest.java,DefaultMultiValueCategoryDatasetTest,testGetColumnCount,9,0,void,public,true,true,true,true
C:\Users\simon\Documents\Code\thesis-code\jfreechart-master\src\test\java\org\jfree\data\statistics\DefaultMultiValueCategoryDatasetTest.java,DefaultMultiValueCategoryDatasetTest.java,DefaultMultiValueCategoryDatasetTest,testEquals,19,0,void,public,true,true,true,true
C:\Users\simon\Documents\Code\thesis-code\jfreechart-master\src\test\java\org\jfree\data\statistics\DefaultMultiValueCategoryDatasetTest.java,DefaultMultiValueCategoryDatasetTest.java,DefaultMultiValueCategoryDatasetTest,testSerialization,3,0,void,public,true,true,true,true
C:\Users\simon\Documents\Code\thesis-code\jfreechart-master\src\test\java\org\jfree\data\statistics\DefaultMultiValueCategoryDatasetTest.java,DefaultMultiValueCategoryDatasetTest.java,DefaultMultiValueCategoryDatasetTest,testAddValue,10,0,void,public,true,true,true,true
C:\Users\simon\Documents\Code\thesis-code\jfreechart-master\src\test\java\org\jfree\data\statistics\DefaultMultiValueCategoryDatasetTest.java,DefaultMultiValueCategoryDatasetTest.java,DefaultMultiValueCategoryDatasetTest,testCloning,18,0,void,public,true,true,true,true
C:\Users\simon\Documents\Code\thesis-code\jfreechart-master\src\test\java\org\jfree\data\statistics\DefaultStatisticalCategoryDatasetTest.java,DefaultStatisticalCategoryDatasetTest.java,DefaultStatisticalCategoryDatasetTest,testGetRangeBounds,17,0,void,public,true,true,true,true
C:\Users\simon\Documents\Code\thesis-code\jfreechart-master\src\test\java\org\jfree\data\statistics\DefaultStatisticalCategoryDatasetTest.java,DefaultStatisticalCategoryDatasetTest.java,DefaultStatisticalCategoryDatasetTest,testEquals,4,0,void,public,true,true,true,true
C:\Users\simon\Documents\Code\thesis-code\jfreechart-master\src\test\java\org\jfree\data\statistics\DefaultStatisticalCategoryDatasetTest.java,DefaultStatisticalCategoryDatasetTest.java,DefaultStatisticalCategoryDatasetTest,testCloning,12,0,void,public,true,true,true,true
C:\Users\simon\Documents\Code\thesis-code\jfreechart-master\src\test\java\org\jfree\data\statistics\DefaultStatisticalCategoryDatasetTest.java,DefaultStatisticalCategoryDatasetTest.java,DefaultStatisticalCategoryDatasetTest,testSerialization1,7,0,void,public,true,true,true,true
C:\Users\simon\Documents\Code\thesis-code\jfreechart-master\src\test\java\org\jfree\data\statistics\DefaultStatisticalCategoryDatasetTest.java,DefaultStatisticalCategoryDatasetTest.java,DefaultStatisticalCategoryDatasetTest,testSerialization2,4,0,void,public,true,true,true,true
C:\Users\simon\Documents\Code\thesis-code\jfreechart-master\src\test\java\org\jfree\data\statistics\DefaultStatisticalCategoryDatasetTest.java,DefaultStatisticalCategoryDatasetTest.java,DefaultStatisticalCategoryDatasetTest,testAdd,7,0,void,public,true,true,true,true
C:\Users\simon\Documents\Code\thesis-code\jfreechart-master\src\test\java\org\jfree\data\statistics\DefaultStatisticalCategoryDatasetTest.java,DefaultStatisticalCategoryDatasetTest.java,DefaultStatisticalCategoryDatasetTest,testGetRangeLowerBound,4,0,void,public,true,true,true,true
C:\Users\simon\Documents\Code\thesis-code\jfreechart-master\src\test\java\org\jfree\data\statistics\DefaultStatisticalCategoryDatasetTest.java,DefaultStatisticalCategoryDatasetTest.java,DefaultStatisticalCategoryDatasetTest,testGetRangeUpperBound,4,0,void,public,true,true,true,true
C:\Users\simon\Documents\Code\thesis-code\jfreechart-master\src\test\java\org\jfree\data\statistics\DefaultStatisticalCategoryDatasetTest.java,DefaultStatisticalCategoryDatasetTest.java,DefaultStatisticalCategoryDatasetTest,testGetRangeBounds2,7,0,void,public,true,true,true,true
C:\Users\simon\Documents\Code\thesis-code\jfreechart-master\src\test\java\org\jfree\data\statistics\DefaultStatisticalCategoryDatasetTest.java,DefaultStatisticalCategoryDatasetTest.java,DefaultStatisticalCategoryDatasetTest,testRemove,17,0,void,public,true,true,true,true
C:\Users\simon\Documents\Code\thesis-code\jfreechart-master\src\test\java\org\jfree\data\statistics\DefaultStatisticalCategoryDatasetTest.java,DefaultStatisticalCategoryDatasetTest.java,DefaultStatisticalCategoryDatasetTest,test3072674,7,0,void,public,true,true,true,true
C:\Users\simon\Documents\Code\thesis-code\jfreechart-master\src\test\java\org\jfree\data\statistics\HistogramBinTest.java,HistogramBinTest.java,HistogramBinTest,testEquals,5,0,void,public,true,true,true,true
C:\Users\simon\Documents\Code\thesis-code\jfreechart-master\src\test\java\org\jfree\data\statistics\HistogramBinTest.java,HistogramBinTest.java,HistogramBinTest,testCloning,7,0,void,public,true,true,true,true
C:\Users\simon\Documents\Code\thesis-code\jfreechart-master\src\test\java\org\jfree\data\statistics\HistogramBinTest.java,HistogramBinTest.java,HistogramBinTest,testSerialization,5,0,void,public,true,true,true,true
C:\Users\simon\Documents\Code\thesis-code\jfreechart-master\src\test\java\org\jfree\data\statistics\HistogramDatasetTest.java,HistogramDatasetTest.java,HistogramDatasetTest,testBins,8,0,void,public,true,true,true,true
C:\Users\simon\Documents\Code\thesis-code\jfreechart-master\src\test\java\org\jfree\data\statistics\HistogramDatasetTest.java,HistogramDatasetTest.java,HistogramDatasetTest,testEquals,11,0,void,public,true,true,true,true
C:\Users\simon\Documents\Code\thesis-code\jfreechart-master\src\test\java\org\jfree\data\statistics\HistogramDatasetTest.java,HistogramDatasetTest.java,HistogramDatasetTest,testCloning,11,0,void,public,true,true,true,true
C:\Users\simon\Documents\Code\thesis-code\jfreechart-master\src\test\java\org\jfree\data\statistics\HistogramDatasetTest.java,HistogramDatasetTest.java,HistogramDatasetTest,testSerialization,9,0,void,public,true,true,true,true
C:\Users\simon\Documents\Code\thesis-code\jfreechart-master\src\test\java\org\jfree\data\statistics\HistogramDatasetTest.java,HistogramDatasetTest.java,HistogramDatasetTest,testGetSeriesKey,4,0,void,public,true,true,true,true
C:\Users\simon\Documents\Code\thesis-code\jfreechart-master\src\test\java\org\jfree\data\statistics\HistogramDatasetTest.java,HistogramDatasetTest.java,HistogramDatasetTest,testAddSeries,9,0,void,public,true,true,true,true
C:\Users\simon\Documents\Code\thesis-code\jfreechart-master\src\test\java\org\jfree\data\statistics\HistogramDatasetTest.java,HistogramDatasetTest.java,HistogramDatasetTest,testAddSeries2,18,0,void,public,true,true,true,true
C:\Users\simon\Documents\Code\thesis-code\jfreechart-master\src\test\java\org\jfree\data\statistics\HistogramDatasetTest.java,HistogramDatasetTest.java,HistogramDatasetTest,testBinBoundaries,11,0,void,public,true,true,true,true
C:\Users\simon\Documents\Code\thesis-code\jfreechart-master\src\test\java\org\jfree\data\statistics\HistogramDatasetTest.java,HistogramDatasetTest.java,HistogramDatasetTest,test1553088,9,0,void,public,true,true,true,true
C:\Users\simon\Documents\Code\thesis-code\jfreechart-master\src\test\java\org\jfree\data\statistics\HistogramDatasetTest.java,HistogramDatasetTest.java,HistogramDatasetTest,test2902842,6,0,void,public,true,true,true,true
C:\Users\simon\Documents\Code\thesis-code\jfreechart-master\src\test\java\org\jfree\data\statistics\HistogramDatasetTest.java,HistogramDatasetTest.java,HistogramDatasetTest,datasetChanged,1,1,void,public,false,false,true,true
C:\Users\simon\Documents\Code\thesis-code\jfreechart-master\src\test\java\org\jfree\data\statistics\MeanAndStandardDeviationTest.java,MeanAndStandardDeviationTest.java,MeanAndStandardDeviationTest,testEquals,12,0,void,public,true,true,true,true
C:\Users\simon\Documents\Code\thesis-code\jfreechart-master\src\test\java\org\jfree\data\statistics\MeanAndStandardDeviationTest.java,MeanAndStandardDeviationTest.java,MeanAndStandardDeviationTest,testCloning,2,0,void,public,true,true,true,true
C:\Users\simon\Documents\Code\thesis-code\jfreechart-master\src\test\java\org\jfree\data\statistics\MeanAndStandardDeviationTest.java,MeanAndStandardDeviationTest.java,MeanAndStandardDeviationTest,testSerialization,3,0,void,public,true,true,true,true
C:\Users\simon\Documents\Code\thesis-code\jfreechart-master\src\test\java\org\jfree\data\statistics\RegressionTest.java,RegressionTest.java,RegressionTest,testOLSRegression1a,4,0,void,public,true,true,true,true
C:\Users\simon\Documents\Code\thesis-code\jfreechart-master\src\test\java\org\jfree\data\statistics\RegressionTest.java,RegressionTest.java,RegressionTest,testOLSRegression1b,7,0,void,public,true,true,true,true
C:\Users\simon\Documents\Code\thesis-code\jfreechart-master\src\test\java\org\jfree\data\statistics\RegressionTest.java,RegressionTest.java,RegressionTest,testPowerRegression1a,4,0,void,public,true,true,true,true
C:\Users\simon\Documents\Code\thesis-code\jfreechart-master\src\test\java\org\jfree\data\statistics\RegressionTest.java,RegressionTest.java,RegressionTest,testPowerRegression1b,7,0,void,public,true,true,true,true
C:\Users\simon\Documents\Code\thesis-code\jfreechart-master\src\test\java\org\jfree\data\statistics\RegressionTest.java,RegressionTest.java,RegressionTest,testOLSRegression2a,4,0,void,public,true,true,true,true
C:\Users\simon\Documents\Code\thesis-code\jfreechart-master\src\test\java\org\jfree\data\statistics\RegressionTest.java,RegressionTest.java,RegressionTest,testOLSRegression2b,7,0,void,public,true,true,true,true
C:\Users\simon\Documents\Code\thesis-code\jfreechart-master\src\test\java\org\jfree\data\statistics\RegressionTest.java,RegressionTest.java,RegressionTest,testPowerRegression2a,4,0,void,public,true,true,true,true
C:\Users\simon\Documents\Code\thesis-code\jfreechart-master\src\test\java\org\jfree\data\statistics\RegressionTest.java,RegressionTest.java,RegressionTest,testPowerRegression2b,7,0,void,public,true,true,true,true
C:\Users\simon\Documents\Code\thesis-code\jfreechart-master\src\test\java\org\jfree\data\statistics\RegressionTest.java,RegressionTest.java,RegressionTest,createSampleData1,24,0,double[][],private,false,false,true,true
C:\Users\simon\Documents\Code\thesis-code\jfreechart-master\src\test\java\org\jfree\data\statistics\RegressionTest.java,RegressionTest.java,RegressionTest,createSampleData2,22,0,double[][],private,false,false,true,true
C:\Users\simon\Documents\Code\thesis-code\jfreechart-master\src\test\java\org\jfree\data\statistics\SimpleHistogramBinTest.java,SimpleHistogramBinTest.java,SimpleHistogramBinTest,testAccepts,14,0,void,public,true,true,true,true
C:\Users\simon\Documents\Code\thesis-code\jfreechart-master\src\test\java\org\jfree\data\statistics\SimpleHistogramBinTest.java,SimpleHistogramBinTest.java,SimpleHistogramBinTest,testOverlapsWidth,16,0,void,public,true,true,true,true
C:\Users\simon\Documents\Code\thesis-code\jfreechart-master\src\test\java\org\jfree\data\statistics\SimpleHistogramBinTest.java,SimpleHistogramBinTest.java,SimpleHistogramBinTest,testEquals,24,0,void,public,true,true,true,true
C:\Users\simon\Documents\Code\thesis-code\jfreechart-master\src\test\java\org\jfree\data\statistics\SimpleHistogramBinTest.java,SimpleHistogramBinTest.java,SimpleHistogramBinTest,testCloning,8,0,void,public,true,true,true,true
C:\Users\simon\Documents\Code\thesis-code\jfreechart-master\src\test\java\org\jfree\data\statistics\SimpleHistogramBinTest.java,SimpleHistogramBinTest.java,SimpleHistogramBinTest,testSerialization,4,0,void,public,true,true,true,true
C:\Users\simon\Documents\Code\thesis-code\jfreechart-master\src\test\java\org\jfree\data\statistics\SimpleHistogramDatasetTest.java,SimpleHistogramDatasetTest.java,SimpleHistogramDatasetTest,testEquals,7,0,void,public,true,true,true,true
C:\Users\simon\Documents\Code\thesis-code\jfreechart-master\src\test\java\org\jfree\data\statistics\SimpleHistogramDatasetTest.java,SimpleHistogramDatasetTest.java,SimpleHistogramDatasetTest,testCloning,8,0,void,public,true,true,true,true
C:\Users\simon\Documents\Code\thesis-code\jfreechart-master\src\test\java\org\jfree\data\statistics\SimpleHistogramDatasetTest.java,SimpleHistogramDatasetTest.java,SimpleHistogramDatasetTest,testSerialization,3,0,void,public,true,true,true,true
C:\Users\simon\Documents\Code\thesis-code\jfreechart-master\src\test\java\org\jfree\data\statistics\SimpleHistogramDatasetTest.java,SimpleHistogramDatasetTest.java,SimpleHistogramDatasetTest,testClearObservations,6,0,void,public,true,true,true,true
C:\Users\simon\Documents\Code\thesis-code\jfreechart-master\src\test\java\org\jfree\data\statistics\SimpleHistogramDatasetTest.java,SimpleHistogramDatasetTest.java,SimpleHistogramDatasetTest,testRemoveAllBins,7,0,void,public,true,true,true,true
C:\Users\simon\Documents\Code\thesis-code\jfreechart-master\src\test\java\org\jfree\data\statistics\StatisticsTest.java,StatisticsTest.java,StatisticsTest,testCalculateMean_Array,20,0,void,public,true,true,true,true
C:\Users\simon\Documents\Code\thesis-code\jfreechart-master\src\test\java\org\jfree\data\statistics\StatisticsTest.java,StatisticsTest.java,StatisticsTest,testCalculateMean_Collection,33,0,void,public,true,true,true,true
C:\Users\simon\Documents\Code\thesis-code\jfreechart-master\src\test\java\org\jfree\data\statistics\StatisticsTest.java,StatisticsTest.java,StatisticsTest,testCalculateMedian,12,0,void,public,true,true,true,true
C:\Users\simon\Documents\Code\thesis-code\jfreechart-master\src\test\java\org\jfree\data\statistics\StatisticsTest.java,StatisticsTest.java,StatisticsTest,testCalculateMedian1,4,0,void,public,true,true,true,true
C:\Users\simon\Documents\Code\thesis-code\jfreechart-master\src\test\java\org\jfree\data\statistics\StatisticsTest.java,StatisticsTest.java,StatisticsTest,testCalculateMedian2,5,0,void,public,true,true,true,true
C:\Users\simon\Documents\Code\thesis-code\jfreechart-master\src\test\java\org\jfree\data\statistics\StatisticsTest.java,StatisticsTest.java,StatisticsTest,testCalculateMedian3,9,0,void,public,true,true,true,true
C:\Users\simon\Documents\Code\thesis-code\jfreechart-master\src\test\java\org\jfree\data\statistics\StatisticsTest.java,StatisticsTest.java,StatisticsTest,testCalculateMedian4,10,0,void,public,true,true,true,true
C:\Users\simon\Documents\Code\thesis-code\jfreechart-master\src\test\java\org\jfree\data\statistics\StatisticsTest.java,StatisticsTest.java,StatisticsTest,testCalculateMedian5,50,0,void,public,true,true,true,true
C:\Users\simon\Documents\Code\thesis-code\jfreechart-master\src\test\java\org\jfree\data\statistics\StatisticsTest.java,StatisticsTest.java,StatisticsTest,testCalculateMedian6,10,0,void,public,true,true,true,true
C:\Users\simon\Documents\Code\thesis-code\jfreechart-master\src\test\java\org\jfree\data\statistics\StatisticsTest.java,StatisticsTest.java,StatisticsTest,testCorrelation1,4,0,void,public,true,true,true,true
C:\Users\simon\Documents\Code\thesis-code\jfreechart-master\src\test\java\org\jfree\data\statistics\StatisticsTest.java,StatisticsTest.java,StatisticsTest,testCorrelation2,44,0,void,public,true,true,true,true
C:\Users\simon\Documents\Code\thesis-code\jfreechart-master\src\test\java\org\jfree\data\statistics\StatisticsTest.java,StatisticsTest.java,StatisticsTest,testGetStdDev,7,0,void,public,true,true,true,true
C:\Users\simon\Documents\Code\thesis-code\jfreechart-master\src\test\java\org\jfree\data\time\DateRangeTest.java,DateRangeTest.java,DateRangeTest,testEquals,12,0,void,public,true,true,true,true
C:\Users\simon\Documents\Code\thesis-code\jfreechart-master\src\test\java\org\jfree\data\time\DateRangeTest.java,DateRangeTest.java,DateRangeTest,testSerialization,3,0,void,public,true,true,true,true
C:\Users\simon\Documents\Code\thesis-code\jfreechart-master\src\test\java\org\jfree\data\time\DateRangeTest.java,DateRangeTest.java,DateRangeTest,testClone,2,0,void,public,true,true,true,true
C:\Users\simon\Documents\Code\thesis-code\jfreechart-master\src\test\java\org\jfree\data\time\DateRangeTest.java,DateRangeTest.java,DateRangeTest,testImmutable,7,0,void,public,true,true,true,true
C:\Users\simon\Documents\Code\thesis-code\jfreechart-master\src\test\java\org\jfree\data\time\DayTest.java,DayTest.java,DayTest,testEqualsSelf,2,0,void,public,true,true,true,true
C:\Users\simon\Documents\Code\thesis-code\jfreechart-master\src\test\java\org\jfree\data\time\DayTest.java,DayTest.java,DayTest,testEquals,3,0,void,public,true,true,true,true
C:\Users\simon\Documents\Code\thesis-code\jfreechart-master\src\test\java\org\jfree\data\time\DayTest.java,DayTest.java,DayTest,testDateConstructor1,9,0,void,public,true,true,true,true
C:\Users\simon\Documents\Code\thesis-code\jfreechart-master\src\test\java\org\jfree\data\time\DayTest.java,DayTest.java,DayTest,testDateConstructor2,9,0,void,public,true,true,true,true
C:\Users\simon\Documents\Code\thesis-code\jfreechart-master\src\test\java\org\jfree\data\time\DayTest.java,DayTest.java,DayTest,testDateConstructorWithThreadLocalCalendar,3,0,void,public,true,true,true,true
C:\Users\simon\Documents\Code\thesis-code\jfreechart-master\src\test\java\org\jfree\data\time\DayTest.java,DayTest.java,DayTest,testDateConstructorWithCalendarPrototype,3,0,void,public,true,true,true,true
C:\Users\simon\Documents\Code\thesis-code\jfreechart-master\src\test\java\org\jfree\data\time\DayTest.java,DayTest.java,DayTest,testDateConstructorWithCustomCalendar,1,2,void,private,false,true,true,true
C:\Users\simon\Documents\Code\thesis-code\jfreechart-master\src\test\java\org\jfree\data\time\DayTest.java,DayTest.java,DayTest,testDMYConstructorWithThreadLocalCalendar,3,0,void,public,true,true,true,true
C:\Users\simon\Documents\Code\thesis-code\jfreechart-master\src\test\java\org\jfree\data\time\DayTest.java,DayTest.java,DayTest,testDMYConstructorWithCalendarPrototype,3,0,void,public,true,true,true,true
C:\Users\simon\Documents\Code\thesis-code\jfreechart-master\src\test\java\org\jfree\data\time\DayTest.java,DayTest.java,DayTest,testDMYConstructorWithCustomCalendar,1,2,void,private,false,true,true,true
C:\Users\simon\Documents\Code\thesis-code\jfreechart-master\src\test\java\org\jfree\data\time\DayTest.java,DayTest.java,DayTest,testSerialDateConstructorWithThreadLocalCalendar,3,0,void,public,true,true,true,true
C:\Users\simon\Documents\Code\thesis-code\jfreechart-master\src\test\java\org\jfree\data\time\DayTest.java,DayTest.java,DayTest,testSerialDateConstructorWithCalendarPrototype,3,0,void,public,true,true,true,true
C:\Users\simon\Documents\Code\thesis-code\jfreechart-master\src\test\java\org\jfree\data\time\DayTest.java,DayTest.java,DayTest,testSerialDateConstructorWithCustomCalendar,1,2,void,private,false,true,true,true
C:\Users\simon\Documents\Code\thesis-code\jfreechart-master\src\test\java\org\jfree\data\time\DayTest.java,DayTest.java,DayTest,test1Jan1900Previous,3,0,void,public,true,true,true,true
C:\Users\simon\Documents\Code\thesis-code\jfreechart-master\src\test\java\org\jfree\data\time\DayTest.java,DayTest.java,DayTest,test1Jan1900Next,3,0,void,public,true,true,true,true
C:\Users\simon\Documents\Code\thesis-code\jfreechart-master\src\test\java\org\jfree\data\time\DayTest.java,DayTest.java,DayTest,test31Dec9999Previous,3,0,void,public,true,true,true,true
C:\Users\simon\Documents\Code\thesis-code\jfreechart-master\src\test\java\org\jfree\data\time\DayTest.java,DayTest.java,DayTest,test31Dec9999Next,3,0,void,public,true,true,true,true
C:\Users\simon\Documents\Code\thesis-code\jfreechart-master\src\test\java\org\jfree\data\time\DayTest.java,DayTest.java,DayTest,testParseDay,6,0,void,public,true,true,true,true
C:\Users\simon\Documents\Code\thesis-code\jfreechart-master\src\test\java\org\jfree\data\time\DayTest.java,DayTest.java,DayTest,testSerialization,3,0,void,public,true,true,true,true
C:\Users\simon\Documents\Code\thesis-code\jfreechart-master\src\test\java\org\jfree\data\time\DayTest.java,DayTest.java,DayTest,testHashcode,6,0,void,public,true,true,true,true
C:\Users\simon\Documents\Code\thesis-code\jfreechart-master\src\test\java\org\jfree\data\time\DayTest.java,DayTest.java,DayTest,testNotCloneable,2,0,void,public,true,true,true,true
C:\Users\simon\Documents\Code\thesis-code\jfreechart-master\src\test\java\org\jfree\data\time\DayTest.java,DayTest.java,DayTest,testGetSerialIndex,4,0,void,public,true,true,true,true
C:\Users\simon\Documents\Code\thesis-code\jfreechart-master\src\test\java\org\jfree\data\time\DayTest.java,DayTest.java,DayTest,testGetFirstMillisecond,8,0,void,public,true,true,true,true
C:\Users\simon\Documents\Code\thesis-code\jfreechart-master\src\test\java\org\jfree\data\time\DayTest.java,DayTest.java,DayTest,testGetFirstMillisecondWithTimeZone,7,0,void,public,true,true,true,true
C:\Users\simon\Documents\Code\thesis-code\jfreechart-master\src\test\java\org\jfree\data\time\DayTest.java,DayTest.java,DayTest,testGetFirstMillisecondWithCalendar,7,0,void,public,true,true,true,true
C:\Users\simon\Documents\Code\thesis-code\jfreechart-master\src\test\java\org\jfree\data\time\DayTest.java,DayTest.java,DayTest,testGetLastMillisecond,8,0,void,public,true,true,true,true
C:\Users\simon\Documents\Code\thesis-code\jfreechart-master\src\test\java\org\jfree\data\time\DayTest.java,DayTest.java,DayTest,testGetLastMillisecondWithTimeZone,7,0,void,public,true,true,true,true
C:\Users\simon\Documents\Code\thesis-code\jfreechart-master\src\test\java\org\jfree\data\time\DayTest.java,DayTest.java,DayTest,testGetLastMillisecondWithCalendar,6,0,void,public,true,true,true,true
C:\Users\simon\Documents\Code\thesis-code\jfreechart-master\src\test\java\org\jfree\data\time\DayTest.java,DayTest.java,DayTest,testNextPrevious,11,0,void,public,true,true,true,true
C:\Users\simon\Documents\Code\thesis-code\jfreechart-master\src\test\java\org\jfree\data\time\DayTest.java,DayTest.java,DayTest,testNextPreviousWithThreadLocalCalendar,3,0,void,public,true,true,true,true
C:\Users\simon\Documents\Code\thesis-code\jfreechart-master\src\test\java\org\jfree\data\time\DayTest.java,DayTest.java,DayTest,testNextPreviousWithCalendarPrototype,3,0,void,public,true,true,true,true
C:\Users\simon\Documents\Code\thesis-code\jfreechart-master\src\test\java\org\jfree\data\time\DayTest.java,DayTest.java,DayTest,testNextPreviousWithCustomCalendar,1,2,void,private,false,true,true,true
C:\Users\simon\Documents\Code\thesis-code\jfreechart-master\src\test\java\org\jfree\data\time\DayTest.java,DayTest.java,DayTest,testGetStart,8,0,void,public,true,true,true,true
C:\Users\simon\Documents\Code\thesis-code\jfreechart-master\src\test\java\org\jfree\data\time\DayTest.java,DayTest.java,DayTest,testGetEnd,8,0,void,public,true,true,true,true
C:\Users\simon\Documents\Code\thesis-code\jfreechart-master\src\test\java\org\jfree\data\time\FixedMillisecondTest.java,FixedMillisecondTest.java,FixedMillisecondTest,testSerialization,3,0,void,public,true,true,true,true
C:\Users\simon\Documents\Code\thesis-code\jfreechart-master\src\test\java\org\jfree\data\time\FixedMillisecondTest.java,FixedMillisecondTest.java,FixedMillisecondTest,testHashcode,6,0,void,public,true,true,true,true
C:\Users\simon\Documents\Code\thesis-code\jfreechart-master\src\test\java\org\jfree\data\time\FixedMillisecondTest.java,FixedMillisecondTest.java,FixedMillisecondTest,testNotCloneable,2,0,void,public,true,true,true,true
C:\Users\simon\Documents\Code\thesis-code\jfreechart-master\src\test\java\org\jfree\data\time\FixedMillisecondTest.java,FixedMillisecondTest.java,FixedMillisecondTest,testImmutability,4,0,void,public,true,true,true,true
C:\Users\simon\Documents\Code\thesis-code\jfreechart-master\src\test\java\org\jfree\data\time\HourTest.java,HourTest.java,HourTest,testEqualsSelf,2,0,void,public,true,true,true,true
C:\Users\simon\Documents\Code\thesis-code\jfreechart-master\src\test\java\org\jfree\data\time\HourTest.java,HourTest.java,HourTest,testEquals,3,0,void,public,true,true,true,true
C:\Users\simon\Documents\Code\thesis-code\jfreechart-master\src\test\java\org\jfree\data\time\HourTest.java,HourTest.java,HourTest,testDateConstructor1,9,0,void,public,true,true,true,true
C:\Users\simon\Documents\Code\thesis-code\jfreechart-master\src\test\java\org\jfree\data\time\HourTest.java,HourTest.java,HourTest,testDateConstructor2,9,0,void,public,true,true,true,true
C:\Users\simon\Documents\Code\thesis-code\jfreechart-master\src\test\java\org\jfree\data\time\HourTest.java,HourTest.java,HourTest,testDateConstructorWithThreadLocalCalendar,3,0,void,public,true,true,true,true
C:\Users\simon\Documents\Code\thesis-code\jfreechart-master\src\test\java\org\jfree\data\time\HourTest.java,HourTest.java,HourTest,testDateConstructorWithCalendarPrototype,3,0,void,public,true,true,true,true
C:\Users\simon\Documents\Code\thesis-code\jfreechart-master\src\test\java\org\jfree\data\time\HourTest.java,HourTest.java,HourTest,testDateConstructorWithCustomCalendar,1,2,void,private,false,true,true,true
C:\Users\simon\Documents\Code\thesis-code\jfreechart-master\src\test\java\org\jfree\data\time\HourTest.java,HourTest.java,HourTest,testHourDayConstructorWithThreadLocalCalendar,3,0,void,public,true,true,true,true
C:\Users\simon\Documents\Code\thesis-code\jfreechart-master\src\test\java\org\jfree\data\time\HourTest.java,HourTest.java,HourTest,testHourDayConstructorWithCalendarPrototype,3,0,void,public,true,true,true,true
C:\Users\simon\Documents\Code\thesis-code\jfreechart-master\src\test\java\org\jfree\data\time\HourTest.java,HourTest.java,HourTest,testHourDayConstructorWithCustomCalendar,1,2,void,private,false,true,true,true
C:\Users\simon\Documents\Code\thesis-code\jfreechart-master\src\test\java\org\jfree\data\time\HourTest.java,HourTest.java,HourTest,testFirstHourPrevious,3,0,void,public,true,true,true,true
C:\Users\simon\Documents\Code\thesis-code\jfreechart-master\src\test\java\org\jfree\data\time\HourTest.java,HourTest.java,HourTest,testFirstHourNext,4,0,void,public,true,true,true,true
C:\Users\simon\Documents\Code\thesis-code\jfreechart-master\src\test\java\org\jfree\data\time\HourTest.java,HourTest.java,HourTest,testLastHourPrevious,4,0,void,public,true,true,true,true
C:\Users\simon\Documents\Code\thesis-code\jfreechart-master\src\test\java\org\jfree\data\time\HourTest.java,HourTest.java,HourTest,testLastHourNext,3,0,void,public,true,true,true,true
C:\Users\simon\Documents\Code\thesis-code\jfreechart-master\src\test\java\org\jfree\data\time\HourTest.java,HourTest.java,HourTest,testParseHour,2,0,void,public,true,true,true,true
C:\Users\simon\Documents\Code\thesis-code\jfreechart-master\src\test\java\org\jfree\data\time\HourTest.java,HourTest.java,HourTest,testSerialization,3,0,void,public,true,true,true,true
C:\Users\simon\Documents\Code\thesis-code\jfreechart-master\src\test\java\org\jfree\data\time\HourTest.java,HourTest.java,HourTest,testHashcode,6,0,void,public,true,true,true,true
C:\Users\simon\Documents\Code\thesis-code\jfreechart-master\src\test\java\org\jfree\data\time\HourTest.java,HourTest.java,HourTest,testNotCloneable,2,0,void,public,true,true,true,true
C:\Users\simon\Documents\Code\thesis-code\jfreechart-master\src\test\java\org\jfree\data\time\HourTest.java,HourTest.java,HourTest,testGetFirstMillisecond,8,0,void,public,true,true,true,true
C:\Users\simon\Documents\Code\thesis-code\jfreechart-master\src\test\java\org\jfree\data\time\HourTest.java,HourTest.java,HourTest,testGetFirstMillisecondWithTimeZone,7,0,void,public,true,true,true,true
C:\Users\simon\Documents\Code\thesis-code\jfreechart-master\src\test\java\org\jfree\data\time\HourTest.java,HourTest.java,HourTest,testGetFirstMillisecondWithCalendar,7,0,void,public,true,true,true,true
C:\Users\simon\Documents\Code\thesis-code\jfreechart-master\src\test\java\org\jfree\data\time\HourTest.java,HourTest.java,HourTest,testGetLastMillisecond,8,0,void,public,true,true,true,true
C:\Users\simon\Documents\Code\thesis-code\jfreechart-master\src\test\java\org\jfree\data\time\HourTest.java,HourTest.java,HourTest,testGetLastMillisecondWithTimeZone,7,0,void,public,true,true,true,true
C:\Users\simon\Documents\Code\thesis-code\jfreechart-master\src\test\java\org\jfree\data\time\HourTest.java,HourTest.java,HourTest,testGetLastMillisecondWithCalendar,7,0,void,public,true,true,true,true
C:\Users\simon\Documents\Code\thesis-code\jfreechart-master\src\test\java\org\jfree\data\time\HourTest.java,HourTest.java,HourTest,testGetSerialIndex,4,0,void,public,true,true,true,true
C:\Users\simon\Documents\Code\thesis-code\jfreechart-master\src\test\java\org\jfree\data\time\HourTest.java,HourTest.java,HourTest,testNextPrevious,13,0,void,public,true,true,true,true
C:\Users\simon\Documents\Code\thesis-code\jfreechart-master\src\test\java\org\jfree\data\time\HourTest.java,HourTest.java,HourTest,testNextPreviousWithThreadLocalCalendar,3,0,void,public,true,true,true,true
C:\Users\simon\Documents\Code\thesis-code\jfreechart-master\src\test\java\org\jfree\data\time\HourTest.java,HourTest.java,HourTest,testNextPreviousWithCalendarPrototype,3,0,void,public,true,true,true,true
C:\Users\simon\Documents\Code\thesis-code\jfreechart-master\src\test\java\org\jfree\data\time\HourTest.java,HourTest.java,HourTest,testNextPreviousWithCustomCalendar,1,2,void,private,false,true,true,true
C:\Users\simon\Documents\Code\thesis-code\jfreechart-master\src\test\java\org\jfree\data\time\HourTest.java,HourTest.java,HourTest,testGetStart,8,0,void,public,true,true,true,true
C:\Users\simon\Documents\Code\thesis-code\jfreechart-master\src\test\java\org\jfree\data\time\HourTest.java,HourTest.java,HourTest,testGetEnd,8,0,void,public,true,true,true,true
C:\Users\simon\Documents\Code\thesis-code\jfreechart-master\src\test\java\org\jfree\data\time\MillisecondTest.java,MillisecondTest.java,MillisecondTest,testEqualsSelf,2,0,void,public,true,true,true,true
C:\Users\simon\Documents\Code\thesis-code\jfreechart-master\src\test\java\org\jfree\data\time\MillisecondTest.java,MillisecondTest.java,MillisecondTest,testEquals,11,0,void,public,true,true,true,true
C:\Users\simon\Documents\Code\thesis-code\jfreechart-master\src\test\java\org\jfree\data\time\MillisecondTest.java,MillisecondTest.java,MillisecondTest,testDateConstructor1,9,0,void,public,true,true,true,true
C:\Users\simon\Documents\Code\thesis-code\jfreechart-master\src\test\java\org\jfree\data\time\MillisecondTest.java,MillisecondTest.java,MillisecondTest,testDateConstructor2,9,0,void,public,true,true,true,true
C:\Users\simon\Documents\Code\thesis-code\jfreechart-master\src\test\java\org\jfree\data\time\MillisecondTest.java,MillisecondTest.java,MillisecondTest,testDateConstructorWithThreadLocalCalendar,3,0,void,public,true,true,true,true
C:\Users\simon\Documents\Code\thesis-code\jfreechart-master\src\test\java\org\jfree\data\time\MillisecondTest.java,MillisecondTest.java,MillisecondTest,testDateConstructorWithCalendarPrototype,3,0,void,public,true,true,true,true
C:\Users\simon\Documents\Code\thesis-code\jfreechart-master\src\test\java\org\jfree\data\time\MillisecondTest.java,MillisecondTest.java,MillisecondTest,testDateConstructorWithCustomCalendar,1,2,void,private,false,true,true,true
C:\Users\simon\Documents\Code\thesis-code\jfreechart-master\src\test\java\org\jfree\data\time\MillisecondTest.java,MillisecondTest.java,MillisecondTest,testMillisecondSecondConstructorWithThreadLocalCalendar,3,0,void,public,true,true,true,true
C:\Users\simon\Documents\Code\thesis-code\jfreechart-master\src\test\java\org\jfree\data\time\MillisecondTest.java,MillisecondTest.java,MillisecondTest,testMillisecondSecondConstructorWithCalendarPrototype,3,0,void,public,true,true,true,true
C:\Users\simon\Documents\Code\thesis-code\jfreechart-master\src\test\java\org\jfree\data\time\MillisecondTest.java,MillisecondTest.java,MillisecondTest,testMillisecondSecondConstructorWithCustomCalendar,1,2,void,private,false,true,true,true
C:\Users\simon\Documents\Code\thesis-code\jfreechart-master\src\test\java\org\jfree\data\time\MillisecondTest.java,MillisecondTest.java,MillisecondTest,testSerialization,3,0,void,public,true,true,true,true
C:\Users\simon\Documents\Code\thesis-code\jfreechart-master\src\test\java\org\jfree\data\time\MillisecondTest.java,MillisecondTest.java,MillisecondTest,testHashcode,6,0,void,public,true,true,true,true
C:\Users\simon\Documents\Code\thesis-code\jfreechart-master\src\test\java\org\jfree\data\time\MillisecondTest.java,MillisecondTest.java,MillisecondTest,test943985,6,0,void,public,true,true,true,true
C:\Users\simon\Documents\Code\thesis-code\jfreechart-master\src\test\java\org\jfree\data\time\MillisecondTest.java,MillisecondTest.java,MillisecondTest,testNotCloneable,2,0,void,public,true,true,true,true
C:\Users\simon\Documents\Code\thesis-code\jfreechart-master\src\test\java\org\jfree\data\time\MillisecondTest.java,MillisecondTest.java,MillisecondTest,testGetFirstMillisecond,8,0,void,public,true,true,true,true
C:\Users\simon\Documents\Code\thesis-code\jfreechart-master\src\test\java\org\jfree\data\time\MillisecondTest.java,MillisecondTest.java,MillisecondTest,testGetFirstMillisecondWithTimeZone,7,0,void,public,true,true,true,true
C:\Users\simon\Documents\Code\thesis-code\jfreechart-master\src\test\java\org\jfree\data\time\MillisecondTest.java,MillisecondTest.java,MillisecondTest,testGetFirstMillisecondWithCalendar,7,0,void,public,true,true,true,true
C:\Users\simon\Documents\Code\thesis-code\jfreechart-master\src\test\java\org\jfree\data\time\MillisecondTest.java,MillisecondTest.java,MillisecondTest,testGetLastMillisecond,8,0,void,public,true,true,true,true
C:\Users\simon\Documents\Code\thesis-code\jfreechart-master\src\test\java\org\jfree\data\time\MillisecondTest.java,MillisecondTest.java,MillisecondTest,testGetLastMillisecondWithTimeZone,7,0,void,public,true,true,true,true
C:\Users\simon\Documents\Code\thesis-code\jfreechart-master\src\test\java\org\jfree\data\time\MillisecondTest.java,MillisecondTest.java,MillisecondTest,testGetLastMillisecondWithCalendar,7,0,void,public,true,true,true,true
C:\Users\simon\Documents\Code\thesis-code\jfreechart-master\src\test\java\org\jfree\data\time\MillisecondTest.java,MillisecondTest.java,MillisecondTest,testGetSerialIndex,4,0,void,public,true,true,true,true
C:\Users\simon\Documents\Code\thesis-code\jfreechart-master\src\test\java\org\jfree\data\time\MillisecondTest.java,MillisecondTest.java,MillisecondTest,testNextPrevious,19,0,void,public,true,true,true,true
C:\Users\simon\Documents\Code\thesis-code\jfreechart-master\src\test\java\org\jfree\data\time\MillisecondTest.java,MillisecondTest.java,MillisecondTest,testNextPreviousWithThreadLocalCalendar,3,0,void,public,true,true,true,true
C:\Users\simon\Documents\Code\thesis-code\jfreechart-master\src\test\java\org\jfree\data\time\MillisecondTest.java,MillisecondTest.java,MillisecondTest,testNextPreviousWithCalendarPrototype,3,0,void,public,true,true,true,true
C:\Users\simon\Documents\Code\thesis-code\jfreechart-master\src\test\java\org\jfree\data\time\MillisecondTest.java,MillisecondTest.java,MillisecondTest,testNextPreviousWithCustomCalendar,1,2,void,private,false,true,true,true
C:\Users\simon\Documents\Code\thesis-code\jfreechart-master\src\test\java\org\jfree\data\time\MillisecondTest.java,MillisecondTest.java,MillisecondTest,testGetStart,8,0,void,public,true,true,true,true
C:\Users\simon\Documents\Code\thesis-code\jfreechart-master\src\test\java\org\jfree\data\time\MillisecondTest.java,MillisecondTest.java,MillisecondTest,testGetEnd,8,0,void,public,true,true,true,true
C:\Users\simon\Documents\Code\thesis-code\jfreechart-master\src\test\java\org\jfree\data\time\MinuteTest.java,MinuteTest.java,MinuteTest,testEqualsSelf,2,0,void,public,true,true,true,true
C:\Users\simon\Documents\Code\thesis-code\jfreechart-master\src\test\java\org\jfree\data\time\MinuteTest.java,MinuteTest.java,MinuteTest,testEquals,7,0,void,public,true,true,true,true
C:\Users\simon\Documents\Code\thesis-code\jfreechart-master\src\test\java\org\jfree\data\time\MinuteTest.java,MinuteTest.java,MinuteTest,testDateConstructor1,9,0,void,public,true,true,true,true
C:\Users\simon\Documents\Code\thesis-code\jfreechart-master\src\test\java\org\jfree\data\time\MinuteTest.java,MinuteTest.java,MinuteTest,testDateConstructor2,9,0,void,public,true,true,true,true
C:\Users\simon\Documents\Code\thesis-code\jfreechart-master\src\test\java\org\jfree\data\time\MinuteTest.java,MinuteTest.java,MinuteTest,testDateConstructorWithThreadLocalCalendar,3,0,void,public,true,true,true,true
C:\Users\simon\Documents\Code\thesis-code\jfreechart-master\src\test\java\org\jfree\data\time\MinuteTest.java,MinuteTest.java,MinuteTest,testDateConstructorWithCalendarPrototype,3,0,void,public,true,true,true,true
C:\Users\simon\Documents\Code\thesis-code\jfreechart-master\src\test\java\org\jfree\data\time\MinuteTest.java,MinuteTest.java,MinuteTest,testDateConstructorWithCustomCalendar,1,2,void,private,false,true,true,true
C:\Users\simon\Documents\Code\thesis-code\jfreechart-master\src\test\java\org\jfree\data\time\MinuteTest.java,MinuteTest.java,MinuteTest,testMinuteHourConstructorWithThreadLocalCalendar,3,0,void,public,true,true,true,true
C:\Users\simon\Documents\Code\thesis-code\jfreechart-master\src\test\java\org\jfree\data\time\MinuteTest.java,MinuteTest.java,MinuteTest,testMinuteHourConstructorWithCalendarPrototype,3,0,void,public,true,true,true,true
C:\Users\simon\Documents\Code\thesis-code\jfreechart-master\src\test\java\org\jfree\data\time\MinuteTest.java,MinuteTest.java,MinuteTest,testMinuteHourConstructorWithCustomCalendar,1,2,void,private,false,true,true,true
C:\Users\simon\Documents\Code\thesis-code\jfreechart-master\src\test\java\org\jfree\data\time\MinuteTest.java,MinuteTest.java,MinuteTest,testSerialization,3,0,void,public,true,true,true,true
C:\Users\simon\Documents\Code\thesis-code\jfreechart-master\src\test\java\org\jfree\data\time\MinuteTest.java,MinuteTest.java,MinuteTest,testHashcode,6,0,void,public,true,true,true,true
C:\Users\simon\Documents\Code\thesis-code\jfreechart-master\src\test\java\org\jfree\data\time\MinuteTest.java,MinuteTest.java,MinuteTest,testNotCloneable,2,0,void,public,true,true,true,true
C:\Users\simon\Documents\Code\thesis-code\jfreechart-master\src\test\java\org\jfree\data\time\MinuteTest.java,MinuteTest.java,MinuteTest,testGetFirstMillisecond,8,0,void,public,true,true,true,true
C:\Users\simon\Documents\Code\thesis-code\jfreechart-master\src\test\java\org\jfree\data\time\MinuteTest.java,MinuteTest.java,MinuteTest,testGetFirstMillisecondWithTimeZone,7,0,void,public,true,true,true,true
C:\Users\simon\Documents\Code\thesis-code\jfreechart-master\src\test\java\org\jfree\data\time\MinuteTest.java,MinuteTest.java,MinuteTest,testGetFirstMillisecondWithCalendar,7,0,void,public,true,true,true,true
C:\Users\simon\Documents\Code\thesis-code\jfreechart-master\src\test\java\org\jfree\data\time\MinuteTest.java,MinuteTest.java,MinuteTest,testGetLastMillisecond,8,0,void,public,true,true,true,true
C:\Users\simon\Documents\Code\thesis-code\jfreechart-master\src\test\java\org\jfree\data\time\MinuteTest.java,MinuteTest.java,MinuteTest,testGetLastMillisecondWithTimeZone,7,0,void,public,true,true,true,true
C:\Users\simon\Documents\Code\thesis-code\jfreechart-master\src\test\java\org\jfree\data\time\MinuteTest.java,MinuteTest.java,MinuteTest,testGetLastMillisecondWithCalendar,7,0,void,public,true,true,true,true
C:\Users\simon\Documents\Code\thesis-code\jfreechart-master\src\test\java\org\jfree\data\time\MinuteTest.java,MinuteTest.java,MinuteTest,testGetSerialIndex,4,0,void,public,true,true,true,true
C:\Users\simon\Documents\Code\thesis-code\jfreechart-master\src\test\java\org\jfree\data\time\MinuteTest.java,MinuteTest.java,MinuteTest,testNext,15,0,void,public,true,true,true,true
C:\Users\simon\Documents\Code\thesis-code\jfreechart-master\src\test\java\org\jfree\data\time\MinuteTest.java,MinuteTest.java,MinuteTest,testNextPreviousWithThreadLocalCalendar,3,0,void,public,true,true,true,true
C:\Users\simon\Documents\Code\thesis-code\jfreechart-master\src\test\java\org\jfree\data\time\MinuteTest.java,MinuteTest.java,MinuteTest,testNextPreviousWithCalendarPrototype,3,0,void,public,true,true,true,true
C:\Users\simon\Documents\Code\thesis-code\jfreechart-master\src\test\java\org\jfree\data\time\MinuteTest.java,MinuteTest.java,MinuteTest,testNextPreviousWithCustomCalendar,1,2,void,private,false,true,true,true
C:\Users\simon\Documents\Code\thesis-code\jfreechart-master\src\test\java\org\jfree\data\time\MinuteTest.java,MinuteTest.java,MinuteTest,testGetStart,11,0,void,public,true,true,true,true
C:\Users\simon\Documents\Code\thesis-code\jfreechart-master\src\test\java\org\jfree\data\time\MinuteTest.java,MinuteTest.java,MinuteTest,testGetEnd,11,0,void,public,true,true,true,true
C:\Users\simon\Documents\Code\thesis-code\jfreechart-master\src\test\java\org\jfree\data\time\MinuteTest.java,MinuteTest.java,MinuteTest,test1611872,3,0,void,public,true,true,true,true
C:\Users\simon\Documents\Code\thesis-code\jfreechart-master\src\test\java\org\jfree\data\time\MonthTest.java,MonthTest.java,MonthTest,setUp,4,0,void,public,false,false,true,true
C:\Users\simon\Documents\Code\thesis-code\jfreechart-master\src\test\java\org\jfree\data\time\MonthTest.java,MonthTest.java,MonthTest,testEqualsSelf,2,0,void,public,true,true,true,true
C:\Users\simon\Documents\Code\thesis-code\jfreechart-master\src\test\java\org\jfree\data\time\MonthTest.java,MonthTest.java,MonthTest,testEquals,3,0,void,public,true,true,true,true
C:\Users\simon\Documents\Code\thesis-code\jfreechart-master\src\test\java\org\jfree\data\time\MonthTest.java,MonthTest.java,MonthTest,testDateConstructor1,8,0,void,public,true,true,true,true
C:\Users\simon\Documents\Code\thesis-code\jfreechart-master\src\test\java\org\jfree\data\time\MonthTest.java,MonthTest.java,MonthTest,testDateConstructor2,8,0,void,public,true,true,true,true
C:\Users\simon\Documents\Code\thesis-code\jfreechart-master\src\test\java\org\jfree\data\time\MonthTest.java,MonthTest.java,MonthTest,testDateConstructorWithThreadLocalCalendar,3,0,void,public,true,true,true,true
C:\Users\simon\Documents\Code\thesis-code\jfreechart-master\src\test\java\org\jfree\data\time\MonthTest.java,MonthTest.java,MonthTest,testDateConstructorWithCalendarPrototype,3,0,void,public,true,true,true,true
C:\Users\simon\Documents\Code\thesis-code\jfreechart-master\src\test\java\org\jfree\data\time\MonthTest.java,MonthTest.java,MonthTest,testDateConstructorWithCustomCalendar,1,2,void,private,false,true,true,true
C:\Users\simon\Documents\Code\thesis-code\jfreechart-master\src\test\java\org\jfree\data\time\MonthTest.java,MonthTest.java,MonthTest,testMonthIntYearConstructorWithThreadLocalCalendar,3,0,void,public,true,true,true,true
C:\Users\simon\Documents\Code\thesis-code\jfreechart-master\src\test\java\org\jfree\data\time\MonthTest.java,MonthTest.java,MonthTest,testMonthIntYearConstructorWithCalendarPrototype,3,0,void,public,true,true,true,true
C:\Users\simon\Documents\Code\thesis-code\jfreechart-master\src\test\java\org\jfree\data\time\MonthTest.java,MonthTest.java,MonthTest,testMonthIntYearConstructorWithCustomCalendar,1,2,void,private,false,true,true,true
C:\Users\simon\Documents\Code\thesis-code\jfreechart-master\src\test\java\org\jfree\data\time\MonthTest.java,MonthTest.java,MonthTest,testMonthYearConstructorWithThreadLocalCalendar,3,0,void,public,true,true,true,true
C:\Users\simon\Documents\Code\thesis-code\jfreechart-master\src\test\java\org\jfree\data\time\MonthTest.java,MonthTest.java,MonthTest,testMonthYearConstructorWithCalendarPrototype,3,0,void,public,true,true,true,true
C:\Users\simon\Documents\Code\thesis-code\jfreechart-master\src\test\java\org\jfree\data\time\MonthTest.java,MonthTest.java,MonthTest,testMonthYearConstructorWithCustomCalendar,1,2,void,private,false,true,true,true
C:\Users\simon\Documents\Code\thesis-code\jfreechart-master\src\test\java\org\jfree\data\time\MonthTest.java,MonthTest.java,MonthTest,testJan1900Previous,2,0,void,public,true,true,true,true
C:\Users\simon\Documents\Code\thesis-code\jfreechart-master\src\test\java\org\jfree\data\time\MonthTest.java,MonthTest.java,MonthTest,testJan1900Next,2,0,void,public,true,true,true,true
C:\Users\simon\Documents\Code\thesis-code\jfreechart-master\src\test\java\org\jfree\data\time\MonthTest.java,MonthTest.java,MonthTest,testDec9999Previous,2,0,void,public,true,true,true,true
C:\Users\simon\Documents\Code\thesis-code\jfreechart-master\src\test\java\org\jfree\data\time\MonthTest.java,MonthTest.java,MonthTest,testDec9999Next,2,0,void,public,true,true,true,true
C:\Users\simon\Documents\Code\thesis-code\jfreechart-master\src\test\java\org\jfree\data\time\MonthTest.java,MonthTest.java,MonthTest,testParseMonth,10,0,void,public,true,true,true,true
C:\Users\simon\Documents\Code\thesis-code\jfreechart-master\src\test\java\org\jfree\data\time\MonthTest.java,MonthTest.java,MonthTest,testSerialization,3,0,void,public,true,true,true,true
C:\Users\simon\Documents\Code\thesis-code\jfreechart-master\src\test\java\org\jfree\data\time\MonthTest.java,MonthTest.java,MonthTest,testHashcode,6,0,void,public,true,true,true,true
C:\Users\simon\Documents\Code\thesis-code\jfreechart-master\src\test\java\org\jfree\data\time\MonthTest.java,MonthTest.java,MonthTest,testNotCloneable,2,0,void,public,true,true,true,true
C:\Users\simon\Documents\Code\thesis-code\jfreechart-master\src\test\java\org\jfree\data\time\MonthTest.java,MonthTest.java,MonthTest,testGetFirstMillisecond,8,0,void,public,true,true,true,true
C:\Users\simon\Documents\Code\thesis-code\jfreechart-master\src\test\java\org\jfree\data\time\MonthTest.java,MonthTest.java,MonthTest,testGetFirstMillisecondWithTimeZone,7,0,void,public,true,true,true,true
C:\Users\simon\Documents\Code\thesis-code\jfreechart-master\src\test\java\org\jfree\data\time\MonthTest.java,MonthTest.java,MonthTest,testGetFirstMillisecondWithCalendar,7,0,void,public,true,true,true,true
C:\Users\simon\Documents\Code\thesis-code\jfreechart-master\src\test\java\org\jfree\data\time\MonthTest.java,MonthTest.java,MonthTest,testGetLastMillisecond,8,0,void,public,true,true,true,true
C:\Users\simon\Documents\Code\thesis-code\jfreechart-master\src\test\java\org\jfree\data\time\MonthTest.java,MonthTest.java,MonthTest,testGetLastMillisecondWithTimeZone,7,0,void,public,true,true,true,true
C:\Users\simon\Documents\Code\thesis-code\jfreechart-master\src\test\java\org\jfree\data\time\MonthTest.java,MonthTest.java,MonthTest,testGetLastMillisecondWithCalendar,7,0,void,public,true,true,true,true
C:\Users\simon\Documents\Code\thesis-code\jfreechart-master\src\test\java\org\jfree\data\time\MonthTest.java,MonthTest.java,MonthTest,testGetSerialIndex,4,0,void,public,true,true,true,true
C:\Users\simon\Documents\Code\thesis-code\jfreechart-master\src\test\java\org\jfree\data\time\MonthTest.java,MonthTest.java,MonthTest,testNextPrevious,9,0,void,public,true,true,true,true
C:\Users\simon\Documents\Code\thesis-code\jfreechart-master\src\test\java\org\jfree\data\time\MonthTest.java,MonthTest.java,MonthTest,testNextPreviousWithThreadLocalCalendar,3,0,void,public,true,true,true,true
C:\Users\simon\Documents\Code\thesis-code\jfreechart-master\src\test\java\org\jfree\data\time\MonthTest.java,MonthTest.java,MonthTest,testNextPreviousWithCalendarPrototype,3,0,void,public,true,true,true,true
C:\Users\simon\Documents\Code\thesis-code\jfreechart-master\src\test\java\org\jfree\data\time\MonthTest.java,MonthTest.java,MonthTest,testNextPreviousWithCustomCalendar,1,2,void,private,false,true,true,true
C:\Users\simon\Documents\Code\thesis-code\jfreechart-master\src\test\java\org\jfree\data\time\MonthTest.java,MonthTest.java,MonthTest,testGetStart,8,0,void,public,true,true,true,true
C:\Users\simon\Documents\Code\thesis-code\jfreechart-master\src\test\java\org\jfree\data\time\MonthTest.java,MonthTest.java,MonthTest,testGetEnd,8,0,void,public,true,true,true,true
C:\Users\simon\Documents\Code\thesis-code\jfreechart-master\src\test\java\org\jfree\data\time\MovingAverageTest.java,MovingAverageTest.java,MovingAverageTest,test1,17,0,void,public,true,true,true,true
C:\Users\simon\Documents\Code\thesis-code\jfreechart-master\src\test\java\org\jfree\data\time\MovingAverageTest.java,MovingAverageTest.java,MovingAverageTest,createDailyTimeSeries1,11,0,TimeSeries<String>,private,false,false,true,true
C:\Users\simon\Documents\Code\thesis-code\jfreechart-master\src\test\java\org\jfree\data\time\ohlc\OHLCItemTest.java,OHLCItemTest.java,OHLCItemTest,testConstructor1,6,0,void,public,true,true,true,true
C:\Users\simon\Documents\Code\thesis-code\jfreechart-master\src\test\java\org\jfree\data\time\ohlc\OHLCItemTest.java,OHLCItemTest.java,OHLCItemTest,testEquals,24,0,void,public,true,true,true,true
C:\Users\simon\Documents\Code\thesis-code\jfreechart-master\src\test\java\org\jfree\data\time\ohlc\OHLCItemTest.java,OHLCItemTest.java,OHLCItemTest,testCloning,5,0,void,public,true,true,true,true
C:\Users\simon\Documents\Code\thesis-code\jfreechart-master\src\test\java\org\jfree\data\time\ohlc\OHLCItemTest.java,OHLCItemTest.java,OHLCItemTest,testSerialization,3,0,void,public,true,true,true,true
C:\Users\simon\Documents\Code\thesis-code\jfreechart-master\src\test\java\org\jfree\data\time\ohlc\OHLCItemTest.java,OHLCItemTest.java,OHLCItemTest,testHashcode,6,0,void,public,true,true,true,true
C:\Users\simon\Documents\Code\thesis-code\jfreechart-master\src\test\java\org\jfree\data\time\ohlc\OHLCSeriesCollectionTest.java,OHLCSeriesCollectionTest.java,OHLCSeriesCollectionTest,testEquals,19,0,void,public,true,true,true,true
C:\Users\simon\Documents\Code\thesis-code\jfreechart-master\src\test\java\org\jfree\data\time\ohlc\OHLCSeriesCollectionTest.java,OHLCSeriesCollectionTest.java,OHLCSeriesCollectionTest,testCloning,10,0,void,public,true,true,true,true
C:\Users\simon\Documents\Code\thesis-code\jfreechart-master\src\test\java\org\jfree\data\time\ohlc\OHLCSeriesCollectionTest.java,OHLCSeriesCollectionTest.java,OHLCSeriesCollectionTest,testSerialization,6,0,void,public,true,true,true,true
C:\Users\simon\Documents\Code\thesis-code\jfreechart-master\src\test\java\org\jfree\data\time\ohlc\OHLCSeriesCollectionTest.java,OHLCSeriesCollectionTest.java,OHLCSeriesCollectionTest,test1170825,4,0,void,public,true,true,true,true
C:\Users\simon\Documents\Code\thesis-code\jfreechart-master\src\test\java\org\jfree\data\time\ohlc\OHLCSeriesCollectionTest.java,OHLCSeriesCollectionTest.java,OHLCSeriesCollectionTest,testHashcode,12,0,void,public,true,true,true,true
C:\Users\simon\Documents\Code\thesis-code\jfreechart-master\src\test\java\org\jfree\data\time\ohlc\OHLCSeriesCollectionTest.java,OHLCSeriesCollectionTest.java,OHLCSeriesCollectionTest,testRemoveSeries_int,14,0,void,public,true,true,true,true
C:\Users\simon\Documents\Code\thesis-code\jfreechart-master\src\test\java\org\jfree\data\time\ohlc\OHLCSeriesCollectionTest.java,OHLCSeriesCollectionTest.java,OHLCSeriesCollectionTest,testRemoveSeries,14,0,void,public,true,true,true,true
C:\Users\simon\Documents\Code\thesis-code\jfreechart-master\src\test\java\org\jfree\data\time\ohlc\OHLCSeriesCollectionTest.java,OHLCSeriesCollectionTest.java,OHLCSeriesCollectionTest,testRemoveAllSeries,13,0,void,public,true,true,true,true
C:\Users\simon\Documents\Code\thesis-code\jfreechart-master\src\test\java\org\jfree\data\time\ohlc\OHLCSeriesCollectionTest.java,OHLCSeriesCollectionTest.java,OHLCSeriesCollectionTest,datasetChanged,1,1,void,public,false,false,true,true
C:\Users\simon\Documents\Code\thesis-code\jfreechart-master\src\test\java\org\jfree\data\time\ohlc\OHLCSeriesTest.java,OHLCSeriesTest.java,OHLCSeriesTest,seriesChanged,1,1,void,public,false,false,true,true
C:\Users\simon\Documents\Code\thesis-code\jfreechart-master\src\test\java\org\jfree\data\time\ohlc\OHLCSeriesTest.java,OHLCSeriesTest.java,OHLCSeriesTest,testEquals,19,0,void,public,true,true,true,true
C:\Users\simon\Documents\Code\thesis-code\jfreechart-master\src\test\java\org\jfree\data\time\ohlc\OHLCSeriesTest.java,OHLCSeriesTest.java,OHLCSeriesTest,testHashcode,8,0,void,public,true,true,true,true
C:\Users\simon\Documents\Code\thesis-code\jfreechart-master\src\test\java\org\jfree\data\time\ohlc\OHLCSeriesTest.java,OHLCSeriesTest.java,OHLCSeriesTest,testCloning,6,0,void,public,true,true,true,true
C:\Users\simon\Documents\Code\thesis-code\jfreechart-master\src\test\java\org\jfree\data\time\ohlc\OHLCSeriesTest.java,OHLCSeriesTest.java,OHLCSeriesTest,testSerialization,4,0,void,public,true,true,true,true
C:\Users\simon\Documents\Code\thesis-code\jfreechart-master\src\test\java\org\jfree\data\time\ohlc\OHLCSeriesTest.java,OHLCSeriesTest.java,OHLCSeriesTest,testIndexOf,7,0,void,public,true,true,true,true
C:\Users\simon\Documents\Code\thesis-code\jfreechart-master\src\test\java\org\jfree\data\time\ohlc\OHLCSeriesTest.java,OHLCSeriesTest.java,OHLCSeriesTest,testRemove,9,0,void,public,true,true,true,true
C:\Users\simon\Documents\Code\thesis-code\jfreechart-master\src\test\java\org\jfree\data\time\ohlc\OHLCSeriesTest.java,OHLCSeriesTest.java,OHLCSeriesTest,testRemove_int,8,0,void,public,true,true,true,true
C:\Users\simon\Documents\Code\thesis-code\jfreechart-master\src\test\java\org\jfree\data\time\ohlc\OHLCSeriesTest.java,OHLCSeriesTest.java,OHLCSeriesTest,testAdditionOfDuplicatePeriod,5,0,void,public,true,true,true,true
C:\Users\simon\Documents\Code\thesis-code\jfreechart-master\src\test\java\org\jfree\data\time\ohlc\OHLCSeriesTest.java,OHLCSeriesTest.java,OHLCSeriesTest,testSetMaximumItemCount,9,0,void,public,true,true,true,true
C:\Users\simon\Documents\Code\thesis-code\jfreechart-master\src\test\java\org\jfree\data\time\ohlc\OHLCSeriesTest.java,OHLCSeriesTest.java,OHLCSeriesTest,testSetMaximumItemCount2,7,0,void,public,true,true,true,true
C:\Users\simon\Documents\Code\thesis-code\jfreechart-master\src\test\java\org\jfree\data\time\ohlc\OHLCSeriesTest.java,OHLCSeriesTest.java,OHLCSeriesTest,testClear,10,0,void,public,true,true,true,true
C:\Users\simon\Documents\Code\thesis-code\jfreechart-master\src\test\java\org\jfree\data\time\ohlc\OHLCTest.java,OHLCTest.java,OHLCTest,testEquals,19,0,void,public,true,true,true,true
C:\Users\simon\Documents\Code\thesis-code\jfreechart-master\src\test\java\org\jfree\data\time\ohlc\OHLCTest.java,OHLCTest.java,OHLCTest,testCloning,2,0,void,public,true,true,true,true
C:\Users\simon\Documents\Code\thesis-code\jfreechart-master\src\test\java\org\jfree\data\time\ohlc\OHLCTest.java,OHLCTest.java,OHLCTest,testSerialization,3,0,void,public,true,true,true,true
C:\Users\simon\Documents\Code\thesis-code\jfreechart-master\src\test\java\org\jfree\data\time\ohlc\OHLCTest.java,OHLCTest.java,OHLCTest,testHashcode,6,0,void,public,true,true,true,true
C:\Users\simon\Documents\Code\thesis-code\jfreechart-master\src\test\java\org\jfree\data\time\QuarterTest.java,QuarterTest.java,QuarterTest,setUp,4,0,void,public,false,false,true,true
C:\Users\simon\Documents\Code\thesis-code\jfreechart-master\src\test\java\org\jfree\data\time\QuarterTest.java,QuarterTest.java,QuarterTest,testEqualsSelf,2,0,void,public,true,true,true,true
C:\Users\simon\Documents\Code\thesis-code\jfreechart-master\src\test\java\org\jfree\data\time\QuarterTest.java,QuarterTest.java,QuarterTest,testEquals,3,0,void,public,true,true,true,true
C:\Users\simon\Documents\Code\thesis-code\jfreechart-master\src\test\java\org\jfree\data\time\QuarterTest.java,QuarterTest.java,QuarterTest,testDateConstructor1,8,0,void,public,true,true,true,true
C:\Users\simon\Documents\Code\thesis-code\jfreechart-master\src\test\java\org\jfree\data\time\QuarterTest.java,QuarterTest.java,QuarterTest,testDateConstructor2,8,0,void,public,true,true,true,true
C:\Users\simon\Documents\Code\thesis-code\jfreechart-master\src\test\java\org\jfree\data\time\QuarterTest.java,QuarterTest.java,QuarterTest,testDateConstructorWithThreadLocalCalendar,3,0,void,public,true,true,true,true
C:\Users\simon\Documents\Code\thesis-code\jfreechart-master\src\test\java\org\jfree\data\time\QuarterTest.java,QuarterTest.java,QuarterTest,testDateConstructorWithCalendarPrototype,3,0,void,public,true,true,true,true
C:\Users\simon\Documents\Code\thesis-code\jfreechart-master\src\test\java\org\jfree\data\time\QuarterTest.java,QuarterTest.java,QuarterTest,testDateConstructorWithCustomCalendar,1,2,void,private,false,true,true,true
C:\Users\simon\Documents\Code\thesis-code\jfreechart-master\src\test\java\org\jfree\data\time\QuarterTest.java,QuarterTest.java,QuarterTest,testQuarterIntYearConstructorWithThreadLocalCalendar,3,0,void,public,true,true,true,true
C:\Users\simon\Documents\Code\thesis-code\jfreechart-master\src\test\java\org\jfree\data\time\QuarterTest.java,QuarterTest.java,QuarterTest,testQuarterIntYearConstructorWithCalendarPrototype,3,0,void,public,true,true,true,true
C:\Users\simon\Documents\Code\thesis-code\jfreechart-master\src\test\java\org\jfree\data\time\QuarterTest.java,QuarterTest.java,QuarterTest,testQuarterIntYearConstructorWithCustomCalendar,1,2,void,private,false,true,true,true
C:\Users\simon\Documents\Code\thesis-code\jfreechart-master\src\test\java\org\jfree\data\time\QuarterTest.java,QuarterTest.java,QuarterTest,testQuarterYearConstructorWithThreadLocalCalendar,3,0,void,public,true,true,true,true
C:\Users\simon\Documents\Code\thesis-code\jfreechart-master\src\test\java\org\jfree\data\time\QuarterTest.java,QuarterTest.java,QuarterTest,testQuarterYearConstructorWithCalendarPrototype,3,0,void,public,true,true,true,true
C:\Users\simon\Documents\Code\thesis-code\jfreechart-master\src\test\java\org\jfree\data\time\QuarterTest.java,QuarterTest.java,QuarterTest,testQuarterYearConstructorWithCustomCalendar,1,2,void,private,false,true,true,true
C:\Users\simon\Documents\Code\thesis-code\jfreechart-master\src\test\java\org\jfree\data\time\QuarterTest.java,QuarterTest.java,QuarterTest,testQ1Y1900Previous,2,0,void,public,true,true,true,true
C:\Users\simon\Documents\Code\thesis-code\jfreechart-master\src\test\java\org\jfree\data\time\QuarterTest.java,QuarterTest.java,QuarterTest,testQ1Y1900Next,2,0,void,public,true,true,true,true
C:\Users\simon\Documents\Code\thesis-code\jfreechart-master\src\test\java\org\jfree\data\time\QuarterTest.java,QuarterTest.java,QuarterTest,testQ4Y9999Previous,2,0,void,public,true,true,true,true
C:\Users\simon\Documents\Code\thesis-code\jfreechart-master\src\test\java\org\jfree\data\time\QuarterTest.java,QuarterTest.java,QuarterTest,testQ4Y9999Next,2,0,void,public,true,true,true,true
C:\Users\simon\Documents\Code\thesis-code\jfreechart-master\src\test\java\org\jfree\data\time\QuarterTest.java,QuarterTest.java,QuarterTest,testParseQuarter,10,0,void,public,true,true,true,true
C:\Users\simon\Documents\Code\thesis-code\jfreechart-master\src\test\java\org\jfree\data\time\QuarterTest.java,QuarterTest.java,QuarterTest,testSerialization,3,0,void,public,true,true,true,true
C:\Users\simon\Documents\Code\thesis-code\jfreechart-master\src\test\java\org\jfree\data\time\QuarterTest.java,QuarterTest.java,QuarterTest,testHashcode,6,0,void,public,true,true,true,true
C:\Users\simon\Documents\Code\thesis-code\jfreechart-master\src\test\java\org\jfree\data\time\QuarterTest.java,QuarterTest.java,QuarterTest,testNotCloneable,2,0,void,public,true,true,true,true
C:\Users\simon\Documents\Code\thesis-code\jfreechart-master\src\test\java\org\jfree\data\time\QuarterTest.java,QuarterTest.java,QuarterTest,testConstructor,6,0,void,public,true,true,true,true
C:\Users\simon\Documents\Code\thesis-code\jfreechart-master\src\test\java\org\jfree\data\time\QuarterTest.java,QuarterTest.java,QuarterTest,testGetFirstMillisecond,8,0,void,public,true,true,true,true
C:\Users\simon\Documents\Code\thesis-code\jfreechart-master\src\test\java\org\jfree\data\time\QuarterTest.java,QuarterTest.java,QuarterTest,testGetFirstMillisecondWithTimeZone,7,0,void,public,true,true,true,true
C:\Users\simon\Documents\Code\thesis-code\jfreechart-master\src\test\java\org\jfree\data\time\QuarterTest.java,QuarterTest.java,QuarterTest,testGetFirstMillisecondWithCalendar,7,0,void,public,true,true,true,true
C:\Users\simon\Documents\Code\thesis-code\jfreechart-master\src\test\java\org\jfree\data\time\QuarterTest.java,QuarterTest.java,QuarterTest,testGetLastMillisecond,8,0,void,public,true,true,true,true
C:\Users\simon\Documents\Code\thesis-code\jfreechart-master\src\test\java\org\jfree\data\time\QuarterTest.java,QuarterTest.java,QuarterTest,testGetLastMillisecondWithTimeZone,7,0,void,public,true,true,true,true
C:\Users\simon\Documents\Code\thesis-code\jfreechart-master\src\test\java\org\jfree\data\time\QuarterTest.java,QuarterTest.java,QuarterTest,testGetLastMillisecondWithCalendar,7,0,void,public,true,true,true,true
C:\Users\simon\Documents\Code\thesis-code\jfreechart-master\src\test\java\org\jfree\data\time\QuarterTest.java,QuarterTest.java,QuarterTest,testGetSerialIndex,4,0,void,public,true,true,true,true
C:\Users\simon\Documents\Code\thesis-code\jfreechart-master\src\test\java\org\jfree\data\time\QuarterTest.java,QuarterTest.java,QuarterTest,testNextPrevious,9,0,void,public,true,true,true,true
C:\Users\simon\Documents\Code\thesis-code\jfreechart-master\src\test\java\org\jfree\data\time\QuarterTest.java,QuarterTest.java,QuarterTest,testNextPreviousWithThreadLocalCalendar,3,0,void,public,true,true,true,true
C:\Users\simon\Documents\Code\thesis-code\jfreechart-master\src\test\java\org\jfree\data\time\QuarterTest.java,QuarterTest.java,QuarterTest,testNextPreviousWithCalendarPrototype,3,0,void,public,true,true,true,true
C:\Users\simon\Documents\Code\thesis-code\jfreechart-master\src\test\java\org\jfree\data\time\QuarterTest.java,QuarterTest.java,QuarterTest,testNextPreviousWithCustomCalendar,1,2,void,private,false,true,true,true
C:\Users\simon\Documents\Code\thesis-code\jfreechart-master\src\test\java\org\jfree\data\time\QuarterTest.java,QuarterTest.java,QuarterTest,testGetStart,8,0,void,public,true,true,true,true
C:\Users\simon\Documents\Code\thesis-code\jfreechart-master\src\test\java\org\jfree\data\time\QuarterTest.java,QuarterTest.java,QuarterTest,testGetEnd,8,0,void,public,true,true,true,true
C:\Users\simon\Documents\Code\thesis-code\jfreechart-master\src\test\java\org\jfree\data\time\SecondTest.java,SecondTest.java,SecondTest,testEqualsSelf,2,0,void,public,true,true,true,true
C:\Users\simon\Documents\Code\thesis-code\jfreechart-master\src\test\java\org\jfree\data\time\SecondTest.java,SecondTest.java,SecondTest,testEquals,9,0,void,public,true,true,true,true
C:\Users\simon\Documents\Code\thesis-code\jfreechart-master\src\test\java\org\jfree\data\time\SecondTest.java,SecondTest.java,SecondTest,testDateConstructor1,9,0,void,public,true,true,true,true
C:\Users\simon\Documents\Code\thesis-code\jfreechart-master\src\test\java\org\jfree\data\time\SecondTest.java,SecondTest.java,SecondTest,testDateConstructor2,9,0,void,public,true,true,true,true
C:\Users\simon\Documents\Code\thesis-code\jfreechart-master\src\test\java\org\jfree\data\time\SecondTest.java,SecondTest.java,SecondTest,testDateConstructorWithThreadLocalCalendar,3,0,void,public,true,true,true,true
C:\Users\simon\Documents\Code\thesis-code\jfreechart-master\src\test\java\org\jfree\data\time\SecondTest.java,SecondTest.java,SecondTest,testDateConstructorWithCalendarPrototype,3,0,void,public,true,true,true,true
C:\Users\simon\Documents\Code\thesis-code\jfreechart-master\src\test\java\org\jfree\data\time\SecondTest.java,SecondTest.java,SecondTest,testDateConstructorWithCustomCalendar,1,2,void,private,false,true,true,true
C:\Users\simon\Documents\Code\thesis-code\jfreechart-master\src\test\java\org\jfree\data\time\SecondTest.java,SecondTest.java,SecondTest,testSecondMinuteConstructorWithThreadLocalCalendar,3,0,void,public,true,true,true,true
C:\Users\simon\Documents\Code\thesis-code\jfreechart-master\src\test\java\org\jfree\data\time\SecondTest.java,SecondTest.java,SecondTest,testSecondMinuteConstructorWithCalendarPrototype,3,0,void,public,true,true,true,true
C:\Users\simon\Documents\Code\thesis-code\jfreechart-master\src\test\java\org\jfree\data\time\SecondTest.java,SecondTest.java,SecondTest,testSecondMinuteConstructorWithCustomCalendar,1,2,void,private,false,true,true,true
C:\Users\simon\Documents\Code\thesis-code\jfreechart-master\src\test\java\org\jfree\data\time\SecondTest.java,SecondTest.java,SecondTest,testSerialization,3,0,void,public,true,true,true,true
C:\Users\simon\Documents\Code\thesis-code\jfreechart-master\src\test\java\org\jfree\data\time\SecondTest.java,SecondTest.java,SecondTest,testHashcode,6,0,void,public,true,true,true,true
C:\Users\simon\Documents\Code\thesis-code\jfreechart-master\src\test\java\org\jfree\data\time\SecondTest.java,SecondTest.java,SecondTest,testNotCloneable,2,0,void,public,true,true,true,true
C:\Users\simon\Documents\Code\thesis-code\jfreechart-master\src\test\java\org\jfree\data\time\SecondTest.java,SecondTest.java,SecondTest,testGetFirstMillisecond,8,0,void,public,true,true,true,true
C:\Users\simon\Documents\Code\thesis-code\jfreechart-master\src\test\java\org\jfree\data\time\SecondTest.java,SecondTest.java,SecondTest,testGetFirstMillisecondWithTimeZone,7,0,void,public,true,true,true,true
C:\Users\simon\Documents\Code\thesis-code\jfreechart-master\src\test\java\org\jfree\data\time\SecondTest.java,SecondTest.java,SecondTest,testGetFirstMillisecondWithCalendar,7,0,void,public,true,true,true,true
C:\Users\simon\Documents\Code\thesis-code\jfreechart-master\src\test\java\org\jfree\data\time\SecondTest.java,SecondTest.java,SecondTest,testGetLastMillisecond,8,0,void,public,true,true,true,true
C:\Users\simon\Documents\Code\thesis-code\jfreechart-master\src\test\java\org\jfree\data\time\SecondTest.java,SecondTest.java,SecondTest,testGetLastMillisecondWithTimeZone,7,0,void,public,true,true,true,true
C:\Users\simon\Documents\Code\thesis-code\jfreechart-master\src\test\java\org\jfree\data\time\SecondTest.java,SecondTest.java,SecondTest,testGetLastMillisecondWithCalendar,7,0,void,public,true,true,true,true
C:\Users\simon\Documents\Code\thesis-code\jfreechart-master\src\test\java\org\jfree\data\time\SecondTest.java,SecondTest.java,SecondTest,testGetSerialIndex,4,0,void,public,true,true,true,true
C:\Users\simon\Documents\Code\thesis-code\jfreechart-master\src\test\java\org\jfree\data\time\SecondTest.java,SecondTest.java,SecondTest,testNextPrevious,17,0,void,public,true,true,true,true
C:\Users\simon\Documents\Code\thesis-code\jfreechart-master\src\test\java\org\jfree\data\time\SecondTest.java,SecondTest.java,SecondTest,testNextPreviousWithThreadLocalCalendar,3,0,void,public,true,true,true,true
C:\Users\simon\Documents\Code\thesis-code\jfreechart-master\src\test\java\org\jfree\data\time\SecondTest.java,SecondTest.java,SecondTest,testNextPreviousWithCalendarPrototype,3,0,void,public,true,true,true,true
C:\Users\simon\Documents\Code\thesis-code\jfreechart-master\src\test\java\org\jfree\data\time\SecondTest.java,SecondTest.java,SecondTest,testNextPreviousWithCustomCalendar,1,2,void,private,false,true,true,true
C:\Users\simon\Documents\Code\thesis-code\jfreechart-master\src\test\java\org\jfree\data\time\SecondTest.java,SecondTest.java,SecondTest,testGetStart,8,0,void,public,true,true,true,true
C:\Users\simon\Documents\Code\thesis-code\jfreechart-master\src\test\java\org\jfree\data\time\SecondTest.java,SecondTest.java,SecondTest,testGetEnd,8,0,void,public,true,true,true,true
C:\Users\simon\Documents\Code\thesis-code\jfreechart-master\src\test\java\org\jfree\data\time\SimpleTimePeriodTest.java,SimpleTimePeriodTest.java,SimpleTimePeriodTest,testEqualsSelf,2,0,void,public,true,true,true,true
C:\Users\simon\Documents\Code\thesis-code\jfreechart-master\src\test\java\org\jfree\data\time\SimpleTimePeriodTest.java,SimpleTimePeriodTest.java,SimpleTimePeriodTest,testEquals,12,0,void,public,true,true,true,true
C:\Users\simon\Documents\Code\thesis-code\jfreechart-master\src\test\java\org\jfree\data\time\SimpleTimePeriodTest.java,SimpleTimePeriodTest.java,SimpleTimePeriodTest,testSerialization,3,0,void,public,true,true,true,true
C:\Users\simon\Documents\Code\thesis-code\jfreechart-master\src\test\java\org\jfree\data\time\SimpleTimePeriodTest.java,SimpleTimePeriodTest.java,SimpleTimePeriodTest,testHashcode,6,0,void,public,true,true,true,true
C:\Users\simon\Documents\Code\thesis-code\jfreechart-master\src\test\java\org\jfree\data\time\SimpleTimePeriodTest.java,SimpleTimePeriodTest.java,SimpleTimePeriodTest,testClone,2,0,void,public,true,true,true,true
C:\Users\simon\Documents\Code\thesis-code\jfreechart-master\src\test\java\org\jfree\data\time\SimpleTimePeriodTest.java,SimpleTimePeriodTest.java,SimpleTimePeriodTest,testImmutable,10,0,void,public,true,true,true,true
C:\Users\simon\Documents\Code\thesis-code\jfreechart-master\src\test\java\org\jfree\data\time\SimpleTimePeriodTest.java,SimpleTimePeriodTest.java,SimpleTimePeriodTest,testCompareTo,21,0,void,public,true,true,true,true
C:\Users\simon\Documents\Code\thesis-code\jfreechart-master\src\test\java\org\jfree\data\time\TimePeriodAnchorTest.java,TimePeriodAnchorTest.java,TimePeriodAnchorTest,testEquals,3,0,void,public,true,true,true,true
C:\Users\simon\Documents\Code\thesis-code\jfreechart-master\src\test\java\org\jfree\data\time\TimePeriodAnchorTest.java,TimePeriodAnchorTest.java,TimePeriodAnchorTest,testSerialization,3,0,void,public,true,true,true,true
C:\Users\simon\Documents\Code\thesis-code\jfreechart-master\src\test\java\org\jfree\data\time\TimePeriodValuesCollectionTest.java,TimePeriodValuesCollectionTest.java,TimePeriodValuesCollectionTest,test1161340,13,0,void,public,true,true,true,true
C:\Users\simon\Documents\Code\thesis-code\jfreechart-master\src\test\java\org\jfree\data\time\TimePeriodValuesCollectionTest.java,TimePeriodValuesCollectionTest.java,TimePeriodValuesCollectionTest,testEquals,13,0,void,public,true,true,true,true
C:\Users\simon\Documents\Code\thesis-code\jfreechart-master\src\test\java\org\jfree\data\time\TimePeriodValuesCollectionTest.java,TimePeriodValuesCollectionTest.java,TimePeriodValuesCollectionTest,testSerialization,3,0,void,public,true,true,true,true
C:\Users\simon\Documents\Code\thesis-code\jfreechart-master\src\test\java\org\jfree\data\time\TimePeriodValuesCollectionTest.java,TimePeriodValuesCollectionTest.java,TimePeriodValuesCollectionTest,testGetSeries,10,0,void,public,true,true,true,true
C:\Users\simon\Documents\Code\thesis-code\jfreechart-master\src\test\java\org\jfree\data\time\TimePeriodValuesCollectionTest.java,TimePeriodValuesCollectionTest.java,TimePeriodValuesCollectionTest,testGetDomainBoundsWithoutInterval,13,0,void,public,true,true,true,true
C:\Users\simon\Documents\Code\thesis-code\jfreechart-master\src\test\java\org\jfree\data\time\TimePeriodValuesCollectionTest.java,TimePeriodValuesCollectionTest.java,TimePeriodValuesCollectionTest,testGetDomainBoundsWithInterval,21,0,void,public,true,true,true,true
C:\Users\simon\Documents\Code\thesis-code\jfreechart-master\src\test\java\org\jfree\data\time\TimePeriodValuesTest.java,TimePeriodValuesTest.java,MySeriesChangeListener,testClone,11,0,void,public,true,true,true,false
C:\Users\simon\Documents\Code\thesis-code\jfreechart-master\src\test\java\org\jfree\data\time\TimePeriodValuesTest.java,TimePeriodValuesTest.java,MySeriesChangeListener,testAddValue,4,0,void,public,true,true,true,false
C:\Users\simon\Documents\Code\thesis-code\jfreechart-master\src\test\java\org\jfree\data\time\TimePeriodValuesTest.java,TimePeriodValuesTest.java,MySeriesChangeListener,testSerialization,8,0,void,public,true,true,true,false
C:\Users\simon\Documents\Code\thesis-code\jfreechart-master\src\test\java\org\jfree\data\time\TimePeriodValuesTest.java,TimePeriodValuesTest.java,MySeriesChangeListener,testEquals,11,0,void,public,true,true,true,false
C:\Users\simon\Documents\Code\thesis-code\jfreechart-master\src\test\java\org\jfree\data\time\TimePeriodValuesTest.java,TimePeriodValuesTest.java,MySeriesChangeListener,test1161329,9,0,void,public,true,true,true,false
C:\Users\simon\Documents\Code\thesis-code\jfreechart-master\src\test\java\org\jfree\data\time\TimePeriodValuesTest.java,TimePeriodValuesTest.java,MySeriesChangeListener,testAdd,9,0,void,public,true,true,true,false
C:\Users\simon\Documents\Code\thesis-code\jfreechart-master\src\test\java\org\jfree\data\time\TimePeriodValuesTest.java,TimePeriodValuesTest.java,MySeriesChangeListener,testGetMinStartIndex,8,0,void,public,true,true,true,false
C:\Users\simon\Documents\Code\thesis-code\jfreechart-master\src\test\java\org\jfree\data\time\TimePeriodValuesTest.java,TimePeriodValuesTest.java,MySeriesChangeListener,testGetMaxStartIndex,8,0,void,public,true,true,true,false
C:\Users\simon\Documents\Code\thesis-code\jfreechart-master\src\test\java\org\jfree\data\time\TimePeriodValuesTest.java,TimePeriodValuesTest.java,MySeriesChangeListener,testGetMinMiddleIndex,8,0,void,public,true,true,true,false
C:\Users\simon\Documents\Code\thesis-code\jfreechart-master\src\test\java\org\jfree\data\time\TimePeriodValuesTest.java,TimePeriodValuesTest.java,MySeriesChangeListener,testGetMaxMiddleIndex,10,0,void,public,true,true,true,false
C:\Users\simon\Documents\Code\thesis-code\jfreechart-master\src\test\java\org\jfree\data\time\TimePeriodValuesTest.java,TimePeriodValuesTest.java,MySeriesChangeListener,getMinEndIndex,8,0,void,public,true,false,true,false
C:\Users\simon\Documents\Code\thesis-code\jfreechart-master\src\test\java\org\jfree\data\time\TimePeriodValuesTest.java,TimePeriodValuesTest.java,MySeriesChangeListener,getMaxEndIndex,8,0,void,public,true,false,true,false
C:\Users\simon\Documents\Code\thesis-code\jfreechart-master\src\test\java\org\jfree\data\time\TimePeriodValuesTest.java,TimePeriodValuesTest.java,MySeriesChangeListener,getLastEvent,1,0,SeriesChangeEvent,public,false,false,true,false
C:\Users\simon\Documents\Code\thesis-code\jfreechart-master\src\test\java\org\jfree\data\time\TimePeriodValuesTest.java,TimePeriodValuesTest.java,MySeriesChangeListener,clearLastEvent,1,0,void,public,false,false,true,false
C:\Users\simon\Documents\Code\thesis-code\jfreechart-master\src\test\java\org\jfree\data\time\TimePeriodValuesTest.java,TimePeriodValuesTest.java,MySeriesChangeListener,seriesChanged,1,1,void,public,false,false,true,false
C:\Users\simon\Documents\Code\thesis-code\jfreechart-master\src\test\java\org\jfree\data\time\TimePeriodValueTest.java,TimePeriodValueTest.java,TimePeriodValueTest,testGeneral,5,0,void,public,true,true,true,true
C:\Users\simon\Documents\Code\thesis-code\jfreechart-master\src\test\java\org\jfree\data\time\TimePeriodValueTest.java,TimePeriodValueTest.java,TimePeriodValueTest,testEqualsSelf,2,0,void,public,true,true,true,true
C:\Users\simon\Documents\Code\thesis-code\jfreechart-master\src\test\java\org\jfree\data\time\TimePeriodValueTest.java,TimePeriodValueTest.java,TimePeriodValueTest,testEquals,4,0,void,public,true,true,true,true
C:\Users\simon\Documents\Code\thesis-code\jfreechart-master\src\test\java\org\jfree\data\time\TimePeriodValueTest.java,TimePeriodValueTest.java,TimePeriodValueTest,testSerialization,3,0,void,public,true,true,true,true
C:\Users\simon\Documents\Code\thesis-code\jfreechart-master\src\test\java\org\jfree\data\time\TimeSeriesCollectionTest.java,TimeSeriesCollectionTest.java,TimeSeriesCollectionTest,testEquals,20,0,void,public,true,true,true,true
C:\Users\simon\Documents\Code\thesis-code\jfreechart-master\src\test\java\org\jfree\data\time\TimeSeriesCollectionTest.java,TimeSeriesCollectionTest.java,TimeSeriesCollectionTest,testRemoveSeries,13,0,void,public,true,true,true,true
C:\Users\simon\Documents\Code\thesis-code\jfreechart-master\src\test\java\org\jfree\data\time\TimeSeriesCollectionTest.java,TimeSeriesCollectionTest.java,TimeSeriesCollectionTest,testRemoveSeries_int,14,0,void,public,true,true,true,true
C:\Users\simon\Documents\Code\thesis-code\jfreechart-master\src\test\java\org\jfree\data\time\TimeSeriesCollectionTest.java,TimeSeriesCollectionTest.java,TimeSeriesCollectionTest,testGetSurroundingItems,48,0,void,public,true,true,true,true
C:\Users\simon\Documents\Code\thesis-code\jfreechart-master\src\test\java\org\jfree\data\time\TimeSeriesCollectionTest.java,TimeSeriesCollectionTest.java,TimeSeriesCollectionTest,testSerialization,13,0,void,public,true,true,true,true
C:\Users\simon\Documents\Code\thesis-code\jfreechart-master\src\test\java\org\jfree\data\time\TimeSeriesCollectionTest.java,TimeSeriesCollectionTest.java,TimeSeriesCollectionTest,createSeries,10,0,TimeSeries<String>,private,false,false,true,true
C:\Users\simon\Documents\Code\thesis-code\jfreechart-master\src\test\java\org\jfree\data\time\TimeSeriesCollectionTest.java,TimeSeriesCollectionTest.java,TimeSeriesCollectionTest,test1170825,4,0,void,public,true,true,true,true
C:\Users\simon\Documents\Code\thesis-code\jfreechart-master\src\test\java\org\jfree\data\time\TimeSeriesCollectionTest.java,TimeSeriesCollectionTest.java,TimeSeriesCollectionTest,testIndexOf,16,0,void,public,true,true,true,true
C:\Users\simon\Documents\Code\thesis-code\jfreechart-master\src\test\java\org\jfree\data\time\TimeSeriesCollectionTest.java,TimeSeriesCollectionTest.java,TimeSeriesCollectionTest,testFindDomainBounds,27,0,void,public,true,true,true,true
C:\Users\simon\Documents\Code\thesis-code\jfreechart-master\src\test\java\org\jfree\data\time\TimeSeriesCollectionTest.java,TimeSeriesCollectionTest.java,TimeSeriesCollectionTest,testCloning,12,0,void,public,true,true,true,true
C:\Users\simon\Documents\Code\thesis-code\jfreechart-master\src\test\java\org\jfree\data\time\TimeSeriesCollectionTest.java,TimeSeriesCollectionTest.java,TimeSeriesCollectionTest,testBug3445507,15,0,void,public,true,true,true,true
C:\Users\simon\Documents\Code\thesis-code\jfreechart-master\src\test\java\org\jfree\data\time\TimeSeriesCollectionTest.java,TimeSeriesCollectionTest.java,TimeSeriesCollectionTest,testGetRangeBounds,35,0,void,public,true,true,true,true
C:\Users\simon\Documents\Code\thesis-code\jfreechart-master\src\test\java\org\jfree\data\time\TimeSeriesCollectionTest.java,TimeSeriesCollectionTest.java,TimeSeriesCollectionTest,testGetRangeBounds2,19,0,void,public,true,true,true,true
C:\Users\simon\Documents\Code\thesis-code\jfreechart-master\src\test\java\org\jfree\data\time\TimeSeriesDataItemTest.java,TimeSeriesDataItemTest.java,TimeSeriesDataItemTest,testEqualsSelf,2,0,void,public,true,true,true,true
C:\Users\simon\Documents\Code\thesis-code\jfreechart-master\src\test\java\org\jfree\data\time\TimeSeriesDataItemTest.java,TimeSeriesDataItemTest.java,TimeSeriesDataItemTest,testEquals,8,0,void,public,true,true,true,true
C:\Users\simon\Documents\Code\thesis-code\jfreechart-master\src\test\java\org\jfree\data\time\TimeSeriesDataItemTest.java,TimeSeriesDataItemTest.java,TimeSeriesDataItemTest,testSerialization,3,0,void,public,true,true,true,true
C:\Users\simon\Documents\Code\thesis-code\jfreechart-master\src\test\java\org\jfree\data\time\TimeSeriesTest.java,TimeSeriesTest.java,TimeSeriesTest,setUp,7,0,void,public,false,false,true,true
C:\Users\simon\Documents\Code\thesis-code\jfreechart-master\src\test\java\org\jfree\data\time\TimeSeriesTest.java,TimeSeriesTest.java,TimeSeriesTest,seriesChanged,1,1,void,public,false,false,true,true
C:\Users\simon\Documents\Code\thesis-code\jfreechart-master\src\test\java\org\jfree\data\time\TimeSeriesTest.java,TimeSeriesTest.java,TimeSeriesTest,testClone,11,0,void,public,true,true,true,true
C:\Users\simon\Documents\Code\thesis-code\jfreechart-master\src\test\java\org\jfree\data\time\TimeSeriesTest.java,TimeSeriesTest.java,TimeSeriesTest,testClone2,10,0,void,public,true,true,true,true
C:\Users\simon\Documents\Code\thesis-code\jfreechart-master\src\test\java\org\jfree\data\time\TimeSeriesTest.java,TimeSeriesTest.java,TimeSeriesTest,testAddValue,3,0,void,public,true,true,true,true
C:\Users\simon\Documents\Code\thesis-code\jfreechart-master\src\test\java\org\jfree\data\time\TimeSeriesTest.java,TimeSeriesTest.java,TimeSeriesTest,testGetValue,2,0,void,public,true,true,true,true
C:\Users\simon\Documents\Code\thesis-code\jfreechart-master\src\test\java\org\jfree\data\time\TimeSeriesTest.java,TimeSeriesTest.java,TimeSeriesTest,testDelete,3,0,void,public,true,true,true,true
C:\Users\simon\Documents\Code\thesis-code\jfreechart-master\src\test\java\org\jfree\data\time\TimeSeriesTest.java,TimeSeriesTest.java,TimeSeriesTest,testDelete2,14,0,void,public,true,true,true,true
C:\Users\simon\Documents\Code\thesis-code\jfreechart-master\src\test\java\org\jfree\data\time\TimeSeriesTest.java,TimeSeriesTest.java,TimeSeriesTest,testDelete3,13,0,void,public,true,true,true,true
C:\Users\simon\Documents\Code\thesis-code\jfreechart-master\src\test\java\org\jfree\data\time\TimeSeriesTest.java,TimeSeriesTest.java,TimeSeriesTest,testDelete_RegularTimePeriod,9,0,void,public,true,true,true,true
C:\Users\simon\Documents\Code\thesis-code\jfreechart-master\src\test\java\org\jfree\data\time\TimeSeriesTest.java,TimeSeriesTest.java,TimeSeriesTest,testSerialization,8,0,void,public,true,true,true,true
C:\Users\simon\Documents\Code\thesis-code\jfreechart-master\src\test\java\org\jfree\data\time\TimeSeriesTest.java,TimeSeriesTest.java,TimeSeriesTest,testEquals,21,0,void,public,true,true,true,true
C:\Users\simon\Documents\Code\thesis-code\jfreechart-master\src\test\java\org\jfree\data\time\TimeSeriesTest.java,TimeSeriesTest.java,TimeSeriesTest,testCreateCopy1,7,0,void,public,true,true,true,true
C:\Users\simon\Documents\Code\thesis-code\jfreechart-master\src\test\java\org\jfree\data\time\TimeSeriesTest.java,TimeSeriesTest.java,TimeSeriesTest,testCreateCopy2,15,0,void,public,true,true,true,true
C:\Users\simon\Documents\Code\thesis-code\jfreechart-master\src\test\java\org\jfree\data\time\TimeSeriesTest.java,TimeSeriesTest.java,TimeSeriesTest,testCreateCopy3,12,0,void,public,true,true,true,true
C:\Users\simon\Documents\Code\thesis-code\jfreechart-master\src\test\java\org\jfree\data\time\TimeSeriesTest.java,TimeSeriesTest.java,TimeSeriesTest,testSetMaximumItemCount,13,0,void,public,true,true,true,true
C:\Users\simon\Documents\Code\thesis-code\jfreechart-master\src\test\java\org\jfree\data\time\TimeSeriesTest.java,TimeSeriesTest.java,TimeSeriesTest,testAddOrUpdate,10,0,void,public,true,true,true,true
C:\Users\simon\Documents\Code\thesis-code\jfreechart-master\src\test\java\org\jfree\data\time\TimeSeriesTest.java,TimeSeriesTest.java,TimeSeriesTest,testAddOrUpdate2,8,0,void,public,true,true,true,true
C:\Users\simon\Documents\Code\thesis-code\jfreechart-master\src\test\java\org\jfree\data\time\TimeSeriesTest.java,TimeSeriesTest.java,TimeSeriesTest,testAddOrUpdate3,6,0,void,public,true,true,true,true
C:\Users\simon\Documents\Code\thesis-code\jfreechart-master\src\test\java\org\jfree\data\time\TimeSeriesTest.java,TimeSeriesTest.java,TimeSeriesTest,testAddOrUpdate4,14,0,void,public,true,true,true,true
C:\Users\simon\Documents\Code\thesis-code\jfreechart-master\src\test\java\org\jfree\data\time\TimeSeriesTest.java,TimeSeriesTest.java,TimeSeriesTest,testBug1075255,6,0,void,public,true,true,true,true
C:\Users\simon\Documents\Code\thesis-code\jfreechart-master\src\test\java\org\jfree\data\time\TimeSeriesTest.java,TimeSeriesTest.java,TimeSeriesTest,testBug1832432,7,0,void,public,true,true,true,true
C:\Users\simon\Documents\Code\thesis-code\jfreechart-master\src\test\java\org\jfree\data\time\TimeSeriesTest.java,TimeSeriesTest.java,TimeSeriesTest,testGetIndex,12,0,void,public,true,true,true,true
C:\Users\simon\Documents\Code\thesis-code\jfreechart-master\src\test\java\org\jfree\data\time\TimeSeriesTest.java,TimeSeriesTest.java,TimeSeriesTest,testGetDataItem1,13,0,void,public,true,true,true,true
C:\Users\simon\Documents\Code\thesis-code\jfreechart-master\src\test\java\org\jfree\data\time\TimeSeriesTest.java,TimeSeriesTest.java,TimeSeriesTest,testGetDataItem2,5,0,void,public,true,true,true,true
C:\Users\simon\Documents\Code\thesis-code\jfreechart-master\src\test\java\org\jfree\data\time\TimeSeriesTest.java,TimeSeriesTest.java,TimeSeriesTest,testRemoveAgedItems,25,0,void,public,true,true,true,true
C:\Users\simon\Documents\Code\thesis-code\jfreechart-master\src\test\java\org\jfree\data\time\TimeSeriesTest.java,TimeSeriesTest.java,TimeSeriesTest,testRemoveAgedItems2,30,0,void,public,true,true,true,true
C:\Users\simon\Documents\Code\thesis-code\jfreechart-master\src\test\java\org\jfree\data\time\TimeSeriesTest.java,TimeSeriesTest.java,TimeSeriesTest,testRemoveAgedItems3,4,0,void,public,true,true,true,true
C:\Users\simon\Documents\Code\thesis-code\jfreechart-master\src\test\java\org\jfree\data\time\TimeSeriesTest.java,TimeSeriesTest.java,TimeSeriesTest,testRemoveAgedItems4,9,0,void,public,true,true,true,true
C:\Users\simon\Documents\Code\thesis-code\jfreechart-master\src\test\java\org\jfree\data\time\TimeSeriesTest.java,TimeSeriesTest.java,TimeSeriesTest,testRemoveAgedItems5,10,0,void,public,true,true,true,true
C:\Users\simon\Documents\Code\thesis-code\jfreechart-master\src\test\java\org\jfree\data\time\TimeSeriesTest.java,TimeSeriesTest.java,TimeSeriesTest,testHashCode,20,0,void,public,true,true,true,true
C:\Users\simon\Documents\Code\thesis-code\jfreechart-master\src\test\java\org\jfree\data\time\TimeSeriesTest.java,TimeSeriesTest.java,TimeSeriesTest,testBug1864222,6,0,void,public,true,true,true,true
C:\Users\simon\Documents\Code\thesis-code\jfreechart-master\src\test\java\org\jfree\data\time\TimeSeriesTest.java,TimeSeriesTest.java,TimeSeriesTest,testBug3446965,7,0,void,public,true,true,true,true
C:\Users\simon\Documents\Code\thesis-code\jfreechart-master\src\test\java\org\jfree\data\time\TimeSeriesTest.java,TimeSeriesTest.java,TimeSeriesTest,testGetMinY,14,0,void,public,true,true,true,true
C:\Users\simon\Documents\Code\thesis-code\jfreechart-master\src\test\java\org\jfree\data\time\TimeSeriesTest.java,TimeSeriesTest.java,TimeSeriesTest,testGetMinY2,10,0,void,public,true,true,true,true
C:\Users\simon\Documents\Code\thesis-code\jfreechart-master\src\test\java\org\jfree\data\time\TimeSeriesTest.java,TimeSeriesTest.java,TimeSeriesTest,testGetMaxY,14,0,void,public,true,true,true,true
C:\Users\simon\Documents\Code\thesis-code\jfreechart-master\src\test\java\org\jfree\data\time\TimeSeriesTest.java,TimeSeriesTest.java,TimeSeriesTest,testGetMaxY2,10,0,void,public,true,true,true,true
C:\Users\simon\Documents\Code\thesis-code\jfreechart-master\src\test\java\org\jfree\data\time\TimeSeriesTest.java,TimeSeriesTest.java,TimeSeriesTest,testClear,8,0,void,public,true,true,true,true
C:\Users\simon\Documents\Code\thesis-code\jfreechart-master\src\test\java\org\jfree\data\time\TimeSeriesTest.java,TimeSeriesTest.java,TimeSeriesTest,testAdd,8,0,void,public,true,true,true,true
C:\Users\simon\Documents\Code\thesis-code\jfreechart-master\src\test\java\org\jfree\data\time\TimeSeriesTest.java,TimeSeriesTest.java,TimeSeriesTest,testUpdate_RegularTimePeriod,12,0,void,public,true,true,true,true
C:\Users\simon\Documents\Code\thesis-code\jfreechart-master\src\test\java\org\jfree\data\time\TimeSeriesTest.java,TimeSeriesTest.java,TimeSeriesTest,testAdd_TimeSeriesDataItem,6,0,void,public,true,true,true,true
C:\Users\simon\Documents\Code\thesis-code\jfreechart-master\src\test\java\org\jfree\data\time\TimeSeriesTest.java,TimeSeriesTest.java,TimeSeriesTest,testFindValueRange,14,0,void,public,true,true,true,true
C:\Users\simon\Documents\Code\thesis-code\jfreechart-master\src\test\java\org\jfree\data\time\TimeSeriesTest.java,TimeSeriesTest.java,TimeSeriesTest,testFindValueRange2,26,0,void,public,true,true,true,true
C:\Users\simon\Documents\Code\thesis-code\jfreechart-master\src\test\java\org\jfree\data\time\TimeSeriesTest.java,TimeSeriesTest.java,TimeSeriesTest,testFindValueRange3,23,0,void,public,true,true,true,true
C:\Users\simon\Documents\Code\thesis-code\jfreechart-master\src\test\java\org\jfree\data\time\TimeTableXYDatasetTest.java,TimeTableXYDatasetTest.java,TimeTableXYDatasetTest,testStandard,11,0,void,public,true,true,true,true
C:\Users\simon\Documents\Code\thesis-code\jfreechart-master\src\test\java\org\jfree\data\time\TimeTableXYDatasetTest.java,TimeTableXYDatasetTest.java,TimeTableXYDatasetTest,testGetTimePeriod,7,0,void,public,true,true,true,true
C:\Users\simon\Documents\Code\thesis-code\jfreechart-master\src\test\java\org\jfree\data\time\TimeTableXYDatasetTest.java,TimeTableXYDatasetTest.java,TimeTableXYDatasetTest,testEquals,15,0,void,public,true,true,true,true
C:\Users\simon\Documents\Code\thesis-code\jfreechart-master\src\test\java\org\jfree\data\time\TimeTableXYDatasetTest.java,TimeTableXYDatasetTest.java,TimeTableXYDatasetTest,testClone,7,0,void,public,true,true,true,true
C:\Users\simon\Documents\Code\thesis-code\jfreechart-master\src\test\java\org\jfree\data\time\TimeTableXYDatasetTest.java,TimeTableXYDatasetTest.java,TimeTableXYDatasetTest,testSerialization,4,0,void,public,true,true,true,true
C:\Users\simon\Documents\Code\thesis-code\jfreechart-master\src\test\java\org\jfree\data\time\TimeTableXYDatasetTest.java,TimeTableXYDatasetTest.java,TimeTableXYDatasetTest,testClear,8,0,void,public,true,true,true,true
C:\Users\simon\Documents\Code\thesis-code\jfreechart-master\src\test\java\org\jfree\data\time\WeekTest.java,WeekTest.java,WeekTest,setUp,4,0,void,public,false,false,true,true
C:\Users\simon\Documents\Code\thesis-code\jfreechart-master\src\test\java\org\jfree\data\time\WeekTest.java,WeekTest.java,WeekTest,testEquals,12,0,void,public,true,true,true,true
C:\Users\simon\Documents\Code\thesis-code\jfreechart-master\src\test\java\org\jfree\data\time\WeekTest.java,WeekTest.java,WeekTest,testW1Y1900Previous,2,0,void,public,true,true,true,true
C:\Users\simon\Documents\Code\thesis-code\jfreechart-master\src\test\java\org\jfree\data\time\WeekTest.java,WeekTest.java,WeekTest,testW1Y1900Next,2,0,void,public,true,true,true,true
C:\Users\simon\Documents\Code\thesis-code\jfreechart-master\src\test\java\org\jfree\data\time\WeekTest.java,WeekTest.java,WeekTest,testW52Y9999Previous,2,0,void,public,true,true,true,true
C:\Users\simon\Documents\Code\thesis-code\jfreechart-master\src\test\java\org\jfree\data\time\WeekTest.java,WeekTest.java,WeekTest,testW52Y9999Next,2,0,void,public,true,true,true,true
C:\Users\simon\Documents\Code\thesis-code\jfreechart-master\src\test\java\org\jfree\data\time\WeekTest.java,WeekTest.java,WeekTest,testSerialization,3,0,void,public,true,true,true,true
C:\Users\simon\Documents\Code\thesis-code\jfreechart-master\src\test\java\org\jfree\data\time\WeekTest.java,WeekTest.java,WeekTest,testHashcode,6,0,void,public,true,true,true,true
C:\Users\simon\Documents\Code\thesis-code\jfreechart-master\src\test\java\org\jfree\data\time\WeekTest.java,WeekTest.java,WeekTest,testNotCloneable,2,0,void,public,true,true,true,true
C:\Users\simon\Documents\Code\thesis-code\jfreechart-master\src\test\java\org\jfree\data\time\WeekTest.java,WeekTest.java,WeekTest,testWeek12005,12,0,void,public,true,true,true,true
C:\Users\simon\Documents\Code\thesis-code\jfreechart-master\src\test\java\org\jfree\data\time\WeekTest.java,WeekTest.java,WeekTest,testWeek532005,13,0,void,public,true,true,true,true
C:\Users\simon\Documents\Code\thesis-code\jfreechart-master\src\test\java\org\jfree\data\time\WeekTest.java,WeekTest.java,WeekTest,testBug1448828,3,0,void,public,true,true,true,true
C:\Users\simon\Documents\Code\thesis-code\jfreechart-master\src\test\java\org\jfree\data\time\WeekTest.java,WeekTest.java,WeekTest,testBug1498805,3,0,void,public,true,true,true,true
C:\Users\simon\Documents\Code\thesis-code\jfreechart-master\src\test\java\org\jfree\data\time\WeekTest.java,WeekTest.java,WeekTest,testGetFirstMillisecond,8,0,void,public,true,true,true,true
C:\Users\simon\Documents\Code\thesis-code\jfreechart-master\src\test\java\org\jfree\data\time\WeekTest.java,WeekTest.java,WeekTest,testGetFirstMillisecondWithTimeZone,7,0,void,public,true,true,true,true
C:\Users\simon\Documents\Code\thesis-code\jfreechart-master\src\test\java\org\jfree\data\time\WeekTest.java,WeekTest.java,WeekTest,testGetFirstMillisecondWithCalendar,7,0,void,public,true,true,true,true
C:\Users\simon\Documents\Code\thesis-code\jfreechart-master\src\test\java\org\jfree\data\time\WeekTest.java,WeekTest.java,WeekTest,testGetLastMillisecond,8,0,void,public,true,true,true,true
C:\Users\simon\Documents\Code\thesis-code\jfreechart-master\src\test\java\org\jfree\data\time\WeekTest.java,WeekTest.java,WeekTest,testGetLastMillisecondWithTimeZone,7,0,void,public,true,true,true,true
C:\Users\simon\Documents\Code\thesis-code\jfreechart-master\src\test\java\org\jfree\data\time\WeekTest.java,WeekTest.java,WeekTest,testGetLastMillisecondWithCalendar,7,0,void,public,true,true,true,true
C:\Users\simon\Documents\Code\thesis-code\jfreechart-master\src\test\java\org\jfree\data\time\WeekTest.java,WeekTest.java,WeekTest,testGetSerialIndex,4,0,void,public,true,true,true,true
C:\Users\simon\Documents\Code\thesis-code\jfreechart-master\src\test\java\org\jfree\data\time\WeekTest.java,WeekTest.java,WeekTest,testNextPrevious,9,0,void,public,true,true,true,true
C:\Users\simon\Documents\Code\thesis-code\jfreechart-master\src\test\java\org\jfree\data\time\WeekTest.java,WeekTest.java,WeekTest,testNextPreviousWithThreadLocalCalendar,3,0,void,public,true,true,true,true
C:\Users\simon\Documents\Code\thesis-code\jfreechart-master\src\test\java\org\jfree\data\time\WeekTest.java,WeekTest.java,WeekTest,testNextPreviousWithCalendarPrototype,3,0,void,public,true,true,true,true
C:\Users\simon\Documents\Code\thesis-code\jfreechart-master\src\test\java\org\jfree\data\time\WeekTest.java,WeekTest.java,WeekTest,testNextPreviousWithCustomCalendar,1,4,void,private,false,true,true,true
C:\Users\simon\Documents\Code\thesis-code\jfreechart-master\src\test\java\org\jfree\data\time\WeekTest.java,WeekTest.java,WeekTest,testGetStart,8,0,void,public,true,true,true,true
C:\Users\simon\Documents\Code\thesis-code\jfreechart-master\src\test\java\org\jfree\data\time\WeekTest.java,WeekTest.java,WeekTest,testGetEnd,8,0,void,public,true,true,true,true
C:\Users\simon\Documents\Code\thesis-code\jfreechart-master\src\test\java\org\jfree\data\time\WeekTest.java,WeekTest.java,WeekTest,testConstructor,24,0,void,public,true,true,true,true
C:\Users\simon\Documents\Code\thesis-code\jfreechart-master\src\test\java\org\jfree\data\time\WeekTest.java,WeekTest.java,WeekTest,testDateConstructorWithThreadLocalCalendar,3,0,void,public,true,true,true,true
C:\Users\simon\Documents\Code\thesis-code\jfreechart-master\src\test\java\org\jfree\data\time\WeekTest.java,WeekTest.java,WeekTest,testDateConstructorWithCalendarPrototype,3,0,void,public,true,true,true,true
C:\Users\simon\Documents\Code\thesis-code\jfreechart-master\src\test\java\org\jfree\data\time\WeekTest.java,WeekTest.java,WeekTest,testDateConstructorWithCustomCalendar,1,4,void,private,false,true,true,true
C:\Users\simon\Documents\Code\thesis-code\jfreechart-master\src\test\java\org\jfree\data\time\WeekTest.java,WeekTest.java,WeekTest,testWeekIntYearConstructorWithThreadLocalCalendar,3,0,void,public,true,true,true,true
C:\Users\simon\Documents\Code\thesis-code\jfreechart-master\src\test\java\org\jfree\data\time\WeekTest.java,WeekTest.java,WeekTest,testWeekIntYearConstructorWithCalendarPrototype,3,0,void,public,true,true,true,true
C:\Users\simon\Documents\Code\thesis-code\jfreechart-master\src\test\java\org\jfree\data\time\WeekTest.java,WeekTest.java,WeekTest,testWeekIntYearConstructorWithCustomCalendar,1,4,void,private,false,true,true,true
C:\Users\simon\Documents\Code\thesis-code\jfreechart-master\src\test\java\org\jfree\data\time\WeekTest.java,WeekTest.java,WeekTest,testWeekYearConstructorWithThreadLocalCalendar,3,0,void,public,true,true,true,true
C:\Users\simon\Documents\Code\thesis-code\jfreechart-master\src\test\java\org\jfree\data\time\WeekTest.java,WeekTest.java,WeekTest,testWeekYearConstructorWithCalendarPrototype,3,0,void,public,true,true,true,true
C:\Users\simon\Documents\Code\thesis-code\jfreechart-master\src\test\java\org\jfree\data\time\WeekTest.java,WeekTest.java,WeekTest,testWeekYearConstructorWithCustomCalendar,1,4,void,private,false,true,true,true
C:\Users\simon\Documents\Code\thesis-code\jfreechart-master\src\test\java\org\jfree\data\time\WeekTest.java,WeekTest.java,WeekTest,testBug134,6,0,void,public,true,true,true,true
C:\Users\simon\Documents\Code\thesis-code\jfreechart-master\src\test\java\org\jfree\data\time\YearTest.java,YearTest.java,YearTest,testEqualsSelf,2,0,void,public,true,true,true,true
C:\Users\simon\Documents\Code\thesis-code\jfreechart-master\src\test\java\org\jfree\data\time\YearTest.java,YearTest.java,YearTest,testEquals,7,0,void,public,true,true,true,true
C:\Users\simon\Documents\Code\thesis-code\jfreechart-master\src\test\java\org\jfree\data\time\YearTest.java,YearTest.java,YearTest,testDateConstructor1,10,0,void,public,true,true,true,true
C:\Users\simon\Documents\Code\thesis-code\jfreechart-master\src\test\java\org\jfree\data\time\YearTest.java,YearTest.java,YearTest,testDateConstructor2,8,0,void,public,true,true,true,true
C:\Users\simon\Documents\Code\thesis-code\jfreechart-master\src\test\java\org\jfree\data\time\YearTest.java,YearTest.java,YearTest,testDateConstructorWithThreadLocalCalendar,3,0,void,public,true,true,true,true
C:\Users\simon\Documents\Code\thesis-code\jfreechart-master\src\test\java\org\jfree\data\time\YearTest.java,YearTest.java,YearTest,testDateConstructorWithCalendarPrototype,3,0,void,public,true,true,true,true
C:\Users\simon\Documents\Code\thesis-code\jfreechart-master\src\test\java\org\jfree\data\time\YearTest.java,YearTest.java,YearTest,testDateConstructorWithCustomCalendar,1,2,void,private,false,true,true,true
C:\Users\simon\Documents\Code\thesis-code\jfreechart-master\src\test\java\org\jfree\data\time\YearTest.java,YearTest.java,YearTest,testYearConstructorWithThreadLocalCalendar,3,0,void,public,true,true,true,true
C:\Users\simon\Documents\Code\thesis-code\jfreechart-master\src\test\java\org\jfree\data\time\YearTest.java,YearTest.java,YearTest,testYearConstructorWithCalendarPrototype,3,0,void,public,true,true,true,true
C:\Users\simon\Documents\Code\thesis-code\jfreechart-master\src\test\java\org\jfree\data\time\YearTest.java,YearTest.java,YearTest,testYearConstructorWithCustomCalendar,1,2,void,private,false,true,true,true
C:\Users\simon\Documents\Code\thesis-code\jfreechart-master\src\test\java\org\jfree\data\time\YearTest.java,YearTest.java,YearTest,testMinuss9999Previous,3,0,void,public,true,true,true,true
C:\Users\simon\Documents\Code\thesis-code\jfreechart-master\src\test\java\org\jfree\data\time\YearTest.java,YearTest.java,YearTest,test1900Next,3,0,void,public,true,true,true,true
C:\Users\simon\Documents\Code\thesis-code\jfreechart-master\src\test\java\org\jfree\data\time\YearTest.java,YearTest.java,YearTest,test9999Previous,3,0,void,public,true,true,true,true
C:\Users\simon\Documents\Code\thesis-code\jfreechart-master\src\test\java\org\jfree\data\time\YearTest.java,YearTest.java,YearTest,test9999Next,3,0,void,public,true,true,true,true
C:\Users\simon\Documents\Code\thesis-code\jfreechart-master\src\test\java\org\jfree\data\time\YearTest.java,YearTest.java,YearTest,testParseYear,7,0,void,public,true,true,true,true
C:\Users\simon\Documents\Code\thesis-code\jfreechart-master\src\test\java\org\jfree\data\time\YearTest.java,YearTest.java,YearTest,testSerialization,3,0,void,public,true,true,true,true
C:\Users\simon\Documents\Code\thesis-code\jfreechart-master\src\test\java\org\jfree\data\time\YearTest.java,YearTest.java,YearTest,testNotCloneable,2,0,void,public,true,true,true,true
C:\Users\simon\Documents\Code\thesis-code\jfreechart-master\src\test\java\org\jfree\data\time\YearTest.java,YearTest.java,YearTest,testHashcode,6,0,void,public,true,true,true,true
C:\Users\simon\Documents\Code\thesis-code\jfreechart-master\src\test\java\org\jfree\data\time\YearTest.java,YearTest.java,YearTest,testGetFirstMillisecond,8,0,void,public,true,true,true,true
C:\Users\simon\Documents\Code\thesis-code\jfreechart-master\src\test\java\org\jfree\data\time\YearTest.java,YearTest.java,YearTest,testGetFirstMillisecondWithTimeZone,7,0,void,public,true,true,true,true
C:\Users\simon\Documents\Code\thesis-code\jfreechart-master\src\test\java\org\jfree\data\time\YearTest.java,YearTest.java,YearTest,testGetFirstMillisecondWithCalendar,7,0,void,public,true,true,true,true
C:\Users\simon\Documents\Code\thesis-code\jfreechart-master\src\test\java\org\jfree\data\time\YearTest.java,YearTest.java,YearTest,testGetLastMillisecond,8,0,void,public,true,true,true,true
C:\Users\simon\Documents\Code\thesis-code\jfreechart-master\src\test\java\org\jfree\data\time\YearTest.java,YearTest.java,YearTest,testGetLastMillisecondWithTimeZone,7,0,void,public,true,true,true,true
C:\Users\simon\Documents\Code\thesis-code\jfreechart-master\src\test\java\org\jfree\data\time\YearTest.java,YearTest.java,YearTest,testGetLastMillisecondWithCalendar,7,0,void,public,true,true,true,true
C:\Users\simon\Documents\Code\thesis-code\jfreechart-master\src\test\java\org\jfree\data\time\YearTest.java,YearTest.java,YearTest,testGetSerialIndex,2,0,void,public,true,true,true,true
C:\Users\simon\Documents\Code\thesis-code\jfreechart-master\src\test\java\org\jfree\data\time\YearTest.java,YearTest.java,YearTest,testNext,7,0,void,public,true,true,true,true
C:\Users\simon\Documents\Code\thesis-code\jfreechart-master\src\test\java\org\jfree\data\time\YearTest.java,YearTest.java,YearTest,testNextPreviousWithThreadLocalCalendar,3,0,void,public,true,true,true,true
C:\Users\simon\Documents\Code\thesis-code\jfreechart-master\src\test\java\org\jfree\data\time\YearTest.java,YearTest.java,YearTest,testNextPreviousWithCalendarPrototype,3,0,void,public,true,true,true,true
C:\Users\simon\Documents\Code\thesis-code\jfreechart-master\src\test\java\org\jfree\data\time\YearTest.java,YearTest.java,YearTest,testNextPreviousWithCustomCalendar,1,2,void,private,false,true,true,true
C:\Users\simon\Documents\Code\thesis-code\jfreechart-master\src\test\java\org\jfree\data\time\YearTest.java,YearTest.java,YearTest,testGetStart,8,0,void,public,true,true,true,true
C:\Users\simon\Documents\Code\thesis-code\jfreechart-master\src\test\java\org\jfree\data\time\YearTest.java,YearTest.java,YearTest,testGetEnd,8,0,void,public,true,true,true,true
C:\Users\simon\Documents\Code\thesis-code\jfreechart-master\src\test\java\org\jfree\data\xy\CategoryTableXYDatasetTest.java,CategoryTableXYDatasetTest.java,CategoryTableXYDatasetTest,testEquals,12,0,void,public,true,true,true,true
C:\Users\simon\Documents\Code\thesis-code\jfreechart-master\src\test\java\org\jfree\data\xy\CategoryTableXYDatasetTest.java,CategoryTableXYDatasetTest.java,CategoryTableXYDatasetTest,testCloning,15,0,void,public,true,true,true,true
C:\Users\simon\Documents\Code\thesis-code\jfreechart-master\src\test\java\org\jfree\data\xy\CategoryTableXYDatasetTest.java,CategoryTableXYDatasetTest.java,CategoryTableXYDatasetTest,testCloning2,16,0,void,public,true,true,true,true
C:\Users\simon\Documents\Code\thesis-code\jfreechart-master\src\test\java\org\jfree\data\xy\CategoryTableXYDatasetTest.java,CategoryTableXYDatasetTest.java,CategoryTableXYDatasetTest,testPublicCloneable,2,0,void,public,true,true,true,true
C:\Users\simon\Documents\Code\thesis-code\jfreechart-master\src\test\java\org\jfree\data\xy\CategoryTableXYDatasetTest.java,CategoryTableXYDatasetTest.java,CategoryTableXYDatasetTest,testSerialization,5,0,void,public,true,true,true,true
C:\Users\simon\Documents\Code\thesis-code\jfreechart-master\src\test\java\org\jfree\data\xy\CategoryTableXYDatasetTest.java,CategoryTableXYDatasetTest.java,CategoryTableXYDatasetTest,testAddSeries,24,0,void,public,true,true,true,true
C:\Users\simon\Documents\Code\thesis-code\jfreechart-master\src\test\java\org\jfree\data\xy\DefaultHighLowDatasetTest.java,DefaultHighLowDatasetTest.java,DefaultHighLowDatasetTest,testEquals,32,0,void,public,true,true,true,true
C:\Users\simon\Documents\Code\thesis-code\jfreechart-master\src\test\java\org\jfree\data\xy\DefaultHighLowDatasetTest.java,DefaultHighLowDatasetTest.java,DefaultHighLowDatasetTest,testCloning,5,0,void,public,true,true,true,true
C:\Users\simon\Documents\Code\thesis-code\jfreechart-master\src\test\java\org\jfree\data\xy\DefaultHighLowDatasetTest.java,DefaultHighLowDatasetTest.java,DefaultHighLowDatasetTest,testPublicCloneable,2,0,void,public,true,true,true,true
C:\Users\simon\Documents\Code\thesis-code\jfreechart-master\src\test\java\org\jfree\data\xy\DefaultHighLowDatasetTest.java,DefaultHighLowDatasetTest.java,DefaultHighLowDatasetTest,testSerialization,3,0,void,public,true,true,true,true
C:\Users\simon\Documents\Code\thesis-code\jfreechart-master\src\test\java\org\jfree\data\xy\DefaultIntervalXYDatasetTest.java,DefaultIntervalXYDatasetTest.java,DefaultIntervalXYDatasetTest,testGetSeriesCount,4,0,void,public,true,true,true,true
C:\Users\simon\Documents\Code\thesis-code\jfreechart-master\src\test\java\org\jfree\data\xy\DefaultIntervalXYDatasetTest.java,DefaultIntervalXYDatasetTest.java,DefaultIntervalXYDatasetTest,testGetSeriesKey,9,0,void,public,true,true,true,true
C:\Users\simon\Documents\Code\thesis-code\jfreechart-master\src\test\java\org\jfree\data\xy\DefaultIntervalXYDatasetTest.java,DefaultIntervalXYDatasetTest.java,DefaultIntervalXYDatasetTest,testGetItemCount,6,0,void,public,true,true,true,true
C:\Users\simon\Documents\Code\thesis-code\jfreechart-master\src\test\java\org\jfree\data\xy\DefaultIntervalXYDatasetTest.java,DefaultIntervalXYDatasetTest.java,DefaultIntervalXYDatasetTest,testGetXValue,7,0,void,public,true,true,true,true
C:\Users\simon\Documents\Code\thesis-code\jfreechart-master\src\test\java\org\jfree\data\xy\DefaultIntervalXYDatasetTest.java,DefaultIntervalXYDatasetTest.java,DefaultIntervalXYDatasetTest,testGetYValue,7,0,void,public,true,true,true,true
C:\Users\simon\Documents\Code\thesis-code\jfreechart-master\src\test\java\org\jfree\data\xy\DefaultIntervalXYDatasetTest.java,DefaultIntervalXYDatasetTest.java,DefaultIntervalXYDatasetTest,testGetStartXValue,7,0,void,public,true,true,true,true
C:\Users\simon\Documents\Code\thesis-code\jfreechart-master\src\test\java\org\jfree\data\xy\DefaultIntervalXYDatasetTest.java,DefaultIntervalXYDatasetTest.java,DefaultIntervalXYDatasetTest,testGetEndXValue,7,0,void,public,true,true,true,true
C:\Users\simon\Documents\Code\thesis-code\jfreechart-master\src\test\java\org\jfree\data\xy\DefaultIntervalXYDatasetTest.java,DefaultIntervalXYDatasetTest.java,DefaultIntervalXYDatasetTest,testGetStartYValue,7,0,void,public,true,true,true,true
C:\Users\simon\Documents\Code\thesis-code\jfreechart-master\src\test\java\org\jfree\data\xy\DefaultIntervalXYDatasetTest.java,DefaultIntervalXYDatasetTest.java,DefaultIntervalXYDatasetTest,testGetEndYValue,7,0,void,public,true,true,true,true
C:\Users\simon\Documents\Code\thesis-code\jfreechart-master\src\test\java\org\jfree\data\xy\DefaultIntervalXYDatasetTest.java,DefaultIntervalXYDatasetTest.java,DefaultIntervalXYDatasetTest,testEquals,8,0,void,public,true,true,true,true
C:\Users\simon\Documents\Code\thesis-code\jfreechart-master\src\test\java\org\jfree\data\xy\DefaultIntervalXYDatasetTest.java,DefaultIntervalXYDatasetTest.java,DefaultIntervalXYDatasetTest,testCloning,10,0,void,public,true,true,true,true
C:\Users\simon\Documents\Code\thesis-code\jfreechart-master\src\test\java\org\jfree\data\xy\DefaultIntervalXYDatasetTest.java,DefaultIntervalXYDatasetTest.java,DefaultIntervalXYDatasetTest,testCloning2,15,0,void,public,true,true,true,true
C:\Users\simon\Documents\Code\thesis-code\jfreechart-master\src\test\java\org\jfree\data\xy\DefaultIntervalXYDatasetTest.java,DefaultIntervalXYDatasetTest.java,DefaultIntervalXYDatasetTest,testPublicCloneable,2,0,void,public,true,true,true,true
C:\Users\simon\Documents\Code\thesis-code\jfreechart-master\src\test\java\org\jfree\data\xy\DefaultIntervalXYDatasetTest.java,DefaultIntervalXYDatasetTest.java,DefaultIntervalXYDatasetTest,testSerialization,6,0,void,public,true,true,true,true
C:\Users\simon\Documents\Code\thesis-code\jfreechart-master\src\test\java\org\jfree\data\xy\DefaultIntervalXYDatasetTest.java,DefaultIntervalXYDatasetTest.java,DefaultIntervalXYDatasetTest,testIndexOf,5,0,void,public,true,true,true,true
C:\Users\simon\Documents\Code\thesis-code\jfreechart-master\src\test\java\org\jfree\data\xy\DefaultIntervalXYDatasetTest.java,DefaultIntervalXYDatasetTest.java,DefaultIntervalXYDatasetTest,testAddSeries,10,0,void,public,true,true,true,true
C:\Users\simon\Documents\Code\thesis-code\jfreechart-master\src\test\java\org\jfree\data\xy\DefaultIntervalXYDatasetTest.java,DefaultIntervalXYDatasetTest.java,DefaultIntervalXYDatasetTest,createSampleDataset1,18,0,DefaultIntervalXYDataset<String>,public,false,false,true,true
C:\Users\simon\Documents\Code\thesis-code\jfreechart-master\src\test\java\org\jfree\data\xy\DefaultOHLCDatasetTest.java,DefaultOHLCDatasetTest.java,DefaultOHLCDatasetTest,testDataRange,8,0,void,public,true,true,true,true
C:\Users\simon\Documents\Code\thesis-code\jfreechart-master\src\test\java\org\jfree\data\xy\DefaultOHLCDatasetTest.java,DefaultOHLCDatasetTest.java,DefaultOHLCDatasetTest,testEquals,12,0,void,public,true,true,true,true
C:\Users\simon\Documents\Code\thesis-code\jfreechart-master\src\test\java\org\jfree\data\xy\DefaultOHLCDatasetTest.java,DefaultOHLCDatasetTest.java,DefaultOHLCDatasetTest,testCloning,5,0,void,public,true,true,true,true
C:\Users\simon\Documents\Code\thesis-code\jfreechart-master\src\test\java\org\jfree\data\xy\DefaultOHLCDatasetTest.java,DefaultOHLCDatasetTest.java,DefaultOHLCDatasetTest,testCloning2,10,0,void,public,true,true,true,true
C:\Users\simon\Documents\Code\thesis-code\jfreechart-master\src\test\java\org\jfree\data\xy\DefaultOHLCDatasetTest.java,DefaultOHLCDatasetTest.java,DefaultOHLCDatasetTest,testPublicCloneable,2,0,void,public,true,true,true,true
C:\Users\simon\Documents\Code\thesis-code\jfreechart-master\src\test\java\org\jfree\data\xy\DefaultOHLCDatasetTest.java,DefaultOHLCDatasetTest.java,DefaultOHLCDatasetTest,testSerialization,3,0,void,public,true,true,true,true
C:\Users\simon\Documents\Code\thesis-code\jfreechart-master\src\test\java\org\jfree\data\xy\DefaultTableXYDatasetTest.java,DefaultTableXYDatasetTest.java,DefaultTableXYDatasetTest,testEquals,16,0,void,public,true,true,true,true
C:\Users\simon\Documents\Code\thesis-code\jfreechart-master\src\test\java\org\jfree\data\xy\DefaultTableXYDatasetTest.java,DefaultTableXYDatasetTest.java,DefaultTableXYDatasetTest,testCloning,11,0,void,public,true,true,true,true
C:\Users\simon\Documents\Code\thesis-code\jfreechart-master\src\test\java\org\jfree\data\xy\DefaultTableXYDatasetTest.java,DefaultTableXYDatasetTest.java,DefaultTableXYDatasetTest,testPublicCloneable,2,0,void,public,true,true,true,true
C:\Users\simon\Documents\Code\thesis-code\jfreechart-master\src\test\java\org\jfree\data\xy\DefaultTableXYDatasetTest.java,DefaultTableXYDatasetTest.java,DefaultTableXYDatasetTest,testSerialization,7,0,void,public,true,true,true,true
C:\Users\simon\Documents\Code\thesis-code\jfreechart-master\src\test\java\org\jfree\data\xy\DefaultTableXYDatasetTest.java,DefaultTableXYDatasetTest.java,DefaultTableXYDatasetTest,testAddSeries,28,0,void,public,true,true,true,true
C:\Users\simon\Documents\Code\thesis-code\jfreechart-master\src\test\java\org\jfree\data\xy\DefaultTableXYDatasetTest.java,DefaultTableXYDatasetTest.java,DefaultTableXYDatasetTest,testGetSeries,10,0,void,public,true,true,true,true
C:\Users\simon\Documents\Code\thesis-code\jfreechart-master\src\test\java\org\jfree\data\xy\DefaultWindDatasetTest.java,DefaultWindDatasetTest.java,DefaultWindDatasetTest,testEquals,8,0,void,public,true,true,true,true
C:\Users\simon\Documents\Code\thesis-code\jfreechart-master\src\test\java\org\jfree\data\xy\DefaultWindDatasetTest.java,DefaultWindDatasetTest.java,DefaultWindDatasetTest,testCloning,10,0,void,public,true,true,true,true
C:\Users\simon\Documents\Code\thesis-code\jfreechart-master\src\test\java\org\jfree\data\xy\DefaultWindDatasetTest.java,DefaultWindDatasetTest.java,DefaultWindDatasetTest,testPublicCloneable,2,0,void,public,true,true,true,true
C:\Users\simon\Documents\Code\thesis-code\jfreechart-master\src\test\java\org\jfree\data\xy\DefaultWindDatasetTest.java,DefaultWindDatasetTest.java,DefaultWindDatasetTest,testSerialization,6,0,void,public,true,true,true,true
C:\Users\simon\Documents\Code\thesis-code\jfreechart-master\src\test\java\org\jfree\data\xy\DefaultWindDatasetTest.java,DefaultWindDatasetTest.java,DefaultWindDatasetTest,testGetSeriesKey,9,0,void,public,true,true,true,true
C:\Users\simon\Documents\Code\thesis-code\jfreechart-master\src\test\java\org\jfree\data\xy\DefaultWindDatasetTest.java,DefaultWindDatasetTest.java,DefaultWindDatasetTest,testIndexOf,5,0,void,public,true,true,true,true
C:\Users\simon\Documents\Code\thesis-code\jfreechart-master\src\test\java\org\jfree\data\xy\DefaultWindDatasetTest.java,DefaultWindDatasetTest.java,DefaultWindDatasetTest,createSampleDataset1,11,0,DefaultWindDataset,public,false,false,true,true
C:\Users\simon\Documents\Code\thesis-code\jfreechart-master\src\test\java\org\jfree\data\xy\DefaultWindDatasetTest.java,DefaultWindDatasetTest.java,DefaultWindDatasetTest,createItem,1,3,Object[],private,false,false,true,true
C:\Users\simon\Documents\Code\thesis-code\jfreechart-master\src\test\java\org\jfree\data\xy\DefaultXYDatasetTest.java,DefaultXYDatasetTest.java,DefaultXYDatasetTest,testEquals,14,0,void,public,true,true,true,true
C:\Users\simon\Documents\Code\thesis-code\jfreechart-master\src\test\java\org\jfree\data\xy\DefaultXYDatasetTest.java,DefaultXYDatasetTest.java,DefaultXYDatasetTest,testCloning,17,0,void,public,true,true,true,true
C:\Users\simon\Documents\Code\thesis-code\jfreechart-master\src\test\java\org\jfree\data\xy\DefaultXYDatasetTest.java,DefaultXYDatasetTest.java,DefaultXYDatasetTest,testPublicCloneable,2,0,void,public,true,true,true,true
C:\Users\simon\Documents\Code\thesis-code\jfreechart-master\src\test\java\org\jfree\data\xy\DefaultXYDatasetTest.java,DefaultXYDatasetTest.java,DefaultXYDatasetTest,testSerialization,9,0,void,public,true,true,true,true
C:\Users\simon\Documents\Code\thesis-code\jfreechart-master\src\test\java\org\jfree\data\xy\DefaultXYDatasetTest.java,DefaultXYDatasetTest.java,DefaultXYDatasetTest,testGetSeriesKey,9,0,void,public,true,true,true,true
C:\Users\simon\Documents\Code\thesis-code\jfreechart-master\src\test\java\org\jfree\data\xy\DefaultXYDatasetTest.java,DefaultXYDatasetTest.java,DefaultXYDatasetTest,testIndexOf,5,0,void,public,true,true,true,true
C:\Users\simon\Documents\Code\thesis-code\jfreechart-master\src\test\java\org\jfree\data\xy\DefaultXYDatasetTest.java,DefaultXYDatasetTest.java,DefaultXYDatasetTest,testAddSeries,10,0,void,public,true,true,true,true
C:\Users\simon\Documents\Code\thesis-code\jfreechart-master\src\test\java\org\jfree\data\xy\DefaultXYDatasetTest.java,DefaultXYDatasetTest.java,DefaultXYDatasetTest,createSampleDataset1,10,0,DefaultXYDataset<String>,public,false,false,true,true
C:\Users\simon\Documents\Code\thesis-code\jfreechart-master\src\test\java\org\jfree\data\xy\DefaultXYZDatasetTest.java,DefaultXYZDatasetTest.java,DefaultXYZDatasetTest,testEquals,16,0,void,public,true,true,true,true
C:\Users\simon\Documents\Code\thesis-code\jfreechart-master\src\test\java\org\jfree\data\xy\DefaultXYZDatasetTest.java,DefaultXYZDatasetTest.java,DefaultXYZDatasetTest,testCloning,18,0,void,public,true,true,true,true
C:\Users\simon\Documents\Code\thesis-code\jfreechart-master\src\test\java\org\jfree\data\xy\DefaultXYZDatasetTest.java,DefaultXYZDatasetTest.java,DefaultXYZDatasetTest,testPublicCloneable,2,0,void,public,true,true,true,true
C:\Users\simon\Documents\Code\thesis-code\jfreechart-master\src\test\java\org\jfree\data\xy\DefaultXYZDatasetTest.java,DefaultXYZDatasetTest.java,DefaultXYZDatasetTest,testSerialization,10,0,void,public,true,true,true,true
C:\Users\simon\Documents\Code\thesis-code\jfreechart-master\src\test\java\org\jfree\data\xy\DefaultXYZDatasetTest.java,DefaultXYZDatasetTest.java,DefaultXYZDatasetTest,testGetSeriesKey,9,0,void,public,true,true,true,true
C:\Users\simon\Documents\Code\thesis-code\jfreechart-master\src\test\java\org\jfree\data\xy\DefaultXYZDatasetTest.java,DefaultXYZDatasetTest.java,DefaultXYZDatasetTest,testIndexOf,5,0,void,public,true,true,true,true
C:\Users\simon\Documents\Code\thesis-code\jfreechart-master\src\test\java\org\jfree\data\xy\DefaultXYZDatasetTest.java,DefaultXYZDatasetTest.java,DefaultXYZDatasetTest,testAddSeries,10,0,void,public,true,true,true,true
C:\Users\simon\Documents\Code\thesis-code\jfreechart-master\src\test\java\org\jfree\data\xy\DefaultXYZDatasetTest.java,DefaultXYZDatasetTest.java,DefaultXYZDatasetTest,createSampleDataset1,12,0,DefaultXYZDataset<String>,public,false,false,true,true
C:\Users\simon\Documents\Code\thesis-code\jfreechart-master\src\test\java\org\jfree\data\xy\IntervalXYDelegateTest.java,IntervalXYDelegateTest.java,IntervalXYDelegateTest,testEquals,24,0,void,public,true,true,true,true
C:\Users\simon\Documents\Code\thesis-code\jfreechart-master\src\test\java\org\jfree\data\xy\IntervalXYDelegateTest.java,IntervalXYDelegateTest.java,IntervalXYDelegateTest,testCloning,9,0,void,public,true,true,true,true
C:\Users\simon\Documents\Code\thesis-code\jfreechart-master\src\test\java\org\jfree\data\xy\IntervalXYDelegateTest.java,IntervalXYDelegateTest.java,IntervalXYDelegateTest,testSerialization,7,0,void,public,true,true,true,true
C:\Users\simon\Documents\Code\thesis-code\jfreechart-master\src\test\java\org\jfree\data\xy\MatrixSeriesCollectionTest.java,MatrixSeriesCollectionTest.java,MatrixSeriesCollectionTest,testEquals,14,0,void,public,true,true,true,true
C:\Users\simon\Documents\Code\thesis-code\jfreechart-master\src\test\java\org\jfree\data\xy\MatrixSeriesCollectionTest.java,MatrixSeriesCollectionTest.java,MatrixSeriesCollectionTest,testCloning,10,0,void,public,true,true,true,true
C:\Users\simon\Documents\Code\thesis-code\jfreechart-master\src\test\java\org\jfree\data\xy\MatrixSeriesCollectionTest.java,MatrixSeriesCollectionTest.java,MatrixSeriesCollectionTest,testPublicCloneable,2,0,void,public,true,true,true,true
C:\Users\simon\Documents\Code\thesis-code\jfreechart-master\src\test\java\org\jfree\data\xy\MatrixSeriesCollectionTest.java,MatrixSeriesCollectionTest.java,MatrixSeriesCollectionTest,testSerialization,6,0,void,public,true,true,true,true
C:\Users\simon\Documents\Code\thesis-code\jfreechart-master\src\test\java\org\jfree\data\xy\MatrixSeriesTest.java,MatrixSeriesTest.java,MatrixSeriesTest,testEquals,24,0,void,public,true,true,true,true
C:\Users\simon\Documents\Code\thesis-code\jfreechart-master\src\test\java\org\jfree\data\xy\MatrixSeriesTest.java,MatrixSeriesTest.java,MatrixSeriesTest,testCloning,7,0,void,public,true,true,true,true
C:\Users\simon\Documents\Code\thesis-code\jfreechart-master\src\test\java\org\jfree\data\xy\MatrixSeriesTest.java,MatrixSeriesTest.java,MatrixSeriesTest,testSerialization,5,0,void,public,true,true,true,true
C:\Users\simon\Documents\Code\thesis-code\jfreechart-master\src\test\java\org\jfree\data\xy\MatrixSeriesTest.java,MatrixSeriesTest.java,MatrixSeriesTest,testGetItemColumn,7,0,void,public,true,true,true,true
C:\Users\simon\Documents\Code\thesis-code\jfreechart-master\src\test\java\org\jfree\data\xy\MatrixSeriesTest.java,MatrixSeriesTest.java,MatrixSeriesTest,testGetItemRow,7,0,void,public,true,true,true,true
C:\Users\simon\Documents\Code\thesis-code\jfreechart-master\src\test\java\org\jfree\data\xy\MatrixSeriesTest.java,MatrixSeriesTest.java,MatrixSeriesTest,testGetItem,13,0,void,public,true,true,true,true
C:\Users\simon\Documents\Code\thesis-code\jfreechart-master\src\test\java\org\jfree\data\xy\OHLCDataItemTest.java,OHLCDataItemTest.java,OHLCDataItemTest,testEquals,4,0,void,public,true,true,true,true
C:\Users\simon\Documents\Code\thesis-code\jfreechart-master\src\test\java\org\jfree\data\xy\OHLCDataItemTest.java,OHLCDataItemTest.java,OHLCDataItemTest,testCloning,2,0,void,public,true,true,true,true
C:\Users\simon\Documents\Code\thesis-code\jfreechart-master\src\test\java\org\jfree\data\xy\OHLCDataItemTest.java,OHLCDataItemTest.java,OHLCDataItemTest,testSerialization,3,0,void,public,true,true,true,true
C:\Users\simon\Documents\Code\thesis-code\jfreechart-master\src\test\java\org\jfree\data\xy\TableXYDatasetTest.java,TableXYDatasetTest.java,TableXYDatasetTest,testEquals,8,0,void,public,true,true,true,true
C:\Users\simon\Documents\Code\thesis-code\jfreechart-master\src\test\java\org\jfree\data\xy\TableXYDatasetTest.java,TableXYDatasetTest.java,TableXYDatasetTest,testCloning,6,0,void,public,true,true,true,true
C:\Users\simon\Documents\Code\thesis-code\jfreechart-master\src\test\java\org\jfree\data\xy\TableXYDatasetTest.java,TableXYDatasetTest.java,TableXYDatasetTest,testPublicCloneable,2,0,void,public,true,true,true,true
C:\Users\simon\Documents\Code\thesis-code\jfreechart-master\src\test\java\org\jfree\data\xy\TableXYDatasetTest.java,TableXYDatasetTest.java,TableXYDatasetTest,testSerialization,4,0,void,public,true,true,true,true
C:\Users\simon\Documents\Code\thesis-code\jfreechart-master\src\test\java\org\jfree\data\xy\TableXYDatasetTest.java,TableXYDatasetTest.java,TableXYDatasetTest,testTableXYDataset,20,0,void,public,true,true,true,true
C:\Users\simon\Documents\Code\thesis-code\jfreechart-master\src\test\java\org\jfree\data\xy\TableXYDatasetTest.java,TableXYDatasetTest.java,TableXYDatasetTest,test788597,5,0,void,public,true,true,true,true
C:\Users\simon\Documents\Code\thesis-code\jfreechart-master\src\test\java\org\jfree\data\xy\TableXYDatasetTest.java,TableXYDatasetTest.java,TableXYDatasetTest,testRemoveAllValuesForX,10,0,void,public,true,true,true,true
C:\Users\simon\Documents\Code\thesis-code\jfreechart-master\src\test\java\org\jfree\data\xy\TableXYDatasetTest.java,TableXYDatasetTest.java,TableXYDatasetTest,testPrune,6,0,void,public,true,true,true,true
C:\Users\simon\Documents\Code\thesis-code\jfreechart-master\src\test\java\org\jfree\data\xy\TableXYDatasetTest.java,TableXYDatasetTest.java,TableXYDatasetTest,testAutoPrune,14,0,void,public,true,true,true,true
C:\Users\simon\Documents\Code\thesis-code\jfreechart-master\src\test\java\org\jfree\data\xy\TableXYDatasetTest.java,TableXYDatasetTest.java,TableXYDatasetTest,createSeriesA,4,0,XYSeries<String>,private,false,false,true,true
C:\Users\simon\Documents\Code\thesis-code\jfreechart-master\src\test\java\org\jfree\data\xy\TableXYDatasetTest.java,TableXYDatasetTest.java,TableXYDatasetTest,createSeriesB,4,0,XYSeries<String>,private,false,false,true,true
C:\Users\simon\Documents\Code\thesis-code\jfreechart-master\src\test\java\org\jfree\data\xy\TableXYDatasetTest.java,TableXYDatasetTest.java,TableXYDatasetTest,createSeries1,6,0,XYSeries<String>,private,false,false,true,true
C:\Users\simon\Documents\Code\thesis-code\jfreechart-master\src\test\java\org\jfree\data\xy\TableXYDatasetTest.java,TableXYDatasetTest.java,TableXYDatasetTest,createSeries2,7,0,XYSeries<String>,private,false,false,true,true
C:\Users\simon\Documents\Code\thesis-code\jfreechart-master\src\test\java\org\jfree\data\xy\VectorDataItemTest.java,VectorDataItemTest.java,VectorDataItemTest,testEquals,20,0,void,public,true,true,true,true
C:\Users\simon\Documents\Code\thesis-code\jfreechart-master\src\test\java\org\jfree\data\xy\VectorDataItemTest.java,VectorDataItemTest.java,VectorDataItemTest,testHashcode,6,0,void,public,true,true,true,true
C:\Users\simon\Documents\Code\thesis-code\jfreechart-master\src\test\java\org\jfree\data\xy\VectorDataItemTest.java,VectorDataItemTest.java,VectorDataItemTest,testCloning,5,0,void,public,true,true,true,true
C:\Users\simon\Documents\Code\thesis-code\jfreechart-master\src\test\java\org\jfree\data\xy\VectorDataItemTest.java,VectorDataItemTest.java,VectorDataItemTest,testSerialization,3,0,void,public,true,true,true,true
C:\Users\simon\Documents\Code\thesis-code\jfreechart-master\src\test\java\org\jfree\data\xy\VectorSeriesCollectionTest.java,VectorSeriesCollectionTest.java,VectorSeriesCollectionTest,testEquals,14,0,void,public,true,true,true,true
C:\Users\simon\Documents\Code\thesis-code\jfreechart-master\src\test\java\org\jfree\data\xy\VectorSeriesCollectionTest.java,VectorSeriesCollectionTest.java,VectorSeriesCollectionTest,testCloning,10,0,void,public,true,true,true,true
C:\Users\simon\Documents\Code\thesis-code\jfreechart-master\src\test\java\org\jfree\data\xy\VectorSeriesCollectionTest.java,VectorSeriesCollectionTest.java,VectorSeriesCollectionTest,testPublicCloneable,2,0,void,public,true,true,true,true
C:\Users\simon\Documents\Code\thesis-code\jfreechart-master\src\test\java\org\jfree\data\xy\VectorSeriesCollectionTest.java,VectorSeriesCollectionTest.java,VectorSeriesCollectionTest,testSerialization,14,0,void,public,true,true,true,true
C:\Users\simon\Documents\Code\thesis-code\jfreechart-master\src\test\java\org\jfree\data\xy\VectorSeriesCollectionTest.java,VectorSeriesCollectionTest.java,VectorSeriesCollectionTest,testRemoveSeries,16,0,void,public,true,true,true,true
C:\Users\simon\Documents\Code\thesis-code\jfreechart-master\src\test\java\org\jfree\data\xy\VectorSeriesTest.java,VectorSeriesTest.java,VectorSeriesTest,seriesChanged,1,1,void,public,false,false,true,true
C:\Users\simon\Documents\Code\thesis-code\jfreechart-master\src\test\java\org\jfree\data\xy\VectorSeriesTest.java,VectorSeriesTest.java,VectorSeriesTest,testEquals,27,0,void,public,true,true,true,true
C:\Users\simon\Documents\Code\thesis-code\jfreechart-master\src\test\java\org\jfree\data\xy\VectorSeriesTest.java,VectorSeriesTest.java,VectorSeriesTest,testCloning,8,0,void,public,true,true,true,true
C:\Users\simon\Documents\Code\thesis-code\jfreechart-master\src\test\java\org\jfree\data\xy\VectorSeriesTest.java,VectorSeriesTest.java,VectorSeriesTest,testSerialization,4,0,void,public,true,true,true,true
C:\Users\simon\Documents\Code\thesis-code\jfreechart-master\src\test\java\org\jfree\data\xy\VectorSeriesTest.java,VectorSeriesTest.java,VectorSeriesTest,testIndexOf,5,0,void,public,true,true,true,true
C:\Users\simon\Documents\Code\thesis-code\jfreechart-master\src\test\java\org\jfree\data\xy\VectorSeriesTest.java,VectorSeriesTest.java,VectorSeriesTest,testIndexOf2,7,0,void,public,true,true,true,true
C:\Users\simon\Documents\Code\thesis-code\jfreechart-master\src\test\java\org\jfree\data\xy\VectorSeriesTest.java,VectorSeriesTest.java,VectorSeriesTest,testRemove,9,0,void,public,true,true,true,true
C:\Users\simon\Documents\Code\thesis-code\jfreechart-master\src\test\java\org\jfree\data\xy\VectorSeriesTest.java,VectorSeriesTest.java,VectorSeriesTest,testAdditionOfDuplicateXValues,11,0,void,public,true,true,true,true
C:\Users\simon\Documents\Code\thesis-code\jfreechart-master\src\test\java\org\jfree\data\xy\VectorSeriesTest.java,VectorSeriesTest.java,VectorSeriesTest,testAdd,15,0,void,public,true,true,true,true
C:\Users\simon\Documents\Code\thesis-code\jfreechart-master\src\test\java\org\jfree\data\xy\VectorSeriesTest.java,VectorSeriesTest.java,VectorSeriesTest,testSetMaximumItemCount,9,0,void,public,true,true,true,true
C:\Users\simon\Documents\Code\thesis-code\jfreechart-master\src\test\java\org\jfree\data\xy\VectorSeriesTest.java,VectorSeriesTest.java,VectorSeriesTest,testSetMaximumItemCount2,7,0,void,public,true,true,true,true
C:\Users\simon\Documents\Code\thesis-code\jfreechart-master\src\test\java\org\jfree\data\xy\VectorSeriesTest.java,VectorSeriesTest.java,VectorSeriesTest,testClear,10,0,void,public,true,true,true,true
C:\Users\simon\Documents\Code\thesis-code\jfreechart-master\src\test\java\org\jfree\data\xy\VectorTest.java,VectorTest.java,VectorTest,testEquals,12,0,void,public,true,true,true,true
C:\Users\simon\Documents\Code\thesis-code\jfreechart-master\src\test\java\org\jfree\data\xy\VectorTest.java,VectorTest.java,VectorTest,testHashcode,6,0,void,public,true,true,true,true
C:\Users\simon\Documents\Code\thesis-code\jfreechart-master\src\test\java\org\jfree\data\xy\VectorTest.java,VectorTest.java,VectorTest,testCloning,2,0,void,public,true,true,true,true
C:\Users\simon\Documents\Code\thesis-code\jfreechart-master\src\test\java\org\jfree\data\xy\VectorTest.java,VectorTest.java,VectorTest,testSerialization,3,0,void,public,true,true,true,true
C:\Users\simon\Documents\Code\thesis-code\jfreechart-master\src\test\java\org\jfree\data\xy\XIntervalDataItemTest.java,XIntervalDataItemTest.java,XIntervalDataItemTest,testConstructor1,5,0,void,public,true,true,true,true
C:\Users\simon\Documents\Code\thesis-code\jfreechart-master\src\test\java\org\jfree\data\xy\XIntervalDataItemTest.java,XIntervalDataItemTest.java,XIntervalDataItemTest,testEquals,20,0,void,public,true,true,true,true
C:\Users\simon\Documents\Code\thesis-code\jfreechart-master\src\test\java\org\jfree\data\xy\XIntervalDataItemTest.java,XIntervalDataItemTest.java,XIntervalDataItemTest,testCloning,5,0,void,public,true,true,true,true
C:\Users\simon\Documents\Code\thesis-code\jfreechart-master\src\test\java\org\jfree\data\xy\XIntervalDataItemTest.java,XIntervalDataItemTest.java,XIntervalDataItemTest,testSerialization,3,0,void,public,true,true,true,true
C:\Users\simon\Documents\Code\thesis-code\jfreechart-master\src\test\java\org\jfree\data\xy\XIntervalSeriesCollectionTest.java,XIntervalSeriesCollectionTest.java,XIntervalSeriesCollectionTest,testEquals,15,0,void,public,true,true,true,true
C:\Users\simon\Documents\Code\thesis-code\jfreechart-master\src\test\java\org\jfree\data\xy\XIntervalSeriesCollectionTest.java,XIntervalSeriesCollectionTest.java,XIntervalSeriesCollectionTest,testCloning,10,0,void,public,true,true,true,true
C:\Users\simon\Documents\Code\thesis-code\jfreechart-master\src\test\java\org\jfree\data\xy\XIntervalSeriesCollectionTest.java,XIntervalSeriesCollectionTest.java,XIntervalSeriesCollectionTest,testPublicCloneable,2,0,void,public,true,true,true,true
C:\Users\simon\Documents\Code\thesis-code\jfreechart-master\src\test\java\org\jfree\data\xy\XIntervalSeriesCollectionTest.java,XIntervalSeriesCollectionTest.java,XIntervalSeriesCollectionTest,testSerialization,14,0,void,public,true,true,true,true
C:\Users\simon\Documents\Code\thesis-code\jfreechart-master\src\test\java\org\jfree\data\xy\XIntervalSeriesCollectionTest.java,XIntervalSeriesCollectionTest.java,XIntervalSeriesCollectionTest,testRemoveSeries,12,0,void,public,true,true,true,true
C:\Users\simon\Documents\Code\thesis-code\jfreechart-master\src\test\java\org\jfree\data\xy\XIntervalSeriesCollectionTest.java,XIntervalSeriesCollectionTest.java,XIntervalSeriesCollectionTest,test1170825,4,0,void,public,true,true,true,true
C:\Users\simon\Documents\Code\thesis-code\jfreechart-master\src\test\java\org\jfree\data\xy\XIntervalSeriesTest.java,XIntervalSeriesTest.java,XIntervalSeriesTest,seriesChanged,1,1,void,public,false,false,true,true
C:\Users\simon\Documents\Code\thesis-code\jfreechart-master\src\test\java\org\jfree\data\xy\XIntervalSeriesTest.java,XIntervalSeriesTest.java,XIntervalSeriesTest,testEquals,27,0,void,public,true,true,true,true
C:\Users\simon\Documents\Code\thesis-code\jfreechart-master\src\test\java\org\jfree\data\xy\XIntervalSeriesTest.java,XIntervalSeriesTest.java,XIntervalSeriesTest,testCloning,6,0,void,public,true,true,true,true
C:\Users\simon\Documents\Code\thesis-code\jfreechart-master\src\test\java\org\jfree\data\xy\XIntervalSeriesTest.java,XIntervalSeriesTest.java,XIntervalSeriesTest,testSerialization,4,0,void,public,true,true,true,true
C:\Users\simon\Documents\Code\thesis-code\jfreechart-master\src\test\java\org\jfree\data\xy\XIntervalSeriesTest.java,XIntervalSeriesTest.java,XIntervalSeriesTest,testIndexOf,5,0,void,public,true,true,true,true
C:\Users\simon\Documents\Code\thesis-code\jfreechart-master\src\test\java\org\jfree\data\xy\XIntervalSeriesTest.java,XIntervalSeriesTest.java,XIntervalSeriesTest,testIndexOf2,7,0,void,public,true,true,true,true
C:\Users\simon\Documents\Code\thesis-code\jfreechart-master\src\test\java\org\jfree\data\xy\XIntervalSeriesTest.java,XIntervalSeriesTest.java,XIntervalSeriesTest,testRemove,9,0,void,public,true,true,true,true
C:\Users\simon\Documents\Code\thesis-code\jfreechart-master\src\test\java\org\jfree\data\xy\XIntervalSeriesTest.java,XIntervalSeriesTest.java,XIntervalSeriesTest,testAdditionOfDuplicateXValues,11,0,void,public,true,true,true,true
C:\Users\simon\Documents\Code\thesis-code\jfreechart-master\src\test\java\org\jfree\data\xy\XIntervalSeriesTest.java,XIntervalSeriesTest.java,XIntervalSeriesTest,testAdd,15,0,void,public,true,true,true,true
C:\Users\simon\Documents\Code\thesis-code\jfreechart-master\src\test\java\org\jfree\data\xy\XIntervalSeriesTest.java,XIntervalSeriesTest.java,XIntervalSeriesTest,testSetMaximumItemCount,9,0,void,public,true,true,true,true
C:\Users\simon\Documents\Code\thesis-code\jfreechart-master\src\test\java\org\jfree\data\xy\XIntervalSeriesTest.java,XIntervalSeriesTest.java,XIntervalSeriesTest,testSetMaximumItemCount2,7,0,void,public,true,true,true,true
C:\Users\simon\Documents\Code\thesis-code\jfreechart-master\src\test\java\org\jfree\data\xy\XIntervalSeriesTest.java,XIntervalSeriesTest.java,XIntervalSeriesTest,testClear,10,0,void,public,true,true,true,true
C:\Users\simon\Documents\Code\thesis-code\jfreechart-master\src\test\java\org\jfree\data\xy\XIntervalSeriesTest.java,XIntervalSeriesTest.java,XIntervalSeriesTest,testGetXLowValue,5,0,void,public,true,true,true,true
C:\Users\simon\Documents\Code\thesis-code\jfreechart-master\src\test\java\org\jfree\data\xy\XIntervalSeriesTest.java,XIntervalSeriesTest.java,XIntervalSeriesTest,testGetXHighValue,5,0,void,public,true,true,true,true
C:\Users\simon\Documents\Code\thesis-code\jfreechart-master\src\test\java\org\jfree\data\xy\XYBarDatasetTest.java,XYBarDatasetTest.java,XYBarDatasetTest,testEquals,14,0,void,public,true,true,true,true
C:\Users\simon\Documents\Code\thesis-code\jfreechart-master\src\test\java\org\jfree\data\xy\XYBarDatasetTest.java,XYBarDatasetTest.java,XYBarDatasetTest,testCloning,16,0,void,public,true,true,true,true
C:\Users\simon\Documents\Code\thesis-code\jfreechart-master\src\test\java\org\jfree\data\xy\XYBarDatasetTest.java,XYBarDatasetTest.java,XYBarDatasetTest,testPublicCloneable,7,0,void,public,true,true,true,true
C:\Users\simon\Documents\Code\thesis-code\jfreechart-master\src\test\java\org\jfree\data\xy\XYBarDatasetTest.java,XYBarDatasetTest.java,XYBarDatasetTest,testSerialization,8,0,void,public,true,true,true,true
C:\Users\simon\Documents\Code\thesis-code\jfreechart-master\src\test\java\org\jfree\data\xy\XYCoordinateTest.java,XYCoordinateTest.java,XYCoordinateTest,testEquals,12,0,void,public,true,true,true,true
C:\Users\simon\Documents\Code\thesis-code\jfreechart-master\src\test\java\org\jfree\data\xy\XYCoordinateTest.java,XYCoordinateTest.java,XYCoordinateTest,testHashcode,6,0,void,public,true,true,true,true
C:\Users\simon\Documents\Code\thesis-code\jfreechart-master\src\test\java\org\jfree\data\xy\XYCoordinateTest.java,XYCoordinateTest.java,XYCoordinateTest,testCloning,2,0,void,public,true,true,true,true
C:\Users\simon\Documents\Code\thesis-code\jfreechart-master\src\test\java\org\jfree\data\xy\XYCoordinateTest.java,XYCoordinateTest.java,XYCoordinateTest,testSerialization,3,0,void,public,true,true,true,true
C:\Users\simon\Documents\Code\thesis-code\jfreechart-master\src\test\java\org\jfree\data\xy\XYDataItemTest.java,XYDataItemTest.java,XYDataItemTest,testEquals,8,0,void,public,true,true,true,true
C:\Users\simon\Documents\Code\thesis-code\jfreechart-master\src\test\java\org\jfree\data\xy\XYDataItemTest.java,XYDataItemTest.java,XYDataItemTest,testCloning,5,0,void,public,true,true,true,true
C:\Users\simon\Documents\Code\thesis-code\jfreechart-master\src\test\java\org\jfree\data\xy\XYDataItemTest.java,XYDataItemTest.java,XYDataItemTest,testSerialization,3,0,void,public,true,true,true,true
C:\Users\simon\Documents\Code\thesis-code\jfreechart-master\src\test\java\org\jfree\data\xy\XYIntervalDataItemTest.java,XYIntervalDataItemTest.java,XYIntervalDataItemTest,testConstructor1,7,0,void,public,true,true,true,true
C:\Users\simon\Documents\Code\thesis-code\jfreechart-master\src\test\java\org\jfree\data\xy\XYIntervalDataItemTest.java,XYIntervalDataItemTest.java,XYIntervalDataItemTest,testEquals,28,0,void,public,true,true,true,true
C:\Users\simon\Documents\Code\thesis-code\jfreechart-master\src\test\java\org\jfree\data\xy\XYIntervalDataItemTest.java,XYIntervalDataItemTest.java,XYIntervalDataItemTest,testCloning,5,0,void,public,true,true,true,true
C:\Users\simon\Documents\Code\thesis-code\jfreechart-master\src\test\java\org\jfree\data\xy\XYIntervalDataItemTest.java,XYIntervalDataItemTest.java,XYIntervalDataItemTest,testSerialization,3,0,void,public,true,true,true,true
C:\Users\simon\Documents\Code\thesis-code\jfreechart-master\src\test\java\org\jfree\data\xy\XYIntervalSeriesCollectionTest.java,XYIntervalSeriesCollectionTest.java,XYIntervalSeriesCollectionTest,testEquals,15,0,void,public,true,true,true,true
C:\Users\simon\Documents\Code\thesis-code\jfreechart-master\src\test\java\org\jfree\data\xy\XYIntervalSeriesCollectionTest.java,XYIntervalSeriesCollectionTest.java,XYIntervalSeriesCollectionTest,testCloning,11,0,void,public,true,true,true,true
C:\Users\simon\Documents\Code\thesis-code\jfreechart-master\src\test\java\org\jfree\data\xy\XYIntervalSeriesCollectionTest.java,XYIntervalSeriesCollectionTest.java,XYIntervalSeriesCollectionTest,testPublicCloneable,2,0,void,public,true,true,true,true
C:\Users\simon\Documents\Code\thesis-code\jfreechart-master\src\test\java\org\jfree\data\xy\XYIntervalSeriesCollectionTest.java,XYIntervalSeriesCollectionTest.java,XYIntervalSeriesCollectionTest,testSerialization,9,0,void,public,true,true,true,true
C:\Users\simon\Documents\Code\thesis-code\jfreechart-master\src\test\java\org\jfree\data\xy\XYIntervalSeriesCollectionTest.java,XYIntervalSeriesCollectionTest.java,XYIntervalSeriesCollectionTest,testRemoveSeries,12,0,void,public,true,true,true,true
C:\Users\simon\Documents\Code\thesis-code\jfreechart-master\src\test\java\org\jfree\data\xy\XYIntervalSeriesCollectionTest.java,XYIntervalSeriesCollectionTest.java,XYIntervalSeriesCollectionTest,test1170825,4,0,void,public,true,true,true,true
C:\Users\simon\Documents\Code\thesis-code\jfreechart-master\src\test\java\org\jfree\data\xy\XYIntervalSeriesTest.java,XYIntervalSeriesTest.java,XYIntervalSeriesTest,seriesChanged,1,1,void,public,false,false,true,true
C:\Users\simon\Documents\Code\thesis-code\jfreechart-master\src\test\java\org\jfree\data\xy\XYIntervalSeriesTest.java,XYIntervalSeriesTest.java,XYIntervalSeriesTest,testEquals,27,0,void,public,true,true,true,true
C:\Users\simon\Documents\Code\thesis-code\jfreechart-master\src\test\java\org\jfree\data\xy\XYIntervalSeriesTest.java,XYIntervalSeriesTest.java,XYIntervalSeriesTest,testCloning,6,0,void,public,true,true,true,true
C:\Users\simon\Documents\Code\thesis-code\jfreechart-master\src\test\java\org\jfree\data\xy\XYIntervalSeriesTest.java,XYIntervalSeriesTest.java,XYIntervalSeriesTest,testSerialization,4,0,void,public,true,true,true,true
C:\Users\simon\Documents\Code\thesis-code\jfreechart-master\src\test\java\org\jfree\data\xy\XYIntervalSeriesTest.java,XYIntervalSeriesTest.java,XYIntervalSeriesTest,testIndexOf,5,0,void,public,true,true,true,true
C:\Users\simon\Documents\Code\thesis-code\jfreechart-master\src\test\java\org\jfree\data\xy\XYIntervalSeriesTest.java,XYIntervalSeriesTest.java,XYIntervalSeriesTest,testIndexOf2,7,0,void,public,true,true,true,true
C:\Users\simon\Documents\Code\thesis-code\jfreechart-master\src\test\java\org\jfree\data\xy\XYIntervalSeriesTest.java,XYIntervalSeriesTest.java,XYIntervalSeriesTest,testRemove,9,0,void,public,true,true,true,true
C:\Users\simon\Documents\Code\thesis-code\jfreechart-master\src\test\java\org\jfree\data\xy\XYIntervalSeriesTest.java,XYIntervalSeriesTest.java,XYIntervalSeriesTest,testAdditionOfDuplicateXValues,11,0,void,public,true,true,true,true
C:\Users\simon\Documents\Code\thesis-code\jfreechart-master\src\test\java\org\jfree\data\xy\XYIntervalSeriesTest.java,XYIntervalSeriesTest.java,XYIntervalSeriesTest,testAdd,15,0,void,public,true,true,true,true
C:\Users\simon\Documents\Code\thesis-code\jfreechart-master\src\test\java\org\jfree\data\xy\XYIntervalSeriesTest.java,XYIntervalSeriesTest.java,XYIntervalSeriesTest,testSetMaximumItemCount,9,0,void,public,true,true,true,true
C:\Users\simon\Documents\Code\thesis-code\jfreechart-master\src\test\java\org\jfree\data\xy\XYIntervalSeriesTest.java,XYIntervalSeriesTest.java,XYIntervalSeriesTest,testSetMaximumItemCount2,7,0,void,public,true,true,true,true
C:\Users\simon\Documents\Code\thesis-code\jfreechart-master\src\test\java\org\jfree\data\xy\XYIntervalSeriesTest.java,XYIntervalSeriesTest.java,XYIntervalSeriesTest,testValues,8,0,void,public,true,true,true,true
C:\Users\simon\Documents\Code\thesis-code\jfreechart-master\src\test\java\org\jfree\data\xy\XYIntervalSeriesTest.java,XYIntervalSeriesTest.java,XYIntervalSeriesTest,testClear,10,0,void,public,true,true,true,true
C:\Users\simon\Documents\Code\thesis-code\jfreechart-master\src\test\java\org\jfree\data\xy\XYIntervalTest.java,XYIntervalTest.java,XYIntervalTest,testEquals,23,0,void,public,true,true,true,true
C:\Users\simon\Documents\Code\thesis-code\jfreechart-master\src\test\java\org\jfree\data\xy\XYIntervalTest.java,XYIntervalTest.java,XYIntervalTest,testCloning,2,0,void,public,true,true,true,true
C:\Users\simon\Documents\Code\thesis-code\jfreechart-master\src\test\java\org\jfree\data\xy\XYIntervalTest.java,XYIntervalTest.java,XYIntervalTest,testSerialization,3,0,void,public,true,true,true,true
C:\Users\simon\Documents\Code\thesis-code\jfreechart-master\src\test\java\org\jfree\data\xy\XYSeriesCollectionTest.java,XYSeriesCollectionTest.java,XYSeriesCollectionTest,testConstructor,4,0,void,public,true,true,true,true
C:\Users\simon\Documents\Code\thesis-code\jfreechart-master\src\test\java\org\jfree\data\xy\XYSeriesCollectionTest.java,XYSeriesCollectionTest.java,XYSeriesCollectionTest,testEquals,26,0,void,public,true,true,true,true
C:\Users\simon\Documents\Code\thesis-code\jfreechart-master\src\test\java\org\jfree\data\xy\XYSeriesCollectionTest.java,XYSeriesCollectionTest.java,XYSeriesCollectionTest,testCloning,10,0,void,public,true,true,true,true
C:\Users\simon\Documents\Code\thesis-code\jfreechart-master\src\test\java\org\jfree\data\xy\XYSeriesCollectionTest.java,XYSeriesCollectionTest.java,XYSeriesCollectionTest,testPublicCloneable,2,0,void,public,true,true,true,true
C:\Users\simon\Documents\Code\thesis-code\jfreechart-master\src\test\java\org\jfree\data\xy\XYSeriesCollectionTest.java,XYSeriesCollectionTest.java,XYSeriesCollectionTest,testSerialization,15,0,void,public,true,true,true,true
C:\Users\simon\Documents\Code\thesis-code\jfreechart-master\src\test\java\org\jfree\data\xy\XYSeriesCollectionTest.java,XYSeriesCollectionTest.java,XYSeriesCollectionTest,test1170825,4,0,void,public,true,true,true,true
C:\Users\simon\Documents\Code\thesis-code\jfreechart-master\src\test\java\org\jfree\data\xy\XYSeriesCollectionTest.java,XYSeriesCollectionTest.java,XYSeriesCollectionTest,testGetSeries,6,0,void,public,true,true,true,true
C:\Users\simon\Documents\Code\thesis-code\jfreechart-master\src\test\java\org\jfree\data\xy\XYSeriesCollectionTest.java,XYSeriesCollectionTest.java,XYSeriesCollectionTest,testGetSeriesByKey,6,0,void,public,true,true,true,true
C:\Users\simon\Documents\Code\thesis-code\jfreechart-master\src\test\java\org\jfree\data\xy\XYSeriesCollectionTest.java,XYSeriesCollectionTest.java,XYSeriesCollectionTest,testAddSeries,6,0,void,public,true,true,true,true
C:\Users\simon\Documents\Code\thesis-code\jfreechart-master\src\test\java\org\jfree\data\xy\XYSeriesCollectionTest.java,XYSeriesCollectionTest.java,XYSeriesCollectionTest,testRemoveSeries,8,0,void,public,true,true,true,true
C:\Users\simon\Documents\Code\thesis-code\jfreechart-master\src\test\java\org\jfree\data\xy\XYSeriesCollectionTest.java,XYSeriesCollectionTest.java,XYSeriesCollectionTest,testIndexOf,16,0,void,public,true,true,true,true
C:\Users\simon\Documents\Code\thesis-code\jfreechart-master\src\test\java\org\jfree\data\xy\XYSeriesCollectionTest.java,XYSeriesCollectionTest.java,XYSeriesCollectionTest,testGetDomainBounds,21,0,void,public,true,true,true,true
C:\Users\simon\Documents\Code\thesis-code\jfreechart-master\src\test\java\org\jfree\data\xy\XYSeriesCollectionTest.java,XYSeriesCollectionTest.java,XYSeriesCollectionTest,testGetRangeBounds,23,0,void,public,true,true,true,true
C:\Users\simon\Documents\Code\thesis-code\jfreechart-master\src\test\java\org\jfree\data\xy\XYSeriesCollectionTest.java,XYSeriesCollectionTest.java,XYSeriesCollectionTest,testGetRangeLowerBound,23,0,void,public,true,true,true,true
C:\Users\simon\Documents\Code\thesis-code\jfreechart-master\src\test\java\org\jfree\data\xy\XYSeriesCollectionTest.java,XYSeriesCollectionTest.java,XYSeriesCollectionTest,testGetRangeUpperBound,23,0,void,public,true,true,true,true
C:\Users\simon\Documents\Code\thesis-code\jfreechart-master\src\test\java\org\jfree\data\xy\XYSeriesCollectionTest.java,XYSeriesCollectionTest.java,XYSeriesCollectionTest,testBug3445507,12,0,void,public,true,true,true,true
C:\Users\simon\Documents\Code\thesis-code\jfreechart-master\src\test\java\org\jfree\data\xy\XYSeriesTest.java,XYSeriesTest.java,XYSeriesTest,testEquals,10,0,void,public,true,true,true,true
C:\Users\simon\Documents\Code\thesis-code\jfreechart-master\src\test\java\org\jfree\data\xy\XYSeriesTest.java,XYSeriesTest.java,XYSeriesTest,testHashCode,20,0,void,public,true,true,true,true
C:\Users\simon\Documents\Code\thesis-code\jfreechart-master\src\test\java\org\jfree\data\xy\XYSeriesTest.java,XYSeriesTest.java,XYSeriesTest,testCloning,6,0,void,public,true,true,true,true
C:\Users\simon\Documents\Code\thesis-code\jfreechart-master\src\test\java\org\jfree\data\xy\XYSeriesTest.java,XYSeriesTest.java,XYSeriesTest,testCloning2,10,0,void,public,true,true,true,true
C:\Users\simon\Documents\Code\thesis-code\jfreechart-master\src\test\java\org\jfree\data\xy\XYSeriesTest.java,XYSeriesTest.java,XYSeriesTest,testCloning3,7,0,void,public,true,true,true,true
C:\Users\simon\Documents\Code\thesis-code\jfreechart-master\src\test\java\org\jfree\data\xy\XYSeriesTest.java,XYSeriesTest.java,XYSeriesTest,testSerialization,4,0,void,public,true,true,true,true
C:\Users\simon\Documents\Code\thesis-code\jfreechart-master\src\test\java\org\jfree\data\xy\XYSeriesTest.java,XYSeriesTest.java,XYSeriesTest,testIndexOf,8,0,void,public,true,true,true,true
C:\Users\simon\Documents\Code\thesis-code\jfreechart-master\src\test\java\org\jfree\data\xy\XYSeriesTest.java,XYSeriesTest.java,XYSeriesTest,testIndexOf2,7,0,void,public,true,true,true,true
C:\Users\simon\Documents\Code\thesis-code\jfreechart-master\src\test\java\org\jfree\data\xy\XYSeriesTest.java,XYSeriesTest.java,XYSeriesTest,testIndexOf3,6,0,void,public,true,true,true,true
C:\Users\simon\Documents\Code\thesis-code\jfreechart-master\src\test\java\org\jfree\data\xy\XYSeriesTest.java,XYSeriesTest.java,XYSeriesTest,testRemove,9,0,void,public,true,true,true,true
C:\Users\simon\Documents\Code\thesis-code\jfreechart-master\src\test\java\org\jfree\data\xy\XYSeriesTest.java,XYSeriesTest.java,XYSeriesTest,testRemove2,18,0,void,public,true,true,true,true
C:\Users\simon\Documents\Code\thesis-code\jfreechart-master\src\test\java\org\jfree\data\xy\XYSeriesTest.java,XYSeriesTest.java,XYSeriesTest,testAdditionOfDuplicateXValues,11,0,void,public,true,true,true,true
C:\Users\simon\Documents\Code\thesis-code\jfreechart-master\src\test\java\org\jfree\data\xy\XYSeriesTest.java,XYSeriesTest.java,XYSeriesTest,testUpdate,6,0,void,public,true,true,true,true
C:\Users\simon\Documents\Code\thesis-code\jfreechart-master\src\test\java\org\jfree\data\xy\XYSeriesTest.java,XYSeriesTest.java,XYSeriesTest,testUpdate2,6,0,void,public,true,true,true,true
C:\Users\simon\Documents\Code\thesis-code\jfreechart-master\src\test\java\org\jfree\data\xy\XYSeriesTest.java,XYSeriesTest.java,XYSeriesTest,testAddOrUpdate,14,0,void,public,true,true,true,true
C:\Users\simon\Documents\Code\thesis-code\jfreechart-master\src\test\java\org\jfree\data\xy\XYSeriesTest.java,XYSeriesTest.java,XYSeriesTest,testAddOrUpdate2,11,0,void,public,true,true,true,true
C:\Users\simon\Documents\Code\thesis-code\jfreechart-master\src\test\java\org\jfree\data\xy\XYSeriesTest.java,XYSeriesTest.java,XYSeriesTest,testAddOrUpdate3,8,0,void,public,true,true,true,true
C:\Users\simon\Documents\Code\thesis-code\jfreechart-master\src\test\java\org\jfree\data\xy\XYSeriesTest.java,XYSeriesTest.java,XYSeriesTest,testAdd,15,0,void,public,true,true,true,true
C:\Users\simon\Documents\Code\thesis-code\jfreechart-master\src\test\java\org\jfree\data\xy\XYSeriesTest.java,XYSeriesTest.java,XYSeriesTest,testSetMaximumItemCount,9,0,void,public,true,true,true,true
C:\Users\simon\Documents\Code\thesis-code\jfreechart-master\src\test\java\org\jfree\data\xy\XYSeriesTest.java,XYSeriesTest.java,XYSeriesTest,testSetMaximumItemCount2,7,0,void,public,true,true,true,true
C:\Users\simon\Documents\Code\thesis-code\jfreechart-master\src\test\java\org\jfree\data\xy\XYSeriesTest.java,XYSeriesTest.java,XYSeriesTest,testSetMaximumItemCount3,14,0,void,public,true,true,true,true
C:\Users\simon\Documents\Code\thesis-code\jfreechart-master\src\test\java\org\jfree\data\xy\XYSeriesTest.java,XYSeriesTest.java,XYSeriesTest,testSetMaximumItemCount4,11,0,void,public,true,true,true,true
C:\Users\simon\Documents\Code\thesis-code\jfreechart-master\src\test\java\org\jfree\data\xy\XYSeriesTest.java,XYSeriesTest.java,XYSeriesTest,testToArray,19,0,void,public,true,true,true,true
C:\Users\simon\Documents\Code\thesis-code\jfreechart-master\src\test\java\org\jfree\data\xy\XYSeriesTest.java,XYSeriesTest.java,XYSeriesTest,testToArrayExample,18,0,void,public,true,true,true,true
C:\Users\simon\Documents\Code\thesis-code\jfreechart-master\src\test\java\org\jfree\data\xy\XYSeriesTest.java,XYSeriesTest.java,XYSeriesTest,testBug1955483,6,0,void,public,true,true,true,true
C:\Users\simon\Documents\Code\thesis-code\jfreechart-master\src\test\java\org\jfree\data\xy\XYSeriesTest.java,XYSeriesTest.java,XYSeriesTest,testDelete,15,0,void,public,true,true,true,true
C:\Users\simon\Documents\Code\thesis-code\jfreechart-master\src\test\java\org\jfree\data\xy\XYSeriesTest.java,XYSeriesTest.java,XYSeriesTest,testGetMinX,12,0,void,public,true,true,true,true
C:\Users\simon\Documents\Code\thesis-code\jfreechart-master\src\test\java\org\jfree\data\xy\XYSeriesTest.java,XYSeriesTest.java,XYSeriesTest,testGetMaxX,12,0,void,public,true,true,true,true
C:\Users\simon\Documents\Code\thesis-code\jfreechart-master\src\test\java\org\jfree\data\xy\XYSeriesTest.java,XYSeriesTest.java,XYSeriesTest,testGetMinY,12,0,void,public,true,true,true,true
C:\Users\simon\Documents\Code\thesis-code\jfreechart-master\src\test\java\org\jfree\data\xy\XYSeriesTest.java,XYSeriesTest.java,XYSeriesTest,testGetMaxY,12,0,void,public,true,true,true,true
C:\Users\simon\Documents\Code\thesis-code\jfreechart-master\src\test\java\org\jfree\data\xy\XYSeriesTest.java,XYSeriesTest.java,XYSeriesTest,testGetMaxY2,7,0,void,public,true,true,true,true
C:\Users\simon\Documents\Code\thesis-code\jfreechart-master\src\test\java\org\jfree\data\xy\XYSeriesTest.java,XYSeriesTest.java,XYSeriesTest,testClear,11,0,void,public,true,true,true,true
C:\Users\simon\Documents\Code\thesis-code\jfreechart-master\src\test\java\org\jfree\data\xy\XYSeriesTest.java,XYSeriesTest.java,XYSeriesTest,testUpdateByIndex,18,0,void,public,true,true,true,true
C:\Users\simon\Documents\Code\thesis-code\jfreechart-master\src\test\java\org\jfree\data\xy\XYSeriesTest.java,XYSeriesTest.java,XYSeriesTest,testUpdateByIndex2,14,0,void,public,true,true,true,true
C:\Users\simon\Documents\Code\thesis-code\jfreechart-master\src\test\java\org\jfree\data\xy\XYSeriesTest.java,XYSeriesTest.java,XYSeriesTest,testUpdateByIndex3,7,0,void,public,true,true,true,true
C:\Users\simon\Documents\Code\thesis-code\jfreechart-master\src\test\java\org\jfree\data\xy\XYSeriesTest.java,XYSeriesTest.java,XYSeriesTest,testUpdateXY,10,0,void,public,true,true,true,true
C:\Users\simon\Documents\Code\thesis-code\jfreechart-master\src\test\java\org\jfree\data\xy\YIntervalDataItemTest.java,YIntervalDataItemTest.java,YIntervalDataItemTest,testConstructor1,5,0,void,public,true,true,true,true
C:\Users\simon\Documents\Code\thesis-code\jfreechart-master\src\test\java\org\jfree\data\xy\YIntervalDataItemTest.java,YIntervalDataItemTest.java,YIntervalDataItemTest,testEquals,20,0,void,public,true,true,true,true
C:\Users\simon\Documents\Code\thesis-code\jfreechart-master\src\test\java\org\jfree\data\xy\YIntervalDataItemTest.java,YIntervalDataItemTest.java,YIntervalDataItemTest,testCloning,5,0,void,public,true,true,true,true
C:\Users\simon\Documents\Code\thesis-code\jfreechart-master\src\test\java\org\jfree\data\xy\YIntervalDataItemTest.java,YIntervalDataItemTest.java,YIntervalDataItemTest,testSerialization,3,0,void,public,true,true,true,true
C:\Users\simon\Documents\Code\thesis-code\jfreechart-master\src\test\java\org\jfree\data\xy\YIntervalSeriesCollectionTest.java,YIntervalSeriesCollectionTest.java,YIntervalSeriesCollectionTest,testEquals,15,0,void,public,true,true,true,true
C:\Users\simon\Documents\Code\thesis-code\jfreechart-master\src\test\java\org\jfree\data\xy\YIntervalSeriesCollectionTest.java,YIntervalSeriesCollectionTest.java,YIntervalSeriesCollectionTest,testCloning,8,0,void,public,true,true,true,true
C:\Users\simon\Documents\Code\thesis-code\jfreechart-master\src\test\java\org\jfree\data\xy\YIntervalSeriesCollectionTest.java,YIntervalSeriesCollectionTest.java,YIntervalSeriesCollectionTest,testPublicCloneable,2,0,void,public,true,true,true,true
C:\Users\simon\Documents\Code\thesis-code\jfreechart-master\src\test\java\org\jfree\data\xy\YIntervalSeriesCollectionTest.java,YIntervalSeriesCollectionTest.java,YIntervalSeriesCollectionTest,testSerialization,6,0,void,public,true,true,true,true
C:\Users\simon\Documents\Code\thesis-code\jfreechart-master\src\test\java\org\jfree\data\xy\YIntervalSeriesCollectionTest.java,YIntervalSeriesCollectionTest.java,YIntervalSeriesCollectionTest,testRemoveSeries,12,0,void,public,true,true,true,true
C:\Users\simon\Documents\Code\thesis-code\jfreechart-master\src\test\java\org\jfree\data\xy\YIntervalSeriesCollectionTest.java,YIntervalSeriesCollectionTest.java,YIntervalSeriesCollectionTest,test1170825,4,0,void,public,true,true,true,true
C:\Users\simon\Documents\Code\thesis-code\jfreechart-master\src\test\java\org\jfree\data\xy\YIntervalSeriesTest.java,YIntervalSeriesTest.java,YIntervalSeriesTest,seriesChanged,1,1,void,public,false,false,true,true
C:\Users\simon\Documents\Code\thesis-code\jfreechart-master\src\test\java\org\jfree\data\xy\YIntervalSeriesTest.java,YIntervalSeriesTest.java,YIntervalSeriesTest,testEquals,27,0,void,public,true,true,true,true
C:\Users\simon\Documents\Code\thesis-code\jfreechart-master\src\test\java\org\jfree\data\xy\YIntervalSeriesTest.java,YIntervalSeriesTest.java,YIntervalSeriesTest,testCloning,6,0,void,public,true,true,true,true
C:\Users\simon\Documents\Code\thesis-code\jfreechart-master\src\test\java\org\jfree\data\xy\YIntervalSeriesTest.java,YIntervalSeriesTest.java,YIntervalSeriesTest,testSerialization,4,0,void,public,true,true,true,true
C:\Users\simon\Documents\Code\thesis-code\jfreechart-master\src\test\java\org\jfree\data\xy\YIntervalSeriesTest.java,YIntervalSeriesTest.java,YIntervalSeriesTest,testIndexOf,5,0,void,public,true,true,true,true
C:\Users\simon\Documents\Code\thesis-code\jfreechart-master\src\test\java\org\jfree\data\xy\YIntervalSeriesTest.java,YIntervalSeriesTest.java,YIntervalSeriesTest,testIndexOf2,7,0,void,public,true,true,true,true
C:\Users\simon\Documents\Code\thesis-code\jfreechart-master\src\test\java\org\jfree\data\xy\YIntervalSeriesTest.java,YIntervalSeriesTest.java,YIntervalSeriesTest,testRemove,9,0,void,public,true,true,true,true
C:\Users\simon\Documents\Code\thesis-code\jfreechart-master\src\test\java\org\jfree\data\xy\YIntervalSeriesTest.java,YIntervalSeriesTest.java,YIntervalSeriesTest,testAdditionOfDuplicateXValues,11,0,void,public,true,true,true,true
C:\Users\simon\Documents\Code\thesis-code\jfreechart-master\src\test\java\org\jfree\data\xy\YIntervalSeriesTest.java,YIntervalSeriesTest.java,YIntervalSeriesTest,testAdd,15,0,void,public,true,true,true,true
C:\Users\simon\Documents\Code\thesis-code\jfreechart-master\src\test\java\org\jfree\data\xy\YIntervalSeriesTest.java,YIntervalSeriesTest.java,YIntervalSeriesTest,testSetMaximumItemCount,9,0,void,public,true,true,true,true
C:\Users\simon\Documents\Code\thesis-code\jfreechart-master\src\test\java\org\jfree\data\xy\YIntervalSeriesTest.java,YIntervalSeriesTest.java,YIntervalSeriesTest,testSetMaximumItemCount2,7,0,void,public,true,true,true,true
C:\Users\simon\Documents\Code\thesis-code\jfreechart-master\src\test\java\org\jfree\data\xy\YIntervalSeriesTest.java,YIntervalSeriesTest.java,YIntervalSeriesTest,testClear,10,0,void,public,true,true,true,true
C:\Users\simon\Documents\Code\thesis-code\jfreechart-master\src\test\java\org\jfree\data\xy\YIntervalTest.java,YIntervalTest.java,YIntervalTest,testEquals,15,0,void,public,true,true,true,true
C:\Users\simon\Documents\Code\thesis-code\jfreechart-master\src\test\java\org\jfree\data\xy\YIntervalTest.java,YIntervalTest.java,YIntervalTest,testCloning,2,0,void,public,true,true,true,true
C:\Users\simon\Documents\Code\thesis-code\jfreechart-master\src\test\java\org\jfree\data\xy\YIntervalTest.java,YIntervalTest.java,YIntervalTest,testSerialization,3,0,void,public,true,true,true,true
C:\Users\simon\Documents\Code\thesis-code\jfreechart-master\src\test\java\org\jfree\data\xy\YWithXIntervalTest.java,YWithXIntervalTest.java,YWithXIntervalTest,testEquals,15,0,void,public,true,true,true,true
C:\Users\simon\Documents\Code\thesis-code\jfreechart-master\src\test\java\org\jfree\data\xy\YWithXIntervalTest.java,YWithXIntervalTest.java,YWithXIntervalTest,testCloning,2,0,void,public,true,true,true,true
C:\Users\simon\Documents\Code\thesis-code\jfreechart-master\src\test\java\org\jfree\data\xy\YWithXIntervalTest.java,YWithXIntervalTest.java,YWithXIntervalTest,testSerialization,3,0,void,public,true,true,true,true
