Delta,Time,CPU_FREQUENCY_0,CPU_FREQUENCY_1,CPU_FREQUENCY_10,CPU_FREQUENCY_11,CPU_FREQUENCY_2,CPU_FREQUENCY_3,CPU_FREQUENCY_4,CPU_FREQUENCY_5,CPU_FREQUENCY_6,CPU_FREQUENCY_7,CPU_FREQUENCY_8,CPU_FREQUENCY_9,CPU_USAGE_0,CPU_USAGE_1,CPU_USAGE_10,CPU_USAGE_11,CPU_USAGE_2,CPU_USAGE_3,CPU_USAGE_4,CPU_USAGE_5,CPU_USAGE_6,CPU_USAGE_7,CPU_USAGE_8,CPU_USAGE_9,DRAM_ENERGY (J),PACKAGE_ENERGY (J),PP0_ENERGY (J),PP1_ENERGY (J),TOTAL_MEMORY,TOTAL_SWAP,USED_MEMORY,USED_SWAP
0,1771950991798,2193,2193,2193,2193,2193,2193,2193,2193,2193,2193,2193,2193,100,100,100,100,100,100,100,100,100,100,100,100,270.59722900390625,7616.382751464844,7094.742126464844,16.1685791015625,16919126016,28991029248,5349347328,0
199,1771950991799,2193,2193,2193,2193,2193,2193,2193,2193,2193,2193,2193,2193,100,100,100,100,100,100,100,100,100,100,100,100,270.60003662109375,7616.548095703125,7094.870788574219,16.1685791015625,16919126016,28991029248,5350207488,0
198,1771950992001,2193,2193,2193,2193,2193,2193,2193,2193,2193,2193,2193,2193,2.444244384765625,2.2752685546875,6.7160491943359375,5.300148010253906,2.9729690551757813,2.215911865234375,21.62049102783203,21.884613037109375,4.938392639160156,3.7500457763671875,6.0418701171875,3.9775009155273438,270.7459716796875,7619.774719238281,7097.897705078125,16.1685791015625,16919126016,28991029248,5357473792,0
200,1771950992199,2193,2193,2193,2193,2193,2193,2193,2193,2193,2193,2193,2193,3.6479949951171875,1.2356796264648438,1.4752273559570313,1.22308349609375,5.4610443115234375,1.1415939331054688,1.5585098266601563,3.5980682373046875,1.588531494140625,1.6064529418945313,2.2305145263671875,1.3060684204101563,270.88037109375,7621.132507324219,7099.12158203125,16.1685791015625,16919126016,28991029248,5360766976,0
200,1771950992400,2193,2193,2193,2193,2193,2193,2193,2193,2193,2193,2193,2193,0.25774383544921875,0.17971038818359375,0.9501495361328125,0.19516754150390625,1.7723541259765625,0.131439208984375,0.9916839599609375,4.2874755859375,1.908233642578125,0.48432159423828125,1.0767059326171875,0.14774322509765625,271.01751708984375,7622.735534667969,7100.607116699219,16.1700439453125,16919126016,28991029248,5359341568,0
200,1771950992600,2193,2193,2193,2193,2193,2193,2193,2193,2193,2193,2193,2193,0.16192626953125,0.3215179443359375,0.6681060791015625,0.2747039794921875,0.5784225463867188,0.23920440673828125,0.702056884765625,1.6196975708007813,1.0924301147460938,0.7584457397460938,0.5594711303710938,0.34345245361328125,271.14495849609375,7624.267517089844,7102.0975341796875,16.1700439453125,16919126016,28991029248,5356412928,0
200,1771950992801,2193,2193,2193,2193,2193,2193,2193,2193,2193,2193,2193,2193,0.170806884765625,0.14508819580078125,0.7689056396484375,0.12340545654296875,0.33104705810546875,0.14239501953125,0.7098922729492188,1.39935302734375,0.9493331909179688,0.3131561279296875,0.8863296508789063,1.016571044921875,271.27313232421875,7625.519287109375,7103.210205078125,16.1700439453125,16919126016,28991029248,5355077632,0
200,1771950993002,2193,2193,2193,2193,2193,2193,2193,2193,2193,2193,2193,2193,0.34522247314453125,0.2762908935546875,0.8729248046875,0.33221435546875,0.2297821044921875,0.05682373046875,1.1157684326171875,1.146026611328125,0.94061279296875,0.7544479370117188,0.9270553588867188,0.39232635498046875,271.404052734375,7626.962158203125,7104.496276855469,16.17120361328125,16919126016,28991029248,5354962944,0
200,1771950993202,2193,2193,2193,2193,2193,2193,2193,2193,2193,2193,2193,2193,0.9643630981445313,0.25128173828125,0.8276138305664063,0.04503631591796875,0.07452392578125,0.054901123046875,1.5120086669921875,1.0773468017578125,1.068084716796875,0.37163543701171875,2.6339874267578125,1.4199447631835938,271.53582763671875,7628.393859863281,7105.897277832031,16.17120361328125,16919126016,28991029248,5356036096,0
200,1771950993403,2193,2193,2193,2193,2193,2193,2193,2193,2193,2193,2193,2193,0.19284820556640625,0.18140411376953125,0.7161407470703125,3.3215103149414063,0.05525970458984375,0.0142364501953125,0.6160812377929688,2.5036163330078125,0.9124755859375,0.7014617919921875,0.9278640747070313,0.19319915771484375,271.671142578125,7630.2845458984375,7107.720153808594,16.17236328125,16919126016,28991029248,5355163648,0
200,1771950993604,2193,2193,2193,2193,2193,2193,2193,2193,2193,2193,2193,2193,0.428466796875,0.12351226806640625,0.9439926147460938,1.0689544677734375,0.07918548583984375,0.34021759033203125,0.807525634765625,0.9686431884765625,2.8821334838867188,0.7135467529296875,1.4638519287109375,0.9437942504882813,271.8033447265625,7632.150634765625,7109.4598388671875,16.173828125,16919126016,28991029248,5354684416,0
200,1771950993805,2193,2193,2193,2193,2193,2193,2193,2193,2193,2193,2193,2193,0.05831146240234375,0.10581207275390625,0.40151214599609375,0.10730743408203125,0.09011077880859375,0.08846282958984375,0.8029708862304688,0.7251205444335938,0.7436141967773438,0.5801849365234375,0.636260986328125,0.06618499755859375,271.92950439453125,7633.48486328125,7110.721740722656,16.173828125,16919126016,28991029248,5354655744,0
200,1771950994005,2193,2193,2193,2193,2193,2193,2193,2193,2193,2193,2193,2193,0.241912841796875,0.14125823974609375,0.9532241821289063,0.22290802001953125,0.08294677734375,0.21497344970703125,0.8787078857421875,0.9617080688476563,1.0254974365234375,0.963104248046875,0.8247909545898438,0.6444778442382813,272.06121826171875,7635.0478515625,7112.146423339844,16.17510986328125,16919126016,28991029248,5354594304,0
200,1771950994206,2193,2193,2193,2193,2193,2193,2193,2193,2193,2193,2193,2193,0.17269134521484375,0.3746795654296875,1.1359710693359375,0.24910736083984375,0.12517547607421875,0.277801513671875,1.8420181274414063,0.744873046875,0.9189605712890625,0.7587432861328125,0.90863037109375,0.3105926513671875,272.1898193359375,7636.525817871094,7113.469665527344,16.17510986328125,16919126016,28991029248,5355274240,0
200,1771950994406,2193,2193,2193,2193,2193,2193,2193,2193,2193,2193,2193,2193,0.06169891357421875,0.15703582763671875,0.6971206665039063,3.492218017578125,0.05103302001953125,0.0325927734375,0.5395355224609375,0.9952926635742188,2.5050506591796875,0.6074600219726563,1.0196075439453125,0.19690704345703125,272.3223876953125,7638.130065917969,7114.994689941406,16.17510986328125,16919126016,28991029248,5354319872,0
200,1771950994607,2193,2193,2193,2193,2193,2193,2193,2193,2193,2193,2193,2193,0.1956787109375,0.09943389892578125,1.1068267822265625,0.18894195556640625,0.02339935302734375,0.27620697021484375,0.7910079956054688,1.6547012329101563,0.5844497680664063,0.288330078125,0.609344482421875,0.0893096923828125,272.4530029296875,7639.5953369140625,7116.351745605469,16.1761474609375,16919126016,28991029248,5353992192,0
200,1771950994807,2193,2193,2193,2193,2193,2193,2193,2193,2193,2193,2193,2193,0.06464385986328125,0.08702850341796875,0.18601226806640625,0.02736663818359375,0.155059814453125,0.0576171875,0.623077392578125,0.6299057006835938,0.6686859130859375,0.5690536499023438,0.71697998046875,0.146636962890625,272.57806396484375,7640.5577392578125,7117.313537597656,16.1761474609375,16919126016,28991029248,5353992192,0
200,1771950995008,2193,2193,2193,2193,2193,2193,2193,2193,2193,2193,2193,2193,0.03835296630859375,0,0.888275146484375,0,0,0,0.6380767822265625,0.5696563720703125,0.5258712768554688,0.44348907470703125,0.5834197998046875,0.0037384033203125,272.70721435546875,7641.850769042969,7118.526306152344,16.1773681640625,16919126016,28991029248,5353979904,0
200,1771950995208,2193,2193,2193,2193,2193,2193,2193,2193,2193,2193,2193,2193,0.6318206787109375,0.3576202392578125,1.362030029296875,0.5136795043945313,0.31426239013671875,0.3324737548828125,2.1178359985351563,1.2774658203125,0.7872314453125,0.8748931884765625,1.092620849609375,0.4557037353515625,272.8349609375,7643.470764160156,7120.077575683594,16.1773681640625,16919126016,28991029248,5354573824,0
200,1771950995409,2193,2193,2193,2193,2193,2193,2193,2193,2193,2193,2193,2193,0.03859710693359375,0.1012420654296875,0.794891357421875,0.26358795166015625,0.07474517822265625,0.020172119140625,0.666412353515625,4.1964263916015625,3.2313690185546875,1.2532958984375,1.0235748291015625,0.37354278564453125,272.9669189453125,7645.068298339844,7121.5089111328125,16.1773681640625,16919126016,28991029248,5353660416,0
200,1771950995610,2193,2193,2193,2193,2193,2193,2193,2193,2193,2193,2193,2193,0.18866729736328125,0.181793212890625,0.9303436279296875,0.1346893310546875,0.0453643798828125,0.02816009521484375,0.5616226196289063,0.6659088134765625,0.8911666870117188,1.0398101806640625,0.7645034790039063,0.6784210205078125,273.09759521484375,7646.799499511719,7123.113098144531,16.1783447265625,16919126016,28991029248,5353562112,0
200,1771950995811,2193,2193,2193,2193,2193,2193,2193,2193,2193,2193,2193,2193,0.10466766357421875,0.049346923828125,0.3800811767578125,0.11542510986328125,0.02938079833984375,0.03411102294921875,0.7662429809570313,0.8063278198242188,0.5042190551757813,0.43729400634765625,0.7999496459960938,0.18603515625,273.2232666015625,7647.791931152344,7124.0557861328125,16.1783447265625,16919126016,28991029248,5353562112,0
200,1771950996011,2193,2193,2193,2193,2193,2193,2193,2193,2193,2193,2193,2193,0.1678466796875,0.106536865234375,0.8198013305664063,0.572021484375,0.04079437255859375,0.066986083984375,0.673675537109375,0.8541183471679688,0.8795166015625,0.5073699951171875,0.915679931640625,0.7721405029296875,273.35113525390625,7648.987976074219,7125.190490722656,16.1793212890625,16919126016,28991029248,5353484288,0
200,1771950996212,2193,2193,2193,2193,2193,2193,2193,2193,2193,2193,2193,2193,1.5682449340820313,0.5508346557617188,1.8030624389648438,0.6027679443359375,0.20847320556640625,0.110748291015625,0.8792343139648438,1.283203125,0.753570556640625,0.8843154907226563,2.2669448852539063,0.9789047241210938,273.48358154296875,7651.088684082031,7127.1795654296875,16.1793212890625,16919126016,28991029248,5353902080,0
200,1771950996412,2193,2193,2193,2193,2193,2193,2193,2193,2193,2193,2193,2193,0.39453887939453125,0.07159423828125,1.9254913330078125,0.8174285888671875,0.0855255126953125,0.26941680908203125,1.3657455444335938,3.319000244140625,4.2567596435546875,0.5772705078125,0.9208297729492188,3.485565185546875,273.62152099609375,7652.9273681640625,7128.973449707031,16.1793212890625,16919126016,28991029248,5352030208,0
200,1771950996613,2193,2193,2193,2193,2193,2193,2193,2193,2193,2193,2193,2193,0.317840576171875,0.22048187255859375,0.9587020874023438,0.29141998291015625,0.1229248046875,0.1239776611328125,0.7242584228515625,1.097381591796875,0.6808929443359375,0.6561126708984375,1.1312789916992188,0.33319091796875,273.752197265625,7654.4918212890625,7130.3355712890625,16.180419921875,16919126016,28991029248,5351919616,0
200,1771950996813,2193,2193,2193,2193,2193,2193,2193,2193,2193,2193,2193,2193,0.135650634765625,0.0413970947265625,0.995086669921875,0.2128143310546875,0.23937225341796875,0.01435089111328125,0.6264419555664063,0.9947891235351563,1.2224502563476563,0.6960372924804688,1.18658447265625,0.4513397216796875,273.88055419921875,7655.819152832031,7131.5411376953125,16.180419921875,16919126016,28991029248,5351682048,0
200,1771950997014,2193,2193,2193,2193,2193,2193,2193,2193,2193,2193,2193,2193,0.6864089965820313,0.015655517578125,0.8117904663085938,0.21027374267578125,0.0149078369140625,0.00234222412109375,0.5449295043945313,1.2639923095703125,0.89892578125,1.0415573120117188,0.5849609375,0.829681396484375,274.00750732421875,7657.003234863281,7132.689392089844,16.180419921875,16919126016,28991029248,5351215104,0
200,1771950997215,2193,2193,2193,2193,2193,2193,2193,2193,2193,2193,2193,2193,0.07619476318359375,0.1183319091796875,0.9965133666992188,0,0,0,0.983245849609375,0.6589202880859375,0.8242263793945313,1.015960693359375,0.8471145629882813,0.0454254150390625,274.1378173828125,7658.649353027344,7134.232116699219,16.18145751953125,16919126016,28991029248,5351448576,0
200,1771950997415,2193,2193,2193,2193,2193,2193,2193,2193,2193,2193,2193,2193,0.25521087646484375,0.2381591796875,30.688827514648438,3.8104171752929688,0.2450408935546875,0.35442352294921875,1.94097900390625,1.3814468383789063,1.4073257446289063,0.7658843994140625,1.1024093627929688,0.822265625,274.29510498046875,7661.990539550781,7137.380676269531,16.18145751953125,16919126016,28991029248,5350838272,0
200,1771950997616,2193,2193,2193,2193,2193,2193,2193,2193,2193,2193,2193,2193,0.4556732177734375,0.0679473876953125,26.172576904296875,0.7287139892578125,0.17694854736328125,7.9249420166015625,1.1428909301757813,1.6840896606445313,1.5979080200195313,0.6352615356445313,0.5540542602539063,3.671966552734375,274.44683837890625,7665.8680419921875,7141.0167236328125,16.1824951171875,16919126016,28991029248,5352341504,0
200,1771950997817,2193,2193,2193,2193,2193,2193,2193,2193,2193,2193,2193,2193,0.12035369873046875,0.08388519287109375,0.55010986328125,0.17230987548828125,0.086578369140625,0.03073883056640625,0.649688720703125,0.7166900634765625,0.5652542114257813,0.5999221801757813,0.8348007202148438,0.12094879150390625,274.5731201171875,7667.109436035156,7142.201721191406,16.1824951171875,16919126016,28991029248,5352292352,0
200,1771950998017,2193,2193,2193,2193,2193,2193,2193,2193,2193,2193,2193,2193,0.37549591064453125,0.09050750732421875,0.503631591796875,0.2333526611328125,0.06015777587890625,0.30941009521484375,0.6948699951171875,1.0862655639648438,0.7728729248046875,0.39293670654296875,0.501739501953125,0.716949462890625,274.6995849609375,7668.337097167969,7143.388366699219,16.1824951171875,16919126016,28991029248,5352292352,0
200,1771950998218,2193,2193,2193,2193,2193,2193,2193,2193,2193,2193,2193,2193,0.394866943359375,0.0477142333984375,1.536651611328125,1.16424560546875,0.3539886474609375,0.2733306884765625,0.7199630737304688,1.3220748901367188,0.9858016967773438,0.43245697021484375,2.6013717651367188,0.58843994140625,274.8350830078125,7669.909606933594,7144.776428222656,16.18353271484375,16919126016,28991029248,5352087552,0
200,1771950998418,2193,2193,2193,2193,2193,2193,2193,2193,2193,2193,2193,2193,0.9785537719726563,0.05944061279296875,0.6700897216796875,5.555976867675781,0.05126190185546875,0.30941009521484375,0.8922882080078125,1.0330047607421875,0.5598831176757813,0.401763916015625,2.2294235229492188,0.183258056640625,274.968994140625,7671.681884765625,7146.469970703125,16.18353271484375,16919126016,28991029248,5351993344,0
200,1771950998618,2193,2193,2193,2193,2193,2193,2193,2193,2193,2193,2193,2193,0.4426727294921875,0.0700531005859375,0.47292327880859375,0.5345916748046875,0.05457305908203125,0.084381103515625,0.703643798828125,0.6247100830078125,1.03497314453125,0.38665008544921875,1.3161239624023438,0.785430908203125,275.0950927734375,7673.112731933594,7147.914489746094,16.18353271484375,16919126016,28991029248,5351677952,0
200,1771950998819,2193,2193,2193,2193,2193,2193,2193,2193,2193,2193,2193,2193,0.41806793212890625,0.07318878173828125,0.687713623046875,0.02085113525390625,0.02564239501953125,0.046844482421875,0.6857147216796875,0.914703369140625,0.4846649169921875,0.44326019287109375,0.85009765625,0.5160980224609375,275.2244873046875,7674.881530761719,7149.559631347656,16.18487548828125,16919126016,28991029248,5351673856,0
200,1771950999020,2193,2193,2193,2193,2193,2193,2193,2193,2193,2193,2193,2193,0.49068450927734375,0.30889892578125,1.206268310546875,1.4563140869140625,0.04132843017578125,0.3430023193359375,0.5818023681640625,1.6345138549804688,1.4009475708007813,0.7624359130859375,1.2561111450195313,0.8190994262695313,275.3568115234375,7676.5245361328125,7151.0819091796875,16.18487548828125,16919126016,28991029248,5350014976,0
200,1771950999220,2193,2193,2193,2193,2193,2193,2193,2193,2193,2193,2193,2193,0.224334716796875,0.0746307373046875,1.2465057373046875,0.384765625,0.18853759765625,0.0356903076171875,1.3808822631835938,2.1961441040039063,0.6327133178710938,1.1756668090820313,2.0326614379882813,0.6529769897460938,275.488525390625,7678.1796875,7152.59228515625,16.186279296875,16919126016,28991029248,5349220352,0
200,1771950999420,2193,2193,2193,2193,2193,2193,2193,2193,2193,2193,2193,2193,0.44818878173828125,0.1398162841796875,0.8434906005859375,3.57958984375,0.082183837890625,0.4626617431640625,1.8078842163085938,0.78515625,0.8805160522460938,2.8069534301757813,1.042083740234375,0.8730316162109375,275.624267578125,7679.973815917969,7154.282531738281,16.186279296875,16919126016,28991029248,5350764544,0
200,1771950999621,2193,2193,2193,2193,2193,2193,2193,2193,2193,2193,2193,2193,0.26165771484375,0.10181427001953125,0.8892288208007813,0.37931060791015625,0.1644744873046875,0.04851531982421875,0.8594436645507813,0.8983993530273438,0.9428787231445313,0.45587158203125,0.9585189819335938,0.4153289794921875,275.7525634765625,7681.267761230469,7155.4736328125,16.186279296875,16919126016,28991029248,5350752256,0
200,1771950999822,2193,2193,2193,2193,2193,2193,2193,2193,2193,2193,2193,2193,0.30159759521484375,0.11827850341796875,0.698974609375,0.25026702880859375,0.062652587890625,0.062652587890625,0.7328948974609375,0.627044677734375,0.6157684326171875,0.9212112426757813,1.3944625854492188,0.1447601318359375,275.88201904296875,7682.586730957031,7156.7564697265625,16.18719482421875,16919126016,28991029248,5350494208,0
200,1771951000022,2193,2193,2193,2193,2193,2193,2193,2193,2193,2193,2193,2193,0.37860870361328125,0.08567047119140625,0.47820281982421875,0.549652099609375,0.02634429931640625,0.0432586669921875,0.48174285888671875,1.081390380859375,1.057037353515625,0.61920166015625,0.622100830078125,0.5703048706054688,276.0089111328125,7684.221740722656,7158.260009765625,16.18719482421875,16919126016,28991029248,5350318080,0
200,1771951000222,2193,2193,2193,2193,2193,2193,2193,2193,2193,2193,2193,2193,0.033935546875,0.1009674072265625,0.3462677001953125,0.10056304931640625,0.11698150634765625,0.0337371826171875,0.6662750244140625,0.7506179809570313,0.5224380493164063,0.8939056396484375,1.1949539184570313,0.12816619873046875,276.1351318359375,7685.578552246094,7159.568420410156,16.18719482421875,16919126016,28991029248,5350281216,0
200,1771951000423,2193,2193,2193,2193,2193,2193,2193,2193,2193,2193,2193,2193,0.44244384765625,0.0992279052734375,0.9370956420898438,3.3988418579101563,0.03063201904296875,0.02103424072265625,1.7882614135742188,0.6347579956054688,1.3222808837890625,0.5553131103515625,3.3318328857421875,0.68927001953125,276.2723388671875,7687.383605957031,7161.282775878906,16.18853759765625,16919126016,28991029248,5349605376,0
200,1771951000624,2193,2193,2193,2193,2193,2193,2193,2193,2193,2193,2193,2193,0.32549285888671875,0.02234649658203125,0.542572021484375,0.10308837890625,0.04375457763671875,0.2577972412109375,0.7232208251953125,0.5544204711914063,0.27228546142578125,0.45770263671875,1.2799301147460938,0.31170654296875,276.39886474609375,7688.742858886719,7162.5914306640625,16.18853759765625,16919126016,28991029248,5349568512,0
200,1771951000824,2193,2193,2193,2193,2193,2193,2193,2193,2193,2193,2193,2193,0.27883148193359375,0.1731414794921875,0.9693679809570313,0.23212432861328125,0.1471710205078125,0.1511077880859375,0.8017044067382813,1.9608688354492188,0.6985092163085938,0.8753890991210938,1.7575607299804688,0.24562835693359375,276.52978515625,7690.53271484375,7164.237487792969,16.18975830078125,16919126016,28991029248,5348777984,0
200,1771951001024,2193,2193,2193,2193,2193,2193,2193,2193,2193,2193,2193,2193,0.6089401245117188,0.2377471923828125,0.7218704223632813,0.15190887451171875,0.1649322509765625,0.07625579833984375,0.8112564086914063,0.8074111938476563,0.8434906005859375,1.041168212890625,0.78594970703125,0.5473556518554688,276.6578369140625,7691.87158203125,7165.471008300781,16.18975830078125,16919126016,28991029248,5348327424,0
200,1771951001225,2193,2193,2193,2193,2193,2193,2193,2193,2193,2193,2193,2193,1.2934417724609375,0.11420440673828125,0.9026412963867188,0.09825897216796875,0.07624053955078125,0.05675506591796875,0.6209564208984375,1.1465988159179688,0.9484786987304688,1.330413818359375,1.3740615844726563,0.7559432983398438,276.7867431640625,7693.503662109375,7167.0023193359375,16.18975830078125,16919126016,28991029248,5348286464,0
200,1771951001426,2193,2193,2193,2193,2193,2193,2193,2193,2193,2193,2193,2193,1.1467819213867188,0.3088226318359375,1.3153610229492188,0.3104705810546875,0.39203643798828125,0.00493621826171875,1.1478805541992188,4.43829345703125,0.8911895751953125,0.693572998046875,0.6894378662109375,2.0418624877929688,276.923828125,7695.664001464844,7169.071228027344,16.1910400390625,16919126016,28991029248,5349507072,0
200,1771951001626,2193,2193,2193,2193,2193,2193,2193,2193,2193,2193,2193,2193,0.32647705078125,0.430633544921875,0.4372100830078125,0.2023468017578125,0.05501556396484375,0.01593017578125,0.6814804077148438,0.6682357788085938,0.7541732788085938,0.3032684326171875,1.2624282836914063,0.35579681396484375,277.05010986328125,7696.8773193359375,7170.255432128906,16.1910400390625,16919126016,28991029248,5349507072,0
200,1771951001827,2193,2193,2193,2193,2193,2193,2193,2193,2193,2193,2193,2193,0.05295562744140625,0.08008575439453125,0.8084640502929688,0.171539306640625,0.11922454833984375,0.1129913330078125,0.8538894653320313,0.7761001586914063,0.5068283081054688,0.7100830078125,1.375030517578125,0.2804412841796875,277.17755126953125,7698.25439453125,7171.517272949219,16.1910400390625,16919126016,28991029248,5348896768,0
200,1771951002028,2193,2193,2193,2193,2193,2193,2193,2193,2193,2193,2193,2193,0.6556930541992188,0.12903594970703125,7.4820709228515625,4.874824523925781,0.24747467041015625,0.112457275390625,14.300979614257813,16.189056396484375,1.4753265380859375,0.5280532836914063,6.2439117431640625,1.741668701171875,277.32330322265625,7701.542419433594,7174.6915283203125,16.192138671875,16919126016,28991029248,5345505280,0
200,1771951002228,2193,2193,2193,2193,2193,2193,2193,2193,2193,2193,2193,2193,0.05655670166015625,0.0625457763671875,0.43495941162109375,0.288726806640625,0.27989959716796875,0.0378570556640625,0.6308212280273438,0.7335586547851563,1.0727081298828125,0.711669921875,0.6483230590820313,0.24124908447265625,277.4501953125,7702.638610839844,7175.676574707031,16.192138671875,16919126016,28991029248,5345427456,0
200,1771951002429,2193,2193,2193,2193,2193,2193,2193,2193,2193,2193,2193,2193,0.20068359375,0.5671005249023438,2.4267120361328125,3.2795028686523438,0.22080230712890625,0.5145645141601563,0.6360702514648438,0.8903427124023438,2.7090682983398438,0.8351669311523438,0.6369705200195313,0.21039581298828125,277.5877685546875,7704.239501953125,7177.148498535156,16.193115234375,16919126016,28991029248,5349273600,0
200,1771951002630,2193,2193,2193,2193,2193,2193,2193,2193,2193,2193,2193,2193,0.42481231689453125,0.037750244140625,0.32122802734375,0.1400909423828125,0.05518341064453125,0.0162353515625,0.8265228271484375,0.87896728515625,0.5904083251953125,0.8099899291992188,0.6669540405273438,0.7124710083007813,277.7142333984375,7705.5162353515625,7178.370544433594,16.193115234375,16919126016,28991029248,5349257216,0
200,1771951002830,2193,2193,2193,2193,2193,2193,2193,2193,2193,2193,2193,2193,0.0818634033203125,0.0829620361328125,0.21380615234375,0.1950531005859375,0.04749298095703125,0.02194976806640625,0.729522705078125,0.8282928466796875,0.5819091796875,0.5800704956054688,0.5025482177734375,0.6193771362304688,277.84161376953125,7706.699523925781,7179.469909667969,16.193115234375,16919126016,28991029248,5348962304,0
200,1771951003031,2193,2193,2193,2193,2193,2193,2193,2193,2193,2193,2193,2193,0.5634841918945313,0.3330078125,1.057403564453125,0.349822998046875,0.1110687255859375,0.06401824951171875,1.0871963500976563,1.0091552734375,1.1768112182617188,0.7136688232421875,0.6608810424804688,1.2037506103515625,277.97314453125,7708.063415527344,7180.7225341796875,16.1942138671875,16919126016,28991029248,5347819520,0
200,1771951003231,2193,2193,2193,2193,2193,2193,2193,2193,2193,2193,2193,2193,0.02265167236328125,0.0295867919921875,0.27947235107421875,0.14954376220703125,0.02265167236328125,0.02783966064453125,1.378204345703125,1.477294921875,0.7712554931640625,0.5731658935546875,1.8263778686523438,0.366943359375,278.10296630859375,7709.450622558594,7182.0489501953125,16.1942138671875,16919126016,28991029248,5347618816,0
200,1771951003432,2193,2193,2193,2193,2193,2193,2193,2193,2193,2193,2193,2193,0.1763916015625,0.37413787841796875,4.2747039794921875,0.274017333984375,0.19440460205078125,0.09053802490234375,1.0625228881835938,4.2872772216796875,0.7603607177734375,0.40908050537109375,0.5225296020507813,0.32457733154296875,278.2379150390625,7711.1190185546875,7183.607482910156,16.19525146484375,16919126016,28991029248,5348679680,0
200,1771951003632,2193,2193,2193,2193,2193,2193,2193,2193,2193,2193,2193,2193,0.5053787231445313,0.32714080810546875,1.2218399047851563,0.20413970947265625,0.0618743896484375,0.07170867919921875,0.8311767578125,1.0581207275390625,0.7032318115234375,0.39550018310546875,0.89599609375,0.48681640625,278.3671875,7712.373718261719,7184.712829589844,16.19525146484375,16919126016,28991029248,5348679680,0
200,1771951003833,2193,2193,2193,2193,2193,2193,2193,2193,2193,2193,2193,2193,0.0184478759765625,0.0238800048828125,0.14977264404296875,0.0658111572265625,0.01824951171875,0.01815032958984375,0.590850830078125,0.774078369140625,0.609649658203125,0.33049774169921875,0.930877685546875,0.1284332275390625,278.4931640625,7713.56689453125,7185.8878173828125,16.19525146484375,16919126016,28991029248,5348564992,0
200,1771951004033,2193,2193,2193,2193,2193,2193,2193,2193,2193,2193,2193,2193,0.25057220458984375,0.144439697265625,1.10003662109375,0.0802154541015625,0.07279205322265625,0.0235137939453125,0.7048263549804688,1.1677474975585938,0.8099594116210938,0.37762451171875,0.8111038208007813,0.23537445068359375,278.6241455078125,7714.744079589844,7186.922424316406,16.1962890625,16919126016,28991029248,5348564992,0
200,1771951004234,2193,2193,2193,2193,2193,2193,2193,2193,2193,2193,2193,2193,0.5041732788085938,0.05816650390625,0.42975616455078125,0.0824432373046875,0.250518798828125,0.0744171142578125,0.7223892211914063,1.2200851440429688,0.7470626831054688,0.534576416015625,0.7292709350585938,0.8154525756835938,278.7513427734375,7716.2022705078125,7188.3017578125,16.1962890625,16919126016,28991029248,5348179968,0
200,1771951004435,2193,2193,2193,2193,2193,2193,2193,2193,2193,2193,2193,2193,0.11957550048828125,0.19297027587890625,0.7929611206054688,0.15036773681640625,0.4743804931640625,0.02496337890625,0.8607711791992188,2.6569900512695313,1.9791793823242188,0.3836517333984375,0.798187255859375,3.6637496948242188,278.88525390625,7717.7547607421875,7189.7535400390625,16.1962890625,16919126016,28991029248,5348290560,0
200,1771951004636,2193,2193,2193,2193,2193,2193,2193,2193,2193,2193,2193,2193,0.6091461181640625,0.0789642333984375,1.809661865234375,0.47019195556640625,0,0,0.79937744140625,0.8030166625976563,0.34313201904296875,0.333526611328125,0.5462646484375,0.0684051513671875,279.017333984375,7719.4854736328125,7191.3878173828125,16.19744873046875,16919126016,28991029248,5348290560,0
200,1771951004836,2193,2193,2193,2193,2193,2193,2193,2193,2193,2193,2193,2193,0.504302978515625,0.355133056640625,0.8416824340820313,0.38773345947265625,0.38883209228515625,0.35507965087890625,1.032135009765625,1.0806503295898438,0.7683944702148438,0.6207656860351563,0.8803253173828125,0.3685455322265625,279.142578125,7720.583801269531,7192.50439453125,16.19744873046875,16919126016,28991029248,5348188160,0
200,1771951005037,2193,2193,2193,2193,2193,2193,2193,2193,2193,2193,2193,2193,0.16912841796875,0.02960205078125,1.016845703125,0.16828155517578125,0.03537750244140625,0.06911468505859375,0.4538116455078125,0.8662109375,0.7868804931640625,0.540069580078125,0.8183212280273438,0.5084762573242188,279.27117919921875,7722.061950683594,7193.810302734375,16.19854736328125,16919126016,28991029248,5348188160,0
200,1771951005237,2193,2193,2193,2193,2193,2193,2193,2193,2193,2193,2193,2193,0.5354080200195313,0.0899810791015625,0.6792221069335938,0.08779144287109375,0.04700469970703125,0.04920196533203125,0.9965286254882813,0.9199371337890625,0.7867813110351563,0.5590667724609375,0.8567962646484375,0.9842758178710938,279.39947509765625,7723.6900634765625,7195.3206787109375,16.19854736328125,16919126016,28991029248,5348188160,0
200,1771951005438,2193,2193,2193,2193,2193,2193,2193,2193,2193,2193,2193,2193,0.3399200439453125,0.02632904052734375,2.33428955078125,0.13771820068359375,0.07360076904296875,0.17047882080078125,0.6993789672851563,0.60992431640625,0.9041671752929688,0.6974868774414063,2.0210494995117188,0.1271514892578125,279.5296630859375,7724.99658203125,7196.635070800781,16.19854736328125,16919126016,28991029248,5348818944,0
200,1771951005639,2193,2193,2193,2193,2193,2193,2193,2193,2193,2193,2193,2193,0.5829696655273438,0.07613372802734375,0.8966140747070313,3.8046340942382813,0.08750152587890625,0.018096923828125,0.7272567749023438,1.0691680908203125,0.77825927734375,0.7067108154296875,1.0504226684570313,0.360260009765625,279.6622314453125,7726.6746826171875,7198.185791015625,16.19976806640625,16919126016,28991029248,5348085760,0
200,1771951005839,2193,2193,2193,2193,2193,2193,2193,2193,2193,2193,2193,2193,0.06185150146484375,0.06629180908203125,1.3210067749023438,0.5726089477539063,0.04349517822265625,0.0406036376953125,0.7557830810546875,0.8615341186523438,0.8168411254882813,0.7746353149414063,1.3157730102539063,0.28787994384765625,279.79071044921875,7728.328430175781,7199.807434082031,16.19976806640625,16919126016,28991029248,5346586624,0
200,1771951006040,2193,2193,2193,2193,2193,2193,2193,2193,2193,2193,2193,2193,0.02523040771484375,0.09349822998046875,0.9470977783203125,0.2292327880859375,0.033660888671875,0.02538299560546875,0.7331771850585938,0.8057327270507813,0.5844268798828125,0.5060882568359375,0.7761077880859375,0.20145416259765625,279.9166259765625,7729.9656982421875,7201.343688964844,16.19976806640625,16919126016,28991029248,5346541568,0
200,1771951006240,2193,2193,2193,2193,2193,2193,2193,2193,2193,2193,2193,2193,1.7620391845703125,0.6249313354492188,1.4403915405273438,0.3685455322265625,0.20520782470703125,0.37860107421875,0.7898635864257813,0.9749603271484375,1.274658203125,2.1869964599609375,1.232391357421875,0.609100341796875,280.0496826171875,7731.730712890625,7202.976013183594,16.200927734375,16919126016,28991029248,5346418688,0
200,1771951006441,2193,2193,2193,2193,2193,2193,2193,2193,2193,2193,2193,2193,0.26720428466796875,0.26920318603515625,1.90399169921875,0.16552734375,0.04022979736328125,0.01796722412109375,0.530120849609375,1.0267486572265625,3.7905044555664063,0.45384979248046875,1.0515060424804688,5.045173645019531,280.18145751953125,7733.617126464844,7204.747375488281,16.200927734375,16919126016,28991029248,5347590144,0
200,1771951006641,2193,2193,2193,2193,2193,2193,2193,2193,2193,2193,2193,2193,0.542572021484375,0.12188720703125,0.9358901977539063,0.1964874267578125,0.02686309814453125,0.2975006103515625,0.9103775024414063,3.8908615112304688,0.5923004150390625,1.0665130615234375,0.8370742797851563,0.4241790771484375,280.314208984375,7735.084045410156,7206.069763183594,16.20208740234375,16919126016,28991029248,5346922496,0
200,1771951006842,2193,2193,2193,2193,2193,2193,2193,2193,2193,2193,2193,2193,0.107513427734375,0.10880279541015625,0.472259521484375,0.14240264892578125,0.09644317626953125,0.04819488525390625,0.6985397338867188,0.8019180297851563,0.9470062255859375,0.5943679809570313,0.8921279907226563,0.1707611083984375,280.44085693359375,7736.40478515625,7207.332275390625,16.20208740234375,16919126016,28991029248,5346766848,0
200,1771951007042,2193,2193,2193,2193,2193,2193,2193,2193,2193,2193,2193,2193,0.041656494140625,0.0091705322265625,0.3101806640625,0.1487884521484375,0.176239013671875,0.00907135009765625,0.62115478515625,0.7335205078125,0.5267333984375,0.5159225463867188,0.8668594360351563,0.16388702392578125,280.56671142578125,7737.748291015625,7208.634826660156,16.20208740234375,16919126016,28991029248,5346766848,0
200,1771951007243,2193,2193,2193,2193,2193,2193,2193,2193,2193,2193,2193,2193,0.6139068603515625,0.116241455078125,0.81207275390625,0.49662017822265625,0.14151763916015625,0.0844268798828125,1.1523590087890625,1.1482696533203125,0.8241424560546875,0.7103500366210938,0.7966690063476563,0.48899078369140625,280.697265625,7739.4945068359375,7210.267761230469,16.20343017578125,16919126016,28991029248,5346701312,0
200,1771951007443,2193,2193,2193,2193,2193,2193,2193,2193,2193,2193,2193,2193,0.055206298828125,0.07317352294921875,2.2548141479492188,0.2247161865234375,0.100677490234375,0.19351959228515625,0.5438232421875,2.1918182373046875,1.10491943359375,0.33008575439453125,0.917938232421875,0.41100311279296875,280.827392578125,7740.927978515625,7211.667663574219,16.20343017578125,16919126016,28991029248,5347192832,0
200,1771951007644,2193,2193,2193,2193,2193,2193,2193,2193,2193,2193,2193,2193,0.3785552978515625,0.02341461181640625,0.603424072265625,0.32375335693359375,0.1512908935546875,0.15692138671875,0.6808395385742188,3.9582366943359375,0.7429046630859375,0.47728729248046875,1.2607421875,0.8802490234375,280.9578857421875,7742.645263671875,7213.2735595703125,16.20343017578125,16919126016,28991029248,5346480128,0
200,1771951007844,2193,2193,2193,2193,2193,2193,2193,2193,2193,2193,2193,2193,0.23848724365234375,0.11712646484375,1.3024673461914063,0.21997833251953125,0.0752716064453125,0.0606536865234375,0.6754531860351563,0.9107437133789063,0.897979736328125,0.7866897583007813,1.053558349609375,0.7425918579101563,281.08868408203125,7743.9124755859375,7214.375427246094,16.2047119140625,16919126016,28991029248,5346463744,0
200,1771951008045,2193,2193,2193,2193,2193,2193,2193,2193,2193,2193,2193,2193,0.04128265380859375,0.05133819580078125,1.1407394409179688,0.3689422607421875,0.006622314453125,0.00652313232421875,0.8080978393554688,0.9383697509765625,1.088104248046875,0.45957183837890625,1.8040847778320313,0.52655029296875,281.21917724609375,7745.312438964844,7215.687438964844,16.2047119140625,16919126016,28991029248,5346193408,0
200,1771951008246,2193,2193,2193,2193,2193,2193,2193,2193,2193,2193,2193,2193,0.615753173828125,0.0836334228515625,1.7156219482421875,0.163665771484375,0.04476165771484375,0.04625701904296875,0.9059600830078125,1.33294677734375,0.6583633422851563,0.8405914306640625,1.13385009765625,0.45757293701171875,281.34954833984375,7746.9454345703125,7217.212097167969,16.2059326171875,16919126016,28991029248,5346140160,0
200,1771951008446,2193,2193,2193,2193,2193,2193,2193,2193,2193,2193,2193,2193,1.0236663818359375,0.00423431396484375,2.4926986694335938,0.8947677612304688,0.3759307861328125,0.01036834716796875,1.3008041381835938,1.4274063110351563,1.7520980834960938,0.6464385986328125,2.0929412841796875,0.81915283203125,281.48382568359375,7748.58203125,7218.837219238281,16.20758056640625,16919126016,28991029248,5346455552,0
200,1771951008647,2193,2193,2193,2193,2193,2193,2193,2193,2193,2193,2193,2193,0.5763702392578125,0.26209259033203125,3.7851638793945313,0.1806640625,0.07141876220703125,0.0230255126953125,0.9099807739257813,0.9417800903320313,0.8059234619140625,0.373779296875,1.1071929931640625,0.5500106811523438,281.61517333984375,7750.09521484375,7220.2001953125,16.20758056640625,16919126016,28991029248,5345673216,0
200,1771951008847,2193,2193,2193,2193,2193,2193,2193,2193,2193,2193,2193,2193,0.21688079833984375,0.04314422607421875,1.0562210083007813,0.1535797119140625,0.0999603271484375,0.03755950927734375,0.712249755859375,0.7495574951171875,1.2692642211914063,0.42084503173828125,0.6705474853515625,0.30496978759765625,281.7442626953125,7751.554443359375,7221.612121582031,16.20880126953125,16919126016,28991029248,5345660928,0
200,1771951009048,2193,2193,2193,2193,2193,2193,2193,2193,2193,2193,2193,2193,0.20977020263671875,0.029327392578125,1.0837020874023438,0.05915069580078125,0.03690338134765625,0,0.6380844116210938,0.5846710205078125,1.219512939453125,0.5636215209960938,1.3682327270507813,0.32028961181640625,281.87310791015625,7752.793762207031,7222.668518066406,16.20880126953125,16919126016,28991029248,5345480704,0
200,1771951009248,2193,2193,2193,2193,2193,2193,2193,2193,2193,2193,2193,2193,0.3271484375,0,0.799407958984375,0.0660400390625,0,0.3210601806640625,0.7509918212890625,0.9217529296875,0.3523101806640625,0.6975326538085938,0.9293899536132813,0.31397247314453125,282.0003662109375,7754.09375,7223.851867675781,16.20880126953125,16919126016,28991029248,5345468416,0
200,1771951009449,2193,2193,2193,2193,2193,2193,2193,2193,2193,2193,2193,2193,1.2478103637695313,0.1412200927734375,1.639190673828125,0.19217681884765625,0.41368865966796875,0.10030364990234375,1.447265625,0.8807754516601563,0.6883544921875,0.7442398071289063,3.1016769409179688,0.4615936279296875,282.133544921875,7755.564636230469,7225.2454833984375,16.20989990234375,16919126016,28991029248,5346418688,0
200,1771951009649,2193,2193,2193,2193,2193,2193,2193,2193,2193,2193,2193,2193,0.39754486083984375,0.0839691162109375,0.5929718017578125,0.23175048828125,0.10167694091796875,0.04914093017578125,0.7618560791015625,4.041023254394531,0.7884979248046875,0.41704559326171875,0.5754547119140625,1.1037139892578125,282.26318359375,7757.2657470703125,7226.882995605469,16.20989990234375,16919126016,28991029248,5345845248,0
200,1771951009850,2193,2193,2193,2193,2193,2193,2193,2193,2193,2193,2193,2193,0.21236419677734375,0.07160186767578125,0.7152328491210938,0.05825042724609375,0.030548095703125,0.02471160888671875,0.717926025390625,0.7894744873046875,0.6859359741210938,0.5568313598632813,1.0984573364257813,0.2321014404296875,282.3929443359375,7758.8531494140625,7228.359130859375,16.210693359375,16919126016,28991029248,5345828864,0
200,1771951010051,2193,2193,2193,2193,2193,2193,2193,2193,2193,2193,2193,2193,0.10703277587890625,0.05841827392578125,0.8520050048828125,0.08905029296875,0.00946044921875,0.0142974853515625,0.6280364990234375,0.789398193359375,0.5652313232421875,0.36177825927734375,1.0587921142578125,0.11704254150390625,282.51910400390625,7760.177490234375,7229.667724609375,16.210693359375,16919126016,28991029248,5345771520,0
199,1771951010251,2193,2193,2193,2193,2193,2193,2193,2193,2193,2193,2193,2193,0.1673736572265625,0,0.33344268798828125,0.0230560302734375,0,0,0.5017166137695313,1.1443557739257813,0.49802398681640625,0.08483123779296875,0.8217849731445313,0.36168670654296875,282.6448974609375,7761.5909423828125,7231.031311035156,16.210693359375,16919126016,28991029248,5345648640,0
200,1771951010451,2193,2193,2193,2193,2193,2193,2193,2193,2193,2193,2193,2193,0.461029052734375,0.3406829833984375,1.0618743896484375,0.402130126953125,0.33199310302734375,0.27100372314453125,0.7007064819335938,4.074851989746094,1.2654342651367188,0.629974365234375,1.11822509765625,0.39144134521484375,282.77886962890625,7763.345520019531,7232.589416503906,16.2117919921875,16919126016,28991029248,5346258944,0
200,1771951010652,2193,2193,2193,2193,2193,2193,2193,2193,2193,2193,2193,2193,0.03223419189453125,0.1132049560546875,0.4242706298828125,0.10802459716796875,0.06014251708984375,0.381622314453125,0.6850128173828125,3.8580474853515625,0.906585693359375,0.839874267578125,0.6118698120117188,0.29592132568359375,282.908447265625,7764.7684326171875,7233.9866943359375,16.2117919921875,16919126016,28991029248,5345673216,0
200,1771951010852,2193,2193,2193,2193,2193,2193,2193,2193,2193,2193,2193,2193,0.495758056640625,0.02588653564453125,0.992462158203125,0.0884246826171875,0.06119537353515625,0.0284271240234375,1.2150039672851563,1.2601852416992188,1.6067657470703125,1.4959945678710938,0.742889404296875,0.527130126953125,283.03875732421875,7766.581237792969,7235.666564941406,16.21319580078125,16919126016,28991029248,5345652736,0
200,1771951011053,2193,2193,2193,2193,2193,2193,2193,2193,2193,2193,2193,2193,0.1037139892578125,0.05481719970703125,0.4029998779296875,0.1537017822265625,0.00299072265625,0.01602935791015625,0.8249740600585938,1.38531494140625,0.7712554931640625,0.7230072021484375,0.6660995483398438,0.2261962890625,283.167236328125,7767.842346191406,7236.908447265625,16.21319580078125,16919126016,28991029248,5345566720,0
200,1771951011254,2193,2193,2193,2193,2193,2193,2193,2193,2193,2193,2193,2193,1.2990264892578125,0.3404998779296875,2.0076217651367188,0.18659210205078125,0.15834808349609375,0.11203765869140625,0.6534042358398438,1.2137832641601563,0.428436279296875,0.0957183837890625,0.818939208984375,0.5540924072265625,283.295654296875,7769.1658935546875,7238.14453125,16.21319580078125,16919126016,28991029248,5345308672,0
200,1771951011454,2193,2193,2193,2193,2193,2193,2193,2193,2193,2193,2193,2193,1.150909423828125,0.48183441162109375,1.1262588500976563,0.35500335693359375,0.26432037353515625,0.25197601318359375,3.532257080078125,0.9915084838867188,1.0990219116210938,0.9773178100585938,0.7988967895507813,0.398223876953125,283.4296875,7770.8660888671875,7239.73095703125,16.21453857421875,16919126016,28991029248,5345722368,0
200,1771951011655,2193,2193,2193,2193,2193,2193,2193,2193,2193,2193,2193,2193,0.01361846923828125,0.0780181884765625,0.8654708862304688,0.25177764892578125,0.0137176513671875,0.37548828125,0.6641845703125,3.7750244140625,0.7955856323242188,0.280059814453125,0.789642333984375,0.2089691162109375,283.55950927734375,7772.610595703125,7241.370849609375,16.21453857421875,16919126016,28991029248,5345120256,0
200,1771951011855,2193,2193,2193,2193,2193,2193,2193,2193,2193,2193,2193,2193,0.4745635986328125,0.06078338623046875,0.3079376220703125,0.11876678466796875,0.15699005126953125,0.09146881103515625,0.7318496704101563,0.9124984741210938,0.8799591064453125,0.6767120361328125,1.3472900390625,0.5975723266601563,283.686767578125,7773.893005371094,7242.563293457031,16.21453857421875,16919126016,28991029248,5345107968,0
200,1771951012056,2193,2193,2193,2193,2193,2193,2193,2193,2193,2193,2193,2193,0.4681549072265625,0.34688568115234375,4.84375,3.7818374633789063,0.21360015869140625,0.1835174560546875,19.8983154296875,19.778945922851563,1.1431732177734375,0.8138427734375,0.954864501953125,0.6695785522460938,283.83074951171875,7776.696472167969,7245.212951660156,16.2158203125,16919126016,28991029248,5341241344,0
200,1771951012257,2193,2193,2193,2193,2193,2193,2193,2193,2193,2193,2193,2193,0.16994476318359375,0,0.902313232421875,0,0.1100921630859375,0,0.559783935546875,0.5156631469726563,0.5869216918945313,0.91326904296875,0.3759918212890625,0.26067352294921875,283.9581298828125,7777.811584472656,7246.337585449219,16.2158203125,16919126016,28991029248,5340950528,0
200,1771951012457,2193,2193,2193,2193,2193,2193,2193,2193,2193,2193,2193,2193,0.6108627319335938,0.313934326171875,2.4576797485351563,0.41741943359375,0.6955947875976563,0.2579803466796875,2.1212997436523438,1.0922164916992188,0.8960723876953125,1.1934051513671875,0.8956756591796875,0.42734527587890625,284.09100341796875,7779.4234619140625,7247.7677001953125,16.217041015625,16919126016,28991029248,5345292288,0
200,1771951012658,2193,2193,2193,2193,2193,2193,2193,2193,2193,2193,2193,2193,0.138702392578125,0.04647064208984375,0.6712646484375,3.3917999267578125,0.03969573974609375,0.0405426025390625,0.7056350708007813,0.934539794921875,0.6798324584960938,0.5174713134765625,1.0137786865234375,0.16425323486328125,284.22198486328125,7781.057678222656,7249.3851318359375,16.217041015625,16919126016,28991029248,5344595968,0
200,1771951012859,2193,2193,2193,2193,2193,2193,2193,2193,2193,2193,2193,2193,0.3577117919921875,0.0182952880859375,0.2002410888671875,0.6380615234375,0.01824188232421875,0.068145751953125,0.7126388549804688,0.7795791625976563,0.7715530395507813,0.5815811157226563,1.3171463012695313,0.43268585205078125,284.349853515625,7782.379943847656,7250.511535644531,16.217041015625,16919126016,28991029248,5344595968,0
200,1771951013059,2193,2193,2193,2193,2193,2193,2193,2193,2193,2193,2193,2193,0.637725830078125,0.12281036376953125,0.7530136108398438,0.6442031860351563,0.0334930419921875,0.07491302490234375,0.655517578125,1.134796142578125,0.6390228271484375,0.47843170166015625,2.388519287109375,1.3582382202148438,284.4827880859375,7784.086669921875,7252.198547363281,16.2181396484375,16919126016,28991029248,5343518720,0
200,1771951013260,2193,2193,2193,2193,2193,2193,2193,2193,2193,2193,2193,2193,0.20124053955078125,0,1.0336380004882813,0,0,0.20842742919921875,0.6630859375,0.6813430786132813,0.6791458129882813,0.46977996826171875,0.8421249389648438,0.37225341796875,284.6097412109375,7785.208312988281,7253.25732421875,16.2181396484375,16919126016,28991029248,5343277056,0
200,1771951013460,2193,2193,2193,2193,2193,2193,2193,2193,2193,2193,2193,2193,0.32462310791015625,0.331451416015625,0.588775634765625,0.34148406982421875,0.31414031982421875,0.291595458984375,1.2496871948242188,0.9680709838867188,2.5395889282226563,0.8392105102539063,1.4352188110351563,0.44689178466796875,284.739990234375,7786.586853027344,7254.3880615234375,16.2181396484375,16919126016,28991029248,5343080448,0
200,1771951013661,2193,2193,2193,2193,2193,2193,2193,2193,2193,2193,2193,2193,0.29274749755859375,0.2795257568359375,0.5760650634765625,0.21419525146484375,0.4082489013671875,0.2910003662109375,1.9466781616210938,4.07244873046875,1.0589675903320313,0.49497222900390625,0.6465835571289063,0.3513946533203125,284.87353515625,7788.285461425781,7256.039611816406,16.21917724609375,16919126016,28991029248,5344059392,0
200,1771951013861,2193,2193,2193,2193,2193,2193,2193,2193,2193,2193,2193,2193,0.4072418212890625,0.028900146484375,0.277008056640625,0.07283782958984375,0.07169342041015625,0.09356689453125,0.801788330078125,0.5097274780273438,0.463348388671875,0.5514297485351563,1.1035614013671875,0.7016448974609375,285.00030517578125,7789.77880859375,7257.434143066406,16.21917724609375,16919126016,28991029248,5344047104,0
200,1771951014062,2193,2193,2193,2193,2193,2193,2193,2193,2193,2193,2193,2193,0.26840972900390625,0.28206634521484375,1.0025253295898438,0.3912506103515625,0.18747711181640625,0.2755889892578125,0.935791015625,0.7366561889648438,1.362030029296875,0.620941162109375,1.2630538940429688,0.6524810791015625,285.13043212890625,7791.150634765625,7258.649841308594,16.2203369140625,16919126016,28991029248,5343694848,0
200,1771951014262,2193,2193,2193,2193,2193,2193,2193,2193,2193,2193,2193,2193,0.5289306640625,0.06955718994140625,0.49969482421875,0.3327789306640625,0.02355194091796875,0.007781982421875,0.9517822265625,1.725067138671875,1.247283935546875,0.62548828125,0.7195510864257813,0.5906600952148438,285.2596435546875,7792.474426269531,7259.8807373046875,16.2203369140625,16919126016,28991029248,5343662080,0
200,1771951014463,2193,2193,2193,2193,2193,2193,2193,2193,2193,2193,2193,2193,0.11101531982421875,0.04897308349609375,0.34037017822265625,0.0921630859375,0.07425689697265625,0.05954742431640625,0.5948562622070313,1.8784332275390625,0.6759490966796875,0.57281494140625,0.800872802734375,0.22332000732421875,285.3880615234375,7793.582946777344,7260.95361328125,16.2203369140625,16919126016,28991029248,5343092736,0
200,1771951014664,2193,2193,2193,2193,2193,2193,2193,2193,2193,2193,2193,2193,0.22013092041015625,0.27170562744140625,1.66839599609375,3.2941818237304688,0,0,0.78857421875,1.1360397338867188,1.8945465087890625,0.6184768676757813,0.7567672729492188,0.29375457763671875,285.5220947265625,7795.403137207031,7262.559143066406,16.22125244140625,16919126016,28991029248,5343670272,0
200,1771951014865,2193,2193,2193,2193,2193,2193,2193,2193,2193,2193,2193,2193,0.5121612548828125,0.4189605712890625,0.5359573364257813,0.21019744873046875,0.205474853515625,0.179534912109375,0.7826995849609375,0.908660888671875,0.5309829711914063,0.6967697143554688,1.20843505859375,0.48681640625,285.6488037109375,7796.817565917969,7263.9259033203125,16.22125244140625,16919126016,28991029248,5343670272,0
200,1771951015065,2193,2193,2193,2193,2193,2193,2193,2193,2193,2193,2193,2193,0.1309814453125,0.1770172119140625,0.6939468383789063,0.49518585205078125,0.5530929565429688,0.492889404296875,0.9020919799804688,1.490997314453125,0.869171142578125,0.7262191772460938,0.9527664184570313,0.37847137451171875,285.777587890625,7798.151306152344,7265.105041503906,16.22125244140625,16919126016,28991029248,5343649792,0
200,1771951015266,2193,2193,2193,2193,2193,2193,2193,2193,2193,2193,2193,2193,0.879974365234375,0.08099365234375,1.1153335571289063,0.12308502197265625,0.37894439697265625,0.6766891479492188,0.8126983642578125,0.82421875,0.72137451171875,0.7631683349609375,1.6895751953125,0.45200347900390625,285.90887451171875,7799.4541015625,7266.287902832031,16.222412109375,16919126016,28991029248,5343674368,0
200,1771951015466,2193,2193,2193,2193,2193,2193,2193,2193,2193,2193,2193,2193,0.37482452392578125,0.099639892578125,0.2199554443359375,0.9150238037109375,0.0306549072265625,0.02217864990234375,0.7879257202148438,1.227142333984375,0.641632080078125,0.5303802490234375,1.4322509765625,0.21013641357421875,286.0380859375,7800.672302246094,7267.417053222656,16.222412109375,16919126016,28991029248,5342482432,0
200,1771951015667,2193,2193,2193,2193,2193,2193,2193,2193,2193,2193,2193,2193,0.21942901611328125,0.0693817138671875,2.0376739501953125,5.6160125732421875,0.2763824462890625,0.1166534423828125,0.8302536010742188,1.10504150390625,2.3751602172851563,0.9260940551757813,1.3574676513671875,0.41574859619140625,286.17474365234375,7802.676452636719,7269.338439941406,16.22344970703125,16919126016,28991029248,5334654976,0
200,1771951015867,2193,2193,2193,2193,2193,2193,2193,2193,2193,2193,2193,2193,0.3784942626953125,0.0219879150390625,0.5450286865234375,0.189971923828125,0.0400390625,0.158905029296875,1.19805908203125,1.0291290283203125,0.8014144897460938,0.5033493041992188,0.8613510131835938,0.577239990234375,286.30328369140625,7803.893493652344,7270.4217529296875,16.22344970703125,16919126016,28991029248,5334638592,0
200,1771951016068,2193,2193,2193,2193,2193,2193,2193,2193,2193,2193,2193,2193,0.10422515869140625,0.02886199951171875,0.5178680419921875,0.1911468505859375,0.134429931640625,0.111846923828125,0.5979690551757813,1.03021240234375,0.6241378784179688,0.303497314453125,0.5607376098632813,0.21990966796875,286.4293212890625,7805.190002441406,7271.704528808594,16.22344970703125,16919126016,28991029248,5334634496,0
200,1771951016268,2193,2193,2193,2193,2193,2193,2193,2193,2193,2193,2193,2193,1.172637939453125,0.11199188232421875,1.425872802734375,3.2318038940429688,0.2630157470703125,0.3455657958984375,0.7178802490234375,1.1527786254882813,0.8358612060546875,0.9667739868164063,1.2314834594726563,0.9780502319335938,286.5643310546875,7807.094543457031,7273.436462402344,16.22467041015625,16919126016,28991029248,5334114304,0
200,1771951016469,2193,2193,2193,2193,2193,2193,2193,2193,2193,2193,2193,2193,0.03769683837890625,0.08257293701171875,0.31304168701171875,0.0560455322265625,0.02916717529296875,0.0301666259765625,0.4829254150390625,0.753326416015625,0.684417724609375,0.4062347412109375,0.6259765625,0.24996185302734375,286.690185546875,7808.054931640625,7274.334533691406,16.22467041015625,16919126016,28991029248,5334106112,0
200,1771951016669,2193,2193,2193,2193,2193,2193,2193,2193,2193,2193,2193,2193,0,0.5945816040039063,0.93017578125,0.28043365478515625,0.7767181396484375,0,2.0971908569335938,3.737396240234375,0.8415985107421875,0.5215682983398438,1.0074234008789063,0.193603515625,286.8221435546875,7809.698974609375,7275.9437255859375,16.22467041015625,16919126016,28991029248,5334867968,0
200,1771951016870,2193,2193,2193,2193,2193,2193,2193,2193,2193,2193,2193,2193,0.39737701416015625,0.16088104248046875,0.8511123657226563,0.20159912109375,0.19329071044921875,0.160736083984375,0.9694290161132813,0.9927749633789063,0.740997314453125,0.5277023315429688,0.7848052978515625,0.26486968994140625,286.9512939453125,7811.244323730469,7277.4117431640625,16.2259521484375,16919126016,28991029248,5334867968,0
200,1771951017071,2193,2193,2193,2193,2193,2193,2193,2193,2193,2193,2193,2193,0.05106353759765625,0.090118408203125,0.4393310546875,0.1338043212890625,0.02664947509765625,0.04931640625,0.86785888671875,0.704559326171875,1.3351898193359375,0.21137237548828125,0.8823089599609375,0.5772247314453125,287.07916259765625,7812.615051269531,7278.640563964844,16.2259521484375,16919126016,28991029248,5334839296,0
200,1771951017272,2193,2193,2193,2193,2193,2193,2193,2193,2193,2193,2193,2193,0.2769927978515625,0.11211395263671875,1.391998291015625,0.397369384765625,0.1292877197265625,0.021759033203125,0.857574462890625,1.8285980224609375,1.3403244018554688,0.584808349609375,0.6931838989257813,2.536865234375,287.21429443359375,7814.086120605469,7279.944091796875,16.22705078125,16919126016,28991029248,5334151168,0
199,1771951017472,2193,2193,2193,2193,2193,2193,2193,2193,2193,2193,2193,2193,0.16498565673828125,0.1671295166015625,0.3908233642578125,0.1363372802734375,0.03926849365234375,0.08576202392578125,0.626220703125,0.8434295654296875,0.771331787109375,0.5811767578125,0.5732498168945313,0.21407318115234375,287.3406982421875,7815.2630615234375,7281.066833496094,16.22705078125,16919126016,28991029248,5334151168,0
200,1771951017672,2193,2193,2193,2193,2193,2193,2193,2193,2193,2193,2193,2193,0.32773590087890625,0.05641937255859375,0.9339370727539063,0.1361846923828125,0.07071685791015625,0.026336669921875,2.0491867065429688,0.5686187744140625,0.6418304443359375,1.0771713256835938,1.1204452514648438,0.33023834228515625,287.4691162109375,7816.5831298828125,7282.318420410156,16.22705078125,16919126016,28991029248,5335363584,0
200,1771951017873,2193,2193,2193,2193,2193,2193,2193,2193,2193,2193,2193,2193,0.2003936767578125,0.1111907958984375,0.7801361083984375,0.09787750244140625,0.03250885009765625,0.0208892822265625,0.756103515625,0.6314468383789063,0.6302032470703125,2.8796157836914063,0.9701614379882813,0.20662689208984375,287.600341796875,7818.060546875,7283.741394042969,16.22802734375,16919126016,28991029248,5334507520,0
200,1771951018074,2193,2193,2193,2193,2193,2193,2193,2193,2193,2193,2193,2193,0.07266998291015625,0.0955963134765625,0.6256866455078125,0.8304824829101563,0.04579925537109375,0.0383758544921875,2.0814590454101563,1.627166748046875,0.6138763427734375,0.5804367065429688,2.2818145751953125,0.7507858276367188,287.73175048828125,7819.532287597656,7285.159362792969,16.22802734375,16919126016,28991029248,5334208512,0
200,1771951018274,2193,2193,2193,2193,2193,2193,2193,2193,2193,2193,2193,2193,0.112701416015625,0.05258941650390625,0.8060379028320313,0.0953521728515625,0.10083770751953125,0.06455230712890625,0.7261428833007813,0.7307281494140625,0.6626358032226563,1.0423583984375,0.7653656005859375,2.1950149536132813,287.8626708984375,7821.237609863281,7286.7177734375,16.2288818359375,16919126016,28991029248,5333839872,0
200,1771951018475,2193,2193,2193,2193,2193,2193,2193,2193,2193,2193,2193,2193,0.1847076416015625,0.00348663330078125,0.7009506225585938,0.26828765869140625,0.11238861083984375,0.0033416748046875,0.6792678833007813,0.8774795532226563,0.6263351440429688,1.0642318725585938,0.5276565551757813,0.207183837890625,287.99139404296875,7822.643493652344,7288.042236328125,16.2288818359375,16919126016,28991029248,5333618688,0
200,1771951018676,2193,2193,2193,2193,2193,2193,2193,2193,2193,2193,2193,2193,0,0.00732421875,0.7273635864257813,0.06099700927734375,0.15743255615234375,0,0.8283309936523438,1.1465377807617188,1.705108642578125,0.271209716796875,0.6597824096679688,0.06658172607421875,288.11944580078125,7823.938903808594,7289.254089355469,16.2288818359375,16919126016,28991029248,5334876160,0
200,1771951018876,2193,2193,2193,2193,2193,2193,2193,2193,2193,2193,2193,2193,0.3594207763671875,0.20291900634765625,1.256683349609375,0.338104248046875,0.19156646728515625,0.2003326416015625,0.9472198486328125,3.9335784912109375,0.7382736206054688,0.5516357421875,0.7876815795898438,0.5423736572265625,288.251708984375,7825.657653808594,7290.927795410156,16.229736328125,16919126016,28991029248,5334249472,0
200,1771951019077,2193,2193,2193,2193,2193,2193,2193,2193,2193,2193,2193,2193,0.12827301025390625,0.1465301513671875,0.9369735717773438,0.19396209716796875,0.08483123779296875,0.055755615234375,0.85498046875,1.2803573608398438,0.7067108154296875,0.745361328125,0.8871994018554688,0.28522491455078125,288.3797607421875,7826.849365234375,7291.9786376953125,16.229736328125,16919126016,28991029248,5333737472,0
200,1771951019277,2193,2193,2193,2193,2193,2193,2193,2193,2193,2193,2193,2193,0.07317352294921875,0.03119659423828125,0.46973419189453125,0.33147430419921875,0.2804107666015625,0.08535003662109375,0.6088943481445313,0.8991851806640625,2.4010696411132813,0.5291824340820313,0.6630477905273438,0.4206695556640625,288.50927734375,7828.161682128906,7293.150573730469,16.229736328125,16919126016,28991029248,5333356544,0
200,1771951019478,2193,2193,2193,2193,2193,2193,2193,2193,2193,2193,2193,2193,0.23046112060546875,0.068267822265625,1.3197708129882813,0.175994873046875,0.0335845947265625,0.05635833740234375,0.632476806640625,0.9309005737304688,1.4659194946289063,1.1685867309570313,0.7259597778320313,0.15785980224609375,288.63946533203125,7829.896301269531,7294.908203125,16.23101806640625,16919126016,28991029248,5333356544,0
200,1771951019679,2193,2193,2193,2193,2193,2193,2193,2193,2193,2193,2193,2193,0.24527740478515625,0,1.1909408569335938,0,0,0,2.1167984008789063,0.4657135009765625,0.49463653564453125,0.0659637451171875,0.5632858276367188,0,288.7679443359375,7831.482482910156,7296.403259277344,16.23101806640625,16919126016,28991029248,5334302720,0
200,1771951019879,2193,2193,2193,2193,2193,2193,2193,2193,2193,2193,2193,2193,0.49273681640625,0.335906982421875,0.9688034057617188,3.5532760620117188,0.342193603515625,0.37033843994140625,1.319580078125,0.9888076782226563,0.861968994140625,0.70269775390625,0.83697509765625,0.4740753173828125,288.90008544921875,7833.093444824219,7297.8330078125,16.23199462890625,16919126016,28991029248,5333643264,0
200,1771951020080,2193,2193,2193,2193,2193,2193,2193,2193,2193,2193,2193,2193,0.4688873291015625,0.3187255859375,2.3432388305664063,0.9883804321289063,0.42626190185546875,0.0984649658203125,3.547943115234375,0.5949249267578125,0.5991592407226563,2.563751220703125,1.0654067993164063,0.6825637817382813,289.034423828125,7834.5457763671875,7299.197692871094,16.23199462890625,16919126016,28991029248,5334487040,0
200,1771951020281,2193,2193,2193,2193,2193,2193,2193,2193,2193,2193,2193,2193,0.071380615234375,0.0840301513671875,2.397125244140625,0.18552398681640625,0.08373260498046875,0.03479766845703125,0.6100921630859375,1.1074905395507813,0.45966339111328125,0.391815185546875,0.7574920654296875,0.12529754638671875,289.16387939453125,7835.8314208984375,7300.368469238281,16.23199462890625,16919126016,28991029248,5334134784,0
200,1771951020481,2193,2193,2193,2193,2193,2193,2193,2193,2193,2193,2193,2193,0.20249176025390625,0.08885955810546875,0.787689208984375,0.11478424072265625,0.03061676025390625,0.03681182861328125,0.7945785522460938,0.9614105224609375,0.7863922119140625,0.8034744262695313,1.0758438110351563,0.1869049072265625,289.29254150390625,7837.2359619140625,7301.745666503906,16.23284912109375,16919126016,28991029248,5334077440,0
200,1771951020681,2193,2193,2193,2193,2193,2193,2193,2193,2193,2193,2193,2193,0.24090576171875,0.10819244384765625,0.7652053833007813,0.38100433349609375,0.0321044921875,0.0284576416015625,2.0408782958984375,0.9336624145507813,0.93560791015625,0.76715087890625,0.67193603515625,0.18578338623046875,289.42132568359375,7838.779113769531,7303.178649902344,16.23284912109375,16919126016,28991029248,5335224320,0
200,1771951020882,2193,2193,2193,2193,2193,2193,2193,2193,2193,2193,2193,2193,0.2388153076171875,0.065338134765625,0.8733901977539063,3.2890167236328125,0.0520782470703125,0.04186248779296875,1.0253372192382813,0.6348190307617188,0.9148025512695313,0.395355224609375,0.7398223876953125,0.9708175659179688,289.55450439453125,7840.236572265625,7304.561462402344,16.234619140625,16919126016,28991029248,5334814720,0
200,1771951021082,2193,2193,2193,2193,2193,2193,2193,2193,2193,2193,2193,2193,0.24135589599609375,0.01364898681640625,0.899566650390625,0.44011688232421875,0.070404052734375,0.0399627685546875,0.5715560913085938,0.610321044921875,1.1777420043945313,0.7904434204101563,0.8967208862304688,0.17603302001953125,289.6844482421875,7841.925231933594,7306.1864013671875,16.23577880859375,16919126016,28991029248,5333094400,0
200,1771951021283,2193,2193,2193,2193,2193,2193,2193,2193,2193,2193,2193,2193,0.997833251953125,0.05777740478515625,2.4206314086914063,0.772064208984375,0.04022979736328125,0.3193359375,0.6393661499023438,0.7246627807617188,0.9894561767578125,1.5626754760742188,0.596343994140625,1.0213088989257813,289.81561279296875,7843.397033691406,7307.524108886719,16.23577880859375,16919126016,28991029248,5332770816,0
200,1771951021484,2193,2193,2193,2193,2193,2193,2193,2193,2193,2193,2193,2193,0.12355804443359375,0.02734375,0.8745498657226563,0.04581451416015625,0,0.0139923095703125,0.5945205688476563,0.9717636108398438,0.70831298828125,0.6177749633789063,0.6841583251953125,0.1240997314453125,289.9442138671875,7844.412048339844,7308.425231933594,16.2369384765625,16919126016,28991029248,5332758528,0
200,1771951021685,2193,2193,2193,2193,2193,2193,2193,2193,2193,2193,2193,2193,0,0,0.8408050537109375,0,0.31130218505859375,0,0.700439453125,0.7262802124023438,0.526458740234375,0.08011627197265625,2.179534912109375,0.0365447998046875,290.072509765625,7845.773742675781,7309.757385253906,16.2369384765625,16919126016,28991029248,5334278144,0
200,1771951021886,2193,2193,2193,2193,2193,2193,2193,2193,2193,2193,2193,2193,0.2660064697265625,0.2862701416015625,0.6399612426757813,0.2631683349609375,0.27631378173828125,0.2404632568359375,0.7284469604492188,3.8970489501953125,0.7932815551757813,0.9274826049804688,0.630157470703125,0.4125518798828125,290.20208740234375,7847.0235595703125,7310.892883300781,16.2369384765625,16919126016,28991029248,5333655552,0
200,1771951022086,2193,2193,2193,2193,2193,2193,2193,2193,2193,2193,2193,2193,0.4142303466796875,0.2109527587890625,3.63818359375,1.83819580078125,0.25738525390625,0.15674591064453125,18.954452514648438,18.592941284179688,1.0121841430664063,4.101936340332031,1.48321533203125,0.79638671875,290.3463134765625,7849.8887939453125,7313.6451416015625,16.23828125,16919126016,28991029248,5330178048,0
199,1771951022286,2193,2193,2193,2193,2193,2193,2193,2193,2193,2193,2193,2193,4.870269775390625,6.635040283203125,21.989784240722656,18.032699584960938,7.010078430175781,11.304115295410156,12.733238220214844,22.650611877441406,17.840736389160156,19.11138153076172,18.46947479248047,27.926910400390625,290.53436279296875,7860.892395019531,7324.3970947265625,16.23828125,16919126016,28991029248,5355241472,0
200,1771951022486,2193,2193,2193,2193,2193,2193,2193,2193,2193,2193,2193,2193,0.738250732421875,46.057281494140625,3.51788330078125,20.511627197265625,0.65606689453125,40.55113983154297,2.62103271484375,47.394615173339844,5.313392639160156,27.240188598632813,7.212974548339844,44.98872375488281,290.73822021484375,7874.570251464844,7337.632995605469,16.23828125,16919126016,28991029248,5363232768,0
200,1771951022687,2193,2193,2193,2193,2193,2193,2193,2193,2193,2193,2193,2193,0.807647705078125,23.41022491455078,5.938720703125,8.074234008789063,1.4236297607421875,1.4620590209960938,3.288116455078125,31.875625610351563,5.615898132324219,5.789222717285156,3.0675888061523438,29.55571746826172,290.91119384765625,7882.436279296875,7345.173400878906,16.23944091796875,16919126016,28991029248,5375148032,0
200,1771951022887,2193,2193,2193,2193,2193,2193,2193,2193,2193,2193,2193,2193,0,0.0246734619140625,2.5343856811523438,0.7614059448242188,0.0341644287109375,0,0.6820907592773438,1.1426315307617188,0.3327789306640625,0.2194061279296875,0.8799209594726563,3.4689483642578125,291.04217529296875,7883.8046875,7346.524719238281,16.23944091796875,16919126016,28991029248,5374590976,0
200,1771951023088,2193,2193,2193,2193,2193,2193,2193,2193,2193,2193,2193,2193,0.34828948974609375,0.36983489990234375,0.8584518432617188,0.28937530517578125,0.2772064208984375,0.119873046875,1.0400772094726563,1.8349685668945313,1.50164794921875,1.225494384765625,2.6099166870117188,0.5895233154296875,291.176025390625,7885.603698730469,7348.16259765625,16.2403564453125,16919126016,28991029248,5373493248,0
200,1771951023289,2193,2193,2193,2193,2193,2193,2193,2193,2193,2193,2193,2193,0.08992767333984375,0.140411376953125,2.4754867553710938,0.26758575439453125,0.06179046630859375,0.11661529541015625,0.7220382690429688,1.3181076049804688,2.4646835327148438,0.37976837158203125,0.5104751586914063,0.16949462890625,291.30767822265625,7887.07275390625,7349.5487060546875,16.2403564453125,16919126016,28991029248,5366018048,0
200,1771951023489,2193,2193,2193,2193,2193,2193,2193,2193,2193,2193,2193,2193,0.31095123291015625,16.90997314453125,2.2751617431640625,0.7988052368164063,0.588470458984375,1.175994873046875,1.9435272216796875,2.6690902709960938,3.0516815185546875,3.9164352416992188,9.7052001953125,4.1552886962890625,291.443359375,7891.116882324219,7353.488586425781,16.2423095703125,16919126016,28991029248,5364355072,0
200,1771951023689,2193,2193,2193,2193,2193,2193,2193,2193,2193,2193,2193,2193,0.8329696655273438,42.29684066772461,5.278228759765625,1.649261474609375,0.5726242065429688,0.11708831787109375,5.823738098144531,12.04913330078125,1.8873367309570313,9.435134887695313,4.124847412109375,15.123558044433594,291.60052490234375,7898.6168212890625,7360.6253662109375,16.2432861328125,16919126016,28991029248,5369614336,0
200,1771951023889,2193,2193,2193,2193,2193,2193,2193,2193,2193,2193,2193,2193,0.01891326904296875,18.715171813964844,3.9976959228515625,4.214439392089844,0.02330780029296875,0.27783203125,1.24224853515625,51.019561767578125,1.9706954956054688,6.0411529541015625,2.1221694946289063,6.4020843505859375,291.74774169921875,7911.9075927734375,7373.505554199219,16.2432861328125,16919126016,28991029248,5363900416,0
200,1771951024090,2193,2193,2193,2193,2193,2193,2193,2193,2193,2193,2193,2193,2.0290985107421875,30.840126037597656,8.431930541992188,5.1390228271484375,1.65545654296875,1.4523239135742188,3.0831375122070313,21.29100799560547,12.498458862304688,11.81787109375,4.05316162109375,19.526657104492188,291.91064453125,7923.2950439453125,7384.5213623046875,16.2432861328125,16919126016,28991029248,5364199424,0
200,1771951024290,2193,2193,2193,2193,2193,2193,2193,2193,2193,2193,2193,2193,2.2254562377929688,0.5921859741210938,4.052085876464844,6.8202972412109375,0.47344207763671875,33.04789733886719,3.6512069702148438,3.6367416381835938,9.327285766601563,1.285308837890625,8.747322082519531,1.1032257080078125,292.05322265625,7928.7711181640625,7389.8070068359375,16.2442626953125,16919126016,28991029248,5376495616,0
200,1771951024491,2193,2193,2193,2193,2193,2193,2193,2193,2193,2193,2193,2193,5.195106506347656,3.9147872924804688,4.6520843505859375,1.7476806640625,0.42316436767578125,5.050323486328125,2.21868896484375,7.2324066162109375,5.622161865234375,6.069549560546875,1.7234115600585938,21.837562561035156,292.198974609375,7935.055480957031,7395.786865234375,16.24560546875,16919126016,28991029248,5376110592,0
200,1771951024691,2193,2193,2193,2193,2193,2193,2193,2193,2193,2193,2193,2193,3.9004440307617188,2.1746444702148438,2.1193161010742188,0.8888931274414063,0.19420623779296875,1.2580337524414063,5.605476379394531,4.818702697753906,1.0245742797851563,5.736412048339844,4.187141418457031,3.4264373779296875,292.34088134765625,7938.367126464844,7398.95166015625,16.24652099609375,16919126016,28991029248,5382209536,0
200,1771951024892,2193,2193,2193,2193,2193,2193,2193,2193,2193,2193,2193,2193,0,0,0.92535400390625,0.6894454956054688,0,0.0167083740234375,0.4640960693359375,3.6330642700195313,0.276153564453125,0.36980438232421875,0.39682769775390625,1.7870330810546875,292.47430419921875,7939.924255371094,7400.368591308594,16.24652099609375,16919126016,28991029248,5377429504,0
200,1771951025092,2193,2193,2193,2193,2193,2193,2193,2193,2193,2193,2193,2193,0.35169219970703125,0.39759063720703125,0.8155899047851563,0.749786376953125,0.36486053466796875,0.38372039794921875,1.0125656127929688,1.423736572265625,1.0869064331054688,0.8967666625976563,1.0276870727539063,0.6123275756835938,292.60040283203125,7941.306823730469,7401.6871337890625,16.24652099609375,16919126016,28991029248,5376815104,0
200,1771951025293,2193,2193,2193,2193,2193,2193,2193,2193,2193,2193,2193,2193,0.35495758056640625,0.3271026611328125,3.1084060668945313,0.21846771240234375,0.208099365234375,0.18453216552734375,0.5623626708984375,0.8230361938476563,0.9135284423828125,0.51641845703125,1.1089706420898438,0.4806365966796875,292.73345947265625,7943.1148681640625,7403.364440917969,16.24761962890625,16919126016,28991029248,5376339968,0
200,1771951025493,2193,2193,2193,2193,2193,2193,2193,2193,2193,2193,2193,2193,0.2735137939453125,0.35665130615234375,0.78936767578125,0.35201263427734375,0.167327880859375,0.3545074462890625,1.6651687622070313,1.4757919311523438,1.2063217163085938,0.8888702392578125,1.0956954956054688,0.42807769775390625,292.86309814453125,7944.396667480469,7404.4508056640625,16.24761962890625,16919126016,28991029248,5375197184,0
200,1771951025694,2193,2193,2193,2193,2193,2193,2193,2193,2193,2193,2193,2193,0.5968856811523438,0.10117340087890625,0.9393310546875,0.42847442626953125,0.113189697265625,0.21600341796875,0.8863983154296875,1.1066970825195313,2.491943359375,0.5133514404296875,0.9013519287109375,0.38152313232421875,292.99310302734375,7946.21875,7406.1971435546875,16.24847412109375,16919126016,28991029248,5375590400,0
200,1771951025894,2193,2193,2193,2193,2193,2193,2193,2193,2193,2193,2193,2193,0.29012298583984375,0.0446014404296875,0.8019790649414063,3.3279037475585938,0.8660888671875,0.03672027587890625,0.715911865234375,0.732330322265625,1.0083847045898438,0.42009735107421875,0.7962875366210938,0.3127288818359375,293.1251220703125,7947.8433837890625,7407.789245605469,16.24847412109375,16919126016,28991029248,5374767104,0
200,1771951026095,2193,2193,2193,2193,2193,2193,2193,2193,2193,2193,2193,2193,0.42435455322265625,0.36391448974609375,4.996421813964844,2.741729736328125,0.5484390258789063,0.33428955078125,2.831298828125,1.4566421508789063,5.853759765625,0.8764877319335938,9.614616394042969,1.403533935546875,293.26251220703125,7951.53515625,7411.352294921875,16.24847412109375,16919126016,28991029248,5374988288,0
200,1771951026295,2193,2193,2193,2193,2193,2193,2193,2193,2193,2193,2193,2193,1.04400634765625,0.3513946533203125,4.0496063232421875,0.8496475219726563,0.0852203369140625,0.06493377685546875,1.2318878173828125,0.6934127807617188,5.126808166503906,1.3347549438476563,3.3440780639648438,0.7047805786132813,293.4005126953125,7954.393859863281,7413.996826171875,16.24945068359375,16919126016,28991029248,5374619648,0
200,1771951026496,2193,2193,2193,2193,2193,2193,2193,2193,2193,2193,2193,2193,0.206695556640625,0.25787353515625,0.5283660888671875,0.21382904052734375,0.16374969482421875,0.1436004638671875,0.6375045776367188,0.5443801879882813,0.8893966674804688,0.64483642578125,1.1509628295898438,0.37319183349609375,293.52801513671875,7955.7930908203125,7415.320556640625,16.24945068359375,16919126016,28991029248,5374611456,0
200,1771951026696,2193,2193,2193,2193,2193,2193,2193,2193,2193,2193,2193,2193,0.3996124267578125,0.15313720703125,0.7267532348632813,0.143402099609375,0.46520233154296875,0.07976531982421875,0.7725753784179688,2.175262451171875,0.644744873046875,1.0141067504882813,0.59967041015625,0.25481414794921875,293.65576171875,7956.850158691406,7416.351989746094,16.24945068359375,16919126016,28991029248,5375909888,0
200,1771951026897,2193,2193,2193,2193,2193,2193,2193,2193,2193,2193,2193,2193,0.12631988525390625,0,0.8762741088867188,0.226165771484375,0.0078277587890625,0.19439697265625,3.9847946166992188,3.222381591796875,0.72027587890625,0.7340927124023438,0.6578445434570313,0.22815704345703125,293.7916259765625,7958.5947265625,7417.981872558594,16.25079345703125,16919126016,28991029248,5374967808,0
200,1771951027097,2193,2193,2193,2193,2193,2193,2193,2193,2193,2193,2193,2193,0.500579833984375,0.238922119140625,0.6651992797851563,0.23882293701171875,0.432708740234375,0.5701446533203125,0.8303604125976563,0.845672607421875,0.7284317016601563,0.651885986328125,1.411834716796875,0.3083343505859375,293.91876220703125,7959.871765136719,7419.162170410156,16.25079345703125,16919126016,28991029248,5372903424,0
200,1771951027298,2193,2193,2193,2193,2193,2193,2193,2193,2193,2193,2193,2193,0.19498443603515625,0.13372802734375,2.84686279296875,0.1755828857421875,0.18296051025390625,0.082855224609375,0.7467727661132813,0.9538726806640625,0.6681594848632813,0.4965667724609375,1.1344985961914063,0.1240081787109375,294.049560546875,7961.331481933594,7420.521911621094,16.251953125,16919126016,28991029248,5372588032,0
200,1771951027498,2193,2193,2193,2193,2193,2193,2193,2193,2193,2193,2193,2193,0.21938323974609375,0.13543701171875,0.7449722290039063,0.07123565673828125,0.1697845458984375,0.05821990966796875,0.74652099609375,1.3499755859375,0.8754730224609375,0.448333740234375,0.996856689453125,0.41797637939453125,294.17877197265625,7962.946105957031,7422.048400878906,16.251953125,16919126016,28991029248,5372522496,0
200,1771951027699,2193,2193,2193,2193,2193,2193,2193,2193,2193,2193,2193,2193,0.07715606689453125,0.015838623046875,0.3718719482421875,0.0980224609375,0.06739044189453125,0.01653289794921875,0.6578216552734375,0.5779800415039063,0.653045654296875,0.47174072265625,1.0014572143554688,0.15161895751953125,294.30487060546875,7964.1329345703125,7423.207275390625,16.251953125,16919126016,28991029248,5372510208,0
200,1771951027899,2193,2193,2193,2193,2193,2193,2193,2193,2193,2193,2193,2193,0.270599365234375,0.34931182861328125,2.9835052490234375,1.027313232421875,0.4136962890625,0.6035308837890625,2.1924285888671875,5.861480712890625,2.0858001708984375,1.9433517456054688,2.1288986206054688,1.6681060791015625,294.44219970703125,7966.4163818359375,7425.455261230469,16.253173828125,16919126016,28991029248,5374218240,0
200,1771951028100,2193,2193,2193,2193,2193,2193,2193,2193,2193,2193,2193,2193,0.0329742431640625,0.10152435302734375,0.6347808837890625,0.1982574462890625,0.093353271484375,0.02227020263671875,1.4200592041015625,1.2898941040039063,0.826416015625,0.29560089111328125,2.2978363037109375,0.231689453125,294.57342529296875,7967.930908203125,7426.784606933594,16.253173828125,16919126016,28991029248,5374124032,0
200,1771951028301,2193,2193,2193,2193,2193,2193,2193,2193,2193,2193,2193,2193,0.9805145263671875,1.50701904296875,3.63311767578125,1.635040283203125,1.3873214721679688,0.18256378173828125,2.5667572021484375,2.7191543579101563,10.306198120117188,0.736236572265625,5.440208435058594,0.69012451171875,294.71148681640625,7970.188232421875,7428.9127197265625,16.253173828125,16919126016,28991029248,5371539456,0
200,1771951028501,2193,2193,2193,2193,2193,2193,2193,2193,2193,2193,2193,2193,0.3427581787109375,0.18233489990234375,0.9942855834960938,0.253509521484375,0.19501495361328125,0.08031463623046875,0.9210586547851563,1.000274658203125,0.7436676025390625,0.6091461181640625,0.7845916748046875,0.20409393310546875,294.84210205078125,7971.983703613281,7430.5902099609375,16.25390625,16919126016,28991029248,5371449344,0
200,1771951028702,2193,2193,2193,2193,2193,2193,2193,2193,2193,2193,2193,2193,0.11971282958984375,0.13506317138671875,0.37593841552734375,0.15329742431640625,0.1220550537109375,0.118865966796875,0.6273727416992188,0.6737594604492188,0.6793365478515625,0.9149322509765625,0.8678054809570313,0.0483245849609375,294.968017578125,7972.919616699219,7431.482482910156,16.25390625,16919126016,28991029248,5371432960,0
200,1771951028902,2193,2193,2193,2193,2193,2193,2193,2193,2193,2193,2193,2193,0.5841903686523438,0.0094757080078125,0.8764114379882813,0.43518829345703125,0.24193572998046875,0.7746429443359375,1.018280029296875,3.8032913208007813,2.8621826171875,0.8000335693359375,0.7555923461914063,0.5990524291992188,295.10333251953125,7974.703552246094,7433.249267578125,16.25518798828125,16919126016,28991029248,5374025728,0
200,1771951029103,2193,2193,2193,2193,2193,2193,2193,2193,2193,2193,2193,2193,0.3280181884765625,0.24091339111328125,0.8359909057617188,0.8494873046875,0.19344329833984375,0.1876678466796875,1.41741943359375,2.3793716430664063,1.0685348510742188,1.338775634765625,1.1623687744140625,0.2931060791015625,295.23388671875,7976.108215332031,7434.4871826171875,16.25518798828125,16919126016,28991029248,5373857792,0
200,1771951029303,2193,2193,2193,2193,2193,2193,2193,2193,2193,2193,2193,2193,0.10614013671875,0.12000274658203125,0.5079498291015625,0.12334442138671875,0.08414459228515625,0.0655364990234375,0.5588226318359375,1.0660171508789063,0.5365753173828125,0.48136138916015625,2.9705734252929688,0.26519775390625,295.36273193359375,7977.466857910156,7435.746276855469,16.25518798828125,16919126016,28991029248,5373542400,0
200,1771951029504,2193,2193,2193,2193,2193,2193,2193,2193,2193,2193,2193,2193,0.4701995849609375,0.1815643310546875,0.9968109130859375,0.22779083251953125,0.147613525390625,0.122406005859375,0.9800872802734375,1.1182174682617188,0.8554840087890625,0.7596435546875,1.2139129638671875,0.32877349853515625,295.493408203125,7978.779357910156,7436.8983154296875,16.25628662109375,16919126016,28991029248,5373227008,0
200,1771951029704,2193,2193,2193,2193,2193,2193,2193,2193,2193,2193,2193,2193,0.38230133056640625,0.0455169677734375,0.49733734130859375,0.53826904296875,0.046112060546875,0.0286865234375,0.5629196166992188,0.8329315185546875,0.6231307983398438,0.4207000732421875,0.99810791015625,0.20038604736328125,295.6202392578125,7979.8565673828125,7437.887878417969,16.25628662109375,16919126016,28991029248,5373198336,0
200,1771951029905,2193,2193,2193,2193,2193,2193,2193,2193,2193,2193,2193,2193,0.3086090087890625,0,0.7047958374023438,3.6234359741210938,0.2447052001953125,0.0465087890625,0.5618820190429688,1.0332489013671875,1.944610595703125,0.44953155517578125,1.2185821533203125,0.324859619140625,295.75238037109375,7981.4356689453125,7439.3253173828125,16.25628662109375,16919126016,28991029248,5374062592,0
200,1771951030106,2193,2193,2193,2193,2193,2193,2193,2193,2193,2193,2193,2193,0.3743896484375,0.42592620849609375,1.089447021484375,0.31383514404296875,0.091033935546875,0.1312713623046875,0.6847381591796875,1.0581741333007813,0.8247222900390625,1.7870864868164063,1.5661773681640625,0.20621490478515625,295.88140869140625,7982.952209472656,7440.770324707031,16.25732421875,16919126016,28991029248,5374013440,0
200,1771951030307,2193,2193,2193,2193,2193,2193,2193,2193,2193,2193,2193,2193,0.03875732421875,0.1221923828125,0.30381011962890625,0.21533966064453125,0.056640625,0.04278564453125,2.412628173828125,0.689605712890625,0.8502044677734375,0.6761093139648438,1.1542587280273438,0.30007171630859375,296.01068115234375,7984.3687744140625,7442.112487792969,16.25732421875,16919126016,28991029248,5373689856,0
200,1771951030507,2193,2193,2193,2193,2193,2193,2193,2193,2193,2193,2193,2193,0.20786285400390625,0.1258697509765625,0.75689697265625,0.25701904296875,0.10515594482421875,0.0511016845703125,0.8875503540039063,0.8779678344726563,0.656280517578125,0.6900711059570313,0.8312530517578125,0.18056488037109375,296.14007568359375,7986.023498535156,7443.679992675781,16.25823974609375,16919126016,28991029248,5373685760,0
200,1771951030708,2193,2193,2193,2193,2193,2193,2193,2193,2193,2193,2193,2193,0.180908203125,0.01190948486328125,0.526824951171875,0.3979339599609375,0.00687408447265625,0.01285552978515625,0.6370773315429688,0.6842117309570313,0.6629409790039063,0.6771392822265625,0.8292465209960938,0.23217010498046875,296.2669677734375,7987.534423828125,7445.1270751953125,16.25823974609375,16919126016,28991029248,5373685760,0
200,1771951030909,2193,2193,2193,2193,2193,2193,2193,2193,2193,2193,2193,2193,0.27440643310546875,0,0.5116424560546875,0,0,0,1.5245208740234375,1.0133285522460938,0.4632720947265625,0.761138916015625,0.6805343627929688,3.014373779296875,296.398681640625,7988.941650390625,7446.4356689453125,16.25823974609375,16919126016,28991029248,5374111744,0
200,1771951031109,2193,2193,2193,2193,2193,2193,2193,2193,2193,2193,2193,2193,0.5234756469726563,0.3491668701171875,1.5598297119140625,0.5871047973632813,0.3597259521484375,0.31531524658203125,0.9434967041015625,1.0807647705078125,0.9381179809570313,1.3447952270507813,1.0365524291992188,0.5024185180664063,296.52899169921875,7990.542663574219,7447.914489746094,16.25909423828125,16919126016,28991029248,5374099456,0
200,1771951031310,2193,2193,2193,2193,2193,2193,2193,2193,2193,2193,2193,2193,2.2867355346679688,1.8460693359375,4.578010559082031,3.6043167114257813,1.1483230590820313,0.594482421875,4.260520935058594,3.2295989990234375,5.812507629394531,5.728523254394531,5.4520263671875,3.3988494873046875,296.67486572265625,7992.952697753906,7450.230163574219,16.25909423828125,16919126016,28991029248,5355311104,0
200,1771951031511,2193,2193,2193,2193,2193,2193,2193,2193,2193,2193,2193,2193,0.044281005859375,0.031982421875,0.272430419921875,0.08144378662109375,0.0197296142578125,0.02789306640625,0.6098175048828125,1.0270614624023438,0.5312118530273438,0.5855560302734375,0.694000244140625,0.132904052734375,296.80181884765625,7994.218811035156,7451.4285888671875,16.25909423828125,16919126016,28991029248,5355307008,0
200,1771951031712,2193,2193,2193,2193,2193,2193,2193,2193,2193,2193,2193,2193,0.205718994140625,0.1023101806640625,0.7722244262695313,0.25896453857421875,0.09539031982421875,0.07033538818359375,0.5435867309570313,0.7664413452148438,0.9092483520507813,0.49591827392578125,1.2641067504882813,0.22031402587890625,296.930419921875,7995.650085449219,7452.8218994140625,16.260009765625,16919126016,28991029248,5355270144,0
200,1771951031912,2193,2193,2193,2193,2193,2193,2193,2193,2193,2193,2193,2193,0.3571929931640625,0.80621337890625,0.6743087768554688,0.28376007080078125,0.7873687744140625,0.2211456298828125,2.2420196533203125,1.8394622802734375,0.4816741943359375,0.4663238525390625,0.909210205078125,0.31790924072265625,297.061279296875,7996.9383544921875,7454.0208740234375,16.260009765625,16919126016,28991029248,5358759936,0
200,1771951032113,2193,2193,2193,2193,2193,2193,2193,2193,2193,2193,2193,2193,0.35546875,0.25994873046875,7.1993255615234375,4.4004669189453125,0.2691192626953125,0.20937347412109375,10.122200012207031,15.5433349609375,6.914955139160156,6.763084411621094,2.4977493286132813,1.22406005859375,297.2099609375,7999.9022216796875,7456.872985839844,16.26116943359375,16919126016,28991029248,5353730048,0
200,1771951032314,2193,2193,2193,2193,2193,2193,2193,2193,2193,2193,2193,2193,0.2324981689453125,0.1482086181640625,0.7523880004882813,0.9492568969726563,0.602081298828125,0.04161834716796875,1.846710205078125,2.2774734497070313,0.6204910278320313,0.555419921875,3.0406341552734375,1.7337265014648438,297.3453369140625,8001.498840332031,7458.324157714844,16.26116943359375,16919126016,28991029248,5348884480,0
200,1771951032514,2193,2193,2193,2193,2193,2193,2193,2193,2193,2193,2193,2193,0.19207763671875,0.1988983154296875,0.454437255859375,0.281585693359375,0.20537567138671875,0.19182586669921875,0.8007278442382813,1.1418914794921875,0.8693161010742188,0.67425537109375,0.9775619506835938,0.27207183837890625,297.47186279296875,8002.772155761719,7459.493957519531,16.26116943359375,16919126016,28991029248,5348884480,0
200,1771951032714,2193,2193,2193,2193,2193,2193,2193,2193,2193,2193,2193,2193,0.305023193359375,0.11688995361328125,0.86566162109375,0.8265457153320313,0.08751678466796875,0.2089080810546875,0.819854736328125,1.0074844360351563,0.9520797729492188,1.3052139282226563,2.0898971557617188,0.58416748046875,297.60272216796875,8004.21533203125,7460.885314941406,16.26251220703125,16919126016,28991029248,5348855808,0
200,1771951032915,2193,2193,2193,2193,2193,2193,2193,2193,2193,2193,2193,2193,0.42923736572265625,0.15061187744140625,0.5145187377929688,0.431976318359375,0.776885986328125,0.15105438232421875,2.0412521362304688,1.3435134887695313,1.32745361328125,0.603485107421875,1.0604476928710938,0.24810791015625,297.732666015625,8005.4241943359375,7461.999084472656,16.26251220703125,16919126016,28991029248,5355372544,0
200,1771951033115,2193,2193,2193,2193,2193,2193,2193,2193,2193,2193,2193,2193,0.29203033447265625,0.07251739501953125,0.7026290893554688,3.378021240234375,0.08373260498046875,0.08538055419921875,0.639129638671875,1.3407135009765625,0.8473739624023438,1.00103759765625,2.0520095825195313,1.4948196411132813,297.86480712890625,8006.9715576171875,7463.4808349609375,16.26251220703125,16919126016,28991029248,5353791488,0
200,1771951033316,2193,2193,2193,2193,2193,2193,2193,2193,2193,2193,2193,2193,0.16327667236328125,0.17194366455078125,0.6869354248046875,0.09674072265625,0.22168731689453125,0,0.991455078125,1.6955337524414063,0.34394073486328125,0.520172119140625,0.7658767700195313,1.71551513671875,297.9979248046875,8008.581604003906,7465.09130859375,16.2635498046875,16919126016,28991029248,5353095168,0
200,1771951033516,2193,2193,2193,2193,2193,2193,2193,2193,2193,2193,2193,2193,0.247894287109375,0.2630615234375,0.6314849853515625,0.29409027099609375,0.24021148681640625,0.24524688720703125,0.622100830078125,1.0268936157226563,0.7827911376953125,0.7154922485351563,1.5031280517578125,0.3329010009765625,298.12359619140625,8010.02783203125,7466.4002685546875,16.2635498046875,16919126016,28991029248,5353095168,0
200,1771951033717,2193,2193,2193,2193,2193,2193,2193,2193,2193,2193,2193,2193,0.3486785888671875,0.19371795654296875,0.8740386962890625,0.180267333984375,0.3067779541015625,0.06467437744140625,0.6287918090820313,0.9392547607421875,0.8018875122070313,0.9599838256835938,0.9287948608398438,0.36850738525390625,298.2545166015625,8011.4046630859375,7467.639892578125,16.264404296875,16919126016,28991029248,5352632320,0
200,1771951033918,2193,2193,2193,2193,2193,2193,2193,2193,2193,2193,2193,2193,0.0326690673828125,0.22866058349609375,1.5823287963867188,0.4613494873046875,0.06926727294921875,0.04187774658203125,0.598785400390625,1.1135101318359375,0.47409820556640625,0.46921539306640625,1.2518386840820313,0.2255706787109375,298.3826904296875,8012.7177734375,7468.8546142578125,16.264404296875,16919126016,28991029248,5354696704,0
200,1771951034118,2193,2193,2193,2193,2193,2193,2193,2193,2193,2193,2193,2193,0.0713958740234375,0.0648040771484375,0.43509674072265625,3.42144775390625,0.08725738525390625,0.25429534912109375,0.6544113159179688,1.3065872192382813,0.5809249877929688,0.3826141357421875,0.6105575561523438,0.5751419067382813,298.51226806640625,8014.227966308594,7470.3653564453125,16.264404296875,16919126016,28991029248,5353934848,0
200,1771951034319,2193,2193,2193,2193,2193,2193,2193,2193,2193,2193,2193,2193,0.3199615478515625,0.2287139892578125,2.6499252319335938,0.46605682373046875,0.41280364990234375,0.135223388671875,0.5295257568359375,1.8331985473632813,0.8529739379882813,0.7164077758789063,0.7364044189453125,0.166534423828125,298.64654541015625,8016.306579589844,7472.266174316406,16.26544189453125,16919126016,28991029248,5353377792,0
200,1771951034519,2193,2193,2193,2193,2193,2193,2193,2193,2193,2193,2193,2193,0.1279449462890625,0.03359222412109375,0.32607269287109375,0.22972869873046875,0.04827117919921875,0.04897308349609375,0.6378173828125,0.8216629028320313,1.43182373046875,1.2136306762695313,1.1335601806640625,0.38956451416015625,298.77386474609375,8017.556823730469,7473.4534912109375,16.26544189453125,16919126016,28991029248,5353353216,0
200,1771951034720,2193,2193,2193,2193,2193,2193,2193,2193,2193,2193,2193,2193,0.16223907470703125,0.09455108642578125,0.977447509765625,0.3161468505859375,0.048919677734375,0.1433258056640625,0.5737838745117188,0.73138427734375,0.81939697265625,1.0685043334960938,0.8450088500976563,0.5980987548828125,298.9029541015625,8018.810791015625,7474.571228027344,16.266357421875,16919126016,28991029248,5353353216,0
199,1771951034921,2193,2193,2193,2193,2193,2193,2193,2193,2193,2193,2193,2193,0,0,0,0.13927459716796875,0,0,0,0.40319061279296875,0.17031097412109375,0.14675140380859375,2.17962646484375,0,299.03271484375,8020.150207519531,7475.858825683594,16.266357421875,16919126016,28991029248,5354700800,0
200,1771951035121,2193,2193,2193,2193,2193,2193,2193,2193,2193,2193,2193,2193,0.61724853515625,0.5733184814453125,0.9053802490234375,3.8687515258789063,0.5559616088867188,0.5902252197265625,1.1607437133789063,1.404144287109375,1.422393798828125,0.9205398559570313,1.392578125,1.0954742431640625,299.162109375,8021.5574951171875,7477.196105957031,16.266357421875,16919126016,28991029248,5353918464,0
200,1771951035321,2193,2193,2193,2193,2193,2193,2193,2193,2193,2193,2193,2193,0.303497314453125,0.03760528564453125,0.9658050537109375,0.15341949462890625,0.0673828125,0.0278778076171875,0.8096923828125,1.33184814453125,0.5935287475585938,0.4822540283203125,2.6082839965820313,0.36469268798828125,299.29449462890625,8023.199768066406,7478.712219238281,16.26751708984375,16919126016,28991029248,5353385984,0
200,1771951035522,2193,2193,2193,2193,2193,2193,2193,2193,2193,2193,2193,2193,0.04615020751953125,0.0848236083984375,0.41687774658203125,0.1319122314453125,0.1159210205078125,0.08831024169921875,0.5413131713867188,0.7933807373046875,0.9386062622070313,0.6812057495117188,0.972686767578125,0.284210205078125,299.42138671875,8024.5833740234375,7479.990234375,16.26751708984375,16919126016,28991029248,5353345024,0
200,1771951035723,2193,2193,2193,2193,2193,2193,2193,2193,2193,2193,2193,2193,0.19441986083984375,0.06977081298828125,1.6105880737304688,0.36122894287109375,0.16481781005859375,0.0310516357421875,1.1225204467773438,1.1993179321289063,0.936370849609375,0.5401535034179688,1.5153961181640625,0.355499267578125,299.54962158203125,8025.9188232421875,7481.250793457031,16.26751708984375,16919126016,28991029248,5353345024,0
200,1771951035923,2193,2193,2193,2193,2193,2193,2193,2193,2193,2193,2193,2193,0.38147735595703125,0.0666351318359375,1.6538314819335938,0.30756378173828125,0.18122100830078125,0.02178192138671875,1.8434219360351563,1.115814208984375,0.6164169311523438,0.5452957153320313,1.1457138061523438,0.24286651611328125,299.680419921875,8027.502380371094,7482.758239746094,16.268798828125,16919126016,28991029248,5353897984,0
200,1771951036124,2193,2193,2193,2193,2193,2193,2193,2193,2193,2193,2193,2193,0,0,0.97412109375,1.8419876098632813,0,0,1.1590576171875,2.18365478515625,1.03009033203125,0.6537246704101563,0.7241744995117188,3.430938720703125,299.813720703125,8029.019104003906,7484.237060546875,16.268798828125,16919126016,28991029248,5352943616,0
200,1771951036324,2193,2193,2193,2193,2193,2193,2193,2193,2193,2193,2193,2193,1.6331939697265625,0.38320159912109375,2.4898147583007813,1.7540359497070313,0.6378860473632813,0.7777252197265625,1.6822662353515625,4.101722717285156,4.272026062011719,4.032501220703125,1.8393630981445313,1.2377243041992188,299.9576416015625,8031.476379394531,7486.42138671875,16.27001953125,16919126016,28991029248,5341454336,0
200,1771951036525,2193,2193,2193,2193,2193,2193,2193,2193,2193,2193,2193,2193,0.236907958984375,0.04730987548828125,0.5336837768554688,0.1169586181640625,0.03369903564453125,0.03813934326171875,0.6235733032226563,0.9101791381835938,0.664154052734375,0.6327438354492188,1.165679931640625,0.15010833740234375,300.08526611328125,8032.6439208984375,7487.514343261719,16.27001953125,16919126016,28991029248,5341433856,0
200,1771951036725,2193,2193,2193,2193,2193,2193,2193,2193,2193,2193,2193,2193,0.08782958984375,0.08050537109375,0.5801239013671875,0.3546600341796875,0.15013885498046875,0.13144683837890625,0.734100341796875,1.297821044921875,0.530426025390625,0.5184097290039063,0.7927169799804688,0.105926513671875,300.2113037109375,8033.823974609375,7488.6962890625,16.27001953125,16919126016,28991029248,5341163520,0
200,1771951036926,2193,2193,2193,2193,2193,2193,2193,2193,2193,2193,2193,2193,0.28975677490234375,0.43015289306640625,1.0909042358398438,0,0,0,1.8904190063476563,0.5357437133789063,1.080352783203125,0.6969528198242188,0.935577392578125,0,300.34442138671875,8035.4654541015625,7490.2056884765625,16.27105712890625,16919126016,28991029248,5344210944,0
200,1771951037127,2193,2193,2193,2193,2193,2193,2193,2193,2193,2193,2193,2193,0.612884521484375,0.71258544921875,1.12188720703125,0.6874847412109375,0.8285140991210938,0.6286239624023438,1.0462417602539063,1.2598800659179688,1.1603317260742188,4.693122863769531,1.4157562255859375,0.6184616088867188,300.4752197265625,8036.999755859375,7491.682800292969,16.27105712890625,16919126016,28991029248,5343031296,0
200,1771951037328,2193,2193,2193,2193,2193,2193,2193,2193,2193,2193,2193,2193,0.15866851806640625,0.1346435546875,0.3894805908203125,0.19899749755859375,0.1294097900390625,0.12517547607421875,0.586883544921875,0.90826416015625,0.8105087280273438,2.2972793579101563,1.1898651123046875,0.46485137939453125,300.60430908203125,8038.337341308594,7492.92529296875,16.27105712890625,16919126016,28991029248,5342617600,0
200,1771951037528,2193,2193,2193,2193,2193,2193,2193,2193,2193,2193,2193,2193,0.40517425537109375,0.29534912109375,0.840087890625,0.426177978515625,0.19020843505859375,0.05788421630859375,0.7523117065429688,1.5860671997070313,1.2781906127929688,1.02740478515625,0.9094467163085938,0.23297119140625,300.73455810546875,8039.975036621094,7494.51708984375,16.272216796875,16919126016,28991029248,5342613504,0
200,1771951037728,2193,2193,2193,2193,2193,2193,2193,2193,2193,2193,2193,2193,0.090118408203125,0.1874237060546875,0.31951141357421875,0.267120361328125,0.12290191650390625,0.08477783203125,0.6673202514648438,0.9542465209960938,1.2005996704101563,0.47110748291015625,1.2231063842773438,0.40738677978515625,300.86163330078125,8041.230773925781,7495.676330566406,16.272216796875,16919126016,28991029248,5342478336,0
200,1771951037929,2193,2193,2193,2193,2193,2193,2193,2193,2193,2193,2193,2193,0.2594757080078125,0.2568817138671875,1.2373504638671875,0.21320343017578125,0.038543701171875,0.1255035400390625,1.0760879516601563,1.4312820434570313,0.8763275146484375,0.7947540283203125,2.36468505859375,0.397125244140625,300.9931640625,8042.837219238281,7497.1192626953125,16.273193359375,16919126016,28991029248,5343195136,0
200,1771951038130,2193,2193,2193,2193,2193,2193,2193,2193,2193,2193,2193,2193,0.12808990478515625,0.22281646728515625,2.791717529296875,3.9223098754882813,0.06920623779296875,0.05394744873046875,0.8919143676757813,0.8874282836914063,1.5006866455078125,1.8899307250976563,1.1214141845703125,0.05489349365234375,301.1265869140625,8044.583251953125,7498.8411865234375,16.273193359375,16919126016,28991029248,5342363648,0
200,1771951038330,2193,2193,2193,2193,2193,2193,2193,2193,2193,2193,2193,2193,0.032501220703125,0.35198974609375,0.5841064453125,0.2597808837890625,0.0992889404296875,0.01300811767578125,0.45067596435546875,1.0216751098632813,0.7055206298828125,0.7821807861328125,1.3756103515625,1.8277816772460938,301.2564697265625,8046.0540771484375,7500.1983642578125,16.273193359375,16919126016,28991029248,5341552640,0
200,1771951038531,2193,2193,2193,2193,2193,2193,2193,2193,2193,2193,2193,2193,0.36565399169921875,0.066436767578125,1.0436172485351563,0.7746810913085938,0.0656890869140625,0.0753021240234375,0.7959518432617188,0.7269744873046875,2.0324020385742188,1.3461685180664063,2.3650360107421875,0.54315185546875,301.39019775390625,8047.8916015625,7501.9383544921875,16.276123046875,16919126016,28991029248,5341298688,0
200,1771951038732,2193,2193,2193,2193,2193,2193,2193,2193,2193,2193,2193,2193,0.03234100341796875,0.07863616943359375,0.5042266845703125,0.31690216064453125,0.020233154296875,0.010711669921875,0.633453369140625,0.5635833740234375,0.7383499145507813,1.1331939697265625,0.8035888671875,0.1056976318359375,301.51617431640625,8048.998046875,7503.033447265625,16.276123046875,16919126016,28991029248,5341298688,0
200,1771951038932,2193,2193,2193,2193,2193,2193,2193,2193,2193,2193,2193,2193,0.249755859375,0.03356170654296875,0.5773162841796875,0.33475494384765625,0.0706634521484375,0.24875640869140625,2.8037490844726563,2.0252609252929688,1.002166748046875,1.3258895874023438,1.180908203125,0.44687652587890625,301.6470947265625,8050.775573730469,7504.636291503906,16.276123046875,16919126016,28991029248,5342932992,0
200,1771951039133,2193,2193,2193,2193,2193,2193,2193,2193,2193,2193,2193,2193,0.4844970703125,0.10526275634765625,3.6833419799804688,1.344696044921875,0.3162841796875,0.7824783325195313,1.7941818237304688,1.886871337890625,2.1767120361328125,5.2106781005859375,2.4125747680664063,2.2212600708007813,301.78411865234375,8053.076171875,7506.822998046875,16.27703857421875,16919126016,28991029248,5341933568,0
200,1771951039333,2193,2193,2193,2193,2193,2193,2193,2193,2193,2193,2193,2193,0.0961151123046875,0.111358642578125,0.47577667236328125,0.169952392578125,0.0798187255859375,0.0364227294921875,0.40222930908203125,2.6562423706054688,0.693359375,0.401336669921875,1.1827850341796875,0.36516571044921875,301.9132080078125,8054.3306884765625,7507.983337402344,16.27703857421875,16919126016,28991029248,5341536256,0
200,1771951039534,2193,2193,2193,2193,2193,2193,2193,2193,2193,2193,2193,2193,0.23612213134765625,0.12184906005859375,0.908538818359375,0.20166778564453125,0.09632110595703125,0.039337158203125,0.6358184814453125,1.1379776000976563,0.7211227416992188,0.7958602905273438,1.2133560180664063,0.27880096435546875,302.04345703125,8055.787292480469,7509.3189697265625,16.27813720703125,16919126016,28991029248,5341536256,0
200,1771951039734,2193,2193,2193,2193,2193,2193,2193,2193,2193,2193,2193,2193,0.22917938232421875,0.11820220947265625,0.6392745971679688,0.12363433837890625,0.03549957275390625,0.01630401611328125,0.5503311157226563,0.7100677490234375,0.7822036743164063,0.503326416015625,1.1926498413085938,0.089385986328125,302.1710205078125,8057.056701660156,7510.4632568359375,16.27813720703125,16919126016,28991029248,5341519872,0
200,1771951039935,2193,2193,2193,2193,2193,2193,2193,2193,2193,2193,2193,2193,0,0,0.8172073364257813,0.19072723388671875,0,0,0.8884506225585938,0.57666015625,0.23905181884765625,0.686767578125,0.46595001220703125,0.0392608642578125,302.29998779296875,8058.386474609375,7511.723327636719,16.27813720703125,16919126016,28991029248,5341954048,0
200,1771951040136,2193,2193,2193,2193,2193,2193,2193,2193,2193,2193,2193,2193,0.5898361206054688,0.6791839599609375,1.7177047729492188,0.8855514526367188,0.43100738525390625,0.3764495849609375,1.9592132568359375,4.12335205078125,1.3042144775390625,1.7303924560546875,1.0511093139648438,0.5807266235351563,302.434326171875,8060.0279541015625,7513.288818359375,16.27935791015625,16919126016,28991029248,5341921280,0
200,1771951040337,2193,2193,2193,2193,2193,2193,2193,2193,2193,2193,2193,2193,0.02378082275390625,0.041229248046875,0.5410308837890625,0.169158935546875,0.07513427734375,0.08156585693359375,0.4188385009765625,0.9494552612304688,2.5928497314453125,0.8107528686523438,0.7907638549804688,0.12493896484375,302.56304931640625,8061.378723144531,7514.6270751953125,16.27935791015625,16919126016,28991029248,5341601792,0
200,1771951040537,2193,2193,2193,2193,2193,2193,2193,2193,2193,2193,2193,2193,0.147003173828125,0.05718231201171875,0.7726516723632813,0.2269439697265625,0.13582611083984375,0.084930419921875,0.5860214233398438,0.8311843872070313,0.7658157348632813,0.7990493774414063,1.1753921508789063,0.17884063720703125,302.6915283203125,8062.887390136719,7515.936584472656,16.28045654296875,16919126016,28991029248,5341589504,0
200,1771951040738,2193,2193,2193,2193,2193,2193,2193,2193,2193,2193,2193,2193,0.1718597412109375,0.07352447509765625,0.5891571044921875,0.3721160888671875,0.02849578857421875,0.04264068603515625,0.5114974975585938,1.1571884155273438,0.8046035766601563,0.28842926025390625,0.7786483764648438,0.04114532470703125,302.81982421875,8064.454833984375,7517.434387207031,16.28045654296875,16919126016,28991029248,5341589504,0
200,1771951040939,2193,2193,2193,2193,2193,2193,2193,2193,2193,2193,2193,2193,0.05933380126953125,0,0.32544708251953125,0.1949615478515625,0,0,0.8414688110351563,0.6628646850585938,0.25439453125,0.41440582275390625,0.7321243286132813,0,302.94781494140625,8065.621032714844,7518.536376953125,16.28045654296875,16919126016,28991029248,5342146560,0
200,1771951041139,2193,2193,2193,2193,2193,2193,2193,2193,2193,2193,2193,2193,0.562042236328125,0.3965301513671875,2.0250778198242188,3.725616455078125,0.417816162109375,0.36547088623046875,1.1821670532226563,1.1784210205078125,1.9251708984375,1.15594482421875,1.179473876953125,0.85552978515625,303.08050537109375,8067.491394042969,7520.3426513671875,16.2816162109375,16919126016,28991029248,5341728768,0
200,1771951041339,2193,2193,2193,2193,2193,2193,2193,2193,2193,2193,2193,2193,0.8841018676757813,0.18819427490234375,1.0807266235351563,1.27984619140625,0.196868896484375,0.32051849365234375,0.6952590942382813,0.6843414306640625,1.2701187133789063,1.1406326293945313,0.9681472778320313,2.2641067504882813,303.2119140625,8069.287292480469,7522.0833740234375,16.2816162109375,16919126016,28991029248,5341405184,0
200,1771951041540,2193,2193,2193,2193,2193,2193,2193,2193,2193,2193,2193,2193,0.1048583984375,0.0692596435546875,0.488250732421875,0.24417877197265625,0.22782135009765625,0.183441162109375,0.8429718017578125,0.8621139526367188,0.7231979370117188,0.7029037475585938,0.8831558227539063,0.193267822265625,303.33880615234375,8070.52587890625,7523.201416015625,16.2816162109375,16919126016,28991029248,5341294592,0
200,1771951041740,2193,2193,2193,2193,2193,2193,2193,2193,2193,2193,2193,2193,0.25023651123046875,0.04393768310546875,0.6755294799804688,0.15312957763671875,0.07070159912109375,0.0884246826171875,0.6838150024414063,0.5636367797851563,0.6735305786132813,0.7535629272460938,0.9878768920898438,0.1482391357421875,303.46783447265625,8071.806091308594,7524.414001464844,16.28240966796875,16919126016,28991029248,5341290496,0
200,1771951041941,2193,2193,2193,2193,2193,2193,2193,2193,2193,2193,2193,2193,0.09453582763671875,0.0810699462890625,0.30434417724609375,0.29486846923828125,0.03998565673828125,0.040985107421875,0.6139678955078125,0.7024154663085938,0.595916748046875,0.5102081298828125,1.24737548828125,0.21529388427734375,303.59405517578125,8072.894226074219,7525.3775634765625,16.28240966796875,16919126016,28991029248,5341282304,0
200,1771951042141,2193,2193,2193,2193,2193,2193,2193,2193,2193,2193,2193,2193,0.9804306030273438,0.27567291259765625,18.84021759033203,12.182273864746094,0.4312896728515625,0.10813140869140625,10.7811279296875,1.6240005493164063,6.134033203125,3.9712600708007813,2.597900390625,2.3885116577148438,303.74560546875,8076.1571044921875,7528.502502441406,16.28338623046875,16919126016,28991029248,5336166400,0
200,1771951042342,2193,2193,2193,2193,2193,2193,2193,2193,2193,2193,2193,2193,0.18152618408203125,0.2976531982421875,0.39110565185546875,0.14043426513671875,0.06008148193359375,0.0257568359375,0.4124755859375,0.6562728881835938,0.39917755126953125,0.4175567626953125,0.93743896484375,1.9452133178710938,303.87469482421875,8077.421630859375,7529.7381591796875,16.28338623046875,16919126016,28991029248,5335846912,0
200,1771951042543,2193,2193,2193,2193,2193,2193,2193,2193,2193,2193,2193,2193,0.0171356201171875,0.0086669921875,0.444427490234375,0,0,0,0.39402008056640625,0.6508255004882813,0.4261016845703125,0.3444671630859375,1.2836761474609375,0.07740020751953125,304.00128173828125,8078.8243408203125,7531.056945800781,16.28338623046875,16919126016,28991029248,5335842816,0
200,1771951042743,2193,2193,2193,2193,2193,2193,2193,2193,2193,2193,2193,2193,0.38443756103515625,0.22240447998046875,1.4287948608398438,0.4206085205078125,0.26705169677734375,0.28276824951171875,0.9276657104492188,1.0737380981445313,0.9229278564453125,0.728363037109375,1.4074935913085938,0.5730667114257813,304.13079833984375,8080.217956542969,7532.515869140625,16.284423828125,16919126016,28991029248,5335826432,0
200,1771951042944,2193,2193,2193,2193,2193,2193,2193,2193,2193,2193,2193,2193,0.02188873291015625,0.06626129150390625,0.26940155029296875,0.11058807373046875,0.0452728271484375,0.0331573486328125,0.56866455078125,0.7136077880859375,0.74951171875,1.0033035278320313,0.6728744506835938,0.18074798583984375,304.2567138671875,8081.5076904296875,7533.6280517578125,16.284423828125,16919126016,28991029248,5335826432,0
200,1771951043144,2193,2193,2193,2193,2193,2193,2193,2193,2193,2193,2193,2193,0.8144454956054688,0.241180419921875,2.89111328125,3.743133544921875,0.06255340576171875,0.040069580078125,0.9031143188476563,0.9642715454101563,0.8806838989257813,1.6914443969726563,1.6669692993164063,1.021881103515625,304.39251708984375,8083.0347900390625,7534.96435546875,16.284423828125,16919126016,28991029248,5340430336,0
200,1771951043345,2193,2193,2193,2193,2193,2193,2193,2193,2193,2193,2193,2193,0.28447723388671875,0.16666412353515625,1.0851364135742188,0.152923583984375,0.00901031494140625,0.00896453857421875,0.6204986572265625,0.765655517578125,2.5463333129882813,0.83258056640625,0.6846847534179688,0.167510986328125,304.52447509765625,8084.754638671875,7536.606384277344,16.2855224609375,16919126016,28991029248,5340127232,0
200,1771951043546,2193,2193,2193,2193,2193,2193,2193,2193,2193,2193,2193,2193,0,0,0.35060882568359375,0,0,0,0.3143463134765625,0.9475479125976563,0.5340042114257813,0.4183349609375,0.9234695434570313,0.04764556884765625,304.65032958984375,8086.1236572265625,7537.97607421875,16.2855224609375,16919126016,28991029248,5340127232,0
200,1771951043746,2193,2193,2193,2193,2193,2193,2193,2193,2193,2193,2193,2193,0.6402969360351563,0.36090087890625,1.1815261840820313,0.47503662109375,0.44770050048828125,0.3074798583984375,0.9312591552734375,1.1359329223632813,0.9335556030273438,0.8419723510742188,1.2032699584960938,0.42679595947265625,304.77996826171875,8087.52294921875,7539.2159423828125,16.28656005859375,16919126016,28991029248,5339914240,0
200,1771951043947,2193,2193,2193,2193,2193,2193,2193,2193,2193,2193,2193,2193,0.31549072265625,0.1045684814453125,0.35584259033203125,0.1170196533203125,0.06291961669921875,0.0214691162109375,0.7098922729492188,0.8583450317382813,0.6273422241210938,0.5473403930664063,0.87408447265625,0.1040191650390625,304.90643310546875,8089.0072021484375,7540.698974609375,16.28656005859375,16919126016,28991029248,5339787264,0
200,1771951044147,2193,2193,2193,2193,2193,2193,2193,2193,2193,2193,2193,2193,0.07692718505859375,0.3065032958984375,1.7899856567382813,3.2173385620117188,0.28659820556640625,0.01691436767578125,0.9755325317382813,1.0288162231445313,0.6415939331054688,0.42249298095703125,1.0459747314453125,0.09438323974609375,305.03802490234375,8090.4874267578125,7542.0428466796875,16.28656005859375,16919126016,28991029248,5341036544,0
200,1771951044348,2193,2193,2193,2193,2193,2193,2193,2193,2193,2193,2193,2193,0.4322967529296875,0.1345062255859375,2.7032241821289063,0.28023529052734375,0.0576019287109375,0.04019927978515625,0.61358642578125,0.7665481567382813,0.9482345581054688,1.0820465087890625,0.6834640502929688,0.196746826171875,305.17010498046875,8092.138122558594,7543.626708984375,16.28741455078125,16919126016,28991029248,5340712960,0
200,1771951044549,2193,2193,2193,2193,2193,2193,2193,2193,2193,2193,2193,2193,0,0,0.6368637084960938,0,0,0,0.41527557373046875,0.49935150146484375,0.387786865234375,0.4904327392578125,0.6381072998046875,0,305.296630859375,8093.2314453125,7544.681457519531,16.28741455078125,16919126016,28991029248,5340712960,0
200,1771951044749,2193,2193,2193,2193,2193,2193,2193,2193,2193,2193,2193,2193,0.355499267578125,0.28978729248046875,0.48618316650390625,0.4212188720703125,0.3226470947265625,0.3113250732421875,0.92236328125,1.2720794677734375,0.9839935302734375,0.9818954467773438,0.8533554077148438,0.5150070190429688,305.424072265625,8094.556701660156,7545.85791015625,16.28741455078125,16919126016,28991029248,5340704768,0
200,1771951044950,2193,2193,2193,2193,2193,2193,2193,2193,2193,2193,2193,2193,0.2624969482421875,0.04972076416015625,1.0048065185546875,0.13555908203125,0.04424285888671875,0.07378387451171875,0.5614166259765625,0.7532196044921875,0.5890121459960938,0.5352554321289063,1.0163116455078125,0.506317138671875,305.55352783203125,8096.2518310546875,7547.432067871094,16.28857421875,16919126016,28991029248,5340704768,0
200,1771951045150,2193,2193,2193,2193,2193,2193,2193,2193,2193,2193,2193,2193,0.06500244140625,0.10997772216796875,0.5340805053710938,2.3609848022460938,0.09398651123046875,0.15154266357421875,0.76837158203125,1.4279251098632813,1.8496322631835938,0.509002685546875,0.86370849609375,0.4187164306640625,305.6849365234375,8097.6920166015625,7548.750671386719,16.28857421875,16919126016,28991029248,5341343744,0
200,1771951045351,2193,2193,2193,2193,2193,2193,2193,2193,2193,2193,2193,2193,0.3795623779296875,0.2907562255859375,2.6468658447265625,1.4686126708984375,0.0823822021484375,0.0466461181640625,0.664642333984375,1.4472579956054688,0.6676254272460938,0.490966796875,0.6607589721679688,0.87933349609375,305.81756591796875,8098.9779052734375,7550.005554199219,16.28961181640625,16919126016,28991029248,5340708864,0
200,1771951045551,2193,2193,2193,2193,2193,2193,2193,2193,2193,2193,2193,2193,0.16973876953125,0.1575164794921875,0.61175537109375,0.1434478759765625,0,0,5.893791198730469,2.4921340942382813,0.6875,0.6463851928710938,0.64019775390625,0.14673614501953125,305.9468994140625,8100.9595947265625,7551.832458496094,16.28961181640625,16919126016,28991029248,5340577792,0
200,1771951045752,2193,2193,2193,2193,2193,2193,2193,2193,2193,2193,2193,2193,0.2163238525390625,0.19823455810546875,0.51654052734375,0.263275146484375,0.1948394775390625,0.160797119140625,0.6734466552734375,0.6992645263671875,0.8640060424804688,0.7981109619140625,1.3158416748046875,0.30893707275390625,306.072998046875,8102.318115234375,7553.122985839844,16.28961181640625,16919126016,28991029248,5340577792,0
200,1771951045953,2193,2193,2193,2193,2193,2193,2193,2193,2193,2193,2193,2193,0.1228179931640625,0,1.1405029296875,0.2752532958984375,0,0,0.5902938842773438,0.7404861450195313,0.47747802734375,0.5031661987304688,1.2716827392578125,0.20291900634765625,306.20367431640625,8103.57373046875,7554.383605957031,16.2906494140625,16919126016,28991029248,5340499968,0
200,1771951046153,2193,2193,2193,2193,2193,2193,2193,2193,2193,2193,2193,2193,0.47286224365234375,0.19014739990234375,0.7553176879882813,0.6799545288085938,0.1361236572265625,0.1445465087890625,0.7265625,1.0655899047851563,1.8630752563476563,0.967254638671875,1.2592315673828125,0.41534423828125,306.331787109375,8104.9276123046875,7555.611389160156,16.2906494140625,16919126016,28991029248,5341356032,0
200,1771951046354,2193,2193,2193,2193,2193,2193,2193,2193,2193,2193,2193,2193,0.9453887939453125,0.09404754638671875,2.5060195922851563,3.8109359741210938,0.2304229736328125,0.261688232421875,1.5826644897460938,0.7065353393554688,1.1104965209960938,1.0032882690429688,1.3539886474609375,0.7497177124023438,306.46685791015625,8106.911682128906,7557.491149902344,16.2906494140625,16919126016,28991029248,5339799552,0
200,1771951046554,2193,2193,2193,2193,2193,2193,2193,2193,2193,2193,2193,2193,0.35544586181640625,0.11505889892578125,0.89739990234375,0.5143051147460938,0.19548797607421875,0.10195159912109375,0.5619888305664063,0.9787750244140625,0.7640533447265625,0.8185195922851563,1.2035140991210938,0.4157867431640625,306.59686279296875,8108.712463378906,7559.157409667969,16.29180908203125,16919126016,28991029248,5339762688,0
200,1771951046755,2193,2193,2193,2193,2193,2193,2193,2193,2193,2193,2193,2193,0.1075439453125,0.0476837158203125,0.4586944580078125,0.23992156982421875,0.06484222412109375,0.09911346435546875,0.47734832763671875,1.1418991088867188,0.6271896362304688,0.4410858154296875,0.7451019287109375,0.03905487060546875,306.72283935546875,8109.754577636719,7560.1624755859375,16.29180908203125,16919126016,28991029248,5339742208,0
200,1771951046955,2193,2193,2193,2193,2193,2193,2193,2193,2193,2193,2193,2193,0.17035675048828125,0.0858001708984375,1.1435165405273438,0.388427734375,0.06877899169921875,0,0.6478271484375,1.0242691040039063,0.5769500732421875,0.976806640625,0.8697433471679688,0.40489959716796875,306.85302734375,8111.4110107421875,7561.718811035156,16.29266357421875,16919126016,28991029248,5339492352,0
200,1771951047156,2193,2193,2193,2193,2193,2193,2193,2193,2193,2193,2193,2193,0.335540771484375,0.1392974853515625,0.8298187255859375,0.7738265991210938,0.222564697265625,0.11751556396484375,2.2780609130859375,2.5072555541992188,0.755584716796875,0.5646820068359375,1.1617202758789063,0.71868896484375,306.985107421875,8113.305908203125,7563.471496582031,16.29266357421875,16919126016,28991029248,5337325568,0
200,1771951047356,2193,2193,2193,2193,2193,2193,2193,2193,2193,2193,2193,2193,0.13356781005859375,0.1639862060546875,0.4483795166015625,0.16553497314453125,0.067626953125,0.3869781494140625,0.89739990234375,3.8507003784179688,0.6808929443359375,2.4419784545898438,0.8598480224609375,0.46114349365234375,307.1177978515625,8114.535583496094,7564.58447265625,16.29266357421875,16919126016,28991029248,5336268800,0
200,1771951047557,2193,2193,2193,2193,2193,2193,2193,2193,2193,2193,2193,2193,0.22411346435546875,0.03520965576171875,0.8124313354492188,0.18337249755859375,0.129364013671875,0.0711669921875,0.8533248901367188,0.7775726318359375,0.7194290161132813,0.8580169677734375,0.9382553100585938,0.14597320556640625,307.2481689453125,8116.172058105469,7566.102355957031,16.293701171875,16919126016,28991029248,5336264704,0
200,1771951047757,2193,2193,2193,2193,2193,2193,2193,2193,2193,2193,2193,2193,0.0867767333984375,0.23229217529296875,0.37012481689453125,0.3074951171875,0.06027984619140625,0.08927154541015625,0.7564620971679688,0.945587158203125,0.76080322265625,0.6412887573242188,0.7690353393554688,0.15773773193359375,307.37384033203125,8117.312561035156,7567.274597167969,16.293701171875,16919126016,28991029248,5336236032,0
200,1771951047958,2193,2193,2193,2193,2193,2193,2193,2193,2193,2193,2193,2193,0.09420013427734375,0.0519866943359375,1.03265380859375,0.3089447021484375,0.08771514892578125,0,0.44165802001953125,1.1373291015625,0.7401275634765625,1.177490234375,1.2091293334960938,0.3529510498046875,307.502197265625,8118.596374511719,7568.4288330078125,16.2945556640625,16919126016,28991029248,5336203264,0
200,1771951048158,2193,2193,2193,2193,2193,2193,2193,2193,2193,2193,2193,2193,0.19408416748046875,0.35204315185546875,2.2119216918945313,0.5668106079101563,0.0968475341796875,0.0809478759765625,1.029052734375,0.844635009765625,0.6386871337890625,0.8574981689453125,2.247711181640625,1.1106948852539063,307.6356201171875,8120.230773925781,7569.97509765625,16.2945556640625,16919126016,28991029248,5336997888,0
200,1771951048359,2193,2193,2193,2193,2193,2193,2193,2193,2193,2193,2193,2193,0.07602691650390625,0.11949920654296875,0.45241546630859375,3.3314132690429688,0.05175018310546875,0.26636505126953125,0.445037841796875,0.87969970703125,0.7636947631835938,2.3051910400390625,0.7695770263671875,0.2483673095703125,307.76837158203125,8121.680908203125,7571.373046875,16.2945556640625,16919126016,28991029248,5336002560,0
200,1771951048559,2193,2193,2193,2193,2193,2193,2193,2193,2193,2193,2193,2193,0.28208160400390625,0.1542205810546875,1.0790939331054688,0.21892547607421875,0.04058837890625,0.1081390380859375,0.5895233154296875,1.1515884399414063,1.03790283203125,0.5401992797851563,1.0279693603515625,0.20844268798828125,307.8988037109375,8123.437683105469,7572.983459472656,16.29571533203125,16919126016,28991029248,5336002560,0
200,1771951048760,2193,2193,2193,2193,2193,2193,2193,2193,2193,2193,2193,2193,0.0585174560546875,0.01880645751953125,0.5645751953125,0.14342498779296875,0.01821136474609375,0.08560943603515625,0.5965042114257813,1.038604736328125,0.47742462158203125,0.45407867431640625,0.6814117431640625,0.158294677734375,308.02508544921875,8124.3677978515625,7573.798400878906,16.29571533203125,16919126016,28991029248,5335998464,0
200,1771951048961,2193,2193,2193,2193,2193,2193,2193,2193,2193,2193,2193,2193,0.01917266845703125,0.0444183349609375,0.4448699951171875,0.0955047607421875,0,0,0.5654220581054688,0.7696762084960938,0.7581253051757813,0.43898773193359375,0.9714508056640625,0.15087890625,308.15118408203125,8125.380859375,7574.816101074219,16.29571533203125,16919126016,28991029248,5335777280,0
200,1771951049161,2193,2193,2193,2193,2193,2193,2193,2193,2193,2193,2193,2193,0.4900360107421875,0.29937744140625,2.0965118408203125,0.6588287353515625,1.484649658203125,0.289520263671875,1.5805282592773438,1.82696533203125,0.8274688720703125,1.20001220703125,1.0410842895507813,0.416473388671875,308.28594970703125,8127.387939453125,7576.656677246094,16.2969970703125,16919126016,28991029248,5336571904,0
200,1771951049362,2193,2193,2193,2193,2193,2193,2193,2193,2193,2193,2193,2193,0.03520965576171875,0.04950714111328125,0.912200927734375,3.441650390625,0.10100555419921875,0.2897186279296875,0.6693954467773438,0.9453201293945313,0.48949432373046875,0.6389083862304688,0.579742431640625,2.22747802734375,308.41851806640625,8128.689270019531,7577.862854003906,16.2969970703125,16919126016,28991029248,5335506944,0
200,1771951049562,2193,2193,2193,2193,2193,2193,2193,2193,2193,2193,2193,2193,0.171600341796875,0.0510101318359375,0.7952728271484375,0.18023681640625,0.04482269287109375,0.0436248779296875,1.4400634765625,1.8669204711914063,0.71002197265625,0.7710189819335938,0.7555923461914063,0.059051513671875,308.54840087890625,8130.099182128906,7579.213684082031,16.2979736328125,16919126016,28991029248,5335506944,0
200,1771951049763,2193,2193,2193,2193,2193,2193,2193,2193,2193,2193,2193,2193,0.1086273193359375,0.0354766845703125,0.47408294677734375,0.123382568359375,0.1020050048828125,0.1318511962890625,0.5715560913085938,1.1170501708984375,0.5871047973632813,0.631103515625,0.8969497680664063,0.08860015869140625,308.6763916015625,8131.617736816406,7580.5836181640625,16.2979736328125,16919126016,28991029248,5335506944,0
200,1771951049964,2193,2193,2193,2193,2193,2193,2193,2193,2193,2193,2193,2193,0.040435791015625,0.10400390625,0.40868377685546875,0.244903564453125,0.1344146728515625,0.15705108642578125,0.6563262939453125,0.905914306640625,0.6283035278320313,0.5742568969726563,0.8371047973632813,0.41072845458984375,308.8033447265625,8132.7576904296875,7581.567138671875,16.2979736328125,16919126016,28991029248,5335408640,0
200,1771951050164,2193,2193,2193,2193,2193,2193,2193,2193,2193,2193,2193,2193,0.52471923828125,0.10015869140625,1.0599594116210938,0.7070770263671875,0.1528778076171875,0.06673431396484375,2.1417236328125,0.9352188110351563,1.0987701416015625,1.4643783569335938,1.054229736328125,0.5959930419921875,308.9349365234375,8134.367980957031,7583.14453125,16.29931640625,16919126016,28991029248,5335810048,0
200,1771951050365,2193,2193,2193,2193,2193,2193,2193,2193,2193,2193,2193,2193,0.1045074462890625,0.0423126220703125,0.5146102905273438,0.8230972290039063,0.33185577392578125,0.1352081298828125,0.7537689208984375,2.8118515014648438,0.5794448852539063,3.4940109252929688,0.7402191162109375,0.189178466796875,309.0679931640625,8136.1512451171875,7584.799865722656,16.29931640625,16919126016,28991029248,5334700032,0
200,1771951050565,2193,2193,2193,2193,2193,2193,2193,2193,2193,2193,2193,2193,0.08180999755859375,0.02918243408203125,0.29361724853515625,0.16980743408203125,0.08575439453125,0.0641021728515625,0.6620635986328125,0.9342803955078125,0.44426727294921875,0.6707916259765625,1.0172882080078125,0.07826995849609375,309.19439697265625,8137.2027587890625,7585.7744140625,16.29931640625,16919126016,28991029248,5334642688,0
200,1771951050766,2193,2193,2193,2193,2193,2193,2193,2193,2193,2193,2193,2193,0.2596282958984375,0.08762359619140625,0.9044189453125,0.41767120361328125,0.1215362548828125,0.05431365966796875,0.712066650390625,0.88262939453125,0.8273162841796875,0.5136260986328125,0.7449798583984375,0.2389373779296875,309.323486328125,8138.8160400390625,7587.33837890625,16.30059814453125,16919126016,28991029248,5334589440,0
200,1771951050966,2193,2193,2193,2193,2193,2193,2193,2193,2193,2193,2193,2193,0.09264373779296875,0.1197509765625,0.38592529296875,0.085418701171875,0.215484619140625,0.15712738037109375,0.5599441528320313,0.7986068725585938,0.8076248168945313,0.991119384765625,0.8005523681640625,0.13047027587890625,309.45068359375,8140.057678222656,7588.482177734375,16.30059814453125,16919126016,28991029248,5334544384,0
200,1771951051167,2193,2193,2193,2193,2193,2193,2193,2193,2193,2193,2193,2193,0.6020736694335938,0.16312408447265625,0.9952468872070313,0.1658172607421875,0.31561279296875,0.15319061279296875,2.036468505859375,0.6271743774414063,0.884490966796875,1.0069808959960938,1.0769577026367188,0.43575286865234375,309.58160400390625,8141.66259765625,7590.003601074219,16.3018798828125,16919126016,28991029248,5335425024,0
0,1771951051367,2193,2193,2193,2193,2193,2193,2193,2193,2193,2193,2193,2193,1.4066085815429688,1.18212890625,3.388427734375,4.6052703857421875,0.3674774169921875,0.34283447265625,1.9108963012695313,1.9576263427734375,2.4357223510742188,0.4442291259765625,0.891510009765625,0.71051025390625,309.71759033203125,8143.3157958984375,7591.4825439453125,16.3018798828125,16919126016,28991029248,5322100736,0
