FilePath,FileName,ClassName,MethodName,TotalStatements,TotalParameters,ReturnType,AccessModifier,MethodHasAnnotation,MethodHasTestInName,FileHasTestInName,ClassHasTestInName
C:\Users\simon\Documents\Code\thesis-code\mockito-main\mockito-core\src\main\java\org\mockito\internal\junit\TestFinishedEvent.java,TestFinishedEvent.java,TestFinishedEvent,getFailure,0,0,Throwable,,false,false,true,true
C:\Users\simon\Documents\Code\thesis-code\mockito-main\mockito-core\src\main\java\org\mockito\internal\junit\TestFinishedEvent.java,TestFinishedEvent.java,TestFinishedEvent,getTestName,0,0,String,,false,false,true,true
C:\Users\simon\Documents\Code\thesis-code\mockito-main\mockito-core\src\main\java\org\mockito\internal\runners\util\TestMethodsFinder.java,TestMethodsFinder.java,TestMethodsFinder,hasTestMethods,3,1,boolean,public; static,false,false,true,true
C:\Users\simon\Documents\Code\thesis-code\mockito-main\mockito-core\src\test\java\org\concurrentmockito\ThreadsRunAllTestsHalfManualTest.java,ThreadsRunAllTestsHalfManualTest.java,AllTestsRunner,run,2,0,void,public,false,false,true,false
C:\Users\simon\Documents\Code\thesis-code\mockito-main\mockito-core\src\test\java\org\concurrentmockito\ThreadsRunAllTestsHalfManualTest.java,ThreadsRunAllTestsHalfManualTest.java,AllTestsRunner,getFailed,1,0,Set<Class<?>>,public,false,false,true,false
C:\Users\simon\Documents\Code\thesis-code\mockito-main\mockito-core\src\test\java\org\concurrentmockito\ThreadsRunAllTestsHalfManualTest.java,ThreadsRunAllTestsHalfManualTest.java,AllTestsRunner,shouldRunInMultipleThreads,1,0,void,public,true,false,true,false
C:\Users\simon\Documents\Code\thesis-code\mockito-main\mockito-core\src\test\java\org\concurrentmockito\ThreadsRunAllTestsHalfManualTest.java,ThreadsRunAllTestsHalfManualTest.java,AllTestsRunner,runInMultipleThreads,6,1,Set<Class<?>>,public; static,false,false,true,false
C:\Users\simon\Documents\Code\thesis-code\mockito-main\mockito-core\src\test\java\org\concurrentmockito\ThreadsRunAllTestsHalfManualTest.java,ThreadsRunAllTestsHalfManualTest.java,AllTestsRunner,main,6,1,void,public; static,false,false,true,false
C:\Users\simon\Documents\Code\thesis-code\mockito-main\mockito-core\src\test\java\org\concurrentmockito\ThreadsShareAMockTest.java,ThreadsShareAMockTest.java,ThreadsShareAMockTest,shouldAllowVerifyingInThreads,1,0,void,public,true,false,true,true
C:\Users\simon\Documents\Code\thesis-code\mockito-main\mockito-core\src\test\java\org\concurrentmockito\ThreadsShareAMockTest.java,ThreadsShareAMockTest.java,ThreadsShareAMockTest,performTest,5,0,void,private,false,false,true,true
C:\Users\simon\Documents\Code\thesis-code\mockito-main\mockito-core\src\test\java\org\concurrentmockito\ThreadsShareAMockTest.java,ThreadsShareAMockTest.java,ThreadsShareAMockTest,run,1,0,void,public,false,false,true,true
C:\Users\simon\Documents\Code\thesis-code\mockito-main\mockito-core\src\test\java\org\concurrentmockito\ThreadsShareGenerouslyStubbedMockTest.java,ThreadsShareGenerouslyStubbedMockTest.java,ThreadsShareGenerouslyStubbedMockTest,shouldAllowVerifyingInThreads,1,0,void,public,true,false,true,true
C:\Users\simon\Documents\Code\thesis-code\mockito-main\mockito-core\src\test\java\org\concurrentmockito\ThreadsShareGenerouslyStubbedMockTest.java,ThreadsShareGenerouslyStubbedMockTest.java,ThreadsShareGenerouslyStubbedMockTest,performTest,5,0,void,private,false,false,true,true
C:\Users\simon\Documents\Code\thesis-code\mockito-main\mockito-core\src\test\java\org\concurrentmockito\ThreadsShareGenerouslyStubbedMockTest.java,ThreadsShareGenerouslyStubbedMockTest.java,ThreadsShareGenerouslyStubbedMockTest,run,1,0,void,public,false,false,true,true
C:\Users\simon\Documents\Code\thesis-code\mockito-main\mockito-core\src\test\java\org\concurrentmockito\ThreadVerifiesContinuouslyInteractingMockTest.java,ThreadVerifiesContinuouslyInteractingMockTest.java,ThreadVerifiesContinuouslyInteractingMockTest,shouldAllowVerifyingInThreads,1,0,void,public,true,false,true,true
C:\Users\simon\Documents\Code\thesis-code\mockito-main\mockito-core\src\test\java\org\concurrentmockito\ThreadVerifiesContinuouslyInteractingMockTest.java,ThreadVerifiesContinuouslyInteractingMockTest.java,ThreadVerifiesContinuouslyInteractingMockTest,performTest,5,0,void,private,false,false,true,true
C:\Users\simon\Documents\Code\thesis-code\mockito-main\mockito-core\src\test\java\org\concurrentmockito\ThreadVerifiesContinuouslyInteractingMockTest.java,ThreadVerifiesContinuouslyInteractingMockTest.java,ThreadVerifiesContinuouslyInteractingMockTest,run,2,0,void,public,false,false,true,true
C:\Users\simon\Documents\Code\thesis-code\mockito-main\mockito-core\src\test\java\org\concurrentmockito\VerificationInOrderFromMultipleThreadsTest.java,VerificationInOrderFromMultipleThreadsTest.java,Foo,shouldVerifyInOrderWhenMultipleThreadsInteractWithMock,10,0,void,public,true,false,true,false
C:\Users\simon\Documents\Code\thesis-code\mockito-main\mockito-core\src\test\java\org\concurrentmockito\VerificationInOrderFromMultipleThreadsTest.java,VerificationInOrderFromMultipleThreadsTest.java,Foo,run,1,0,void,public,false,false,true,false
C:\Users\simon\Documents\Code\thesis-code\mockito-main\mockito-core\src\test\java\org\concurrentmockito\VerificationInOrderFromMultipleThreadsTest.java,VerificationInOrderFromMultipleThreadsTest.java,Foo,run,1,0,void,public,false,false,true,false
C:\Users\simon\Documents\Code\thesis-code\mockito-main\mockito-core\src\test\java\org\concurrentmockito\VerificationInOrderFromMultipleThreadsTest.java,VerificationInOrderFromMultipleThreadsTest.java,Foo,methodOne,0,0,void,,false,false,true,false
C:\Users\simon\Documents\Code\thesis-code\mockito-main\mockito-core\src\test\java\org\concurrentmockito\VerificationInOrderFromMultipleThreadsTest.java,VerificationInOrderFromMultipleThreadsTest.java,Foo,methodTwo,0,0,void,,false,false,true,false
C:\Users\simon\Documents\Code\thesis-code\mockito-main\mockito-core\src\test\java\org\mockito\AnnotationsAreCopiedFromMockedTypeTest.java,AnnotationsAreCopiedFromMockedTypeTest.java,OnMethod,mock_should_have_annotations_copied_from_mocked_type_at_class_level,5,0,void,public,true,false,true,false
C:\Users\simon\Documents\Code\thesis-code\mockito-main\mockito-core\src\test\java\org\mockito\AnnotationsAreCopiedFromMockedTypeTest.java,AnnotationsAreCopiedFromMockedTypeTest.java,OnMethod,mock_should_have_annotations_copied_from_mocked_type_on_methods,4,0,void,public,true,false,true,false
C:\Users\simon\Documents\Code\thesis-code\mockito-main\mockito-core\src\test\java\org\mockito\AnnotationsAreCopiedFromMockedTypeTest.java,AnnotationsAreCopiedFromMockedTypeTest.java,OnMethod,mock_should_have_annotations_copied_from_mocked_type_on_method_parameters,4,0,void,public,true,false,true,false
C:\Users\simon\Documents\Code\thesis-code\mockito-main\mockito-core\src\test\java\org\mockito\AnnotationsAreCopiedFromMockedTypeTest.java,AnnotationsAreCopiedFromMockedTypeTest.java,OnMethod,firstParamOf,2,1,AnnotatedElement,private,false,false,true,false
C:\Users\simon\Documents\Code\thesis-code\mockito-main\mockito-core\src\test\java\org\mockito\AnnotationsAreCopiedFromMockedTypeTest.java,AnnotationsAreCopiedFromMockedTypeTest.java,OnMethod,isAnnotationPresent,1,1,boolean,public,false,false,true,false
C:\Users\simon\Documents\Code\thesis-code\mockito-main\mockito-core\src\test\java\org\mockito\AnnotationsAreCopiedFromMockedTypeTest.java,AnnotationsAreCopiedFromMockedTypeTest.java,OnMethod,getAnnotation,2,1,T,public,false,false,true,false
C:\Users\simon\Documents\Code\thesis-code\mockito-main\mockito-core\src\test\java\org\mockito\AnnotationsAreCopiedFromMockedTypeTest.java,AnnotationsAreCopiedFromMockedTypeTest.java,OnMethod,getAnnotations,1,0,Annotation[],public,false,false,true,false
C:\Users\simon\Documents\Code\thesis-code\mockito-main\mockito-core\src\test\java\org\mockito\AnnotationsAreCopiedFromMockedTypeTest.java,AnnotationsAreCopiedFromMockedTypeTest.java,OnMethod,getDeclaredAnnotations,1,0,Annotation[],public,false,false,true,false
C:\Users\simon\Documents\Code\thesis-code\mockito-main\mockito-core\src\test\java\org\mockito\AnnotationsAreCopiedFromMockedTypeTest.java,AnnotationsAreCopiedFromMockedTypeTest.java,OnMethod,method,2,2,Method,private,false,false,true,false
C:\Users\simon\Documents\Code\thesis-code\mockito-main\mockito-core\src\test\java\org\mockito\AnnotationsAreCopiedFromMockedTypeTest.java,AnnotationsAreCopiedFromMockedTypeTest.java,OnMethod,field,2,2,Field,private,false,false,true,false
C:\Users\simon\Documents\Code\thesis-code\mockito-main\mockito-core\src\test\java\org\mockito\AnnotationsAreCopiedFromMockedTypeTest.java,AnnotationsAreCopiedFromMockedTypeTest.java,OnMethod,method,1,1,String,public,false,false,true,false
C:\Users\simon\Documents\Code\thesis-code\mockito-main\mockito-core\src\test\java\org\mockito\ArgumentCaptorTest.java,ArgumentCaptorTest.java,Bar,tearDown,1,0,void,public,false,false,true,false
C:\Users\simon\Documents\Code\thesis-code\mockito-main\mockito-core\src\test\java\org\mockito\ArgumentCaptorTest.java,ArgumentCaptorTest.java,Bar,tell_handy_return_values_to_return_value_for,2,0,void,public,true,false,true,false
C:\Users\simon\Documents\Code\thesis-code\mockito-main\mockito-core\src\test\java\org\mockito\ArgumentCaptorTest.java,ArgumentCaptorTest.java,Bar,getCaptorType_returns_captor_type,6,0,void,public,true,false,true,false
C:\Users\simon\Documents\Code\thesis-code\mockito-main\mockito-core\src\test\java\org\mockito\ArgumentCaptorTest.java,ArgumentCaptorTest.java,Bar,captor_calls_forClass_with_the_inferred_argument,2,0,void,public,true,false,true,false
C:\Users\simon\Documents\Code\thesis-code\mockito-main\mockito-core\src\test\java\org\mockito\ArgumentCaptorTest.java,ArgumentCaptorTest.java,Bar,captor_called_with_explicit_varargs_is_invalid,3,0,void,public,true,false,true,false
C:\Users\simon\Documents\Code\thesis-code\mockito-main\mockito-core\src\test\java\org\mockito\DescriptionTest.java,DescriptionTest.java,Dependency,verify_method_not_called_should_include_description_in_report,5,0,void,public,true,false,true,false
C:\Users\simon\Documents\Code\thesis-code\mockito-main\mockito-core\src\test\java\org\mockito\DescriptionTest.java,DescriptionTest.java,Dependency,verify_method_called_with_unexpected_argument_should_include_description_in_report,5,0,void,public,true,false,true,false
C:\Users\simon\Documents\Code\thesis-code\mockito-main\mockito-core\src\test\java\org\mockito\DescriptionTest.java,DescriptionTest.java,Dependency,doNothing,0,1,void,,false,false,true,false
C:\Users\simon\Documents\Code\thesis-code\mockito-main\mockito-core\src\test\java\org\mockito\DescriptionTest.java,DescriptionTest.java,Dependency,doSomething,1,1,void,,false,false,true,false
C:\Users\simon\Documents\Code\thesis-code\mockito-main\mockito-core\src\test\java\org\mockito\DescriptionTest.java,DescriptionTest.java,Dependency,doSomethingElse,0,1,void,,false,false,true,false
C:\Users\simon\Documents\Code\thesis-code\mockito-main\mockito-core\src\test\java\org\mockito\exceptions\base\MockitoAssertionErrorTest.java,MockitoAssertionErrorTest.java,MockitoAssertionErrorTest,throwIt,1,0,void,private,false,false,true,true
C:\Users\simon\Documents\Code\thesis-code\mockito-main\mockito-core\src\test\java\org\mockito\exceptions\base\MockitoAssertionErrorTest.java,MockitoAssertionErrorTest.java,MockitoAssertionErrorTest,shouldKeepUnfilteredStackTrace,1,0,void,public,true,false,true,true
C:\Users\simon\Documents\Code\thesis-code\mockito-main\mockito-core\src\test\java\org\mockito\exceptions\base\MockitoAssertionErrorTest.java,MockitoAssertionErrorTest.java,MockitoAssertionErrorTest,should_prepend_message_to_original,3,0,void,public,true,false,true,true
C:\Users\simon\Documents\Code\thesis-code\mockito-main\mockito-core\src\test\java\org\mockito\exceptions\base\MockitoExceptionTest.java,MockitoExceptionTest.java,MockitoExceptionTest,throwIt,1,0,void,private,false,false,true,true
C:\Users\simon\Documents\Code\thesis-code\mockito-main\mockito-core\src\test\java\org\mockito\exceptions\base\MockitoExceptionTest.java,MockitoExceptionTest.java,MockitoExceptionTest,shouldKeepUnfilteredStackTrace,1,0,void,public,true,false,true,true
C:\Users\simon\Documents\Code\thesis-code\mockito-main\mockito-core\src\test\java\org\mockito\exceptions\base\MockitoSerializationIssueTest.java,MockitoSerializationIssueTest.java,MockitoSerializationIssueTest,should_filter_out_test_class_from_stacktrace_when_clean_flag_is_true,4,0,void,public,true,false,true,true
C:\Users\simon\Documents\Code\thesis-code\mockito-main\mockito-core\src\test\java\org\mockito\exceptions\base\MockitoSerializationIssueTest.java,MockitoSerializationIssueTest.java,MockitoSerializationIssueTest,should_keep_executing_class_in_stacktrace_when_clean_flag_is_false,4,0,void,public,true,false,true,true
C:\Users\simon\Documents\Code\thesis-code\mockito-main\mockito-core\src\test\java\org\mockito\exceptions\stacktrace\StackTraceCleanerTest.java,StackTraceCleanerTest.java,StackTraceCleanerTest,allow_or_disallow_mockito_mockito_objects_in_stacktrace,11,0,void,public,true,false,true,true
C:\Users\simon\Documents\Code\thesis-code\mockito-main\mockito-core\src\test\java\org\mockito\exceptions\stacktrace\StackTraceCleanerTest.java,StackTraceCleanerTest.java,StackTraceCleanerTest,assertAcceptedInStackTrace,1,1,void,private,false,false,true,true
C:\Users\simon\Documents\Code\thesis-code\mockito-main\mockito-core\src\test\java\org\mockito\exceptions\stacktrace\StackTraceCleanerTest.java,StackTraceCleanerTest.java,StackTraceCleanerTest,assertRejectedInStackTrace,1,1,void,private,false,false,true,true
C:\Users\simon\Documents\Code\thesis-code\mockito-main\mockito-core\src\test\java\org\mockito\exceptions\stacktrace\StackTraceCleanerTest.java,StackTraceCleanerTest.java,StackTraceCleanerTest,stackTraceElementWith,1,1,StackTraceElement,private,false,false,true,true
C:\Users\simon\Documents\Code\thesis-code\mockito-main\mockito-core\src\test\java\org\mockito\internal\AllInvocationsFinderTest.java,AllInvocationsFinderTest.java,AllInvocationsFinderTest,setup,2,0,void,public,false,false,true,true
C:\Users\simon\Documents\Code\thesis-code\mockito-main\mockito-core\src\test\java\org\mockito\internal\AllInvocationsFinderTest.java,AllInvocationsFinderTest.java,AllInvocationsFinderTest,no_interactions,2,0,void,public,true,false,true,true
C:\Users\simon\Documents\Code\thesis-code\mockito-main\mockito-core\src\test\java\org\mockito\internal\AllInvocationsFinderTest.java,AllInvocationsFinderTest.java,AllInvocationsFinderTest,provides_invocations_in_order,8,0,void,public,true,false,true,true
C:\Users\simon\Documents\Code\thesis-code\mockito-main\mockito-core\src\test\java\org\mockito\internal\AllInvocationsFinderTest.java,AllInvocationsFinderTest.java,AllInvocationsFinderTest,deduplicates_interactions_from_the_same_mock,3,0,void,public,true,false,true,true
C:\Users\simon\Documents\Code\thesis-code\mockito-main\mockito-core\src\test\java\org\mockito\internal\AllInvocationsFinderTest.java,AllInvocationsFinderTest.java,AllInvocationsFinderTest,provides_stubbings_in_order,9,0,void,public,true,false,true,true
C:\Users\simon\Documents\Code\thesis-code\mockito-main\mockito-core\src\test\java\org\mockito\internal\AllInvocationsFinderTest.java,AllInvocationsFinderTest.java,AllInvocationsFinderTest,assertArgumentEquals,1,2,void,private,false,false,true,true
C:\Users\simon\Documents\Code\thesis-code\mockito-main\mockito-core\src\test\java\org\mockito\internal\configuration\ClassPathLoaderTest.java,ClassPathLoaderTest.java,ClassPathLoaderTest,shouldReadConfigurationClassFromClassPath,3,0,void,public,true,false,true,true
C:\Users\simon\Documents\Code\thesis-code\mockito-main\mockito-core\src\test\java\org\mockito\internal\configuration\ClassPathLoaderTest.java,ClassPathLoaderTest.java,ClassPathLoaderTest,answer,1,1,Object,public,false,false,true,true
C:\Users\simon\Documents\Code\thesis-code\mockito-main\mockito-core\src\test\java\org\mockito\internal\configuration\GlobalConfigurationTest.java,GlobalConfigurationTest.java,CustomAnnotationEngine,returns_mockito_annotation_engine_of_Plugins_if_no_MockitoConfiguration,2,0,void,public,true,false,true,false
C:\Users\simon\Documents\Code\thesis-code\mockito-main\mockito-core\src\test\java\org\mockito\internal\configuration\GlobalConfigurationTest.java,GlobalConfigurationTest.java,CustomAnnotationEngine,run,1,0,void,public,false,false,true,false
C:\Users\simon\Documents\Code\thesis-code\mockito-main\mockito-core\src\test\java\org\mockito\internal\configuration\GlobalConfigurationTest.java,GlobalConfigurationTest.java,CustomAnnotationEngine,reset_annotation_engine,1,0,void,public,false,false,true,false
C:\Users\simon\Documents\Code\thesis-code\mockito-main\mockito-core\src\test\java\org\mockito\internal\configuration\GlobalConfigurationTest.java,GlobalConfigurationTest.java,CustomAnnotationEngine,process,1,2,AutoCloseable,public,false,false,true,false
C:\Users\simon\Documents\Code\thesis-code\mockito-main\mockito-core\src\test\java\org\mockito\internal\configuration\injection\ConstructorInjectionTest.java,ConstructorInjectionTest.java,ArgConstructor,initialize_dependencies,1,0,void,public,false,false,true,false
C:\Users\simon\Documents\Code\thesis-code\mockito-main\mockito-core\src\test\java\org\mockito\internal\configuration\injection\ConstructorInjectionTest.java,ConstructorInjectionTest.java,ArgConstructor,should_do_the_trick_of_instantiating,3,0,void,public,true,false,true,false
C:\Users\simon\Documents\Code\thesis-code\mockito-main\mockito-core\src\test\java\org\mockito\internal\configuration\injection\ConstructorInjectionTest.java,ConstructorInjectionTest.java,ArgConstructor,newSetOf,3,1,Set<Object>,private,false,false,true,false
C:\Users\simon\Documents\Code\thesis-code\mockito-main\mockito-core\src\test\java\org\mockito\internal\configuration\injection\ConstructorInjectionTest.java,ConstructorInjectionTest.java,ArgConstructor,field,1,1,Field,private,false,false,true,false
C:\Users\simon\Documents\Code\thesis-code\mockito-main\mockito-core\src\test\java\org\mockito\internal\configuration\injection\SimpleArgumentResolverTest.java,SimpleArgumentResolverTest.java,SimpleArgumentResolverTest,should_return_object_matching_given_types,6,0,void,public,true,false,true,true
C:\Users\simon\Documents\Code\thesis-code\mockito-main\mockito-core\src\test\java\org\mockito\internal\configuration\injection\SimpleArgumentResolverTest.java,SimpleArgumentResolverTest.java,SimpleArgumentResolverTest,should_return_null_when_match_is_not_possible_on_given_types,6,0,void,public,true,false,true,true
C:\Users\simon\Documents\Code\thesis-code\mockito-main\mockito-core\src\test\java\org\mockito\internal\configuration\injection\SimpleArgumentResolverTest.java,SimpleArgumentResolverTest.java,SimpleArgumentResolverTest,should_return_null_when_types_are_primitives,6,0,void,public,true,false,true,true
C:\Users\simon\Documents\Code\thesis-code\mockito-main\mockito-core\src\test\java\org\mockito\internal\configuration\injection\SimpleArgumentResolverTest.java,SimpleArgumentResolverTest.java,SimpleArgumentResolverTest,newSetOf,1,1,Set<Object>,private,false,false,true,true
C:\Users\simon\Documents\Code\thesis-code\mockito-main\mockito-core\src\test\java\org\mockito\internal\configuration\MockAnnotationProcessorTest.java,MockAnnotationProcessorTest.java,WrongNumberOfArgsTest,data,1,0,Collection<Object[]>,public; static,false,false,true,true
C:\Users\simon\Documents\Code\thesis-code\mockito-main\mockito-core\src\test\java\org\mockito\internal\configuration\MockAnnotationProcessorTest.java,MockAnnotationProcessorTest.java,WrongNumberOfArgsTest,ensure_non_generic_fields_can_be_inferred,2,0,void,public,true,false,true,true
C:\Users\simon\Documents\Code\thesis-code\mockito-main\mockito-core\src\test\java\org\mockito\internal\configuration\MockAnnotationProcessorTest.java,MockAnnotationProcessorTest.java,WrongNumberOfArgsTest,data,1,0,Collection<Object[]>,public; static,false,false,true,true
C:\Users\simon\Documents\Code\thesis-code\mockito-main\mockito-core\src\test\java\org\mockito\internal\configuration\MockAnnotationProcessorTest.java,MockAnnotationProcessorTest.java,WrongNumberOfArgsTest,ensure_generic_fields_can_be_inferred,2,0,void,public,true,false,true,true
C:\Users\simon\Documents\Code\thesis-code\mockito-main\mockito-core\src\test\java\org\mockito\internal\configuration\MockAnnotationProcessorTest.java,MockAnnotationProcessorTest.java,WrongNumberOfArgsTest,data,1,0,Collection<Object[]>,public; static,false,false,true,true
C:\Users\simon\Documents\Code\thesis-code\mockito-main\mockito-core\src\test\java\org\mockito\internal\configuration\MockAnnotationProcessorTest.java,MockAnnotationProcessorTest.java,WrongNumberOfArgsTest,ensure_raw_fields_cannot_be_inferred,1,0,void,public,true,false,true,true
C:\Users\simon\Documents\Code\thesis-code\mockito-main\mockito-core\src\test\java\org\mockito\internal\configuration\MockAnnotationProcessorTest.java,MockAnnotationProcessorTest.java,WrongNumberOfArgsTest,data,1,0,Collection<Object[]>,public; static,false,false,true,true
C:\Users\simon\Documents\Code\thesis-code\mockito-main\mockito-core\src\test\java\org\mockito\internal\configuration\MockAnnotationProcessorTest.java,MockAnnotationProcessorTest.java,WrongNumberOfArgsTest,ensure_parameterized_types_with_more_than_one_arg_cannot_be_inferred,3,0,void,public,true,false,true,true
C:\Users\simon\Documents\Code\thesis-code\mockito-main\mockito-core\src\test\java\org\mockito\internal\configuration\MockInjectionTest.java,MockInjectionTest.java,AnObjectWithoutConstructor,reset,2,0,void,public,false,false,true,false
C:\Users\simon\Documents\Code\thesis-code\mockito-main\mockito-core\src\test\java\org\mockito\internal\configuration\MockInjectionTest.java,MockInjectionTest.java,AnObjectWithoutConstructor,should_not_allow_null_on_field,1,0,void,public,true,false,true,false
C:\Users\simon\Documents\Code\thesis-code\mockito-main\mockito-core\src\test\java\org\mockito\internal\configuration\MockInjectionTest.java,MockInjectionTest.java,AnObjectWithoutConstructor,should_not_allow_null_on_fields,1,0,void,public,true,false,true,false
C:\Users\simon\Documents\Code\thesis-code\mockito-main\mockito-core\src\test\java\org\mockito\internal\configuration\MockInjectionTest.java,MockInjectionTest.java,AnObjectWithoutConstructor,should_not_allow_null_on_instance_owning_the_field,1,0,void,public,true,false,true,false
C:\Users\simon\Documents\Code\thesis-code\mockito-main\mockito-core\src\test\java\org\mockito\internal\configuration\MockInjectionTest.java,MockInjectionTest.java,AnObjectWithoutConstructor,should_not_allow_null_on_mocks,1,0,void,public,true,false,true,false
C:\Users\simon\Documents\Code\thesis-code\mockito-main\mockito-core\src\test\java\org\mockito\internal\configuration\MockInjectionTest.java,MockInjectionTest.java,AnObjectWithoutConstructor,can_try_constructor_injection,2,0,void,public,true,false,true,false
C:\Users\simon\Documents\Code\thesis-code\mockito-main\mockito-core\src\test\java\org\mockito\internal\configuration\MockInjectionTest.java,MockInjectionTest.java,AnObjectWithoutConstructor,should_not_fail_if_constructor_injection_is_not_possible,2,0,void,public,true,false,true,false
C:\Users\simon\Documents\Code\thesis-code\mockito-main\mockito-core\src\test\java\org\mockito\internal\configuration\MockInjectionTest.java,MockInjectionTest.java,AnObjectWithoutConstructor,can_try_property_or_setter_injection,2,0,void,public,true,false,true,false
C:\Users\simon\Documents\Code\thesis-code\mockito-main\mockito-core\src\test\java\org\mockito\internal\configuration\MockInjectionTest.java,MockInjectionTest.java,AnObjectWithoutConstructor,should_not_fail_if_property_or_field_injection_is_not_possible,2,0,void,public,true,false,true,false
C:\Users\simon\Documents\Code\thesis-code\mockito-main\mockito-core\src\test\java\org\mockito\internal\configuration\MockInjectionTest.java,MockInjectionTest.java,AnObjectWithoutConstructor,oneSetMock,1,0,Set,private,false,false,true,false
C:\Users\simon\Documents\Code\thesis-code\mockito-main\mockito-core\src\test\java\org\mockito\internal\configuration\MockInjectionTest.java,MockInjectionTest.java,AnObjectWithoutConstructor,otherKindOfMocks,1,0,Set,private,false,false,true,false
C:\Users\simon\Documents\Code\thesis-code\mockito-main\mockito-core\src\test\java\org\mockito\internal\configuration\MockInjectionTest.java,MockInjectionTest.java,AnObjectWithoutConstructor,field,1,1,Field,private,false,false,true,false
C:\Users\simon\Documents\Code\thesis-code\mockito-main\mockito-core\src\test\java\org\mockito\internal\configuration\plugins\DefaultMockitoPluginsTest.java,DefaultMockitoPluginsTest.java,DefaultMockitoPluginsTest,provides_plugins,7,0,void,public,true,false,true,true
C:\Users\simon\Documents\Code\thesis-code\mockito-main\mockito-core\src\test\java\org\mockito\internal\configuration\plugins\DefaultMockitoPluginsTest.java,DefaultMockitoPluginsTest.java,DefaultMockitoPluginsTest,test_getMockMaker,2,0,void,public,true,true,true,true
C:\Users\simon\Documents\Code\thesis-code\mockito-main\mockito-core\src\test\java\org\mockito\internal\configuration\plugins\DefaultMockitoPluginsTest.java,DefaultMockitoPluginsTest.java,DefaultMockitoPluginsTest,test_getMockMaker_throws_IllegalStateException_on_invalid_name,1,0,void,public,true,true,true,true
C:\Users\simon\Documents\Code\thesis-code\mockito-main\mockito-core\src\test\java\org\mockito\internal\configuration\plugins\DefaultMockitoPluginsTest.java,DefaultMockitoPluginsTest.java,DefaultMockitoPluginsTest,test_MockitoPlugins_getMockMaker_default_method_throws_UnsupportedOperationException,2,0,void,public,true,true,true,true
C:\Users\simon\Documents\Code\thesis-code\mockito-main\mockito-core\src\test\java\org\mockito\internal\configuration\plugins\PluginFileReaderTest.java,PluginFileReaderTest.java,PluginFileReaderTest,no_class_in_resource,7,0,void,public,true,false,true,true
C:\Users\simon\Documents\Code\thesis-code\mockito-main\mockito-core\src\test\java\org\mockito\internal\configuration\plugins\PluginFileReaderTest.java,PluginFileReaderTest.java,PluginFileReaderTest,impl,1,1,InputStream,private,false,false,true,true
C:\Users\simon\Documents\Code\thesis-code\mockito-main\mockito-core\src\test\java\org\mockito\internal\configuration\plugins\PluginFileReaderTest.java,PluginFileReaderTest.java,PluginFileReaderTest,reads_class_name,5,0,void,public,true,false,true,true
C:\Users\simon\Documents\Code\thesis-code\mockito-main\mockito-core\src\test\java\org\mockito\internal\configuration\plugins\PluginFinderTest.java,PluginFinderTest.java,PluginFinderTest,empty_resources,1,0,void,public,true,false,true,true
C:\Users\simon\Documents\Code\thesis-code\mockito-main\mockito-core\src\test\java\org\mockito\internal\configuration\plugins\PluginFinderTest.java,PluginFinderTest.java,PluginFinderTest,no_valid_impl,3,0,void,public,true,false,true,true
C:\Users\simon\Documents\Code\thesis-code\mockito-main\mockito-core\src\test\java\org\mockito\internal\configuration\plugins\PluginFinderTest.java,PluginFinderTest.java,PluginFinderTest,single_implementation,4,0,void,public,true,false,true,true
C:\Users\simon\Documents\Code\thesis-code\mockito-main\mockito-core\src\test\java\org\mockito\internal\configuration\plugins\PluginFinderTest.java,PluginFinderTest.java,PluginFinderTest,single_implementation_disabled,4,0,void,public,true,false,true,true
C:\Users\simon\Documents\Code\thesis-code\mockito-main\mockito-core\src\test\java\org\mockito\internal\configuration\plugins\PluginFinderTest.java,PluginFinderTest.java,PluginFinderTest,multiple_implementations_only_one_enabled,6,0,void,public,true,false,true,true
C:\Users\simon\Documents\Code\thesis-code\mockito-main\mockito-core\src\test\java\org\mockito\internal\configuration\plugins\PluginFinderTest.java,PluginFinderTest.java,PluginFinderTest,multiple_implementations_only_one_useful,6,0,void,public,true,false,true,true
C:\Users\simon\Documents\Code\thesis-code\mockito-main\mockito-core\src\test\java\org\mockito\internal\configuration\plugins\PluginFinderTest.java,PluginFinderTest.java,PluginFinderTest,multiple_empty_implementations,6,0,void,public,true,false,true,true
C:\Users\simon\Documents\Code\thesis-code\mockito-main\mockito-core\src\test\java\org\mockito\internal\configuration\plugins\PluginFinderTest.java,PluginFinderTest.java,PluginFinderTest,problems_loading_impl,5,0,void,public,true,false,true,true
C:\Users\simon\Documents\Code\thesis-code\mockito-main\mockito-core\src\test\java\org\mockito\internal\configuration\plugins\PluginLoaderTest.java,PluginLoaderTest.java,FooBarChildPlugin2,loads_plugin,4,0,void,public,true,false,true,false
C:\Users\simon\Documents\Code\thesis-code\mockito-main\mockito-core\src\test\java\org\mockito\internal\configuration\plugins\PluginLoaderTest.java,PluginLoaderTest.java,FooBarChildPlugin2,loads_preferred_plugin,5,0,void,public,true,false,true,false
C:\Users\simon\Documents\Code\thesis-code\mockito-main\mockito-core\src\test\java\org\mockito\internal\configuration\plugins\PluginLoaderTest.java,PluginLoaderTest.java,FooBarChildPlugin2,loads_alternative_plugin,5,0,void,public,true,false,true,false
C:\Users\simon\Documents\Code\thesis-code\mockito-main\mockito-core\src\test\java\org\mockito\internal\configuration\plugins\PluginLoaderTest.java,PluginLoaderTest.java,FooBarChildPlugin2,loads_default_plugin,6,0,void,public,true,false,true,false
C:\Users\simon\Documents\Code\thesis-code\mockito-main\mockito-core\src\test\java\org\mockito\internal\configuration\plugins\PluginLoaderTest.java,PluginLoaderTest.java,FooBarChildPlugin2,fails_to_load_plugin,4,0,void,public,true,false,true,false
C:\Users\simon\Documents\Code\thesis-code\mockito-main\mockito-core\src\test\java\org\mockito\internal\configuration\plugins\PluginLoaderTest.java,PluginLoaderTest.java,FooBarChildPlugin2,call,1,0,void,public,false,false,true,false
C:\Users\simon\Documents\Code\thesis-code\mockito-main\mockito-core\src\test\java\org\mockito\internal\configuration\plugins\PluginLoaderTest.java,PluginLoaderTest.java,FooBarChildPlugin2,loads_preferred_plugin_inheritance,5,0,void,public,true,false,true,false
C:\Users\simon\Documents\Code\thesis-code\mockito-main\mockito-core\src\test\java\org\mockito\internal\configuration\plugins\PluginLoaderTest.java,PluginLoaderTest.java,FooBarChildPlugin2,loads_alternative_plugin_inheritance,5,0,void,public,true,false,true,false
C:\Users\simon\Documents\Code\thesis-code\mockito-main\mockito-core\src\test\java\org\mockito\internal\configuration\plugins\PluginLoaderTest.java,PluginLoaderTest.java,FooBarChildPlugin2,loads_default_plugin_inheritance,6,0,void,public,true,false,true,false
C:\Users\simon\Documents\Code\thesis-code\mockito-main\mockito-core\src\test\java\org\mockito\internal\configuration\plugins\PluginLoaderTest.java,PluginLoaderTest.java,FooBarChildPlugin2,loads_preferred_plugin_inheritance_reversed,5,0,void,public,true,false,true,false
C:\Users\simon\Documents\Code\thesis-code\mockito-main\mockito-core\src\test\java\org\mockito\internal\configuration\plugins\PluginLoaderTest.java,PluginLoaderTest.java,FooBarChildPlugin2,loads_alternative_plugin_inheritance_reversed,5,0,void,public,true,false,true,false
C:\Users\simon\Documents\Code\thesis-code\mockito-main\mockito-core\src\test\java\org\mockito\internal\configuration\plugins\PluginLoaderTest.java,PluginLoaderTest.java,FooBarChildPlugin2,loads_default_plugin_inheritance_reversed,6,0,void,public,true,false,true,false
C:\Users\simon\Documents\Code\thesis-code\mockito-main\mockito-core\src\test\java\org\mockito\internal\configuration\plugins\PluginLoaderTest.java,PluginLoaderTest.java,FooBarChildPlugin2,loads_preferred_plugin_inheritance_lowest_common_denominator,5,0,void,public,true,false,true,false
C:\Users\simon\Documents\Code\thesis-code\mockito-main\mockito-core\src\test\java\org\mockito\internal\configuration\plugins\PluginLoaderTest.java,PluginLoaderTest.java,FooBarChildPlugin2,loads_alternative_plugin_inheritance_lowest_common_denominator,5,0,void,public,true,false,true,false
C:\Users\simon\Documents\Code\thesis-code\mockito-main\mockito-core\src\test\java\org\mockito\internal\configuration\plugins\PluginLoaderTest.java,PluginLoaderTest.java,FooBarChildPlugin2,loads_default_plugin_inheritance_lowest_common_denominator,6,0,void,public,true,false,true,false
C:\Users\simon\Documents\Code\thesis-code\mockito-main\mockito-core\src\test\java\org\mockito\internal\creation\AbstractMockMakerTest.java,AbstractMockMakerTest.java,DummyMockHandler,should_mocks_have_different_interceptors,5,0,void,public,true,false,true,false
C:\Users\simon\Documents\Code\thesis-code\mockito-main\mockito-core\src\test\java\org\mockito\internal\creation\AbstractMockMakerTest.java,AbstractMockMakerTest.java,DummyMockHandler,should_reset_mock_and_set_new_handler,5,0,void,public,true,false,true,false
C:\Users\simon\Documents\Code\thesis-code\mockito-main\mockito-core\src\test\java\org\mockito\internal\creation\AbstractMockMakerTest.java,AbstractMockMakerTest.java,DummyMockHandler,settingsFor,4,2,MockCreationSettings<T>,protected; static,false,false,true,false
C:\Users\simon\Documents\Code\thesis-code\mockito-main\mockito-core\src\test\java\org\mockito\internal\creation\AbstractMockMakerTest.java,AbstractMockMakerTest.java,DummyMockHandler,serializableSettingsFor,4,2,MockCreationSettings<T>,protected; static,false,false,true,false
C:\Users\simon\Documents\Code\thesis-code\mockito-main\mockito-core\src\test\java\org\mockito\internal\creation\AbstractMockMakerTest.java,AbstractMockMakerTest.java,DummyMockHandler,settingsWithConstructorFor,3,1,MockCreationSettings<T>,protected; static,false,false,true,false
C:\Users\simon\Documents\Code\thesis-code\mockito-main\mockito-core\src\test\java\org\mockito\internal\creation\AbstractMockMakerTest.java,AbstractMockMakerTest.java,DummyMockHandler,settingsWithSuperCall,4,1,MockCreationSettings<T>,protected; static,false,false,true,false
C:\Users\simon\Documents\Code\thesis-code\mockito-main\mockito-core\src\test\java\org\mockito\internal\creation\AbstractMockMakerTest.java,AbstractMockMakerTest.java,DummyMockHandler,dummyHandler,1,0,MockHandler,protected; static,false,false,true,false
C:\Users\simon\Documents\Code\thesis-code\mockito-main\mockito-core\src\test\java\org\mockito\internal\creation\AbstractMockMakerTest.java,AbstractMockMakerTest.java,DummyMockHandler,handle,1,1,Object,public,false,false,true,false
C:\Users\simon\Documents\Code\thesis-code\mockito-main\mockito-core\src\test\java\org\mockito\internal\creation\AbstractMockMakerTest.java,AbstractMockMakerTest.java,DummyMockHandler,getMockSettings,1,0,MockCreationSettings<Object>,public,false,false,true,false
C:\Users\simon\Documents\Code\thesis-code\mockito-main\mockito-core\src\test\java\org\mockito\internal\creation\AbstractMockMakerTest.java,AbstractMockMakerTest.java,DummyMockHandler,getInvocationContainer,1,0,InvocationContainer,public,false,false,true,false
C:\Users\simon\Documents\Code\thesis-code\mockito-main\mockito-core\src\test\java\org\mockito\internal\creation\AbstractMockMakerTest.java,AbstractMockMakerTest.java,DummyMockHandler,setAnswersForStubbing,0,1,void,public,false,false,true,false
C:\Users\simon\Documents\Code\thesis-code\mockito-main\mockito-core\src\test\java\org\mockito\internal\creation\bytebuddy\AbstractByteBuddyMockMakerTest.java,AbstractByteBuddyMockMakerTest.java,CallingSuperMethodClass,mockTypeOf,0,1,Class<?>,protected; abstract,false,false,true,false
C:\Users\simon\Documents\Code\thesis-code\mockito-main\mockito-core\src\test\java\org\mockito\internal\creation\bytebuddy\AbstractByteBuddyMockMakerTest.java,AbstractByteBuddyMockMakerTest.java,CallingSuperMethodClass,should_create_mock_from_interface,3,0,void,public,true,false,true,false
C:\Users\simon\Documents\Code\thesis-code\mockito-main\mockito-core\src\test\java\org\mockito\internal\creation\bytebuddy\AbstractByteBuddyMockMakerTest.java,AbstractByteBuddyMockMakerTest.java,CallingSuperMethodClass,should_create_mock_from_class,3,0,void,public,true,false,true,false
C:\Users\simon\Documents\Code\thesis-code\mockito-main\mockito-core\src\test\java\org\mockito\internal\creation\bytebuddy\AbstractByteBuddyMockMakerTest.java,AbstractByteBuddyMockMakerTest.java,CallingSuperMethodClass,should_create_mock_from_class_even_when_constructor_is_dodgy,3,0,void,public,true,false,true,false
C:\Users\simon\Documents\Code\thesis-code\mockito-main\mockito-core\src\test\java\org\mockito\internal\creation\bytebuddy\AbstractByteBuddyMockMakerTest.java,AbstractByteBuddyMockMakerTest.java,CallingSuperMethodClass,should_use_ancillary_Types,2,0,void,public,true,false,true,false
C:\Users\simon\Documents\Code\thesis-code\mockito-main\mockito-core\src\test\java\org\mockito\internal\creation\bytebuddy\AbstractByteBuddyMockMakerTest.java,AbstractByteBuddyMockMakerTest.java,CallingSuperMethodClass,should_create_class_by_constructor,2,0,void,public,true,false,true,false
C:\Users\simon\Documents\Code\thesis-code\mockito-main\mockito-core\src\test\java\org\mockito\internal\creation\bytebuddy\AbstractByteBuddyMockMakerTest.java,AbstractByteBuddyMockMakerTest.java,CallingSuperMethodClass,should_allow_serialization,6,0,void,public,true,false,true,false
C:\Users\simon\Documents\Code\thesis-code\mockito-main\mockito-core\src\test\java\org\mockito\internal\creation\bytebuddy\AbstractByteBuddyMockMakerTest.java,AbstractByteBuddyMockMakerTest.java,CallingSuperMethodClass,should_create_mock_from_class_with_super_call_to_final_method,3,0,void,public,true,false,true,false
C:\Users\simon\Documents\Code\thesis-code\mockito-main\mockito-core\src\test\java\org\mockito\internal\creation\bytebuddy\AbstractByteBuddyMockMakerTest.java,AbstractByteBuddyMockMakerTest.java,CallingSuperMethodClass,instantiate_fine_when_objenesis_on_the_classpath,3,0,void,public,true,false,true,false
C:\Users\simon\Documents\Code\thesis-code\mockito-main\mockito-core\src\test\java\org\mockito\internal\creation\bytebuddy\AbstractByteBuddyMockMakerTest.java,AbstractByteBuddyMockMakerTest.java,CallingSuperMethodClass,foo,1,0,String,public,false,false,true,false
C:\Users\simon\Documents\Code\thesis-code\mockito-main\mockito-core\src\test\java\org\mockito\internal\creation\bytebuddy\AbstractByteBuddyMockMakerTest.java,AbstractByteBuddyMockMakerTest.java,CallingSuperMethodClass,foo,1,0,String,public,false,false,true,false
C:\Users\simon\Documents\Code\thesis-code\mockito-main\mockito-core\src\test\java\org\mockito\internal\creation\bytebuddy\ByteBuddyMockMakerTest.java,ByteBuddyMockMakerTest.java,ByteBuddyMockMakerTest,should_delegate_call,13,0,void,public,true,false,true,true
C:\Users\simon\Documents\Code\thesis-code\mockito-main\mockito-core\src\test\java\org\mockito\internal\creation\bytebuddy\InlineByteBuddyMockMakerTest.java,InlineByteBuddyMockMakerTest.java,InlineByteBuddyMockMakerTest,should_delegate_call,23,0,void,public,true,false,true,true
C:\Users\simon\Documents\Code\thesis-code\mockito-main\mockito-core\src\test\java\org\mockito\internal\creation\bytebuddy\InlineDelegateByteBuddyMockMakerTest.java,InlineDelegateByteBuddyMockMakerTest.java,SamePackage,mockTypeOf,1,1,Class<?>,protected,false,false,true,false
C:\Users\simon\Documents\Code\thesis-code\mockito-main\mockito-core\src\test\java\org\mockito\internal\creation\bytebuddy\InlineDelegateByteBuddyMockMakerTest.java,InlineDelegateByteBuddyMockMakerTest.java,SamePackage,should_create_mock_from_final_class,3,0,void,public,true,false,true,false
C:\Users\simon\Documents\Code\thesis-code\mockito-main\mockito-core\src\test\java\org\mockito\internal\creation\bytebuddy\InlineDelegateByteBuddyMockMakerTest.java,InlineDelegateByteBuddyMockMakerTest.java,SamePackage,should_create_mock_from_final_spy,3,0,void,public,true,false,true,false
C:\Users\simon\Documents\Code\thesis-code\mockito-main\mockito-core\src\test\java\org\mockito\internal\creation\bytebuddy\InlineDelegateByteBuddyMockMakerTest.java,InlineDelegateByteBuddyMockMakerTest.java,SamePackage,should_create_mock_from_accessible_inner_spy,3,0,void,public,true,false,true,false
C:\Users\simon\Documents\Code\thesis-code\mockito-main\mockito-core\src\test\java\org\mockito\internal\creation\bytebuddy\InlineDelegateByteBuddyMockMakerTest.java,InlineDelegateByteBuddyMockMakerTest.java,SamePackage,should_create_mock_from_visible_inner_spy,3,0,void,public,true,false,true,false
C:\Users\simon\Documents\Code\thesis-code\mockito-main\mockito-core\src\test\java\org\mockito\internal\creation\bytebuddy\InlineDelegateByteBuddyMockMakerTest.java,InlineDelegateByteBuddyMockMakerTest.java,SamePackage,should_create_mock_from_non_constructable_class,3,0,void,public,true,false,true,false
C:\Users\simon\Documents\Code\thesis-code\mockito-main\mockito-core\src\test\java\org\mockito\internal\creation\bytebuddy\InlineDelegateByteBuddyMockMakerTest.java,InlineDelegateByteBuddyMockMakerTest.java,SamePackage,should_create_mock_from_final_class_in_the_JDK,3,0,void,public,true,false,true,false
C:\Users\simon\Documents\Code\thesis-code\mockito-main\mockito-core\src\test\java\org\mockito\internal\creation\bytebuddy\InlineDelegateByteBuddyMockMakerTest.java,InlineDelegateByteBuddyMockMakerTest.java,SamePackage,should_create_mock_from_abstract_class_with_final_method,4,0,void,public,true,false,true,false
C:\Users\simon\Documents\Code\thesis-code\mockito-main\mockito-core\src\test\java\org\mockito\internal\creation\bytebuddy\InlineDelegateByteBuddyMockMakerTest.java,InlineDelegateByteBuddyMockMakerTest.java,SamePackage,should_create_mock_from_final_class_with_interface_methods,4,0,void,public,true,false,true,false
C:\Users\simon\Documents\Code\thesis-code\mockito-main\mockito-core\src\test\java\org\mockito\internal\creation\bytebuddy\InlineDelegateByteBuddyMockMakerTest.java,InlineDelegateByteBuddyMockMakerTest.java,SamePackage,should_detect_non_overridden_generic_method_of_supertype,3,0,void,public,true,false,true,false
C:\Users\simon\Documents\Code\thesis-code\mockito-main\mockito-core\src\test\java\org\mockito\internal\creation\bytebuddy\InlineDelegateByteBuddyMockMakerTest.java,InlineDelegateByteBuddyMockMakerTest.java,SamePackage,should_create_mock_from_hashmap,3,0,void,public,true,false,true,false
C:\Users\simon\Documents\Code\thesis-code\mockito-main\mockito-core\src\test\java\org\mockito\internal\creation\bytebuddy\InlineDelegateByteBuddyMockMakerTest.java,InlineDelegateByteBuddyMockMakerTest.java,SamePackage,should_throw_exception_redefining_unmodifiable_class,2,0,void,public,true,false,true,false
C:\Users\simon\Documents\Code\thesis-code\mockito-main\mockito-core\src\test\java\org\mockito\internal\creation\bytebuddy\InlineDelegateByteBuddyMockMakerTest.java,InlineDelegateByteBuddyMockMakerTest.java,SamePackage,should_throw_exception_redefining_array,3,0,void,public,true,false,true,false
C:\Users\simon\Documents\Code\thesis-code\mockito-main\mockito-core\src\test\java\org\mockito\internal\creation\bytebuddy\InlineDelegateByteBuddyMockMakerTest.java,InlineDelegateByteBuddyMockMakerTest.java,SamePackage,should_create_mock_from_enum,3,0,void,public,true,false,true,false
C:\Users\simon\Documents\Code\thesis-code\mockito-main\mockito-core\src\test\java\org\mockito\internal\creation\bytebuddy\InlineDelegateByteBuddyMockMakerTest.java,InlineDelegateByteBuddyMockMakerTest.java,SamePackage,should_fail_at_creating_a_mock_of_a_final_class_with_explicit_serialization,2,0,void,public,true,false,true,false
C:\Users\simon\Documents\Code\thesis-code\mockito-main\mockito-core\src\test\java\org\mockito\internal\creation\bytebuddy\InlineDelegateByteBuddyMockMakerTest.java,InlineDelegateByteBuddyMockMakerTest.java,SamePackage,should_fail_at_creating_a_mock_of_a_final_class_with_extra_interfaces,2,0,void,public,true,false,true,false
C:\Users\simon\Documents\Code\thesis-code\mockito-main\mockito-core\src\test\java\org\mockito\internal\creation\bytebuddy\InlineDelegateByteBuddyMockMakerTest.java,InlineDelegateByteBuddyMockMakerTest.java,SamePackage,should_mock_interface,5,0,void,public,true,false,true,false
C:\Users\simon\Documents\Code\thesis-code\mockito-main\mockito-core\src\test\java\org\mockito\internal\creation\bytebuddy\InlineDelegateByteBuddyMockMakerTest.java,InlineDelegateByteBuddyMockMakerTest.java,SamePackage,should_mock_interface_to_string,5,0,void,public,true,false,true,false
C:\Users\simon\Documents\Code\thesis-code\mockito-main\mockito-core\src\test\java\org\mockito\internal\creation\bytebuddy\InlineDelegateByteBuddyMockMakerTest.java,InlineDelegateByteBuddyMockMakerTest.java,SamePackage,should_mock_class_to_string,5,0,void,public,true,false,true,false
C:\Users\simon\Documents\Code\thesis-code\mockito-main\mockito-core\src\test\java\org\mockito\internal\creation\bytebuddy\InlineDelegateByteBuddyMockMakerTest.java,InlineDelegateByteBuddyMockMakerTest.java,SamePackage,should_leave_causing_stack,11,0,void,public,true,false,true,false
C:\Users\simon\Documents\Code\thesis-code\mockito-main\mockito-core\src\test\java\org\mockito\internal\creation\bytebuddy\InlineDelegateByteBuddyMockMakerTest.java,InlineDelegateByteBuddyMockMakerTest.java,SamePackage,should_leave_causing_stack_with_two_spies,12,0,void,public,true,false,true,false
C:\Users\simon\Documents\Code\thesis-code\mockito-main\mockito-core\src\test\java\org\mockito\internal\creation\bytebuddy\InlineDelegateByteBuddyMockMakerTest.java,InlineDelegateByteBuddyMockMakerTest.java,SamePackage,should_remove_recursive_self_call_from_stack_trace,5,0,void,public,true,false,true,false
C:\Users\simon\Documents\Code\thesis-code\mockito-main\mockito-core\src\test\java\org\mockito\internal\creation\bytebuddy\InlineDelegateByteBuddyMockMakerTest.java,InlineDelegateByteBuddyMockMakerTest.java,SamePackage,should_handle_missing_or_inconsistent_stack_trace,3,0,void,public,true,false,true,false
C:\Users\simon\Documents\Code\thesis-code\mockito-main\mockito-core\src\test\java\org\mockito\internal\creation\bytebuddy\InlineDelegateByteBuddyMockMakerTest.java,InlineDelegateByteBuddyMockMakerTest.java,SamePackage,should_provide_reason_for_wrapper_class,2,0,void,public,true,false,true,false
C:\Users\simon\Documents\Code\thesis-code\mockito-main\mockito-core\src\test\java\org\mockito\internal\creation\bytebuddy\InlineDelegateByteBuddyMockMakerTest.java,InlineDelegateByteBuddyMockMakerTest.java,SamePackage,should_provide_reason_for_vm_unsupported,2,0,void,public,true,false,true,false
C:\Users\simon\Documents\Code\thesis-code\mockito-main\mockito-core\src\test\java\org\mockito\internal\creation\bytebuddy\InlineDelegateByteBuddyMockMakerTest.java,InlineDelegateByteBuddyMockMakerTest.java,SamePackage,should_mock_method_of_package_private_class,3,0,void,public,true,false,true,false
C:\Users\simon\Documents\Code\thesis-code\mockito-main\mockito-core\src\test\java\org\mockito\internal\creation\bytebuddy\InlineDelegateByteBuddyMockMakerTest.java,InlineDelegateByteBuddyMockMakerTest.java,SamePackage,is_type_mockable_excludes_String,3,0,void,public,true,false,true,false
C:\Users\simon\Documents\Code\thesis-code\mockito-main\mockito-core\src\test\java\org\mockito\internal\creation\bytebuddy\InlineDelegateByteBuddyMockMakerTest.java,InlineDelegateByteBuddyMockMakerTest.java,SamePackage,is_type_mockable_excludes_Class,3,0,void,public,true,false,true,false
C:\Users\simon\Documents\Code\thesis-code\mockito-main\mockito-core\src\test\java\org\mockito\internal\creation\bytebuddy\InlineDelegateByteBuddyMockMakerTest.java,InlineDelegateByteBuddyMockMakerTest.java,SamePackage,is_type_mockable_excludes_WeakReference,3,0,void,public,true,false,true,false
C:\Users\simon\Documents\Code\thesis-code\mockito-main\mockito-core\src\test\java\org\mockito\internal\creation\bytebuddy\InlineDelegateByteBuddyMockMakerTest.java,InlineDelegateByteBuddyMockMakerTest.java,SamePackage,is_type_mockable_excludes_primitive_classes,3,0,void,public,true,false,true,false
C:\Users\simon\Documents\Code\thesis-code\mockito-main\mockito-core\src\test\java\org\mockito\internal\creation\bytebuddy\InlineDelegateByteBuddyMockMakerTest.java,InlineDelegateByteBuddyMockMakerTest.java,SamePackage,is_type_mockable_allows_anonymous,4,0,void,public,true,false,true,false
C:\Users\simon\Documents\Code\thesis-code\mockito-main\mockito-core\src\test\java\org\mockito\internal\creation\bytebuddy\InlineDelegateByteBuddyMockMakerTest.java,InlineDelegateByteBuddyMockMakerTest.java,SamePackage,update,0,2,void,public,false,false,true,false
C:\Users\simon\Documents\Code\thesis-code\mockito-main\mockito-core\src\test\java\org\mockito\internal\creation\bytebuddy\InlineDelegateByteBuddyMockMakerTest.java,InlineDelegateByteBuddyMockMakerTest.java,SamePackage,is_type_mockable_give_empty_reason_if_type_is_mockable,3,0,void,public,true,false,true,false
C:\Users\simon\Documents\Code\thesis-code\mockito-main\mockito-core\src\test\java\org\mockito\internal\creation\bytebuddy\InlineDelegateByteBuddyMockMakerTest.java,InlineDelegateByteBuddyMockMakerTest.java,SamePackage,is_type_mockable_give_allow_final_mockable_from_JDK,3,0,void,public,true,false,true,false
C:\Users\simon\Documents\Code\thesis-code\mockito-main\mockito-core\src\test\java\org\mockito\internal\creation\bytebuddy\InlineDelegateByteBuddyMockMakerTest.java,InlineDelegateByteBuddyMockMakerTest.java,SamePackage,test_parameters_retention,5,0,void,public,true,true,true,false
C:\Users\simon\Documents\Code\thesis-code\mockito-main\mockito-core\src\test\java\org\mockito\internal\creation\bytebuddy\InlineDelegateByteBuddyMockMakerTest.java,InlineDelegateByteBuddyMockMakerTest.java,SamePackage,test_constant_dynamic_compatibility,4,0,void,public,true,true,true,false
C:\Users\simon\Documents\Code\thesis-code\mockito-main\mockito-core\src\test\java\org\mockito\internal\creation\bytebuddy\InlineDelegateByteBuddyMockMakerTest.java,InlineDelegateByteBuddyMockMakerTest.java,SamePackage,test_clear_mock_clears_handler,5,0,void,public,true,true,true,false
C:\Users\simon\Documents\Code\thesis-code\mockito-main\mockito-core\src\test\java\org\mockito\internal\creation\bytebuddy\InlineDelegateByteBuddyMockMakerTest.java,InlineDelegateByteBuddyMockMakerTest.java,SamePackage,test_clear_all_mock_assigns_disabled_handler,9,0,void,public,true,true,true,false
C:\Users\simon\Documents\Code\thesis-code\mockito-main\mockito-core\src\test\java\org\mockito\internal\creation\bytebuddy\InlineDelegateByteBuddyMockMakerTest.java,InlineDelegateByteBuddyMockMakerTest.java,SamePackage,settingsFor,5,2,MockCreationSettings<T>,protected; static,false,false,true,false
C:\Users\simon\Documents\Code\thesis-code\mockito-main\mockito-core\src\test\java\org\mockito\internal\creation\bytebuddy\InlineDelegateByteBuddyMockMakerTest.java,InlineDelegateByteBuddyMockMakerTest.java,SamePackage,testMockDispatcherIsRelocated,2,0,void,public,true,true,true,false
C:\Users\simon\Documents\Code\thesis-code\mockito-main\mockito-core\src\test\java\org\mockito\internal\creation\bytebuddy\InlineDelegateByteBuddyMockMakerTest.java,InlineDelegateByteBuddyMockMakerTest.java,SamePackage,foo,1,0,String,public,false,false,true,false
C:\Users\simon\Documents\Code\thesis-code\mockito-main\mockito-core\src\test\java\org\mockito\internal\creation\bytebuddy\InlineDelegateByteBuddyMockMakerTest.java,InlineDelegateByteBuddyMockMakerTest.java,SamePackage,foo,1,0,String,public,false,false,true,false
C:\Users\simon\Documents\Code\thesis-code\mockito-main\mockito-core\src\test\java\org\mockito\internal\creation\bytebuddy\InlineDelegateByteBuddyMockMakerTest.java,InlineDelegateByteBuddyMockMakerTest.java,SamePackage,foo,1,0,String,public,false,false,true,false
C:\Users\simon\Documents\Code\thesis-code\mockito-main\mockito-core\src\test\java\org\mockito\internal\creation\bytebuddy\InlineDelegateByteBuddyMockMakerTest.java,InlineDelegateByteBuddyMockMakerTest.java,SamePackage,foo,1,0,String,public; final,false,false,true,false
C:\Users\simon\Documents\Code\thesis-code\mockito-main\mockito-core\src\test\java\org\mockito\internal\creation\bytebuddy\InlineDelegateByteBuddyMockMakerTest.java,InlineDelegateByteBuddyMockMakerTest.java,SamePackage,bar,0,0,String,public; abstract,false,false,true,false
C:\Users\simon\Documents\Code\thesis-code\mockito-main\mockito-core\src\test\java\org\mockito\internal\creation\bytebuddy\InlineDelegateByteBuddyMockMakerTest.java,InlineDelegateByteBuddyMockMakerTest.java,SamePackage,foo,1,0,String,public; final,false,false,true,false
C:\Users\simon\Documents\Code\thesis-code\mockito-main\mockito-core\src\test\java\org\mockito\internal\creation\bytebuddy\InlineDelegateByteBuddyMockMakerTest.java,InlineDelegateByteBuddyMockMakerTest.java,SamePackage,bar,0,0,String,,false,false,true,false
C:\Users\simon\Documents\Code\thesis-code\mockito-main\mockito-core\src\test\java\org\mockito\internal\creation\bytebuddy\InlineDelegateByteBuddyMockMakerTest.java,InlineDelegateByteBuddyMockMakerTest.java,SamePackage,indirect,0,0,String,public; abstract,false,false,true,false
C:\Users\simon\Documents\Code\thesis-code\mockito-main\mockito-core\src\test\java\org\mockito\internal\creation\bytebuddy\InlineDelegateByteBuddyMockMakerTest.java,InlineDelegateByteBuddyMockMakerTest.java,SamePackage,value,1,0,String,public,false,false,true,false
C:\Users\simon\Documents\Code\thesis-code\mockito-main\mockito-core\src\test\java\org\mockito\internal\creation\bytebuddy\InlineDelegateByteBuddyMockMakerTest.java,InlineDelegateByteBuddyMockMakerTest.java,SamePackage,indirect,1,0,String,public,false,false,true,false
C:\Users\simon\Documents\Code\thesis-code\mockito-main\mockito-core\src\test\java\org\mockito\internal\creation\bytebuddy\InlineDelegateByteBuddyMockMakerTest.java,InlineDelegateByteBuddyMockMakerTest.java,SamePackage,value,1,0,T,public,false,false,true,false
C:\Users\simon\Documents\Code\thesis-code\mockito-main\mockito-core\src\test\java\org\mockito\internal\creation\bytebuddy\InlineDelegateByteBuddyMockMakerTest.java,InlineDelegateByteBuddyMockMakerTest.java,SamePackage,callWrapped,1,1,void,public,false,false,true,false
C:\Users\simon\Documents\Code\thesis-code\mockito-main\mockito-core\src\test\java\org\mockito\internal\creation\bytebuddy\InlineDelegateByteBuddyMockMakerTest.java,InlineDelegateByteBuddyMockMakerTest.java,SamePackage,getException,2,0,IOException,public,false,false,true,false
C:\Users\simon\Documents\Code\thesis-code\mockito-main\mockito-core\src\test\java\org\mockito\internal\creation\bytebuddy\InlineDelegateByteBuddyMockMakerTest.java,InlineDelegateByteBuddyMockMakerTest.java,SamePackage,throwException,1,0,void,public,false,false,true,false
C:\Users\simon\Documents\Code\thesis-code\mockito-main\mockito-core\src\test\java\org\mockito\internal\creation\bytebuddy\InlineDelegateByteBuddyMockMakerTest.java,InlineDelegateByteBuddyMockMakerTest.java,SamePackage,internalThrowException,2,1,void,,false,false,true,false
C:\Users\simon\Documents\Code\thesis-code\mockito-main\mockito-core\src\test\java\org\mockito\internal\creation\bytebuddy\PlatformUtilsTest.java,PlatformUtilsTest.java,PlatformUtilsTest,setUp,3,0,void,,false,false,true,true
C:\Users\simon\Documents\Code\thesis-code\mockito-main\mockito-core\src\test\java\org\mockito\internal\creation\bytebuddy\PlatformUtilsTest.java,PlatformUtilsTest.java,PlatformUtilsTest,tearDown,2,0,void,,false,false,true,true
C:\Users\simon\Documents\Code\thesis-code\mockito-main\mockito-core\src\test\java\org\mockito\internal\creation\bytebuddy\PlatformUtilsTest.java,PlatformUtilsTest.java,PlatformUtilsTest,isAndroidPlatform_returns_expected_value,2,2,void,,false,false,true,true
C:\Users\simon\Documents\Code\thesis-code\mockito-main\mockito-core\src\test\java\org\mockito\internal\creation\bytebuddy\PlatformUtilsTest.java,PlatformUtilsTest.java,PlatformUtilsTest,isProbablyTermuxEnvironment_returns_expected_value,3,3,void,,false,false,true,true
C:\Users\simon\Documents\Code\thesis-code\mockito-main\mockito-core\src\test\java\org\mockito\internal\creation\bytebuddy\PlatformUtilsTest.java,PlatformUtilsTest.java,PlatformUtilsTest,setProperty,1,2,void,static,false,false,true,true
C:\Users\simon\Documents\Code\thesis-code\mockito-main\mockito-core\src\test\java\org\mockito\internal\creation\bytebuddy\SubclassByteBuddyMockMakerTest.java,SubclassByteBuddyMockMakerTest.java,InterfaceWithAnnotation,is_type_mockable_excludes_primitive_wrapper_classes,3,0,void,public,true,false,true,false
C:\Users\simon\Documents\Code\thesis-code\mockito-main\mockito-core\src\test\java\org\mockito\internal\creation\bytebuddy\SubclassByteBuddyMockMakerTest.java,SubclassByteBuddyMockMakerTest.java,InterfaceWithAnnotation,is_type_mockable_excludes_sealed_classes,7,0,void,public,true,false,true,false
C:\Users\simon\Documents\Code\thesis-code\mockito-main\mockito-core\src\test\java\org\mockito\internal\creation\bytebuddy\SubclassByteBuddyMockMakerTest.java,SubclassByteBuddyMockMakerTest.java,InterfaceWithAnnotation,is_type_mockable_excludes_primitive_classes,3,0,void,public,true,false,true,false
C:\Users\simon\Documents\Code\thesis-code\mockito-main\mockito-core\src\test\java\org\mockito\internal\creation\bytebuddy\SubclassByteBuddyMockMakerTest.java,SubclassByteBuddyMockMakerTest.java,InterfaceWithAnnotation,is_type_mockable_allow_anonymous,4,0,void,public,true,false,true,false
C:\Users\simon\Documents\Code\thesis-code\mockito-main\mockito-core\src\test\java\org\mockito\internal\creation\bytebuddy\SubclassByteBuddyMockMakerTest.java,SubclassByteBuddyMockMakerTest.java,InterfaceWithAnnotation,update,0,2,void,public,false,false,true,false
C:\Users\simon\Documents\Code\thesis-code\mockito-main\mockito-core\src\test\java\org\mockito\internal\creation\bytebuddy\SubclassByteBuddyMockMakerTest.java,SubclassByteBuddyMockMakerTest.java,InterfaceWithAnnotation,is_type_mockable_give_empty_reason_if_type_is_mockable,3,0,void,public,true,false,true,false
C:\Users\simon\Documents\Code\thesis-code\mockito-main\mockito-core\src\test\java\org\mockito\internal\creation\bytebuddy\SubclassByteBuddyMockMakerTest.java,SubclassByteBuddyMockMakerTest.java,InterfaceWithAnnotation,mock_class_with_annotations,7,0,void,public,true,false,true,false
C:\Users\simon\Documents\Code\thesis-code\mockito-main\mockito-core\src\test\java\org\mockito\internal\creation\bytebuddy\SubclassByteBuddyMockMakerTest.java,SubclassByteBuddyMockMakerTest.java,InterfaceWithAnnotation,mock_class_with_annotations_with_additional_interface,8,0,void,public,true,false,true,false
C:\Users\simon\Documents\Code\thesis-code\mockito-main\mockito-core\src\test\java\org\mockito\internal\creation\bytebuddy\SubclassByteBuddyMockMakerTest.java,SubclassByteBuddyMockMakerTest.java,InterfaceWithAnnotation,mock_interface_with_annotations,7,0,void,public,true,false,true,false
C:\Users\simon\Documents\Code\thesis-code\mockito-main\mockito-core\src\test\java\org\mockito\internal\creation\bytebuddy\SubclassByteBuddyMockMakerTest.java,SubclassByteBuddyMockMakerTest.java,InterfaceWithAnnotation,mock_interface_with_annotations_with_additional_interface,7,0,void,public,true,false,true,false
C:\Users\simon\Documents\Code\thesis-code\mockito-main\mockito-core\src\test\java\org\mockito\internal\creation\bytebuddy\SubclassByteBuddyMockMakerTest.java,SubclassByteBuddyMockMakerTest.java,InterfaceWithAnnotation,mock_type_without_annotations,6,0,void,public,true,false,true,false
C:\Users\simon\Documents\Code\thesis-code\mockito-main\mockito-core\src\test\java\org\mockito\internal\creation\bytebuddy\SubclassByteBuddyMockMakerTest.java,SubclassByteBuddyMockMakerTest.java,InterfaceWithAnnotation,mockTypeOf,1,1,Class<?>,protected,false,false,true,false
C:\Users\simon\Documents\Code\thesis-code\mockito-main\mockito-core\src\test\java\org\mockito\internal\creation\bytebuddy\SubclassByteBuddyMockMakerTest.java,SubclassByteBuddyMockMakerTest.java,InterfaceWithAnnotation,sampleMethod,1,0,void,public,false,false,true,false
C:\Users\simon\Documents\Code\thesis-code\mockito-main\mockito-core\src\test\java\org\mockito\internal\creation\bytebuddy\SubclassByteBuddyMockMakerTest.java,SubclassByteBuddyMockMakerTest.java,InterfaceWithAnnotation,sampleMethod,0,0,void,,false,false,true,false
C:\Users\simon\Documents\Code\thesis-code\mockito-main\mockito-core\src\test\java\org\mockito\internal\creation\bytebuddy\TypeCachingMockBytecodeGeneratorTest.java,TypeCachingMockBytecodeGeneratorTest.java,HoldingAReference,ensure_disable_gc_is_activated,1,0,void,public,false,false,true,false
C:\Users\simon\Documents\Code\thesis-code\mockito-main\mockito-core\src\test\java\org\mockito\internal\creation\bytebuddy\TypeCachingMockBytecodeGeneratorTest.java,TypeCachingMockBytecodeGeneratorTest.java,HoldingAReference,ensure_cache_is_cleared_if_no_reference_to_classloader_and_classes,10,0,void,public,true,false,true,false
C:\Users\simon\Documents\Code\thesis-code\mockito-main\mockito-core\src\test\java\org\mockito\internal\creation\bytebuddy\TypeCachingMockBytecodeGeneratorTest.java,TypeCachingMockBytecodeGeneratorTest.java,HoldingAReference,ensure_cache_returns_same_instance,13,0,void,public,true,false,true,false
C:\Users\simon\Documents\Code\thesis-code\mockito-main\mockito-core\src\test\java\org\mockito\internal\creation\bytebuddy\TypeCachingMockBytecodeGeneratorTest.java,TypeCachingMockBytecodeGeneratorTest.java,HoldingAReference,ensure_cache_returns_different_instance_serializableMode,5,0,void,public,true,false,true,false
C:\Users\simon\Documents\Code\thesis-code\mockito-main\mockito-core\src\test\java\org\mockito\internal\creation\bytebuddy\TypeCachingMockBytecodeGeneratorTest.java,TypeCachingMockBytecodeGeneratorTest.java,HoldingAReference,ensure_cache_returns_same_instance_defaultAnswer,7,0,void,public,true,false,true,false
C:\Users\simon\Documents\Code\thesis-code\mockito-main\mockito-core\src\test\java\org\mockito\internal\creation\bytebuddy\TypeCachingMockBytecodeGeneratorTest.java,TypeCachingMockBytecodeGeneratorTest.java,HoldingAReference,validate_simple_code_idea_where_weakhashmap_with_classloader_as_key_get_GCed_when_no_more_references,8,0,void,public,true,false,true,false
C:\Users\simon\Documents\Code\thesis-code\mockito-main\mockito-core\src\test\java\org\mockito\internal\creation\bytebuddy\TypeCachingMockBytecodeGeneratorTest.java,TypeCachingMockBytecodeGeneratorTest.java,HoldingAReference,cacheLockingStressTest_same_hashcode_different_interface,6,0,void,public,true,false,true,false
C:\Users\simon\Documents\Code\thesis-code\mockito-main\mockito-core\src\test\java\org\mockito\internal\creation\bytebuddy\TypeCachingMockBytecodeGeneratorTest.java,TypeCachingMockBytecodeGeneratorTest.java,HoldingAReference,cacheLockingStressTest_same_hashcode_same_interface,4,0,void,public,true,false,true,false
C:\Users\simon\Documents\Code\thesis-code\mockito-main\mockito-core\src\test\java\org\mockito\internal\creation\bytebuddy\TypeCachingMockBytecodeGeneratorTest.java,TypeCachingMockBytecodeGeneratorTest.java,HoldingAReference,cacheLockingStressTest_different_hashcode,7,0,void,public,true,false,true,false
C:\Users\simon\Documents\Code\thesis-code\mockito-main\mockito-core\src\test\java\org\mockito\internal\creation\bytebuddy\TypeCachingMockBytecodeGeneratorTest.java,TypeCachingMockBytecodeGeneratorTest.java,HoldingAReference,cacheLockingStressTest_unrelated_classes,6,0,void,public,true,false,true,false
C:\Users\simon\Documents\Code\thesis-code\mockito-main\mockito-core\src\test\java\org\mockito\internal\creation\bytebuddy\TypeCachingMockBytecodeGeneratorTest.java,TypeCachingMockBytecodeGeneratorTest.java,HoldingAReference,cacheLockingStressTestImpl,10,2,void,private,false,false,true,false
C:\Users\simon\Documents\Code\thesis-code\mockito-main\mockito-core\src\test\java\org\mockito\internal\creation\bytebuddy\TypeCachingMockBytecodeGeneratorTest.java,TypeCachingMockBytecodeGeneratorTest.java,HoldingAReference,newMockFeatures,1,2,MockFeatures<T>,private; static,false,false,true,false
C:\Users\simon\Documents\Code\thesis-code\mockito-main\mockito-core\src\test\java\org\mockito\internal\creation\bytebuddy\TypeCachingMockBytecodeGeneratorTest.java,TypeCachingMockBytecodeGeneratorTest.java,HoldingAReference,cacheLockingInMemClassLoaderClasses,2,0,Class<?>[],private; static,false,false,true,false
C:\Users\simon\Documents\Code\thesis-code\mockito-main\mockito-core\src\test\java\org\mockito\internal\creation\bytebuddy\TypeCachingMockBytecodeGeneratorTest.java,TypeCachingMockBytecodeGeneratorTest.java,HoldingAReference,assertValidMockClass,2,2,void,private,false,false,true,false
C:\Users\simon\Documents\Code\thesis-code\mockito-main\mockito-core\src\test\java\org\mockito\internal\creation\bytebuddy\TypeCachingMockBytecodeGeneratorTest.java,TypeCachingMockBytecodeGeneratorTest.java,HoldingAReference,is_no_more_referenced,1,0,T,private; static,false,false,true,false
C:\Users\simon\Documents\Code\thesis-code\mockito-main\mockito-core\src\test\java\org\mockito\internal\creation\bytebuddy\TypeCachingMockBytecodeGeneratorTest.java,TypeCachingMockBytecodeGeneratorTest.java,HoldingAReference,ensure_gc_happened,1,0,void,private; static,false,false,true,false
C:\Users\simon\Documents\Code\thesis-code\mockito-main\mockito-core\src\test\java\org\mockito\internal\creation\DelegatingMethodTest.java,DelegatingMethodTest.java,Something,setup,3,0,void,public,false,false,true,false
C:\Users\simon\Documents\Code\thesis-code\mockito-main\mockito-core\src\test\java\org\mockito\internal\creation\DelegatingMethodTest.java,DelegatingMethodTest.java,Something,equals_should_return_false_when_not_equal,2,0,void,public,true,false,true,false
C:\Users\simon\Documents\Code\thesis-code\mockito-main\mockito-core\src\test\java\org\mockito\internal\creation\DelegatingMethodTest.java,DelegatingMethodTest.java,Something,equals_should_return_true_when_equal,2,0,void,public,true,false,true,false
C:\Users\simon\Documents\Code\thesis-code\mockito-main\mockito-core\src\test\java\org\mockito\internal\creation\DelegatingMethodTest.java,DelegatingMethodTest.java,Something,equals_should_return_true_when_self,1,0,void,public,true,false,true,false
C:\Users\simon\Documents\Code\thesis-code\mockito-main\mockito-core\src\test\java\org\mockito\internal\creation\DelegatingMethodTest.java,DelegatingMethodTest.java,Something,equals_should_return_false_when_not_equal_to_method,1,0,void,public,true,false,true,false
C:\Users\simon\Documents\Code\thesis-code\mockito-main\mockito-core\src\test\java\org\mockito\internal\creation\DelegatingMethodTest.java,DelegatingMethodTest.java,Something,equals_should_return_true_when_equal_to_method,1,0,void,public,true,false,true,false
C:\Users\simon\Documents\Code\thesis-code\mockito-main\mockito-core\src\test\java\org\mockito\internal\creation\DelegatingMethodTest.java,DelegatingMethodTest.java,Something,someMethod,0,1,Object,,false,false,true,false
C:\Users\simon\Documents\Code\thesis-code\mockito-main\mockito-core\src\test\java\org\mockito\internal\creation\DelegatingMethodTest.java,DelegatingMethodTest.java,Something,otherMethod,0,1,Object,,false,false,true,false
C:\Users\simon\Documents\Code\thesis-code\mockito-main\mockito-core\src\test\java\org\mockito\internal\creation\instance\ConstructorInstantiatorTest.java,ConstructorInstantiatorTest.java,SomeClass3,creates_instances,1,0,void,public,true,false,true,false
C:\Users\simon\Documents\Code\thesis-code\mockito-main\mockito-core\src\test\java\org\mockito\internal\creation\instance\ConstructorInstantiatorTest.java,ConstructorInstantiatorTest.java,SomeClass3,creates_instances_of_inner_classes,2,0,void,public,true,false,true,false
C:\Users\simon\Documents\Code\thesis-code\mockito-main\mockito-core\src\test\java\org\mockito\internal\creation\instance\ConstructorInstantiatorTest.java,ConstructorInstantiatorTest.java,SomeClass3,creates_instances_with_arguments,1,0,void,public,true,false,true,false
C:\Users\simon\Documents\Code\thesis-code\mockito-main\mockito-core\src\test\java\org\mockito\internal\creation\instance\ConstructorInstantiatorTest.java,ConstructorInstantiatorTest.java,SomeClass3,creates_instances_with_null_arguments,1,0,void,public,true,false,true,false
C:\Users\simon\Documents\Code\thesis-code\mockito-main\mockito-core\src\test\java\org\mockito\internal\creation\instance\ConstructorInstantiatorTest.java,ConstructorInstantiatorTest.java,SomeClass3,creates_instances_with_primitive_arguments,1,0,void,public,true,false,true,false
C:\Users\simon\Documents\Code\thesis-code\mockito-main\mockito-core\src\test\java\org\mockito\internal\creation\instance\ConstructorInstantiatorTest.java,ConstructorInstantiatorTest.java,SomeClass3,fails_when_null_is_passed_for_a_primitive,1,0,void,public,true,false,true,false
C:\Users\simon\Documents\Code\thesis-code\mockito-main\mockito-core\src\test\java\org\mockito\internal\creation\instance\ConstructorInstantiatorTest.java,ConstructorInstantiatorTest.java,SomeClass3,explains_when_constructor_cannot_be_found,1,0,void,public,true,false,true,false
C:\Users\simon\Documents\Code\thesis-code\mockito-main\mockito-core\src\test\java\org\mockito\internal\creation\InterfaceOverrideTest.java,InterfaceOverrideTest.java,CloneableInterface,clone,0,0,CloneableInterface,,false,false,true,false
C:\Users\simon\Documents\Code\thesis-code\mockito-main\mockito-core\src\test\java\org\mockito\internal\creation\InterfaceOverrideTest.java,InterfaceOverrideTest.java,CloneableInterface,inherit_public_method_from_interface,3,0,void,public,true,false,true,false
C:\Users\simon\Documents\Code\thesis-code\mockito-main\mockito-core\src\test\java\org\mockito\internal\creation\MockSettingsImplTest.java,MockSettingsImplTest.java,MockSettingsImplTest,shouldNotAllowSettingNullInterface,1,0,void,public,true,false,true,true
C:\Users\simon\Documents\Code\thesis-code\mockito-main\mockito-core\src\test\java\org\mockito\internal\creation\MockSettingsImplTest.java,MockSettingsImplTest.java,MockSettingsImplTest,shouldNotAllowNonInterfaces,1,0,void,public,true,false,true,true
C:\Users\simon\Documents\Code\thesis-code\mockito-main\mockito-core\src\test\java\org\mockito\internal\creation\MockSettingsImplTest.java,MockSettingsImplTest.java,MockSettingsImplTest,shouldNotAllowUsingTheSameInterfaceAsExtra,1,0,void,public,true,false,true,true
C:\Users\simon\Documents\Code\thesis-code\mockito-main\mockito-core\src\test\java\org\mockito\internal\creation\MockSettingsImplTest.java,MockSettingsImplTest.java,MockSettingsImplTest,shouldNotAllowEmptyExtraInterfaces,1,0,void,public,true,false,true,true
C:\Users\simon\Documents\Code\thesis-code\mockito-main\mockito-core\src\test\java\org\mockito\internal\creation\MockSettingsImplTest.java,MockSettingsImplTest.java,MockSettingsImplTest,shouldNotAllowNullArrayOfExtraInterfaces,1,0,void,public,true,false,true,true
C:\Users\simon\Documents\Code\thesis-code\mockito-main\mockito-core\src\test\java\org\mockito\internal\creation\MockSettingsImplTest.java,MockSettingsImplTest.java,MockSettingsImplTest,shouldAllowMultipleInterfaces,4,0,void,public,true,false,true,true
C:\Users\simon\Documents\Code\thesis-code\mockito-main\mockito-core\src\test\java\org\mockito\internal\creation\MockSettingsImplTest.java,MockSettingsImplTest.java,MockSettingsImplTest,shouldSetMockToBeSerializable,2,0,void,public,true,false,true,true
C:\Users\simon\Documents\Code\thesis-code\mockito-main\mockito-core\src\test\java\org\mockito\internal\creation\MockSettingsImplTest.java,MockSettingsImplTest.java,MockSettingsImplTest,shouldKnowIfIsSerializable,3,0,void,public,true,false,true,true
C:\Users\simon\Documents\Code\thesis-code\mockito-main\mockito-core\src\test\java\org\mockito\internal\creation\MockSettingsImplTest.java,MockSettingsImplTest.java,MockSettingsImplTest,shouldAddVerboseLoggingListener,3,0,void,public,true,false,true,true
C:\Users\simon\Documents\Code\thesis-code\mockito-main\mockito-core\src\test\java\org\mockito\internal\creation\MockSettingsImplTest.java,MockSettingsImplTest.java,MockSettingsImplTest,shouldAddVerboseLoggingListenerOnlyOnce,3,0,void,public,true,false,true,true
C:\Users\simon\Documents\Code\thesis-code\mockito-main\mockito-core\src\test\java\org\mockito\internal\creation\MockSettingsImplTest.java,MockSettingsImplTest.java,MockSettingsImplTest,shouldAddInvocationListener,3,0,void,public,true,false,true,true
C:\Users\simon\Documents\Code\thesis-code\mockito-main\mockito-core\src\test\java\org\mockito\internal\creation\MockSettingsImplTest.java,MockSettingsImplTest.java,MockSettingsImplTest,canAddDuplicateInvocationListeners_ItsNotOurBusinessThere,3,0,void,public,true,false,true,true
C:\Users\simon\Documents\Code\thesis-code\mockito-main\mockito-core\src\test\java\org\mockito\internal\creation\MockSettingsImplTest.java,MockSettingsImplTest.java,MockSettingsImplTest,validates_listeners,3,0,void,public,true,false,true,true
C:\Users\simon\Documents\Code\thesis-code\mockito-main\mockito-core\src\test\java\org\mockito\internal\creation\MockSettingsImplTest.java,MockSettingsImplTest.java,MockSettingsImplTest,validates_stubbing_lookup_listeners,3,0,void,public,true,false,true,true
C:\Users\simon\Documents\Code\thesis-code\mockito-main\mockito-core\src\test\java\org\mockito\internal\creation\MockSettingsImplTest.java,MockSettingsImplTest.java,MockSettingsImplTest,validates_invocation_listeners,3,0,void,public,true,false,true,true
C:\Users\simon\Documents\Code\thesis-code\mockito-main\mockito-core\src\test\java\org\mockito\internal\creation\MockSettingsImplTest.java,MockSettingsImplTest.java,MockSettingsImplTest,addListeners_has_empty_listeners_by_default,2,0,void,public,true,false,true,true
C:\Users\simon\Documents\Code\thesis-code\mockito-main\mockito-core\src\test\java\org\mockito\internal\creation\MockSettingsImplTest.java,MockSettingsImplTest.java,MockSettingsImplTest,addListeners_shouldAddMockObjectListeners,4,0,void,public,true,false,true,true
C:\Users\simon\Documents\Code\thesis-code\mockito-main\mockito-core\src\test\java\org\mockito\internal\creation\MockSettingsImplTest.java,MockSettingsImplTest.java,MockSettingsImplTest,addListeners_canAddDuplicateMockObjectListeners_ItsNotOurBusinessThere,3,0,void,public,true,false,true,true
C:\Users\simon\Documents\Code\thesis-code\mockito-main\mockito-core\src\test\java\org\mockito\internal\creation\MockSettingsImplTest.java,MockSettingsImplTest.java,MockSettingsImplTest,validates_strictness,1,0,void,public,true,false,true,true
C:\Users\simon\Documents\Code\thesis-code\mockito-main\mockito-core\src\test\java\org\mockito\internal\creation\proxy\ProxyMockMakerTest.java,ProxyMockMakerTest.java,SomeInterface,should_create_mock_from_interface,3,0,void,public,true,false,true,false
C:\Users\simon\Documents\Code\thesis-code\mockito-main\mockito-core\src\test\java\org\mockito\internal\creation\proxy\ProxyMockMakerTest.java,ProxyMockMakerTest.java,SomeInterface,should_create_mock_from_interface_with_extra_interface,4,0,void,public,true,false,true,false
C:\Users\simon\Documents\Code\thesis-code\mockito-main\mockito-core\src\test\java\org\mockito\internal\creation\proxy\ProxyMockMakerTest.java,ProxyMockMakerTest.java,SomeInterface,should_discover_mockable_input,4,0,void,public,true,false,true,false
C:\Users\simon\Documents\Code\thesis-code\mockito-main\mockito-core\src\test\java\org\mockito\internal\creation\proxy\ProxyMockMakerTest.java,ProxyMockMakerTest.java,SomeInterface,can_compute_hash_code,3,0,void,public,true,false,true,false
C:\Users\simon\Documents\Code\thesis-code\mockito-main\mockito-core\src\test\java\org\mockito\internal\creation\proxy\ProxyMockMakerTest.java,ProxyMockMakerTest.java,SomeInterface,can_compute_equality,5,0,void,public,true,false,true,false
C:\Users\simon\Documents\Code\thesis-code\mockito-main\mockito-core\src\test\java\org\mockito\internal\creation\proxy\ProxyMockMakerTest.java,ProxyMockMakerTest.java,SomeInterface,can_invoke_toString,3,0,void,public,true,false,true,false
C:\Users\simon\Documents\Code\thesis-code\mockito-main\mockito-core\src\test\java\org\mockito\internal\debugging\LoggingListenerTest.java,LoggingListenerTest.java,LoggingListenerTest,may_not_have_any_information,2,0,void,public,true,false,true,true
C:\Users\simon\Documents\Code\thesis-code\mockito-main\mockito-core\src\test\java\org\mockito\internal\debugging\LoggingListenerTest.java,LoggingListenerTest.java,LoggingListenerTest,informs_about_unused_stubs,4,0,void,public,true,false,true,true
C:\Users\simon\Documents\Code\thesis-code\mockito-main\mockito-core\src\test\java\org\mockito\internal\debugging\LoggingListenerTest.java,LoggingListenerTest.java,LoggingListenerTest,calculates_indexes_for_clean_output,4,0,void,public,true,false,true,true
C:\Users\simon\Documents\Code\thesis-code\mockito-main\mockito-core\src\test\java\org\mockito\internal\debugging\LoggingListenerTest.java,LoggingListenerTest.java,LoggingListenerTest,informs_about_unused_stubs_due_arg_mismatch,4,0,void,public,true,false,true,true
C:\Users\simon\Documents\Code\thesis-code\mockito-main\mockito-core\src\test\java\org\mockito\internal\debugging\LoggingListenerTest.java,LoggingListenerTest.java,LoggingListenerTest,informs_about_various_kinds_of_stubs,5,0,void,public,true,false,true,true
C:\Users\simon\Documents\Code\thesis-code\mockito-main\mockito-core\src\test\java\org\mockito\internal\debugging\LoggingListenerTest.java,LoggingListenerTest.java,LoggingListenerTest,hides_unstubbed,3,0,void,public,true,false,true,true
C:\Users\simon\Documents\Code\thesis-code\mockito-main\mockito-core\src\test\java\org\mockito\internal\debugging\LoggingListenerTest.java,LoggingListenerTest.java,LoggingListenerTest,informs_about_unstubbed,3,0,void,public,true,false,true,true
C:\Users\simon\Documents\Code\thesis-code\mockito-main\mockito-core\src\test\java\org\mockito\internal\debugging\VerboseMockInvocationLoggerTest.java,VerboseMockInvocationLoggerTest.java,ThirdPartyException,init_Listener,2,0,void,public,false,false,true,false
C:\Users\simon\Documents\Code\thesis-code\mockito-main\mockito-core\src\test\java\org\mockito\internal\debugging\VerboseMockInvocationLoggerTest.java,VerboseMockInvocationLoggerTest.java,ThirdPartyException,tearDown,1,0,void,public,false,false,true,false
C:\Users\simon\Documents\Code\thesis-code\mockito-main\mockito-core\src\test\java\org\mockito\internal\debugging\VerboseMockInvocationLoggerTest.java,VerboseMockInvocationLoggerTest.java,ThirdPartyException,should_print_to_system_out,1,0,void,public,true,false,true,false
C:\Users\simon\Documents\Code\thesis-code\mockito-main\mockito-core\src\test\java\org\mockito\internal\debugging\VerboseMockInvocationLoggerTest.java,VerboseMockInvocationLoggerTest.java,ThirdPartyException,should_print_invocation_with_return_value,2,0,void,public,true,false,true,false
C:\Users\simon\Documents\Code\thesis-code\mockito-main\mockito-core\src\test\java\org\mockito\internal\debugging\VerboseMockInvocationLoggerTest.java,VerboseMockInvocationLoggerTest.java,ThirdPartyException,should_print_invocation_with_exception,2,0,void,public,true,false,true,false
C:\Users\simon\Documents\Code\thesis-code\mockito-main\mockito-core\src\test\java\org\mockito\internal\debugging\VerboseMockInvocationLoggerTest.java,VerboseMockInvocationLoggerTest.java,ThirdPartyException,should_print_if_method_has_not_been_stubbed,2,0,void,public,true,false,true,false
C:\Users\simon\Documents\Code\thesis-code\mockito-main\mockito-core\src\test\java\org\mockito\internal\debugging\VerboseMockInvocationLoggerTest.java,VerboseMockInvocationLoggerTest.java,ThirdPartyException,should_print_stubbed_info_if_available,3,0,void,public,true,false,true,false
C:\Users\simon\Documents\Code\thesis-code\mockito-main\mockito-core\src\test\java\org\mockito\internal\debugging\VerboseMockInvocationLoggerTest.java,VerboseMockInvocationLoggerTest.java,ThirdPartyException,should_log_count_of_interactions,6,0,void,public,true,false,true,false
C:\Users\simon\Documents\Code\thesis-code\mockito-main\mockito-core\src\test\java\org\mockito\internal\debugging\VerboseMockInvocationLoggerTest.java,VerboseMockInvocationLoggerTest.java,ThirdPartyException,printed,1,0,String,private,false,false,true,false
C:\Users\simon\Documents\Code\thesis-code\mockito-main\mockito-core\src\test\java\org\mockito\internal\debugging\WarningsFinderTest.java,WarningsFinderTest.java,WarningsFinderTest,shouldPrintUnusedStub,4,0,void,public,true,false,true,true
C:\Users\simon\Documents\Code\thesis-code\mockito-main\mockito-core\src\test\java\org\mockito\internal\debugging\WarningsFinderTest.java,WarningsFinderTest.java,WarningsFinderTest,shouldPrintUnstubbedInvocation,4,0,void,public,true,false,true,true
C:\Users\simon\Documents\Code\thesis-code\mockito-main\mockito-core\src\test\java\org\mockito\internal\debugging\WarningsFinderTest.java,WarningsFinderTest.java,WarningsFinderTest,shouldPrintStubWasUsedWithDifferentArgs,5,0,void,public,true,false,true,true
C:\Users\simon\Documents\Code\thesis-code\mockito-main\mockito-core\src\test\java\org\mockito\internal\exceptions\ReporterTest.java,ReporterTest.java,ReporterTest,should_let_passing_null_last_actual_stack_trace,1,0,void,public,true,false,true,true
C:\Users\simon\Documents\Code\thesis-code\mockito-main\mockito-core\src\test\java\org\mockito\internal\exceptions\ReporterTest.java,ReporterTest.java,ReporterTest,should_throw_correct_exception_for_null_invocation_listener,1,0,void,public,true,false,true,true
C:\Users\simon\Documents\Code\thesis-code\mockito-main\mockito-core\src\test\java\org\mockito\internal\exceptions\ReporterTest.java,ReporterTest.java,ReporterTest,can_use_mock_name_even_when_mock_bogus_default_answer_and_when_reporting_no_more_interaction_wanted,2,0,void,public,true,false,true,true
C:\Users\simon\Documents\Code\thesis-code\mockito-main\mockito-core\src\test\java\org\mockito\internal\exceptions\ReporterTest.java,ReporterTest.java,ReporterTest,can_use_print_mock_name_even_when_mock_bogus_default_answer_and_when_reporting_no_more_interaction_wanted_in_order,2,0,void,public,true,false,true,true
C:\Users\simon\Documents\Code\thesis-code\mockito-main\mockito-core\src\test\java\org\mockito\internal\exceptions\ReporterTest.java,ReporterTest.java,ReporterTest,can_use_print_mock_name_even_when_mock_bogus_default_answer_and_when_reporting_invalid_argument_position,2,0,void,public,true,false,true,true
C:\Users\simon\Documents\Code\thesis-code\mockito-main\mockito-core\src\test\java\org\mockito\internal\exceptions\ReporterTest.java,ReporterTest.java,ReporterTest,can_use_print_mock_name_even_when_mock_bogus_default_answer_and_when_reporting_wrong_argument_to_return,2,0,void,public,true,false,true,true
C:\Users\simon\Documents\Code\thesis-code\mockito-main\mockito-core\src\test\java\org\mockito\internal\exceptions\ReporterTest.java,ReporterTest.java,ReporterTest,can_use_print_mock_name_even_when_mock_bogus_default_answer_and_when_reporting_delegate_method_dont_exists,3,0,void,public,true,false,true,true
C:\Users\simon\Documents\Code\thesis-code\mockito-main\mockito-core\src\test\java\org\mockito\internal\exceptions\ReporterTest.java,ReporterTest.java,ReporterTest,can_use_print_mock_name_even_when_mock_bogus_default_answer_and_when_reporting_delegate_method_has_wrong_return_type,3,0,void,public,true,false,true,true
C:\Users\simon\Documents\Code\thesis-code\mockito-main\mockito-core\src\test\java\org\mockito\internal\exceptions\ReporterTest.java,ReporterTest.java,ReporterTest,can_use_print_mock_name_even_when_mock_bogus_default_answer_and_when_reporting_injection_failure,2,0,void,public,true,false,true,true
C:\Users\simon\Documents\Code\thesis-code\mockito-main\mockito-core\src\test\java\org\mockito\internal\exceptions\ReporterTest.java,ReporterTest.java,ReporterTest,someField,1,0,Field,private,false,false,true,true
C:\Users\simon\Documents\Code\thesis-code\mockito-main\mockito-core\src\test\java\org\mockito\internal\exceptions\stacktrace\ConditionalStackTraceFilterTest.java,ConditionalStackTraceFilterTest.java,ConditionalStackTraceFilterTest,shouldNotFilterWhenConfigurationSaysNo,4,0,void,public,true,false,true,true
C:\Users\simon\Documents\Code\thesis-code\mockito-main\mockito-core\src\test\java\org\mockito\internal\exceptions\stacktrace\ConditionalStackTraceFilterTest.java,ConditionalStackTraceFilterTest.java,ConditionalStackTraceFilterTest,shouldFilterWhenConfigurationSaysYes,4,0,void,public,true,false,true,true
C:\Users\simon\Documents\Code\thesis-code\mockito-main\mockito-core\src\test\java\org\mockito\internal\exceptions\stacktrace\StackTraceFilterTest.java,StackTraceFilterTest.java,StackTraceFilterTest,shouldFilterOutCglibGarbage,3,0,void,public,true,false,true,true
C:\Users\simon\Documents\Code\thesis-code\mockito-main\mockito-core\src\test\java\org\mockito\internal\exceptions\stacktrace\StackTraceFilterTest.java,StackTraceFilterTest.java,StackTraceFilterTest,shouldFilterOutByteBuddyGarbage,3,0,void,public,true,false,true,true
C:\Users\simon\Documents\Code\thesis-code\mockito-main\mockito-core\src\test\java\org\mockito\internal\exceptions\stacktrace\StackTraceFilterTest.java,StackTraceFilterTest.java,StackTraceFilterTest,shouldFilterOutMockitoPackage,3,0,void,public,true,false,true,true
C:\Users\simon\Documents\Code\thesis-code\mockito-main\mockito-core\src\test\java\org\mockito\internal\exceptions\stacktrace\StackTraceFilterTest.java,StackTraceFilterTest.java,StackTraceFilterTest,shouldNotFilterOutTracesMiddleGoodTraces,3,0,void,public,true,false,true,true
C:\Users\simon\Documents\Code\thesis-code\mockito-main\mockito-core\src\test\java\org\mockito\internal\exceptions\stacktrace\StackTraceFilterTest.java,StackTraceFilterTest.java,StackTraceFilterTest,shouldKeepRunners,3,0,void,public,true,false,true,true
C:\Users\simon\Documents\Code\thesis-code\mockito-main\mockito-core\src\test\java\org\mockito\internal\exceptions\stacktrace\StackTraceFilterTest.java,StackTraceFilterTest.java,StackTraceFilterTest,shouldNotFilterElementsAboveMockitoJUnitRule,3,0,void,public,true,false,true,true
C:\Users\simon\Documents\Code\thesis-code\mockito-main\mockito-core\src\test\java\org\mockito\internal\exceptions\stacktrace\StackTraceFilterTest.java,StackTraceFilterTest.java,StackTraceFilterTest,shouldKeepInternalRunners,3,0,void,public,true,false,true,true
C:\Users\simon\Documents\Code\thesis-code\mockito-main\mockito-core\src\test\java\org\mockito\internal\exceptions\stacktrace\StackTraceFilterTest.java,StackTraceFilterTest.java,StackTraceFilterTest,shouldStartFilteringAndKeepTop,3,0,void,public,true,false,true,true
C:\Users\simon\Documents\Code\thesis-code\mockito-main\mockito-core\src\test\java\org\mockito\internal\exceptions\stacktrace\StackTraceFilterTest.java,StackTraceFilterTest.java,StackTraceFilterTest,shouldKeepGoodTraceFromTheTopBecauseRealImplementationsOfSpiesSometimesThrowExceptions,3,0,void,public,true,false,true,true
C:\Users\simon\Documents\Code\thesis-code\mockito-main\mockito-core\src\test\java\org\mockito\internal\exceptions\stacktrace\StackTraceFilterTest.java,StackTraceFilterTest.java,StackTraceFilterTest,shouldReturnEmptyArrayWhenInputIsEmpty,2,0,void,public,true,false,true,true
C:\Users\simon\Documents\Code\thesis-code\mockito-main\mockito-core\src\test\java\org\mockito\internal\exceptions\util\ScenarioPrinterTest.java,ScenarioPrinterTest.java,ScenarioPrinterTest,shouldPrintInvocations,4,0,void,public,true,false,true,true
C:\Users\simon\Documents\Code\thesis-code\mockito-main\mockito-core\src\test\java\org\mockito\internal\exceptions\util\ScenarioPrinterTest.java,ScenarioPrinterTest.java,ScenarioPrinterTest,shouldNotPrintInvocationsWhenSingleUnwanted,3,0,void,public,true,false,true,true
C:\Users\simon\Documents\Code\thesis-code\mockito-main\mockito-core\src\test\java\org\mockito\internal\framework\DefaultMockitoFrameworkTest.java,DefaultMockitoFrameworkTest.java,MyListener,getMyName,1,0,String,public,false,false,true,false
C:\Users\simon\Documents\Code\thesis-code\mockito-main\mockito-core\src\test\java\org\mockito\internal\framework\DefaultMockitoFrameworkTest.java,DefaultMockitoFrameworkTest.java,MyListener,staticName,1,0,String,public; static,false,false,true,false
C:\Users\simon\Documents\Code\thesis-code\mockito-main\mockito-core\src\test\java\org\mockito\internal\framework\DefaultMockitoFrameworkTest.java,DefaultMockitoFrameworkTest.java,MyListener,clearListeners,1,0,void,public,false,false,true,false
C:\Users\simon\Documents\Code\thesis-code\mockito-main\mockito-core\src\test\java\org\mockito\internal\framework\DefaultMockitoFrameworkTest.java,DefaultMockitoFrameworkTest.java,MyListener,prevents_adding_null_listener,1,0,void,public,true,false,true,false
C:\Users\simon\Documents\Code\thesis-code\mockito-main\mockito-core\src\test\java\org\mockito\internal\framework\DefaultMockitoFrameworkTest.java,DefaultMockitoFrameworkTest.java,MyListener,prevents_removing_null_listener,1,0,void,public,true,false,true,false
C:\Users\simon\Documents\Code\thesis-code\mockito-main\mockito-core\src\test\java\org\mockito\internal\framework\DefaultMockitoFrameworkTest.java,DefaultMockitoFrameworkTest.java,MyListener,ok_to_remove_unknown_listener,1,0,void,public,true,false,true,false
C:\Users\simon\Documents\Code\thesis-code\mockito-main\mockito-core\src\test\java\org\mockito\internal\framework\DefaultMockitoFrameworkTest.java,DefaultMockitoFrameworkTest.java,MyListener,ok_to_remove_listener_multiple_times,4,0,void,public,true,false,true,false
C:\Users\simon\Documents\Code\thesis-code\mockito-main\mockito-core\src\test\java\org\mockito\internal\framework\DefaultMockitoFrameworkTest.java,DefaultMockitoFrameworkTest.java,MyListener,adds_creation_listener,8,0,void,public,true,false,true,false
C:\Users\simon\Documents\Code\thesis-code\mockito-main\mockito-core\src\test\java\org\mockito\internal\framework\DefaultMockitoFrameworkTest.java,DefaultMockitoFrameworkTest.java,MyListener,removes_creation_listener,7,0,void,public,true,false,true,false
C:\Users\simon\Documents\Code\thesis-code\mockito-main\mockito-core\src\test\java\org\mockito\internal\framework\DefaultMockitoFrameworkTest.java,DefaultMockitoFrameworkTest.java,MyListener,prevents_duplicate_listeners_of_the_same_type,2,0,void,public,true,false,true,false
C:\Users\simon\Documents\Code\thesis-code\mockito-main\mockito-core\src\test\java\org\mockito\internal\framework\DefaultMockitoFrameworkTest.java,DefaultMockitoFrameworkTest.java,MyListener,run,1,0,void,public,false,false,true,false
C:\Users\simon\Documents\Code\thesis-code\mockito-main\mockito-core\src\test\java\org\mockito\internal\framework\DefaultMockitoFrameworkTest.java,DefaultMockitoFrameworkTest.java,MyListener,clearing_all_mocks_is_safe_regardless_of_mock_maker_type,3,0,void,public,true,false,true,false
C:\Users\simon\Documents\Code\thesis-code\mockito-main\mockito-core\src\test\java\org\mockito\internal\framework\DefaultMockitoFrameworkTest.java,DefaultMockitoFrameworkTest.java,MyListener,behavior_after_clear_inline_mocks,8,0,void,public,true,false,true,false
C:\Users\simon\Documents\Code\thesis-code\mockito-main\mockito-core\src\test\java\org\mockito\internal\framework\DefaultMockitoFrameworkTest.java,DefaultMockitoFrameworkTest.java,MyListener,clear_inline_mocks_clears_static_mocks,7,0,void,public,true,false,true,false
C:\Users\simon\Documents\Code\thesis-code\mockito-main\mockito-core\src\test\java\org\mockito\internal\framework\DefaultMockitoFrameworkTest.java,DefaultMockitoFrameworkTest.java,MyListener,behavior_after_clear_inline_mocks_is_mock,8,0,void,public,true,false,true,false
C:\Users\simon\Documents\Code\thesis-code\mockito-main\mockito-core\src\test\java\org\mockito\internal\framework\DefaultMockitoFrameworkTest.java,DefaultMockitoFrameworkTest.java,MyListener,clears_mock,8,0,void,public,true,false,true,false
C:\Users\simon\Documents\Code\thesis-code\mockito-main\mockito-core\src\test\java\org\mockito\internal\framework\DefaultMockitoFrameworkTest.java,DefaultMockitoFrameworkTest.java,MyListener,clears_mocks,8,0,void,public,true,false,true,false
C:\Users\simon\Documents\Code\thesis-code\mockito-main\mockito-core\src\test\java\org\mockito\internal\hamcrest\MatcherGenericTypeExtractorTest.java,MatcherGenericTypeExtractorTest.java,InsaneEdgeCase,matches,1,1,boolean,public,false,false,true,false
C:\Users\simon\Documents\Code\thesis-code\mockito-main\mockito-core\src\test\java\org\mockito\internal\hamcrest\MatcherGenericTypeExtractorTest.java,MatcherGenericTypeExtractorTest.java,InsaneEdgeCase,describeTo,0,1,void,public,false,false,true,false
C:\Users\simon\Documents\Code\thesis-code\mockito-main\mockito-core\src\test\java\org\mockito\internal\hamcrest\MatcherGenericTypeExtractorTest.java,MatcherGenericTypeExtractorTest.java,InsaneEdgeCase,matches,1,1,boolean,public,false,false,true,false
C:\Users\simon\Documents\Code\thesis-code\mockito-main\mockito-core\src\test\java\org\mockito\internal\hamcrest\MatcherGenericTypeExtractorTest.java,MatcherGenericTypeExtractorTest.java,InsaneEdgeCase,describeTo,0,1,void,public,false,false,true,false
C:\Users\simon\Documents\Code\thesis-code\mockito-main\mockito-core\src\test\java\org\mockito\internal\hamcrest\MatcherGenericTypeExtractorTest.java,MatcherGenericTypeExtractorTest.java,InsaneEdgeCase,matches,1,1,boolean,public,false,false,true,false
C:\Users\simon\Documents\Code\thesis-code\mockito-main\mockito-core\src\test\java\org\mockito\internal\hamcrest\MatcherGenericTypeExtractorTest.java,MatcherGenericTypeExtractorTest.java,InsaneEdgeCase,describeTo,0,1,void,public,false,false,true,false
C:\Users\simon\Documents\Code\thesis-code\mockito-main\mockito-core\src\test\java\org\mockito\internal\hamcrest\MatcherGenericTypeExtractorTest.java,MatcherGenericTypeExtractorTest.java,InsaneEdgeCase,matches,1,1,boolean,public,false,false,true,false
C:\Users\simon\Documents\Code\thesis-code\mockito-main\mockito-core\src\test\java\org\mockito\internal\hamcrest\MatcherGenericTypeExtractorTest.java,MatcherGenericTypeExtractorTest.java,InsaneEdgeCase,describeTo,0,1,void,public,false,false,true,false
C:\Users\simon\Documents\Code\thesis-code\mockito-main\mockito-core\src\test\java\org\mockito\internal\hamcrest\MatcherGenericTypeExtractorTest.java,MatcherGenericTypeExtractorTest.java,InsaneEdgeCase,matches,1,1,boolean,public,false,false,true,false
C:\Users\simon\Documents\Code\thesis-code\mockito-main\mockito-core\src\test\java\org\mockito\internal\hamcrest\MatcherGenericTypeExtractorTest.java,MatcherGenericTypeExtractorTest.java,InsaneEdgeCase,describeMismatch,0,2,void,public,false,false,true,false
C:\Users\simon\Documents\Code\thesis-code\mockito-main\mockito-core\src\test\java\org\mockito\internal\hamcrest\MatcherGenericTypeExtractorTest.java,MatcherGenericTypeExtractorTest.java,InsaneEdgeCase,describeTo,0,1,void,public,false,false,true,false
C:\Users\simon\Documents\Code\thesis-code\mockito-main\mockito-core\src\test\java\org\mockito\internal\hamcrest\MatcherGenericTypeExtractorTest.java,MatcherGenericTypeExtractorTest.java,InsaneEdgeCase,matches,1,1,boolean,public,false,false,true,false
C:\Users\simon\Documents\Code\thesis-code\mockito-main\mockito-core\src\test\java\org\mockito\internal\hamcrest\MatcherGenericTypeExtractorTest.java,MatcherGenericTypeExtractorTest.java,InsaneEdgeCase,describeMismatch,0,2,void,public,false,false,true,false
C:\Users\simon\Documents\Code\thesis-code\mockito-main\mockito-core\src\test\java\org\mockito\internal\hamcrest\MatcherGenericTypeExtractorTest.java,MatcherGenericTypeExtractorTest.java,InsaneEdgeCase,describeTo,0,1,void,public,false,false,true,false
C:\Users\simon\Documents\Code\thesis-code\mockito-main\mockito-core\src\test\java\org\mockito\internal\hamcrest\MatcherGenericTypeExtractorTest.java,MatcherGenericTypeExtractorTest.java,InsaneEdgeCase,matches,1,1,boolean,public,false,false,true,false
C:\Users\simon\Documents\Code\thesis-code\mockito-main\mockito-core\src\test\java\org\mockito\internal\hamcrest\MatcherGenericTypeExtractorTest.java,MatcherGenericTypeExtractorTest.java,InsaneEdgeCase,describeMismatch,0,2,void,public,false,false,true,false
C:\Users\simon\Documents\Code\thesis-code\mockito-main\mockito-core\src\test\java\org\mockito\internal\hamcrest\MatcherGenericTypeExtractorTest.java,MatcherGenericTypeExtractorTest.java,InsaneEdgeCase,describeTo,0,1,void,public,false,false,true,false
C:\Users\simon\Documents\Code\thesis-code\mockito-main\mockito-core\src\test\java\org\mockito\internal\hamcrest\MatcherGenericTypeExtractorTest.java,MatcherGenericTypeExtractorTest.java,InsaneEdgeCase,matches,1,1,boolean,public,false,false,true,false
C:\Users\simon\Documents\Code\thesis-code\mockito-main\mockito-core\src\test\java\org\mockito\internal\hamcrest\MatcherGenericTypeExtractorTest.java,MatcherGenericTypeExtractorTest.java,InsaneEdgeCase,describeMismatch,0,2,void,public,false,false,true,false
C:\Users\simon\Documents\Code\thesis-code\mockito-main\mockito-core\src\test\java\org\mockito\internal\hamcrest\MatcherGenericTypeExtractorTest.java,MatcherGenericTypeExtractorTest.java,InsaneEdgeCase,describeTo,0,1,void,public,false,false,true,false
C:\Users\simon\Documents\Code\thesis-code\mockito-main\mockito-core\src\test\java\org\mockito\internal\hamcrest\MatcherGenericTypeExtractorTest.java,MatcherGenericTypeExtractorTest.java,InsaneEdgeCase,findsGenericType,16,0,void,public,true,false,true,false
C:\Users\simon\Documents\Code\thesis-code\mockito-main\mockito-core\src\test\java\org\mockito\internal\hamcrest\MatcherGenericTypeExtractorTest.java,MatcherGenericTypeExtractorTest.java,InsaneEdgeCase,describeTo,0,1,void,public,false,false,true,false
C:\Users\simon\Documents\Code\thesis-code\mockito-main\mockito-core\src\test\java\org\mockito\internal\hamcrest\MatcherGenericTypeExtractorTest.java,MatcherGenericTypeExtractorTest.java,InsaneEdgeCase,matches,1,1,boolean,public,false,false,true,false
C:\Users\simon\Documents\Code\thesis-code\mockito-main\mockito-core\src\test\java\org\mockito\internal\hamcrest\MatcherGenericTypeExtractorTest.java,MatcherGenericTypeExtractorTest.java,InsaneEdgeCase,describeTo,0,1,void,public,false,false,true,false
C:\Users\simon\Documents\Code\thesis-code\mockito-main\mockito-core\src\test\java\org\mockito\internal\hamcrest\MatcherGenericTypeExtractorTest.java,MatcherGenericTypeExtractorTest.java,InsaneEdgeCase,matches,1,1,boolean,public,false,false,true,false
C:\Users\simon\Documents\Code\thesis-code\mockito-main\mockito-core\src\test\java\org\mockito\internal\hamcrest\MatcherGenericTypeExtractorTest.java,MatcherGenericTypeExtractorTest.java,InsaneEdgeCase,describeMismatch,0,2,void,public,false,false,true,false
C:\Users\simon\Documents\Code\thesis-code\mockito-main\mockito-core\src\test\java\org\mockito\internal\handler\InvocationNotifierHandlerTest.java,InvocationNotifierHandlerTest.java,CustomListener,setUp,1,0,void,public,false,false,true,false
C:\Users\simon\Documents\Code\thesis-code\mockito-main\mockito-core\src\test\java\org\mockito\internal\handler\InvocationNotifierHandlerTest.java,InvocationNotifierHandlerTest.java,CustomListener,should_notify_all_listeners_when_calling_delegate_handler,4,0,void,public,true,false,true,false
C:\Users\simon\Documents\Code\thesis-code\mockito-main\mockito-core\src\test\java\org\mockito\internal\handler\InvocationNotifierHandlerTest.java,InvocationNotifierHandlerTest.java,CustomListener,should_notify_all_listeners_when_called_delegate_handler_returns_ex,5,0,void,public,true,false,true,false
C:\Users\simon\Documents\Code\thesis-code\mockito-main\mockito-core\src\test\java\org\mockito\internal\handler\InvocationNotifierHandlerTest.java,InvocationNotifierHandlerTest.java,CustomListener,should_notify_all_listeners_when_called_delegate_handler_throws_exception_and_rethrow_it,5,0,void,public,true,false,true,false
C:\Users\simon\Documents\Code\thesis-code\mockito-main\mockito-core\src\test\java\org\mockito\internal\handler\InvocationNotifierHandlerTest.java,InvocationNotifierHandlerTest.java,CustomListener,should_report_listener_exception,2,0,void,public,true,false,true,false
C:\Users\simon\Documents\Code\thesis-code\mockito-main\mockito-core\src\test\java\org\mockito\internal\handler\InvocationNotifierHandlerTest.java,InvocationNotifierHandlerTest.java,CustomListener,should_delegate_all_MockHandlerInterface_to_the_parameterized_MockHandler,4,0,void,public,true,false,true,false
C:\Users\simon\Documents\Code\thesis-code\mockito-main\mockito-core\src\test\java\org\mockito\internal\handler\InvocationNotifierHandlerTest.java,InvocationNotifierHandlerTest.java,CustomListener,reportInvocation,0,1,void,public,false,false,true,false
C:\Users\simon\Documents\Code\thesis-code\mockito-main\mockito-core\src\test\java\org\mockito\internal\handler\MockHandlerFactoryTest.java,MockHandlerFactoryTest.java,MockHandlerFactoryTest,handle_result_must_not_be_null_for_primitives,7,0,"// see issue 331
void",public,true,false,true,true
C:\Users\simon\Documents\Code\thesis-code\mockito-main\mockito-core\src\test\java\org\mockito\internal\handler\MockHandlerFactoryTest.java,MockHandlerFactoryTest.java,MockHandlerFactoryTest,valid_handle_result_is_permitted,6,0,"// see issue 331
void",public,true,false,true,true
C:\Users\simon\Documents\Code\thesis-code\mockito-main\mockito-core\src\test\java\org\mockito\internal\handler\MockHandlerImplTest.java,MockHandlerImplTest.java,AWrongType,should_remove_verification_mode_even_when_invalid_matchers,6,0,void,public,true,false,true,false
C:\Users\simon\Documents\Code\thesis-code\mockito-main\mockito-core\src\test\java\org\mockito\internal\handler\MockHandlerImplTest.java,MockHandlerImplTest.java,AWrongType,bindMatchers,1,2,InvocationMatcher,public,false,false,true,false
C:\Users\simon\Documents\Code\thesis-code\mockito-main\mockito-core\src\test\java\org\mockito\internal\handler\MockHandlerImplTest.java,MockHandlerImplTest.java,AWrongType,should_throw_mockito_exception_when_invocation_handler_throws_anything,2,0,void,public,true,false,true,false
C:\Users\simon\Documents\Code\thesis-code\mockito-main\mockito-core\src\test\java\org\mockito\internal\handler\MockHandlerImplTest.java,MockHandlerImplTest.java,AWrongType,should_report_bogus_default_answer,5,0,void,public,true,false,true,false
C:\Users\simon\Documents\Code\thesis-code\mockito-main\mockito-core\src\test\java\org\mockito\internal\InOrderImplTest.java,InOrderImplTest.java,InOrderImplTest,shouldMarkVerifiedInOrder,5,0,void,public,true,false,true,true
C:\Users\simon\Documents\Code\thesis-code\mockito-main\mockito-core\src\test\java\org\mockito\internal\InvalidStateDetectionTest.java,InvalidStateDetectionTest.java,OnSpyCreation,resetState,1,0,void,public,false,false,true,false
C:\Users\simon\Documents\Code\thesis-code\mockito-main\mockito-core\src\test\java\org\mockito\internal\InvalidStateDetectionTest.java,InvalidStateDetectionTest.java,OnSpyCreation,shouldDetectUnfinishedStubbing,14,0,void,public,true,false,true,false
C:\Users\simon\Documents\Code\thesis-code\mockito-main\mockito-core\src\test\java\org\mockito\internal\InvalidStateDetectionTest.java,InvalidStateDetectionTest.java,OnSpyCreation,shouldDetectUnfinishedDoAnswerStubbing,14,0,void,public,true,false,true,false
C:\Users\simon\Documents\Code\thesis-code\mockito-main\mockito-core\src\test\java\org\mockito\internal\InvalidStateDetectionTest.java,InvalidStateDetectionTest.java,OnSpyCreation,shouldDetectUnfinishedVerification,12,0,void,public,true,false,true,false
C:\Users\simon\Documents\Code\thesis-code\mockito-main\mockito-core\src\test\java\org\mockito\internal\InvalidStateDetectionTest.java,InvalidStateDetectionTest.java,OnSpyCreation,shouldDetectMisplacedArgumentMatcher,10,0,void,public,true,false,true,false
C:\Users\simon\Documents\Code\thesis-code\mockito-main\mockito-core\src\test\java\org\mockito\internal\InvalidStateDetectionTest.java,InvalidStateDetectionTest.java,OnSpyCreation,shouldCorrectStateAfterDetectingUnfinishedStubbing,4,0,void,public,true,false,true,false
C:\Users\simon\Documents\Code\thesis-code\mockito-main\mockito-core\src\test\java\org\mockito\internal\InvalidStateDetectionTest.java,InvalidStateDetectionTest.java,OnSpyCreation,shouldCorrectStateAfterDetectingUnfinishedVerification,4,0,void,public,true,false,true,false
C:\Users\simon\Documents\Code\thesis-code\mockito-main\mockito-core\src\test\java\org\mockito\internal\InvalidStateDetectionTest.java,InvalidStateDetectionTest.java,OnSpyCreation,detect,0,1,void,,false,false,true,false
C:\Users\simon\Documents\Code\thesis-code\mockito-main\mockito-core\src\test\java\org\mockito\internal\InvalidStateDetectionTest.java,InvalidStateDetectionTest.java,OnSpyCreation,detect,1,1,void,public,false,false,true,false
C:\Users\simon\Documents\Code\thesis-code\mockito-main\mockito-core\src\test\java\org\mockito\internal\InvalidStateDetectionTest.java,InvalidStateDetectionTest.java,OnSpyCreation,detect,1,1,void,public,false,false,true,false
C:\Users\simon\Documents\Code\thesis-code\mockito-main\mockito-core\src\test\java\org\mockito\internal\InvalidStateDetectionTest.java,InvalidStateDetectionTest.java,OnSpyCreation,detect,1,1,void,public,false,false,true,false
C:\Users\simon\Documents\Code\thesis-code\mockito-main\mockito-core\src\test\java\org\mockito\internal\InvalidStateDetectionTest.java,InvalidStateDetectionTest.java,OnSpyCreation,detect,1,1,void,public,false,false,true,false
C:\Users\simon\Documents\Code\thesis-code\mockito-main\mockito-core\src\test\java\org\mockito\internal\InvalidStateDetectionTest.java,InvalidStateDetectionTest.java,OnSpyCreation,detect,1,1,void,public,false,false,true,false
C:\Users\simon\Documents\Code\thesis-code\mockito-main\mockito-core\src\test\java\org\mockito\internal\InvalidStateDetectionTest.java,InvalidStateDetectionTest.java,OnSpyCreation,detect,1,1,void,public,false,false,true,false
C:\Users\simon\Documents\Code\thesis-code\mockito-main\mockito-core\src\test\java\org\mockito\internal\InvalidStateDetectionTest.java,InvalidStateDetectionTest.java,OnSpyCreation,detect,1,1,void,public,false,false,true,false
C:\Users\simon\Documents\Code\thesis-code\mockito-main\mockito-core\src\test\java\org\mockito\internal\InvalidStateDetectionTest.java,InvalidStateDetectionTest.java,OnSpyCreation,detect,1,1,void,public,false,false,true,false
C:\Users\simon\Documents\Code\thesis-code\mockito-main\mockito-core\src\test\java\org\mockito\internal\InvalidStateDetectionTest.java,InvalidStateDetectionTest.java,OnSpyCreation,detect,1,1,void,public,false,false,true,false
C:\Users\simon\Documents\Code\thesis-code\mockito-main\mockito-core\src\test\java\org\mockito\internal\InvalidStateDetectionTest.java,InvalidStateDetectionTest.java,OnSpyCreation,detectsAndCleansUp,2,2,void,private,false,false,true,false
C:\Users\simon\Documents\Code\thesis-code\mockito-main\mockito-core\src\test\java\org\mockito\internal\invocation\InvocationMarkerTest.java,InvocationMarkerTest.java,InvocationMarkerTest,shouldMarkInvocationAsVerified,5,0,void,public,true,false,true,true
C:\Users\simon\Documents\Code\thesis-code\mockito-main\mockito-core\src\test\java\org\mockito\internal\invocation\InvocationMarkerTest.java,InvocationMarkerTest.java,InvocationMarkerTest,shouldCaptureArguments,5,0,void,public,true,false,true,true
C:\Users\simon\Documents\Code\thesis-code\mockito-main\mockito-core\src\test\java\org\mockito\internal\invocation\InvocationMarkerTest.java,InvocationMarkerTest.java,InvocationMarkerTest,captureArgumentsFrom,1,1,void,public,false,false,true,true
C:\Users\simon\Documents\Code\thesis-code\mockito-main\mockito-core\src\test\java\org\mockito\internal\invocation\InvocationMarkerTest.java,InvocationMarkerTest.java,InvocationMarkerTest,shouldMarkInvocationsAsVerifiedInOrder,8,0,void,public,true,false,true,true
C:\Users\simon\Documents\Code\thesis-code\mockito-main\mockito-core\src\test\java\org\mockito\internal\invocation\InvocationMatcherTest.java,InvocationMatcherTest.java,InvocationMatcherTest,setup,1,0,void,public,false,false,true,true
C:\Users\simon\Documents\Code\thesis-code\mockito-main\mockito-core\src\test\java\org\mockito\internal\invocation\InvocationMatcherTest.java,InvocationMatcherTest.java,InvocationMatcherTest,should_be_a_citizen_of_hashes,6,0,void,public,true,false,true,true
C:\Users\simon\Documents\Code\thesis-code\mockito-main\mockito-core\src\test\java\org\mockito\internal\invocation\InvocationMatcherTest.java,InvocationMatcherTest.java,InvocationMatcherTest,should_not_equal_if_number_of_arguments_differ,4,0,void,public,true,false,true,true
C:\Users\simon\Documents\Code\thesis-code\mockito-main\mockito-core\src\test\java\org\mockito\internal\invocation\InvocationMatcherTest.java,InvocationMatcherTest.java,InvocationMatcherTest,should_to_string_with_matchers,6,0,void,public,true,false,true,true
C:\Users\simon\Documents\Code\thesis-code\mockito-main\mockito-core\src\test\java\org\mockito\internal\invocation\InvocationMatcherTest.java,InvocationMatcherTest.java,InvocationMatcherTest,should_know_if_is_similar_to,4,0,void,public,true,false,true,true
C:\Users\simon\Documents\Code\thesis-code\mockito-main\mockito-core\src\test\java\org\mockito\internal\invocation\InvocationMatcherTest.java,InvocationMatcherTest.java,InvocationMatcherTest,should_not_be_similar_to_verified_invocation,2,0,void,public,true,false,true,true
C:\Users\simon\Documents\Code\thesis-code\mockito-main\mockito-core\src\test\java\org\mockito\internal\invocation\InvocationMatcherTest.java,InvocationMatcherTest.java,InvocationMatcherTest,should_not_be_similar_if_mocks_are_different,2,0,void,public,true,false,true,true
C:\Users\simon\Documents\Code\thesis-code\mockito-main\mockito-core\src\test\java\org\mockito\internal\invocation\InvocationMatcherTest.java,InvocationMatcherTest.java,InvocationMatcherTest,should_not_be_similar_if_is_overloaded_but_used_with_the_same_arg,6,0,void,public,true,false,true,true
C:\Users\simon\Documents\Code\thesis-code\mockito-main\mockito-core\src\test\java\org\mockito\internal\invocation\InvocationMatcherTest.java,InvocationMatcherTest.java,InvocationMatcherTest,should_be_similar_if_is_overloaded_but_used_with_different_arg,5,0,void,public,true,false,true,true
C:\Users\simon\Documents\Code\thesis-code\mockito-main\mockito-core\src\test\java\org\mockito\internal\invocation\InvocationMatcherTest.java,InvocationMatcherTest.java,InvocationMatcherTest,should_capture_arguments_from_invocation,6,0,void,public,true,false,true,true
C:\Users\simon\Documents\Code\thesis-code\mockito-main\mockito-core\src\test\java\org\mockito\internal\invocation\InvocationMatcherTest.java,InvocationMatcherTest.java,InvocationMatcherTest,should_match_varargs_using_any_varargs,5,0,void,public,true,false,true,true
C:\Users\simon\Documents\Code\thesis-code\mockito-main\mockito-core\src\test\java\org\mockito\internal\invocation\InvocationMatcherTest.java,InvocationMatcherTest.java,InvocationMatcherTest,should_capture_varargs_as_vararg,6,0,void,public,true,false,true,true
C:\Users\simon\Documents\Code\thesis-code\mockito-main\mockito-core\src\test\java\org\mockito\internal\invocation\InvocationMatcherTest.java,InvocationMatcherTest.java,InvocationMatcherTest,should_capture_arguments_when_args_count_does_NOT_match,4,0,void,public,true,false,true,true
C:\Users\simon\Documents\Code\thesis-code\mockito-main\mockito-core\src\test\java\org\mockito\internal\invocation\InvocationMatcherTest.java,InvocationMatcherTest.java,InvocationMatcherTest,should_create_from_invocations,4,0,void,public,true,false,true,true
C:\Users\simon\Documents\Code\thesis-code\mockito-main\mockito-core\src\test\java\org\mockito\internal\invocation\InvocationsFinderTest.java,InvocationsFinderTest.java,InvocationsFinderTest,setup,4,0,void,public,false,false,true,true
C:\Users\simon\Documents\Code\thesis-code\mockito-main\mockito-core\src\test\java\org\mockito\internal\invocation\InvocationsFinderTest.java,InvocationsFinderTest.java,InvocationsFinderTest,shouldFindActualInvocations,4,0,void,public,true,false,true,true
C:\Users\simon\Documents\Code\thesis-code\mockito-main\mockito-core\src\test\java\org\mockito\internal\invocation\InvocationsFinderTest.java,InvocationsFinderTest.java,InvocationsFinderTest,shouldFindFirstUnverifiedInvocation,6,0,void,public,true,false,true,true
C:\Users\simon\Documents\Code\thesis-code\mockito-main\mockito-core\src\test\java\org\mockito\internal\invocation\InvocationsFinderTest.java,InvocationsFinderTest.java,InvocationsFinderTest,shouldFindFirstUnverifiedInOrder,7,0,void,public,true,false,true,true
C:\Users\simon\Documents\Code\thesis-code\mockito-main\mockito-core\src\test\java\org\mockito\internal\invocation\InvocationsFinderTest.java,InvocationsFinderTest.java,InvocationsFinderTest,shouldFindFirstUnverifiedInOrderAndRespectSequenceNumber,5,0,void,public,true,false,true,true
C:\Users\simon\Documents\Code\thesis-code\mockito-main\mockito-core\src\test\java\org\mockito\internal\invocation\InvocationsFinderTest.java,InvocationsFinderTest.java,InvocationsFinderTest,shouldFindFirstUnverifiedInvocationOnMock,2,0,void,public,true,false,true,true
C:\Users\simon\Documents\Code\thesis-code\mockito-main\mockito-core\src\test\java\org\mockito\internal\invocation\InvocationsFinderTest.java,InvocationsFinderTest.java,InvocationsFinderTest,shouldFindFirstSimilarInvocationByName,3,0,void,public,true,false,true,true
C:\Users\simon\Documents\Code\thesis-code\mockito-main\mockito-core\src\test\java\org\mockito\internal\invocation\InvocationsFinderTest.java,InvocationsFinderTest.java,InvocationsFinderTest,shouldFindInvocationWithTheSameMethod,4,0,void,public,true,false,true,true
C:\Users\simon\Documents\Code\thesis-code\mockito-main\mockito-core\src\test\java\org\mockito\internal\invocation\InvocationsFinderTest.java,InvocationsFinderTest.java,InvocationsFinderTest,shouldGetLastStackTrace,3,0,void,public,true,false,true,true
C:\Users\simon\Documents\Code\thesis-code\mockito-main\mockito-core\src\test\java\org\mockito\internal\invocation\InvocationsFinderTest.java,InvocationsFinderTest.java,InvocationsFinderTest,shouldFindAllMatchingUnverifiedChunks,8,0,void,public,true,false,true,true
C:\Users\simon\Documents\Code\thesis-code\mockito-main\mockito-core\src\test\java\org\mockito\internal\invocation\InvocationsFinderTest.java,InvocationsFinderTest.java,InvocationsFinderTest,shouldFindMatchingChunk,2,0,void,public,true,false,true,true
C:\Users\simon\Documents\Code\thesis-code\mockito-main\mockito-core\src\test\java\org\mockito\internal\invocation\InvocationsFinderTest.java,InvocationsFinderTest.java,InvocationsFinderTest,shouldReturnAllChunksWhenModeIsAtLeastOnce,4,0,void,public,true,false,true,true
C:\Users\simon\Documents\Code\thesis-code\mockito-main\mockito-core\src\test\java\org\mockito\internal\invocation\InvocationsFinderTest.java,InvocationsFinderTest.java,InvocationsFinderTest,shouldReturnAllChunksWhenWantedCountDoesntMatch,4,0,void,public,true,false,true,true
C:\Users\simon\Documents\Code\thesis-code\mockito-main\mockito-core\src\test\java\org\mockito\internal\invocation\InvocationsFinderTest.java,InvocationsFinderTest.java,InvocationsFinderTest,shouldFindPreviousInOrder,6,0,void,public,true,false,true,true
C:\Users\simon\Documents\Code\thesis-code\mockito-main\mockito-core\src\test\java\org\mockito\internal\invocation\InvocationsFinderTest.java,InvocationsFinderTest.java,InvocationsFinderTest,shouldFindAllStackTraces,2,0,void,public,true,false,true,true
C:\Users\simon\Documents\Code\thesis-code\mockito-main\mockito-core\src\test\java\org\mockito\internal\invocation\InvocationsFinderTest.java,InvocationsFinderTest.java,InvocationsFinderTest,shouldNotFindLocationsForEmptyInvocationsList,1,0,void,public,true,false,true,true
C:\Users\simon\Documents\Code\thesis-code\mockito-main\mockito-core\src\test\java\org\mockito\internal\invocation\MatcherApplicationStrategyTest.java,MatcherApplicationStrategyTest.java,RecordingAction,before,1,0,void,public,false,false,true,false
C:\Users\simon\Documents\Code\thesis-code\mockito-main\mockito-core\src\test\java\org\mockito\internal\invocation\MatcherApplicationStrategyTest.java,MatcherApplicationStrategyTest.java,RecordingAction,shouldKnowWhenActualArgsSizeIsDifferent1,4,0,void,public,true,false,true,false
C:\Users\simon\Documents\Code\thesis-code\mockito-main\mockito-core\src\test\java\org\mockito\internal\invocation\MatcherApplicationStrategyTest.java,MatcherApplicationStrategyTest.java,RecordingAction,shouldKnowWhenActualArgsSizeIsDifferent2,4,0,void,public,true,false,true,false
C:\Users\simon\Documents\Code\thesis-code\mockito-main\mockito-core\src\test\java\org\mockito\internal\invocation\MatcherApplicationStrategyTest.java,MatcherApplicationStrategyTest.java,RecordingAction,shouldKnowWhenActualArgsSizeIsDifferent,4,0,void,public,true,false,true,false
C:\Users\simon\Documents\Code\thesis-code\mockito-main\mockito-core\src\test\java\org\mockito\internal\invocation\MatcherApplicationStrategyTest.java,MatcherApplicationStrategyTest.java,RecordingAction,shouldKnowWhenMatchersSizeIsDifferent,4,0,void,public,true,false,true,false
C:\Users\simon\Documents\Code\thesis-code\mockito-main\mockito-core\src\test\java\org\mockito\internal\invocation\MatcherApplicationStrategyTest.java,MatcherApplicationStrategyTest.java,RecordingAction,shouldKnowWhenVarargsMatch,4,0,void,public,true,false,true,false
C:\Users\simon\Documents\Code\thesis-code\mockito-main\mockito-core\src\test\java\org\mockito\internal\invocation\MatcherApplicationStrategyTest.java,MatcherApplicationStrategyTest.java,RecordingAction,shouldNotMatchVarargsWithNoMatchers,5,0,void,public,true,false,true,false
C:\Users\simon\Documents\Code\thesis-code\mockito-main\mockito-core\src\test\java\org\mockito\internal\invocation\MatcherApplicationStrategyTest.java,MatcherApplicationStrategyTest.java,RecordingAction,shouldAllowAnyMatchEntireVararg,4,0,void,public,true,false,true,false
C:\Users\simon\Documents\Code\thesis-code\mockito-main\mockito-core\src\test\java\org\mockito\internal\invocation\MatcherApplicationStrategyTest.java,MatcherApplicationStrategyTest.java,RecordingAction,shouldNotAllowAnyWithMixedVarargs,4,0,void,public,true,false,true,false
C:\Users\simon\Documents\Code\thesis-code\mockito-main\mockito-core\src\test\java\org\mockito\internal\invocation\MatcherApplicationStrategyTest.java,MatcherApplicationStrategyTest.java,RecordingAction,shouldAllowAnyWithMixedVarargs,4,0,void,public,true,false,true,false
C:\Users\simon\Documents\Code\thesis-code\mockito-main\mockito-core\src\test\java\org\mockito\internal\invocation\MatcherApplicationStrategyTest.java,MatcherApplicationStrategyTest.java,RecordingAction,shouldAnyDealWithDifferentSizeOfArgs,5,0,void,public,true,false,true,false
C:\Users\simon\Documents\Code\thesis-code\mockito-main\mockito-core\src\test\java\org\mockito\internal\invocation\MatcherApplicationStrategyTest.java,MatcherApplicationStrategyTest.java,RecordingAction,shouldMatchAnyEvenIfOneOfTheArgsIsNull,4,0,void,public,true,false,true,false
C:\Users\simon\Documents\Code\thesis-code\mockito-main\mockito-core\src\test\java\org\mockito\internal\invocation\MatcherApplicationStrategyTest.java,MatcherApplicationStrategyTest.java,RecordingAction,shouldMatchAnyEvenIfMatcherIsDecorated,4,0,void,public,true,false,true,false
C:\Users\simon\Documents\Code\thesis-code\mockito-main\mockito-core\src\test\java\org\mockito\internal\invocation\MatcherApplicationStrategyTest.java,MatcherApplicationStrategyTest.java,RecordingAction,shouldMatchAnyEvenIfMatcherIsWrappedInHamcrestMatcher,5,0,void,public,true,false,true,false
C:\Users\simon\Documents\Code\thesis-code\mockito-main\mockito-core\src\test\java\org\mockito\internal\invocation\MatcherApplicationStrategyTest.java,MatcherApplicationStrategyTest.java,RecordingAction,shouldMatchAnyThatMatchesRawVarArgType,5,0,void,public,true,false,true,false
C:\Users\simon\Documents\Code\thesis-code\mockito-main\mockito-core\src\test\java\org\mockito\internal\invocation\MatcherApplicationStrategyTest.java,MatcherApplicationStrategyTest.java,RecordingAction,testMethod,0,3,"// corresponds to Scala method like `def testMethod(a: String)(b: String*)(c: String)`
void",public,false,true,true,false
C:\Users\simon\Documents\Code\thesis-code\mockito-main\mockito-core\src\test\java\org\mockito\internal\invocation\MatcherApplicationStrategyTest.java,MatcherApplicationStrategyTest.java,RecordingAction,shouldDetectScalaVarargsProperly,11,0,void,public,true,false,true,false
C:\Users\simon\Documents\Code\thesis-code\mockito-main\mockito-core\src\test\java\org\mockito\internal\invocation\MatcherApplicationStrategyTest.java,MatcherApplicationStrategyTest.java,RecordingAction,shouldLoadExistingClasses,4,0,void,public,true,false,true,false
C:\Users\simon\Documents\Code\thesis-code\mockito-main\mockito-core\src\test\java\org\mockito\internal\invocation\MatcherApplicationStrategyTest.java,MatcherApplicationStrategyTest.java,RecordingAction,shouldReturnEmptyLoadingNonExistingClasses,3,0,void,public,true,false,true,false
C:\Users\simon\Documents\Code\thesis-code\mockito-main\mockito-core\src\test\java\org\mockito\internal\invocation\MatcherApplicationStrategyTest.java,MatcherApplicationStrategyTest.java,RecordingAction,matches,1,1,boolean,public,false,false,true,false
C:\Users\simon\Documents\Code\thesis-code\mockito-main\mockito-core\src\test\java\org\mockito\internal\invocation\MatcherApplicationStrategyTest.java,MatcherApplicationStrategyTest.java,RecordingAction,describeTo,0,1,void,public,false,false,true,false
C:\Users\simon\Documents\Code\thesis-code\mockito-main\mockito-core\src\test\java\org\mockito\internal\invocation\MatcherApplicationStrategyTest.java,MatcherApplicationStrategyTest.java,RecordingAction,matches,1,1,boolean,public,false,false,true,false
C:\Users\simon\Documents\Code\thesis-code\mockito-main\mockito-core\src\test\java\org\mockito\internal\invocation\MatcherApplicationStrategyTest.java,MatcherApplicationStrategyTest.java,RecordingAction,describeTo,0,1,void,public,false,false,true,false
C:\Users\simon\Documents\Code\thesis-code\mockito-main\mockito-core\src\test\java\org\mockito\internal\invocation\MatcherApplicationStrategyTest.java,MatcherApplicationStrategyTest.java,RecordingAction,mixedVarargs,2,2,Invocation,private,false,false,true,false
C:\Users\simon\Documents\Code\thesis-code\mockito-main\mockito-core\src\test\java\org\mockito\internal\invocation\MatcherApplicationStrategyTest.java,MatcherApplicationStrategyTest.java,RecordingAction,varargs,2,1,Invocation,private,false,false,true,false
C:\Users\simon\Documents\Code\thesis-code\mockito-main\mockito-core\src\test\java\org\mockito\internal\invocation\MatcherApplicationStrategyTest.java,MatcherApplicationStrategyTest.java,RecordingAction,apply,2,2,boolean,public,false,false,true,false
C:\Users\simon\Documents\Code\thesis-code\mockito-main\mockito-core\src\test\java\org\mockito\internal\invocation\MatcherApplicationStrategyTest.java,MatcherApplicationStrategyTest.java,RecordingAction,assertIsEmpty,1,0,void,public,false,false,true,false
C:\Users\simon\Documents\Code\thesis-code\mockito-main\mockito-core\src\test\java\org\mockito\internal\invocation\MatcherApplicationStrategyTest.java,MatcherApplicationStrategyTest.java,RecordingAction,assertContainsExactly,1,1,void,public,false,false,true,false
C:\Users\simon\Documents\Code\thesis-code\mockito-main\mockito-core\src\test\java\org\mockito\internal\invocation\MatcherApplicationStrategyTest.java,MatcherApplicationStrategyTest.java,RecordingAction,apply,1,2,boolean,public,false,false,true,false
C:\Users\simon\Documents\Code\thesis-code\mockito-main\mockito-core\src\test\java\org\mockito\internal\invocation\MatcherApplicationStrategyTest.java,MatcherApplicationStrategyTest.java,RecordingAction,apply,1,2,boolean,public,false,false,true,false
C:\Users\simon\Documents\Code\thesis-code\mockito-main\mockito-core\src\test\java\org\mockito\internal\invocation\mockref\MockWeakReferenceTest.java,MockWeakReferenceTest.java,MockWeakReferenceTest,descriptive_exception_when_mock_was_collected,1,0,void,public,true,false,true,true
C:\Users\simon\Documents\Code\thesis-code\mockito-main\mockito-core\src\test\java\org\mockito\internal\invocation\SerializableMethodTest.java,SerializableMethodTest.java,SerializableMethodTest,createMethodToTestWith,3,0,void,public,false,false,true,true
C:\Users\simon\Documents\Code\thesis-code\mockito-main\mockito-core\src\test\java\org\mockito\internal\invocation\SerializableMethodTest.java,SerializableMethodTest.java,SerializableMethodTest,shouldBeSerializable,2,0,void,public,true,false,true,true
C:\Users\simon\Documents\Code\thesis-code\mockito-main\mockito-core\src\test\java\org\mockito\internal\invocation\SerializableMethodTest.java,SerializableMethodTest.java,SerializableMethodTest,shouldBeAbleToRetrieveMethodExceptionTypes,1,0,void,public,true,false,true,true
C:\Users\simon\Documents\Code\thesis-code\mockito-main\mockito-core\src\test\java\org\mockito\internal\invocation\SerializableMethodTest.java,SerializableMethodTest.java,SerializableMethodTest,shouldBeAbleToRetrieveMethodName,1,0,void,public,true,false,true,true
C:\Users\simon\Documents\Code\thesis-code\mockito-main\mockito-core\src\test\java\org\mockito\internal\invocation\SerializableMethodTest.java,SerializableMethodTest.java,SerializableMethodTest,shouldBeAbleToCheckIsArgVargs,1,0,void,public,true,false,true,true
C:\Users\simon\Documents\Code\thesis-code\mockito-main\mockito-core\src\test\java\org\mockito\internal\invocation\SerializableMethodTest.java,SerializableMethodTest.java,SerializableMethodTest,shouldBeAbleToGetParameterTypes,1,0,void,public,true,false,true,true
C:\Users\simon\Documents\Code\thesis-code\mockito-main\mockito-core\src\test\java\org\mockito\internal\invocation\SerializableMethodTest.java,SerializableMethodTest.java,SerializableMethodTest,shouldBeAbleToGetReturnType,1,0,void,public,true,false,true,true
C:\Users\simon\Documents\Code\thesis-code\mockito-main\mockito-core\src\test\java\org\mockito\internal\invocation\SerializableMethodTest.java,SerializableMethodTest.java,SerializableMethodTest,shouldBeEqualForTwoInstances,1,0,void,public,true,false,true,true
C:\Users\simon\Documents\Code\thesis-code\mockito-main\mockito-core\src\test\java\org\mockito\internal\invocation\SerializableMethodTest.java,SerializableMethodTest.java,SerializableMethodTest,shouldNotBeEqualForSameMethodFromTwoDifferentClasses,2,0,void,public,true,false,true,true
C:\Users\simon\Documents\Code\thesis-code\mockito-main\mockito-core\src\test\java\org\mockito\internal\invocation\TypeSafeMatchingTest.java,TypeSafeMatchingTest.java,GenericMatcher,compareNullArgument,2,0,void,public,true,false,true,false
C:\Users\simon\Documents\Code\thesis-code\mockito-main\mockito-core\src\test\java\org\mockito\internal\invocation\TypeSafeMatchingTest.java,TypeSafeMatchingTest.java,GenericMatcher,compareToNonCompareable,2,0,void,public,true,false,true,false
C:\Users\simon\Documents\Code\thesis-code\mockito-main\mockito-core\src\test\java\org\mockito\internal\invocation\TypeSafeMatchingTest.java,TypeSafeMatchingTest.java,GenericMatcher,compareToNull,2,0,void,public,true,false,true,false
C:\Users\simon\Documents\Code\thesis-code\mockito-main\mockito-core\src\test\java\org\mockito\internal\invocation\TypeSafeMatchingTest.java,TypeSafeMatchingTest.java,GenericMatcher,compareToNull2,2,0,void,public,true,false,true,false
C:\Users\simon\Documents\Code\thesis-code\mockito-main\mockito-core\src\test\java\org\mockito\internal\invocation\TypeSafeMatchingTest.java,TypeSafeMatchingTest.java,GenericMatcher,compareToStringVsInt,2,0,void,public,true,false,true,false
C:\Users\simon\Documents\Code\thesis-code\mockito-main\mockito-core\src\test\java\org\mockito\internal\invocation\TypeSafeMatchingTest.java,TypeSafeMatchingTest.java,GenericMatcher,compareToIntVsString,2,0,void,public,true,false,true,false
C:\Users\simon\Documents\Code\thesis-code\mockito-main\mockito-core\src\test\java\org\mockito\internal\invocation\TypeSafeMatchingTest.java,TypeSafeMatchingTest.java,GenericMatcher,matchesOverloadsMustBeIgnored,3,0,void,public,true,false,true,false
C:\Users\simon\Documents\Code\thesis-code\mockito-main\mockito-core\src\test\java\org\mockito\internal\invocation\TypeSafeMatchingTest.java,TypeSafeMatchingTest.java,GenericMatcher,matches,1,1,boolean,public,false,false,true,false
C:\Users\simon\Documents\Code\thesis-code\mockito-main\mockito-core\src\test\java\org\mockito\internal\invocation\TypeSafeMatchingTest.java,TypeSafeMatchingTest.java,GenericMatcher,matches,1,1,boolean,public,false,false,true,false
C:\Users\simon\Documents\Code\thesis-code\mockito-main\mockito-core\src\test\java\org\mockito\internal\invocation\TypeSafeMatchingTest.java,TypeSafeMatchingTest.java,GenericMatcher,matches,1,2,boolean,public,false,false,true,false
C:\Users\simon\Documents\Code\thesis-code\mockito-main\mockito-core\src\test\java\org\mockito\internal\invocation\TypeSafeMatchingTest.java,TypeSafeMatchingTest.java,GenericMatcher,matchesWithSubTypeExtendingGenericClass,4,0,void,public,true,false,true,false
C:\Users\simon\Documents\Code\thesis-code\mockito-main\mockito-core\src\test\java\org\mockito\internal\invocation\TypeSafeMatchingTest.java,TypeSafeMatchingTest.java,GenericMatcher,matches,1,1,boolean,public,false,false,true,false
C:\Users\simon\Documents\Code\thesis-code\mockito-main\mockito-core\src\test\java\org\mockito\internal\invocation\TypeSafeMatchingTest.java,TypeSafeMatchingTest.java,GenericMatcher,dontMatchesWithSubTypeExtendingGenericClass,9,0,void,public,true,false,true,false
C:\Users\simon\Documents\Code\thesis-code\mockito-main\mockito-core\src\test\java\org\mockito\internal\invocation\TypeSafeMatchingTest.java,TypeSafeMatchingTest.java,GenericMatcher,matches,2,1,boolean,public,false,false,true,false
C:\Users\simon\Documents\Code\thesis-code\mockito-main\mockito-core\src\test\java\org\mockito\internal\invocation\TypeSafeMatchingTest.java,TypeSafeMatchingTest.java,GenericMatcher,passEveryArgumentTypeIfNoBridgeMethodWasGenerated,8,0,void,public,true,false,true,false
C:\Users\simon\Documents\Code\thesis-code\mockito-main\mockito-core\src\test\java\org\mockito\internal\invocation\TypeSafeMatchingTest.java,TypeSafeMatchingTest.java,GenericMatcher,matches,2,1,boolean,public,false,false,true,false
C:\Users\simon\Documents\Code\thesis-code\mockito-main\mockito-core\src\test\java\org\mockito\internal\junit\ArgMismatchFinderTest.java,ArgMismatchFinderTest.java,ArgMismatchFinderTest,no_interactions,2,0,void,public,true,false,true,true
C:\Users\simon\Documents\Code\thesis-code\mockito-main\mockito-core\src\test\java\org\mockito\internal\junit\ArgMismatchFinderTest.java,ArgMismatchFinderTest.java,ArgMismatchFinderTest,no_mismatch_when_mock_different,4,0,void,public,true,false,true,true
C:\Users\simon\Documents\Code\thesis-code\mockito-main\mockito-core\src\test\java\org\mockito\internal\junit\ArgMismatchFinderTest.java,ArgMismatchFinderTest.java,ArgMismatchFinderTest,no_mismatch_when_method_different,4,0,void,public,true,false,true,true
C:\Users\simon\Documents\Code\thesis-code\mockito-main\mockito-core\src\test\java\org\mockito\internal\junit\ArgMismatchFinderTest.java,ArgMismatchFinderTest.java,ArgMismatchFinderTest,no_mismatch_when_stubbing_used,5,0,void,public,true,false,true,true
C:\Users\simon\Documents\Code\thesis-code\mockito-main\mockito-core\src\test\java\org\mockito\internal\junit\ArgMismatchFinderTest.java,ArgMismatchFinderTest.java,ArgMismatchFinderTest,stubbing_mismatch,4,0,void,public,true,false,true,true
C:\Users\simon\Documents\Code\thesis-code\mockito-main\mockito-core\src\test\java\org\mockito\internal\junit\ArgMismatchFinderTest.java,ArgMismatchFinderTest.java,ArgMismatchFinderTest,single_mismatch_with_multiple_invocations,6,0,void,public,true,false,true,true
C:\Users\simon\Documents\Code\thesis-code\mockito-main\mockito-core\src\test\java\org\mockito\internal\junit\ArgMismatchFinderTest.java,ArgMismatchFinderTest.java,ArgMismatchFinderTest,single_invocation_with_multiple_stubs,6,0,void,public,true,false,true,true
C:\Users\simon\Documents\Code\thesis-code\mockito-main\mockito-core\src\test\java\org\mockito\internal\junit\ArgMismatchFinderTest.java,ArgMismatchFinderTest.java,ArgMismatchFinderTest,mismatch_reports_only_unstubbed_invocations,6,0,void,public,true,false,true,true
C:\Users\simon\Documents\Code\thesis-code\mockito-main\mockito-core\src\test\java\org\mockito\internal\junit\ExceptionFactoryTest.java,ExceptionFactoryTest.java,ExceptionFactoryTest,init,3,0,void,public; static,false,false,true,true
C:\Users\simon\Documents\Code\thesis-code\mockito-main\mockito-core\src\test\java\org\mockito\internal\junit\ExceptionFactoryTest.java,ExceptionFactoryTest.java,ExceptionFactoryTest,createArgumentsAreDifferentException_withoutJUnitOrOpenTest,2,0,void,public,true,false,true,true
C:\Users\simon\Documents\Code\thesis-code\mockito-main\mockito-core\src\test\java\org\mockito\internal\junit\ExceptionFactoryTest.java,ExceptionFactoryTest.java,ExceptionFactoryTest,createArgumentsAreDifferentException_withOpenTest,2,0,void,public,true,false,true,true
C:\Users\simon\Documents\Code\thesis-code\mockito-main\mockito-core\src\test\java\org\mockito\internal\junit\ExceptionFactoryTest.java,ExceptionFactoryTest.java,ExceptionFactoryTest,createArgumentsAreDifferentException_withoutJUnitOrOpenTest_2x,5,0,void,public,true,false,true,true
C:\Users\simon\Documents\Code\thesis-code\mockito-main\mockito-core\src\test\java\org\mockito\internal\junit\ExceptionFactoryTest.java,ExceptionFactoryTest.java,ExceptionFactoryTest,createArgumentsAreDifferentException_withOpenTest_2x,5,0,void,public,true,false,true,true
C:\Users\simon\Documents\Code\thesis-code\mockito-main\mockito-core\src\test\java\org\mockito\internal\junit\ExceptionFactoryTest.java,ExceptionFactoryTest.java,ExceptionFactoryTest,invokeFactoryThroughLoader,3,1,AssertionError,private; static,false,false,true,true
C:\Users\simon\Documents\Code\thesis-code\mockito-main\mockito-core\src\test\java\org\mockito\internal\junit\JUnitRuleTest.java,JUnitRuleTest.java,JUnitRuleTest,injects_into_test_case,1,0,void,public,true,false,true,true
C:\Users\simon\Documents\Code\thesis-code\mockito-main\mockito-core\src\test\java\org\mockito\internal\junit\JUnitRuleTest.java,JUnitRuleTest.java,JUnitRuleTest,rethrows_exception,2,0,void,public,true,false,true,true
C:\Users\simon\Documents\Code\thesis-code\mockito-main\mockito-core\src\test\java\org\mockito\internal\junit\JUnitRuleTest.java,JUnitRuleTest.java,JUnitRuleTest,detects_invalid_mockito_usage_on_success,2,0,void,public,true,false,true,true
C:\Users\simon\Documents\Code\thesis-code\mockito-main\mockito-core\src\test\java\org\mockito\internal\junit\JUnitRuleTest.java,JUnitRuleTest.java,JUnitRuleTest,does_not_check_invalid_mockito_usage_on_failure,3,0,void,public,true,false,true,true
C:\Users\simon\Documents\Code\thesis-code\mockito-main\mockito-core\src\test\java\org\mockito\internal\junit\StubbingArgMismatchesTest.java,StubbingArgMismatchesTest.java,StubbingArgMismatchesTest,no_op_when_no_mismatches,2,0,void,public,true,false,true,true
C:\Users\simon\Documents\Code\thesis-code\mockito-main\mockito-core\src\test\java\org\mockito\internal\junit\StubbingArgMismatchesTest.java,StubbingArgMismatchesTest.java,StubbingArgMismatchesTest,logs_mismatch,3,0,void,public,true,false,true,true
C:\Users\simon\Documents\Code\thesis-code\mockito-main\mockito-core\src\test\java\org\mockito\internal\junit\StubbingArgMismatchesTest.java,StubbingArgMismatchesTest.java,StubbingArgMismatchesTest,multiple_matching_invocations_per_stub_plus_some_other_invocation,6,0,void,public,true,false,true,true
C:\Users\simon\Documents\Code\thesis-code\mockito-main\mockito-core\src\test\java\org\mockito\internal\junit\UnusedStubbingsTest.java,UnusedStubbingsTest.java,UnusedStubbingsTest,no_unused_stubbings,3,0,void,public,true,false,true,true
C:\Users\simon\Documents\Code\thesis-code\mockito-main\mockito-core\src\test\java\org\mockito\internal\junit\UnusedStubbingsTest.java,UnusedStubbingsTest.java,UnusedStubbingsTest,unused_stubbings,3,0,void,public,true,false,true,true
C:\Users\simon\Documents\Code\thesis-code\mockito-main\mockito-core\src\test\java\org\mockito\internal\listeners\StubbingLookupNotifierTest.java,StubbingLookupNotifierTest.java,EventArgumentMatcher,does_not_do_anything_when_list_is_empty,2,0,void,public,true,false,true,false
C:\Users\simon\Documents\Code\thesis-code\mockito-main\mockito-core\src\test\java\org\mockito\internal\listeners\StubbingLookupNotifierTest.java,StubbingLookupNotifierTest.java,EventArgumentMatcher,call_on_stubbing_lookup_method_of_listeners_with_correct_event,7,0,void,public,true,false,true,false
C:\Users\simon\Documents\Code\thesis-code\mockito-main\mockito-core\src\test\java\org\mockito\internal\listeners\StubbingLookupNotifierTest.java,StubbingLookupNotifierTest.java,EventArgumentMatcher,matches,1,1,boolean,public,false,false,true,false
C:\Users\simon\Documents\Code\thesis-code\mockito-main\mockito-core\src\test\java\org\mockito\internal\listeners\VerificationStartedNotifierTest.java,VerificationStartedNotifierTest.java,VerificationStartedNotifierTest,does_not_do_anything_when_list_is_empty,1,0,void,public,true,false,true,true
C:\Users\simon\Documents\Code\thesis-code\mockito-main\mockito-core\src\test\java\org\mockito\internal\listeners\VerificationStartedNotifierTest.java,VerificationStartedNotifierTest.java,VerificationStartedNotifierTest,decent_exception_when_setting_non_mock,2,0,void,public,true,false,true,true
C:\Users\simon\Documents\Code\thesis-code\mockito-main\mockito-core\src\test\java\org\mockito\internal\listeners\VerificationStartedNotifierTest.java,VerificationStartedNotifierTest.java,VerificationStartedNotifierTest,shows_clean_exception_message_when_illegal_null_arg_is_used,2,0,void,public,true,false,true,true
C:\Users\simon\Documents\Code\thesis-code\mockito-main\mockito-core\src\test\java\org\mockito\internal\listeners\VerificationStartedNotifierTest.java,VerificationStartedNotifierTest.java,VerificationStartedNotifierTest,decent_exception_when_setting_mock_of_wrong_type,3,0,void,public,true,false,true,true
C:\Users\simon\Documents\Code\thesis-code\mockito-main\mockito-core\src\test\java\org\mockito\internal\listeners\VerificationStartedNotifierTest.java,VerificationStartedNotifierTest.java,VerificationStartedNotifierTest,decent_exception_when_setting_mock_that_does_not_implement_all_desired_interfaces,4,0,void,public,true,false,true,true
C:\Users\simon\Documents\Code\thesis-code\mockito-main\mockito-core\src\test\java\org\mockito\internal\listeners\VerificationStartedNotifierTest.java,VerificationStartedNotifierTest.java,VerificationStartedNotifierTest,accepts_replacement_mock_if_all_types_are_compatible,5,0,void,public,true,false,true,true
C:\Users\simon\Documents\Code\thesis-code\mockito-main\mockito-core\src\test\java\org\mockito\internal\matchers\AndTest.java,AndTest.java,SubType,setUp,1,0,void,public,false,false,true,false
C:\Users\simon\Documents\Code\thesis-code\mockito-main\mockito-core\src\test\java\org\mockito\internal\matchers\AndTest.java,AndTest.java,SubType,shouldReturnMatchingTypes,3,0,void,public,true,false,true,false
C:\Users\simon\Documents\Code\thesis-code\mockito-main\mockito-core\src\test\java\org\mockito\internal\matchers\AndTest.java,AndTest.java,SubType,shouldDefaultMismatchingTypes,3,0,void,public,true,false,true,false
C:\Users\simon\Documents\Code\thesis-code\mockito-main\mockito-core\src\test\java\org\mockito\internal\matchers\AndTest.java,AndTest.java,SubType,shouldReturnLeftBaseType,3,0,void,public,true,false,true,false
C:\Users\simon\Documents\Code\thesis-code\mockito-main\mockito-core\src\test\java\org\mockito\internal\matchers\AndTest.java,AndTest.java,SubType,shouldReturnRightBaseType,3,0,void,public,true,false,true,false
C:\Users\simon\Documents\Code\thesis-code\mockito-main\mockito-core\src\test\java\org\mockito\internal\matchers\apachecommons\EqualsBuilderTest.java,EqualsBuilderTest.java,TestObjectWithMultipleFields,testname,0,0,void,public,true,true,true,true
C:\Users\simon\Documents\Code\thesis-code\mockito-main\mockito-core\src\test\java\org\mockito\internal\matchers\apachecommons\EqualsBuilderTest.java,EqualsBuilderTest.java,TestObjectWithMultipleFields,equals,5,1,boolean,public,false,false,true,true
C:\Users\simon\Documents\Code\thesis-code\mockito-main\mockito-core\src\test\java\org\mockito\internal\matchers\apachecommons\EqualsBuilderTest.java,EqualsBuilderTest.java,TestObjectWithMultipleFields,hashCode,1,0,int,public,false,false,true,true
C:\Users\simon\Documents\Code\thesis-code\mockito-main\mockito-core\src\test\java\org\mockito\internal\matchers\apachecommons\EqualsBuilderTest.java,EqualsBuilderTest.java,TestObjectWithMultipleFields,setA,1,1,void,public,false,false,true,true
C:\Users\simon\Documents\Code\thesis-code\mockito-main\mockito-core\src\test\java\org\mockito\internal\matchers\apachecommons\EqualsBuilderTest.java,EqualsBuilderTest.java,TestObjectWithMultipleFields,getA,1,0,int,public,false,false,true,true
C:\Users\simon\Documents\Code\thesis-code\mockito-main\mockito-core\src\test\java\org\mockito\internal\matchers\apachecommons\EqualsBuilderTest.java,EqualsBuilderTest.java,TestObjectWithMultipleFields,equals,5,1,boolean,public,false,false,true,true
C:\Users\simon\Documents\Code\thesis-code\mockito-main\mockito-core\src\test\java\org\mockito\internal\matchers\apachecommons\EqualsBuilderTest.java,EqualsBuilderTest.java,TestObjectWithMultipleFields,hashCode,1,0,int,public,false,false,true,true
C:\Users\simon\Documents\Code\thesis-code\mockito-main\mockito-core\src\test\java\org\mockito\internal\matchers\apachecommons\EqualsBuilderTest.java,EqualsBuilderTest.java,TestObjectWithMultipleFields,setB,1,1,void,public,false,false,true,true
C:\Users\simon\Documents\Code\thesis-code\mockito-main\mockito-core\src\test\java\org\mockito\internal\matchers\apachecommons\EqualsBuilderTest.java,EqualsBuilderTest.java,TestObjectWithMultipleFields,getB,1,0,int,public,false,false,true,true
C:\Users\simon\Documents\Code\thesis-code\mockito-main\mockito-core\src\test\java\org\mockito\internal\matchers\apachecommons\EqualsBuilderTest.java,EqualsBuilderTest.java,TestObjectWithMultipleFields,getT,1,0,int,public,false,false,true,true
C:\Users\simon\Documents\Code\thesis-code\mockito-main\mockito-core\src\test\java\org\mockito\internal\matchers\apachecommons\EqualsBuilderTest.java,EqualsBuilderTest.java,TestObjectWithMultipleFields,setT,1,1,void,public,false,false,true,true
C:\Users\simon\Documents\Code\thesis-code\mockito-main\mockito-core\src\test\java\org\mockito\internal\matchers\apachecommons\EqualsBuilderTest.java,EqualsBuilderTest.java,TestObjectWithMultipleFields,testReflectionEquals,10,0,void,public,true,true,true,true
C:\Users\simon\Documents\Code\thesis-code\mockito-main\mockito-core\src\test\java\org\mockito\internal\matchers\apachecommons\EqualsBuilderTest.java,EqualsBuilderTest.java,TestObjectWithMultipleFields,testReflectionHierarchyEquals,7,0,void,public,true,true,true,true
C:\Users\simon\Documents\Code\thesis-code\mockito-main\mockito-core\src\test\java\org\mockito\internal\matchers\apachecommons\EqualsBuilderTest.java,EqualsBuilderTest.java,TestObjectWithMultipleFields,testReflectionHierarchyEquals,36,1,void,private,false,true,true,true
C:\Users\simon\Documents\Code\thesis-code\mockito-main\mockito-core\src\test\java\org\mockito\internal\matchers\apachecommons\EqualsBuilderTest.java,EqualsBuilderTest.java,TestObjectWithMultipleFields,testReflectionEqualsEquivalenceRelationship,17,6,void,private,false,true,true,true
C:\Users\simon\Documents\Code\thesis-code\mockito-main\mockito-core\src\test\java\org\mockito\internal\matchers\apachecommons\EqualsBuilderTest.java,EqualsBuilderTest.java,TestObjectWithMultipleFields,testSuper,6,0,void,public,true,true,true,true
C:\Users\simon\Documents\Code\thesis-code\mockito-main\mockito-core\src\test\java\org\mockito\internal\matchers\apachecommons\EqualsBuilderTest.java,EqualsBuilderTest.java,TestObjectWithMultipleFields,testObject,10,0,void,public,true,true,true,true
C:\Users\simon\Documents\Code\thesis-code\mockito-main\mockito-core\src\test\java\org\mockito\internal\matchers\apachecommons\EqualsBuilderTest.java,EqualsBuilderTest.java,TestObjectWithMultipleFields,testLong,4,0,void,public,true,true,true,true
C:\Users\simon\Documents\Code\thesis-code\mockito-main\mockito-core\src\test\java\org\mockito\internal\matchers\apachecommons\EqualsBuilderTest.java,EqualsBuilderTest.java,TestObjectWithMultipleFields,testInt,4,0,void,public,true,true,true,true
C:\Users\simon\Documents\Code\thesis-code\mockito-main\mockito-core\src\test\java\org\mockito\internal\matchers\apachecommons\EqualsBuilderTest.java,EqualsBuilderTest.java,TestObjectWithMultipleFields,testShort,4,0,void,public,true,true,true,true
C:\Users\simon\Documents\Code\thesis-code\mockito-main\mockito-core\src\test\java\org\mockito\internal\matchers\apachecommons\EqualsBuilderTest.java,EqualsBuilderTest.java,TestObjectWithMultipleFields,testChar,4,0,void,public,true,true,true,true
C:\Users\simon\Documents\Code\thesis-code\mockito-main\mockito-core\src\test\java\org\mockito\internal\matchers\apachecommons\EqualsBuilderTest.java,EqualsBuilderTest.java,TestObjectWithMultipleFields,testByte,4,0,void,public,true,true,true,true
C:\Users\simon\Documents\Code\thesis-code\mockito-main\mockito-core\src\test\java\org\mockito\internal\matchers\apachecommons\EqualsBuilderTest.java,EqualsBuilderTest.java,TestObjectWithMultipleFields,testDouble,7,0,void,public,true,true,true,true
C:\Users\simon\Documents\Code\thesis-code\mockito-main\mockito-core\src\test\java\org\mockito\internal\matchers\apachecommons\EqualsBuilderTest.java,EqualsBuilderTest.java,TestObjectWithMultipleFields,testFloat,7,0,void,public,true,true,true,true
C:\Users\simon\Documents\Code\thesis-code\mockito-main\mockito-core\src\test\java\org\mockito\internal\matchers\apachecommons\EqualsBuilderTest.java,EqualsBuilderTest.java,TestObjectWithMultipleFields,testBigDecimal,4,0,void,public,true,true,true,true
C:\Users\simon\Documents\Code\thesis-code\mockito-main\mockito-core\src\test\java\org\mockito\internal\matchers\apachecommons\EqualsBuilderTest.java,EqualsBuilderTest.java,TestObjectWithMultipleFields,testAccessors,6,0,void,public,true,true,true,true
C:\Users\simon\Documents\Code\thesis-code\mockito-main\mockito-core\src\test\java\org\mockito\internal\matchers\apachecommons\EqualsBuilderTest.java,EqualsBuilderTest.java,TestObjectWithMultipleFields,testBoolean,4,0,void,public,true,true,true,true
C:\Users\simon\Documents\Code\thesis-code\mockito-main\mockito-core\src\test\java\org\mockito\internal\matchers\apachecommons\EqualsBuilderTest.java,EqualsBuilderTest.java,TestObjectWithMultipleFields,testObjectArray,23,0,void,public,true,true,true,true
C:\Users\simon\Documents\Code\thesis-code\mockito-main\mockito-core\src\test\java\org\mockito\internal\matchers\apachecommons\EqualsBuilderTest.java,EqualsBuilderTest.java,TestObjectWithMultipleFields,testLongArray,14,0,void,public,true,true,true,true
C:\Users\simon\Documents\Code\thesis-code\mockito-main\mockito-core\src\test\java\org\mockito\internal\matchers\apachecommons\EqualsBuilderTest.java,EqualsBuilderTest.java,TestObjectWithMultipleFields,testIntArray,14,0,void,public,true,true,true,true
C:\Users\simon\Documents\Code\thesis-code\mockito-main\mockito-core\src\test\java\org\mockito\internal\matchers\apachecommons\EqualsBuilderTest.java,EqualsBuilderTest.java,TestObjectWithMultipleFields,testShortArray,14,0,void,public,true,true,true,true
C:\Users\simon\Documents\Code\thesis-code\mockito-main\mockito-core\src\test\java\org\mockito\internal\matchers\apachecommons\EqualsBuilderTest.java,EqualsBuilderTest.java,TestObjectWithMultipleFields,testCharArray,14,0,void,public,true,true,true,true
C:\Users\simon\Documents\Code\thesis-code\mockito-main\mockito-core\src\test\java\org\mockito\internal\matchers\apachecommons\EqualsBuilderTest.java,EqualsBuilderTest.java,TestObjectWithMultipleFields,testByteArray,14,0,void,public,true,true,true,true
C:\Users\simon\Documents\Code\thesis-code\mockito-main\mockito-core\src\test\java\org\mockito\internal\matchers\apachecommons\EqualsBuilderTest.java,EqualsBuilderTest.java,TestObjectWithMultipleFields,testDoubleArray,14,0,void,public,true,true,true,true
C:\Users\simon\Documents\Code\thesis-code\mockito-main\mockito-core\src\test\java\org\mockito\internal\matchers\apachecommons\EqualsBuilderTest.java,EqualsBuilderTest.java,TestObjectWithMultipleFields,testFloatArray,14,0,void,public,true,true,true,true
C:\Users\simon\Documents\Code\thesis-code\mockito-main\mockito-core\src\test\java\org\mockito\internal\matchers\apachecommons\EqualsBuilderTest.java,EqualsBuilderTest.java,TestObjectWithMultipleFields,testBooleanArray,14,0,void,public,true,true,true,true
C:\Users\simon\Documents\Code\thesis-code\mockito-main\mockito-core\src\test\java\org\mockito\internal\matchers\apachecommons\EqualsBuilderTest.java,EqualsBuilderTest.java,TestObjectWithMultipleFields,testMultiLongArray,7,0,void,public,true,true,true,true
C:\Users\simon\Documents\Code\thesis-code\mockito-main\mockito-core\src\test\java\org\mockito\internal\matchers\apachecommons\EqualsBuilderTest.java,EqualsBuilderTest.java,TestObjectWithMultipleFields,testMultiIntArray,7,0,void,public,true,true,true,true
C:\Users\simon\Documents\Code\thesis-code\mockito-main\mockito-core\src\test\java\org\mockito\internal\matchers\apachecommons\EqualsBuilderTest.java,EqualsBuilderTest.java,TestObjectWithMultipleFields,testMultiShortArray,7,0,void,public,true,true,true,true
C:\Users\simon\Documents\Code\thesis-code\mockito-main\mockito-core\src\test\java\org\mockito\internal\matchers\apachecommons\EqualsBuilderTest.java,EqualsBuilderTest.java,TestObjectWithMultipleFields,testMultiCharArray,7,0,void,public,true,true,true,true
C:\Users\simon\Documents\Code\thesis-code\mockito-main\mockito-core\src\test\java\org\mockito\internal\matchers\apachecommons\EqualsBuilderTest.java,EqualsBuilderTest.java,TestObjectWithMultipleFields,testMultiByteArray,7,0,void,public,true,true,true,true
C:\Users\simon\Documents\Code\thesis-code\mockito-main\mockito-core\src\test\java\org\mockito\internal\matchers\apachecommons\EqualsBuilderTest.java,EqualsBuilderTest.java,TestObjectWithMultipleFields,testMultiFloatArray,7,0,void,public,true,true,true,true
C:\Users\simon\Documents\Code\thesis-code\mockito-main\mockito-core\src\test\java\org\mockito\internal\matchers\apachecommons\EqualsBuilderTest.java,EqualsBuilderTest.java,TestObjectWithMultipleFields,testMultiDoubleArray,7,0,void,public,true,true,true,true
C:\Users\simon\Documents\Code\thesis-code\mockito-main\mockito-core\src\test\java\org\mockito\internal\matchers\apachecommons\EqualsBuilderTest.java,EqualsBuilderTest.java,TestObjectWithMultipleFields,testMultiBooleanArray,12,0,void,public,true,true,true,true
C:\Users\simon\Documents\Code\thesis-code\mockito-main\mockito-core\src\test\java\org\mockito\internal\matchers\apachecommons\EqualsBuilderTest.java,EqualsBuilderTest.java,TestObjectWithMultipleFields,testRaggedArray,7,0,void,public,true,true,true,true
C:\Users\simon\Documents\Code\thesis-code\mockito-main\mockito-core\src\test\java\org\mockito\internal\matchers\apachecommons\EqualsBuilderTest.java,EqualsBuilderTest.java,TestObjectWithMultipleFields,testMixedArray,7,0,void,public,true,true,true,true
C:\Users\simon\Documents\Code\thesis-code\mockito-main\mockito-core\src\test\java\org\mockito\internal\matchers\apachecommons\EqualsBuilderTest.java,EqualsBuilderTest.java,TestObjectWithMultipleFields,testObjectArrayHiddenByObject,14,0,void,public,true,true,true,true
C:\Users\simon\Documents\Code\thesis-code\mockito-main\mockito-core\src\test\java\org\mockito\internal\matchers\apachecommons\EqualsBuilderTest.java,EqualsBuilderTest.java,TestObjectWithMultipleFields,testLongArrayHiddenByObject,14,0,void,public,true,true,true,true
C:\Users\simon\Documents\Code\thesis-code\mockito-main\mockito-core\src\test\java\org\mockito\internal\matchers\apachecommons\EqualsBuilderTest.java,EqualsBuilderTest.java,TestObjectWithMultipleFields,testIntArrayHiddenByObject,14,0,void,public,true,true,true,true
C:\Users\simon\Documents\Code\thesis-code\mockito-main\mockito-core\src\test\java\org\mockito\internal\matchers\apachecommons\EqualsBuilderTest.java,EqualsBuilderTest.java,TestObjectWithMultipleFields,testShortArrayHiddenByObject,14,0,void,public,true,true,true,true
C:\Users\simon\Documents\Code\thesis-code\mockito-main\mockito-core\src\test\java\org\mockito\internal\matchers\apachecommons\EqualsBuilderTest.java,EqualsBuilderTest.java,TestObjectWithMultipleFields,testCharArrayHiddenByObject,14,0,void,public,true,true,true,true
C:\Users\simon\Documents\Code\thesis-code\mockito-main\mockito-core\src\test\java\org\mockito\internal\matchers\apachecommons\EqualsBuilderTest.java,EqualsBuilderTest.java,TestObjectWithMultipleFields,testByteArrayHiddenByObject,14,0,void,public,true,true,true,true
C:\Users\simon\Documents\Code\thesis-code\mockito-main\mockito-core\src\test\java\org\mockito\internal\matchers\apachecommons\EqualsBuilderTest.java,EqualsBuilderTest.java,TestObjectWithMultipleFields,testDoubleArrayHiddenByObject,14,0,void,public,true,true,true,true
C:\Users\simon\Documents\Code\thesis-code\mockito-main\mockito-core\src\test\java\org\mockito\internal\matchers\apachecommons\EqualsBuilderTest.java,EqualsBuilderTest.java,TestObjectWithMultipleFields,testFloatArrayHiddenByObject,14,0,void,public,true,true,true,true
C:\Users\simon\Documents\Code\thesis-code\mockito-main\mockito-core\src\test\java\org\mockito\internal\matchers\apachecommons\EqualsBuilderTest.java,EqualsBuilderTest.java,TestObjectWithMultipleFields,testBooleanArrayHiddenByObject,14,0,void,public,true,true,true,true
C:\Users\simon\Documents\Code\thesis-code\mockito-main\mockito-core\src\test\java\org\mockito\internal\matchers\apachecommons\EqualsBuilderTest.java,EqualsBuilderTest.java,TestObjectWithMultipleFields,equals,4,1,boolean,public,false,false,true,true
C:\Users\simon\Documents\Code\thesis-code\mockito-main\mockito-core\src\test\java\org\mockito\internal\matchers\apachecommons\EqualsBuilderTest.java,EqualsBuilderTest.java,TestObjectWithMultipleFields,hashCode,1,0,int,public,false,false,true,true
C:\Users\simon\Documents\Code\thesis-code\mockito-main\mockito-core\src\test\java\org\mockito\internal\matchers\apachecommons\EqualsBuilderTest.java,EqualsBuilderTest.java,TestObjectWithMultipleFields,getA,1,0,int,public,false,false,true,true
C:\Users\simon\Documents\Code\thesis-code\mockito-main\mockito-core\src\test\java\org\mockito\internal\matchers\apachecommons\EqualsBuilderTest.java,EqualsBuilderTest.java,TestObjectWithMultipleFields,equals,4,1,boolean,public,false,false,true,true
C:\Users\simon\Documents\Code\thesis-code\mockito-main\mockito-core\src\test\java\org\mockito\internal\matchers\apachecommons\EqualsBuilderTest.java,EqualsBuilderTest.java,TestObjectWithMultipleFields,hashCode,1,0,int,public,false,false,true,true
C:\Users\simon\Documents\Code\thesis-code\mockito-main\mockito-core\src\test\java\org\mockito\internal\matchers\apachecommons\EqualsBuilderTest.java,EqualsBuilderTest.java,TestObjectWithMultipleFields,getB,1,0,int,public,false,false,true,true
C:\Users\simon\Documents\Code\thesis-code\mockito-main\mockito-core\src\test\java\org\mockito\internal\matchers\apachecommons\EqualsBuilderTest.java,EqualsBuilderTest.java,TestObjectWithMultipleFields,testUnrelatedClasses,14,0,void,public,true,true,true,true
C:\Users\simon\Documents\Code\thesis-code\mockito-main\mockito-core\src\test\java\org\mockito\internal\matchers\apachecommons\EqualsBuilderTest.java,EqualsBuilderTest.java,TestObjectWithMultipleFields,testNpeForNullElement,3,0,void,public,true,true,true,true
C:\Users\simon\Documents\Code\thesis-code\mockito-main\mockito-core\src\test\java\org\mockito\internal\matchers\apachecommons\EqualsBuilderTest.java,EqualsBuilderTest.java,TestObjectWithMultipleFields,testReflectionEqualsExcludeFields,11,0,void,public,true,true,true,true
C:\Users\simon\Documents\Code\thesis-code\mockito-main\mockito-core\src\test\java\org\mockito\internal\matchers\CapturingMatcherTest.java,CapturingMatcherTest.java,CapturingMatcherTest,should_capture_arguments,4,0,void,public,true,false,true,true
C:\Users\simon\Documents\Code\thesis-code\mockito-main\mockito-core\src\test\java\org\mockito\internal\matchers\CapturingMatcherTest.java,CapturingMatcherTest.java,CapturingMatcherTest,should_know_last_captured_value,4,0,void,public,true,false,true,true
C:\Users\simon\Documents\Code\thesis-code\mockito-main\mockito-core\src\test\java\org\mockito\internal\matchers\CapturingMatcherTest.java,CapturingMatcherTest.java,CapturingMatcherTest,should_scream_when_nothing_yet_captured,2,0,void,public,true,false,true,true
C:\Users\simon\Documents\Code\thesis-code\mockito-main\mockito-core\src\test\java\org\mockito\internal\matchers\CapturingMatcherTest.java,CapturingMatcherTest.java,CapturingMatcherTest,should_not_fail_when_used_in_concurrent_tests,6,0,void,public,true,false,true,true
C:\Users\simon\Documents\Code\thesis-code\mockito-main\mockito-core\src\test\java\org\mockito\internal\matchers\ComparableMatchersTest.java,ComparableMatchersTest.java,ComparableMatchersTest,testLessThan,1,0,void,public,true,true,true,true
C:\Users\simon\Documents\Code\thesis-code\mockito-main\mockito-core\src\test\java\org\mockito\internal\matchers\ComparableMatchersTest.java,ComparableMatchersTest.java,ComparableMatchersTest,testGreaterThan,1,0,void,public,true,true,true,true
C:\Users\simon\Documents\Code\thesis-code\mockito-main\mockito-core\src\test\java\org\mockito\internal\matchers\ComparableMatchersTest.java,ComparableMatchersTest.java,ComparableMatchersTest,testLessOrEqual,1,0,void,public,true,true,true,true
C:\Users\simon\Documents\Code\thesis-code\mockito-main\mockito-core\src\test\java\org\mockito\internal\matchers\ComparableMatchersTest.java,ComparableMatchersTest.java,ComparableMatchersTest,testGreaterOrEqual,1,0,void,public,true,true,true,true
C:\Users\simon\Documents\Code\thesis-code\mockito-main\mockito-core\src\test\java\org\mockito\internal\matchers\ComparableMatchersTest.java,ComparableMatchersTest.java,ComparableMatchersTest,testCompareEqual,3,0,void,public,true,true,true,true
C:\Users\simon\Documents\Code\thesis-code\mockito-main\mockito-core\src\test\java\org\mockito\internal\matchers\ComparableMatchersTest.java,ComparableMatchersTest.java,ComparableMatchersTest,test,4,5,void,private,false,true,true,true
C:\Users\simon\Documents\Code\thesis-code\mockito-main\mockito-core\src\test\java\org\mockito\internal\matchers\EqualityTest.java,EqualityTest.java,BadEquals,shouldKnowIfObjectsAreEqual,13,0,void,public,true,false,true,false
C:\Users\simon\Documents\Code\thesis-code\mockito-main\mockito-core\src\test\java\org\mockito\internal\matchers\EqualityTest.java,EqualityTest.java,BadEquals,equals,1,1,boolean,public,false,false,true,false
C:\Users\simon\Documents\Code\thesis-code\mockito-main\mockito-core\src\test\java\org\mockito\internal\matchers\EqualsTest.java,EqualsTest.java,EqualsTest,shouldBeEqual,5,0,void,public,true,false,true,true
C:\Users\simon\Documents\Code\thesis-code\mockito-main\mockito-core\src\test\java\org\mockito\internal\matchers\EqualsTest.java,EqualsTest.java,EqualsTest,shouldArraysBeEqual,2,0,void,public,true,false,true,true
C:\Users\simon\Documents\Code\thesis-code\mockito-main\mockito-core\src\test\java\org\mockito\internal\matchers\EqualsTest.java,EqualsTest.java,EqualsTest,shouldDescribeWithExtraTypeInfo,2,0,void,public,true,false,true,true
C:\Users\simon\Documents\Code\thesis-code\mockito-main\mockito-core\src\test\java\org\mockito\internal\matchers\EqualsTest.java,EqualsTest.java,EqualsTest,shouldDescribeWithExtraTypeInfoOfLong,2,0,void,public,true,false,true,true
C:\Users\simon\Documents\Code\thesis-code\mockito-main\mockito-core\src\test\java\org\mockito\internal\matchers\EqualsTest.java,EqualsTest.java,EqualsTest,shouldDescribeWithTypeOfString,2,0,void,public,true,false,true,true
C:\Users\simon\Documents\Code\thesis-code\mockito-main\mockito-core\src\test\java\org\mockito\internal\matchers\EqualsTest.java,EqualsTest.java,EqualsTest,shouldAppendQuotingForString,2,0,void,public,true,false,true,true
C:\Users\simon\Documents\Code\thesis-code\mockito-main\mockito-core\src\test\java\org\mockito\internal\matchers\EqualsTest.java,EqualsTest.java,EqualsTest,shouldAppendQuotingForChar,2,0,void,public,true,false,true,true
C:\Users\simon\Documents\Code\thesis-code\mockito-main\mockito-core\src\test\java\org\mockito\internal\matchers\EqualsTest.java,EqualsTest.java,EqualsTest,shouldDescribeUsingToString,2,0,void,public,true,false,true,true
C:\Users\simon\Documents\Code\thesis-code\mockito-main\mockito-core\src\test\java\org\mockito\internal\matchers\EqualsTest.java,EqualsTest.java,EqualsTest,shouldDescribeNull,2,0,void,public,true,false,true,true
C:\Users\simon\Documents\Code\thesis-code\mockito-main\mockito-core\src\test\java\org\mockito\internal\matchers\EqualsTest.java,EqualsTest.java,EqualsTest,shouldMatchTypes,3,0,void,public,true,false,true,true
C:\Users\simon\Documents\Code\thesis-code\mockito-main\mockito-core\src\test\java\org\mockito\internal\matchers\EqualsTest.java,EqualsTest.java,EqualsTest,shouldMatchTypesSafelyWhenActualIsNull,2,0,void,public,true,false,true,true
C:\Users\simon\Documents\Code\thesis-code\mockito-main\mockito-core\src\test\java\org\mockito\internal\matchers\EqualsTest.java,EqualsTest.java,EqualsTest,shouldMatchTypesSafelyWhenGivenIsNull,2,0,void,public,true,false,true,true
C:\Users\simon\Documents\Code\thesis-code\mockito-main\mockito-core\src\test\java\org\mockito\internal\matchers\EqualsTest.java,EqualsTest.java,EqualsTest,shouldInferType,1,0,void,public,true,false,true,true
C:\Users\simon\Documents\Code\thesis-code\mockito-main\mockito-core\src\test\java\org\mockito\internal\matchers\EqualsTest.java,EqualsTest.java,EqualsTest,shouldDefaultTypeOnNull,1,0,void,public,true,false,true,true
C:\Users\simon\Documents\Code\thesis-code\mockito-main\mockito-core\src\test\java\org\mockito\internal\matchers\InstanceOfTest.java,InstanceOfTest.java,InstanceOfTest,should_describe_the_matcher,3,0,void,public,true,false,true,true
C:\Users\simon\Documents\Code\thesis-code\mockito-main\mockito-core\src\test\java\org\mockito\internal\matchers\InstanceOfTest.java,InstanceOfTest.java,InstanceOfTest,should_check_instance_type,4,0,void,public,true,false,true,true
C:\Users\simon\Documents\Code\thesis-code\mockito-main\mockito-core\src\test\java\org\mockito\internal\matchers\InstanceOfTest.java,InstanceOfTest.java,InstanceOfTest,should_check_for_primitive_wrapper_types,20,0,void,public,true,false,true,true
C:\Users\simon\Documents\Code\thesis-code\mockito-main\mockito-core\src\test\java\org\mockito\internal\matchers\InstanceOfTest.java,InstanceOfTest.java,InstanceOfTest,can_be_vararg_aware,3,0,void,public,true,false,true,true
C:\Users\simon\Documents\Code\thesis-code\mockito-main\mockito-core\src\test\java\org\mockito\internal\matchers\MatchersPrinterTest.java,MatchersPrinterTest.java,MatchersPrinterTest,shouldGetArgumentsLine,2,0,void,public,true,false,true,true
C:\Users\simon\Documents\Code\thesis-code\mockito-main\mockito-core\src\test\java\org\mockito\internal\matchers\MatchersPrinterTest.java,MatchersPrinterTest.java,MatchersPrinterTest,shouldGetArgumentsBlock,2,0,void,public,true,false,true,true
C:\Users\simon\Documents\Code\thesis-code\mockito-main\mockito-core\src\test\java\org\mockito\internal\matchers\MatchersPrinterTest.java,MatchersPrinterTest.java,MatchersPrinterTest,shouldDescribeTypeInfoOnlyMarkedMatchers,2,0,void,public,true,false,true,true
C:\Users\simon\Documents\Code\thesis-code\mockito-main\mockito-core\src\test\java\org\mockito\internal\matchers\MatchersPrinterTest.java,MatchersPrinterTest.java,MatchersPrinterTest,shouldDescribeStringMatcher,2,0,void,public,true,false,true,true
C:\Users\simon\Documents\Code\thesis-code\mockito-main\mockito-core\src\test\java\org\mockito\internal\matchers\MatchersPrinterTest.java,MatchersPrinterTest.java,MatchersPrinterTest,shouldGetVerboseArgumentsInBlock,2,0,void,public,true,false,true,true
C:\Users\simon\Documents\Code\thesis-code\mockito-main\mockito-core\src\test\java\org\mockito\internal\matchers\MatchersPrinterTest.java,MatchersPrinterTest.java,MatchersPrinterTest,shouldGetVerboseArgumentsEvenIfSomeMatchersAreNotVerbose,2,0,void,public,true,false,true,true
C:\Users\simon\Documents\Code\thesis-code\mockito-main\mockito-core\src\test\java\org\mockito\internal\matchers\MatchersToStringTest.java,MatchersToStringTest.java,MatchersToStringTest,sameToStringWithString,1,0,void,public,true,false,true,true
C:\Users\simon\Documents\Code\thesis-code\mockito-main\mockito-core\src\test\java\org\mockito\internal\matchers\MatchersToStringTest.java,MatchersToStringTest.java,MatchersToStringTest,nullToString,1,0,void,public,true,false,true,true
C:\Users\simon\Documents\Code\thesis-code\mockito-main\mockito-core\src\test\java\org\mockito\internal\matchers\MatchersToStringTest.java,MatchersToStringTest.java,MatchersToStringTest,notNullToString,1,0,void,public,true,false,true,true
C:\Users\simon\Documents\Code\thesis-code\mockito-main\mockito-core\src\test\java\org\mockito\internal\matchers\MatchersToStringTest.java,MatchersToStringTest.java,MatchersToStringTest,anyToString,1,0,void,public,true,false,true,true
C:\Users\simon\Documents\Code\thesis-code\mockito-main\mockito-core\src\test\java\org\mockito\internal\matchers\MatchersToStringTest.java,MatchersToStringTest.java,MatchersToStringTest,sameToStringWithChar,1,0,void,public,true,false,true,true
C:\Users\simon\Documents\Code\thesis-code\mockito-main\mockito-core\src\test\java\org\mockito\internal\matchers\MatchersToStringTest.java,MatchersToStringTest.java,MatchersToStringTest,sameToStringWithObject,2,0,void,public,true,false,true,true
C:\Users\simon\Documents\Code\thesis-code\mockito-main\mockito-core\src\test\java\org\mockito\internal\matchers\MatchersToStringTest.java,MatchersToStringTest.java,MatchersToStringTest,toString,1,0,String,public,false,false,true,true
C:\Users\simon\Documents\Code\thesis-code\mockito-main\mockito-core\src\test\java\org\mockito\internal\matchers\MatchersToStringTest.java,MatchersToStringTest.java,MatchersToStringTest,equalsToStringWithString,1,0,void,public,true,false,true,true
C:\Users\simon\Documents\Code\thesis-code\mockito-main\mockito-core\src\test\java\org\mockito\internal\matchers\MatchersToStringTest.java,MatchersToStringTest.java,MatchersToStringTest,equalsToStringWithChar,1,0,void,public,true,false,true,true
C:\Users\simon\Documents\Code\thesis-code\mockito-main\mockito-core\src\test\java\org\mockito\internal\matchers\MatchersToStringTest.java,MatchersToStringTest.java,MatchersToStringTest,equalsToStringWithObject,2,0,void,public,true,false,true,true
C:\Users\simon\Documents\Code\thesis-code\mockito-main\mockito-core\src\test\java\org\mockito\internal\matchers\MatchersToStringTest.java,MatchersToStringTest.java,MatchersToStringTest,toString,1,0,String,public,false,false,true,true
C:\Users\simon\Documents\Code\thesis-code\mockito-main\mockito-core\src\test\java\org\mockito\internal\matchers\MatchersToStringTest.java,MatchersToStringTest.java,MatchersToStringTest,orToString,3,0,void,public,true,false,true,true
C:\Users\simon\Documents\Code\thesis-code\mockito-main\mockito-core\src\test\java\org\mockito\internal\matchers\MatchersToStringTest.java,MatchersToStringTest.java,MatchersToStringTest,notToString,1,0,void,public,true,false,true,true
C:\Users\simon\Documents\Code\thesis-code\mockito-main\mockito-core\src\test\java\org\mockito\internal\matchers\MatchersToStringTest.java,MatchersToStringTest.java,MatchersToStringTest,andToString,3,0,void,public,true,false,true,true
C:\Users\simon\Documents\Code\thesis-code\mockito-main\mockito-core\src\test\java\org\mockito\internal\matchers\MatchersToStringTest.java,MatchersToStringTest.java,MatchersToStringTest,startsWithToString,1,0,void,public,true,false,true,true
C:\Users\simon\Documents\Code\thesis-code\mockito-main\mockito-core\src\test\java\org\mockito\internal\matchers\MatchersToStringTest.java,MatchersToStringTest.java,MatchersToStringTest,endsWithToString,1,0,void,public,true,false,true,true
C:\Users\simon\Documents\Code\thesis-code\mockito-main\mockito-core\src\test\java\org\mockito\internal\matchers\MatchersToStringTest.java,MatchersToStringTest.java,MatchersToStringTest,containsToString,1,0,void,public,true,false,true,true
C:\Users\simon\Documents\Code\thesis-code\mockito-main\mockito-core\src\test\java\org\mockito\internal\matchers\MatchersToStringTest.java,MatchersToStringTest.java,MatchersToStringTest,findToString,1,0,void,public,true,false,true,true
C:\Users\simon\Documents\Code\thesis-code\mockito-main\mockito-core\src\test\java\org\mockito\internal\matchers\MatchersToStringTest.java,MatchersToStringTest.java,MatchersToStringTest,matchesToString,2,0,void,public,true,false,true,true
C:\Users\simon\Documents\Code\thesis-code\mockito-main\mockito-core\src\test\java\org\mockito\internal\matchers\OrTest.java,OrTest.java,SubType,setUp,1,0,void,public,false,false,true,false
C:\Users\simon\Documents\Code\thesis-code\mockito-main\mockito-core\src\test\java\org\mockito\internal\matchers\OrTest.java,OrTest.java,SubType,shouldReturnMatchingTypes,3,0,void,public,true,false,true,false
C:\Users\simon\Documents\Code\thesis-code\mockito-main\mockito-core\src\test\java\org\mockito\internal\matchers\OrTest.java,OrTest.java,SubType,shouldDefaultMismatchingTypes,3,0,void,public,true,false,true,false
C:\Users\simon\Documents\Code\thesis-code\mockito-main\mockito-core\src\test\java\org\mockito\internal\matchers\OrTest.java,OrTest.java,SubType,shouldReturnLeftBaseType,3,0,void,public,true,false,true,false
C:\Users\simon\Documents\Code\thesis-code\mockito-main\mockito-core\src\test\java\org\mockito\internal\matchers\OrTest.java,OrTest.java,SubType,shouldReturnRightBaseType,3,0,void,public,true,false,true,false
C:\Users\simon\Documents\Code\thesis-code\mockito-main\mockito-core\src\test\java\org\mockito\internal\matchers\SameTest.java,SameTest.java,SameTest,shouldInferType,1,0,void,public,true,false,true,true
C:\Users\simon\Documents\Code\thesis-code\mockito-main\mockito-core\src\test\java\org\mockito\internal\matchers\SameTest.java,SameTest.java,SameTest,shouldDefaultTypeOnNull,1,0,void,public,true,false,true,true
C:\Users\simon\Documents\Code\thesis-code\mockito-main\mockito-core\src\test\java\org\mockito\internal\matchers\StringMatchersTest.java,StringMatchersTest.java,StringMatchersTest,startsWithString,1,0,void,public,true,false,true,true
C:\Users\simon\Documents\Code\thesis-code\mockito-main\mockito-core\src\test\java\org\mockito\internal\matchers\StringMatchersTest.java,StringMatchersTest.java,StringMatchersTest,doesNotStartWithString,1,0,void,public,true,false,true,true
C:\Users\simon\Documents\Code\thesis-code\mockito-main\mockito-core\src\test\java\org\mockito\internal\matchers\StringMatchersTest.java,StringMatchersTest.java,StringMatchersTest,nullStartsWith,1,0,void,public,true,false,true,true
C:\Users\simon\Documents\Code\thesis-code\mockito-main\mockito-core\src\test\java\org\mockito\internal\matchers\StringMatchersTest.java,StringMatchersTest.java,StringMatchersTest,endsWithString,1,0,void,public,true,false,true,true
C:\Users\simon\Documents\Code\thesis-code\mockito-main\mockito-core\src\test\java\org\mockito\internal\matchers\StringMatchersTest.java,StringMatchersTest.java,StringMatchersTest,doesNotEndWithString,1,0,void,public,true,false,true,true
C:\Users\simon\Documents\Code\thesis-code\mockito-main\mockito-core\src\test\java\org\mockito\internal\matchers\StringMatchersTest.java,StringMatchersTest.java,StringMatchersTest,nullEndsWith,1,0,void,public,true,false,true,true
C:\Users\simon\Documents\Code\thesis-code\mockito-main\mockito-core\src\test\java\org\mockito\internal\matchers\StringMatchersTest.java,StringMatchersTest.java,StringMatchersTest,containsString,1,0,void,public,true,false,true,true
C:\Users\simon\Documents\Code\thesis-code\mockito-main\mockito-core\src\test\java\org\mockito\internal\matchers\StringMatchersTest.java,StringMatchersTest.java,StringMatchersTest,stringDoesNotContain,1,0,void,public,true,false,true,true
C:\Users\simon\Documents\Code\thesis-code\mockito-main\mockito-core\src\test\java\org\mockito\internal\matchers\StringMatchersTest.java,StringMatchersTest.java,StringMatchersTest,nullContainsNothing,1,0,void,public,true,false,true,true
C:\Users\simon\Documents\Code\thesis-code\mockito-main\mockito-core\src\test\java\org\mockito\internal\matchers\StringMatchersTest.java,StringMatchersTest.java,StringMatchersTest,matchesRegex,2,0,void,public,true,false,true,true
C:\Users\simon\Documents\Code\thesis-code\mockito-main\mockito-core\src\test\java\org\mockito\internal\matchers\StringMatchersTest.java,StringMatchersTest.java,StringMatchersTest,doesNotMatchRegex,1,0,void,public,true,false,true,true
C:\Users\simon\Documents\Code\thesis-code\mockito-main\mockito-core\src\test\java\org\mockito\internal\matchers\StringMatchersTest.java,StringMatchersTest.java,StringMatchersTest,nullDoesNotMatchRegex,1,0,void,public,true,false,true,true
C:\Users\simon\Documents\Code\thesis-code\mockito-main\mockito-core\src\test\java\org\mockito\internal\matchers\text\MatcherToStringTest.java,MatcherToStringTest.java,MatcherWithInheritedDescription,matches,1,1,boolean,public,false,false,true,false
C:\Users\simon\Documents\Code\thesis-code\mockito-main\mockito-core\src\test\java\org\mockito\internal\matchers\text\MatcherToStringTest.java,MatcherToStringTest.java,MatcherWithInheritedDescription,matches,1,1,boolean,public,false,false,true,false
C:\Users\simon\Documents\Code\thesis-code\mockito-main\mockito-core\src\test\java\org\mockito\internal\matchers\text\MatcherToStringTest.java,MatcherToStringTest.java,MatcherWithInheritedDescription,toString,1,0,String,public,false,false,true,false
C:\Users\simon\Documents\Code\thesis-code\mockito-main\mockito-core\src\test\java\org\mockito\internal\matchers\text\MatcherToStringTest.java,MatcherToStringTest.java,MatcherWithInheritedDescription,matches,1,1,boolean,public,false,false,true,false
C:\Users\simon\Documents\Code\thesis-code\mockito-main\mockito-core\src\test\java\org\mockito\internal\matchers\text\MatcherToStringTest.java,MatcherToStringTest.java,MatcherWithInheritedDescription,better_toString_for_matchers,3,0,void,public,true,false,true,false
C:\Users\simon\Documents\Code\thesis-code\mockito-main\mockito-core\src\test\java\org\mockito\internal\matchers\text\MatcherToStringTest.java,MatcherToStringTest.java,MatcherWithInheritedDescription,default_name_for_anonymous_matchers,4,0,void,public,true,false,true,false
C:\Users\simon\Documents\Code\thesis-code\mockito-main\mockito-core\src\test\java\org\mockito\internal\matchers\text\MatcherToStringTest.java,MatcherToStringTest.java,MatcherWithInheritedDescription,matches,1,1,boolean,public,false,false,true,false
C:\Users\simon\Documents\Code\thesis-code\mockito-main\mockito-core\src\test\java\org\mockito\internal\matchers\text\MatcherToStringTest.java,MatcherToStringTest.java,MatcherWithInheritedDescription,matches,1,1,boolean,public,false,false,true,false
C:\Users\simon\Documents\Code\thesis-code\mockito-main\mockito-core\src\test\java\org\mockito\internal\matchers\text\MatcherToStringTest.java,MatcherToStringTest.java,MatcherWithInheritedDescription,default_name_for_synthetic_matchers,4,0,void,public,true,false,true,false
C:\Users\simon\Documents\Code\thesis-code\mockito-main\mockito-core\src\test\java\org\mockito\internal\matchers\text\ValuePrinterTest.java,ValuePrinterTest.java,UnsafeToString,prints_values,23,0,void,public,true,false,true,false
C:\Users\simon\Documents\Code\thesis-code\mockito-main\mockito-core\src\test\java\org\mockito\internal\matchers\text\ValuePrinterTest.java,ValuePrinterTest.java,UnsafeToString,prints_chars,4,0,void,public,true,false,true,false
C:\Users\simon\Documents\Code\thesis-code\mockito-main\mockito-core\src\test\java\org\mockito\internal\matchers\text\ValuePrinterTest.java,ValuePrinterTest.java,UnsafeToString,toString,1,0,String,public,false,false,true,false
C:\Users\simon\Documents\Code\thesis-code\mockito-main\mockito-core\src\test\java\org\mockito\internal\matchers\text\ValuePrinterTest.java,ValuePrinterTest.java,UnsafeToString,toString,1,0,String,public,false,false,true,false
C:\Users\simon\Documents\Code\thesis-code\mockito-main\mockito-core\src\test\java\org\mockito\internal\progress\AtLeastTest.java,AtLeastTest.java,AtLeastTest,shouldNotAllowNegativeNumberOfMinimumInvocations,1,0,void,public,true,false,true,true
C:\Users\simon\Documents\Code\thesis-code\mockito-main\mockito-core\src\test\java\org\mockito\internal\progress\AtLeastTest.java,AtLeastTest.java,AtLeastTest,shouldAllowZeroInvocations,1,0,void,public,true,false,true,true
C:\Users\simon\Documents\Code\thesis-code\mockito-main\mockito-core\src\test\java\org\mockito\internal\progress\MockingProgressImplTest.java,MockingProgressImplTest.java,MyListener,setup,1,0,void,public,false,false,true,false
C:\Users\simon\Documents\Code\thesis-code\mockito-main\mockito-core\src\test\java\org\mockito\internal\progress\MockingProgressImplTest.java,MockingProgressImplTest.java,MyListener,shouldStartVerificationAndPullVerificationMode,5,0,void,public,true,false,true,false
C:\Users\simon\Documents\Code\thesis-code\mockito-main\mockito-core\src\test\java\org\mockito\internal\progress\MockingProgressImplTest.java,MockingProgressImplTest.java,MyListener,shouldCheckIfVerificationWasFinished,2,0,void,public,true,false,true,false
C:\Users\simon\Documents\Code\thesis-code\mockito-main\mockito-core\src\test\java\org\mockito\internal\progress\MockingProgressImplTest.java,MockingProgressImplTest.java,MyListener,shouldNotifyListenerSafely,2,0,void,public,true,false,true,false
C:\Users\simon\Documents\Code\thesis-code\mockito-main\mockito-core\src\test\java\org\mockito\internal\progress\MockingProgressImplTest.java,MockingProgressImplTest.java,MyListener,should_not_allow_redundant_listeners,5,0,void,public,true,false,true,false
C:\Users\simon\Documents\Code\thesis-code\mockito-main\mockito-core\src\test\java\org\mockito\internal\progress\MockingProgressImplTest.java,MockingProgressImplTest.java,MyListener,call,1,0,void,public,false,false,true,false
C:\Users\simon\Documents\Code\thesis-code\mockito-main\mockito-core\src\test\java\org\mockito\internal\progress\MockingProgressImplTest.java,MockingProgressImplTest.java,MyListener,should_clean_up_listeners_automatically,9,0,void,public,true,false,true,false
C:\Users\simon\Documents\Code\thesis-code\mockito-main\mockito-core\src\test\java\org\mockito\internal\progress\ThreadSafeMockingProgressTest.java,ThreadSafeMockingProgressTest.java,ThreadSafeMockingProgressTest,after,1,0,void,public,false,false,true,true
C:\Users\simon\Documents\Code\thesis-code\mockito-main\mockito-core\src\test\java\org\mockito\internal\progress\ThreadSafeMockingProgressTest.java,ThreadSafeMockingProgressTest.java,ThreadSafeMockingProgressTest,shouldShareState,4,0,void,public,true,false,true,true
C:\Users\simon\Documents\Code\thesis-code\mockito-main\mockito-core\src\test\java\org\mockito\internal\progress\ThreadSafeMockingProgressTest.java,ThreadSafeMockingProgressTest.java,ThreadSafeMockingProgressTest,shouldKnowWhenVerificationHasStarted,3,0,void,public,true,false,true,true
C:\Users\simon\Documents\Code\thesis-code\mockito-main\mockito-core\src\test\java\org\mockito\internal\progress\TimesTest.java,TimesTest.java,TimesTest,shouldNotAllowNegativeNumberOfInvocations,1,0,void,public,true,false,true,true
C:\Users\simon\Documents\Code\thesis-code\mockito-main\mockito-core\src\test\java\org\mockito\internal\reporting\PluralizerTest.java,PluralizerTest.java,PluralizerTest,pluralizes_number,4,0,void,public,true,false,true,true
C:\Users\simon\Documents\Code\thesis-code\mockito-main\mockito-core\src\test\java\org\mockito\internal\reporting\PluralizerTest.java,PluralizerTest.java,PluralizerTest,pluralizes_interactions,3,0,void,public,true,false,true,true
C:\Users\simon\Documents\Code\thesis-code\mockito-main\mockito-core\src\test\java\org\mockito\internal\runners\DefaultInternalRunnerTest.java,DefaultInternalRunnerTest.java,TestWithRepeatingRule,get,1,0,MockitoTestListener,public,false,false,true,true
C:\Users\simon\Documents\Code\thesis-code\mockito-main\mockito-core\src\test\java\org\mockito\internal\runners\DefaultInternalRunnerTest.java,DefaultInternalRunnerTest.java,TestWithRepeatingRule,does_not_fail_when_tests_succeeds,2,0,void,public,true,false,true,true
C:\Users\simon\Documents\Code\thesis-code\mockito-main\mockito-core\src\test\java\org\mockito\internal\runners\DefaultInternalRunnerTest.java,DefaultInternalRunnerTest.java,TestWithRepeatingRule,does_not_fail_second_test_when_first_test_fail,8,0,void,public,true,false,true,true
C:\Users\simon\Documents\Code\thesis-code\mockito-main\mockito-core\src\test\java\org\mockito\internal\runners\DefaultInternalRunnerTest.java,DefaultInternalRunnerTest.java,TestWithRepeatingRule,does_not_fail_when_rule_invokes_statement_multiple_times,2,0,void,public,true,false,true,true
C:\Users\simon\Documents\Code\thesis-code\mockito-main\mockito-core\src\test\java\org\mockito\internal\runners\DefaultInternalRunnerTest.java,DefaultInternalRunnerTest.java,TestWithRepeatingRule,verifyTestFinishedSuccessfully,3,0,void,private,false,false,true,true
C:\Users\simon\Documents\Code\thesis-code\mockito-main\mockito-core\src\test\java\org\mockito\internal\runners\DefaultInternalRunnerTest.java,DefaultInternalRunnerTest.java,TestWithRepeatingRule,newNotifier,3,1,RunNotifier,private,false,false,true,true
C:\Users\simon\Documents\Code\thesis-code\mockito-main\mockito-core\src\test\java\org\mockito\internal\runners\DefaultInternalRunnerTest.java,DefaultInternalRunnerTest.java,TestWithRepeatingRule,this_test_is_NOT_supposed_to_fail,1,0,void,public,true,false,true,true
C:\Users\simon\Documents\Code\thesis-code\mockito-main\mockito-core\src\test\java\org\mockito\internal\runners\DefaultInternalRunnerTest.java,DefaultInternalRunnerTest.java,TestWithRepeatingRule,this_test_is_supposed_to_fail,1,0,void,public,true,false,true,true
C:\Users\simon\Documents\Code\thesis-code\mockito-main\mockito-core\src\test\java\org\mockito\internal\runners\DefaultInternalRunnerTest.java,DefaultInternalRunnerTest.java,TestWithRepeatingRule,evaluate,2,0,void,public,false,false,true,true
C:\Users\simon\Documents\Code\thesis-code\mockito-main\mockito-core\src\test\java\org\mockito\internal\runners\util\RunnerProviderTest.java,RunnerProviderTest.java,RunnerProviderTest,shouldCreateRunnerInstance,3,0,void,public,true,false,true,true
C:\Users\simon\Documents\Code\thesis-code\mockito-main\mockito-core\src\test\java\org\mockito\internal\runners\util\TestMethodsFinderTest.java,TestMethodsFinderTest.java,DoesNotHaveTests,someTest,0,0,void,public,true,false,true,true
C:\Users\simon\Documents\Code\thesis-code\mockito-main\mockito-core\src\test\java\org\mockito\internal\runners\util\TestMethodsFinderTest.java,TestMethodsFinderTest.java,DoesNotHaveTests,someTest,0,0,void,public,false,false,true,true
C:\Users\simon\Documents\Code\thesis-code\mockito-main\mockito-core\src\test\java\org\mockito\internal\runners\util\TestMethodsFinderTest.java,TestMethodsFinderTest.java,DoesNotHaveTests,shouldKnowWhenClassHasTests,2,0,void,public,true,false,true,true
C:\Users\simon\Documents\Code\thesis-code\mockito-main\mockito-core\src\test\java\org\mockito\internal\session\DefaultMockitoSessionBuilderTest.java,DefaultMockitoSessionBuilderTest.java,NestedTestClass,after,1,0,void,public,false,false,true,false
C:\Users\simon\Documents\Code\thesis-code\mockito-main\mockito-core\src\test\java\org\mockito\internal\session\DefaultMockitoSessionBuilderTest.java,DefaultMockitoSessionBuilderTest.java,NestedTestClass,creates_sessions,8,0,void,public,true,false,true,false
C:\Users\simon\Documents\Code\thesis-code\mockito-main\mockito-core\src\test\java\org\mockito\internal\session\DefaultMockitoSessionBuilderTest.java,DefaultMockitoSessionBuilderTest.java,NestedTestClass,creates_sessions_for_multiple_test_class_instances_for_repeated_calls,5,0,void,public,true,false,true,false
C:\Users\simon\Documents\Code\thesis-code\mockito-main\mockito-core\src\test\java\org\mockito\internal\session\DefaultMockitoSessionBuilderTest.java,DefaultMockitoSessionBuilderTest.java,NestedTestClass,creates_sessions_for_multiple_test_class_instances_for_varargs_call,5,0,void,public,true,false,true,false
C:\Users\simon\Documents\Code\thesis-code\mockito-main\mockito-core\src\test\java\org\mockito\internal\session\DefaultMockitoSessionBuilderTest.java,DefaultMockitoSessionBuilderTest.java,NestedTestClass,uses_logger_and_strictness,6,0,void,public,true,false,true,false
C:\Users\simon\Documents\Code\thesis-code\mockito-main\mockito-core\src\test\java\org\mockito\internal\session\DefaultMockitoSessionBuilderTest.java,DefaultMockitoSessionBuilderTest.java,NestedTestClass,log,1,1,void,public,false,false,true,false
C:\Users\simon\Documents\Code\thesis-code\mockito-main\mockito-core\src\test\java\org\mockito\internal\session\DefaultMockitoSessionBuilderTest.java,DefaultMockitoSessionBuilderTest.java,NestedTestClass,requires_finish_mocking,2,0,void,public,true,false,true,false
C:\Users\simon\Documents\Code\thesis-code\mockito-main\mockito-core\src\test\java\org\mockito\internal\session\DefaultMockitoSessionBuilderTest.java,DefaultMockitoSessionBuilderTest.java,NestedTestClass,run,1,0,void,public,false,false,true,false
C:\Users\simon\Documents\Code\thesis-code\mockito-main\mockito-core\src\test\java\org\mockito\internal\session\DefaultMockitoSessionBuilderTest.java,DefaultMockitoSessionBuilderTest.java,NestedTestClass,auto_cleans_dirty_listeners,2,0,void,public,true,false,true,false
C:\Users\simon\Documents\Code\thesis-code\mockito-main\mockito-core\src\test\java\org\mockito\internal\session\DefaultMockitoSessionBuilderTest.java,DefaultMockitoSessionBuilderTest.java,NestedTestClass,run,1,0,void,public,false,false,true,false
C:\Users\simon\Documents\Code\thesis-code\mockito-main\mockito-core\src\test\java\org\mockito\internal\stubbing\answers\AbstractThrowsExceptionTest.java,AbstractThrowsExceptionTest.java,AbstractThrowsExceptionTest,should_raise_wanted_throwable,5,0,void,public,true,false,true,true
C:\Users\simon\Documents\Code\thesis-code\mockito-main\mockito-core\src\test\java\org\mockito\internal\stubbing\answers\AbstractThrowsExceptionTest.java,AbstractThrowsExceptionTest.java,AbstractThrowsExceptionTest,should_throw_mock_exception_without_stacktrace,4,0,void,public,true,false,true,true
C:\Users\simon\Documents\Code\thesis-code\mockito-main\mockito-core\src\test\java\org\mockito\internal\stubbing\answers\AbstractThrowsExceptionTest.java,AbstractThrowsExceptionTest.java,AbstractThrowsExceptionTest,should_fill_in_exception_stacktrace,5,0,void,public,true,false,true,true
C:\Users\simon\Documents\Code\thesis-code\mockito-main\mockito-core\src\test\java\org\mockito\internal\stubbing\answers\AbstractThrowsExceptionTest.java,AbstractThrowsExceptionTest.java,AbstractThrowsExceptionTest,should_invalidate_null_throwable,4,0,void,public,true,false,true,true
C:\Users\simon\Documents\Code\thesis-code\mockito-main\mockito-core\src\test\java\org\mockito\internal\stubbing\answers\AbstractThrowsExceptionTest.java,AbstractThrowsExceptionTest.java,AbstractThrowsExceptionTest,should_throw_illegal_state_exception_if_null_answer,4,0,void,public,true,false,true,true
C:\Users\simon\Documents\Code\thesis-code\mockito-main\mockito-core\src\test\java\org\mockito\internal\stubbing\answers\AbstractThrowsExceptionTest.java,AbstractThrowsExceptionTest.java,AbstractThrowsExceptionTest,should_pass_proper_checked_exception,1,0,void,public,true,false,true,true
C:\Users\simon\Documents\Code\thesis-code\mockito-main\mockito-core\src\test\java\org\mockito\internal\stubbing\answers\AbstractThrowsExceptionTest.java,AbstractThrowsExceptionTest.java,AbstractThrowsExceptionTest,should_fail_invalid_checked_exception,5,0,void,public,true,false,true,true
C:\Users\simon\Documents\Code\thesis-code\mockito-main\mockito-core\src\test\java\org\mockito\internal\stubbing\answers\AbstractThrowsExceptionTest.java,AbstractThrowsExceptionTest.java,AbstractThrowsExceptionTest,should_pass_RuntimeException,1,0,void,public,true,false,true,true
C:\Users\simon\Documents\Code\thesis-code\mockito-main\mockito-core\src\test\java\org\mockito\internal\stubbing\answers\AbstractThrowsExceptionTest.java,AbstractThrowsExceptionTest.java,AbstractThrowsExceptionTest,should_pass_Error,1,0,void,public,true,false,true,true
C:\Users\simon\Documents\Code\thesis-code\mockito-main\mockito-core\src\test\java\org\mockito\internal\stubbing\answers\AbstractThrowsExceptionTest.java,AbstractThrowsExceptionTest.java,AbstractThrowsExceptionTest,instantiateFixture,1,1,AbstractThrowsException,private; static,false,false,true,true
C:\Users\simon\Documents\Code\thesis-code\mockito-main\mockito-core\src\test\java\org\mockito\internal\stubbing\answers\AbstractThrowsExceptionTest.java,AbstractThrowsExceptionTest.java,AbstractThrowsExceptionTest,getThrowable,1,0,Throwable,protected,false,false,true,true
C:\Users\simon\Documents\Code\thesis-code\mockito-main\mockito-core\src\test\java\org\mockito\internal\stubbing\answers\AbstractThrowsExceptionTest.java,AbstractThrowsExceptionTest.java,AbstractThrowsExceptionTest,createMethodInvocation,1,0,Invocation,private; static,false,false,true,true
C:\Users\simon\Documents\Code\thesis-code\mockito-main\mockito-core\src\test\java\org\mockito\internal\stubbing\answers\AbstractThrowsExceptionTest.java,AbstractThrowsExceptionTest.java,AbstractThrowsExceptionTest,fixture_should_return_expected_throwable,3,0,void,public,true,false,true,true
C:\Users\simon\Documents\Code\thesis-code\mockito-main\mockito-core\src\test\java\org\mockito\internal\stubbing\answers\AnswersWithDelayTest.java,AnswersWithDelayTest.java,AnswersWithDelayTest,should_return_value,1,0,void,public,true,false,true,true
C:\Users\simon\Documents\Code\thesis-code\mockito-main\mockito-core\src\test\java\org\mockito\internal\stubbing\answers\AnswersWithDelayTest.java,AnswersWithDelayTest.java,AnswersWithDelayTest,should_fail_when_contained_answer_should_fail,1,0,void,public,true,false,true,true
C:\Users\simon\Documents\Code\thesis-code\mockito-main\mockito-core\src\test\java\org\mockito\internal\stubbing\answers\AnswersWithDelayTest.java,AnswersWithDelayTest.java,AnswersWithDelayTest,should_succeed_when_contained_answer_should_succeed,1,0,void,public,true,false,true,true
C:\Users\simon\Documents\Code\thesis-code\mockito-main\mockito-core\src\test\java\org\mockito\internal\stubbing\answers\AnswersWithDelayTest.java,AnswersWithDelayTest.java,AnswersWithDelayTest,should_delay,7,0,void,public,true,false,true,true
C:\Users\simon\Documents\Code\thesis-code\mockito-main\mockito-core\src\test\java\org\mockito\internal\stubbing\answers\CallsRealMethodsTest.java,CallsRealMethodsTest.java,CallsRealMethodsTest,should_delegate_to_returns_default_when_abstract_method,2,0,void,public,true,false,true,true
C:\Users\simon\Documents\Code\thesis-code\mockito-main\mockito-core\src\test\java\org\mockito\internal\stubbing\answers\CallsRealMethodsTest.java,CallsRealMethodsTest.java,CallsRealMethodsTest,should_fail_when_calling_real_method_on_interface,2,0,void,public,true,false,true,true
C:\Users\simon\Documents\Code\thesis-code\mockito-main\mockito-core\src\test\java\org\mockito\internal\stubbing\answers\CallsRealMethodsTest.java,CallsRealMethodsTest.java,CallsRealMethodsTest,should_be_OK_when_calling_real_method_on_concrete_class,4,0,void,public,true,false,true,true
C:\Users\simon\Documents\Code\thesis-code\mockito-main\mockito-core\src\test\java\org\mockito\internal\stubbing\answers\DeepStubReturnsEnumJava11Test.java,DeepStubReturnsEnumJava11Test.java,TestClass,deep_stub_can_mock_enum_getter_Issue_2984,3,0,void,public,true,false,true,true
C:\Users\simon\Documents\Code\thesis-code\mockito-main\mockito-core\src\test\java\org\mockito\internal\stubbing\answers\DeepStubReturnsEnumJava11Test.java,DeepStubReturnsEnumJava11Test.java,TestClass,deep_stub_can_mock_enum_class_Issue_2984,3,0,void,public,true,false,true,true
C:\Users\simon\Documents\Code\thesis-code\mockito-main\mockito-core\src\test\java\org\mockito\internal\stubbing\answers\DeepStubReturnsEnumJava11Test.java,DeepStubReturnsEnumJava11Test.java,TestClass,deep_stub_can_mock_enum_method_Issue_2984,4,0,void,public,true,false,true,true
C:\Users\simon\Documents\Code\thesis-code\mockito-main\mockito-core\src\test\java\org\mockito\internal\stubbing\answers\DeepStubReturnsEnumJava11Test.java,DeepStubReturnsEnumJava11Test.java,TestClass,mock_mocking_enum_getter_Issue_2984,4,0,void,public,true,false,true,true
C:\Users\simon\Documents\Code\thesis-code\mockito-main\mockito-core\src\test\java\org\mockito\internal\stubbing\answers\DeepStubReturnsEnumJava11Test.java,DeepStubReturnsEnumJava11Test.java,TestClass,getTestEnum,1,0,TestEnum,,false,false,true,true
C:\Users\simon\Documents\Code\thesis-code\mockito-main\mockito-core\src\test\java\org\mockito\internal\stubbing\answers\DeepStubReturnsEnumJava11Test.java,DeepStubReturnsEnumJava11Test.java,TestClass,getValue,1,0,String,,false,false,true,true
C:\Users\simon\Documents\Code\thesis-code\mockito-main\mockito-core\src\test\java\org\mockito\internal\stubbing\answers\DeepStubReturnsEnumJava11Test.java,DeepStubReturnsEnumJava11Test.java,TestClass,getValue,1,0,String,,false,false,true,true
C:\Users\simon\Documents\Code\thesis-code\mockito-main\mockito-core\src\test\java\org\mockito\internal\stubbing\answers\DeepStubReturnsEnumJava11Test.java,DeepStubReturnsEnumJava11Test.java,TestClass,getValue,0,0,String,abstract,false,false,true,true
C:\Users\simon\Documents\Code\thesis-code\mockito-main\mockito-core\src\test\java\org\mockito\internal\stubbing\answers\DefaultAnswerValidatorTest.java,DefaultAnswerValidatorTest.java,AWrongType,should_fail_if_returned_value_of_answer_is_incompatible_with_return_type,2,0,void,public,true,false,true,false
C:\Users\simon\Documents\Code\thesis-code\mockito-main\mockito-core\src\test\java\org\mockito\internal\stubbing\answers\DefaultAnswerValidatorTest.java,DefaultAnswerValidatorTest.java,AWrongType,should_not_fail_if_returned_value_of_answer_is_null,1,0,void,public,true,false,true,false
C:\Users\simon\Documents\Code\thesis-code\mockito-main\mockito-core\src\test\java\org\mockito\internal\stubbing\answers\DoesNothingTest.java,DoesNothingTest.java,SubclassWithGenericParameter,init,7,0,void,public,false,false,true,false
C:\Users\simon\Documents\Code\thesis-code\mockito-main\mockito-core\src\test\java\org\mockito\internal\stubbing\answers\DoesNothingTest.java,DoesNothingTest.java,SubclassWithGenericParameter,answer_returnsNull,3,0,void,public,true,false,true,false
C:\Users\simon\Documents\Code\thesis-code\mockito-main\mockito-core\src\test\java\org\mockito\internal\stubbing\answers\DoesNothingTest.java,DoesNothingTest.java,SubclassWithGenericParameter,validateFor_nonVoidReturnType_shouldFail,1,0,void,public,true,false,true,false
C:\Users\simon\Documents\Code\thesis-code\mockito-main\mockito-core\src\test\java\org\mockito\internal\stubbing\answers\DoesNothingTest.java,DoesNothingTest.java,SubclassWithGenericParameter,validateFor_voidReturnType_shouldPass,1,0,void,public,true,false,true,false
C:\Users\simon\Documents\Code\thesis-code\mockito-main\mockito-core\src\test\java\org\mockito\internal\stubbing\answers\DoesNothingTest.java,DoesNothingTest.java,SubclassWithGenericParameter,validateFor_voidObjectReturnType,1,0,void,public,true,false,true,false
C:\Users\simon\Documents\Code\thesis-code\mockito-main\mockito-core\src\test\java\org\mockito\internal\stubbing\answers\DoesNothingTest.java,DoesNothingTest.java,SubclassWithGenericParameter,answer_returns_null_for_generic_parameter,2,0,void,public,true,false,true,false
C:\Users\simon\Documents\Code\thesis-code\mockito-main\mockito-core\src\test\java\org\mockito\internal\stubbing\answers\DoesNothingTest.java,DoesNothingTest.java,SubclassWithGenericParameter,methodReturningT,1,0,T,,false,false,true,false
C:\Users\simon\Documents\Code\thesis-code\mockito-main\mockito-core\src\test\java\org\mockito\internal\stubbing\answers\InvocationInfoExceptionTest.java,InvocationInfoExceptionTest.java,CurrentClass,data,1,0,Collection<Object[]>,public; static,false,false,true,false
C:\Users\simon\Documents\Code\thesis-code\mockito-main\mockito-core\src\test\java\org\mockito\internal\stubbing\answers\InvocationInfoExceptionTest.java,InvocationInfoExceptionTest.java,CurrentClass,should_know_valid_throwables,4,0,void,public,true,false,true,false
C:\Users\simon\Documents\Code\thesis-code\mockito-main\mockito-core\src\test\java\org\mockito\internal\stubbing\answers\InvocationInfoExceptionTest.java,InvocationInfoExceptionTest.java,CurrentClass,grandParentThrowsException,0,0,void,public; abstract,false,false,true,false
C:\Users\simon\Documents\Code\thesis-code\mockito-main\mockito-core\src\test\java\org\mockito\internal\stubbing\answers\InvocationInfoExceptionTest.java,InvocationInfoExceptionTest.java,CurrentClass,interfaceOfParentThrowsException,0,0,void,abstract,false,false,true,false
C:\Users\simon\Documents\Code\thesis-code\mockito-main\mockito-core\src\test\java\org\mockito\internal\stubbing\answers\InvocationInfoExceptionTest.java,InvocationInfoExceptionTest.java,CurrentClass,parentThrowsException,0,0,void,public; abstract,false,false,true,false
C:\Users\simon\Documents\Code\thesis-code\mockito-main\mockito-core\src\test\java\org\mockito\internal\stubbing\answers\InvocationInfoExceptionTest.java,InvocationInfoExceptionTest.java,CurrentClass,grandInterfaceThrowsException,0,0,void,,false,false,true,false
C:\Users\simon\Documents\Code\thesis-code\mockito-main\mockito-core\src\test\java\org\mockito\internal\stubbing\answers\InvocationInfoExceptionTest.java,InvocationInfoExceptionTest.java,CurrentClass,interfaceThrowsException,0,0,void,,false,false,true,false
C:\Users\simon\Documents\Code\thesis-code\mockito-main\mockito-core\src\test\java\org\mockito\internal\stubbing\answers\InvocationInfoExceptionTest.java,InvocationInfoExceptionTest.java,CurrentClass,throwException,0,0,void,public,false,false,true,false
C:\Users\simon\Documents\Code\thesis-code\mockito-main\mockito-core\src\test\java\org\mockito\internal\stubbing\answers\InvocationInfoExceptionTest.java,InvocationInfoExceptionTest.java,CurrentClass,grandParentThrowsException,0,0,void,public,false,false,true,false
C:\Users\simon\Documents\Code\thesis-code\mockito-main\mockito-core\src\test\java\org\mockito\internal\stubbing\answers\InvocationInfoExceptionTest.java,InvocationInfoExceptionTest.java,CurrentClass,parentThrowsException,0,0,void,public,false,false,true,false
C:\Users\simon\Documents\Code\thesis-code\mockito-main\mockito-core\src\test\java\org\mockito\internal\stubbing\answers\InvocationInfoExceptionTest.java,InvocationInfoExceptionTest.java,CurrentClass,grandInterfaceThrowsException,0,0,void,public,false,false,true,false
C:\Users\simon\Documents\Code\thesis-code\mockito-main\mockito-core\src\test\java\org\mockito\internal\stubbing\answers\InvocationInfoExceptionTest.java,InvocationInfoExceptionTest.java,CurrentClass,interfaceThrowsException,0,0,void,public,false,false,true,false
C:\Users\simon\Documents\Code\thesis-code\mockito-main\mockito-core\src\test\java\org\mockito\internal\stubbing\answers\InvocationInfoExceptionTest.java,InvocationInfoExceptionTest.java,CurrentClass,interfaceOfParentThrowsException,0,0,void,public,false,false,true,false
C:\Users\simon\Documents\Code\thesis-code\mockito-main\mockito-core\src\test\java\org\mockito\internal\stubbing\answers\InvocationInfoTest.java,InvocationInfoTest.java,TheNotAbstract,should_know_valid_return_types,5,0,void,public,true,false,true,false
C:\Users\simon\Documents\Code\thesis-code\mockito-main\mockito-core\src\test\java\org\mockito\internal\stubbing\answers\InvocationInfoTest.java,InvocationInfoTest.java,TheNotAbstract,should_know_when_invocation_returns_primitive,2,0,void,public,true,false,true,false
C:\Users\simon\Documents\Code\thesis-code\mockito-main\mockito-core\src\test\java\org\mockito\internal\stubbing\answers\InvocationInfoTest.java,InvocationInfoTest.java,TheNotAbstract,should_know_when_invocation_returns_void,2,0,void,public,true,false,true,false
C:\Users\simon\Documents\Code\thesis-code\mockito-main\mockito-core\src\test\java\org\mockito\internal\stubbing\answers\InvocationInfoTest.java,InvocationInfoTest.java,TheNotAbstract,should_read_the_method_name,1,0,void,public,true,false,true,false
C:\Users\simon\Documents\Code\thesis-code\mockito-main\mockito-core\src\test\java\org\mockito\internal\stubbing\answers\InvocationInfoTest.java,InvocationInfoTest.java,TheNotAbstract,should_read_the_method_return_name,3,0,void,public,true,false,true,false
C:\Users\simon\Documents\Code\thesis-code\mockito-main\mockito-core\src\test\java\org\mockito\internal\stubbing\answers\InvocationInfoTest.java,InvocationInfoTest.java,TheNotAbstract,should_know_abstract_method,2,0,void,public,true,false,true,false
C:\Users\simon\Documents\Code\thesis-code\mockito-main\mockito-core\src\test\java\org\mockito\internal\stubbing\answers\InvocationInfoTest.java,InvocationInfoTest.java,TheNotAbstract,should_know_method_is_declared_on_interface,2,0,void,public,true,false,true,false
C:\Users\simon\Documents\Code\thesis-code\mockito-main\mockito-core\src\test\java\org\mockito\internal\stubbing\answers\InvocationInfoTest.java,InvocationInfoTest.java,TheNotAbstract,isVoid_invocationOnVoidMethod_returnTrue,3,0,void,public,true,false,true,false
C:\Users\simon\Documents\Code\thesis-code\mockito-main\mockito-core\src\test\java\org\mockito\internal\stubbing\answers\InvocationInfoTest.java,InvocationInfoTest.java,TheNotAbstract,isVoid_invocationOnVoidReturningMethod_returnTrue,3,0,void,public,true,false,true,false
C:\Users\simon\Documents\Code\thesis-code\mockito-main\mockito-core\src\test\java\org\mockito\internal\stubbing\answers\InvocationInfoTest.java,InvocationInfoTest.java,TheNotAbstract,isVoid_invocationNonVoidMethod_returnFalse,3,0,void,public,true,false,true,false
C:\Users\simon\Documents\Code\thesis-code\mockito-main\mockito-core\src\test\java\org\mockito\internal\stubbing\answers\InvocationInfoTest.java,InvocationInfoTest.java,TheNotAbstract,iAmAbstract,2,0,Method,private,false,false,true,false
C:\Users\simon\Documents\Code\thesis-code\mockito-main\mockito-core\src\test\java\org\mockito\internal\stubbing\answers\InvocationInfoTest.java,InvocationInfoTest.java,TheNotAbstract,iAmAbstract,0,0,void,abstract,false,false,true,false
C:\Users\simon\Documents\Code\thesis-code\mockito-main\mockito-core\src\test\java\org\mockito\internal\stubbing\answers\InvocationInfoTest.java,InvocationInfoTest.java,TheNotAbstract,iAmNotAbstract,2,0,Method,private,false,false,true,false
C:\Users\simon\Documents\Code\thesis-code\mockito-main\mockito-core\src\test\java\org\mockito\internal\stubbing\answers\InvocationInfoTest.java,InvocationInfoTest.java,TheNotAbstract,iAmNotAbstract,0,0,void,,false,false,true,false
C:\Users\simon\Documents\Code\thesis-code\mockito-main\mockito-core\src\test\java\org\mockito\internal\stubbing\answers\ReturnsArgumentAtTest.java,ReturnsArgumentAtTest.java,ReturnsArgumentAtTest,should_be_able_to_return_the_first_parameter,1,0,void,public,true,false,true,true
C:\Users\simon\Documents\Code\thesis-code\mockito-main\mockito-core\src\test\java\org\mockito\internal\stubbing\answers\ReturnsArgumentAtTest.java,ReturnsArgumentAtTest.java,ReturnsArgumentAtTest,should_be_able_to_return_the_second_parameter,1,0,void,public,true,false,true,true
C:\Users\simon\Documents\Code\thesis-code\mockito-main\mockito-core\src\test\java\org\mockito\internal\stubbing\answers\ReturnsArgumentAtTest.java,ReturnsArgumentAtTest.java,ReturnsArgumentAtTest,should_be_able_to_return_the_last_parameter,2,0,void,public,true,false,true,true
C:\Users\simon\Documents\Code\thesis-code\mockito-main\mockito-core\src\test\java\org\mockito\internal\stubbing\answers\ReturnsArgumentAtTest.java,ReturnsArgumentAtTest.java,ReturnsArgumentAtTest,should_be_able_to_return_the_specified_parameter,3,0,void,public,true,false,true,true
C:\Users\simon\Documents\Code\thesis-code\mockito-main\mockito-core\src\test\java\org\mockito\internal\stubbing\answers\ReturnsArgumentAtTest.java,ReturnsArgumentAtTest.java,ReturnsArgumentAtTest,should_identify_bad_parameter_type_for_invocation,3,0,void,public,true,false,true,true
C:\Users\simon\Documents\Code\thesis-code\mockito-main\mockito-core\src\test\java\org\mockito\internal\stubbing\answers\ReturnsArgumentAtTest.java,ReturnsArgumentAtTest.java,ReturnsArgumentAtTest,should_not_scream_when_mixed_vararg_parameter_is_compatible_with_invocation,1,0,void,public,true,false,true,true
C:\Users\simon\Documents\Code\thesis-code\mockito-main\mockito-core\src\test\java\org\mockito\internal\stubbing\answers\ReturnsArgumentAtTest.java,ReturnsArgumentAtTest.java,ReturnsArgumentAtTest,should_handle_returning_vararg_as_array,6,0,void,public,true,false,true,true
C:\Users\simon\Documents\Code\thesis-code\mockito-main\mockito-core\src\test\java\org\mockito\internal\stubbing\answers\ReturnsArgumentAtTest.java,ReturnsArgumentAtTest.java,ReturnsArgumentAtTest,should_raise_an_exception_if_index_is_not_in_allowed_range_at_creation_time,1,0,void,public,true,false,true,true
C:\Users\simon\Documents\Code\thesis-code\mockito-main\mockito-core\src\test\java\org\mockito\internal\stubbing\answers\ReturnsArgumentAtTest.java,ReturnsArgumentAtTest.java,ReturnsArgumentAtTest,should_allow_possible_argument_types,4,0,void,public,true,false,true,true
C:\Users\simon\Documents\Code\thesis-code\mockito-main\mockito-core\src\test\java\org\mockito\internal\stubbing\answers\ReturnsArgumentAtTest.java,ReturnsArgumentAtTest.java,ReturnsArgumentAtTest,should_fail_if_index_is_not_in_range_for_one_arg_invocation,1,0,void,public,true,false,true,true
C:\Users\simon\Documents\Code\thesis-code\mockito-main\mockito-core\src\test\java\org\mockito\internal\stubbing\answers\ReturnsArgumentAtTest.java,ReturnsArgumentAtTest.java,ReturnsArgumentAtTest,should_fail_if_index_is_not_in_range_for_example_with_no_arg_invocation,1,0,void,public,true,false,true,true
C:\Users\simon\Documents\Code\thesis-code\mockito-main\mockito-core\src\test\java\org\mockito\internal\stubbing\answers\ReturnsArgumentAtTest.java,ReturnsArgumentAtTest.java,ReturnsArgumentAtTest,should_fail_if_argument_type_of_signature_is_incompatible_with_return_type,1,0,void,public,true,false,true,true
C:\Users\simon\Documents\Code\thesis-code\mockito-main\mockito-core\src\test\java\org\mockito\internal\stubbing\answers\ReturnsArgumentAtTest.java,ReturnsArgumentAtTest.java,ReturnsArgumentAtTest,shouldNotFailWhenArgumentIsGenericAndCompatibleWithReturnType,1,0,void,public,true,false,true,true
C:\Users\simon\Documents\Code\thesis-code\mockito-main\mockito-core\src\test\java\org\mockito\internal\stubbing\answers\ReturnsArgumentAtTest.java,ReturnsArgumentAtTest.java,ReturnsArgumentAtTest,invocationWith,1,1,InvocationOnMock,private; static,false,false,true,true
C:\Users\simon\Documents\Code\thesis-code\mockito-main\mockito-core\src\test\java\org\mockito\internal\stubbing\answers\ReturnsTest.java,ReturnsTest.java,ReturnsTest,should_return_value,1,0,void,public,true,false,true,true
C:\Users\simon\Documents\Code\thesis-code\mockito-main\mockito-core\src\test\java\org\mockito\internal\stubbing\answers\ReturnsTest.java,ReturnsTest.java,ReturnsTest,should_fail_when_return_Value_is_set_for_void_method,1,0,void,public,true,false,true,true
C:\Users\simon\Documents\Code\thesis-code\mockito-main\mockito-core\src\test\java\org\mockito\internal\stubbing\answers\ReturnsTest.java,ReturnsTest.java,ReturnsTest,should_allow_correct_type_of_return_value,8,0,void,public,true,false,true,true
C:\Users\simon\Documents\Code\thesis-code\mockito-main\mockito-core\src\test\java\org\mockito\internal\stubbing\answers\ReturnsTest.java,ReturnsTest.java,ReturnsTest,should_fail_on_return_type_mismatch,1,0,void,public,true,false,true,true
C:\Users\simon\Documents\Code\thesis-code\mockito-main\mockito-core\src\test\java\org\mockito\internal\stubbing\answers\ReturnsTest.java,ReturnsTest.java,ReturnsTest,should_fail_on_wrong_primitive,1,0,void,public,true,false,true,true
C:\Users\simon\Documents\Code\thesis-code\mockito-main\mockito-core\src\test\java\org\mockito\internal\stubbing\answers\ReturnsTest.java,ReturnsTest.java,ReturnsTest,should_fail_on_null_with_primitive,1,0,void,public,true,false,true,true
C:\Users\simon\Documents\Code\thesis-code\mockito-main\mockito-core\src\test\java\org\mockito\internal\stubbing\answers\ThrowsExceptionForClassTypeTest.java,ThrowsExceptionForClassTypeTest.java,ThrowsExceptionForClassTypeTest,should_return_throwable_of_expected_class,2,0,void,public,true,false,true,true
C:\Users\simon\Documents\Code\thesis-code\mockito-main\mockito-core\src\test\java\org\mockito\internal\stubbing\answers\ThrowsExceptionForClassTypeTest.java,ThrowsExceptionForClassTypeTest.java,ThrowsExceptionForClassTypeTest,should_return_different_throwables,4,0,void,public,true,false,true,true
C:\Users\simon\Documents\Code\thesis-code\mockito-main\mockito-core\src\test\java\org\mockito\internal\stubbing\answers\ThrowsExceptionTest.java,ThrowsExceptionTest.java,ThrowsExceptionTest,should_raise_wanted_throwable,1,0,void,public,true,false,true,true
C:\Users\simon\Documents\Code\thesis-code\mockito-main\mockito-core\src\test\java\org\mockito\internal\stubbing\answers\ThrowsExceptionTest.java,ThrowsExceptionTest.java,ThrowsExceptionTest,should_throw_mock_exception_without_stacktrace,1,0,void,public,true,false,true,true
C:\Users\simon\Documents\Code\thesis-code\mockito-main\mockito-core\src\test\java\org\mockito\internal\stubbing\answers\ThrowsExceptionTest.java,ThrowsExceptionTest.java,ThrowsExceptionTest,should_fill_in_exception_stacktrace,5,0,void,public,true,false,true,true
C:\Users\simon\Documents\Code\thesis-code\mockito-main\mockito-core\src\test\java\org\mockito\internal\stubbing\answers\ThrowsExceptionTest.java,ThrowsExceptionTest.java,ThrowsExceptionTest,should_invalidate_null_throwable,1,0,void,public,true,false,true,true
C:\Users\simon\Documents\Code\thesis-code\mockito-main\mockito-core\src\test\java\org\mockito\internal\stubbing\answers\ThrowsExceptionTest.java,ThrowsExceptionTest.java,ThrowsExceptionTest,should_throw_illegal_state_exception_if_null_answer,2,0,void,public,true,false,true,true
C:\Users\simon\Documents\Code\thesis-code\mockito-main\mockito-core\src\test\java\org\mockito\internal\stubbing\answers\ThrowsExceptionTest.java,ThrowsExceptionTest.java,ThrowsExceptionTest,should_pass_proper_checked_exception,1,0,void,public,true,false,true,true
C:\Users\simon\Documents\Code\thesis-code\mockito-main\mockito-core\src\test\java\org\mockito\internal\stubbing\answers\ThrowsExceptionTest.java,ThrowsExceptionTest.java,ThrowsExceptionTest,should_fail_invalid_checked_exception,1,0,void,public,true,false,true,true
C:\Users\simon\Documents\Code\thesis-code\mockito-main\mockito-core\src\test\java\org\mockito\internal\stubbing\answers\ThrowsExceptionTest.java,ThrowsExceptionTest.java,ThrowsExceptionTest,should_pass_RuntimeExceptions,2,0,void,public,true,false,true,true
C:\Users\simon\Documents\Code\thesis-code\mockito-main\mockito-core\src\test\java\org\mockito\internal\stubbing\answers\ThrowsExceptionTest.java,ThrowsExceptionTest.java,ThrowsExceptionTest,should_return_expected_throwable,3,0,void,public,true,false,true,true
C:\Users\simon\Documents\Code\thesis-code\mockito-main\mockito-core\src\test\java\org\mockito\internal\stubbing\answers\ThrowsExceptionTest.java,ThrowsExceptionTest.java,ThrowsExceptionTest,should_return_same_throwable,4,0,void,public,true,false,true,true
C:\Users\simon\Documents\Code\thesis-code\mockito-main\mockito-core\src\test\java\org\mockito\internal\stubbing\answers\ThrowsExceptionTest.java,ThrowsExceptionTest.java,ThrowsExceptionTest,createMethodInvocation,1,0,Invocation,private; static,false,false,true,true
C:\Users\simon\Documents\Code\thesis-code\mockito-main\mockito-core\src\test\java\org\mockito\internal\stubbing\defaultanswers\ForwardsInvocationsTest.java,ForwardsInvocationsTest.java,FooImpl,bar,0,2,int,,false,false,true,false
C:\Users\simon\Documents\Code\thesis-code\mockito-main\mockito-core\src\test\java\org\mockito\internal\stubbing\defaultanswers\ForwardsInvocationsTest.java,ForwardsInvocationsTest.java,FooImpl,bar,1,2,int,public,false,false,true,false
C:\Users\simon\Documents\Code\thesis-code\mockito-main\mockito-core\src\test\java\org\mockito\internal\stubbing\defaultanswers\ForwardsInvocationsTest.java,ForwardsInvocationsTest.java,FooImpl,should_call_method_with_varargs,2,0,void,public,true,false,true,false
C:\Users\simon\Documents\Code\thesis-code\mockito-main\mockito-core\src\test\java\org\mockito\internal\stubbing\defaultanswers\ForwardsInvocationsTest.java,ForwardsInvocationsTest.java,FooImpl,should_call_method_with_empty_varargs,2,0,void,public,true,false,true,false
C:\Users\simon\Documents\Code\thesis-code\mockito-main\mockito-core\src\test\java\org\mockito\internal\stubbing\defaultanswers\ReturnsDeepStubsConcurrentTest.java,ReturnsDeepStubsConcurrentTest.java,Service,given_mock_with_returns_deep_stubs__when_called_concurrently__then_does_not_throw_concurrent_modification_exception,1,0,void,public,true,false,true,false
C:\Users\simon\Documents\Code\thesis-code\mockito-main\mockito-core\src\test\java\org\mockito\internal\stubbing\defaultanswers\ReturnsDeepStubsConcurrentTest.java,ReturnsDeepStubsConcurrentTest.java,Service,doSomething,0,0,List<String>,,false,false,true,false
C:\Users\simon\Documents\Code\thesis-code\mockito-main\mockito-core\src\test\java\org\mockito\internal\stubbing\defaultanswers\ReturnsEmptyValuesTest.java,ReturnsEmptyValuesTest.java,ReturnCompletionStage,should_return_empty_collections_or_null_for_non_collections,15,0,void,public,true,false,true,false
C:\Users\simon\Documents\Code\thesis-code\mockito-main\mockito-core\src\test\java\org\mockito\internal\stubbing\defaultanswers\ReturnsEmptyValuesTest.java,ReturnsEmptyValuesTest.java,ReturnCompletionStage,should_return_empty_iterable,1,0,void,public,true,false,true,false
C:\Users\simon\Documents\Code\thesis-code\mockito-main\mockito-core\src\test\java\org\mockito\internal\stubbing\defaultanswers\ReturnsEmptyValuesTest.java,ReturnsEmptyValuesTest.java,ReturnCompletionStage,should_return_primitive,8,0,void,public,true,false,true,false
C:\Users\simon\Documents\Code\thesis-code\mockito-main\mockito-core\src\test\java\org\mockito\internal\stubbing\defaultanswers\ReturnsEmptyValuesTest.java,ReturnsEmptyValuesTest.java,ReturnCompletionStage,should_return_non_zero_for_compareTo_method,5,0,void,public,true,false,true,false
C:\Users\simon\Documents\Code\thesis-code\mockito-main\mockito-core\src\test\java\org\mockito\internal\stubbing\defaultanswers\ReturnsEmptyValuesTest.java,ReturnsEmptyValuesTest.java,ReturnCompletionStage,should_return_zero_if_mock_is_compared_to_itself,5,0,void,public,true,false,true,false
C:\Users\simon\Documents\Code\thesis-code\mockito-main\mockito-core\src\test\java\org\mockito\internal\stubbing\defaultanswers\ReturnsEmptyValuesTest.java,ReturnsEmptyValuesTest.java,ReturnCompletionStage,should_return_empty_Optional,1,0,void,public,true,false,true,false
C:\Users\simon\Documents\Code\thesis-code\mockito-main\mockito-core\src\test\java\org\mockito\internal\stubbing\defaultanswers\ReturnsEmptyValuesTest.java,ReturnsEmptyValuesTest.java,ReturnCompletionStage,should_return_empty_OptionalDouble,1,0,void,public,true,false,true,false
C:\Users\simon\Documents\Code\thesis-code\mockito-main\mockito-core\src\test\java\org\mockito\internal\stubbing\defaultanswers\ReturnsEmptyValuesTest.java,ReturnsEmptyValuesTest.java,ReturnCompletionStage,should_return_empty_OptionalInt,1,0,void,public,true,false,true,false
C:\Users\simon\Documents\Code\thesis-code\mockito-main\mockito-core\src\test\java\org\mockito\internal\stubbing\defaultanswers\ReturnsEmptyValuesTest.java,ReturnsEmptyValuesTest.java,ReturnCompletionStage,should_return_empty_OptionalLong,1,0,void,public,true,false,true,false
C:\Users\simon\Documents\Code\thesis-code\mockito-main\mockito-core\src\test\java\org\mockito\internal\stubbing\defaultanswers\ReturnsEmptyValuesTest.java,ReturnsEmptyValuesTest.java,ReturnCompletionStage,verify_empty_Optional_is_returned,9,2,void,private,false,false,true,false
C:\Users\simon\Documents\Code\thesis-code\mockito-main\mockito-core\src\test\java\org\mockito\internal\stubbing\defaultanswers\ReturnsEmptyValuesTest.java,ReturnsEmptyValuesTest.java,ReturnCompletionStage,should_return_empty_Stream,1,0,void,public,true,false,true,false
C:\Users\simon\Documents\Code\thesis-code\mockito-main\mockito-core\src\test\java\org\mockito\internal\stubbing\defaultanswers\ReturnsEmptyValuesTest.java,ReturnsEmptyValuesTest.java,ReturnCompletionStage,should_return_empty_DoubleStream,1,0,void,public,true,false,true,false
C:\Users\simon\Documents\Code\thesis-code\mockito-main\mockito-core\src\test\java\org\mockito\internal\stubbing\defaultanswers\ReturnsEmptyValuesTest.java,ReturnsEmptyValuesTest.java,ReturnCompletionStage,should_return_empty_IntStream,1,0,void,public,true,false,true,false
C:\Users\simon\Documents\Code\thesis-code\mockito-main\mockito-core\src\test\java\org\mockito\internal\stubbing\defaultanswers\ReturnsEmptyValuesTest.java,ReturnsEmptyValuesTest.java,ReturnCompletionStage,should_return_empty_LongStream,1,0,void,public,true,false,true,false
C:\Users\simon\Documents\Code\thesis-code\mockito-main\mockito-core\src\test\java\org\mockito\internal\stubbing\defaultanswers\ReturnsEmptyValuesTest.java,ReturnsEmptyValuesTest.java,ReturnCompletionStage,verify_empty_Stream_is_returned,5,1,void,private,false,false,true,false
C:\Users\simon\Documents\Code\thesis-code\mockito-main\mockito-core\src\test\java\org\mockito\internal\stubbing\defaultanswers\ReturnsEmptyValuesTest.java,ReturnsEmptyValuesTest.java,ReturnCompletionStage,should_return_empty_duration,8,0,void,public,true,false,true,false
C:\Users\simon\Documents\Code\thesis-code\mockito-main\mockito-core\src\test\java\org\mockito\internal\stubbing\defaultanswers\ReturnsEmptyValuesTest.java,ReturnsEmptyValuesTest.java,ReturnCompletionStage,should_return_empty_sequenced_collection,6,0,void,public,true,false,true,false
C:\Users\simon\Documents\Code\thesis-code\mockito-main\mockito-core\src\test\java\org\mockito\internal\stubbing\defaultanswers\ReturnsEmptyValuesTest.java,ReturnsEmptyValuesTest.java,ReturnCompletionStage,should_return_empty_sequenced_set,6,0,void,public,true,false,true,false
C:\Users\simon\Documents\Code\thesis-code\mockito-main\mockito-core\src\test\java\org\mockito\internal\stubbing\defaultanswers\ReturnsEmptyValuesTest.java,ReturnsEmptyValuesTest.java,ReturnCompletionStage,should_return_empty_sequenced_map,6,0,void,public,true,false,true,false
C:\Users\simon\Documents\Code\thesis-code\mockito-main\mockito-core\src\test\java\org\mockito\internal\stubbing\defaultanswers\ReturnsEmptyValuesTest.java,ReturnsEmptyValuesTest.java,ReturnCompletionStage,isJavaVersionAtLeast,4,1,boolean,private,false,false,true,false
C:\Users\simon\Documents\Code\thesis-code\mockito-main\mockito-core\src\test\java\org\mockito\internal\stubbing\defaultanswers\ReturnsEmptyValuesTest.java,ReturnsEmptyValuesTest.java,ReturnCompletionStage,f,0,0,Future<String>,,false,false,true,false
C:\Users\simon\Documents\Code\thesis-code\mockito-main\mockito-core\src\test\java\org\mockito\internal\stubbing\defaultanswers\ReturnsEmptyValuesTest.java,ReturnsEmptyValuesTest.java,ReturnCompletionStage,v,0,0,CompletableFuture<Void>,,false,false,true,false
C:\Users\simon\Documents\Code\thesis-code\mockito-main\mockito-core\src\test\java\org\mockito\internal\stubbing\defaultanswers\ReturnsEmptyValuesTest.java,ReturnsEmptyValuesTest.java,ReturnCompletionStage,s,0,0,CompletionStage<Integer>,,false,false,true,false
C:\Users\simon\Documents\Code\thesis-code\mockito-main\mockito-core\src\test\java\org\mockito\internal\stubbing\defaultanswers\ReturnsEmptyValuesTest.java,ReturnsEmptyValuesTest.java,ReturnCompletionStage,returnsCompletedFuture_forFuture,5,0,void,public,true,false,true,false
C:\Users\simon\Documents\Code\thesis-code\mockito-main\mockito-core\src\test\java\org\mockito\internal\stubbing\defaultanswers\ReturnsEmptyValuesTest.java,ReturnsEmptyValuesTest.java,ReturnCompletionStage,returnsCompletedFuture_forCompletableFuture,5,0,void,public,true,false,true,false
C:\Users\simon\Documents\Code\thesis-code\mockito-main\mockito-core\src\test\java\org\mockito\internal\stubbing\defaultanswers\ReturnsEmptyValuesTest.java,ReturnsEmptyValuesTest.java,ReturnCompletionStage,returnsCompletedFuture_forCompletionStage,5,0,void,public,true,false,true,false
C:\Users\simon\Documents\Code\thesis-code\mockito-main\mockito-core\src\test\java\org\mockito\internal\stubbing\defaultanswers\ReturnsGenericDeepStubsTest.java,ReturnsGenericDeepStubsTest.java,AbstractInner,remove,0,1,Set<Number>,,false,false,true,false
C:\Users\simon\Documents\Code\thesis-code\mockito-main\mockito-core\src\test\java\org\mockito\internal\stubbing\defaultanswers\ReturnsGenericDeepStubsTest.java,ReturnsGenericDeepStubsTest.java,AbstractInner,returningWildcard,0,0,List<? super Number>,,false,false,true,false
C:\Users\simon\Documents\Code\thesis-code\mockito-main\mockito-core\src\test\java\org\mockito\internal\stubbing\defaultanswers\ReturnsGenericDeepStubsTest.java,ReturnsGenericDeepStubsTest.java,AbstractInner,returningNonMockableNestedGeneric,0,0,"Map<String, K>",,false,false,true,false
C:\Users\simon\Documents\Code\thesis-code\mockito-main\mockito-core\src\test\java\org\mockito\internal\stubbing\defaultanswers\ReturnsGenericDeepStubsTest.java,ReturnsGenericDeepStubsTest.java,AbstractInner,returningK,0,0,K,,false,false,true,false
C:\Users\simon\Documents\Code\thesis-code\mockito-main\mockito-core\src\test\java\org\mockito\internal\stubbing\defaultanswers\ReturnsGenericDeepStubsTest.java,ReturnsGenericDeepStubsTest.java,AbstractInner,paramTypeWithTypeParams,0,0,List<O>,,false,false,true,false
C:\Users\simon\Documents\Code\thesis-code\mockito-main\mockito-core\src\test\java\org\mockito\internal\stubbing\defaultanswers\ReturnsGenericDeepStubsTest.java,ReturnsGenericDeepStubsTest.java,AbstractInner,twoTypeParams,0,1,T,,false,false,true,false
C:\Users\simon\Documents\Code\thesis-code\mockito-main\mockito-core\src\test\java\org\mockito\internal\stubbing\defaultanswers\ReturnsGenericDeepStubsTest.java,ReturnsGenericDeepStubsTest.java,AbstractInner,typeVarWithTypeParams,0,0,O,,false,false,true,false
C:\Users\simon\Documents\Code\thesis-code\mockito-main\mockito-core\src\test\java\org\mockito\internal\stubbing\defaultanswers\ReturnsGenericDeepStubsTest.java,ReturnsGenericDeepStubsTest.java,AbstractInner,returnsNormalType,0,0,Number,,false,false,true,false
C:\Users\simon\Documents\Code\thesis-code\mockito-main\mockito-core\src\test\java\org\mockito\internal\stubbing\defaultanswers\ReturnsGenericDeepStubsTest.java,ReturnsGenericDeepStubsTest.java,AbstractInner,generic_deep_mock_frenzy__look_at_these_chained_calls,9,0,void,public,true,false,true,false
C:\Users\simon\Documents\Code\thesis-code\mockito-main\mockito-core\src\test\java\org\mockito\internal\stubbing\defaultanswers\ReturnsGenericDeepStubsTest.java,ReturnsGenericDeepStubsTest.java,AbstractInner,can_create_mock_from_multiple_type_variable_bounds_when_return_type_of_parameterized_method_is_a_parameterizedType_that_is_referencing_a_typeVar_on_class,3,0,void,public,true,false,true,false
C:\Users\simon\Documents\Code\thesis-code\mockito-main\mockito-core\src\test\java\org\mockito\internal\stubbing\defaultanswers\ReturnsGenericDeepStubsTest.java,ReturnsGenericDeepStubsTest.java,AbstractInner,can_create_mock_from_multiple_type_variable_bounds_when_method_return_type_is_referencing_a_typeVar_on_class,3,0,void,public,true,false,true,false
C:\Users\simon\Documents\Code\thesis-code\mockito-main\mockito-core\src\test\java\org\mockito\internal\stubbing\defaultanswers\ReturnsGenericDeepStubsTest.java,ReturnsGenericDeepStubsTest.java,AbstractInner,can_create_mock_from_multiple_type_variable_bounds_when_return_type_of_parameterized_method_is_a_typeVar_that_is_referencing_a_typeVar_on_class,3,0,void,public,true,false,true,false
C:\Users\simon\Documents\Code\thesis-code\mockito-main\mockito-core\src\test\java\org\mockito\internal\stubbing\defaultanswers\ReturnsGenericDeepStubsTest.java,ReturnsGenericDeepStubsTest.java,AbstractInner,can_create_mock_from_return_types_declared_with_a_bounded_wildcard,4,0,void,public,true,false,true,false
C:\Users\simon\Documents\Code\thesis-code\mockito-main\mockito-core\src\test\java\org\mockito\internal\stubbing\defaultanswers\ReturnsGenericDeepStubsTest.java,ReturnsGenericDeepStubsTest.java,AbstractInner,can_still_work_with_raw_type_in_the_return_type,3,0,void,public,true,false,true,false
C:\Users\simon\Documents\Code\thesis-code\mockito-main\mockito-core\src\test\java\org\mockito\internal\stubbing\defaultanswers\ReturnsGenericDeepStubsTest.java,ReturnsGenericDeepStubsTest.java,AbstractInner,will_return_default_value_on_non_mockable_nested_generic,6,0,void,public,true,false,true,false
C:\Users\simon\Documents\Code\thesis-code\mockito-main\mockito-core\src\test\java\org\mockito\internal\stubbing\defaultanswers\ReturnsGenericDeepStubsTest.java,ReturnsGenericDeepStubsTest.java,AbstractInner,as_expected_fail_with_a_CCE_on_call_site_when_erasure_takes_place_for_example___StringBuilder_is_subject_to_erasure,2,0,void,public,true,false,true,false
C:\Users\simon\Documents\Code\thesis-code\mockito-main\mockito-core\src\test\java\org\mockito\internal\stubbing\defaultanswers\ReturnsGenericDeepStubsTest.java,ReturnsGenericDeepStubsTest.java,AbstractInner,execute,1,0,T,,false,false,true,false
C:\Users\simon\Documents\Code\thesis-code\mockito-main\mockito-core\src\test\java\org\mockito\internal\stubbing\defaultanswers\ReturnsGenericDeepStubsTest.java,ReturnsGenericDeepStubsTest.java,AbstractInner,generate,1,0,SubClass<String>,,false,false,true,false
C:\Users\simon\Documents\Code\thesis-code\mockito-main\mockito-core\src\test\java\org\mockito\internal\stubbing\defaultanswers\ReturnsGenericDeepStubsTest.java,ReturnsGenericDeepStubsTest.java,AbstractInner,can_handle_deep_stubs_with_generics_at_end_of_deep_invocation,3,0,void,public,true,false,true,false
C:\Users\simon\Documents\Code\thesis-code\mockito-main\mockito-core\src\test\java\org\mockito\internal\stubbing\defaultanswers\ReturnsGenericDeepStubsTest.java,ReturnsGenericDeepStubsTest.java,AbstractInner,generic,0,0,T,,false,false,true,false
C:\Users\simon\Documents\Code\thesis-code\mockito-main\mockito-core\src\test\java\org\mockito\internal\stubbing\defaultanswers\ReturnsGenericDeepStubsTest.java,ReturnsGenericDeepStubsTest.java,AbstractInner,cannot_handle_deep_stubs_with_generics_declared_upper_bounds_at_end_of_deep_invocation,7,0,void,public,true,false,true,false
C:\Users\simon\Documents\Code\thesis-code\mockito-main\mockito-core\src\test\java\org\mockito\internal\stubbing\defaultanswers\ReturnsMocksTest.java,ReturnsMocksTest.java,StringMethods,getInterface,0,0,FooInterface,,false,false,true,false
C:\Users\simon\Documents\Code\thesis-code\mockito-main\mockito-core\src\test\java\org\mockito\internal\stubbing\defaultanswers\ReturnsMocksTest.java,ReturnsMocksTest.java,StringMethods,getNormalClass,0,0,BarClass,,false,false,true,false
C:\Users\simon\Documents\Code\thesis-code\mockito-main\mockito-core\src\test\java\org\mockito\internal\stubbing\defaultanswers\ReturnsMocksTest.java,ReturnsMocksTest.java,StringMethods,getFinalClass,0,0,Baz,,false,false,true,false
C:\Users\simon\Documents\Code\thesis-code\mockito-main\mockito-core\src\test\java\org\mockito\internal\stubbing\defaultanswers\ReturnsMocksTest.java,ReturnsMocksTest.java,StringMethods,withGenerics,0,0,WithGenerics<String>,,false,false,true,false
C:\Users\simon\Documents\Code\thesis-code\mockito-main\mockito-core\src\test\java\org\mockito\internal\stubbing\defaultanswers\ReturnsMocksTest.java,ReturnsMocksTest.java,StringMethods,should_return_mock_value_for_interface,2,0,void,public,true,false,true,false
C:\Users\simon\Documents\Code\thesis-code\mockito-main\mockito-core\src\test\java\org\mockito\internal\stubbing\defaultanswers\ReturnsMocksTest.java,ReturnsMocksTest.java,StringMethods,should_return_mock_value_for_class,2,0,void,public,true,false,true,false
C:\Users\simon\Documents\Code\thesis-code\mockito-main\mockito-core\src\test\java\org\mockito\internal\stubbing\defaultanswers\ReturnsMocksTest.java,ReturnsMocksTest.java,StringMethods,should_return_mock_value_for_generic_class,4,0,void,public,true,false,true,false
C:\Users\simon\Documents\Code\thesis-code\mockito-main\mockito-core\src\test\java\org\mockito\internal\stubbing\defaultanswers\ReturnsMocksTest.java,ReturnsMocksTest.java,StringMethods,should_return_null_for_final_class_if_unsupported,2,0,void,public,true,false,true,false
C:\Users\simon\Documents\Code\thesis-code\mockito-main\mockito-core\src\test\java\org\mockito\internal\stubbing\defaultanswers\ReturnsMocksTest.java,ReturnsMocksTest.java,StringMethods,should_return_the_usual_default_values_for_primitives,9,0,void,public,true,false,true,false
C:\Users\simon\Documents\Code\thesis-code\mockito-main\mockito-core\src\test\java\org\mockito\internal\stubbing\defaultanswers\ReturnsMocksTest.java,ReturnsMocksTest.java,StringMethods,stringMethod,0,0,String,,false,false,true,false
C:\Users\simon\Documents\Code\thesis-code\mockito-main\mockito-core\src\test\java\org\mockito\internal\stubbing\defaultanswers\ReturnsMocksTest.java,ReturnsMocksTest.java,StringMethods,stringArrayMethod,0,0,String[],,false,false,true,false
C:\Users\simon\Documents\Code\thesis-code\mockito-main\mockito-core\src\test\java\org\mockito\internal\stubbing\defaultanswers\ReturnsMocksTest.java,ReturnsMocksTest.java,StringMethods,should_return_empty_array,3,0,void,public,true,false,true,false
C:\Users\simon\Documents\Code\thesis-code\mockito-main\mockito-core\src\test\java\org\mockito\internal\stubbing\defaultanswers\ReturnsMocksTest.java,ReturnsMocksTest.java,StringMethods,should_return_empty_string,1,0,void,public,true,false,true,false
C:\Users\simon\Documents\Code\thesis-code\mockito-main\mockito-core\src\test\java\org\mockito\internal\stubbing\defaultanswers\ReturnsMoreEmptyValuesTest.java,ReturnsMoreEmptyValuesTest.java,ReturnsMoreEmptyValuesTest,shouldReturnEmptyArray,3,0,void,public,true,false,true,true
C:\Users\simon\Documents\Code\thesis-code\mockito-main\mockito-core\src\test\java\org\mockito\internal\stubbing\defaultanswers\ReturnsMoreEmptyValuesTest.java,ReturnsMoreEmptyValuesTest.java,ReturnsMoreEmptyValuesTest,shouldReturnEmptyString,1,0,void,public,true,false,true,true
C:\Users\simon\Documents\Code\thesis-code\mockito-main\mockito-core\src\test\java\org\mockito\internal\stubbing\defaultanswers\ReturnsOptionalMocksTest.java,ReturnsOptionalMocksTest.java,Type,getOptString,0,0,Optional<String>,,false,false,true,false
C:\Users\simon\Documents\Code\thesis-code\mockito-main\mockito-core\src\test\java\org\mockito\internal\stubbing\defaultanswers\ReturnsOptionalMocksTest.java,ReturnsOptionalMocksTest.java,Type,getOptLong,0,0,OptionalLong,,false,false,true,false
C:\Users\simon\Documents\Code\thesis-code\mockito-main\mockito-core\src\test\java\org\mockito\internal\stubbing\defaultanswers\ReturnsOptionalMocksTest.java,ReturnsOptionalMocksTest.java,Type,getOptDouble,0,0,OptionalDouble,,false,false,true,false
C:\Users\simon\Documents\Code\thesis-code\mockito-main\mockito-core\src\test\java\org\mockito\internal\stubbing\defaultanswers\ReturnsOptionalMocksTest.java,ReturnsOptionalMocksTest.java,Type,getOptInt,0,0,OptionalInt,,false,false,true,false
C:\Users\simon\Documents\Code\thesis-code\mockito-main\mockito-core\src\test\java\org\mockito\internal\stubbing\defaultanswers\ReturnsOptionalMocksTest.java,ReturnsOptionalMocksTest.java,Type,deepStubs_Optional_should_return_normal_optional_empty_Issue2865,3,0,void,public,true,false,true,false
C:\Users\simon\Documents\Code\thesis-code\mockito-main\mockito-core\src\test\java\org\mockito\internal\stubbing\defaultanswers\ReturnsOptionalMocksTest.java,ReturnsOptionalMocksTest.java,Type,deepStubs_OptionalLong_should_return_normal_optional_empty,3,0,void,public,true,false,true,false
C:\Users\simon\Documents\Code\thesis-code\mockito-main\mockito-core\src\test\java\org\mockito\internal\stubbing\defaultanswers\ReturnsOptionalMocksTest.java,ReturnsOptionalMocksTest.java,Type,deepStubs_OptionalDouble_should_normal_optional_empty,3,0,void,public,true,false,true,false
C:\Users\simon\Documents\Code\thesis-code\mockito-main\mockito-core\src\test\java\org\mockito\internal\stubbing\defaultanswers\ReturnsOptionalMocksTest.java,ReturnsOptionalMocksTest.java,Type,deepStubs_OptionalInt_should_normal_optional_empty,3,0,void,public,true,false,true,false
C:\Users\simon\Documents\Code\thesis-code\mockito-main\mockito-core\src\test\java\org\mockito\internal\stubbing\defaultanswers\ReturnsOptionalMocksTest.java,ReturnsOptionalMocksTest.java,Type,normal_mock_Optional_should_return_normal_optional_empty,3,0,void,public,true,false,true,false
C:\Users\simon\Documents\Code\thesis-code\mockito-main\mockito-core\src\test\java\org\mockito\internal\stubbing\defaultanswers\ReturnsOptionalMocksTest.java,ReturnsOptionalMocksTest.java,Type,normal_mock_OptionalLong_should_return_normal_optional_empty,2,0,void,public,true,false,true,false
C:\Users\simon\Documents\Code\thesis-code\mockito-main\mockito-core\src\test\java\org\mockito\internal\stubbing\defaultanswers\ReturnsOptionalMocksTest.java,ReturnsOptionalMocksTest.java,Type,normal_mock_OptionalDouble_should_return_normal_optional_empty,2,0,void,public,true,false,true,false
C:\Users\simon\Documents\Code\thesis-code\mockito-main\mockito-core\src\test\java\org\mockito\internal\stubbing\defaultanswers\ReturnsOptionalMocksTest.java,ReturnsOptionalMocksTest.java,Type,normal_mock_OptionalInt_should_return_normal_optional_empty,2,0,void,public,true,false,true,false
C:\Users\simon\Documents\Code\thesis-code\mockito-main\mockito-core\src\test\java\org\mockito\internal\stubbing\defaultanswers\ReturnsOptionalMocksTest.java,ReturnsOptionalMocksTest.java,Type,deepStubs_Optional_isPresent_isEmpty_Issue2865,4,0,void,public,true,false,true,false
C:\Users\simon\Documents\Code\thesis-code\mockito-main\mockito-core\src\test\java\org\mockito\internal\stubbing\defaultanswers\ReturnsOptionalMocksTest.java,ReturnsOptionalMocksTest.java,Type,deepStubs_OptionalLong_isPresent_isEmpty_Issue2865,4,0,void,public,true,false,true,false
C:\Users\simon\Documents\Code\thesis-code\mockito-main\mockito-core\src\test\java\org\mockito\internal\stubbing\defaultanswers\ReturnsOptionalMocksTest.java,ReturnsOptionalMocksTest.java,Type,deepStubs_OptionalDouble_isPresent_isEmpty_Issue2865,4,0,void,public,true,false,true,false
C:\Users\simon\Documents\Code\thesis-code\mockito-main\mockito-core\src\test\java\org\mockito\internal\stubbing\defaultanswers\ReturnsOptionalMocksTest.java,ReturnsOptionalMocksTest.java,Type,deepStubs_OptionalInt_isPresent_isEmpty_Issue2865,4,0,void,public,true,false,true,false
C:\Users\simon\Documents\Code\thesis-code\mockito-main\mockito-core\src\test\java\org\mockito\internal\stubbing\defaultanswers\ReturnsOptionalMocksTest.java,ReturnsOptionalMocksTest.java,Type,normal_mock_Optional_isPresent_isEmpty_Issue2865,4,0,void,public,true,false,true,false
C:\Users\simon\Documents\Code\thesis-code\mockito-main\mockito-core\src\test\java\org\mockito\internal\stubbing\defaultanswers\ReturnsOptionalMocksTest.java,ReturnsOptionalMocksTest.java,Type,normal_mock_OptionalLong_isPresent_isEmpty_Issue2865,4,0,void,public,true,false,true,false
C:\Users\simon\Documents\Code\thesis-code\mockito-main\mockito-core\src\test\java\org\mockito\internal\stubbing\defaultanswers\ReturnsOptionalMocksTest.java,ReturnsOptionalMocksTest.java,Type,normal_mock_OptionalDouble_isPresent_isEmpty_Issue2865,4,0,void,public,true,false,true,false
C:\Users\simon\Documents\Code\thesis-code\mockito-main\mockito-core\src\test\java\org\mockito\internal\stubbing\defaultanswers\ReturnsOptionalMocksTest.java,ReturnsOptionalMocksTest.java,Type,normal_mock_OptionalInt_isPresent_isEmpty_Issue2865,4,0,void,public,true,false,true,false
C:\Users\simon\Documents\Code\thesis-code\mockito-main\mockito-core\src\test\java\org\mockito\internal\stubbing\defaultanswers\ReturnsOptionalMocksTest.java,ReturnsOptionalMocksTest.java,Type,assertIsNoMock,1,1,void,private,false,false,true,false
C:\Users\simon\Documents\Code\thesis-code\mockito-main\mockito-core\src\test\java\org\mockito\internal\stubbing\defaultanswers\ReturnsSmartNullsTest.java,ReturnsSmartNullsTest.java,GenericFooBar,should_return_the_usual_default_values_for_primitives,9,0,void,public,true,false,true,false
C:\Users\simon\Documents\Code\thesis-code\mockito-main\mockito-core\src\test\java\org\mockito\internal\stubbing\defaultanswers\ReturnsSmartNullsTest.java,ReturnsSmartNullsTest.java,GenericFooBar,get,0,0,Foo,,false,false,true,false
C:\Users\simon\Documents\Code\thesis-code\mockito-main\mockito-core\src\test\java\org\mockito\internal\stubbing\defaultanswers\ReturnsSmartNullsTest.java,ReturnsSmartNullsTest.java,GenericFooBar,withArgs,0,2,Foo,,false,false,true,false
C:\Users\simon\Documents\Code\thesis-code\mockito-main\mockito-core\src\test\java\org\mockito\internal\stubbing\defaultanswers\ReturnsSmartNullsTest.java,ReturnsSmartNullsTest.java,GenericFooBar,should_return_an_object_that_fails_on_any_method_invocation_for_non_primitives,3,0,void,public,true,false,true,false
C:\Users\simon\Documents\Code\thesis-code\mockito-main\mockito-core\src\test\java\org\mockito\internal\stubbing\defaultanswers\ReturnsSmartNullsTest.java,ReturnsSmartNullsTest.java,GenericFooBar,should_return_an_object_that_allows_object_methods,3,0,void,public,true,false,true,false
C:\Users\simon\Documents\Code\thesis-code\mockito-main\mockito-core\src\test\java\org\mockito\internal\stubbing\defaultanswers\ReturnsSmartNullsTest.java,ReturnsSmartNullsTest.java,GenericFooBar,should_print_the_parameters_when_calling_a_method_with_args,3,0,void,public,true,false,true,false
C:\Users\simon\Documents\Code\thesis-code\mockito-main\mockito-core\src\test\java\org\mockito\internal\stubbing\defaultanswers\ReturnsSmartNullsTest.java,ReturnsSmartNullsTest.java,GenericFooBar,should_print_the_parameters_on_SmartNullPointerException_message,3,0,void,public,true,false,true,false
C:\Users\simon\Documents\Code\thesis-code\mockito-main\mockito-core\src\test\java\org\mockito\internal\stubbing\defaultanswers\ReturnsSmartNullsTest.java,ReturnsSmartNullsTest.java,GenericFooBar,get,0,0,T,,false,false,true,false
C:\Users\simon\Documents\Code\thesis-code\mockito-main\mockito-core\src\test\java\org\mockito\internal\stubbing\defaultanswers\ReturnsSmartNullsTest.java,ReturnsSmartNullsTest.java,GenericFooBar,method,0,0,I,,false,false,true,false
C:\Users\simon\Documents\Code\thesis-code\mockito-main\mockito-core\src\test\java\org\mockito\internal\stubbing\defaultanswers\ReturnsSmartNullsTest.java,ReturnsSmartNullsTest.java,GenericFooBar,methodWithArgs,0,2,I,,false,false,true,false
C:\Users\simon\Documents\Code\thesis-code\mockito-main\mockito-core\src\test\java\org\mockito\internal\stubbing\defaultanswers\ReturnsSmartNullsTest.java,ReturnsSmartNullsTest.java,GenericFooBar,methodWithVarArgs,0,2,I,,false,false,true,false
C:\Users\simon\Documents\Code\thesis-code\mockito-main\mockito-core\src\test\java\org\mockito\internal\stubbing\defaultanswers\ReturnsSmartNullsTest.java,ReturnsSmartNullsTest.java,GenericFooBar,should_return_an_object_that_has_been_defined_with_class_generic,3,0,void,public,true,false,true,false
C:\Users\simon\Documents\Code\thesis-code\mockito-main\mockito-core\src\test\java\org\mockito\internal\stubbing\defaultanswers\ReturnsSmartNullsTest.java,ReturnsSmartNullsTest.java,GenericFooBar,should_return_an_object_that_has_been_defined_with_method_generic,3,0,void,public,true,false,true,false
C:\Users\simon\Documents\Code\thesis-code\mockito-main\mockito-core\src\test\java\org\mockito\internal\stubbing\defaultanswers\ReturnsSmartNullsTest.java,ReturnsSmartNullsTest.java,GenericFooBar,invocationMethodWithArgs,1,1,InterceptedInvocation,private; static,false,false,true,false
C:\Users\simon\Documents\Code\thesis-code\mockito-main\mockito-core\src\test\java\org\mockito\internal\stubbing\defaultanswers\ReturnsSmartNullsTest.java,ReturnsSmartNullsTest.java,GenericFooBar,should_return_a_String_that_has_been_defined_with_method_generic_and_provided_in_argument,3,0,void,public,true,false,true,false
C:\Users\simon\Documents\Code\thesis-code\mockito-main\mockito-core\src\test\java\org\mockito\internal\stubbing\defaultanswers\ReturnsSmartNullsTest.java,ReturnsSmartNullsTest.java,GenericFooBar,should_return_a_empty_list_that_has_been_defined_with_method_generic_and_provided_in_argument,5,0,void,public,true,false,true,false
C:\Users\simon\Documents\Code\thesis-code\mockito-main\mockito-core\src\test\java\org\mockito\internal\stubbing\defaultanswers\ReturnsSmartNullsTest.java,ReturnsSmartNullsTest.java,GenericFooBar,should_return_a_empty_map_that_has_been_defined_with_method_generic_and_provided_in_argument,7,0,void,public,true,false,true,false
C:\Users\simon\Documents\Code\thesis-code\mockito-main\mockito-core\src\test\java\org\mockito\internal\stubbing\defaultanswers\ReturnsSmartNullsTest.java,ReturnsSmartNullsTest.java,GenericFooBar,should_return_a_empty_set_that_has_been_defined_with_method_generic_and_provided_in_argument,4,0,void,public,true,false,true,false
C:\Users\simon\Documents\Code\thesis-code\mockito-main\mockito-core\src\test\java\org\mockito\internal\stubbing\defaultanswers\ReturnsSmartNullsTest.java,ReturnsSmartNullsTest.java,GenericFooBar,should_return_a_new_mock_that_has_been_defined_with_method_generic_and_provided_in_argument,5,0,void,public,true,false,true,false
C:\Users\simon\Documents\Code\thesis-code\mockito-main\mockito-core\src\test\java\org\mockito\internal\stubbing\defaultanswers\ReturnsSmartNullsTest.java,ReturnsSmartNullsTest.java,GenericFooBar,should_return_an_Object_that_has_been_defined_with_method_generic_and_provided_in_argument,3,0,void,public,true,false,true,false
C:\Users\simon\Documents\Code\thesis-code\mockito-main\mockito-core\src\test\java\org\mockito\internal\stubbing\defaultanswers\ReturnsSmartNullsTest.java,ReturnsSmartNullsTest.java,GenericFooBar,should_throw_a_error_on_invocation_of_returned_mock,4,0,void,public,true,false,true,false
C:\Users\simon\Documents\Code\thesis-code\mockito-main\mockito-core\src\test\java\org\mockito\internal\stubbing\defaultanswers\ReturnsSmartNullsTest.java,ReturnsSmartNullsTest.java,GenericFooBar,call,1,0,void,public,false,false,true,false
C:\Users\simon\Documents\Code\thesis-code\mockito-main\mockito-core\src\test\java\org\mockito\internal\stubbing\defaultanswers\ReturnsSmartNullsTest.java,ReturnsSmartNullsTest.java,GenericFooBar,invocationMethodWithVarArgs,1,1,InterceptedInvocation,private; static,false,false,true,false
C:\Users\simon\Documents\Code\thesis-code\mockito-main\mockito-core\src\test\java\org\mockito\internal\stubbing\defaultanswers\ReturnsSmartNullsTest.java,ReturnsSmartNullsTest.java,GenericFooBar,should_return_a_String_that_has_been_defined_with_method_generic_and_provided_in_var_args,3,0,void,public,true,false,true,false
C:\Users\simon\Documents\Code\thesis-code\mockito-main\mockito-core\src\test\java\org\mockito\internal\stubbing\defaultanswers\ReturnsSmartNullsTest.java,ReturnsSmartNullsTest.java,GenericFooBar,should_return_a_empty_list_that_has_been_defined_with_method_generic_and_provided_in_var_args,6,0,void,public,true,false,true,false
C:\Users\simon\Documents\Code\thesis-code\mockito-main\mockito-core\src\test\java\org\mockito\internal\stubbing\defaultanswers\ReturnsSmartNullsTest.java,ReturnsSmartNullsTest.java,GenericFooBar,should_return_a_empty_map_that_has_been_defined_with_method_generic_and_provided_in_var_args,10,0,void,public,true,false,true,false
C:\Users\simon\Documents\Code\thesis-code\mockito-main\mockito-core\src\test\java\org\mockito\internal\stubbing\defaultanswers\ReturnsSmartNullsTest.java,ReturnsSmartNullsTest.java,GenericFooBar,should_return_a_empty_set_that_has_been_defined_with_method_generic_and_provided_in_var_args,6,0,void,public,true,false,true,false
C:\Users\simon\Documents\Code\thesis-code\mockito-main\mockito-core\src\test\java\org\mockito\internal\stubbing\defaultanswers\ReturnsSmartNullsTest.java,ReturnsSmartNullsTest.java,GenericFooBar,should_return_a_new_mock_that_has_been_defined_with_method_generic_and_provided_in_var_args,6,0,void,public,true,false,true,false
C:\Users\simon\Documents\Code\thesis-code\mockito-main\mockito-core\src\test\java\org\mockito\internal\stubbing\defaultanswers\ReturnsSmartNullsTest.java,ReturnsSmartNullsTest.java,GenericFooBar,should_return_an_Object_that_has_been_defined_with_method_generic_and_provided_in_var_args,3,0,void,public,true,false,true,false
C:\Users\simon\Documents\Code\thesis-code\mockito-main\mockito-core\src\test\java\org\mockito\internal\stubbing\InvocationContainerImplStubbingTest.java,InvocationContainerImplStubbingTest.java,MyException,setup,6,0,void,public,false,false,true,false
C:\Users\simon\Documents\Code\thesis-code\mockito-main\mockito-core\src\test\java\org\mockito\internal\stubbing\InvocationContainerImplStubbingTest.java,InvocationContainerImplStubbingTest.java,MyException,should_finish_stubbing_when_wrong_throwable_is_set,2,0,void,public,true,false,true,false
C:\Users\simon\Documents\Code\thesis-code\mockito-main\mockito-core\src\test\java\org\mockito\internal\stubbing\InvocationContainerImplStubbingTest.java,InvocationContainerImplStubbingTest.java,MyException,should_finish_stubbing_on_adding_return_value,3,0,void,public,true,false,true,false
C:\Users\simon\Documents\Code\thesis-code\mockito-main\mockito-core\src\test\java\org\mockito\internal\stubbing\InvocationContainerImplStubbingTest.java,InvocationContainerImplStubbingTest.java,MyException,should_get_results_for_methods,7,0,void,public,true,false,true,false
C:\Users\simon\Documents\Code\thesis-code\mockito-main\mockito-core\src\test\java\org\mockito\internal\stubbing\InvocationContainerImplStubbingTest.java,InvocationContainerImplStubbingTest.java,MyException,should_get_results_for_methods_stub_only,7,0,void,public,true,false,true,false
C:\Users\simon\Documents\Code\thesis-code\mockito-main\mockito-core\src\test\java\org\mockito\internal\stubbing\InvocationContainerImplStubbingTest.java,InvocationContainerImplStubbingTest.java,MyException,should_validate_throwable,1,0,void,public,true,false,true,false
C:\Users\simon\Documents\Code\thesis-code\mockito-main\mockito-core\src\test\java\org\mockito\internal\stubbing\InvocationContainerImplTest.java,InvocationContainerImplTest.java,InvocationContainerImplTest,should_be_thread_safe,1,0,void,public,true,false,true,true
C:\Users\simon\Documents\Code\thesis-code\mockito-main\mockito-core\src\test\java\org\mockito\internal\stubbing\InvocationContainerImplTest.java,InvocationContainerImplTest.java,InvocationContainerImplTest,should_be_thread_safe_stub_only,1,0,void,public,true,false,true,true
C:\Users\simon\Documents\Code\thesis-code\mockito-main\mockito-core\src\test\java\org\mockito\internal\stubbing\InvocationContainerImplTest.java,InvocationContainerImplTest.java,InvocationContainerImplTest,doShouldBeThreadSafe,5,1,void,private,false,false,true,true
C:\Users\simon\Documents\Code\thesis-code\mockito-main\mockito-core\src\test\java\org\mockito\internal\stubbing\InvocationContainerImplTest.java,InvocationContainerImplTest.java,InvocationContainerImplTest,run,4,0,void,public,false,false,true,true
C:\Users\simon\Documents\Code\thesis-code\mockito-main\mockito-core\src\test\java\org\mockito\internal\stubbing\InvocationContainerImplTest.java,InvocationContainerImplTest.java,InvocationContainerImplTest,uncaughtException,1,2,void,public,false,false,true,true
C:\Users\simon\Documents\Code\thesis-code\mockito-main\mockito-core\src\test\java\org\mockito\internal\stubbing\InvocationContainerImplTest.java,InvocationContainerImplTest.java,InvocationContainerImplTest,should_return_invoked_mock,2,0,void,public,true,false,true,true
C:\Users\simon\Documents\Code\thesis-code\mockito-main\mockito-core\src\test\java\org\mockito\internal\stubbing\InvocationContainerImplTest.java,InvocationContainerImplTest.java,InvocationContainerImplTest,should_return_invoked_mock_stub_only,2,0,void,public,true,false,true,true
C:\Users\simon\Documents\Code\thesis-code\mockito-main\mockito-core\src\test\java\org\mockito\internal\stubbing\InvocationContainerImplTest.java,InvocationContainerImplTest.java,InvocationContainerImplTest,should_tell_if_has_invocation_for_potential_stubbing,4,0,void,public,true,false,true,true
C:\Users\simon\Documents\Code\thesis-code\mockito-main\mockito-core\src\test\java\org\mockito\internal\stubbing\InvocationContainerImplTest.java,InvocationContainerImplTest.java,InvocationContainerImplTest,should_tell_if_has_invocation_for_potential_stubbing_stub_only,4,0,void,public,true,false,true,true
C:\Users\simon\Documents\Code\thesis-code\mockito-main\mockito-core\src\test\java\org\mockito\internal\stubbing\InvocationContainerImplTest.java,InvocationContainerImplTest.java,InvocationContainerImplTest,should_return_answer_when_answer_exists,4,0,void,public,true,false,true,true
C:\Users\simon\Documents\Code\thesis-code\mockito-main\mockito-core\src\test\java\org\mockito\internal\stubbing\InvocationContainerImplTest.java,InvocationContainerImplTest.java,InvocationContainerImplTest,should_throw_mockito_exception_when_no_answer_found,3,0,void,public,true,false,true,true
C:\Users\simon\Documents\Code\thesis-code\mockito-main\mockito-core\src\test\java\org\mockito\internal\util\ChecksTest.java,ChecksTest.java,ChecksTest,checkNotNull_not_null,1,0,void,public,true,false,true,true
C:\Users\simon\Documents\Code\thesis-code\mockito-main\mockito-core\src\test\java\org\mockito\internal\util\ChecksTest.java,ChecksTest.java,ChecksTest,checkNotNull_not_null_additional_message,1,0,void,public,true,false,true,true
C:\Users\simon\Documents\Code\thesis-code\mockito-main\mockito-core\src\test\java\org\mockito\internal\util\ChecksTest.java,ChecksTest.java,ChecksTest,checkNotNull_null,1,0,void,public,true,false,true,true
C:\Users\simon\Documents\Code\thesis-code\mockito-main\mockito-core\src\test\java\org\mockito\internal\util\ChecksTest.java,ChecksTest.java,ChecksTest,checkNotNull_null_additonal_message,1,0,void,public,true,false,true,true
C:\Users\simon\Documents\Code\thesis-code\mockito-main\mockito-core\src\test\java\org\mockito\internal\util\collections\HashCodeAndEqualsSafeSetTest.java,HashCodeAndEqualsSafeSetTest.java,UnmockableHashCodeAndEquals,can_add_mock_that_have_failing_hashCode_method,1,0,void,public,true,false,true,false
C:\Users\simon\Documents\Code\thesis-code\mockito-main\mockito-core\src\test\java\org\mockito\internal\util\collections\HashCodeAndEqualsSafeSetTest.java,HashCodeAndEqualsSafeSetTest.java,UnmockableHashCodeAndEquals,mock_with_failing_hashCode_method_can_be_added,1,0,void,public,true,false,true,false
C:\Users\simon\Documents\Code\thesis-code\mockito-main\mockito-core\src\test\java\org\mockito\internal\util\collections\HashCodeAndEqualsSafeSetTest.java,HashCodeAndEqualsSafeSetTest.java,UnmockableHashCodeAndEquals,mock_with_failing_equals_method_can_be_used,5,0,void,public,true,false,true,false
C:\Users\simon\Documents\Code\thesis-code\mockito-main\mockito-core\src\test\java\org\mockito\internal\util\collections\HashCodeAndEqualsSafeSetTest.java,HashCodeAndEqualsSafeSetTest.java,UnmockableHashCodeAndEquals,can_remove,5,0,void,public,true,false,true,false
C:\Users\simon\Documents\Code\thesis-code\mockito-main\mockito-core\src\test\java\org\mockito\internal\util\collections\HashCodeAndEqualsSafeSetTest.java,HashCodeAndEqualsSafeSetTest.java,UnmockableHashCodeAndEquals,can_add_a_collection,4,0,void,public,true,false,true,false
C:\Users\simon\Documents\Code\thesis-code\mockito-main\mockito-core\src\test\java\org\mockito\internal\util\collections\HashCodeAndEqualsSafeSetTest.java,HashCodeAndEqualsSafeSetTest.java,UnmockableHashCodeAndEquals,can_retain_a_collection,6,0,void,public,true,false,true,false
C:\Users\simon\Documents\Code\thesis-code\mockito-main\mockito-core\src\test\java\org\mockito\internal\util\collections\HashCodeAndEqualsSafeSetTest.java,HashCodeAndEqualsSafeSetTest.java,UnmockableHashCodeAndEquals,can_remove_a_collection,6,0,void,public,true,false,true,false
C:\Users\simon\Documents\Code\thesis-code\mockito-main\mockito-core\src\test\java\org\mockito\internal\util\collections\HashCodeAndEqualsSafeSetTest.java,HashCodeAndEqualsSafeSetTest.java,UnmockableHashCodeAndEquals,can_iterate,4,0,void,public,true,false,true,false
C:\Users\simon\Documents\Code\thesis-code\mockito-main\mockito-core\src\test\java\org\mockito\internal\util\collections\HashCodeAndEqualsSafeSetTest.java,HashCodeAndEqualsSafeSetTest.java,UnmockableHashCodeAndEquals,toArray_just_work,3,0,void,public,true,false,true,false
C:\Users\simon\Documents\Code\thesis-code\mockito-main\mockito-core\src\test\java\org\mockito\internal\util\collections\HashCodeAndEqualsSafeSetTest.java,HashCodeAndEqualsSafeSetTest.java,UnmockableHashCodeAndEquals,cloneIsNotSupported,1,0,void,public,true,false,true,false
C:\Users\simon\Documents\Code\thesis-code\mockito-main\mockito-core\src\test\java\org\mockito\internal\util\collections\HashCodeAndEqualsSafeSetTest.java,HashCodeAndEqualsSafeSetTest.java,UnmockableHashCodeAndEquals,isEmptyAfterClear,3,0,void,public,true,false,true,false
C:\Users\simon\Documents\Code\thesis-code\mockito-main\mockito-core\src\test\java\org\mockito\internal\util\collections\HashCodeAndEqualsSafeSetTest.java,HashCodeAndEqualsSafeSetTest.java,UnmockableHashCodeAndEquals,isEqualToItself,2,0,void,public,true,false,true,false
C:\Users\simon\Documents\Code\thesis-code\mockito-main\mockito-core\src\test\java\org\mockito\internal\util\collections\HashCodeAndEqualsSafeSetTest.java,HashCodeAndEqualsSafeSetTest.java,UnmockableHashCodeAndEquals,isNotEqualToAnOtherTypeOfSetWithSameContent,2,0,void,public,true,false,true,false
C:\Users\simon\Documents\Code\thesis-code\mockito-main\mockito-core\src\test\java\org\mockito\internal\util\collections\HashCodeAndEqualsSafeSetTest.java,HashCodeAndEqualsSafeSetTest.java,UnmockableHashCodeAndEquals,isNotEqualWhenContentIsDifferent,2,0,void,public,true,false,true,false
C:\Users\simon\Documents\Code\thesis-code\mockito-main\mockito-core\src\test\java\org\mockito\internal\util\collections\HashCodeAndEqualsSafeSetTest.java,HashCodeAndEqualsSafeSetTest.java,UnmockableHashCodeAndEquals,hashCodeIsEqualIfContentIsEqual,2,0,void,public,true,false,true,false
C:\Users\simon\Documents\Code\thesis-code\mockito-main\mockito-core\src\test\java\org\mockito\internal\util\collections\HashCodeAndEqualsSafeSetTest.java,HashCodeAndEqualsSafeSetTest.java,UnmockableHashCodeAndEquals,toStringIsNotNullOrEmpty,2,0,void,public,true,false,true,false
C:\Users\simon\Documents\Code\thesis-code\mockito-main\mockito-core\src\test\java\org\mockito\internal\util\collections\HashCodeAndEqualsSafeSetTest.java,HashCodeAndEqualsSafeSetTest.java,UnmockableHashCodeAndEquals,removeByIterator,5,0,void,public,true,false,true,false
C:\Users\simon\Documents\Code\thesis-code\mockito-main\mockito-core\src\test\java\org\mockito\internal\util\collections\HashCodeAndEqualsSafeSetTest.java,HashCodeAndEqualsSafeSetTest.java,UnmockableHashCodeAndEquals,hashCode,1,0,int,public; final,false,false,true,false
C:\Users\simon\Documents\Code\thesis-code\mockito-main\mockito-core\src\test\java\org\mockito\internal\util\collections\HashCodeAndEqualsSafeSetTest.java,HashCodeAndEqualsSafeSetTest.java,UnmockableHashCodeAndEquals,equals,1,1,boolean,public; final,false,false,true,false
C:\Users\simon\Documents\Code\thesis-code\mockito-main\mockito-core\src\test\java\org\mockito\internal\util\collections\IdentitySetTest.java,IdentitySetTest.java,Fake,shouldWork,4,0,void,public,true,false,true,false
C:\Users\simon\Documents\Code\thesis-code\mockito-main\mockito-core\src\test\java\org\mockito\internal\util\collections\IdentitySetTest.java,IdentitySetTest.java,Fake,equals,1,1,boolean,public,false,false,true,false
C:\Users\simon\Documents\Code\thesis-code\mockito-main\mockito-core\src\test\java\org\mockito\internal\util\collections\IdentitySetTest.java,IdentitySetTest.java,Fake,shouldWorkEvenIfEqualsTheSame,5,0,void,public,true,false,true,false
C:\Users\simon\Documents\Code\thesis-code\mockito-main\mockito-core\src\test\java\org\mockito\internal\util\collections\SetsTest.java,SetsTest.java,TestInterface,doSomething,0,0,void,,false,false,true,true
C:\Users\simon\Documents\Code\thesis-code\mockito-main\mockito-core\src\test\java\org\mockito\internal\util\collections\SetsTest.java,SetsTest.java,TestInterface,should_create_mock_safe_hash_set_from_iterable,8,0,void,public,true,false,true,true
C:\Users\simon\Documents\Code\thesis-code\mockito-main\mockito-core\src\test\java\org\mockito\internal\util\collections\SetsTest.java,SetsTest.java,TestInterface,should_create_mock_safe_hash_set_from_varargs,5,0,void,public,true,false,true,true
C:\Users\simon\Documents\Code\thesis-code\mockito-main\mockito-core\src\test\java\org\mockito\internal\util\collections\SetsTest.java,SetsTest.java,TestInterface,should_create_empty_mock_safe_hash_set_from_empty_iterable,3,0,void,public,true,false,true,true
C:\Users\simon\Documents\Code\thesis-code\mockito-main\mockito-core\src\test\java\org\mockito\internal\util\collections\SetsTest.java,SetsTest.java,TestInterface,should_create_empty_mock_safe_hash_set_from_no_args,2,0,void,public,true,false,true,true
C:\Users\simon\Documents\Code\thesis-code\mockito-main\mockito-core\src\test\java\org\mockito\internal\util\collections\SetsTest.java,SetsTest.java,TestInterface,should_handle_null_in_iterable_for_mock_safe_hash_set,6,0,void,public,true,false,true,true
C:\Users\simon\Documents\Code\thesis-code\mockito-main\mockito-core\src\test\java\org\mockito\internal\util\collections\SetsTest.java,SetsTest.java,TestInterface,should_handle_duplicate_mocks_in_mock_safe_hash_set,4,0,void,public,true,false,true,true
C:\Users\simon\Documents\Code\thesis-code\mockito-main\mockito-core\src\test\java\org\mockito\internal\util\collections\SetsTest.java,SetsTest.java,TestInterface,should_create_set_with_string_elements,2,0,void,public,true,false,true,true
C:\Users\simon\Documents\Code\thesis-code\mockito-main\mockito-core\src\test\java\org\mockito\internal\util\collections\SetsTest.java,SetsTest.java,TestInterface,should_create_set_with_integer_elements,2,0,void,public,true,false,true,true
C:\Users\simon\Documents\Code\thesis-code\mockito-main\mockito-core\src\test\java\org\mockito\internal\util\collections\SetsTest.java,SetsTest.java,TestInterface,should_create_empty_set,2,0,void,public,true,false,true,true
C:\Users\simon\Documents\Code\thesis-code\mockito-main\mockito-core\src\test\java\org\mockito\internal\util\collections\SetsTest.java,SetsTest.java,TestInterface,should_preserve_order_in_new_set,2,0,void,public,true,false,true,true
C:\Users\simon\Documents\Code\thesis-code\mockito-main\mockito-core\src\test\java\org\mockito\internal\util\collections\SetsTest.java,SetsTest.java,TestInterface,should_handle_duplicate_elements_in_new_set,2,0,void,public,true,false,true,true
C:\Users\simon\Documents\Code\thesis-code\mockito-main\mockito-core\src\test\java\org\mockito\internal\util\collections\SetsTest.java,SetsTest.java,TestInterface,should_throw_exception_when_null_passed_to_new_set,1,0,void,public,true,false,true,true
C:\Users\simon\Documents\Code\thesis-code\mockito-main\mockito-core\src\test\java\org\mockito\internal\util\collections\SetsTest.java,SetsTest.java,TestInterface,should_handle_null_elements_in_new_set,2,0,void,public,true,false,true,true
C:\Users\simon\Documents\Code\thesis-code\mockito-main\mockito-core\src\test\java\org\mockito\internal\util\collections\SetsTest.java,SetsTest.java,TestInterface,should_create_set_with_mixed_types_using_generics,3,0,void,public,true,false,true,true
C:\Users\simon\Documents\Code\thesis-code\mockito-main\mockito-core\src\test\java\org\mockito\internal\util\collections\SetsTest.java,SetsTest.java,TestInterface,should_allow_adding_to_mock_safe_hash_set,6,0,void,public,true,false,true,true
C:\Users\simon\Documents\Code\thesis-code\mockito-main\mockito-core\src\test\java\org\mockito\internal\util\collections\SetsTest.java,SetsTest.java,TestInterface,should_allow_removing_from_mock_safe_hash_set,6,0,void,public,true,false,true,true
C:\Users\simon\Documents\Code\thesis-code\mockito-main\mockito-core\src\test\java\org\mockito\internal\util\collections\SetsTest.java,SetsTest.java,TestInterface,should_handle_mock_safe_hash_set_with_regular_objects,5,0,void,public,true,false,true,true
C:\Users\simon\Documents\Code\thesis-code\mockito-main\mockito-core\src\test\java\org\mockito\internal\util\DefaultMockingDetailsTest.java,DefaultMockingDetailsTest.java,Gork,before,1,0,void,public,false,false,true,false
C:\Users\simon\Documents\Code\thesis-code\mockito-main\mockito-core\src\test\java\org\mockito\internal\util\DefaultMockingDetailsTest.java,DefaultMockingDetailsTest.java,Gork,should_provide_original_mock,2,0,void,public,true,false,true,false
C:\Users\simon\Documents\Code\thesis-code\mockito-main\mockito-core\src\test\java\org\mockito\internal\util\DefaultMockingDetailsTest.java,DefaultMockingDetailsTest.java,Gork,should_know_spy,4,0,void,public,true,false,true,false
C:\Users\simon\Documents\Code\thesis-code\mockito-main\mockito-core\src\test\java\org\mockito\internal\util\DefaultMockingDetailsTest.java,DefaultMockingDetailsTest.java,Gork,should_know_mock,4,0,void,public,true,false,true,false
C:\Users\simon\Documents\Code\thesis-code\mockito-main\mockito-core\src\test\java\org\mockito\internal\util\DefaultMockingDetailsTest.java,DefaultMockingDetailsTest.java,Gork,should_handle_non_mocks,4,0,void,public,true,false,true,false
C:\Users\simon\Documents\Code\thesis-code\mockito-main\mockito-core\src\test\java\org\mockito\internal\util\DefaultMockingDetailsTest.java,DefaultMockingDetailsTest.java,Gork,should_check_that_a_spy_is_also_a_mock,1,0,void,public,true,false,true,false
C:\Users\simon\Documents\Code\thesis-code\mockito-main\mockito-core\src\test\java\org\mockito\internal\util\DefaultMockingDetailsTest.java,DefaultMockingDetailsTest.java,Gork,provides_invocations,4,0,void,public,true,false,true,false
C:\Users\simon\Documents\Code\thesis-code\mockito-main\mockito-core\src\test\java\org\mockito\internal\util\DefaultMockingDetailsTest.java,DefaultMockingDetailsTest.java,Gork,manipulating_invocations_is_safe,3,0,void,public,true,false,true,false
C:\Users\simon\Documents\Code\thesis-code\mockito-main\mockito-core\src\test\java\org\mockito\internal\util\DefaultMockingDetailsTest.java,DefaultMockingDetailsTest.java,Gork,provides_mock_creation_settings,3,0,void,public,true,false,true,false
C:\Users\simon\Documents\Code\thesis-code\mockito-main\mockito-core\src\test\java\org\mockito\internal\util\DefaultMockingDetailsTest.java,DefaultMockingDetailsTest.java,Gork,fails_when_getting_creation_settings_for_incorrect_input,1,0,void,public,true,false,true,false
C:\Users\simon\Documents\Code\thesis-code\mockito-main\mockito-core\src\test\java\org\mockito\internal\util\DefaultMockingDetailsTest.java,DefaultMockingDetailsTest.java,Gork,fails_when_getting_invocations_when_null,1,0,void,public,true,false,true,false
C:\Users\simon\Documents\Code\thesis-code\mockito-main\mockito-core\src\test\java\org\mockito\internal\util\DefaultMockingDetailsTest.java,DefaultMockingDetailsTest.java,Gork,fails_when_getting_invocations_when_not_mock,1,0,void,public,true,false,true,false
C:\Users\simon\Documents\Code\thesis-code\mockito-main\mockito-core\src\test\java\org\mockito\internal\util\DefaultMockingDetailsTest.java,DefaultMockingDetailsTest.java,Gork,fails_when_getting_stubbings_from_non_mock,1,0,void,public,true,false,true,false
C:\Users\simon\Documents\Code\thesis-code\mockito-main\mockito-core\src\test\java\org\mockito\internal\util\DefaultMockingDetailsTest.java,DefaultMockingDetailsTest.java,Gork,mock_with_no_stubbings,1,0,void,public,true,false,true,false
C:\Users\simon\Documents\Code\thesis-code\mockito-main\mockito-core\src\test\java\org\mockito\internal\util\DefaultMockingDetailsTest.java,DefaultMockingDetailsTest.java,Gork,provides_stubbings_of_mock_in_declaration_order,5,0,void,public,true,false,true,false
C:\Users\simon\Documents\Code\thesis-code\mockito-main\mockito-core\src\test\java\org\mockito\internal\util\DefaultMockingDetailsTest.java,DefaultMockingDetailsTest.java,Gork,manipulating_stubbings_explicitly_is_safe,3,0,void,public,true,false,true,false
C:\Users\simon\Documents\Code\thesis-code\mockito-main\mockito-core\src\test\java\org\mockito\internal\util\DefaultMockingDetailsTest.java,DefaultMockingDetailsTest.java,Gork,prints_invocations,6,0,void,public,true,false,true,false
C:\Users\simon\Documents\Code\thesis-code\mockito-main\mockito-core\src\test\java\org\mockito\internal\util\DefaultMockingDetailsTest.java,DefaultMockingDetailsTest.java,Gork,fails_when_printin_invocations_from_non_mock,1,0,void,public,true,false,true,false
C:\Users\simon\Documents\Code\thesis-code\mockito-main\mockito-core\src\test\java\org\mockito\internal\util\io\IOUtilTest.java,IOUtilTest.java,IOUtilTest,closes_streams,4,0,void,public,true,false,true,true
C:\Users\simon\Documents\Code\thesis-code\mockito-main\mockito-core\src\test\java\org\mockito\internal\util\io\IOUtilTest.java,IOUtilTest.java,IOUtilTest,writes_reads_files,3,0,void,public,true,false,true,true
C:\Users\simon\Documents\Code\thesis-code\mockito-main\mockito-core\src\test\java\org\mockito\internal\util\MockCreationValidatorTest.java,MockCreationValidatorTest.java,MockCreationValidatorTest,should_not_allow_extra_interface_that_is_the_same_as_the_mocked_type,1,0,void,public,true,false,true,true
C:\Users\simon\Documents\Code\thesis-code\mockito-main\mockito-core\src\test\java\org\mockito\internal\util\MockCreationValidatorTest.java,MockCreationValidatorTest.java,MockCreationValidatorTest,should_not_allow_inconsistent_types,1,0,void,public,true,false,true,true
C:\Users\simon\Documents\Code\thesis-code\mockito-main\mockito-core\src\test\java\org\mockito\internal\util\MockCreationValidatorTest.java,MockCreationValidatorTest.java,MockCreationValidatorTest,should_allow_only_consistent_types,1,0,void,public,true,false,true,true
C:\Users\simon\Documents\Code\thesis-code\mockito-main\mockito-core\src\test\java\org\mockito\internal\util\MockCreationValidatorTest.java,MockCreationValidatorTest.java,MockCreationValidatorTest,should_validation_be_safe_when_nulls_passed,2,0,void,public,true,false,true,true
C:\Users\simon\Documents\Code\thesis-code\mockito-main\mockito-core\src\test\java\org\mockito\internal\util\MockCreationValidatorTest.java,MockCreationValidatorTest.java,MockCreationValidatorTest,should_fail_when_type_not_mockable,1,0,void,public,true,false,true,true
C:\Users\simon\Documents\Code\thesis-code\mockito-main\mockito-core\src\test\java\org\mockito\internal\util\MockNameImplTest.java,MockNameImplTest.java,SomeInterface,shouldProvideTheNameForClass,2,0,void,public,true,false,true,false
C:\Users\simon\Documents\Code\thesis-code\mockito-main\mockito-core\src\test\java\org\mockito\internal\util\MockNameImplTest.java,MockNameImplTest.java,SomeInterface,shouldProvideTheNameForClassOnStaticMock,2,0,void,public,true,false,true,false
C:\Users\simon\Documents\Code\thesis-code\mockito-main\mockito-core\src\test\java\org\mockito\internal\util\MockNameImplTest.java,MockNameImplTest.java,SomeInterface,shouldProvideTheNameForAnonymousClass,3,0,void,public,true,false,true,false
C:\Users\simon\Documents\Code\thesis-code\mockito-main\mockito-core\src\test\java\org\mockito\internal\util\MockNameImplTest.java,MockNameImplTest.java,SomeInterface,shouldProvideTheNameForAnonymousClassOnStatic,3,0,void,public,true,false,true,false
C:\Users\simon\Documents\Code\thesis-code\mockito-main\mockito-core\src\test\java\org\mockito\internal\util\MockNameImplTest.java,MockNameImplTest.java,SomeInterface,shouldProvideTheGivenName,2,0,void,public,true,false,true,false
C:\Users\simon\Documents\Code\thesis-code\mockito-main\mockito-core\src\test\java\org\mockito\internal\util\MockNameImplTest.java,MockNameImplTest.java,SomeInterface,shouldProvideTheGivenNameOnStatic,2,0,void,public,true,false,true,false
C:\Users\simon\Documents\Code\thesis-code\mockito-main\mockito-core\src\test\java\org\mockito\internal\util\MockSettingsTest.java,MockSettingsTest.java,MockSettingsTest,public_api_for_creating_settings,3,0,void,public,true,false,true,true
C:\Users\simon\Documents\Code\thesis-code\mockito-main\mockito-core\src\test\java\org\mockito\internal\util\MockSettingsTest.java,MockSettingsTest.java,MockSettingsTest,test_without_annotations,6,0,void,public,true,true,true,true
C:\Users\simon\Documents\Code\thesis-code\mockito-main\mockito-core\src\test\java\org\mockito\internal\util\MockUtilTest.java,MockUtilTest.java,SomeInterface,should_get_handler,2,0,void,public,true,false,true,false
C:\Users\simon\Documents\Code\thesis-code\mockito-main\mockito-core\src\test\java\org\mockito\internal\util\MockUtilTest.java,MockUtilTest.java,SomeInterface,should_scream_when_not_a_mock_passed,1,0,void,public,true,false,true,false
C:\Users\simon\Documents\Code\thesis-code\mockito-main\mockito-core\src\test\java\org\mockito\internal\util\MockUtilTest.java,MockUtilTest.java,SomeInterface,should_scream_when_null_passed,1,0,void,public,true,false,true,false
C:\Users\simon\Documents\Code\thesis-code\mockito-main\mockito-core\src\test\java\org\mockito\internal\util\MockUtilTest.java,MockUtilTest.java,SomeInterface,should_get_mock_settings,2,0,void,public,true,false,true,false
C:\Users\simon\Documents\Code\thesis-code\mockito-main\mockito-core\src\test\java\org\mockito\internal\util\MockUtilTest.java,MockUtilTest.java,SomeInterface,should_validate_mock,2,0,void,public,true,false,true,false
C:\Users\simon\Documents\Code\thesis-code\mockito-main\mockito-core\src\test\java\org\mockito\internal\util\MockUtilTest.java,MockUtilTest.java,SomeInterface,should_validate_spy,6,0,void,public,true,false,true,false
C:\Users\simon\Documents\Code\thesis-code\mockito-main\mockito-core\src\test\java\org\mockito\internal\util\MockUtilTest.java,MockUtilTest.java,SomeInterface,should_redefine_MockName_if_default,3,0,void,public,true,false,true,false
C:\Users\simon\Documents\Code\thesis-code\mockito-main\mockito-core\src\test\java\org\mockito\internal\util\MockUtilTest.java,MockUtilTest.java,SomeInterface,should_not_redefine_MockName_if_default,3,0,void,public,true,false,true,false
C:\Users\simon\Documents\Code\thesis-code\mockito-main\mockito-core\src\test\java\org\mockito\internal\util\MockUtilTest.java,MockUtilTest.java,SomeInterface,should_know_if_type_is_mockable,4,0,void,public,true,false,true,false
C:\Users\simon\Documents\Code\thesis-code\mockito-main\mockito-core\src\test\java\org\mockito\internal\util\ObjectMethodsGuruTest.java,ObjectMethodsGuruTest.java,HasCompare,compareTo,0,1,int,,false,false,true,false
C:\Users\simon\Documents\Code\thesis-code\mockito-main\mockito-core\src\test\java\org\mockito\internal\util\ObjectMethodsGuruTest.java,ObjectMethodsGuruTest.java,HasCompare,foo,0,1,int,,false,false,true,false
C:\Users\simon\Documents\Code\thesis-code\mockito-main\mockito-core\src\test\java\org\mockito\internal\util\ObjectMethodsGuruTest.java,ObjectMethodsGuruTest.java,HasCompare,compareTo,0,2,int,,false,false,true,false
C:\Users\simon\Documents\Code\thesis-code\mockito-main\mockito-core\src\test\java\org\mockito\internal\util\ObjectMethodsGuruTest.java,ObjectMethodsGuruTest.java,HasCompare,compareTo,0,1,int,,false,false,true,false
C:\Users\simon\Documents\Code\thesis-code\mockito-main\mockito-core\src\test\java\org\mockito\internal\util\ObjectMethodsGuruTest.java,ObjectMethodsGuruTest.java,HasCompare,compareTo,0,1,int,,false,false,true,false
C:\Users\simon\Documents\Code\thesis-code\mockito-main\mockito-core\src\test\java\org\mockito\internal\util\ObjectMethodsGuruTest.java,ObjectMethodsGuruTest.java,HasCompare,shouldKnowToStringMethod,3,0,void,public,true,false,true,false
C:\Users\simon\Documents\Code\thesis-code\mockito-main\mockito-core\src\test\java\org\mockito\internal\util\ObjectMethodsGuruTest.java,ObjectMethodsGuruTest.java,HasCompare,shouldKnowCompareToMethod,6,0,void,public,true,false,true,false
C:\Users\simon\Documents\Code\thesis-code\mockito-main\mockito-core\src\test\java\org\mockito\internal\util\PlatformTest.java,PlatformTest.java,PlatformTest,const_are_initialized_from_system_properties,6,0,void,public,true,false,true,true
C:\Users\simon\Documents\Code\thesis-code\mockito-main\mockito-core\src\test\java\org\mockito\internal\util\PlatformTest.java,PlatformTest.java,PlatformTest,should_warn_for_jvm,3,0,void,public,true,false,true,true
C:\Users\simon\Documents\Code\thesis-code\mockito-main\mockito-core\src\test\java\org\mockito\internal\util\PlatformTest.java,PlatformTest.java,PlatformTest,should_parse_open_jdk9_string,6,0,void,public,true,false,true,true
C:\Users\simon\Documents\Code\thesis-code\mockito-main\mockito-core\src\test\java\org\mockito\internal\util\PlatformTest.java,PlatformTest.java,PlatformTest,assertPlatformParsesCorrectlyVariousVersionScheme,1,1,void,private,false,false,true,true
C:\Users\simon\Documents\Code\thesis-code\mockito-main\mockito-core\src\test\java\org\mockito\internal\util\PrimitivesTest.java,PrimitivesTest.java,PrimitivesTest,should_not_return_null_for_primitives_wrappers,8,0,void,public,true,false,true,true
C:\Users\simon\Documents\Code\thesis-code\mockito-main\mockito-core\src\test\java\org\mockito\internal\util\PrimitivesTest.java,PrimitivesTest.java,PrimitivesTest,should_not_return_null_for_primitives,8,0,void,public,true,false,true,true
C:\Users\simon\Documents\Code\thesis-code\mockito-main\mockito-core\src\test\java\org\mockito\internal\util\PrimitivesTest.java,PrimitivesTest.java,PrimitivesTest,should_default_values_for_primitive,8,0,void,public,true,false,true,true
C:\Users\simon\Documents\Code\thesis-code\mockito-main\mockito-core\src\test\java\org\mockito\internal\util\PrimitivesTest.java,PrimitivesTest.java,PrimitivesTest,should_default_values_for_wrapper,8,0,void,public,true,false,true,true
C:\Users\simon\Documents\Code\thesis-code\mockito-main\mockito-core\src\test\java\org\mockito\internal\util\PrimitivesTest.java,PrimitivesTest.java,PrimitivesTest,should_return_null_for_everything_else,3,0,void,public,true,false,true,true
C:\Users\simon\Documents\Code\thesis-code\mockito-main\mockito-core\src\test\java\org\mockito\internal\util\PrimitivesTest.java,PrimitivesTest.java,PrimitivesTest,should_check_that_value_type_is_assignable_to_wrapper_reference,16,0,void,public,true,false,true,true
C:\Users\simon\Documents\Code\thesis-code\mockito-main\mockito-core\src\test\java\org\mockito\internal\util\reflection\BeanPropertySetterTest.java,BeanPropertySetterTest.java,BeanWithWeirdFields,use_the_correct_setter_on_the_target,7,0,void,public,true,false,true,false
C:\Users\simon\Documents\Code\thesis-code\mockito-main\mockito-core\src\test\java\org\mockito\internal\util\reflection\BeanPropertySetterTest.java,BeanPropertySetterTest.java,BeanWithWeirdFields,use_the_setter_on_the_target_when_field_name_begins_by_at_least_2_caps,7,0,void,public,true,false,true,false
C:\Users\simon\Documents\Code\thesis-code\mockito-main\mockito-core\src\test\java\org\mockito\internal\util\reflection\BeanPropertySetterTest.java,BeanPropertySetterTest.java,BeanWithWeirdFields,should_not_fail_if_bean_class_declares_only_the_setter_for_the_property,6,0,void,public,true,false,true,false
C:\Users\simon\Documents\Code\thesis-code\mockito-main\mockito-core\src\test\java\org\mockito\internal\util\reflection\BeanPropertySetterTest.java,BeanPropertySetterTest.java,BeanWithWeirdFields,should_fail_if_matching_setter_cannot_be_found_and_if_report_failure_is_true,4,0,void,public,true,false,true,false
C:\Users\simon\Documents\Code\thesis-code\mockito-main\mockito-core\src\test\java\org\mockito\internal\util\reflection\BeanPropertySetterTest.java,BeanPropertySetterTest.java,BeanWithWeirdFields,return_false_if_no_setter_was_found,5,0,void,public,true,false,true,false
C:\Users\simon\Documents\Code\thesis-code\mockito-main\mockito-core\src\test\java\org\mockito\internal\util\reflection\BeanPropertySetterTest.java,BeanPropertySetterTest.java,BeanWithWeirdFields,return_false_if_no_setter_was_found_and_if_reportNoSetterFound_is_false,5,0,void,public,true,false,true,false
C:\Users\simon\Documents\Code\thesis-code\mockito-main\mockito-core\src\test\java\org\mockito\internal\util\reflection\BeanPropertySetterTest.java,BeanPropertySetterTest.java,BeanWithWeirdFields,setTheField,2,1,void,public,false,false,true,false
C:\Users\simon\Documents\Code\thesis-code\mockito-main\mockito-core\src\test\java\org\mockito\internal\util\reflection\BeanPropertySetterTest.java,BeanPropertySetterTest.java,BeanWithWeirdFields,getTheField,1,0,File,public,false,false,true,false
C:\Users\simon\Documents\Code\thesis-code\mockito-main\mockito-core\src\test\java\org\mockito\internal\util\reflection\BeanPropertySetterTest.java,BeanPropertySetterTest.java,BeanWithWeirdFields,setTheField,2,1,void,public,false,false,true,false
C:\Users\simon\Documents\Code\thesis-code\mockito-main\mockito-core\src\test\java\org\mockito\internal\util\reflection\BeanPropertySetterTest.java,BeanPropertySetterTest.java,BeanWithWeirdFields,getTheField,1,0,File,public,false,false,true,false
C:\Users\simon\Documents\Code\thesis-code\mockito-main\mockito-core\src\test\java\org\mockito\internal\util\reflection\BeanPropertySetterTest.java,BeanPropertySetterTest.java,BeanWithWeirdFields,setTheField,1,1,void,public,false,false,true,false
C:\Users\simon\Documents\Code\thesis-code\mockito-main\mockito-core\src\test\java\org\mockito\internal\util\reflection\BeanPropertySetterTest.java,BeanPropertySetterTest.java,BeanWithWeirdFields,setUUID,2,1,void,public,false,false,true,false
C:\Users\simon\Documents\Code\thesis-code\mockito-main\mockito-core\src\test\java\org\mockito\internal\util\reflection\FieldInitializerTest.java,FieldInitializerTest.java,InnerClassType,should_keep_same_instance_if_field_initialized,6,0,void,public,true,false,true,false
C:\Users\simon\Documents\Code\thesis-code\mockito-main\mockito-core\src\test\java\org\mockito\internal\util\reflection\FieldInitializerTest.java,FieldInitializerTest.java,InnerClassType,should_instantiate_field_when_type_has_no_constructor,5,0,void,public,true,false,true,false
C:\Users\simon\Documents\Code\thesis-code\mockito-main\mockito-core\src\test\java\org\mockito\internal\util\reflection\FieldInitializerTest.java,FieldInitializerTest.java,InnerClassType,should_instantiate_field_with_default_constructor,5,0,void,public,true,false,true,false
C:\Users\simon\Documents\Code\thesis-code\mockito-main\mockito-core\src\test\java\org\mockito\internal\util\reflection\FieldInitializerTest.java,FieldInitializerTest.java,InnerClassType,should_instantiate_field_with_private_default_constructor,5,0,void,public,true,false,true,false
C:\Users\simon\Documents\Code\thesis-code\mockito-main\mockito-core\src\test\java\org\mockito\internal\util\reflection\FieldInitializerTest.java,FieldInitializerTest.java,InnerClassType,should_fail_to_instantiate_field_if_no_default_constructor,2,0,void,public,true,false,true,false
C:\Users\simon\Documents\Code\thesis-code\mockito-main\mockito-core\src\test\java\org\mockito\internal\util\reflection\FieldInitializerTest.java,FieldInitializerTest.java,InnerClassType,should_fail_to_instantiate_field_if_default_constructor_throws_exception,2,0,void,public,true,false,true,false
C:\Users\simon\Documents\Code\thesis-code\mockito-main\mockito-core\src\test\java\org\mockito\internal\util\reflection\FieldInitializerTest.java,FieldInitializerTest.java,InnerClassType,should_fail_for_abstract_field,1,0,void,public,true,false,true,false
C:\Users\simon\Documents\Code\thesis-code\mockito-main\mockito-core\src\test\java\org\mockito\internal\util\reflection\FieldInitializerTest.java,FieldInitializerTest.java,InnerClassType,should_not_fail_if_abstract_field_is_instantiated,1,0,void,public,true,false,true,false
C:\Users\simon\Documents\Code\thesis-code\mockito-main\mockito-core\src\test\java\org\mockito\internal\util\reflection\FieldInitializerTest.java,FieldInitializerTest.java,InnerClassType,should_fail_for_interface_field,1,0,void,public,true,false,true,false
C:\Users\simon\Documents\Code\thesis-code\mockito-main\mockito-core\src\test\java\org\mockito\internal\util\reflection\FieldInitializerTest.java,FieldInitializerTest.java,InnerClassType,should_not_fail_if_interface_field_is_instantiated,1,0,void,public,true,false,true,false
C:\Users\simon\Documents\Code\thesis-code\mockito-main\mockito-core\src\test\java\org\mockito\internal\util\reflection\FieldInitializerTest.java,FieldInitializerTest.java,InnerClassType,should_fail_for_local_type_field,4,0,void,public,true,false,true,false
C:\Users\simon\Documents\Code\thesis-code\mockito-main\mockito-core\src\test\java\org\mockito\internal\util\reflection\FieldInitializerTest.java,FieldInitializerTest.java,InnerClassType,should_not_fail_if_local_type_field_is_instantiated,4,0,void,public,true,false,true,false
C:\Users\simon\Documents\Code\thesis-code\mockito-main\mockito-core\src\test\java\org\mockito\internal\util\reflection\FieldInitializerTest.java,FieldInitializerTest.java,InnerClassType,should_fail_for_inner_class_field,1,0,void,public,true,false,true,false
C:\Users\simon\Documents\Code\thesis-code\mockito-main\mockito-core\src\test\java\org\mockito\internal\util\reflection\FieldInitializerTest.java,FieldInitializerTest.java,InnerClassType,should_not_fail_if_inner_class_field_is_instantiated,1,0,void,public,true,false,true,false
C:\Users\simon\Documents\Code\thesis-code\mockito-main\mockito-core\src\test\java\org\mockito\internal\util\reflection\FieldInitializerTest.java,FieldInitializerTest.java,InnerClassType,can_instantiate_class_with_parameterized_constructor,3,0,void,public,true,false,true,false
C:\Users\simon\Documents\Code\thesis-code\mockito-main\mockito-core\src\test\java\org\mockito\internal\util\reflection\FieldInitializerTest.java,FieldInitializerTest.java,InnerClassType,field,1,1,Field,private,false,false,true,false
C:\Users\simon\Documents\Code\thesis-code\mockito-main\mockito-core\src\test\java\org\mockito\internal\util\reflection\FieldReaderTest.java,FieldReaderTest.java,Foo,shouldKnowWhenNull,2,0,void,public,true,false,true,false
C:\Users\simon\Documents\Code\thesis-code\mockito-main\mockito-core\src\test\java\org\mockito\internal\util\reflection\FieldReaderTest.java,FieldReaderTest.java,Foo,shouldKnowWhenNotNull,2,0,void,public,true,false,true,false
C:\Users\simon\Documents\Code\thesis-code\mockito-main\mockito-core\src\test\java\org\mockito\internal\util\reflection\GenericArrayReturnTypeTest.java,GenericArrayReturnTypeTest.java,InnerContainer,toArrayTypedDoesNotWork,2,0,void,public,true,false,true,false
C:\Users\simon\Documents\Code\thesis-code\mockito-main\mockito-core\src\test\java\org\mockito\internal\util\reflection\GenericArrayReturnTypeTest.java,GenericArrayReturnTypeTest.java,InnerContainer,getInnerContainer,1,0,InnerContainer,public,false,false,true,false
C:\Users\simon\Documents\Code\thesis-code\mockito-main\mockito-core\src\test\java\org\mockito\internal\util\reflection\GenericArrayReturnTypeTest.java,GenericArrayReturnTypeTest.java,InnerContainer,getTheProblem,1,0,Set<String>,public,false,false,true,false
C:\Users\simon\Documents\Code\thesis-code\mockito-main\mockito-core\src\test\java\org\mockito\internal\util\reflection\GenericMasterTest.java,GenericMasterTest.java,ClassWithParameter,numberList,1,0,List<Number>,public,false,false,true,false
C:\Users\simon\Documents\Code\thesis-code\mockito-main\mockito-core\src\test\java\org\mockito\internal\util\reflection\GenericMasterTest.java,GenericMasterTest.java,ClassWithParameter,numberComparable,1,0,Comparable<Number>,public,false,false,true,false
C:\Users\simon\Documents\Code\thesis-code\mockito-main\mockito-core\src\test\java\org\mockito\internal\util\reflection\GenericMasterTest.java,GenericMasterTest.java,ClassWithParameter,rawList,1,0,List,public,false,false,true,false
C:\Users\simon\Documents\Code\thesis-code\mockito-main\mockito-core\src\test\java\org\mockito\internal\util\reflection\GenericMasterTest.java,GenericMasterTest.java,ClassWithParameter,typeList,1,0,List<? extends Type>,public,false,false,true,false
C:\Users\simon\Documents\Code\thesis-code\mockito-main\mockito-core\src\test\java\org\mockito\internal\util\reflection\GenericMasterTest.java,GenericMasterTest.java,ClassWithParameter,should_find_generic_class,3,0,void,public,true,false,true,false
C:\Users\simon\Documents\Code\thesis-code\mockito-main\mockito-core\src\test\java\org\mockito\internal\util\reflection\GenericMasterTest.java,GenericMasterTest.java,ClassWithParameter,should_get_object_for_non_generic,1,0,void,public,true,false,true,false
C:\Users\simon\Documents\Code\thesis-code\mockito-main\mockito-core\src\test\java\org\mockito\internal\util\reflection\GenericMasterTest.java,GenericMasterTest.java,ClassWithParameter,should_deal_with_nested_generics,2,0,void,public,true,false,true,false
C:\Users\simon\Documents\Code\thesis-code\mockito-main\mockito-core\src\test\java\org\mockito\internal\util\reflection\GenericMasterTest.java,GenericMasterTest.java,ClassWithParameter,should_detect_generics,4,0,void,public,true,false,true,false
C:\Users\simon\Documents\Code\thesis-code\mockito-main\mockito-core\src\test\java\org\mockito\internal\util\reflection\GenericMasterTest.java,GenericMasterTest.java,ClassWithParameter,field,1,1,Field,private,false,false,true,false
C:\Users\simon\Documents\Code\thesis-code\mockito-main\mockito-core\src\test\java\org\mockito\internal\util\reflection\GenericMasterTest.java,GenericMasterTest.java,ClassWithParameter,process,0,1,void,public,false,false,true,false
C:\Users\simon\Documents\Code\thesis-code\mockito-main\mockito-core\src\test\java\org\mockito\internal\util\reflection\GenericMetadataSupportTest.java,GenericMetadataSupportTest.java,AbstractInner,self,0,0,T,,false,false,true,false
C:\Users\simon\Documents\Code\thesis-code\mockito-main\mockito-core\src\test\java\org\mockito\internal\util\reflection\GenericMetadataSupportTest.java,GenericMetadataSupportTest.java,AbstractInner,get,0,0,E,,false,false,true,false
C:\Users\simon\Documents\Code\thesis-code\mockito-main\mockito-core\src\test\java\org\mockito\internal\util\reflection\GenericMetadataSupportTest.java,GenericMetadataSupportTest.java,AbstractInner,get,0,0,E,,false,false,true,false
C:\Users\simon\Documents\Code\thesis-code\mockito-main\mockito-core\src\test\java\org\mockito\internal\util\reflection\GenericMetadataSupportTest.java,GenericMetadataSupportTest.java,AbstractInner,remove,0,1,Set<Number>,,false,false,true,false
C:\Users\simon\Documents\Code\thesis-code\mockito-main\mockito-core\src\test\java\org\mockito\internal\util\reflection\GenericMetadataSupportTest.java,GenericMetadataSupportTest.java,AbstractInner,returning_wildcard_with_class_lower_bound,0,0,List<? super Integer>,,false,false,true,false
C:\Users\simon\Documents\Code\thesis-code\mockito-main\mockito-core\src\test\java\org\mockito\internal\util\reflection\GenericMetadataSupportTest.java,GenericMetadataSupportTest.java,AbstractInner,returning_wildcard_with_typeVar_lower_bound,0,0,List<? super K>,,false,false,true,false
C:\Users\simon\Documents\Code\thesis-code\mockito-main\mockito-core\src\test\java\org\mockito\internal\util\reflection\GenericMetadataSupportTest.java,GenericMetadataSupportTest.java,AbstractInner,returning_wildcard_with_typeVar_upper_bound,0,0,List<? extends K>,,false,false,true,false
C:\Users\simon\Documents\Code\thesis-code\mockito-main\mockito-core\src\test\java\org\mockito\internal\util\reflection\GenericMetadataSupportTest.java,GenericMetadataSupportTest.java,AbstractInner,returningK,0,0,K,,false,false,true,false
C:\Users\simon\Documents\Code\thesis-code\mockito-main\mockito-core\src\test\java\org\mockito\internal\util\reflection\GenericMetadataSupportTest.java,GenericMetadataSupportTest.java,AbstractInner,paramType_with_type_params,0,0,List<O>,,false,false,true,false
C:\Users\simon\Documents\Code\thesis-code\mockito-main\mockito-core\src\test\java\org\mockito\internal\util\reflection\GenericMetadataSupportTest.java,GenericMetadataSupportTest.java,AbstractInner,two_type_params,0,0,T,,false,false,true,false
C:\Users\simon\Documents\Code\thesis-code\mockito-main\mockito-core\src\test\java\org\mockito\internal\util\reflection\GenericMetadataSupportTest.java,GenericMetadataSupportTest.java,AbstractInner,typeVar_with_type_params,0,0,O,,false,false,true,false
C:\Users\simon\Documents\Code\thesis-code\mockito-main\mockito-core\src\test\java\org\mockito\internal\util\reflection\GenericMetadataSupportTest.java,GenericMetadataSupportTest.java,AbstractInner,generic,0,0,T,,false,false,true,false
C:\Users\simon\Documents\Code\thesis-code\mockito-main\mockito-core\src\test\java\org\mockito\internal\util\reflection\GenericMetadataSupportTest.java,GenericMetadataSupportTest.java,AbstractInner,typeVariable_of_self_type,2,0,void,public,true,false,true,false
C:\Users\simon\Documents\Code\thesis-code\mockito-main\mockito-core\src\test\java\org\mockito\internal\util\reflection\GenericMetadataSupportTest.java,GenericMetadataSupportTest.java,AbstractInner,can_get_raw_type_from_Class,4,0,void,public,true,false,true,false
C:\Users\simon\Documents\Code\thesis-code\mockito-main\mockito-core\src\test\java\org\mockito\internal\util\reflection\GenericMetadataSupportTest.java,GenericMetadataSupportTest.java,AbstractInner,can_get_raw_type_from_ParameterizedType,4,0,void,public,true,false,true,false
C:\Users\simon\Documents\Code\thesis-code\mockito-main\mockito-core\src\test\java\org\mockito\internal\util\reflection\GenericMetadataSupportTest.java,GenericMetadataSupportTest.java,AbstractInner,can_get_type_variables_from_Class,6,0,void,public,true,false,true,false
C:\Users\simon\Documents\Code\thesis-code\mockito-main\mockito-core\src\test\java\org\mockito\internal\util\reflection\GenericMetadataSupportTest.java,GenericMetadataSupportTest.java,AbstractInner,can_resolve_type_variables_from_ancestors,3,0,void,public,true,false,true,false
C:\Users\simon\Documents\Code\thesis-code\mockito-main\mockito-core\src\test\java\org\mockito\internal\util\reflection\GenericMetadataSupportTest.java,GenericMetadataSupportTest.java,AbstractInner,can_get_type_variables_from_ParameterizedType,5,0,void,public,true,false,true,false
C:\Users\simon\Documents\Code\thesis-code\mockito-main\mockito-core\src\test\java\org\mockito\internal\util\reflection\GenericMetadataSupportTest.java,GenericMetadataSupportTest.java,AbstractInner,typeVariable_return_type_of____iterator____resolved_to_Iterator_and_type_argument_to_String,3,0,void,public,true,false,true,false
C:\Users\simon\Documents\Code\thesis-code\mockito-main\mockito-core\src\test\java\org\mockito\internal\util\reflection\GenericMetadataSupportTest.java,GenericMetadataSupportTest.java,AbstractInner,typeVariable_return_type_of____get____resolved_to_Set_and_type_argument_to_Number,3,0,void,public,true,false,true,false
C:\Users\simon\Documents\Code\thesis-code\mockito-main\mockito-core\src\test\java\org\mockito\internal\util\reflection\GenericMetadataSupportTest.java,GenericMetadataSupportTest.java,AbstractInner,bounded_typeVariable_return_type_of____returningK____resolved_to_Comparable_and_with_BoundedType,4,0,void,public,true,false,true,false
C:\Users\simon\Documents\Code\thesis-code\mockito-main\mockito-core\src\test\java\org\mockito\internal\util\reflection\GenericMetadataSupportTest.java,GenericMetadataSupportTest.java,AbstractInner,fixed_ParamType_return_type_of____remove____resolved_to_Set_and_type_argument_to_Number,3,0,void,public,true,false,true,false
C:\Users\simon\Documents\Code\thesis-code\mockito-main\mockito-core\src\test\java\org\mockito\internal\util\reflection\GenericMetadataSupportTest.java,GenericMetadataSupportTest.java,AbstractInner,paramType_return_type_of____values____resolved_to_Collection_and_type_argument_to_Parameterized_Set,5,0,void,public,true,false,true,false
C:\Users\simon\Documents\Code\thesis-code\mockito-main\mockito-core\src\test\java\org\mockito\internal\util\reflection\GenericMetadataSupportTest.java,GenericMetadataSupportTest.java,AbstractInner,paramType_with_type_parameters_return_type_of____paramType_with_type_params____resolved_to_Collection_and_type_argument_to_Parameterized_Set,4,0,void,public,true,false,true,false
C:\Users\simon\Documents\Code\thesis-code\mockito-main\mockito-core\src\test\java\org\mockito\internal\util\reflection\GenericMetadataSupportTest.java,GenericMetadataSupportTest.java,AbstractInner,typeVariable_with_type_parameters_return_type_of____typeVar_with_type_params____resolved_K_hence_to_Comparable_and_with_BoundedType,4,0,void,public,true,false,true,false
C:\Users\simon\Documents\Code\thesis-code\mockito-main\mockito-core\src\test\java\org\mockito\internal\util\reflection\GenericMetadataSupportTest.java,GenericMetadataSupportTest.java,AbstractInner,class_return_type_of____append____resolved_to_StringBuilder_and_type_arguments,3,0,void,public,true,false,true,false
C:\Users\simon\Documents\Code\thesis-code\mockito-main\mockito-core\src\test\java\org\mockito\internal\util\reflection\GenericMetadataSupportTest.java,GenericMetadataSupportTest.java,AbstractInner,paramType_with_wildcard_return_type_of____returning_wildcard_with_class_lower_bound____resolved_to_List_and_type_argument_to_Integer,5,0,void,public,true,false,true,false
C:\Users\simon\Documents\Code\thesis-code\mockito-main\mockito-core\src\test\java\org\mockito\internal\util\reflection\GenericMetadataSupportTest.java,GenericMetadataSupportTest.java,AbstractInner,paramType_with_wildcard_return_type_of____returning_wildcard_with_typeVar_lower_bound____resolved_to_List_and_type_argument_to_Integer,5,0,void,public,true,false,true,false
C:\Users\simon\Documents\Code\thesis-code\mockito-main\mockito-core\src\test\java\org\mockito\internal\util\reflection\GenericMetadataSupportTest.java,GenericMetadataSupportTest.java,AbstractInner,paramType_with_wildcard_return_type_of____returning_wildcard_with_typeVar_upper_bound____resolved_to_List_and_type_argument_to_Integer,5,0,void,public,true,false,true,false
C:\Users\simon\Documents\Code\thesis-code\mockito-main\mockito-core\src\test\java\org\mockito\internal\util\reflection\GenericMetadataSupportTest.java,GenericMetadataSupportTest.java,AbstractInner,can_extract_raw_type_from_bounds_on_terminal_typeVariable,2,0,void,public,true,false,true,false
C:\Users\simon\Documents\Code\thesis-code\mockito-main\mockito-core\src\test\java\org\mockito\internal\util\reflection\GenericMetadataSupportTest.java,GenericMetadataSupportTest.java,AbstractInner,can_extract_interface_type_from_bounds_on_terminal_typeVariable,3,0,void,public,true,false,true,false
C:\Users\simon\Documents\Code\thesis-code\mockito-main\mockito-core\src\test\java\org\mockito\internal\util\reflection\GenericMetadataSupportTest.java,GenericMetadataSupportTest.java,AbstractInner,parameterizedTypeOf,1,3,ParameterizedType,private,false,false,true,false
C:\Users\simon\Documents\Code\thesis-code\mockito-main\mockito-core\src\test\java\org\mockito\internal\util\reflection\GenericMetadataSupportTest.java,GenericMetadataSupportTest.java,AbstractInner,getActualTypeArguments,1,0,Type[],public,false,false,true,false
C:\Users\simon\Documents\Code\thesis-code\mockito-main\mockito-core\src\test\java\org\mockito\internal\util\reflection\GenericMetadataSupportTest.java,GenericMetadataSupportTest.java,AbstractInner,getRawType,1,0,Type,public,false,false,true,false
C:\Users\simon\Documents\Code\thesis-code\mockito-main\mockito-core\src\test\java\org\mockito\internal\util\reflection\GenericMetadataSupportTest.java,GenericMetadataSupportTest.java,AbstractInner,getOwnerType,1,0,Type,public,false,false,true,false
C:\Users\simon\Documents\Code\thesis-code\mockito-main\mockito-core\src\test\java\org\mockito\internal\util\reflection\GenericMetadataSupportTest.java,GenericMetadataSupportTest.java,AbstractInner,equals,1,1,boolean,public,false,false,true,false
C:\Users\simon\Documents\Code\thesis-code\mockito-main\mockito-core\src\test\java\org\mockito\internal\util\reflection\GenericMetadataSupportTest.java,GenericMetadataSupportTest.java,AbstractInner,equals,1,2,boolean,private,false,false,true,false
C:\Users\simon\Documents\Code\thesis-code\mockito-main\mockito-core\src\test\java\org\mockito\internal\util\reflection\GenericMetadataSupportTest.java,GenericMetadataSupportTest.java,AbstractInner,typeVariableValue,3,2,Type,private,false,false,true,false
C:\Users\simon\Documents\Code\thesis-code\mockito-main\mockito-core\src\test\java\org\mockito\internal\util\reflection\GenericMetadataSupportTest.java,GenericMetadataSupportTest.java,AbstractInner,firstNamedMethod,2,2,Method,private,false,false,true,false
C:\Users\simon\Documents\Code\thesis-code\mockito-main\mockito-core\src\test\java\org\mockito\internal\util\reflection\GenericTypeExtractorTest.java,GenericTypeExtractorTest.java,SecondGeneric,finds_generic_type,21,0,void,public,true,false,true,false
C:\Users\simon\Documents\Code\thesis-code\mockito-main\mockito-core\src\test\java\org\mockito\internal\util\reflection\LenientCopyToolTest.java,LenientCopyToolTest.java,SomeOtherObject,shouldShallowCopyBasicFinalField,4,0,void,public,true,false,true,false
C:\Users\simon\Documents\Code\thesis-code\mockito-main\mockito-core\src\test\java\org\mockito\internal\util\reflection\LenientCopyToolTest.java,LenientCopyToolTest.java,SomeOtherObject,shouldShallowCopyTransientPrivateFields,4,0,void,public,true,false,true,false
C:\Users\simon\Documents\Code\thesis-code\mockito-main\mockito-core\src\test\java\org\mockito\internal\util\reflection\LenientCopyToolTest.java,LenientCopyToolTest.java,SomeOtherObject,shouldShallowCopyLinkedListIntoMock,3,0,void,public,true,false,true,false
C:\Users\simon\Documents\Code\thesis-code\mockito-main\mockito-core\src\test\java\org\mockito\internal\util\reflection\LenientCopyToolTest.java,LenientCopyToolTest.java,SomeOtherObject,shouldShallowCopyFieldValuesIntoMock,16,0,void,public,true,false,true,false
C:\Users\simon\Documents\Code\thesis-code\mockito-main\mockito-core\src\test\java\org\mockito\internal\util\reflection\LenientCopyToolTest.java,LenientCopyToolTest.java,SomeOtherObject,shouldCopyValuesOfInheritedFields,5,0,void,public,true,false,true,false
C:\Users\simon\Documents\Code\thesis-code\mockito-main\mockito-core\src\test\java\org\mockito\internal\util\reflection\LenientCopyToolTest.java,LenientCopyToolTest.java,SomeOtherObject,shouldContinueEvenIfThereAreProblemsCopyingSingleFieldValue,5,0,void,public,true,false,true,false
C:\Users\simon\Documents\Code\thesis-code\mockito-main\mockito-core\src\test\java\org\mockito\internal\util\reflection\LenientCopyToolTest.java,LenientCopyToolTest.java,SomeOtherObject,shouldBeAbleToCopyFromRealObjectToRealObject,14,0,void,public,true,false,true,false
C:\Users\simon\Documents\Code\thesis-code\mockito-main\mockito-core\src\test\java\org\mockito\internal\util\reflection\MemberAccessorTest.java,MemberAccessorTest.java,AbstractSample,data,4,0,Collection<Object[]>,public; static,false,false,true,false
C:\Users\simon\Documents\Code\thesis-code\mockito-main\mockito-core\src\test\java\org\mockito\internal\util\reflection\MemberAccessorTest.java,MemberAccessorTest.java,AbstractSample,test_read_field,1,0,void,public,true,true,true,false
C:\Users\simon\Documents\Code\thesis-code\mockito-main\mockito-core\src\test\java\org\mockito\internal\util\reflection\MemberAccessorTest.java,MemberAccessorTest.java,AbstractSample,test_read_static_field,2,0,void,public,true,true,true,false
C:\Users\simon\Documents\Code\thesis-code\mockito-main\mockito-core\src\test\java\org\mockito\internal\util\reflection\MemberAccessorTest.java,MemberAccessorTest.java,AbstractSample,test_write_field,3,0,void,public,true,true,true,false
C:\Users\simon\Documents\Code\thesis-code\mockito-main\mockito-core\src\test\java\org\mockito\internal\util\reflection\MemberAccessorTest.java,MemberAccessorTest.java,AbstractSample,test_write_static_field,3,0,void,public,true,true,true,false
C:\Users\simon\Documents\Code\thesis-code\mockito-main\mockito-core\src\test\java\org\mockito\internal\util\reflection\MemberAccessorTest.java,MemberAccessorTest.java,AbstractSample,test_invoke,1,0,void,public,true,true,true,false
C:\Users\simon\Documents\Code\thesis-code\mockito-main\mockito-core\src\test\java\org\mockito\internal\util\reflection\MemberAccessorTest.java,MemberAccessorTest.java,AbstractSample,test_invoke_invocation_exception,1,0,void,public,true,true,true,false
C:\Users\simon\Documents\Code\thesis-code\mockito-main\mockito-core\src\test\java\org\mockito\internal\util\reflection\MemberAccessorTest.java,MemberAccessorTest.java,AbstractSample,test_invoke_illegal_arguments,1,0,void,public,true,true,true,false
C:\Users\simon\Documents\Code\thesis-code\mockito-main\mockito-core\src\test\java\org\mockito\internal\util\reflection\MemberAccessorTest.java,MemberAccessorTest.java,AbstractSample,test_new_instance,1,0,void,public,true,true,true,false
C:\Users\simon\Documents\Code\thesis-code\mockito-main\mockito-core\src\test\java\org\mockito\internal\util\reflection\MemberAccessorTest.java,MemberAccessorTest.java,AbstractSample,test_new_instance_illegal_arguments,1,0,void,public,true,true,true,false
C:\Users\simon\Documents\Code\thesis-code\mockito-main\mockito-core\src\test\java\org\mockito\internal\util\reflection\MemberAccessorTest.java,MemberAccessorTest.java,AbstractSample,test_new_instance_invocation_exception,1,0,void,public,true,true,true,false
C:\Users\simon\Documents\Code\thesis-code\mockito-main\mockito-core\src\test\java\org\mockito\internal\util\reflection\MemberAccessorTest.java,MemberAccessorTest.java,AbstractSample,test_new_instance_instantiation_exception,1,0,void,public,true,true,true,false
C:\Users\simon\Documents\Code\thesis-code\mockito-main\mockito-core\src\test\java\org\mockito\internal\util\reflection\MemberAccessorTest.java,MemberAccessorTest.java,AbstractSample,test_set_final_field,3,0,void,public,true,true,true,false
C:\Users\simon\Documents\Code\thesis-code\mockito-main\mockito-core\src\test\java\org\mockito\internal\util\reflection\MemberAccessorTest.java,MemberAccessorTest.java,AbstractSample,test,2,1,String,private,false,true,true,false
C:\Users\simon\Documents\Code\thesis-code\mockito-main\mockito-core\src\test\java\org\mockito\internal\util\reflection\ParameterizedConstructorInstantiatorTest.java,ParameterizedConstructorInstantiatorTest.java,VarargConstructor,ensure_instances_to_create_are_null,5,0,void,public,false,false,true,false
C:\Users\simon\Documents\Code\thesis-code\mockito-main\mockito-core\src\test\java\org\mockito\internal\util\reflection\ParameterizedConstructorInstantiatorTest.java,ParameterizedConstructorInstantiatorTest.java,VarargConstructor,should_be_created_with_an_argument_resolver,1,0,void,public,true,false,true,false
C:\Users\simon\Documents\Code\thesis-code\mockito-main\mockito-core\src\test\java\org\mockito\internal\util\reflection\ParameterizedConstructorInstantiatorTest.java,ParameterizedConstructorInstantiatorTest.java,VarargConstructor,should_fail_if_no_parameterized_constructor_found___excluding_inner_and_others_kind_of_types,1,0,void,public,true,false,true,false
C:\Users\simon\Documents\Code\thesis-code\mockito-main\mockito-core\src\test\java\org\mockito\internal\util\reflection\ParameterizedConstructorInstantiatorTest.java,ParameterizedConstructorInstantiatorTest.java,VarargConstructor,should_instantiate_type_if_resolver_provide_matching_types,7,0,void,public,true,false,true,false
C:\Users\simon\Documents\Code\thesis-code\mockito-main\mockito-core\src\test\java\org\mockito\internal\util\reflection\ParameterizedConstructorInstantiatorTest.java,ParameterizedConstructorInstantiatorTest.java,VarargConstructor,should_fail_if_an_argument_instance_type_do_not_match_wanted_type,4,0,void,public,true,false,true,false
C:\Users\simon\Documents\Code\thesis-code\mockito-main\mockito-core\src\test\java\org\mockito\internal\util\reflection\ParameterizedConstructorInstantiatorTest.java,ParameterizedConstructorInstantiatorTest.java,VarargConstructor,should_report_failure_if_constructor_throws_exception,2,0,void,public,true,false,true,false
C:\Users\simon\Documents\Code\thesis-code\mockito-main\mockito-core\src\test\java\org\mockito\internal\util\reflection\ParameterizedConstructorInstantiatorTest.java,ParameterizedConstructorInstantiatorTest.java,VarargConstructor,should_instantiate_type_with_vararg_constructor,4,0,void,public,true,false,true,false
C:\Users\simon\Documents\Code\thesis-code\mockito-main\mockito-core\src\test\java\org\mockito\internal\util\reflection\ParameterizedConstructorInstantiatorTest.java,ParameterizedConstructorInstantiatorTest.java,VarargConstructor,field,3,1,Field,private,false,false,true,false
C:\Users\simon\Documents\Code\thesis-code\mockito-main\mockito-core\src\test\java\org\mockito\internal\util\reflection\SuperTypesLastSorterTest.java,SuperTypesLastSorterTest.java,SuperTypesLastSorterTest,compare,3,2,int,public,false,false,true,true
C:\Users\simon\Documents\Code\thesis-code\mockito-main\mockito-core\src\test\java\org\mockito\internal\util\reflection\SuperTypesLastSorterTest.java,SuperTypesLastSorterTest.java,SuperTypesLastSorterTest,when_same_type_the_order_is_based_on_field_name,3,0,void,public,true,false,true,true
C:\Users\simon\Documents\Code\thesis-code\mockito-main\mockito-core\src\test\java\org\mockito\internal\util\reflection\SuperTypesLastSorterTest.java,SuperTypesLastSorterTest.java,SuperTypesLastSorterTest,when_type_is_different_the_supertype_comes_last,2,0,void,public,true,false,true,true
C:\Users\simon\Documents\Code\thesis-code\mockito-main\mockito-core\src\test\java\org\mockito\internal\util\reflection\SuperTypesLastSorterTest.java,SuperTypesLastSorterTest.java,SuperTypesLastSorterTest,using_Collections_dot_sort,3,0,void,public,true,false,true,true
C:\Users\simon\Documents\Code\thesis-code\mockito-main\mockito-core\src\test\java\org\mockito\internal\util\reflection\SuperTypesLastSorterTest.java,SuperTypesLastSorterTest.java,SuperTypesLastSorterTest,issue_352_order_was_different_between_JDK6_and_JDK7,3,0,void,public,true,false,true,true
C:\Users\simon\Documents\Code\thesis-code\mockito-main\mockito-core\src\test\java\org\mockito\internal\util\reflection\SuperTypesLastSorterTest.java,SuperTypesLastSorterTest.java,SuperTypesLastSorterTest,fields_sort_consistently_when_interfaces_are_included,1,0,void,public,true,false,true,true
C:\Users\simon\Documents\Code\thesis-code\mockito-main\mockito-core\src\test\java\org\mockito\internal\util\reflection\SuperTypesLastSorterTest.java,SuperTypesLastSorterTest.java,SuperTypesLastSorterTest,fields_sort_consistently_when_names_and_type_indicate_different_order,1,0,void,public,true,false,true,true
C:\Users\simon\Documents\Code\thesis-code\mockito-main\mockito-core\src\test\java\org\mockito\internal\util\reflection\SuperTypesLastSorterTest.java,SuperTypesLastSorterTest.java,SuperTypesLastSorterTest,assertSortConsistently,4,3,void,private; static,false,false,true,true
C:\Users\simon\Documents\Code\thesis-code\mockito-main\mockito-core\src\test\java\org\mockito\internal\util\reflection\SuperTypesLastSorterTest.java,SuperTypesLastSorterTest.java,SuperTypesLastSorterTest,field,1,1,Field,private,false,false,true,true
C:\Users\simon\Documents\Code\thesis-code\mockito-main\mockito-core\src\test\java\org\mockito\internal\util\SimpleMockitoLoggerTest.java,SimpleMockitoLoggerTest.java,SimpleMockitoLoggerTest,shouldLog,3,0,void,public,true,false,true,true
C:\Users\simon\Documents\Code\thesis-code\mockito-main\mockito-core\src\test\java\org\mockito\internal\util\StringUtilTest.java,StringUtilTest.java,StringUtilTest,decamelizes_matcher_name,5,0,void,public,true,false,true,true
C:\Users\simon\Documents\Code\thesis-code\mockito-main\mockito-core\src\test\java\org\mockito\internal\util\StringUtilTest.java,StringUtilTest.java,StringUtilTest,joins_empty_list,2,0,void,public,true,false,true,true
C:\Users\simon\Documents\Code\thesis-code\mockito-main\mockito-core\src\test\java\org\mockito\internal\util\StringUtilTest.java,StringUtilTest.java,StringUtilTest,joins_single_line,1,0,void,public,true,false,true,true
C:\Users\simon\Documents\Code\thesis-code\mockito-main\mockito-core\src\test\java\org\mockito\internal\util\StringUtilTest.java,StringUtilTest.java,StringUtilTest,joins_two_lines,1,0,void,public,true,false,true,true
C:\Users\simon\Documents\Code\thesis-code\mockito-main\mockito-core\src\test\java\org\mockito\internal\util\StringUtilTest.java,StringUtilTest.java,StringUtilTest,join_has_preceding_linebreak,1,0,void,public,true,false,true,true
C:\Users\simon\Documents\Code\thesis-code\mockito-main\mockito-core\src\test\java\org\mockito\internal\util\StringUtilTest.java,StringUtilTest.java,StringUtilTest,removes_first_line,1,0,void,public,true,false,true,true
C:\Users\simon\Documents\Code\thesis-code\mockito-main\mockito-core\src\test\java\org\mockito\internal\util\StringUtilTest.java,StringUtilTest.java,StringUtilTest,joins_with_line_prefix,1,0,void,public,true,false,true,true
C:\Users\simon\Documents\Code\thesis-code\mockito-main\mockito-core\src\test\java\org\mockito\internal\util\TimerTest.java,TimerTest.java,TimerTest,should_return_true_if_task_is_in_acceptable_time_bounds,4,0,void,public,true,false,true,true
C:\Users\simon\Documents\Code\thesis-code\mockito-main\mockito-core\src\test\java\org\mockito\internal\util\TimerTest.java,TimerTest.java,TimerTest,should_return_false_when_time_run_out,4,0,void,public,true,false,true,true
C:\Users\simon\Documents\Code\thesis-code\mockito-main\mockito-core\src\test\java\org\mockito\internal\util\TimerTest.java,TimerTest.java,TimerTest,should_throw_friendly_reminder_exception_when_duration_is_negative,1,0,void,public,true,false,true,true
C:\Users\simon\Documents\Code\thesis-code\mockito-main\mockito-core\src\test\java\org\mockito\internal\util\TimerTest.java,TimerTest.java,TimerTest,oneMillisecondPasses,1,0,void,private,false,false,true,true
C:\Users\simon\Documents\Code\thesis-code\mockito-main\mockito-core\src\test\java\org\mockito\internal\verification\argumentmatching\ArgumentMatchingToolTest.java,ArgumentMatchingToolTest.java,StringMatcher,shouldNotFindAnySuspiciousMatchersWhenNumberOfArgumentsDoesntMatch,3,0,void,public,true,false,true,false
C:\Users\simon\Documents\Code\thesis-code\mockito-main\mockito-core\src\test\java\org\mockito\internal\verification\argumentmatching\ArgumentMatchingToolTest.java,ArgumentMatchingToolTest.java,StringMatcher,shouldNotFindAnySuspiciousMatchersWhenArgumentsMatch,3,0,void,public,true,false,true,false
C:\Users\simon\Documents\Code\thesis-code\mockito-main\mockito-core\src\test\java\org\mockito\internal\verification\argumentmatching\ArgumentMatchingToolTest.java,ArgumentMatchingToolTest.java,StringMatcher,shouldFindSuspiciousMatchers,6,0,void,public,true,false,true,false
C:\Users\simon\Documents\Code\thesis-code\mockito-main\mockito-core\src\test\java\org\mockito\internal\verification\argumentmatching\ArgumentMatchingToolTest.java,ArgumentMatchingToolTest.java,StringMatcher,shouldNotFindSuspiciousMatchersWhenTypesAreTheSame,4,0,void,public,true,false,true,false
C:\Users\simon\Documents\Code\thesis-code\mockito-main\mockito-core\src\test\java\org\mockito\internal\verification\argumentmatching\ArgumentMatchingToolTest.java,ArgumentMatchingToolTest.java,StringMatcher,toString,1,0,String,public,false,false,true,false
C:\Users\simon\Documents\Code\thesis-code\mockito-main\mockito-core\src\test\java\org\mockito\internal\verification\argumentmatching\ArgumentMatchingToolTest.java,ArgumentMatchingToolTest.java,StringMatcher,shouldWorkFineWhenGivenArgIsNull,2,0,void,public,true,false,true,false
C:\Users\simon\Documents\Code\thesis-code\mockito-main\mockito-core\src\test\java\org\mockito\internal\verification\argumentmatching\ArgumentMatchingToolTest.java,ArgumentMatchingToolTest.java,StringMatcher,shouldUseMatchersSafely,4,0,void,public,true,false,true,false
C:\Users\simon\Documents\Code\thesis-code\mockito-main\mockito-core\src\test\java\org\mockito\internal\verification\argumentmatching\ArgumentMatchingToolTest.java,ArgumentMatchingToolTest.java,StringMatcher,matches,1,1,boolean,public,false,false,true,false
C:\Users\simon\Documents\Code\thesis-code\mockito-main\mockito-core\src\test\java\org\mockito\internal\verification\argumentmatching\ArgumentMatchingToolTest.java,ArgumentMatchingToolTest.java,StringMatcher,toStringWithType,1,1,String,public,false,false,true,false
C:\Users\simon\Documents\Code\thesis-code\mockito-main\mockito-core\src\test\java\org\mockito\internal\verification\argumentmatching\ArgumentMatchingToolTest.java,ArgumentMatchingToolTest.java,StringMatcher,typeMatches,1,1,boolean,public,false,false,true,false
C:\Users\simon\Documents\Code\thesis-code\mockito-main\mockito-core\src\test\java\org\mockito\internal\verification\argumentmatching\ArgumentMatchingToolTest.java,ArgumentMatchingToolTest.java,StringMatcher,getWanted,1,0,Object,public,false,false,true,false
C:\Users\simon\Documents\Code\thesis-code\mockito-main\mockito-core\src\test\java\org\mockito\internal\verification\argumentmatching\ArgumentMatchingToolTest.java,ArgumentMatchingToolTest.java,StringMatcher,shouldNotFindNonMatchingIndexesWhenEveryArgsMatch,6,0,void,public,true,false,true,false
C:\Users\simon\Documents\Code\thesis-code\mockito-main\mockito-core\src\test\java\org\mockito\internal\verification\argumentmatching\ArgumentMatchingToolTest.java,ArgumentMatchingToolTest.java,StringMatcher,shouldFindNonMatchingIndexesWhenSingleArgDoesNotMatch,6,0,void,public,true,false,true,false
C:\Users\simon\Documents\Code\thesis-code\mockito-main\mockito-core\src\test\java\org\mockito\internal\verification\argumentmatching\ArgumentMatchingToolTest.java,ArgumentMatchingToolTest.java,StringMatcher,shouldFindNonMatchingIndexesWhenMultiArgsDoNotMatch,6,0,void,public,true,false,true,false
C:\Users\simon\Documents\Code\thesis-code\mockito-main\mockito-core\src\test\java\org\mockito\internal\verification\checkers\AtLeastXNumberOfInvocationsCheckerTest.java,AtLeastXNumberOfInvocationsCheckerTest.java,AtLeastXNumberOfInvocationsCheckerTest,shouldMarkActualInvocationsAsVerifiedInOrder,5,0,void,public,true,false,true,true
C:\Users\simon\Documents\Code\thesis-code\mockito-main\mockito-core\src\test\java\org\mockito\internal\verification\checkers\AtLeastXNumberOfInvocationsCheckerTest.java,AtLeastXNumberOfInvocationsCheckerTest.java,AtLeastXNumberOfInvocationsCheckerTest,shouldReportTooFewInvocationsInOrder,4,0,void,public,true,false,true,true
C:\Users\simon\Documents\Code\thesis-code\mockito-main\mockito-core\src\test\java\org\mockito\internal\verification\checkers\AtLeastXNumberOfInvocationsCheckerTest.java,AtLeastXNumberOfInvocationsCheckerTest.java,AtLeastXNumberOfInvocationsCheckerTest,shouldMarkActualInvocationsAsVerified,4,0,void,public,true,false,true,true
C:\Users\simon\Documents\Code\thesis-code\mockito-main\mockito-core\src\test\java\org\mockito\internal\verification\checkers\AtLeastXNumberOfInvocationsCheckerTest.java,AtLeastXNumberOfInvocationsCheckerTest.java,AtLeastXNumberOfInvocationsCheckerTest,shouldReportTooFewInvocations,3,0,void,public,true,false,true,true
C:\Users\simon\Documents\Code\thesis-code\mockito-main\mockito-core\src\test\java\org\mockito\internal\verification\checkers\MissingInvocationCheckerTest.java,MissingInvocationCheckerTest.java,CustomInvocationBuilder,shouldPassBecauseActualInvocationFound,3,0,void,public,true,false,true,false
C:\Users\simon\Documents\Code\thesis-code\mockito-main\mockito-core\src\test\java\org\mockito\internal\verification\checkers\MissingInvocationCheckerTest.java,MissingInvocationCheckerTest.java,CustomInvocationBuilder,shouldReportWantedButNotInvoked,3,0,void,public,true,false,true,false
C:\Users\simon\Documents\Code\thesis-code\mockito-main\mockito-core\src\test\java\org\mockito\internal\verification\checkers\MissingInvocationCheckerTest.java,MissingInvocationCheckerTest.java,CustomInvocationBuilder,shouldReportWantedInvocationDiffersFromActual,3,0,void,public,true,false,true,false
C:\Users\simon\Documents\Code\thesis-code\mockito-main\mockito-core\src\test\java\org\mockito\internal\verification\checkers\MissingInvocationCheckerTest.java,MissingInvocationCheckerTest.java,CustomInvocationBuilder,shouldReportUsingInvocationDescription,3,0,void,public,true,false,true,false
C:\Users\simon\Documents\Code\thesis-code\mockito-main\mockito-core\src\test\java\org\mockito\internal\verification\checkers\MissingInvocationCheckerTest.java,MissingInvocationCheckerTest.java,CustomInvocationBuilder,shouldSpecifyPosition0WhenWantedInvocationDiffersFromActual,3,0,void,public,true,false,true,false
C:\Users\simon\Documents\Code\thesis-code\mockito-main\mockito-core\src\test\java\org\mockito\internal\verification\checkers\MissingInvocationCheckerTest.java,MissingInvocationCheckerTest.java,CustomInvocationBuilder,shouldSpecifyPosition1WhenWantedInvocationDiffersFromActual,3,0,void,public,true,false,true,false
C:\Users\simon\Documents\Code\thesis-code\mockito-main\mockito-core\src\test\java\org\mockito\internal\verification\checkers\MissingInvocationCheckerTest.java,MissingInvocationCheckerTest.java,CustomInvocationBuilder,shouldSpecifyPosition0And1WhenWantedInvocationDiffersFromActual,3,0,void,public,true,false,true,false
C:\Users\simon\Documents\Code\thesis-code\mockito-main\mockito-core\src\test\java\org\mockito\internal\verification\checkers\MissingInvocationCheckerTest.java,MissingInvocationCheckerTest.java,CustomInvocationBuilder,shouldNotSpecifyPositionWhenWantedSingleArgInvocationSiffersFromActual,3,0,void,public,true,false,true,false
C:\Users\simon\Documents\Code\thesis-code\mockito-main\mockito-core\src\test\java\org\mockito\internal\verification\checkers\MissingInvocationCheckerTest.java,MissingInvocationCheckerTest.java,CustomInvocationBuilder,buildIntArgMethod,1,1,InvocationBuilder,private,false,false,true,false
C:\Users\simon\Documents\Code\thesis-code\mockito-main\mockito-core\src\test\java\org\mockito\internal\verification\checkers\MissingInvocationCheckerTest.java,MissingInvocationCheckerTest.java,CustomInvocationBuilder,buildSimpleMethod,1,0,InvocationBuilder,private,false,false,true,false
C:\Users\simon\Documents\Code\thesis-code\mockito-main\mockito-core\src\test\java\org\mockito\internal\verification\checkers\MissingInvocationCheckerTest.java,MissingInvocationCheckerTest.java,CustomInvocationBuilder,buildDifferentMethod,1,0,InvocationBuilder,private,false,false,true,false
C:\Users\simon\Documents\Code\thesis-code\mockito-main\mockito-core\src\test\java\org\mockito\internal\verification\checkers\MissingInvocationCheckerTest.java,MissingInvocationCheckerTest.java,CustomInvocationBuilder,buildMultiArgsMethod,1,0,InvocationBuilder,private,false,false,true,false
C:\Users\simon\Documents\Code\thesis-code\mockito-main\mockito-core\src\test\java\org\mockito\internal\verification\checkers\MissingInvocationCheckerTest.java,MissingInvocationCheckerTest.java,CustomInvocationBuilder,createInvocation,1,6,Invocation,protected,false,false,true,false
C:\Users\simon\Documents\Code\thesis-code\mockito-main\mockito-core\src\test\java\org\mockito\internal\verification\checkers\MissingInvocationCheckerTest.java,MissingInvocationCheckerTest.java,CustomInvocationBuilder,getArgumentsAsMatchers,3,0,List<ArgumentMatcher>,public,false,false,true,false
C:\Users\simon\Documents\Code\thesis-code\mockito-main\mockito-core\src\test\java\org\mockito\internal\verification\checkers\MissingInvocationCheckerTest.java,MissingInvocationCheckerTest.java,CustomInvocationBuilder,matches,1,1,boolean,public,false,false,true,false
C:\Users\simon\Documents\Code\thesis-code\mockito-main\mockito-core\src\test\java\org\mockito\internal\verification\checkers\MissingInvocationCheckerTest.java,MissingInvocationCheckerTest.java,CustomInvocationBuilder,toString,1,0,String,public,false,false,true,false
C:\Users\simon\Documents\Code\thesis-code\mockito-main\mockito-core\src\test\java\org\mockito\internal\verification\checkers\MissingInvocationInOrderCheckerTest.java,MissingInvocationInOrderCheckerTest.java,MissingInvocationInOrderCheckerTest,setup,0,0,void,public,false,false,true,true
C:\Users\simon\Documents\Code\thesis-code\mockito-main\mockito-core\src\test\java\org\mockito\internal\verification\checkers\MissingInvocationInOrderCheckerTest.java,MissingInvocationInOrderCheckerTest.java,MissingInvocationInOrderCheckerTest,shouldPassWhenMatchingInteractionFound,3,0,void,public,true,false,true,true
C:\Users\simon\Documents\Code\thesis-code\mockito-main\mockito-core\src\test\java\org\mockito\internal\verification\checkers\MissingInvocationInOrderCheckerTest.java,MissingInvocationInOrderCheckerTest.java,MissingInvocationInOrderCheckerTest,shouldReportWantedButNotInvoked,3,0,void,public,true,false,true,true
C:\Users\simon\Documents\Code\thesis-code\mockito-main\mockito-core\src\test\java\org\mockito\internal\verification\checkers\MissingInvocationInOrderCheckerTest.java,MissingInvocationInOrderCheckerTest.java,MissingInvocationInOrderCheckerTest,shouldReportArgumentsAreDifferent,3,0,void,public,true,false,true,true
C:\Users\simon\Documents\Code\thesis-code\mockito-main\mockito-core\src\test\java\org\mockito\internal\verification\checkers\MissingInvocationInOrderCheckerTest.java,MissingInvocationInOrderCheckerTest.java,MissingInvocationInOrderCheckerTest,shouldReportWantedDiffersFromActual,6,0,void,public,true,false,true,true
C:\Users\simon\Documents\Code\thesis-code\mockito-main\mockito-core\src\test\java\org\mockito\internal\verification\checkers\MissingInvocationInOrderCheckerTest.java,MissingInvocationInOrderCheckerTest.java,MissingInvocationInOrderCheckerTest,buildIntArgMethod,1,0,InvocationBuilder,private,false,false,true,true
C:\Users\simon\Documents\Code\thesis-code\mockito-main\mockito-core\src\test\java\org\mockito\internal\verification\checkers\MissingInvocationInOrderCheckerTest.java,MissingInvocationInOrderCheckerTest.java,MissingInvocationInOrderCheckerTest,buildSimpleMethod,1,0,InvocationBuilder,private,false,false,true,true
C:\Users\simon\Documents\Code\thesis-code\mockito-main\mockito-core\src\test\java\org\mockito\internal\verification\checkers\MissingInvocationInOrderCheckerTest.java,MissingInvocationInOrderCheckerTest.java,MissingInvocationInOrderCheckerTest,buildDifferentMethod,1,0,InvocationBuilder,private,false,false,true,true
C:\Users\simon\Documents\Code\thesis-code\mockito-main\mockito-core\src\test\java\org\mockito\internal\verification\checkers\NumberOfInvocationsCheckerTest.java,NumberOfInvocationsCheckerTest.java,ThrowableMessageContainsOccurrencesCondition,shouldReportTooFewActual,3,0,void,public,true,false,true,false
C:\Users\simon\Documents\Code\thesis-code\mockito-main\mockito-core\src\test\java\org\mockito\internal\verification\checkers\NumberOfInvocationsCheckerTest.java,NumberOfInvocationsCheckerTest.java,ThrowableMessageContainsOccurrencesCondition,shouldReportAllInvocationsStackTrace,3,0,void,public,true,false,true,false
C:\Users\simon\Documents\Code\thesis-code\mockito-main\mockito-core\src\test\java\org\mockito\internal\verification\checkers\NumberOfInvocationsCheckerTest.java,NumberOfInvocationsCheckerTest.java,ThrowableMessageContainsOccurrencesCondition,shouldNotReportWithLastInvocationStackTraceIfNoInvocationsFound,3,0,void,public,true,false,true,false
C:\Users\simon\Documents\Code\thesis-code\mockito-main\mockito-core\src\test\java\org\mockito\internal\verification\checkers\NumberOfInvocationsCheckerTest.java,NumberOfInvocationsCheckerTest.java,ThrowableMessageContainsOccurrencesCondition,shouldReportWithAllInvocationsStackTrace,6,0,void,public,true,false,true,false
C:\Users\simon\Documents\Code\thesis-code\mockito-main\mockito-core\src\test\java\org\mockito\internal\verification\checkers\NumberOfInvocationsCheckerTest.java,NumberOfInvocationsCheckerTest.java,ThrowableMessageContainsOccurrencesCondition,shouldReportTooManyActual,5,0,void,public,true,false,true,false
C:\Users\simon\Documents\Code\thesis-code\mockito-main\mockito-core\src\test\java\org\mockito\internal\verification\checkers\NumberOfInvocationsCheckerTest.java,NumberOfInvocationsCheckerTest.java,ThrowableMessageContainsOccurrencesCondition,shouldReportNeverWantedButInvokedWithArgs,4,0,void,public,true,false,true,false
C:\Users\simon\Documents\Code\thesis-code\mockito-main\mockito-core\src\test\java\org\mockito\internal\verification\checkers\NumberOfInvocationsCheckerTest.java,NumberOfInvocationsCheckerTest.java,ThrowableMessageContainsOccurrencesCondition,shouldReportNeverWantedButInvokedWithArgs_multipleInvocations,5,0,void,public,true,false,true,false
C:\Users\simon\Documents\Code\thesis-code\mockito-main\mockito-core\src\test\java\org\mockito\internal\verification\checkers\NumberOfInvocationsCheckerTest.java,NumberOfInvocationsCheckerTest.java,ThrowableMessageContainsOccurrencesCondition,shouldMarkInvocationsAsVerified,6,0,void,public,true,false,true,false
C:\Users\simon\Documents\Code\thesis-code\mockito-main\mockito-core\src\test\java\org\mockito\internal\verification\checkers\NumberOfInvocationsCheckerTest.java,NumberOfInvocationsCheckerTest.java,ThrowableMessageContainsOccurrencesCondition,buildSimpleMethod,1,0,InvocationBuilder,private,false,false,true,false
C:\Users\simon\Documents\Code\thesis-code\mockito-main\mockito-core\src\test\java\org\mockito\internal\verification\checkers\NumberOfInvocationsCheckerTest.java,NumberOfInvocationsCheckerTest.java,ThrowableMessageContainsOccurrencesCondition,buildSimpleMethodWithArgs,1,1,InvocationBuilder,private,false,false,true,false
C:\Users\simon\Documents\Code\thesis-code\mockito-main\mockito-core\src\test\java\org\mockito\internal\verification\checkers\NumberOfInvocationsCheckerTest.java,NumberOfInvocationsCheckerTest.java,ThrowableMessageContainsOccurrencesCondition,messageContaining,1,2,Condition<? super Throwable>,private; static,false,false,true,false
C:\Users\simon\Documents\Code\thesis-code\mockito-main\mockito-core\src\test\java\org\mockito\internal\verification\checkers\NumberOfInvocationsCheckerTest.java,NumberOfInvocationsCheckerTest.java,ThrowableMessageContainsOccurrencesCondition,matches,4,1,boolean,public,false,false,true,false
C:\Users\simon\Documents\Code\thesis-code\mockito-main\mockito-core\src\test\java\org\mockito\internal\verification\checkers\NumberOfInvocationsInOrderCheckerTest.java,NumberOfInvocationsInOrderCheckerTest.java,ThrowableMessageContainsOccurrencesCondition,setup,2,0,void,public,false,false,true,false
C:\Users\simon\Documents\Code\thesis-code\mockito-main\mockito-core\src\test\java\org\mockito\internal\verification\checkers\NumberOfInvocationsInOrderCheckerTest.java,NumberOfInvocationsInOrderCheckerTest.java,ThrowableMessageContainsOccurrencesCondition,shouldPassIfWantedIsZeroAndMatchingChunkIsEmpty,3,0,void,public,true,false,true,false
C:\Users\simon\Documents\Code\thesis-code\mockito-main\mockito-core\src\test\java\org\mockito\internal\verification\checkers\NumberOfInvocationsInOrderCheckerTest.java,NumberOfInvocationsInOrderCheckerTest.java,ThrowableMessageContainsOccurrencesCondition,shouldPassIfChunkMatches,3,0,void,public,true,false,true,false
C:\Users\simon\Documents\Code\thesis-code\mockito-main\mockito-core\src\test\java\org\mockito\internal\verification\checkers\NumberOfInvocationsInOrderCheckerTest.java,NumberOfInvocationsInOrderCheckerTest.java,ThrowableMessageContainsOccurrencesCondition,shouldReportTooFewInvocations,5,0,void,public,true,false,true,false
C:\Users\simon\Documents\Code\thesis-code\mockito-main\mockito-core\src\test\java\org\mockito\internal\verification\checkers\NumberOfInvocationsInOrderCheckerTest.java,NumberOfInvocationsInOrderCheckerTest.java,ThrowableMessageContainsOccurrencesCondition,shouldMarkAsVerifiedInOrder,6,0,void,public,true,false,true,false
C:\Users\simon\Documents\Code\thesis-code\mockito-main\mockito-core\src\test\java\org\mockito\internal\verification\checkers\NumberOfInvocationsInOrderCheckerTest.java,NumberOfInvocationsInOrderCheckerTest.java,ThrowableMessageContainsOccurrencesCondition,shouldReportTooFewActual,3,0,void,public,true,false,true,false
C:\Users\simon\Documents\Code\thesis-code\mockito-main\mockito-core\src\test\java\org\mockito\internal\verification\checkers\NumberOfInvocationsInOrderCheckerTest.java,NumberOfInvocationsInOrderCheckerTest.java,ThrowableMessageContainsOccurrencesCondition,shouldReportWithAllInvocationsStackTrace,3,0,void,public,true,false,true,false
C:\Users\simon\Documents\Code\thesis-code\mockito-main\mockito-core\src\test\java\org\mockito\internal\verification\checkers\NumberOfInvocationsInOrderCheckerTest.java,NumberOfInvocationsInOrderCheckerTest.java,ThrowableMessageContainsOccurrencesCondition,shouldNotReportWithLastInvocationStackTraceIfNoInvocationsFound,3,0,void,public,true,false,true,false
C:\Users\simon\Documents\Code\thesis-code\mockito-main\mockito-core\src\test\java\org\mockito\internal\verification\checkers\NumberOfInvocationsInOrderCheckerTest.java,NumberOfInvocationsInOrderCheckerTest.java,ThrowableMessageContainsOccurrencesCondition,shouldReportWithFirstUndesiredInvocationStackTrace,6,0,void,public,true,false,true,false
C:\Users\simon\Documents\Code\thesis-code\mockito-main\mockito-core\src\test\java\org\mockito\internal\verification\checkers\NumberOfInvocationsInOrderCheckerTest.java,NumberOfInvocationsInOrderCheckerTest.java,ThrowableMessageContainsOccurrencesCondition,shouldReportTooManyActual,5,0,void,public,true,false,true,false
C:\Users\simon\Documents\Code\thesis-code\mockito-main\mockito-core\src\test\java\org\mockito\internal\verification\checkers\NumberOfInvocationsInOrderCheckerTest.java,NumberOfInvocationsInOrderCheckerTest.java,ThrowableMessageContainsOccurrencesCondition,shouldReportNeverWantedButInvoked,4,0,void,public,true,false,true,false
C:\Users\simon\Documents\Code\thesis-code\mockito-main\mockito-core\src\test\java\org\mockito\internal\verification\checkers\NumberOfInvocationsInOrderCheckerTest.java,NumberOfInvocationsInOrderCheckerTest.java,ThrowableMessageContainsOccurrencesCondition,shouldMarkInvocationsAsVerified,6,0,void,public,true,false,true,false
C:\Users\simon\Documents\Code\thesis-code\mockito-main\mockito-core\src\test\java\org\mockito\internal\verification\checkers\NumberOfInvocationsInOrderCheckerTest.java,NumberOfInvocationsInOrderCheckerTest.java,ThrowableMessageContainsOccurrencesCondition,messageContaining,1,2,Condition<? super Throwable>,private; static,false,false,true,false
C:\Users\simon\Documents\Code\thesis-code\mockito-main\mockito-core\src\test\java\org\mockito\internal\verification\checkers\NumberOfInvocationsInOrderCheckerTest.java,NumberOfInvocationsInOrderCheckerTest.java,ThrowableMessageContainsOccurrencesCondition,matches,4,1,boolean,public,false,false,true,false
C:\Users\simon\Documents\Code\thesis-code\mockito-main\mockito-core\src\test\java\org\mockito\internal\verification\checkers\NumberOfInvocationsInOrderCheckerTest.java,NumberOfInvocationsInOrderCheckerTest.java,ThrowableMessageContainsOccurrencesCondition,buildSimpleMethod,1,0,InvocationBuilder,private,false,false,true,false
C:\Users\simon\Documents\Code\thesis-code\mockito-main\mockito-core\src\test\java\org\mockito\internal\verification\DefaultRegisteredInvocationsTest.java,DefaultRegisteredInvocationsTest.java,DefaultRegisteredInvocationsTest,setup,1,0,void,public,false,false,true,true
C:\Users\simon\Documents\Code\thesis-code\mockito-main\mockito-core\src\test\java\org\mockito\internal\verification\DefaultRegisteredInvocationsTest.java,DefaultRegisteredInvocationsTest.java,DefaultRegisteredInvocationsTest,should_not_return_to_string_method,6,0,void,public,true,false,true,true
C:\Users\simon\Documents\Code\thesis-code\mockito-main\mockito-core\src\test\java\org\mockito\internal\verification\DescriptionTest.java,DescriptionTest.java,DescriptionTest,setUp,1,0,void,public,false,false,true,true
C:\Users\simon\Documents\Code\thesis-code\mockito-main\mockito-core\src\test\java\org\mockito\internal\verification\DescriptionTest.java,DescriptionTest.java,DescriptionTest,verification_failure_should_prepend_expected_message,7,0,void,public,true,false,true,true
C:\Users\simon\Documents\Code\thesis-code\mockito-main\mockito-core\src\test\java\org\mockito\internal\verification\DescriptionTest.java,DescriptionTest.java,DescriptionTest,verification_failure_throwing_AssertionError_should_prepend_expected_message,7,0,void,public,true,false,true,true
C:\Users\simon\Documents\Code\thesis-code\mockito-main\mockito-core\src\test\java\org\mockito\internal\verification\NoInteractionsTest.java,NoInteractionsTest.java,NoInteractionsTest,noInteractionsExceptionMessageShouldDescribeMock,6,0,void,public,true,false,true,true
C:\Users\simon\Documents\Code\thesis-code\mockito-main\mockito-core\src\test\java\org\mockito\internal\verification\NoMoreInteractionsTest.java,NoMoreInteractionsTest.java,NoMoreInteractionsTest,shouldVerifyInOrder,4,0,void,public,true,false,true,true
C:\Users\simon\Documents\Code\thesis-code\mockito-main\mockito-core\src\test\java\org\mockito\internal\verification\NoMoreInteractionsTest.java,NoMoreInteractionsTest.java,NoMoreInteractionsTest,shouldVerifyInOrderAndPass,5,0,void,public,true,false,true,true
C:\Users\simon\Documents\Code\thesis-code\mockito-main\mockito-core\src\test\java\org\mockito\internal\verification\NoMoreInteractionsTest.java,NoMoreInteractionsTest.java,NoMoreInteractionsTest,shouldVerifyInOrderMultipleInvoctions,5,0,void,public,true,false,true,true
C:\Users\simon\Documents\Code\thesis-code\mockito-main\mockito-core\src\test\java\org\mockito\internal\verification\NoMoreInteractionsTest.java,NoMoreInteractionsTest.java,NoMoreInteractionsTest,shouldVerifyInOrderMultipleInvoctionsAndThrow,4,0,void,public,true,false,true,true
C:\Users\simon\Documents\Code\thesis-code\mockito-main\mockito-core\src\test\java\org\mockito\internal\verification\NoMoreInteractionsTest.java,NoMoreInteractionsTest.java,NoMoreInteractionsTest,noMoreInteractionsExceptionMessageShouldDescribeMock,6,0,void,public,true,false,true,true
C:\Users\simon\Documents\Code\thesis-code\mockito-main\mockito-core\src\test\java\org\mockito\internal\verification\NoMoreInteractionsTest.java,NoMoreInteractionsTest.java,NoMoreInteractionsTest,noMoreInteractionsInOrderExceptionMessageShouldDescribeMock,4,0,void,public,true,false,true,true
C:\Users\simon\Documents\Code\thesis-code\mockito-main\mockito-core\src\test\java\org\mockito\internal\verification\OnlyTest.java,OnlyTest.java,VerificationDataStub,getAllInvocations,1,0,List<Invocation>,public,false,false,true,false
C:\Users\simon\Documents\Code\thesis-code\mockito-main\mockito-core\src\test\java\org\mockito\internal\verification\OnlyTest.java,OnlyTest.java,VerificationDataStub,getTarget,1,0,MatchableInvocation,public,false,false,true,false
C:\Users\simon\Documents\Code\thesis-code\mockito-main\mockito-core\src\test\java\org\mockito\internal\verification\OnlyTest.java,OnlyTest.java,VerificationDataStub,getWanted,1,0,InvocationMatcher,public,false,false,true,false
C:\Users\simon\Documents\Code\thesis-code\mockito-main\mockito-core\src\test\java\org\mockito\internal\verification\OnlyTest.java,OnlyTest.java,VerificationDataStub,shouldMarkAsVerifiedWhenAssertionSucceded,4,0,void,public,true,false,true,false
C:\Users\simon\Documents\Code\thesis-code\mockito-main\mockito-core\src\test\java\org\mockito\internal\verification\OnlyTest.java,OnlyTest.java,VerificationDataStub,shouldNotMarkAsVerifiedWhenWantedButNotInvoked,4,0,void,public,true,false,true,false
C:\Users\simon\Documents\Code\thesis-code\mockito-main\mockito-core\src\test\java\org\mockito\internal\verification\OnlyTest.java,OnlyTest.java,VerificationDataStub,shouldMarkWantedOnlyAsVerified,6,0,void,public,true,false,true,false
C:\Users\simon\Documents\Code\thesis-code\mockito-main\mockito-core\src\test\java\org\mockito\internal\verification\OnlyTest.java,OnlyTest.java,VerificationDataStub,shouldMarkMultipleInvocationAsVerified,7,0,void,public,true,false,true,false
C:\Users\simon\Documents\Code\thesis-code\mockito-main\mockito-core\src\test\java\org\mockito\internal\verification\SmartPrinterTest.java,SmartPrinterTest.java,SmartPrinterTest,setup,4,0,void,public,false,false,true,true
C:\Users\simon\Documents\Code\thesis-code\mockito-main\mockito-core\src\test\java\org\mockito\internal\verification\SmartPrinterTest.java,SmartPrinterTest.java,SmartPrinterTest,shouldPrintBothInMultilinesWhenFirstIsMulti,3,0,void,public,true,false,true,true
C:\Users\simon\Documents\Code\thesis-code\mockito-main\mockito-core\src\test\java\org\mockito\internal\verification\SmartPrinterTest.java,SmartPrinterTest.java,SmartPrinterTest,shouldPrintBothInMultilinesWhenSecondIsMulti,3,0,void,public,true,false,true,true
C:\Users\simon\Documents\Code\thesis-code\mockito-main\mockito-core\src\test\java\org\mockito\internal\verification\SmartPrinterTest.java,SmartPrinterTest.java,SmartPrinterTest,shouldPrintBothInMultilinesWhenBothAreMulti,3,0,void,public,true,false,true,true
C:\Users\simon\Documents\Code\thesis-code\mockito-main\mockito-core\src\test\java\org\mockito\internal\verification\SmartPrinterTest.java,SmartPrinterTest.java,SmartPrinterTest,shouldPrintBothInSingleLineWhenBothAreShort,3,0,void,public,true,false,true,true
C:\Users\simon\Documents\Code\thesis-code\mockito-main\mockito-core\src\test\java\org\mockito\internal\verification\VerificationDataImplTest.java,VerificationDataImplTest.java,VerificationDataImplTest,shouldToStringBeNotVerifiable,2,0,void,public,true,false,true,true
C:\Users\simon\Documents\Code\thesis-code\mockito-main\mockito-core\src\test\java\org\mockito\internal\verification\VerificationOverTimeImplTest.java,VerificationOverTimeImplTest.java,VerificationOverTimeImplTest,setUp,2,0,void,public,false,false,true,true
C:\Users\simon\Documents\Code\thesis-code\mockito-main\mockito-core\src\test\java\org\mockito\internal\verification\VerificationOverTimeImplTest.java,VerificationOverTimeImplTest.java,VerificationOverTimeImplTest,should_return_on_success,2,0,void,public,true,false,true,true
C:\Users\simon\Documents\Code\thesis-code\mockito-main\mockito-core\src\test\java\org\mockito\internal\verification\VerificationOverTimeImplTest.java,VerificationOverTimeImplTest.java,VerificationOverTimeImplTest,should_throw_mockito_assertion_error,3,0,void,public,true,false,true,true
C:\Users\simon\Documents\Code\thesis-code\mockito-main\mockito-core\src\test\java\org\mockito\internal\verification\VerificationOverTimeImplTest.java,VerificationOverTimeImplTest.java,VerificationOverTimeImplTest,should_deal_with_junit_assertion_error,3,0,void,public,true,false,true,true
C:\Users\simon\Documents\Code\thesis-code\mockito-main\mockito-core\src\test\java\org\mockito\internal\verification\VerificationOverTimeImplTest.java,VerificationOverTimeImplTest.java,VerificationOverTimeImplTest,should_not_wrap_other_exceptions,3,0,void,public,true,false,true,true
C:\Users\simon\Documents\Code\thesis-code\mockito-main\mockito-core\src\test\java\org\mockito\internal\verification\VerificationWithDescriptionTest.java,VerificationWithDescriptionTest.java,VerificationWithDescriptionTest,setUp,1,0,void,public,false,false,true,true
C:\Users\simon\Documents\Code\thesis-code\mockito-main\mockito-core\src\test\java\org\mockito\internal\verification\VerificationWithDescriptionTest.java,VerificationWithDescriptionTest.java,VerificationWithDescriptionTest,assertion_error_message_should_start_with_the_custom_specified_message,2,0,void,public,true,false,true,true
C:\Users\simon\Documents\Code\thesis-code\mockito-main\mockito-core\src\test\java\org\mockito\InvocationFactoryTest.java,InvocationFactoryTest.java,TestClass,testMethod,1,0,String,public,false,true,true,true
C:\Users\simon\Documents\Code\thesis-code\mockito-main\mockito-core\src\test\java\org\mockito\InvocationFactoryTest.java,InvocationFactoryTest.java,TestClass,call_method_that_throws_a_throwable,3,0,void,public,true,false,true,true
C:\Users\simon\Documents\Code\thesis-code\mockito-main\mockito-core\src\test\java\org\mockito\InvocationFactoryTest.java,InvocationFactoryTest.java,TestClass,call,1,0,Object,public,false,false,true,true
C:\Users\simon\Documents\Code\thesis-code\mockito-main\mockito-core\src\test\java\org\mockito\InvocationFactoryTest.java,InvocationFactoryTest.java,TestClass,call_method_that_returns_a_string,3,0,void,public,true,false,true,true
C:\Users\simon\Documents\Code\thesis-code\mockito-main\mockito-core\src\test\java\org\mockito\InvocationFactoryTest.java,InvocationFactoryTest.java,TestClass,call,1,0,Object,public,false,false,true,true
C:\Users\simon\Documents\Code\thesis-code\mockito-main\mockito-core\src\test\java\org\mockito\junit\TestableJUnitRunner.java,TestableJUnitRunner.java,TestableJUnitRunner,initialValue,1,0,SimpleMockitoLogger,protected,false,false,true,true
C:\Users\simon\Documents\Code\thesis-code\mockito-main\mockito-core\src\test\java\org\mockito\junit\TestableJUnitRunner.java,TestableJUnitRunner.java,TestableJUnitRunner,get,1,0,MockitoTestListener,public,false,false,true,true
C:\Users\simon\Documents\Code\thesis-code\mockito-main\mockito-core\src\test\java\org\mockito\junit\TestableJUnitRunner.java,TestableJUnitRunner.java,TestableJUnitRunner,refreshedLogger,1,0,SimpleMockitoLogger,public; static,false,false,true,true
C:\Users\simon\Documents\Code\thesis-code\mockito-main\mockito-core\src\test\java\org\mockito\MockitoClearTest.java,MockitoClearTest.java,Base,can_clear_mock,4,0,void,public,true,false,true,false
C:\Users\simon\Documents\Code\thesis-code\mockito-main\mockito-core\src\test\java\org\mockito\MockitoEnvTest.java,MockitoEnvTest.java,MockitoEnvTest,uses_default_mock_maker_from_env,4,0,void,public,true,false,true,true
C:\Users\simon\Documents\Code\thesis-code\mockito-main\mockito-core\src\test\java\org\mockito\MockitoEnvTest.java,MockitoEnvTest.java,MockitoEnvTest,uses_mock_maker_from_env,4,0,void,public,true,false,true,true
C:\Users\simon\Documents\Code\thesis-code\mockito-main\mockito-core\src\test\java\org\mockito\MockitoEnvTest.java,MockitoEnvTest.java,MockitoEnvTest,uses_default_member_accessor_from_env,4,0,void,public,true,false,true,true
C:\Users\simon\Documents\Code\thesis-code\mockito-main\mockito-core\src\test\java\org\mockito\MockitoEnvTest.java,MockitoEnvTest.java,MockitoEnvTest,uses_member_accessor_from_env,4,0,void,public,true,false,true,true
C:\Users\simon\Documents\Code\thesis-code\mockito-main\mockito-core\src\test\java\org\mockito\MockitoTest.java,MockitoTest.java,Dummy,shouldRemoveStubbableFromProgressAfterStubbing,3,0,void,public,true,false,true,false
C:\Users\simon\Documents\Code\thesis-code\mockito-main\mockito-core\src\test\java\org\mockito\MockitoTest.java,MockitoTest.java,Dummy,shouldValidateMockWhenVerifying,1,0,void,public,true,false,true,false
C:\Users\simon\Documents\Code\thesis-code\mockito-main\mockito-core\src\test\java\org\mockito\MockitoTest.java,MockitoTest.java,Dummy,shouldValidateMockWhenVerifyingWithExpectedNumberOfInvocations,1,0,void,public,true,false,true,false
C:\Users\simon\Documents\Code\thesis-code\mockito-main\mockito-core\src\test\java\org\mockito\MockitoTest.java,MockitoTest.java,Dummy,shouldValidateMockWhenVerifyingNoMoreInteractions,1,0,void,public,true,false,true,false
C:\Users\simon\Documents\Code\thesis-code\mockito-main\mockito-core\src\test\java\org\mockito\MockitoTest.java,MockitoTest.java,Dummy,shouldValidateMockWhenVerifyingNoInteractions,1,0,void,public,true,false,true,false
C:\Users\simon\Documents\Code\thesis-code\mockito-main\mockito-core\src\test\java\org\mockito\MockitoTest.java,MockitoTest.java,Dummy,shouldValidateNullMockWhenVerifyingNoInteractions,1,0,void,public,true,false,true,false
C:\Users\simon\Documents\Code\thesis-code\mockito-main\mockito-core\src\test\java\org\mockito\MockitoTest.java,MockitoTest.java,Dummy,shouldValidateMockWhenCreatingInOrderObject,1,0,void,public,true,false,true,false
C:\Users\simon\Documents\Code\thesis-code\mockito-main\mockito-core\src\test\java\org\mockito\MockitoTest.java,MockitoTest.java,Dummy,shouldGiveExplanationOnStaticMockingMockMaker,2,0,void,public,true,false,true,false
C:\Users\simon\Documents\Code\thesis-code\mockito-main\mockito-core\src\test\java\org\mockito\MockitoTest.java,MockitoTest.java,Dummy,shouldGiveExplanationOnConstructionMockingMockMaker,2,0,void,public,true,false,true,false
C:\Users\simon\Documents\Code\thesis-code\mockito-main\mockito-core\src\test\java\org\mockito\MockitoTest.java,MockitoTest.java,Dummy,shouldGiveExplanationOnConstructionMockingWithInlineMockMaker,2,0,void,public,true,false,true,false
C:\Users\simon\Documents\Code\thesis-code\mockito-main\mockito-core\src\test\java\org\mockito\MockitoTest.java,MockitoTest.java,Dummy,shouldStartingMockSettingsContainDefaultBehavior,2,0,void,public,true,false,true,false
C:\Users\simon\Documents\Code\thesis-code\mockito-main\mockito-core\src\test\java\org\mockito\MockitoTest.java,MockitoTest.java,Dummy,automaticallyDetectsClassToMock,3,0,void,public,true,false,true,false
C:\Users\simon\Documents\Code\thesis-code\mockito-main\mockito-core\src\test\java\org\mockito\MockitoTest.java,MockitoTest.java,Dummy,newMockMethod_shouldNotBeCalledWithNullParameters,1,0,void,public,true,false,true,false
C:\Users\simon\Documents\Code\thesis-code\mockito-main\mockito-core\src\test\java\org\mockito\MockitoTest.java,MockitoTest.java,Dummy,reifiedMockMethodWithNameSetsTheExpectedName,2,0,void,public,true,false,true,false
C:\Users\simon\Documents\Code\thesis-code\mockito-main\mockito-core\src\test\java\org\mockito\MockitoTest.java,MockitoTest.java,Dummy,reifiedMockMethodWithDefaultAnswerSetsTheDefaultAnswer,3,0,void,public,true,false,true,false
C:\Users\simon\Documents\Code\thesis-code\mockito-main\mockito-core\src\test\java\org\mockito\MockitoTest.java,MockitoTest.java,Dummy,somethingElse,0,0,Something,abstract,false,false,true,false
C:\Users\simon\Documents\Code\thesis-code\mockito-main\mockito-core\src\test\java\org\mockito\MockitoTest.java,MockitoTest.java,Dummy,reifiedMockMethodWithSettingsAppliesTheSettings,4,0,void,public,true,false,true,false
C:\Users\simon\Documents\Code\thesis-code\mockito-main\mockito-core\src\test\java\org\mockito\MockitoTest.java,MockitoTest.java,Dummy,newMockMethod_shouldNotBeCalledWithParameters,1,0,void,public,true,false,true,false
C:\Users\simon\Documents\Code\thesis-code\mockito-main\mockito-core\src\test\java\org\mockito\MockitoTest.java,MockitoTest.java,Dummy,automaticallyDetectsClassToSpy,4,0,void,public,true,false,true,false
C:\Users\simon\Documents\Code\thesis-code\mockito-main\mockito-core\src\test\java\org\mockito\MockitoTest.java,MockitoTest.java,Dummy,newSpyMethod_shouldNotBeCalledWithParameters,1,0,void,public,true,false,true,false
C:\Users\simon\Documents\Code\thesis-code\mockito-main\mockito-core\src\test\java\org\mockito\MockitoTest.java,MockitoTest.java,Dummy,ensure_reified_mocked_static_can_be_called_without_parameters,2,0,void,public,true,false,true,false
C:\Users\simon\Documents\Code\thesis-code\mockito-main\mockito-core\src\test\java\org\mockito\MockitoTest.java,MockitoTest.java,Dummy,ensure_reified_mocked_static_can_be_called_with_default_answer,2,0,void,public,true,false,true,false
C:\Users\simon\Documents\Code\thesis-code\mockito-main\mockito-core\src\test\java\org\mockito\MockitoTest.java,MockitoTest.java,Dummy,ensure_reified_mocked_static_can_be_called_with_name,2,0,void,public,true,false,true,false
C:\Users\simon\Documents\Code\thesis-code\mockito-main\mockito-core\src\test\java\org\mockito\MockitoTest.java,MockitoTest.java,Dummy,ensure_reified_mocked_static_can_be_called_with_settings,3,0,void,public,true,false,true,false
C:\Users\simon\Documents\Code\thesis-code\mockito-main\mockito-core\src\test\java\org\mockito\MockitoTest.java,MockitoTest.java,Dummy,ensure_reified_mocked_static_should_not_be_called_with_null,3,0,void,public,true,false,true,false
C:\Users\simon\Documents\Code\thesis-code\mockito-main\mockito-core\src\test\java\org\mockito\MockitoTest.java,MockitoTest.java,Dummy,ensure_reified_mocked_static_should_not_be_called_with_parameters,3,0,void,public,true,false,true,false
C:\Users\simon\Documents\Code\thesis-code\mockito-main\mockito-core\src\test\java\org\mockito\MockitoTest.java,MockitoTest.java,Dummy,ensure_reified_mocked_construction_can_be_called_without_parameters,2,0,void,public,true,false,true,false
C:\Users\simon\Documents\Code\thesis-code\mockito-main\mockito-core\src\test\java\org\mockito\MockitoTest.java,MockitoTest.java,Dummy,ensure_reified_mocked_construction_can_be_called_with_initializer,2,0,void,public,true,false,true,false
C:\Users\simon\Documents\Code\thesis-code\mockito-main\mockito-core\src\test\java\org\mockito\MockitoTest.java,MockitoTest.java,Dummy,ensure_reified_mocked_construction_can_be_called_with_settings,3,0,void,public,true,false,true,false
C:\Users\simon\Documents\Code\thesis-code\mockito-main\mockito-core\src\test\java\org\mockito\MockitoTest.java,MockitoTest.java,Dummy,ensure_reified_mocked_construction_can_be_called_with_settings_factory,3,0,void,public,true,false,true,false
C:\Users\simon\Documents\Code\thesis-code\mockito-main\mockito-core\src\test\java\org\mockito\MockitoTest.java,MockitoTest.java,Dummy,ensure_reified_mocked_construction_can_be_called_with_settings_and_initializer,3,0,void,public,true,false,true,false
C:\Users\simon\Documents\Code\thesis-code\mockito-main\mockito-core\src\test\java\org\mockito\MockitoTest.java,MockitoTest.java,Dummy,ensure_reified_mocked_construction_can_be_called_with_factory_and_initializer,3,0,void,public,true,false,true,false
C:\Users\simon\Documents\Code\thesis-code\mockito-main\mockito-core\src\test\java\org\mockito\MockitoTest.java,MockitoTest.java,Dummy,ensure_reified_mocked_construction_should_not_be_called_with_null,3,0,void,public,true,false,true,false
C:\Users\simon\Documents\Code\thesis-code\mockito-main\mockito-core\src\test\java\org\mockito\MockitoTest.java,MockitoTest.java,Dummy,ensure_reified_mocked_construction_should_not_be_called_with_parameters,3,0,void,public,true,false,true,false
C:\Users\simon\Documents\Code\thesis-code\mockito-main\mockito-core\src\test\java\org\mockito\MockitoTest.java,MockitoTest.java,Dummy,getValue,1,0,String,public; static,false,false,true,false
C:\Users\simon\Documents\Code\thesis-code\mockito-main\mockito-core\src\test\java\org\mockito\MockitoTest.java,MockitoTest.java,Dummy,getAnswer,1,0,int,public,false,false,true,false
C:\Users\simon\Documents\Code\thesis-code\mockito-main\mockito-core\src\test\java\org\mockito\MockTest.java,MockTest.java,MockStrictnessToStrictnessTest,should_have_matching_enum_in_mock_strictness_enum,1,0,void,public,true,false,true,true
C:\Users\simon\Documents\Code\thesis-code\mockito-main\mockito-core\src\test\java\org\mockito\MockTest.java,MockTest.java,MockStrictnessToStrictnessTest,data,1,0,org.mockito.quality.Strictness[],public; static,false,false,true,true
C:\Users\simon\Documents\Code\thesis-code\mockito-main\mockito-core\src\test\java\org\mockito\MockTest.java,MockTest.java,MockStrictnessToStrictnessTest,should_have_matching_enum_in_strictness_enum,2,0,void,public,true,false,true,true
C:\Users\simon\Documents\Code\thesis-code\mockito-main\mockito-core\src\test\java\org\mockito\MockTest.java,MockTest.java,MockStrictnessToStrictnessTest,data,1,0,Mock.Strictness[],public; static,false,false,true,true
C:\Users\simon\Documents\Code\thesis-code\mockito-main\mockito-core\src\test\java\org\mockito\PrematureGarbageCollectionTest.java,PrematureGarbageCollectionTest.java,Node,provoke_premature_garbage_collection,1,0,void,public,true,false,true,false
C:\Users\simon\Documents\Code\thesis-code\mockito-main\mockito-core\src\test\java\org\mockito\PrematureGarbageCollectionTest.java,PrematureGarbageCollectionTest.java,Node,populateNodeList,2,0,void,private; static,false,false,true,false
C:\Users\simon\Documents\Code\thesis-code\mockito-main\mockito-core\src\test\java\org\mockito\PrematureGarbageCollectionTest.java,PrematureGarbageCollectionTest.java,Node,nodes,3,0,Node,private; static,false,false,true,false
C:\Users\simon\Documents\Code\thesis-code\mockito-main\mockito-core\src\test\java\org\mockito\StaticMockingExperimentTest.java,StaticMockingExperimentTest.java,ConstructorMethodAdapter,call,1,0,Object,public,false,false,true,false
C:\Users\simon\Documents\Code\thesis-code\mockito-main\mockito-core\src\test\java\org\mockito\StaticMockingExperimentTest.java,StaticMockingExperimentTest.java,ConstructorMethodAdapter,before,1,0,void,public,false,false,true,false
C:\Users\simon\Documents\Code\thesis-code\mockito-main\mockito-core\src\test\java\org\mockito\StaticMockingExperimentTest.java,StaticMockingExperimentTest.java,ConstructorMethodAdapter,verify_static_method,8,0,void,public,true,false,true,false
C:\Users\simon\Documents\Code\thesis-code\mockito-main\mockito-core\src\test\java\org\mockito\StaticMockingExperimentTest.java,StaticMockingExperimentTest.java,ConstructorMethodAdapter,verification_failure_static_method,5,0,void,public,true,false,true,false
C:\Users\simon\Documents\Code\thesis-code\mockito-main\mockito-core\src\test\java\org\mockito\StaticMockingExperimentTest.java,StaticMockingExperimentTest.java,ConstructorMethodAdapter,stubbing_static_method,7,0,void,public,true,false,true,false
C:\Users\simon\Documents\Code\thesis-code\mockito-main\mockito-core\src\test\java\org\mockito\StaticMockingExperimentTest.java,StaticMockingExperimentTest.java,ConstructorMethodAdapter,do_answer_stubbing_static_method,7,0,void,public,true,false,true,false
C:\Users\simon\Documents\Code\thesis-code\mockito-main\mockito-core\src\test\java\org\mockito\StaticMockingExperimentTest.java,StaticMockingExperimentTest.java,ConstructorMethodAdapter,verify_no_more_interactions,4,0,void,public,true,false,true,false
C:\Users\simon\Documents\Code\thesis-code\mockito-main\mockito-core\src\test\java\org\mockito\StaticMockingExperimentTest.java,StaticMockingExperimentTest.java,ConstructorMethodAdapter,stubbing_new,10,0,void,public,true,false,true,false
C:\Users\simon\Documents\Code\thesis-code\mockito-main\mockito-core\src\test\java\org\mockito\StaticMockingExperimentTest.java,StaticMockingExperimentTest.java,ConstructorMethodAdapter,verifying_new,9,0,void,public,true,false,true,false
C:\Users\simon\Documents\Code\thesis-code\mockito-main\mockito-core\src\test\java\org\mockito\StaticMockingExperimentTest.java,StaticMockingExperimentTest.java,ConstructorMethodAdapter,staticMethod,1,1,String,public; static,false,false,true,false
C:\Users\simon\Documents\Code\thesis-code\mockito-main\mockito-core\src\test\java\org\mockito\StaticMockingExperimentTest.java,StaticMockingExperimentTest.java,ConstructorMethodAdapter,toString,1,0,String,public,false,false,true,false
C:\Users\simon\Documents\Code\thesis-code\mockito-main\mockito-core\src\test\java\org\mockito\StaticMockingExperimentTest.java,StaticMockingExperimentTest.java,ConstructorMethodAdapter,construct,0,2,Object,,false,false,true,false
C:\Users\simon\Documents\Code\thesis-code\mockito-main\mockito-core\src\test\java\org\mockito\verification\NegativeDurationTest.java,NegativeDurationTest.java,NegativeDurationTest,should_throw_exception_when_duration_is_negative_for_timeout_method,1,0,void,public,true,false,true,true
C:\Users\simon\Documents\Code\thesis-code\mockito-main\mockito-core\src\test\java\org\mockito\verification\NegativeDurationTest.java,NegativeDurationTest.java,NegativeDurationTest,should_throw_exception_when_duration_is_negative_for_after_method,1,0,void,public,true,false,true,true
C:\Users\simon\Documents\Code\thesis-code\mockito-main\mockito-core\src\test\java\org\mockito\verification\TimeoutTest.java,TimeoutTest.java,TimeoutTest,should_pass_when_verification_passes,7,0,void,public,true,false,true,true
C:\Users\simon\Documents\Code\thesis-code\mockito-main\mockito-core\src\test\java\org\mockito\verification\TimeoutTest.java,TimeoutTest.java,TimeoutTest,should_fail_because_verification_fails,5,0,void,public,true,false,true,true
C:\Users\simon\Documents\Code\thesis-code\mockito-main\mockito-core\src\test\java\org\mockito\verification\TimeoutTest.java,TimeoutTest.java,TimeoutTest,should_pass_even_if_first_verification_fails,5,0,void,public,true,false,true,true
C:\Users\simon\Documents\Code\thesis-code\mockito-main\mockito-core\src\test\java\org\mockito\verification\TimeoutTest.java,TimeoutTest.java,TimeoutTest,should_try_to_verify_correct_number_of_times,5,0,void,public,true,false,true,true
C:\Users\simon\Documents\Code\thesis-code\mockito-main\mockito-core\src\test\java\org\mockitointegration\DeferMockMakersClassLoadingTest.java,DeferMockMakersClassLoadingTest.java,CustomMockMaker,mockito_should_not_load_mock_makers_it_does_not_need,4,0,void,public,true,false,true,false
C:\Users\simon\Documents\Code\thesis-code\mockito-main\mockito-core\src\test\java\org\mockitointegration\DeferMockMakersClassLoadingTest.java,DeferMockMakersClassLoadingTest.java,CustomMockMaker,createMock,1,0,void,public; static,false,false,true,false
C:\Users\simon\Documents\Code\thesis-code\mockito-main\mockito-core\src\test\java\org\mockitointegration\DeferMockMakersClassLoadingTest.java,DeferMockMakersClassLoadingTest.java,CustomMockMaker,createMock,1,2,T,public,false,false,true,false
C:\Users\simon\Documents\Code\thesis-code\mockito-main\mockito-core\src\test\java\org\mockitointegration\DeferMockMakersClassLoadingTest.java,DeferMockMakersClassLoadingTest.java,CustomMockMaker,getHandler,1,1,MockHandler,public,false,false,true,false
C:\Users\simon\Documents\Code\thesis-code\mockito-main\mockito-core\src\test\java\org\mockitointegration\DeferMockMakersClassLoadingTest.java,DeferMockMakersClassLoadingTest.java,CustomMockMaker,resetMock,1,3,void,public,false,false,true,false
C:\Users\simon\Documents\Code\thesis-code\mockito-main\mockito-core\src\test\java\org\mockitointegration\DeferMockMakersClassLoadingTest.java,DeferMockMakersClassLoadingTest.java,CustomMockMaker,isTypeMockable,1,1,TypeMockability,public,false,false,true,false
C:\Users\simon\Documents\Code\thesis-code\mockito-main\mockito-core\src\test\java\org\mockitointegration\DeferMockMakersClassLoadingTest.java,DeferMockMakersClassLoadingTest.java,CustomMockMaker,mockable,1,0,boolean,public,false,false,true,false
C:\Users\simon\Documents\Code\thesis-code\mockito-main\mockito-core\src\test\java\org\mockitointegration\DeferMockMakersClassLoadingTest.java,DeferMockMakersClassLoadingTest.java,CustomMockMaker,nonMockableReason,1,0,String,public,false,false,true,false
C:\Users\simon\Documents\Code\thesis-code\mockito-main\mockito-core\src\test\java\org\mockitointegration\NoByteCodeDependenciesTest.java,NoByteCodeDependenciesTest.java,NoByteCodeDependenciesTest,pure_mockito_should_not_depend_bytecode_libraries,11,0,void,public,true,false,true,true
C:\Users\simon\Documents\Code\thesis-code\mockito-main\mockito-core\src\test\java\org\mockitointegration\NoJUnitDependenciesTest.java,NoJUnitDependenciesTest.java,NoJUnitDependenciesTest,pure_mockito_should_not_depend_JUnit___ByteBuddy,7,0,void,public,true,false,true,true
C:\Users\simon\Documents\Code\thesis-code\mockito-main\mockito-core\src\test\java\org\mockitousage\annotation\AnnotationsTest.java,AnnotationsTest.java,Sub,setup,1,0,void,public,false,false,true,false
C:\Users\simon\Documents\Code\thesis-code\mockito-main\mockito-core\src\test\java\org\mockitousage\annotation\AnnotationsTest.java,AnnotationsTest.java,Sub,shouldInitMocks,6,0,void,public,true,false,true,false
C:\Users\simon\Documents\Code\thesis-code\mockito-main\mockito-core\src\test\java\org\mockitousage\annotation\AnnotationsTest.java,AnnotationsTest.java,Sub,shouldScreamWhenInitializingMocksForNullClass,1,0,void,public,true,false,true,false
C:\Users\simon\Documents\Code\thesis-code\mockito-main\mockito-core\src\test\java\org\mockitousage\annotation\AnnotationsTest.java,AnnotationsTest.java,Sub,shouldLookForAnnotatedMocksInSuperClasses,5,0,void,public,true,false,true,false
C:\Users\simon\Documents\Code\thesis-code\mockito-main\mockito-core\src\test\java\org\mockitousage\annotation\AnnotationsTest.java,AnnotationsTest.java,Sub,shouldInitMocksWithGivenSettings,8,0,void,public,true,false,true,false
C:\Users\simon\Documents\Code\thesis-code\mockito-main\mockito-core\src\test\java\org\mockitousage\annotation\AnnotationsTest.java,AnnotationsTest.java,Sub,getSuperBaseMock,1,0,IMethods,public,false,false,true,false
C:\Users\simon\Documents\Code\thesis-code\mockito-main\mockito-core\src\test\java\org\mockitousage\annotation\AnnotationsTest.java,AnnotationsTest.java,Sub,getBaseMock,1,0,IMethods,public,false,false,true,false
C:\Users\simon\Documents\Code\thesis-code\mockito-main\mockito-core\src\test\java\org\mockitousage\annotation\AnnotationsTest.java,AnnotationsTest.java,Sub,getMock,1,0,IMethods,public,false,false,true,false
C:\Users\simon\Documents\Code\thesis-code\mockito-main\mockito-core\src\test\java\org\mockitousage\annotation\CaptorAnnotationBasicTest.java,CaptorAnnotationBasicTest.java,PeopleRepository,getName,1,0,String,public,false,false,true,false
C:\Users\simon\Documents\Code\thesis-code\mockito-main\mockito-core\src\test\java\org\mockitousage\annotation\CaptorAnnotationBasicTest.java,CaptorAnnotationBasicTest.java,PeopleRepository,getSurname,1,0,String,public,false,false,true,false
C:\Users\simon\Documents\Code\thesis-code\mockito-main\mockito-core\src\test\java\org\mockitousage\annotation\CaptorAnnotationBasicTest.java,CaptorAnnotationBasicTest.java,PeopleRepository,save,0,1,void,,false,false,true,false
C:\Users\simon\Documents\Code\thesis-code\mockito-main\mockito-core\src\test\java\org\mockitousage\annotation\CaptorAnnotationBasicTest.java,CaptorAnnotationBasicTest.java,PeopleRepository,createPerson,1,2,void,private,false,false,true,false
C:\Users\simon\Documents\Code\thesis-code\mockito-main\mockito-core\src\test\java\org\mockitousage\annotation\CaptorAnnotationBasicTest.java,CaptorAnnotationBasicTest.java,PeopleRepository,shouldUseCaptorInOrdinaryWay,5,0,void,public,true,false,true,false
C:\Users\simon\Documents\Code\thesis-code\mockito-main\mockito-core\src\test\java\org\mockitousage\annotation\CaptorAnnotationBasicTest.java,CaptorAnnotationBasicTest.java,PeopleRepository,shouldUseAnnotatedCaptor,4,0,void,public,true,false,true,false
C:\Users\simon\Documents\Code\thesis-code\mockito-main\mockito-core\src\test\java\org\mockitousage\annotation\CaptorAnnotationBasicTest.java,CaptorAnnotationBasicTest.java,PeopleRepository,shouldUseGenericlessAnnotatedCaptor,4,0,void,public,true,false,true,false
C:\Users\simon\Documents\Code\thesis-code\mockito-main\mockito-core\src\test\java\org\mockitousage\annotation\CaptorAnnotationBasicTest.java,CaptorAnnotationBasicTest.java,PeopleRepository,shouldCaptureGenericList,4,0,void,public,true,false,true,false
C:\Users\simon\Documents\Code\thesis-code\mockito-main\mockito-core\src\test\java\org\mockitousage\annotation\CaptorAnnotationTest.java,CaptorAnnotationTest.java,Sub,testMe,0,2,void,,false,true,true,false
C:\Users\simon\Documents\Code\thesis-code\mockito-main\mockito-core\src\test\java\org\mockitousage\annotation\CaptorAnnotationTest.java,CaptorAnnotationTest.java,Sub,testNormalUsage,11,0,void,public,true,true,true,false
C:\Users\simon\Documents\Code\thesis-code\mockito-main\mockito-core\src\test\java\org\mockitousage\annotation\CaptorAnnotationTest.java,CaptorAnnotationTest.java,Sub,shouldScreamWhenWrongTypeForCaptor,1,0,void,public,true,false,true,false
C:\Users\simon\Documents\Code\thesis-code\mockito-main\mockito-core\src\test\java\org\mockitousage\annotation\CaptorAnnotationTest.java,CaptorAnnotationTest.java,Sub,shouldScreamWhenMoreThanOneMockitoAnnotation,1,0,void,public,true,false,true,false
C:\Users\simon\Documents\Code\thesis-code\mockito-main\mockito-core\src\test\java\org\mockitousage\annotation\CaptorAnnotationTest.java,CaptorAnnotationTest.java,Sub,shouldScreamWhenInitializingCaptorsForNullClass,1,0,void,public,true,false,true,false
C:\Users\simon\Documents\Code\thesis-code\mockito-main\mockito-core\src\test\java\org\mockitousage\annotation\CaptorAnnotationTest.java,CaptorAnnotationTest.java,Sub,shouldLookForAnnotatedCaptorsInSuperClasses,5,0,void,public,true,false,true,false
C:\Users\simon\Documents\Code\thesis-code\mockito-main\mockito-core\src\test\java\org\mockitousage\annotation\CaptorAnnotationTest.java,CaptorAnnotationTest.java,Sub,getSuperBaseCaptor,1,0,ArgumentCaptor<IMethods>,public,false,false,true,false
C:\Users\simon\Documents\Code\thesis-code\mockito-main\mockito-core\src\test\java\org\mockitousage\annotation\CaptorAnnotationTest.java,CaptorAnnotationTest.java,Sub,getBaseCaptor,1,0,ArgumentCaptor<IMethods>,public,false,false,true,false
C:\Users\simon\Documents\Code\thesis-code\mockito-main\mockito-core\src\test\java\org\mockitousage\annotation\CaptorAnnotationTest.java,CaptorAnnotationTest.java,Sub,getCaptor,1,0,ArgumentCaptor<IMethods>,public,false,false,true,false
C:\Users\simon\Documents\Code\thesis-code\mockito-main\mockito-core\src\test\java\org\mockitousage\annotation\CaptorAnnotationUnhappyPathTest.java,CaptorAnnotationUnhappyPathTest.java,CaptorAnnotationUnhappyPathTest,init,0,0,void,public,false,false,true,true
C:\Users\simon\Documents\Code\thesis-code\mockito-main\mockito-core\src\test\java\org\mockitousage\annotation\CaptorAnnotationUnhappyPathTest.java,CaptorAnnotationUnhappyPathTest.java,CaptorAnnotationUnhappyPathTest,shouldFailIfCaptorHasWrongType,1,0,void,public,true,false,true,true
C:\Users\simon\Documents\Code\thesis-code\mockito-main\mockito-core\src\test\java\org\mockitousage\annotation\DoNotMockTest.java,DoNotMockTest.java,TestClass,can_not_mock_class_annotated_with_donotmock,1,0,void,public,true,false,true,true
C:\Users\simon\Documents\Code\thesis-code\mockito-main\mockito-core\src\test\java\org\mockitousage\annotation\DoNotMockTest.java,DoNotMockTest.java,TestClass,can_not_statically_mock_class_annotated_with_donotmock,1,0,void,public,true,false,true,true
C:\Users\simon\Documents\Code\thesis-code\mockito-main\mockito-core\src\test\java\org\mockitousage\annotation\DoNotMockTest.java,DoNotMockTest.java,TestClass,can_not_mock_class_via_mock_annotation,1,0,void,public,true,false,true,true
C:\Users\simon\Documents\Code\thesis-code\mockito-main\mockito-core\src\test\java\org\mockitousage\annotation\DoNotMockTest.java,DoNotMockTest.java,TestClass,can_not_mock_class_with_interface_annotated_with_donotmock,1,0,void,public,true,false,true,true
C:\Users\simon\Documents\Code\thesis-code\mockito-main\mockito-core\src\test\java\org\mockitousage\annotation\DoNotMockTest.java,DoNotMockTest.java,TestClass,can_not_statically_mock_class_with_interface_annotated_with_donotmock,1,0,void,public,true,false,true,true
C:\Users\simon\Documents\Code\thesis-code\mockito-main\mockito-core\src\test\java\org\mockitousage\annotation\DoNotMockTest.java,DoNotMockTest.java,TestClass,can_not_mock_subclass_with_unmockable_interface,1,0,void,public,true,false,true,true
C:\Users\simon\Documents\Code\thesis-code\mockito-main\mockito-core\src\test\java\org\mockitousage\annotation\DoNotMockTest.java,DoNotMockTest.java,TestClass,can_not_statically_mock_subclass_with_unmockable_interface,1,0,void,public,true,false,true,true
C:\Users\simon\Documents\Code\thesis-code\mockito-main\mockito-core\src\test\java\org\mockitousage\annotation\DoNotMockTest.java,DoNotMockTest.java,TestClass,can_not_mock_subclass_with_unmockable_superclass,1,0,void,public,true,false,true,true
C:\Users\simon\Documents\Code\thesis-code\mockito-main\mockito-core\src\test\java\org\mockitousage\annotation\DoNotMockTest.java,DoNotMockTest.java,TestClass,can_not_statically_mock_subclass_with_unmockable_superclass,1,0,void,public,true,false,true,true
C:\Users\simon\Documents\Code\thesis-code\mockito-main\mockito-core\src\test\java\org\mockitousage\annotation\DoNotMockTest.java,DoNotMockTest.java,TestClass,can_not_mock_subclass_with_unmockable_interface_that_extends_non_mockable_interface,1,0,void,public,true,false,true,true
C:\Users\simon\Documents\Code\thesis-code\mockito-main\mockito-core\src\test\java\org\mockitousage\annotation\DoNotMockTest.java,DoNotMockTest.java,TestClass,can_not_statically_mock_subclass_with_unmockable_interface_that_extends_non_mockable_interface,1,0,void,public,true,false,true,true
C:\Users\simon\Documents\Code\thesis-code\mockito-main\mockito-core\src\test\java\org\mockitousage\annotation\DoNotMockTest.java,DoNotMockTest.java,TestClass,thrown_exception_includes_non_mockable_reason,1,0,void,public,true,false,true,true
C:\Users\simon\Documents\Code\thesis-code\mockito-main\mockito-core\src\test\java\org\mockitousage\annotation\DoNotMockTest.java,DoNotMockTest.java,TestClass,thrown_exception_includes_special_non_mockable_reason,1,0,void,public,true,false,true,true
C:\Users\simon\Documents\Code\thesis-code\mockito-main\mockito-core\src\test\java\org\mockitousage\annotation\DoNotMockTest.java,DoNotMockTest.java,TestClass,thrown_exception_includes_special_non_mockable_reason_static,1,0,void,public,true,false,true,true
C:\Users\simon\Documents\Code\thesis-code\mockito-main\mockito-core\src\test\java\org\mockitousage\annotation\DoNotMockTest.java,DoNotMockTest.java,TestClass,can_not_mock_class_with_custom_donotmock_annotation,1,0,void,public,true,false,true,true
C:\Users\simon\Documents\Code\thesis-code\mockito-main\mockito-core\src\test\java\org\mockitousage\annotation\DoNotMockTest.java,DoNotMockTest.java,TestClass,can_not_statically_mock_class_with_custom_donotmock_annotation,1,0,void,public,true,false,true,true
C:\Users\simon\Documents\Code\thesis-code\mockito-main\mockito-core\src\test\java\org\mockitousage\annotation\InjectionOfInlinedMockDeclarationTest.java,InjectionOfInlinedMockDeclarationTest.java,Tuner,mock_declared_fields_shall_be_injected_too,4,0,void,public,true,false,true,false
C:\Users\simon\Documents\Code\thesis-code\mockito-main\mockito-core\src\test\java\org\mockitousage\annotation\InjectionOfInlinedMockDeclarationTest.java,InjectionOfInlinedMockDeclarationTest.java,Tuner,unnamed_mocks_should_be_resolved_withe_their_field_names,2,0,void,public,true,false,true,false
C:\Users\simon\Documents\Code\thesis-code\mockito-main\mockito-core\src\test\java\org\mockitousage\annotation\InjectionOfInlinedMockDeclarationTest.java,InjectionOfInlinedMockDeclarationTest.java,Tuner,named_mocks_should_be_resolved_with_their_name,1,0,void,public,true,false,true,false
C:\Users\simon\Documents\Code\thesis-code\mockito-main\mockito-core\src\test\java\org\mockitousage\annotation\InjectionOfInlinedMockDeclarationTest.java,InjectionOfInlinedMockDeclarationTest.java,Tuner,inject_mocks_even_in_declared_spy,2,0,void,public,true,false,true,false
C:\Users\simon\Documents\Code\thesis-code\mockito-main\mockito-core\src\test\java\org\mockitousage\annotation\InjectionOfInlinedMockDeclarationTest.java,InjectionOfInlinedMockDeclarationTest.java,Tuner,tune,1,0,boolean,public,false,false,true,false
C:\Users\simon\Documents\Code\thesis-code\mockito-main\mockito-core\src\test\java\org\mockitousage\annotation\MockInjectionUsingConstructorIssue421Test.java,MockInjectionUsingConstructorIssue421Test.java,Issue421,mockJustWorks,1,0,void,public,true,false,true,false
C:\Users\simon\Documents\Code\thesis-code\mockito-main\mockito-core\src\test\java\org\mockitousage\annotation\MockInjectionUsingConstructorIssue421Test.java,MockInjectionUsingConstructorIssue421Test.java,Issue421,checkIfMockIsInjected,1,0,void,public,false,false,true,false
C:\Users\simon\Documents\Code\thesis-code\mockito-main\mockito-core\src\test\java\org\mockitousage\annotation\MockInjectionUsingConstructorTest.java,MockInjectionUsingConstructorTest.java,TestCase,before,1,0,void,public,false,false,true,true
C:\Users\simon\Documents\Code\thesis-code\mockito-main\mockito-core\src\test\java\org\mockitousage\annotation\MockInjectionUsingConstructorTest.java,MockInjectionUsingConstructorTest.java,TestCase,shouldNotFailWhenNotInitialized,1,0,void,public,true,false,true,true
C:\Users\simon\Documents\Code\thesis-code\mockito-main\mockito-core\src\test\java\org\mockitousage\annotation\MockInjectionUsingConstructorTest.java,MockInjectionUsingConstructorTest.java,TestCase,innerMockShouldRaiseAnExceptionThatChangesOuterMockBehavior,2,0,void,public,true,false,true,true
C:\Users\simon\Documents\Code\thesis-code\mockito-main\mockito-core\src\test\java\org\mockitousage\annotation\MockInjectionUsingConstructorTest.java,MockInjectionUsingConstructorTest.java,TestCase,mockJustWorks,1,0,void,public,true,false,true,true
C:\Users\simon\Documents\Code\thesis-code\mockito-main\mockito-core\src\test\java\org\mockitousage\annotation\MockInjectionUsingConstructorTest.java,MockInjectionUsingConstructorTest.java,TestCase,constructor_is_called_for_each_test_in_test_class,5,0,void,public,true,false,true,true
C:\Users\simon\Documents\Code\thesis-code\mockito-main\mockito-core\src\test\java\org\mockitousage\annotation\MockInjectionUsingConstructorTest.java,MockInjectionUsingConstructorTest.java,TestCase,objects_created_with_constructor_initialization_can_be_spied,2,0,void,public,true,false,true,true
C:\Users\simon\Documents\Code\thesis-code\mockito-main\mockito-core\src\test\java\org\mockitousage\annotation\MockInjectionUsingConstructorTest.java,MockInjectionUsingConstructorTest.java,TestCase,should_report_failure_only_when_object_initialization_throws_exception,1,0,void,public,true,false,true,true
C:\Users\simon\Documents\Code\thesis-code\mockito-main\mockito-core\src\test\java\org\mockitousage\annotation\MockInjectionUsingConstructorTest.java,MockInjectionUsingConstructorTest.java,TestCase,test_1,0,0,void,public,true,true,true,true
C:\Users\simon\Documents\Code\thesis-code\mockito-main\mockito-core\src\test\java\org\mockitousage\annotation\MockInjectionUsingConstructorTest.java,MockInjectionUsingConstructorTest.java,TestCase,test_2,0,0,void,public,true,true,true,true
C:\Users\simon\Documents\Code\thesis-code\mockito-main\mockito-core\src\test\java\org\mockitousage\annotation\MockInjectionUsingConstructorTest.java,MockInjectionUsingConstructorTest.java,TestCase,test_3,0,0,void,public,true,true,true,true
C:\Users\simon\Documents\Code\thesis-code\mockito-main\mockito-core\src\test\java\org\mockitousage\annotation\MockInjectionUsingConstructorTest.java,MockInjectionUsingConstructorTest.java,TestCase,injectMocksMustFailWithInterface,2,0,void,public,true,false,true,true
C:\Users\simon\Documents\Code\thesis-code\mockito-main\mockito-core\src\test\java\org\mockitousage\annotation\MockInjectionUsingConstructorTest.java,MockInjectionUsingConstructorTest.java,TestCase,injectMocksMustFailWithEnum,2,0,void,public,true,false,true,true
C:\Users\simon\Documents\Code\thesis-code\mockito-main\mockito-core\src\test\java\org\mockitousage\annotation\MockInjectionUsingConstructorTest.java,MockInjectionUsingConstructorTest.java,TestCase,injectMocksMustFailWithAbstractClass,2,0,void,public,true,false,true,true
C:\Users\simon\Documents\Code\thesis-code\mockito-main\mockito-core\src\test\java\org\mockitousage\annotation\MockInjectionUsingConstructorTest.java,MockInjectionUsingConstructorTest.java,TestCase,injectMocksMustFailWithNonStaticInnerClass,2,0,void,public,true,false,true,true
C:\Users\simon\Documents\Code\thesis-code\mockito-main\mockito-core\src\test\java\org\mockitousage\annotation\MockInjectionUsingConstructorTest.java,MockInjectionUsingConstructorTest.java,TestCase,injectMocksMustSucceedWithStaticInnerClass,4,0,void,public,true,false,true,true
C:\Users\simon\Documents\Code\thesis-code\mockito-main\mockito-core\src\test\java\org\mockitousage\annotation\MockInjectionUsingConstructorTest.java,MockInjectionUsingConstructorTest.java,TestCase,injectMocksMustSucceedWithInstance,5,0,void,public,true,false,true,true
C:\Users\simon\Documents\Code\thesis-code\mockito-main\mockito-core\src\test\java\org\mockitousage\annotation\MockInjectionUsingSetterOrPropertyTest.java,MockInjectionUsingSetterOrPropertyTest.java,HasTwoFieldsWithSameType,enforces_new_instances,1,0,void,public,false,false,true,false
C:\Users\simon\Documents\Code\thesis-code\mockito-main\mockito-core\src\test\java\org\mockitousage\annotation\MockInjectionUsingSetterOrPropertyTest.java,MockInjectionUsingSetterOrPropertyTest.java,HasTwoFieldsWithSameType,close_new_instances,1,0,void,public,false,false,true,false
C:\Users\simon\Documents\Code\thesis-code\mockito-main\mockito-core\src\test\java\org\mockitousage\annotation\MockInjectionUsingSetterOrPropertyTest.java,MockInjectionUsingSetterOrPropertyTest.java,HasTwoFieldsWithSameType,should_keep_same_instance_if_field_initialized,1,0,void,public,true,false,true,false
C:\Users\simon\Documents\Code\thesis-code\mockito-main\mockito-core\src\test\java\org\mockitousage\annotation\MockInjectionUsingSetterOrPropertyTest.java,MockInjectionUsingSetterOrPropertyTest.java,HasTwoFieldsWithSameType,should_initialize_annotated_field_if_null,1,0,void,public,true,false,true,false
C:\Users\simon\Documents\Code\thesis-code\mockito-main\mockito-core\src\test\java\org\mockitousage\annotation\MockInjectionUsingSetterOrPropertyTest.java,MockInjectionUsingSetterOrPropertyTest.java,HasTwoFieldsWithSameType,should_inject_mocks_in_spy,2,0,void,public,true,false,true,false
C:\Users\simon\Documents\Code\thesis-code\mockito-main\mockito-core\src\test\java\org\mockitousage\annotation\MockInjectionUsingSetterOrPropertyTest.java,MockInjectionUsingSetterOrPropertyTest.java,HasTwoFieldsWithSameType,should_initialize_spy_if_null_and_inject_mocks,3,0,void,public,true,false,true,false
C:\Users\simon\Documents\Code\thesis-code\mockito-main\mockito-core\src\test\java\org\mockitousage\annotation\MockInjectionUsingSetterOrPropertyTest.java,MockInjectionUsingSetterOrPropertyTest.java,HasTwoFieldsWithSameType,should_inject_mocks_if_annotated,2,0,void,public,true,false,true,false
C:\Users\simon\Documents\Code\thesis-code\mockito-main\mockito-core\src\test\java\org\mockitousage\annotation\MockInjectionUsingSetterOrPropertyTest.java,MockInjectionUsingSetterOrPropertyTest.java,HasTwoFieldsWithSameType,should_not_inject_if_not_annotated,2,0,void,public,true,false,true,false
C:\Users\simon\Documents\Code\thesis-code\mockito-main\mockito-core\src\test\java\org\mockitousage\annotation\MockInjectionUsingSetterOrPropertyTest.java,MockInjectionUsingSetterOrPropertyTest.java,HasTwoFieldsWithSameType,should_inject_mocks_for_class_hierarchy_if_annotated,3,0,void,public,true,false,true,false
C:\Users\simon\Documents\Code\thesis-code\mockito-main\mockito-core\src\test\java\org\mockitousage\annotation\MockInjectionUsingSetterOrPropertyTest.java,MockInjectionUsingSetterOrPropertyTest.java,HasTwoFieldsWithSameType,should_inject_mocks_by_name,3,0,void,public,true,false,true,false
C:\Users\simon\Documents\Code\thesis-code\mockito-main\mockito-core\src\test\java\org\mockitousage\annotation\MockInjectionUsingSetterOrPropertyTest.java,MockInjectionUsingSetterOrPropertyTest.java,HasTwoFieldsWithSameType,should_inject_spies,2,0,void,public,true,false,true,false
C:\Users\simon\Documents\Code\thesis-code\mockito-main\mockito-core\src\test\java\org\mockitousage\annotation\MockInjectionUsingSetterOrPropertyTest.java,MockInjectionUsingSetterOrPropertyTest.java,HasTwoFieldsWithSameType,should_insert_into_field_with_matching_name_when_multiple_fields_of_same_type_exists_in_injectee,3,0,void,public,true,false,true,false
C:\Users\simon\Documents\Code\thesis-code\mockito-main\mockito-core\src\test\java\org\mockitousage\annotation\MockInjectionUsingSetterOrPropertyTest.java,MockInjectionUsingSetterOrPropertyTest.java,HasTwoFieldsWithSameType,should_instantiate_inject_mock_field_if_possible,1,0,void,public,true,false,true,false
C:\Users\simon\Documents\Code\thesis-code\mockito-main\mockito-core\src\test\java\org\mockitousage\annotation\MockInjectionUsingSetterOrPropertyTest.java,MockInjectionUsingSetterOrPropertyTest.java,HasTwoFieldsWithSameType,should_keep_instance_on_inject_mock_field_if_present,1,0,void,public,true,false,true,false
C:\Users\simon\Documents\Code\thesis-code\mockito-main\mockito-core\src\test\java\org\mockitousage\annotation\MockInjectionUsingSetterOrPropertyTest.java,MockInjectionUsingSetterOrPropertyTest.java,HasTwoFieldsWithSameType,should_report_nicely,2,0,void,public,true,false,true,false
C:\Users\simon\Documents\Code\thesis-code\mockito-main\mockito-core\src\test\java\org\mockitousage\annotation\MockInjectionUsingSetterOrPropertyTest.java,MockInjectionUsingSetterOrPropertyTest.java,HasTwoFieldsWithSameType,getAList,1,0,List<?>,public,false,false,true,false
C:\Users\simon\Documents\Code\thesis-code\mockito-main\mockito-core\src\test\java\org\mockitousage\annotation\MockInjectionUsingSetterOrPropertyTest.java,MockInjectionUsingSetterOrPropertyTest.java,HasTwoFieldsWithSameType,getAMap,1,0,"Map<?, ?>",public,false,false,true,false
C:\Users\simon\Documents\Code\thesis-code\mockito-main\mockito-core\src\test\java\org\mockitousage\annotation\MockInjectionUsingSetterOrPropertyTest.java,MockInjectionUsingSetterOrPropertyTest.java,HasTwoFieldsWithSameType,getSearchTree,1,0,TreeSet<?>,public,false,false,true,false
C:\Users\simon\Documents\Code\thesis-code\mockito-main\mockito-core\src\test\java\org\mockitousage\annotation\MockInjectionUsingSetterOrPropertyTest.java,MockInjectionUsingSetterOrPropertyTest.java,HasTwoFieldsWithSameType,getHistogram1,1,0,Set<?>,public,false,false,true,false
C:\Users\simon\Documents\Code\thesis-code\mockito-main\mockito-core\src\test\java\org\mockitousage\annotation\MockInjectionUsingSetterOrPropertyTest.java,MockInjectionUsingSetterOrPropertyTest.java,HasTwoFieldsWithSameType,getHistogram2,1,0,Set<?>,public,false,false,true,false
C:\Users\simon\Documents\Code\thesis-code\mockito-main\mockito-core\src\test\java\org\mockitousage\annotation\SpyAnnotationInitializedInBaseClassTest.java,SpyAnnotationInitializedInBaseClassTest.java,SubTest,shouldInitSpiesInBaseClass,3,0,void,public,true,false,true,true
C:\Users\simon\Documents\Code\thesis-code\mockito-main\mockito-core\src\test\java\org\mockitousage\annotation\SpyAnnotationInitializedInBaseClassTest.java,SpyAnnotationInitializedInBaseClassTest.java,SubTest,init,0,0,void,public,false,false,true,true
C:\Users\simon\Documents\Code\thesis-code\mockito-main\mockito-core\src\test\java\org\mockitousage\annotation\SpyAnnotationInitializedInBaseClassTest.java,SpyAnnotationInitializedInBaseClassTest.java,SubTest,before,1,0,void,public,false,false,true,true
C:\Users\simon\Documents\Code\thesis-code\mockito-main\mockito-core\src\test\java\org\mockitousage\annotation\SpyAnnotationInitializedInBaseClassTest.java,SpyAnnotationInitializedInBaseClassTest.java,SubTest,shouldInitSpiesInHierarchy,2,0,void,public,true,false,true,true
C:\Users\simon\Documents\Code\thesis-code\mockito-main\mockito-core\src\test\java\org\mockitousage\annotation\SpyAnnotationTest.java,SpyAnnotationTest.java,MockTranslator,should_init_spy_by_instance,3,0,void,public,true,false,true,false
C:\Users\simon\Documents\Code\thesis-code\mockito-main\mockito-core\src\test\java\org\mockitousage\annotation\SpyAnnotationTest.java,SpyAnnotationTest.java,MockTranslator,should_init_spy_and_automatically_create_instance,4,0,void,public,true,false,true,false
C:\Users\simon\Documents\Code\thesis-code\mockito-main\mockito-core\src\test\java\org\mockitousage\annotation\SpyAnnotationTest.java,SpyAnnotationTest.java,MockTranslator,should_allow_spying_on_interfaces,5,0,void,public,true,false,true,false
C:\Users\simon\Documents\Code\thesis-code\mockito-main\mockito-core\src\test\java\org\mockitousage\annotation\SpyAnnotationTest.java,SpyAnnotationTest.java,MockTranslator,should_allow_spying_on_interfaces_when_instance_is_concrete,4,0,void,public,true,false,true,false
C:\Users\simon\Documents\Code\thesis-code\mockito-main\mockito-core\src\test\java\org\mockitousage\annotation\SpyAnnotationTest.java,SpyAnnotationTest.java,MockTranslator,should_report_when_no_arg_less_constructor,2,0,void,public,true,false,true,false
C:\Users\simon\Documents\Code\thesis-code\mockito-main\mockito-core\src\test\java\org\mockitousage\annotation\SpyAnnotationTest.java,SpyAnnotationTest.java,MockTranslator,should_report_when_constructor_is_explosive,2,0,void,public,true,false,true,false
C:\Users\simon\Documents\Code\thesis-code\mockito-main\mockito-core\src\test\java\org\mockitousage\annotation\SpyAnnotationTest.java,SpyAnnotationTest.java,MockTranslator,should_spy_abstract_class,4,0,void,public,true,false,true,false
C:\Users\simon\Documents\Code\thesis-code\mockito-main\mockito-core\src\test\java\org\mockitousage\annotation\SpyAnnotationTest.java,SpyAnnotationTest.java,MockTranslator,asSingletonList,3,1,List<String>,,false,false,true,false
C:\Users\simon\Documents\Code\thesis-code\mockito-main\mockito-core\src\test\java\org\mockitousage\annotation\SpyAnnotationTest.java,SpyAnnotationTest.java,MockTranslator,should_spy_inner_class,5,0,void,public,true,false,true,false
C:\Users\simon\Documents\Code\thesis-code\mockito-main\mockito-core\src\test\java\org\mockitousage\annotation\SpyAnnotationTest.java,SpyAnnotationTest.java,MockTranslator,strength,0,0,String,abstract,false,false,true,false
C:\Users\simon\Documents\Code\thesis-code\mockito-main\mockito-core\src\test\java\org\mockitousage\annotation\SpyAnnotationTest.java,SpyAnnotationTest.java,MockTranslator,fullStrength,1,0,String,,false,false,true,false
C:\Users\simon\Documents\Code\thesis-code\mockito-main\mockito-core\src\test\java\org\mockitousage\annotation\SpyAnnotationTest.java,SpyAnnotationTest.java,MockTranslator,should_reset_spy,1,0,void,public,true,false,true,false
C:\Users\simon\Documents\Code\thesis-code\mockito-main\mockito-core\src\test\java\org\mockitousage\annotation\SpyAnnotationTest.java,SpyAnnotationTest.java,MockTranslator,should_report_when_enclosing_instance_is_needed,3,0,void,public,true,false,true,false
C:\Users\simon\Documents\Code\thesis-code\mockito-main\mockito-core\src\test\java\org\mockitousage\annotation\SpyAnnotationTest.java,SpyAnnotationTest.java,MockTranslator,should_spy_private_inner,5,0,void,public,true,false,true,false
C:\Users\simon\Documents\Code\thesis-code\mockito-main\mockito-core\src\test\java\org\mockitousage\annotation\SpyAnnotationTest.java,SpyAnnotationTest.java,MockTranslator,should_report_private_inner_not_supported,2,0,void,public,true,false,true,false
C:\Users\simon\Documents\Code\thesis-code\mockito-main\mockito-core\src\test\java\org\mockitousage\annotation\SpyAnnotationTest.java,SpyAnnotationTest.java,MockTranslator,should_report_private_abstract_inner_not_supported,1,0,void,public,true,false,true,false
C:\Users\simon\Documents\Code\thesis-code\mockito-main\mockito-core\src\test\java\org\mockitousage\annotation\SpyAnnotationTest.java,SpyAnnotationTest.java,MockTranslator,should_report_private_static_abstract_inner_not_supported,1,0,void,public,true,false,true,false
C:\Users\simon\Documents\Code\thesis-code\mockito-main\mockito-core\src\test\java\org\mockitousage\annotation\SpyAnnotationTest.java,SpyAnnotationTest.java,MockTranslator,should_be_able_to_stub_and_verify_via_varargs_for_list_params,4,0,void,public,true,false,true,false
C:\Users\simon\Documents\Code\thesis-code\mockito-main\mockito-core\src\test\java\org\mockitousage\annotation\SpyAnnotationTest.java,SpyAnnotationTest.java,MockTranslator,should_be_able_to_stub_and_verify_via_varargs_of_matchers_for_list_params,5,0,void,public,true,false,true,false
C:\Users\simon\Documents\Code\thesis-code\mockito-main\mockito-core\src\test\java\org\mockitousage\annotation\SpyAnnotationTest.java,SpyAnnotationTest.java,MockTranslator,some_method,1,0,void,public,false,false,true,false
C:\Users\simon\Documents\Code\thesis-code\mockito-main\mockito-core\src\test\java\org\mockitousage\annotation\SpyAnnotationTest.java,SpyAnnotationTest.java,MockTranslator,lenght,1,0,int,,false,false,true,false
C:\Users\simon\Documents\Code\thesis-code\mockito-main\mockito-core\src\test\java\org\mockitousage\annotation\SpyAnnotationTest.java,SpyAnnotationTest.java,MockTranslator,translate,0,1,List<String>,,false,false,true,false
C:\Users\simon\Documents\Code\thesis-code\mockito-main\mockito-core\src\test\java\org\mockitousage\annotation\SpyAnnotationTest.java,SpyAnnotationTest.java,MockTranslator,translate,1,1,List<String>,public; final,false,false,true,false
C:\Users\simon\Documents\Code\thesis-code\mockito-main\mockito-core\src\test\java\org\mockitousage\annotation\SpyAnnotationTest.java,SpyAnnotationTest.java,MockTranslator,translate,0,1,List<String>,abstract,false,false,true,false
C:\Users\simon\Documents\Code\thesis-code\mockito-main\mockito-core\src\test\java\org\mockitousage\annotation\SpyInjectionTest.java,SpyInjectionTest.java,HasSpy,setSpy,1,1,void,public,false,false,true,false
C:\Users\simon\Documents\Code\thesis-code\mockito-main\mockito-core\src\test\java\org\mockitousage\annotation\SpyInjectionTest.java,SpyInjectionTest.java,HasSpy,shouldDoStuff,1,0,void,public,true,false,true,false
C:\Users\simon\Documents\Code\thesis-code\mockito-main\mockito-core\src\test\java\org\mockitousage\annotation\WrongSetOfAnnotationsTest.java,WrongSetOfAnnotationsTest.java,WithDependency,should_not_allow_Mock_and_Spy,1,0,void,public,true,false,true,false
C:\Users\simon\Documents\Code\thesis-code\mockito-main\mockito-core\src\test\java\org\mockitousage\annotation\WrongSetOfAnnotationsTest.java,WrongSetOfAnnotationsTest.java,WithDependency,should_not_allow_Spy_and_InjectMocks_on_interfaces,1,0,void,public,true,false,true,false
C:\Users\simon\Documents\Code\thesis-code\mockito-main\mockito-core\src\test\java\org\mockitousage\annotation\WrongSetOfAnnotationsTest.java,WrongSetOfAnnotationsTest.java,WithDependency,should_allow_Spy_and_InjectMocks,1,0,void,public,true,false,true,false
C:\Users\simon\Documents\Code\thesis-code\mockito-main\mockito-core\src\test\java\org\mockitousage\annotation\WrongSetOfAnnotationsTest.java,WrongSetOfAnnotationsTest.java,WithDependency,should_not_allow_Mock_and_InjectMocks,1,0,void,public,true,false,true,false
C:\Users\simon\Documents\Code\thesis-code\mockito-main\mockito-core\src\test\java\org\mockitousage\annotation\WrongSetOfAnnotationsTest.java,WrongSetOfAnnotationsTest.java,WithDependency,should_not_allow_Captor_and_Mock,1,0,void,public,true,false,true,false
C:\Users\simon\Documents\Code\thesis-code\mockito-main\mockito-core\src\test\java\org\mockitousage\annotation\WrongSetOfAnnotationsTest.java,WrongSetOfAnnotationsTest.java,WithDependency,should_not_allow_Captor_and_Spy,1,0,void,public,true,false,true,false
C:\Users\simon\Documents\Code\thesis-code\mockito-main\mockito-core\src\test\java\org\mockitousage\annotation\WrongSetOfAnnotationsTest.java,WrongSetOfAnnotationsTest.java,WithDependency,should_not_allow_Captor_and_InjectMocks,1,0,void,public,true,false,true,false
C:\Users\simon\Documents\Code\thesis-code\mockito-main\mockito-core\src\test\java\org\mockitousage\basicapi\MockAccessTest.java,MockAccessTest.java,MockAccessTest,shouldAllowStubbedMockReferenceAccess,3,0,void,public,true,false,true,true
C:\Users\simon\Documents\Code\thesis-code\mockito-main\mockito-core\src\test\java\org\mockitousage\basicapi\MockAccessTest.java,MockAccessTest.java,MockAccessTest,stubbedMockShouldWorkAsUsual,3,0,void,public,true,false,true,true
C:\Users\simon\Documents\Code\thesis-code\mockito-main\mockito-core\src\test\java\org\mockitousage\basicapi\MockingMultipleInterfacesTest.java,MockingMultipleInterfacesTest.java,IBar,should_allow_multiple_interfaces,3,0,void,public,true,false,true,false
C:\Users\simon\Documents\Code\thesis-code\mockito-main\mockito-core\src\test\java\org\mockitousage\basicapi\MockingMultipleInterfacesTest.java,MockingMultipleInterfacesTest.java,IBar,should_scream_when_null_passed_instead_of_an_interface,1,0,void,public,true,false,true,false
C:\Users\simon\Documents\Code\thesis-code\mockito-main\mockito-core\src\test\java\org\mockitousage\basicapi\MockingMultipleInterfacesTest.java,MockingMultipleInterfacesTest.java,IBar,should_scream_when_no_args_passed,1,0,void,public,true,false,true,false
C:\Users\simon\Documents\Code\thesis-code\mockito-main\mockito-core\src\test\java\org\mockitousage\basicapi\MockingMultipleInterfacesTest.java,MockingMultipleInterfacesTest.java,IBar,should_scream_when_null_passed_instead_of_an_array,1,0,void,public,true,false,true,false
C:\Users\simon\Documents\Code\thesis-code\mockito-main\mockito-core\src\test\java\org\mockitousage\basicapi\MockingMultipleInterfacesTest.java,MockingMultipleInterfacesTest.java,IBar,should_scream_when_non_interface_passed,1,0,void,public,true,false,true,false
C:\Users\simon\Documents\Code\thesis-code\mockito-main\mockito-core\src\test\java\org\mockitousage\basicapi\MockingMultipleInterfacesTest.java,MockingMultipleInterfacesTest.java,IBar,should_scream_when_the_same_interfaces_passed,1,0,void,public,true,false,true,false
C:\Users\simon\Documents\Code\thesis-code\mockito-main\mockito-core\src\test\java\org\mockitousage\basicapi\MockingMultipleInterfacesTest.java,MockingMultipleInterfacesTest.java,IBar,should_mock_class_with_interfaces_of_different_class_loader_AND_different_classpaths,4,0,void,public,true,false,true,false
C:\Users\simon\Documents\Code\thesis-code\mockito-main\mockito-core\src\test\java\org\mockitousage\basicapi\MocksCreationTest.java,MocksCreationTest.java,Foo,should_create_mock_when_constructor_is_private,1,0,void,public,true,false,true,false
C:\Users\simon\Documents\Code\thesis-code\mockito-main\mockito-core\src\test\java\org\mockitousage\basicapi\MocksCreationTest.java,MocksCreationTest.java,Foo,should_combine_mock_name_and_smart_nulls,5,0,void,public,true,false,true,false
C:\Users\simon\Documents\Code\thesis-code\mockito-main\mockito-core\src\test\java\org\mockitousage\basicapi\MocksCreationTest.java,MocksCreationTest.java,Foo,should_combine_mock_name_and_extra_interfaces,4,0,void,public,true,false,true,false
C:\Users\simon\Documents\Code\thesis-code\mockito-main\mockito-core\src\test\java\org\mockitousage\basicapi\MocksCreationTest.java,MocksCreationTest.java,Foo,should_specify_mock_name_via_settings,3,0,void,public,true,false,true,false
C:\Users\simon\Documents\Code\thesis-code\mockito-main\mockito-core\src\test\java\org\mockitousage\basicapi\MocksCreationTest.java,MocksCreationTest.java,Foo,should_scream_when_spy_created_with_wrong_type,2,0,void,public,true,false,true,false
C:\Users\simon\Documents\Code\thesis-code\mockito-main\mockito-core\src\test\java\org\mockitousage\basicapi\MocksCreationTest.java,MocksCreationTest.java,Foo,should_allow_creating_spies_with_correct_type,2,0,void,public,true,false,true,false
C:\Users\simon\Documents\Code\thesis-code\mockito-main\mockito-core\src\test\java\org\mockitousage\basicapi\MocksCreationTest.java,MocksCreationTest.java,Foo,should_allow_inline_mock_creation,1,0,void,public,true,false,true,false
C:\Users\simon\Documents\Code\thesis-code\mockito-main\mockito-core\src\test\java\org\mockitousage\basicapi\MocksCreationTest.java,MocksCreationTest.java,Foo,should_strip_annotations,4,0,void,public,true,false,true,false
C:\Users\simon\Documents\Code\thesis-code\mockito-main\mockito-core\src\test\java\org\mockitousage\basicapi\MocksSerializationForAnnotationTest.java,MocksSerializationForAnnotationTest.java,SerializableSample,should_allow_throws_exception_to_be_serializable,2,0,void,public,true,false,true,false
C:\Users\simon\Documents\Code\thesis-code\mockito-main\mockito-core\src\test\java\org\mockitousage\basicapi\MocksSerializationForAnnotationTest.java,MocksSerializationForAnnotationTest.java,SerializableSample,should_allow_mock_to_be_serializable,1,0,void,public,true,false,true,false
C:\Users\simon\Documents\Code\thesis-code\mockito-main\mockito-core\src\test\java\org\mockitousage\basicapi\MocksSerializationForAnnotationTest.java,MocksSerializationForAnnotationTest.java,SerializableSample,should_allow_mock_of_parameterized_type_to_be_serializable,1,0,void,public,true,false,true,false
C:\Users\simon\Documents\Code\thesis-code\mockito-main\mockito-core\src\test\java\org\mockitousage\basicapi\MocksSerializationForAnnotationTest.java,MocksSerializationForAnnotationTest.java,SerializableSample,should_allow_mock_and_boolean_value_to_serializable,4,0,void,public,true,false,true,false
C:\Users\simon\Documents\Code\thesis-code\mockito-main\mockito-core\src\test\java\org\mockitousage\basicapi\MocksSerializationForAnnotationTest.java,MocksSerializationForAnnotationTest.java,SerializableSample,should_allow_mock_and_string_value_to_be_serializable,5,0,void,public,true,false,true,false
C:\Users\simon\Documents\Code\thesis-code\mockito-main\mockito-core\src\test\java\org\mockitousage\basicapi\MocksSerializationForAnnotationTest.java,MocksSerializationForAnnotationTest.java,SerializableSample,should_all_mock_and_serializable_value_to_be_serialized,5,0,void,public,true,false,true,false
C:\Users\simon\Documents\Code\thesis-code\mockito-main\mockito-core\src\test\java\org\mockitousage\basicapi\MocksSerializationForAnnotationTest.java,MocksSerializationForAnnotationTest.java,SerializableSample,should_serialize_method_call_with_parameters_that_are_serializable,5,0,void,public,true,false,true,false
C:\Users\simon\Documents\Code\thesis-code\mockito-main\mockito-core\src\test\java\org\mockitousage\basicapi\MocksSerializationForAnnotationTest.java,MocksSerializationForAnnotationTest.java,SerializableSample,should_serialize_method_calls_using_any_string_matcher,5,0,void,public,true,false,true,false
C:\Users\simon\Documents\Code\thesis-code\mockito-main\mockito-core\src\test\java\org\mockitousage\basicapi\MocksSerializationForAnnotationTest.java,MocksSerializationForAnnotationTest.java,SerializableSample,should_verify_called_n_times_for_serialized_mock,6,0,void,public,true,false,true,false
C:\Users\simon\Documents\Code\thesis-code\mockito-main\mockito-core\src\test\java\org\mockitousage\basicapi\MocksSerializationForAnnotationTest.java,MocksSerializationForAnnotationTest.java,SerializableSample,should_verify_even_if_some_methods_called_after_serialization,5,0,void,public,true,false,true,false
C:\Users\simon\Documents\Code\thesis-code\mockito-main\mockito-core\src\test\java\org\mockitousage\basicapi\MocksSerializationForAnnotationTest.java,MocksSerializationForAnnotationTest.java,SerializableSample,doSomething,1,0,Foo,public,false,false,true,false
C:\Users\simon\Documents\Code\thesis-code\mockito-main\mockito-core\src\test\java\org\mockitousage\basicapi\MocksSerializationForAnnotationTest.java,MocksSerializationForAnnotationTest.java,SerializableSample,should_serialization_work,3,0,void,public,true,false,true,false
C:\Users\simon\Documents\Code\thesis-code\mockito-main\mockito-core\src\test\java\org\mockitousage\basicapi\MocksSerializationForAnnotationTest.java,MocksSerializationForAnnotationTest.java,SerializableSample,should_stub_even_if_some_methods_called_after_serialization,6,0,void,public,true,false,true,false
C:\Users\simon\Documents\Code\thesis-code\mockito-main\mockito-core\src\test\java\org\mockitousage\basicapi\MocksSerializationForAnnotationTest.java,MocksSerializationForAnnotationTest.java,SerializableSample,should_verify_call_order_for_serialized_mock,9,0,void,public,true,false,true,false
C:\Users\simon\Documents\Code\thesis-code\mockito-main\mockito-core\src\test\java\org\mockitousage\basicapi\MocksSerializationForAnnotationTest.java,MocksSerializationForAnnotationTest.java,SerializableSample,should_remember_interactions_for_serialized_mock,6,0,void,public,true,false,true,false
C:\Users\simon\Documents\Code\thesis-code\mockito-main\mockito-core\src\test\java\org\mockitousage\basicapi\MocksSerializationForAnnotationTest.java,MocksSerializationForAnnotationTest.java,SerializableSample,should_serialize_with_stubbing_callback,6,0,void,public,true,false,true,false
C:\Users\simon\Documents\Code\thesis-code\mockito-main\mockito-core\src\test\java\org\mockitousage\basicapi\MocksSerializationForAnnotationTest.java,MocksSerializationForAnnotationTest.java,SerializableSample,answer,3,1,Object,public,false,false,true,false
C:\Users\simon\Documents\Code\thesis-code\mockito-main\mockito-core\src\test\java\org\mockitousage\basicapi\MocksSerializationForAnnotationTest.java,MocksSerializationForAnnotationTest.java,SerializableSample,should_serialize_with_real_object_spy,6,0,void,public,true,false,true,false
C:\Users\simon\Documents\Code\thesis-code\mockito-main\mockito-core\src\test\java\org\mockitousage\basicapi\MocksSerializationForAnnotationTest.java,MocksSerializationForAnnotationTest.java,SerializableSample,should_serialize_object_mock,2,0,void,public,true,false,true,false
C:\Users\simon\Documents\Code\thesis-code\mockito-main\mockito-core\src\test\java\org\mockitousage\basicapi\MocksSerializationForAnnotationTest.java,MocksSerializationForAnnotationTest.java,SerializableSample,should_serialize_real_partial_mock,4,0,void,public,true,false,true,false
C:\Users\simon\Documents\Code\thesis-code\mockito-main\mockito-core\src\test\java\org\mockitousage\basicapi\MocksSerializationForAnnotationTest.java,MocksSerializationForAnnotationTest.java,SerializableSample,should_serialize_already_serializable_class,3,0,void,public,true,false,true,false
C:\Users\simon\Documents\Code\thesis-code\mockito-main\mockito-core\src\test\java\org\mockitousage\basicapi\MocksSerializationForAnnotationTest.java,MocksSerializationForAnnotationTest.java,SerializableSample,should_be_serialize_and_have_extra_interfaces,1,0,void,public,true,false,true,false
C:\Users\simon\Documents\Code\thesis-code\mockito-main\mockito-core\src\test\java\org\mockitousage\basicapi\MocksSerializationForAnnotationTest.java,MocksSerializationForAnnotationTest.java,SerializableSample,should_be_able_to_serialize_type_that_implements_Serializable_but_but_dont_declare_a_no_arg_constructor,3,0,void,public,true,false,true,false
C:\Users\simon\Documents\Code\thesis-code\mockito-main\mockito-core\src\test\java\org\mockitousage\basicapi\MocksSerializationForAnnotationTest.java,MocksSerializationForAnnotationTest.java,SerializableSample,foo,1,0,String,public,false,false,true,false
C:\Users\simon\Documents\Code\thesis-code\mockito-main\mockito-core\src\test\java\org\mockitousage\basicapi\MocksSerializationTest.java,MocksSerializationTest.java,SerializableClass,should_allow_throws_exception_to_be_serializable,2,0,void,public,true,false,true,false
C:\Users\simon\Documents\Code\thesis-code\mockito-main\mockito-core\src\test\java\org\mockitousage\basicapi\MocksSerializationTest.java,MocksSerializationTest.java,SerializableClass,should_allow_method_delegation,4,0,void,public,true,false,true,false
C:\Users\simon\Documents\Code\thesis-code\mockito-main\mockito-core\src\test\java\org\mockitousage\basicapi\MocksSerializationTest.java,MocksSerializationTest.java,SerializableClass,should_allow_mock_to_be_serializable,2,0,void,public,true,false,true,false
C:\Users\simon\Documents\Code\thesis-code\mockito-main\mockito-core\src\test\java\org\mockitousage\basicapi\MocksSerializationTest.java,MocksSerializationTest.java,SerializableClass,should_allow_mock_and_boolean_value_to_serializable,5,0,void,public,true,false,true,false
C:\Users\simon\Documents\Code\thesis-code\mockito-main\mockito-core\src\test\java\org\mockitousage\basicapi\MocksSerializationTest.java,MocksSerializationTest.java,SerializableClass,should_allow_mock_and_string_value_to_be_serializable,6,0,void,public,true,false,true,false
C:\Users\simon\Documents\Code\thesis-code\mockito-main\mockito-core\src\test\java\org\mockitousage\basicapi\MocksSerializationTest.java,MocksSerializationTest.java,SerializableClass,should_all_mock_and_serializable_value_to_be_serialized,6,0,void,public,true,false,true,false
C:\Users\simon\Documents\Code\thesis-code\mockito-main\mockito-core\src\test\java\org\mockitousage\basicapi\MocksSerializationTest.java,MocksSerializationTest.java,SerializableClass,should_serialize_method_call_with_parameters_that_are_serializable,6,0,void,public,true,false,true,false
C:\Users\simon\Documents\Code\thesis-code\mockito-main\mockito-core\src\test\java\org\mockitousage\basicapi\MocksSerializationTest.java,MocksSerializationTest.java,SerializableClass,should_serialize_method_calls_using_any_string_matcher,6,0,void,public,true,false,true,false
C:\Users\simon\Documents\Code\thesis-code\mockito-main\mockito-core\src\test\java\org\mockitousage\basicapi\MocksSerializationTest.java,MocksSerializationTest.java,SerializableClass,should_verify_called_n_times_for_serialized_mock,7,0,void,public,true,false,true,false
C:\Users\simon\Documents\Code\thesis-code\mockito-main\mockito-core\src\test\java\org\mockitousage\basicapi\MocksSerializationTest.java,MocksSerializationTest.java,SerializableClass,should_verify_even_if_some_methods_called_after_serialization,6,0,void,public,true,false,true,false
C:\Users\simon\Documents\Code\thesis-code\mockito-main\mockito-core\src\test\java\org\mockitousage\basicapi\MocksSerializationTest.java,MocksSerializationTest.java,SerializableClass,doSomething,1,0,Foo,public,false,false,true,false
C:\Users\simon\Documents\Code\thesis-code\mockito-main\mockito-core\src\test\java\org\mockitousage\basicapi\MocksSerializationTest.java,MocksSerializationTest.java,SerializableClass,should_serialization_work,3,0,void,public,true,false,true,false
C:\Users\simon\Documents\Code\thesis-code\mockito-main\mockito-core\src\test\java\org\mockitousage\basicapi\MocksSerializationTest.java,MocksSerializationTest.java,SerializableClass,should_stub_even_if_some_methods_called_after_serialization,7,0,void,public,true,false,true,false
C:\Users\simon\Documents\Code\thesis-code\mockito-main\mockito-core\src\test\java\org\mockitousage\basicapi\MocksSerializationTest.java,MocksSerializationTest.java,SerializableClass,should_verify_call_order_for_serialized_mock,11,0,void,public,true,false,true,false
C:\Users\simon\Documents\Code\thesis-code\mockito-main\mockito-core\src\test\java\org\mockitousage\basicapi\MocksSerializationTest.java,MocksSerializationTest.java,SerializableClass,should_remember_interactions_for_serialized_mock,7,0,void,public,true,false,true,false
C:\Users\simon\Documents\Code\thesis-code\mockito-main\mockito-core\src\test\java\org\mockitousage\basicapi\MocksSerializationTest.java,MocksSerializationTest.java,SerializableClass,should_serialize_with_stubbing_callback,7,0,void,public,true,false,true,false
C:\Users\simon\Documents\Code\thesis-code\mockito-main\mockito-core\src\test\java\org\mockitousage\basicapi\MocksSerializationTest.java,MocksSerializationTest.java,SerializableClass,answer,3,1,Object,public,false,false,true,false
C:\Users\simon\Documents\Code\thesis-code\mockito-main\mockito-core\src\test\java\org\mockitousage\basicapi\MocksSerializationTest.java,MocksSerializationTest.java,SerializableClass,should_serialize_with_real_object_spy,6,0,void,public,true,false,true,false
C:\Users\simon\Documents\Code\thesis-code\mockito-main\mockito-core\src\test\java\org\mockitousage\basicapi\MocksSerializationTest.java,MocksSerializationTest.java,SerializableClass,should_serialize_object_mock,3,0,void,public,true,false,true,false
C:\Users\simon\Documents\Code\thesis-code\mockito-main\mockito-core\src\test\java\org\mockitousage\basicapi\MocksSerializationTest.java,MocksSerializationTest.java,SerializableClass,should_serialize_real_partial_mock,5,0,void,public,true,false,true,false
C:\Users\simon\Documents\Code\thesis-code\mockito-main\mockito-core\src\test\java\org\mockitousage\basicapi\MocksSerializationTest.java,MocksSerializationTest.java,SerializableClass,should_serialize_already_serializable_class,4,0,void,public,true,false,true,false
C:\Users\simon\Documents\Code\thesis-code\mockito-main\mockito-core\src\test\java\org\mockitousage\basicapi\MocksSerializationTest.java,MocksSerializationTest.java,SerializableClass,should_be_serialize_and_have_extra_interfaces,4,0,void,public,true,false,true,false
C:\Users\simon\Documents\Code\thesis-code\mockito-main\mockito-core\src\test\java\org\mockitousage\basicapi\MocksSerializationTest.java,MocksSerializationTest.java,SerializableClass,should_be_able_to_serialize_type_that_implements_Serializable_but_but_dont_declare_a_no_arg_constructor,1,0,void,public,true,false,true,false
C:\Users\simon\Documents\Code\thesis-code\mockito-main\mockito-core\src\test\java\org\mockitousage\basicapi\MocksSerializationTest.java,MocksSerializationTest.java,SerializableClass,returningSomething,1,0,List,,false,false,true,false
C:\Users\simon\Documents\Code\thesis-code\mockito-main\mockito-core\src\test\java\org\mockitousage\basicapi\MocksSerializationTest.java,MocksSerializationTest.java,SerializableClass,private_constructor_currently_not_supported_at_the_moment_at_deserialization_time,2,0,void,public,true,false,true,false
C:\Users\simon\Documents\Code\thesis-code\mockito-main\mockito-core\src\test\java\org\mockitousage\basicapi\MocksSerializationTest.java,MocksSerializationTest.java,SerializableClass,BUG_ISSUE_399_try_some_mocks_with_current_answers,3,0,void,public,true,false,true,false
C:\Users\simon\Documents\Code\thesis-code\mockito-main\mockito-core\src\test\java\org\mockitousage\basicapi\MocksSerializationTest.java,MocksSerializationTest.java,SerializableClass,foo,1,0,String,public,false,false,true,false
C:\Users\simon\Documents\Code\thesis-code\mockito-main\mockito-core\src\test\java\org\mockitousage\basicapi\ObjectsSerializationTest.java,ObjectsSerializationTest.java,Foo,shouldSerializationWork,3,0,void,public,true,false,true,false
C:\Users\simon\Documents\Code\thesis-code\mockito-main\mockito-core\src\test\java\org\mockitousage\basicapi\ReplacingObjectMethodsTest.java,ReplacingObjectMethodsTest.java,ObjectMethodsOverriddenSubclass,shouldProvideMockyImplementationOfToString,4,0,void,public,true,false,true,false
C:\Users\simon\Documents\Code\thesis-code\mockito-main\mockito-core\src\test\java\org\mockitousage\basicapi\ReplacingObjectMethodsTest.java,ReplacingObjectMethodsTest.java,ObjectMethodsOverriddenSubclass,shouldReplaceObjectMethods,6,0,void,public,true,false,true,false
C:\Users\simon\Documents\Code\thesis-code\mockito-main\mockito-core\src\test\java\org\mockitousage\basicapi\ReplacingObjectMethodsTest.java,ReplacingObjectMethodsTest.java,ObjectMethodsOverriddenSubclass,shouldReplaceObjectMethodsWhenOverridden,6,0,void,public,true,false,true,false
C:\Users\simon\Documents\Code\thesis-code\mockito-main\mockito-core\src\test\java\org\mockitousage\basicapi\ReplacingObjectMethodsTest.java,ReplacingObjectMethodsTest.java,ObjectMethodsOverriddenSubclass,equals,1,1,boolean,public,false,false,true,false
C:\Users\simon\Documents\Code\thesis-code\mockito-main\mockito-core\src\test\java\org\mockitousage\basicapi\ReplacingObjectMethodsTest.java,ReplacingObjectMethodsTest.java,ObjectMethodsOverriddenSubclass,hashCode,1,0,int,public,false,false,true,false
C:\Users\simon\Documents\Code\thesis-code\mockito-main\mockito-core\src\test\java\org\mockitousage\basicapi\ReplacingObjectMethodsTest.java,ReplacingObjectMethodsTest.java,ObjectMethodsOverriddenSubclass,toString,1,0,String,public,false,false,true,false
C:\Users\simon\Documents\Code\thesis-code\mockito-main\mockito-core\src\test\java\org\mockitousage\basicapi\ResetInvocationsTest.java,ResetInvocationsTest.java,ResetInvocationsTest,reset_invocations_should_reset_only_invocations,6,0,void,public,true,false,true,true
C:\Users\simon\Documents\Code\thesis-code\mockito-main\mockito-core\src\test\java\org\mockitousage\basicapi\ResetInvocationsTest.java,ResetInvocationsTest.java,ResetInvocationsTest,should_reset_invocations_on_multiple_mocks,4,0,void,public,true,false,true,true
C:\Users\simon\Documents\Code\thesis-code\mockito-main\mockito-core\src\test\java\org\mockitousage\basicapi\ResetInvocationsTest.java,ResetInvocationsTest.java,ResetInvocationsTest,resettingNonMockIsSafe,1,0,void,public,true,false,true,true
C:\Users\simon\Documents\Code\thesis-code\mockito-main\mockito-core\src\test\java\org\mockitousage\basicapi\ResetInvocationsTest.java,ResetInvocationsTest.java,ResetInvocationsTest,resettingNullIsSafe,1,0,void,public,true,false,true,true
C:\Users\simon\Documents\Code\thesis-code\mockito-main\mockito-core\src\test\java\org\mockitousage\basicapi\ResetTest.java,ResetTest.java,ResetTest,shouldResetOngoingStubbingSoThatMoreMeaningfulExceptionsAreRaised,3,0,void,public,true,false,true,true
C:\Users\simon\Documents\Code\thesis-code\mockito-main\mockito-core\src\test\java\org\mockitousage\basicapi\ResetTest.java,ResetTest.java,ResetTest,resettingNonMockIsSafe,1,0,void,public,true,false,true,true
C:\Users\simon\Documents\Code\thesis-code\mockito-main\mockito-core\src\test\java\org\mockitousage\basicapi\ResetTest.java,ResetTest.java,ResetTest,resettingNullIsSafe,1,0,void,public,true,false,true,true
C:\Users\simon\Documents\Code\thesis-code\mockito-main\mockito-core\src\test\java\org\mockitousage\basicapi\ResetTest.java,ResetTest.java,ResetTest,shouldRemoveAllStubbing,5,0,void,public,true,false,true,true
C:\Users\simon\Documents\Code\thesis-code\mockito-main\mockito-core\src\test\java\org\mockitousage\basicapi\ResetTest.java,ResetTest.java,ResetTest,shouldRemoveAllInteractions,3,0,void,public,true,false,true,true
C:\Users\simon\Documents\Code\thesis-code\mockito-main\mockito-core\src\test\java\org\mockitousage\basicapi\ResetTest.java,ResetTest.java,ResetTest,shouldRemoveAllInteractionsVerifyNoInteractions,3,0,void,public,true,false,true,true
C:\Users\simon\Documents\Code\thesis-code\mockito-main\mockito-core\src\test\java\org\mockitousage\basicapi\ResetTest.java,ResetTest.java,ResetTest,shouldRemoveStubbingToString,4,0,void,public,true,false,true,true
C:\Users\simon\Documents\Code\thesis-code\mockito-main\mockito-core\src\test\java\org\mockitousage\basicapi\ResetTest.java,ResetTest.java,ResetTest,shouldStubbingNotBeTreatedAsInteractionVerifyNoInteractions,4,0,void,public,true,false,true,true
C:\Users\simon\Documents\Code\thesis-code\mockito-main\mockito-core\src\test\java\org\mockitousage\basicapi\ResetTest.java,ResetTest.java,ResetTest,shouldNotAffectMockName,5,0,void,public,true,false,true,true
C:\Users\simon\Documents\Code\thesis-code\mockito-main\mockito-core\src\test\java\org\mockitousage\basicapi\ResetTest.java,ResetTest.java,ResetTest,shouldResetMultipleMocks,4,0,void,public,true,false,true,true
C:\Users\simon\Documents\Code\thesis-code\mockito-main\mockito-core\src\test\java\org\mockitousage\basicapi\ResetTest.java,ResetTest.java,ResetTest,shouldValidateStateWhenResetting,2,0,void,public,true,false,true,true
C:\Users\simon\Documents\Code\thesis-code\mockito-main\mockito-core\src\test\java\org\mockitousage\basicapi\ResetTest.java,ResetTest.java,ResetTest,shouldMaintainPreviousDefaultAnswer,3,0,void,public,true,false,true,true
C:\Users\simon\Documents\Code\thesis-code\mockito-main\mockito-core\src\test\java\org\mockitousage\basicapi\UsingVarargsTest.java,UsingVarargsTest.java,MixedVarargs,withStringVarargs,0,2,void,,false,false,true,false
C:\Users\simon\Documents\Code\thesis-code\mockito-main\mockito-core\src\test\java\org\mockitousage\basicapi\UsingVarargsTest.java,UsingVarargsTest.java,MixedVarargs,withStringVarargsReturningString,0,2,String,,false,false,true,false
C:\Users\simon\Documents\Code\thesis-code\mockito-main\mockito-core\src\test\java\org\mockitousage\basicapi\UsingVarargsTest.java,UsingVarargsTest.java,MixedVarargs,withObjectVarargs,0,2,void,,false,false,true,false
C:\Users\simon\Documents\Code\thesis-code\mockito-main\mockito-core\src\test\java\org\mockitousage\basicapi\UsingVarargsTest.java,UsingVarargsTest.java,MixedVarargs,withBooleanVarargs,0,2,boolean,,false,false,true,false
C:\Users\simon\Documents\Code\thesis-code\mockito-main\mockito-core\src\test\java\org\mockitousage\basicapi\UsingVarargsTest.java,UsingVarargsTest.java,MixedVarargs,foo,0,1,int,,false,false,true,false
C:\Users\simon\Documents\Code\thesis-code\mockito-main\mockito-core\src\test\java\org\mockitousage\basicapi\UsingVarargsTest.java,UsingVarargsTest.java,MixedVarargs,shouldStubStringVarargs,13,0,void,public,true,false,true,false
C:\Users\simon\Documents\Code\thesis-code\mockito-main\mockito-core\src\test\java\org\mockitousage\basicapi\UsingVarargsTest.java,UsingVarargsTest.java,MixedVarargs,shouldStubBooleanVarargs,9,0,void,public,true,false,true,false
C:\Users\simon\Documents\Code\thesis-code\mockito-main\mockito-core\src\test\java\org\mockitousage\basicapi\UsingVarargsTest.java,UsingVarargsTest.java,MixedVarargs,shouldVerifyStringVarargs,6,0,void,public,true,false,true,false
C:\Users\simon\Documents\Code\thesis-code\mockito-main\mockito-core\src\test\java\org\mockitousage\basicapi\UsingVarargsTest.java,UsingVarargsTest.java,MixedVarargs,shouldVerifyObjectVarargs,6,0,void,public,true,false,true,false
C:\Users\simon\Documents\Code\thesis-code\mockito-main\mockito-core\src\test\java\org\mockitousage\basicapi\UsingVarargsTest.java,UsingVarargsTest.java,MixedVarargs,shouldVerifyBooleanVarargs,6,0,void,public,true,false,true,false
C:\Users\simon\Documents\Code\thesis-code\mockito-main\mockito-core\src\test\java\org\mockitousage\basicapi\UsingVarargsTest.java,UsingVarargsTest.java,MixedVarargs,shouldVerifyWithAny,4,0,void,public,true,false,true,false
C:\Users\simon\Documents\Code\thesis-code\mockito-main\mockito-core\src\test\java\org\mockitousage\basicapi\UsingVarargsTest.java,UsingVarargsTest.java,MixedVarargs,shouldVerifyWithNullVarArgArray,4,0,void,public,true,false,true,false
C:\Users\simon\Documents\Code\thesis-code\mockito-main\mockito-core\src\test\java\org\mockitousage\basicapi\UsingVarargsTest.java,UsingVarargsTest.java,MixedVarargs,varArgs,0,1,void,public,false,false,true,false
C:\Users\simon\Documents\Code\thesis-code\mockito-main\mockito-core\src\test\java\org\mockitousage\basicapi\UsingVarargsTest.java,UsingVarargsTest.java,MixedVarargs,doSomething,0,2,String,,false,false,true,false
C:\Users\simon\Documents\Code\thesis-code\mockito-main\mockito-core\src\test\java\org\mockitousage\basicapi\UsingVarargsTest.java,UsingVarargsTest.java,MixedVarargs,doSomething,0,3,String,,false,false,true,false
C:\Users\simon\Documents\Code\thesis-code\mockito-main\mockito-core\src\test\java\org\mockitousage\basicapi\UsingVarargsTest.java,UsingVarargsTest.java,MixedVarargs,shouldStubCorrectlyWhenMixedVarargsUsed,6,0,"// See bug #31
void",public,true,false,true,false
C:\Users\simon\Documents\Code\thesis-code\mockito-main\mockito-core\src\test\java\org\mockitousage\basicapi\UsingVarargsTest.java,UsingVarargsTest.java,MixedVarargs,shouldStubCorrectlyWhenDoubleStringAndMixedVarargsUsed,5,0,void,public,true,false,true,false
C:\Users\simon\Documents\Code\thesis-code\mockito-main\mockito-core\src\test\java\org\mockitousage\basicapi\UsingVarargsTest.java,UsingVarargsTest.java,MixedVarargs,shouldMatchEasilyEmptyVararg,2,0,"// See bug #157
void",public,true,false,true,false
C:\Users\simon\Documents\Code\thesis-code\mockito-main\mockito-core\src\test\java\org\mockitousage\bugs\ActualInvocationHasNullArgumentNPEBugTest.java,ActualInvocationHasNullArgumentNPEBugTest.java,Fun,doFun,0,1,String,,false,false,true,false
C:\Users\simon\Documents\Code\thesis-code\mockito-main\mockito-core\src\test\java\org\mockitousage\bugs\ActualInvocationHasNullArgumentNPEBugTest.java,ActualInvocationHasNullArgumentNPEBugTest.java,Fun,shouldAllowPassingNullArgument,5,0,void,public,true,false,true,false
C:\Users\simon\Documents\Code\thesis-code\mockito-main\mockito-core\src\test\java\org\mockitousage\bugs\AIOOBExceptionWithAtLeastTest.java,AIOOBExceptionWithAtLeastTest.java,IProgressMonitor,beginTask,0,2,void,,false,false,true,false
C:\Users\simon\Documents\Code\thesis-code\mockito-main\mockito-core\src\test\java\org\mockitousage\bugs\AIOOBExceptionWithAtLeastTest.java,AIOOBExceptionWithAtLeastTest.java,IProgressMonitor,worked,0,1,void,,false,false,true,false
C:\Users\simon\Documents\Code\thesis-code\mockito-main\mockito-core\src\test\java\org\mockitousage\bugs\AIOOBExceptionWithAtLeastTest.java,AIOOBExceptionWithAtLeastTest.java,IProgressMonitor,done,0,0,void,,false,false,true,false
C:\Users\simon\Documents\Code\thesis-code\mockito-main\mockito-core\src\test\java\org\mockitousage\bugs\AIOOBExceptionWithAtLeastTest.java,AIOOBExceptionWithAtLeastTest.java,IProgressMonitor,testCompleteProgress,6,0,void,public,true,true,true,false
C:\Users\simon\Documents\Code\thesis-code\mockito-main\mockito-core\src\test\java\org\mockitousage\bugs\ArgumentCaptorDontCapturePreviouslyVerifiedTest.java,ArgumentCaptorDontCapturePreviouslyVerifiedTest.java,ArgumentCaptorDontCapturePreviouslyVerifiedTest,previous_verified_invocation_should_still_capture_args,9,0,void,public,true,false,true,true
C:\Users\simon\Documents\Code\thesis-code\mockito-main\mockito-core\src\test\java\org\mockitousage\bugs\BridgeMethodsHitAgainTest.java,BridgeMethodsHitAgainTest.java,Extended,factory,0,0,Factory,,false,false,true,false
C:\Users\simon\Documents\Code\thesis-code\mockito-main\mockito-core\src\test\java\org\mockitousage\bugs\BridgeMethodsHitAgainTest.java,BridgeMethodsHitAgainTest.java,Extended,factory,0,0,ExtendedFactory,,false,false,true,false
C:\Users\simon\Documents\Code\thesis-code\mockito-main\mockito-core\src\test\java\org\mockitousage\bugs\BridgeMethodsHitAgainTest.java,BridgeMethodsHitAgainTest.java,Extended,test,0,1,int,,false,true,true,false
C:\Users\simon\Documents\Code\thesis-code\mockito-main\mockito-core\src\test\java\org\mockitousage\bugs\BridgeMethodsHitAgainTest.java,BridgeMethodsHitAgainTest.java,Extended,test,0,1,int,,false,true,true,false
C:\Users\simon\Documents\Code\thesis-code\mockito-main\mockito-core\src\test\java\org\mockitousage\bugs\BridgeMethodsHitAgainTest.java,BridgeMethodsHitAgainTest.java,Extended,basicCheck,3,0,void,public,true,false,true,false
C:\Users\simon\Documents\Code\thesis-code\mockito-main\mockito-core\src\test\java\org\mockitousage\bugs\BridgeMethodsHitAgainTest.java,BridgeMethodsHitAgainTest.java,Extended,checkWithExtraCast,3,0,void,public,true,false,true,false
C:\Users\simon\Documents\Code\thesis-code\mockito-main\mockito-core\src\test\java\org\mockitousage\bugs\BridgeMethodsHitAgainTest.java,BridgeMethodsHitAgainTest.java,Extended,testBridgeInvocationIsRecordedForInterceptedMethod,5,0,void,public,true,true,true,false
C:\Users\simon\Documents\Code\thesis-code\mockito-main\mockito-core\src\test\java\org\mockitousage\bugs\CaptorAnnotationAutoboxingTest.java,CaptorAnnotationAutoboxingTest.java,Fun,doFun,0,1,void,,false,false,true,false
C:\Users\simon\Documents\Code\thesis-code\mockito-main\mockito-core\src\test\java\org\mockitousage\bugs\CaptorAnnotationAutoboxingTest.java,CaptorAnnotationAutoboxingTest.java,Fun,moreFun,0,1,void,,false,false,true,false
C:\Users\simon\Documents\Code\thesis-code\mockito-main\mockito-core\src\test\java\org\mockitousage\bugs\CaptorAnnotationAutoboxingTest.java,CaptorAnnotationAutoboxingTest.java,Fun,shouldAutoboxSafely,3,0,void,public,true,false,true,false
C:\Users\simon\Documents\Code\thesis-code\mockito-main\mockito-core\src\test\java\org\mockitousage\bugs\CaptorAnnotationAutoboxingTest.java,CaptorAnnotationAutoboxingTest.java,Fun,shouldAutoboxAllPrimitives,1,0,void,public,true,false,true,false
C:\Users\simon\Documents\Code\thesis-code\mockito-main\mockito-core\src\test\java\org\mockitousage\bugs\ClassCastExOnVerifyZeroInteractionsTest.java,ClassCastExOnVerifyZeroInteractionsTest.java,TestMock,m1,0,0,boolean,,false,false,true,true
C:\Users\simon\Documents\Code\thesis-code\mockito-main\mockito-core\src\test\java\org\mockitousage\bugs\ClassCastExOnVerifyZeroInteractionsTest.java,ClassCastExOnVerifyZeroInteractionsTest.java,TestMock,should_not_throw_ClassCastException_when_mock_verification_fails,3,0,void,public,true,false,true,true
C:\Users\simon\Documents\Code\thesis-code\mockito-main\mockito-core\src\test\java\org\mockitousage\bugs\ClassCastExOnVerifyZeroInteractionsTest.java,ClassCastExOnVerifyZeroInteractionsTest.java,TestMock,should_report_bogus_default_answer,2,0,void,public,true,false,true,true
C:\Users\simon\Documents\Code\thesis-code\mockito-main\mockito-core\src\test\java\org\mockitousage\bugs\CompareMatcherTest.java,CompareMatcherTest.java,GenericMatcher,compareNullArgument,3,0,void,public,true,false,true,false
C:\Users\simon\Documents\Code\thesis-code\mockito-main\mockito-core\src\test\java\org\mockitousage\bugs\CompareMatcherTest.java,CompareMatcherTest.java,GenericMatcher,compareToNonCompareable,2,0,void,public,true,false,true,false
C:\Users\simon\Documents\Code\thesis-code\mockito-main\mockito-core\src\test\java\org\mockitousage\bugs\CompareMatcherTest.java,CompareMatcherTest.java,GenericMatcher,compareToNull,2,0,void,public,true,false,true,false
C:\Users\simon\Documents\Code\thesis-code\mockito-main\mockito-core\src\test\java\org\mockitousage\bugs\CompareMatcherTest.java,CompareMatcherTest.java,GenericMatcher,compareToStringVsInt,2,0,void,public,true,false,true,false
C:\Users\simon\Documents\Code\thesis-code\mockito-main\mockito-core\src\test\java\org\mockitousage\bugs\CompareMatcherTest.java,CompareMatcherTest.java,GenericMatcher,compareToIntVsString,2,0,void,public,true,false,true,false
C:\Users\simon\Documents\Code\thesis-code\mockito-main\mockito-core\src\test\java\org\mockitousage\bugs\CompareMatcherTest.java,CompareMatcherTest.java,GenericMatcher,matchesOverloadsMustBeIgnored,3,0,void,public,true,false,true,false
C:\Users\simon\Documents\Code\thesis-code\mockito-main\mockito-core\src\test\java\org\mockitousage\bugs\CompareMatcherTest.java,CompareMatcherTest.java,GenericMatcher,matches,1,1,boolean,public,false,false,true,false
C:\Users\simon\Documents\Code\thesis-code\mockito-main\mockito-core\src\test\java\org\mockitousage\bugs\CompareMatcherTest.java,CompareMatcherTest.java,GenericMatcher,matches,1,1,boolean,public,false,false,true,false
C:\Users\simon\Documents\Code\thesis-code\mockito-main\mockito-core\src\test\java\org\mockitousage\bugs\CompareMatcherTest.java,CompareMatcherTest.java,GenericMatcher,matches,1,2,boolean,public,false,false,true,false
C:\Users\simon\Documents\Code\thesis-code\mockito-main\mockito-core\src\test\java\org\mockitousage\bugs\CompareMatcherTest.java,CompareMatcherTest.java,GenericMatcher,matchesWithSubTypeExtendingGenericClass,4,0,void,public,true,false,true,false
C:\Users\simon\Documents\Code\thesis-code\mockito-main\mockito-core\src\test\java\org\mockitousage\bugs\CompareMatcherTest.java,CompareMatcherTest.java,GenericMatcher,matches,1,1,boolean,public,false,false,true,false
C:\Users\simon\Documents\Code\thesis-code\mockito-main\mockito-core\src\test\java\org\mockitousage\bugs\CompareMatcherTest.java,CompareMatcherTest.java,GenericMatcher,matchesWithSubTypeGenericMethod,3,0,void,public,true,false,true,false
C:\Users\simon\Documents\Code\thesis-code\mockito-main\mockito-core\src\test\java\org\mockitousage\bugs\CompareMatcherTest.java,CompareMatcherTest.java,GenericMatcher,matches,1,1,boolean,public,false,false,true,false
C:\Users\simon\Documents\Code\thesis-code\mockito-main\mockito-core\src\test\java\org\mockitousage\bugs\ConcurrentModificationExceptionOnMultiThreadedVerificationTest.java,ConcurrentModificationExceptionOnMultiThreadedVerificationTest.java,ITarget,setUp,2,0,void,public,false,false,true,false
C:\Users\simon\Documents\Code\thesis-code\mockito-main\mockito-core\src\test\java\org\mockitousage\bugs\ConcurrentModificationExceptionOnMultiThreadedVerificationTest.java,ConcurrentModificationExceptionOnMultiThreadedVerificationTest.java,ITarget,shouldSuccessfullyVerifyConcurrentInvocationsWithTimeout,6,0,void,public,true,false,true,false
C:\Users\simon\Documents\Code\thesis-code\mockito-main\mockito-core\src\test\java\org\mockitousage\bugs\ConcurrentModificationExceptionOnMultiThreadedVerificationTest.java,ConcurrentModificationExceptionOnMultiThreadedVerificationTest.java,ITarget,startInvocations,1,0,void,private,false,false,true,false
C:\Users\simon\Documents\Code\thesis-code\mockito-main\mockito-core\src\test\java\org\mockitousage\bugs\ConcurrentModificationExceptionOnMultiThreadedVerificationTest.java,ConcurrentModificationExceptionOnMultiThreadedVerificationTest.java,ITarget,call,4,0,Object,public,false,false,true,false
C:\Users\simon\Documents\Code\thesis-code\mockito-main\mockito-core\src\test\java\org\mockitousage\bugs\ConcurrentModificationExceptionOnMultiThreadedVerificationTest.java,ConcurrentModificationExceptionOnMultiThreadedVerificationTest.java,ITarget,targetMethod,0,1,String,,false,false,true,false
C:\Users\simon\Documents\Code\thesis-code\mockito-main\mockito-core\src\test\java\org\mockitousage\bugs\ConfusedSignatureTest.java,ConfusedSignatureTest.java,iInterface,should_mock_method_which_has_generic_return_type_in_superclass_and_concrete_one_in_interface,3,0,void,public,true,false,true,false
C:\Users\simon\Documents\Code\thesis-code\mockito-main\mockito-core\src\test\java\org\mockitousage\bugs\ConfusedSignatureTest.java,ConfusedSignatureTest.java,iInterface,getFoo,1,0,T,public,false,false,true,false
C:\Users\simon\Documents\Code\thesis-code\mockito-main\mockito-core\src\test\java\org\mockitousage\bugs\ConfusedSignatureTest.java,ConfusedSignatureTest.java,iInterface,getFoo,0,0,String,,false,false,true,false
C:\Users\simon\Documents\Code\thesis-code\mockito-main\mockito-core\src\test\java\org\mockitousage\bugs\CovariantOverrideTest.java,CovariantOverrideTest.java,ReturnsString,callMe,0,0,Object,,false,false,true,false
C:\Users\simon\Documents\Code\thesis-code\mockito-main\mockito-core\src\test\java\org\mockitousage\bugs\CovariantOverrideTest.java,CovariantOverrideTest.java,ReturnsString,callMe,0,0,String,,false,false,true,false
C:\Users\simon\Documents\Code\thesis-code\mockito-main\mockito-core\src\test\java\org\mockitousage\bugs\CovariantOverrideTest.java,CovariantOverrideTest.java,ReturnsString,returnFoo1,3,0,void,public,true,false,true,false
C:\Users\simon\Documents\Code\thesis-code\mockito-main\mockito-core\src\test\java\org\mockitousage\bugs\CovariantOverrideTest.java,CovariantOverrideTest.java,ReturnsString,returnFoo2,3,0,void,public,true,false,true,false
C:\Users\simon\Documents\Code\thesis-code\mockito-main\mockito-core\src\test\java\org\mockitousage\bugs\CovariantOverrideTest.java,CovariantOverrideTest.java,ReturnsString,returnFoo3,3,0,void,public,true,false,true,false
C:\Users\simon\Documents\Code\thesis-code\mockito-main\mockito-core\src\test\java\org\mockitousage\bugs\CovariantOverrideTest.java,CovariantOverrideTest.java,ReturnsString,returnFoo4,4,0,void,public,true,false,true,false
C:\Users\simon\Documents\Code\thesis-code\mockito-main\mockito-core\src\test\java\org\mockitousage\bugs\creation\ConstructorInvokingMethodShouldNotRaiseExceptionTest.java,ConstructorInvokingMethodShouldNotRaiseExceptionTest.java,HasConstructorInvokingMethod,should_be_able_to_create_spy,1,0,void,public,true,false,true,false
C:\Users\simon\Documents\Code\thesis-code\mockito-main\mockito-core\src\test\java\org\mockitousage\bugs\creation\ConstructorInvokingMethodShouldNotRaiseExceptionTest.java,ConstructorInvokingMethodShouldNotRaiseExceptionTest.java,HasConstructorInvokingMethod,someMethod,0,0,void,,false,false,true,false
C:\Users\simon\Documents\Code\thesis-code\mockito-main\mockito-core\src\test\java\org\mockitousage\bugs\creation\ConstructorInvokingMethodShouldNotRaiseExceptionTest.java,ConstructorInvokingMethodShouldNotRaiseExceptionTest.java,HasConstructorInvokingMethod,should_be_able_to_create_spy,1,0,void,public,true,false,true,false
C:\Users\simon\Documents\Code\thesis-code\mockito-main\mockito-core\src\test\java\org\mockitousage\bugs\creation\ConstructorInvokingMethodShouldNotRaiseExceptionTest.java,ConstructorInvokingMethodShouldNotRaiseExceptionTest.java,HasConstructorInvokingMethod,someMethod,1,0,String,,false,false,true,false
C:\Users\simon\Documents\Code\thesis-code\mockito-main\mockito-core\src\test\java\org\mockitousage\bugs\creation\ConstructorInvokingMethodShouldNotRaiseExceptionTest.java,ConstructorInvokingMethodShouldNotRaiseExceptionTest.java,HasConstructorInvokingMethod,should_be_able_to_create_spy,1,0,void,public,true,false,true,false
C:\Users\simon\Documents\Code\thesis-code\mockito-main\mockito-core\src\test\java\org\mockitousage\bugs\creation\ConstructorInvokingMethodShouldNotRaiseExceptionTest.java,ConstructorInvokingMethodShouldNotRaiseExceptionTest.java,HasConstructorInvokingMethod,someMethod,1,0,boolean,,false,false,true,false
C:\Users\simon\Documents\Code\thesis-code\mockito-main\mockito-core\src\test\java\org\mockitousage\bugs\creation\MockClassWithMissingStaticDepTest.java,MockClassWithMissingStaticDepTest.java,ClassWithExceptionInClassInit,shouldNotSwallowClinitErrorOfClassToMock,1,0,void,public,true,false,true,false
C:\Users\simon\Documents\Code\thesis-code\mockito-main\mockito-core\src\test\java\org\mockitousage\bugs\creation\MockClassWithMissingStaticDepTest.java,MockClassWithMissingStaticDepTest.java,ClassWithExceptionInClassInit,shouldNotSwallowClinitExceptionOfClassToMock,1,0,void,public,true,false,true,false
C:\Users\simon\Documents\Code\thesis-code\mockito-main\mockito-core\src\test\java\org\mockitousage\bugs\creation\PackagePrivateWithContextClassLoaderTest.java,PackagePrivateWithContextClassLoaderTest.java,NotAlwaysDelegatingClassLoader,packagePrivateMethod,1,0,int,,false,false,true,false
C:\Users\simon\Documents\Code\thesis-code\mockito-main\mockito-core\src\test\java\org\mockitousage\bugs\creation\PackagePrivateWithContextClassLoaderTest.java,PackagePrivateWithContextClassLoaderTest.java,NotAlwaysDelegatingClassLoader,packagePrivateAbstractMethod,0,0,void,abstract,false,false,true,false
C:\Users\simon\Documents\Code\thesis-code\mockito-main\mockito-core\src\test\java\org\mockitousage\bugs\creation\PackagePrivateWithContextClassLoaderTest.java,PackagePrivateWithContextClassLoaderTest.java,NotAlwaysDelegatingClassLoader,doSomething,0,1,void,,false,false,true,false
C:\Users\simon\Documents\Code\thesis-code\mockito-main\mockito-core\src\test\java\org\mockitousage\bugs\creation\PackagePrivateWithContextClassLoaderTest.java,PackagePrivateWithContextClassLoaderTest.java,NotAlwaysDelegatingClassLoader,doSomething,0,0,PackagePrivateInterface,,false,false,true,false
C:\Users\simon\Documents\Code\thesis-code\mockito-main\mockito-core\src\test\java\org\mockitousage\bugs\creation\PackagePrivateWithContextClassLoaderTest.java,PackagePrivateWithContextClassLoaderTest.java,NotAlwaysDelegatingClassLoader,doSomething,0,0,PublicChildOfPackagePrivate,,false,false,true,false
C:\Users\simon\Documents\Code\thesis-code\mockito-main\mockito-core\src\test\java\org\mockitousage\bugs\creation\PackagePrivateWithContextClassLoaderTest.java,PackagePrivateWithContextClassLoaderTest.java,NotAlwaysDelegatingClassLoader,setUp,2,0,void,public,false,false,true,false
C:\Users\simon\Documents\Code\thesis-code\mockito-main\mockito-core\src\test\java\org\mockitousage\bugs\creation\PackagePrivateWithContextClassLoaderTest.java,PackagePrivateWithContextClassLoaderTest.java,NotAlwaysDelegatingClassLoader,teardown,1,0,void,public,false,false,true,false
C:\Users\simon\Documents\Code\thesis-code\mockito-main\mockito-core\src\test\java\org\mockitousage\bugs\creation\PackagePrivateWithContextClassLoaderTest.java,PackagePrivateWithContextClassLoaderTest.java,NotAlwaysDelegatingClassLoader,should_be_able_to_mock_package_private_method,3,0,void,public,true,false,true,false
C:\Users\simon\Documents\Code\thesis-code\mockito-main\mockito-core\src\test\java\org\mockitousage\bugs\creation\PackagePrivateWithContextClassLoaderTest.java,PackagePrivateWithContextClassLoaderTest.java,NotAlwaysDelegatingClassLoader,should_be_able_to_mock_interface_method_package_private_param,2,0,void,public,true,false,true,false
C:\Users\simon\Documents\Code\thesis-code\mockito-main\mockito-core\src\test\java\org\mockitousage\bugs\creation\PackagePrivateWithContextClassLoaderTest.java,PackagePrivateWithContextClassLoaderTest.java,NotAlwaysDelegatingClassLoader,should_be_able_to_mock_interface_method_package_private_return,2,0,void,public,true,false,true,false
C:\Users\simon\Documents\Code\thesis-code\mockito-main\mockito-core\src\test\java\org\mockitousage\bugs\creation\PackagePrivateWithContextClassLoaderTest.java,PackagePrivateWithContextClassLoaderTest.java,NotAlwaysDelegatingClassLoader,should_be_able_to_mock_interface_method_package_private_return_override,2,0,void,public,true,false,true,false
C:\Users\simon\Documents\Code\thesis-code\mockito-main\mockito-core\src\test\java\org\mockitousage\bugs\creation\PackagePrivateWithContextClassLoaderTest.java,PackagePrivateWithContextClassLoaderTest.java,NotAlwaysDelegatingClassLoader,should_be_able_to_mock_package_private_class,1,0,void,public,true,false,true,false
C:\Users\simon\Documents\Code\thesis-code\mockito-main\mockito-core\src\test\java\org\mockitousage\bugs\creation\PackagePrivateWithContextClassLoaderTest.java,PackagePrivateWithContextClassLoaderTest.java,NotAlwaysDelegatingClassLoader,should_be_able_to_mock_package_private_interface,1,0,void,public,true,false,true,false
C:\Users\simon\Documents\Code\thesis-code\mockito-main\mockito-core\src\test\java\org\mockitousage\bugs\creation\PackagePrivateWithContextClassLoaderTest.java,PackagePrivateWithContextClassLoaderTest.java,NotAlwaysDelegatingClassLoader,should_be_able_to_mock_package_private_extra_interface,1,0,void,public,true,false,true,false
C:\Users\simon\Documents\Code\thesis-code\mockito-main\mockito-core\src\test\java\org\mockitousage\bugs\creation\PackagePrivateWithContextClassLoaderTest.java,PackagePrivateWithContextClassLoaderTest.java,NotAlwaysDelegatingClassLoader,classloader_with_parent_but_does_not_delegate,5,0,void,public,true,false,true,false
C:\Users\simon\Documents\Code\thesis-code\mockito-main\mockito-core\src\test\java\org\mockitousage\bugs\creation\PackagePrivateWithContextClassLoaderTest.java,PackagePrivateWithContextClassLoaderTest.java,NotAlwaysDelegatingClassLoader,attemptMock,2,0,void,public; static,false,false,true,false
C:\Users\simon\Documents\Code\thesis-code\mockito-main\mockito-core\src\test\java\org\mockitousage\bugs\creation\PackagePrivateWithContextClassLoaderTest.java,PackagePrivateWithContextClassLoaderTest.java,NotAlwaysDelegatingClassLoader,loadClass,4,2,Class<?>,protected,false,false,true,false
C:\Users\simon\Documents\Code\thesis-code\mockito-main\mockito-core\src\test\java\org\mockitousage\bugs\creation\PackagePrivateWithContextClassLoaderTest.java,PackagePrivateWithContextClassLoaderTest.java,NotAlwaysDelegatingClassLoader,findClass,1,1,Class<?>,public,false,false,true,false
C:\Users\simon\Documents\Code\thesis-code\mockito-main\mockito-core\src\test\java\org\mockitousage\bugs\creation\PackagePrivateWithContextClassLoaderTest.java,PackagePrivateWithContextClassLoaderTest.java,NotAlwaysDelegatingClassLoader,loadClassData,5,1,byte[],private,false,false,true,false
C:\Users\simon\Documents\Code\thesis-code\mockito-main\mockito-core\src\test\java\org\mockitousage\bugs\creation\PublicMethodInParentWithNonPublicTypeInSignatureTest.java,PublicMethodInParentWithNonPublicTypeInSignatureTest.java,PublicMethodInParentWithNonPublicTypeInSignatureTest,java_object_creation,1,0,void,public,true,false,true,true
C:\Users\simon\Documents\Code\thesis-code\mockito-main\mockito-core\src\test\java\org\mockitousage\bugs\creation\PublicMethodInParentWithNonPublicTypeInSignatureTest.java,PublicMethodInParentWithNonPublicTypeInSignatureTest.java,PublicMethodInParentWithNonPublicTypeInSignatureTest,should_not_fail_when_instantiating,1,0,void,public,true,false,true,true
C:\Users\simon\Documents\Code\thesis-code\mockito-main\mockito-core\src\test\java\org\mockitousage\bugs\creation\ShouldAllowInlineMockCreationTest.java,ShouldAllowInlineMockCreationTest.java,ShouldAllowInlineMockCreationTest,shouldAllowInlineMockCreation,2,0,void,public,true,false,true,true
C:\Users\simon\Documents\Code\thesis-code\mockito-main\mockito-core\src\test\java\org\mockitousage\bugs\deepstubs\DeepStubFailingWhenGenericNestedAsRawTypeTest.java,DeepStubFailingWhenGenericNestedAsRawTypeTest.java,MyClass3,getNested,0,0,MC2,,false,false,true,false
C:\Users\simon\Documents\Code\thesis-code\mockito-main\mockito-core\src\test\java\org\mockitousage\bugs\deepstubs\DeepStubFailingWhenGenericNestedAsRawTypeTest.java,DeepStubFailingWhenGenericNestedAsRawTypeTest.java,MyClass3,getNested,0,0,MC3,,false,false,true,false
C:\Users\simon\Documents\Code\thesis-code\mockito-main\mockito-core\src\test\java\org\mockitousage\bugs\deepstubs\DeepStubFailingWhenGenericNestedAsRawTypeTest.java,DeepStubFailingWhenGenericNestedAsRawTypeTest.java,MyClass3,returnSomething,0,0,String,,false,false,true,false
C:\Users\simon\Documents\Code\thesis-code\mockito-main\mockito-core\src\test\java\org\mockitousage\bugs\deepstubs\DeepStubFailingWhenGenericNestedAsRawTypeTest.java,DeepStubFailingWhenGenericNestedAsRawTypeTest.java,MyClass3,discoverDeepMockingOfGenerics,2,0,void,public,true,false,true,false
C:\Users\simon\Documents\Code\thesis-code\mockito-main\mockito-core\src\test\java\org\mockitousage\bugs\deepstubs\DeepStubsWronglyReportsSerializationProblemsTest.java,DeepStubsWronglyReportsSerializationProblemsTest.java,NotSerializableShouldBeMocked,should_not_raise_a_mockito_exception_about_serialization_when_accessing_deep_stub,2,0,void,public,true,false,true,false
C:\Users\simon\Documents\Code\thesis-code\mockito-main\mockito-core\src\test\java\org\mockitousage\bugs\deepstubs\DeepStubsWronglyReportsSerializationProblemsTest.java,DeepStubsWronglyReportsSerializationProblemsTest.java,NotSerializableShouldBeMocked,getSomething,1,0,NotSerializableShouldBeMocked,public,false,false,true,false
C:\Users\simon\Documents\Code\thesis-code\mockito-main\mockito-core\src\test\java\org\mockitousage\bugs\DiamondInheritanceIsConfusingMockitoTest.java,DiamondInheritanceIsConfusingMockitoTest.java,iInterface,should_work,3,0,void,public,true,false,true,false
C:\Users\simon\Documents\Code\thesis-code\mockito-main\mockito-core\src\test\java\org\mockitousage\bugs\DiamondInheritanceIsConfusingMockitoTest.java,DiamondInheritanceIsConfusingMockitoTest.java,iInterface,getFoo,1,0,T,public,false,false,true,false
C:\Users\simon\Documents\Code\thesis-code\mockito-main\mockito-core\src\test\java\org\mockitousage\bugs\DiamondInheritanceIsConfusingMockitoTest.java,DiamondInheritanceIsConfusingMockitoTest.java,iInterface,getFoo,0,0,String,,false,false,true,false
C:\Users\simon\Documents\Code\thesis-code\mockito-main\mockito-core\src\test\java\org\mockitousage\bugs\EnabledMockingInterfaceCloneMethodTest.java,EnabledMockingInterfaceCloneMethodTest.java,CloneableInterface,ensure_mocking_interface_clone_method_doesnot_throw_IllegalAccessError,2,0,void,public,true,false,true,false
C:\Users\simon\Documents\Code\thesis-code\mockito-main\mockito-core\src\test\java\org\mockitousage\bugs\EnabledMockingInterfaceCloneMethodTest.java,EnabledMockingInterfaceCloneMethodTest.java,CloneableInterface,clone,0,0,CloneableInterface,,false,false,true,false
C:\Users\simon\Documents\Code\thesis-code\mockito-main\mockito-core\src\test\java\org\mockitousage\bugs\EqualsWithDeltaTest.java,EqualsWithDeltaTest.java,EqualsWithDeltaTest,testEqualsWithDelta_NullExpected,2,0,void,public,true,true,true,true
C:\Users\simon\Documents\Code\thesis-code\mockito-main\mockito-core\src\test\java\org\mockitousage\bugs\EqualsWithDeltaTest.java,EqualsWithDeltaTest.java,EqualsWithDeltaTest,testEqualsWithDelta_NullActual,2,0,void,public,true,true,true,true
C:\Users\simon\Documents\Code\thesis-code\mockito-main\mockito-core\src\test\java\org\mockitousage\bugs\EqualsWithDeltaTest.java,EqualsWithDeltaTest.java,EqualsWithDeltaTest,testEqualsWithDelta_NullActualAndExpected,2,0,void,public,true,true,true,true
C:\Users\simon\Documents\Code\thesis-code\mockito-main\mockito-core\src\test\java\org\mockitousage\bugs\EqualsWithDeltaTest.java,EqualsWithDeltaTest.java,EqualsWithDeltaTest,testEqualsWithDelta_WhenActualAndExpectedAreTheSameObject,4,0,void,public,true,true,true,true
C:\Users\simon\Documents\Code\thesis-code\mockito-main\mockito-core\src\test\java\org\mockitousage\bugs\EqualsWithDeltaTest.java,EqualsWithDeltaTest.java,EqualsWithDeltaTest,equalsWithDelta,1,1,ArgumentMatcher<Number>,public,false,false,true,true
C:\Users\simon\Documents\Code\thesis-code\mockito-main\mockito-core\src\test\java\org\mockitousage\bugs\FillInStackTraceScenariosTest.java,FillInStackTraceScenariosTest.java,NewStackTraceException,fillInStackTrace,1,0,Exception,public,false,false,true,false
C:\Users\simon\Documents\Code\thesis-code\mockito-main\mockito-core\src\test\java\org\mockitousage\bugs\FillInStackTraceScenariosTest.java,FillInStackTraceScenariosTest.java,NewStackTraceException,fillInStackTrace,1,0,Exception,public,false,false,true,false
C:\Users\simon\Documents\Code\thesis-code\mockito-main\mockito-core\src\test\java\org\mockitousage\bugs\FillInStackTraceScenariosTest.java,FillInStackTraceScenariosTest.java,NewStackTraceException,avoids_NPE,2,0,void,public,true,false,true,false
C:\Users\simon\Documents\Code\thesis-code\mockito-main\mockito-core\src\test\java\org\mockitousage\bugs\FillInStackTraceScenariosTest.java,FillInStackTraceScenariosTest.java,NewStackTraceException,uses_return_value_from_fillInStackTrace,2,0,void,public,true,false,true,false
C:\Users\simon\Documents\Code\thesis-code\mockito-main\mockito-core\src\test\java\org\mockitousage\bugs\FinalHashCodeAndEqualsRaiseNPEInInitMocksTest.java,FinalHashCodeAndEqualsRaiseNPEInInitMocksTest.java,ConstructorCharsetHolder,dont_raise_NullPointerException,1,0,void,public,true,false,true,false
C:\Users\simon\Documents\Code\thesis-code\mockito-main\mockito-core\src\test\java\org\mockitousage\bugs\GenericsMockitoAnnotationsTest.java,GenericsMockitoAnnotationsTest.java,TestCollectionSourceProvider,should_not_throw_class_cast_exception,1,0,void,public,true,false,true,true
C:\Users\simon\Documents\Code\thesis-code\mockito-main\mockito-core\src\test\java\org\mockitousage\bugs\GenericsMockitoAnnotationsTest.java,GenericsMockitoAnnotationsTest.java,TestCollectionSourceProvider,getCollection,1,1,T,,false,false,true,true
C:\Users\simon\Documents\Code\thesis-code\mockito-main\mockito-core\src\test\java\org\mockitousage\bugs\GenericsMockitoAnnotationsTest.java,GenericsMockitoAnnotationsTest.java,TestCollectionSourceProvider,setUp,1,0,void,public,false,false,true,true
C:\Users\simon\Documents\Code\thesis-code\mockito-main\mockito-core\src\test\java\org\mockitousage\bugs\ImplementationOfGenericAbstractMethodNotInvokedOnSpyTest.java,ImplementationOfGenericAbstractMethodNotInvokedOnSpyTest.java,ImplementsGenericMethodOfAbstract,method_to_implement,0,1,String,protected; abstract,false,false,true,false
C:\Users\simon\Documents\Code\thesis-code\mockito-main\mockito-core\src\test\java\org\mockitousage\bugs\ImplementationOfGenericAbstractMethodNotInvokedOnSpyTest.java,ImplementationOfGenericAbstractMethodNotInvokedOnSpyTest.java,ImplementsGenericMethodOfAbstract,public_method,1,1,String,public,false,false,true,false
C:\Users\simon\Documents\Code\thesis-code\mockito-main\mockito-core\src\test\java\org\mockitousage\bugs\ImplementationOfGenericAbstractMethodNotInvokedOnSpyTest.java,ImplementationOfGenericAbstractMethodNotInvokedOnSpyTest.java,ImplementsGenericMethodOfAbstract,method_to_implement,1,1,String,protected,false,false,true,false
C:\Users\simon\Documents\Code\thesis-code\mockito-main\mockito-core\src\test\java\org\mockitousage\bugs\ImplementationOfGenericAbstractMethodNotInvokedOnSpyTest.java,ImplementationOfGenericAbstractMethodNotInvokedOnSpyTest.java,ImplementsGenericMethodOfAbstract,should_invoke_method_to_implement,2,0,void,public,true,false,true,false
C:\Users\simon\Documents\Code\thesis-code\mockito-main\mockito-core\src\test\java\org\mockitousage\bugs\InheritedGenericsPolimorphicCallTest.java,InheritedGenericsPolimorphicCallTest.java,MyIterator,iterator,0,0,MyIterator<T>,,false,false,true,false
C:\Users\simon\Documents\Code\thesis-code\mockito-main\mockito-core\src\test\java\org\mockitousage\bugs\InheritedGenericsPolimorphicCallTest.java,InheritedGenericsPolimorphicCallTest.java,MyIterator,shouldStubbingWork,3,0,void,public,true,false,true,false
C:\Users\simon\Documents\Code\thesis-code\mockito-main\mockito-core\src\test\java\org\mockitousage\bugs\InheritedGenericsPolimorphicCallTest.java,InheritedGenericsPolimorphicCallTest.java,MyIterator,shouldVerificationWorks,3,0,void,public,true,false,true,false
C:\Users\simon\Documents\Code\thesis-code\mockito-main\mockito-core\src\test\java\org\mockitousage\bugs\InheritedGenericsPolimorphicCallTest.java,InheritedGenericsPolimorphicCallTest.java,MyIterator,shouldWorkExactlyAsJavaProxyWould,7,0,void,public,true,false,true,false
C:\Users\simon\Documents\Code\thesis-code\mockito-main\mockito-core\src\test\java\org\mockitousage\bugs\InheritedGenericsPolimorphicCallTest.java,InheritedGenericsPolimorphicCallTest.java,MyIterator,invoke,2,3,Object,public,false,false,true,false
C:\Users\simon\Documents\Code\thesis-code\mockito-main\mockito-core\src\test\java\org\mockitousage\bugs\injection\ChildWithSameParentFieldInjectionTest.java,ChildWithSameParentFieldInjectionTest.java,SomeService,parent_field_is_not_null,1,0,void,public,true,false,true,false
C:\Users\simon\Documents\Code\thesis-code\mockito-main\mockito-core\src\test\java\org\mockitousage\bugs\injection\ChildWithSameParentFieldInjectionTest.java,ChildWithSameParentFieldInjectionTest.java,SomeService,child_field_is_not_null,1,0,void,public,true,false,true,false
C:\Users\simon\Documents\Code\thesis-code\mockito-main\mockito-core\src\test\java\org\mockitousage\bugs\injection\ChildWithSameParentFieldInjectionTest.java,ChildWithSameParentFieldInjectionTest.java,SomeService,doSomethingElse,1,0,void,public,false,false,true,false
C:\Users\simon\Documents\Code\thesis-code\mockito-main\mockito-core\src\test\java\org\mockitousage\bugs\injection\ChildWithSameParentFieldInjectionTest.java,ChildWithSameParentFieldInjectionTest.java,SomeService,doSomething,1,0,void,public,false,false,true,false
C:\Users\simon\Documents\Code\thesis-code\mockito-main\mockito-core\src\test\java\org\mockitousage\bugs\injection\ChildWithSameParentFieldInjectionTest.java,ChildWithSameParentFieldInjectionTest.java,SomeService,doSomething,0,0,void,public,false,false,true,false
C:\Users\simon\Documents\Code\thesis-code\mockito-main\mockito-core\src\test\java\org\mockitousage\bugs\injection\InjectionByTypeShouldFirstLookForExactTypeThenAncestorTest.java,InjectionByTypeShouldFirstLookForExactTypeThenAncestorTest.java,WithNullObjectField,just_for_information_fields_are_read_in_declaration_order_see_Service,3,0,void,public,true,false,true,false
C:\Users\simon\Documents\Code\thesis-code\mockito-main\mockito-core\src\test\java\org\mockitousage\bugs\injection\InjectionByTypeShouldFirstLookForExactTypeThenAncestorTest.java,InjectionByTypeShouldFirstLookForExactTypeThenAncestorTest.java,WithNullObjectField,mock_should_be_injected_once_and_in_the_best_matching_type,2,0,void,public,true,false,true,false
C:\Users\simon\Documents\Code\thesis-code\mockito-main\mockito-core\src\test\java\org\mockitousage\bugs\injection\InjectionByTypeShouldFirstLookForExactTypeThenAncestorTest.java,InjectionByTypeShouldFirstLookForExactTypeThenAncestorTest.java,WithNullObjectField,should_match_be_consistent_regardless_of_order,2,0,void,public,true,false,true,false
C:\Users\simon\Documents\Code\thesis-code\mockito-main\mockito-core\src\test\java\org\mockitousage\bugs\injection\InjectionByTypeShouldFirstLookForExactTypeThenAncestorTest.java,InjectionByTypeShouldFirstLookForExactTypeThenAncestorTest.java,WithNullObjectField,should_inject_the_mock_only_once_and_in_the_correct_type,2,0,void,public,true,false,true,false
C:\Users\simon\Documents\Code\thesis-code\mockito-main\mockito-core\src\test\java\org\mockitousage\bugs\injection\InjectMocksShouldTryPropertySettersFirstBeforeFieldAccessTest.java,InjectMocksShouldTryPropertySettersFirstBeforeFieldAccessTest.java,BeanAwaitingInjection,shouldInjectUsingPropertySetterIfAvailable,1,0,void,public,true,false,true,false
C:\Users\simon\Documents\Code\thesis-code\mockito-main\mockito-core\src\test\java\org\mockitousage\bugs\injection\InjectMocksShouldTryPropertySettersFirstBeforeFieldAccessTest.java,InjectMocksShouldTryPropertySettersFirstBeforeFieldAccessTest.java,BeanAwaitingInjection,shouldInjectFieldIfNoSetter,1,0,void,public,true,false,true,false
C:\Users\simon\Documents\Code\thesis-code\mockito-main\mockito-core\src\test\java\org\mockitousage\bugs\injection\InjectMocksShouldTryPropertySettersFirstBeforeFieldAccessTest.java,InjectMocksShouldTryPropertySettersFirstBeforeFieldAccessTest.java,BeanAwaitingInjection,setPropertySetterAccess,1,1,void,public,false,false,true,false
C:\Users\simon\Documents\Code\thesis-code\mockito-main\mockito-core\src\test\java\org\mockitousage\bugs\injection\Issue353InjectionMightNotHappenInCertainConfigurationTest.java,Issue353InjectionMightNotHappenInCertainConfigurationTest.java,FooService,when_identical_types_and_the_correct_mock_name_is_greater_than_the_non_matching_name_then_injection_occurs_only_on_the_named_one,3,0,void,public,true,false,true,false
C:\Users\simon\Documents\Code\thesis-code\mockito-main\mockito-core\src\test\java\org\mockitousage\bugs\injection\ParentTestMockInjectionTest.java,ParentTestMockInjectionTest.java,DaoB,injectMocksShouldInjectMocksFromTestSuperClasses,6,0,void,public,true,false,true,false
C:\Users\simon\Documents\Code\thesis-code\mockito-main\mockito-core\src\test\java\org\mockitousage\bugs\injection\ParentTestMockInjectionTest.java,ParentTestMockInjectionTest.java,DaoB,setup,1,0,void,public,false,false,true,false
C:\Users\simon\Documents\Code\thesis-code\mockito-main\mockito-core\src\test\java\org\mockitousage\bugs\injection\ParentTestMockInjectionTest.java,ParentTestMockInjectionTest.java,DaoB,noNullPointerException,1,0,void,public,true,false,true,false
C:\Users\simon\Documents\Code\thesis-code\mockito-main\mockito-core\src\test\java\org\mockitousage\bugs\injection\ParentTestMockInjectionTest.java,ParentTestMockInjectionTest.java,DaoB,businessMethod,2,0,void,public,false,false,true,false
C:\Users\simon\Documents\Code\thesis-code\mockito-main\mockito-core\src\test\java\org\mockitousage\bugs\injection\ParentTestMockInjectionTest.java,ParentTestMockInjectionTest.java,DaoB,doQuery,0,0,void,public,false,false,true,false
C:\Users\simon\Documents\Code\thesis-code\mockito-main\mockito-core\src\test\java\org\mockitousage\bugs\injection\ParentTestMockInjectionTest.java,ParentTestMockInjectionTest.java,DaoB,doQuery,0,0,void,public,false,false,true,false
C:\Users\simon\Documents\Code\thesis-code\mockito-main\mockito-core\src\test\java\org\mockitousage\bugs\injection\ShouldNotTryToInjectInFinalOrStaticFieldsTest.java,ShouldNotTryToInjectInFinalOrStaticFieldsTest.java,ExampleService,dont_fail_with_CONSTANTS,0,0,void,public,true,false,true,false
C:\Users\simon\Documents\Code\thesis-code\mockito-main\mockito-core\src\test\java\org\mockitousage\bugs\injection\ShouldNotTryToInjectInFinalOrStaticFieldsTest.java,ShouldNotTryToInjectInFinalOrStaticFieldsTest.java,ExampleService,dont_inject_in_final,1,0,void,public,true,false,true,false
C:\Users\simon\Documents\Code\thesis-code\mockito-main\mockito-core\src\test\java\org\mockitousage\bugs\IOOBExceptionShouldNotBeThrownWhenNotCodingFluentlyTest.java,IOOBExceptionShouldNotBeThrownWhenNotCodingFluentlyTest.java,IOOBExceptionShouldNotBeThrownWhenNotCodingFluentlyTest,second_stubbing_throws_IndexOutOfBoundsException,4,0,void,public,true,false,true,true
C:\Users\simon\Documents\Code\thesis-code\mockito-main\mockito-core\src\test\java\org\mockitousage\bugs\ListenersLostOnResetMockTest.java,ListenersLostOnResetMockTest.java,ListenersLostOnResetMockTest,listener,5,0,void,public,true,false,true,true
C:\Users\simon\Documents\Code\thesis-code\mockito-main\mockito-core\src\test\java\org\mockitousage\bugs\MockitoStubbedCallInAnswerTest.java,MockitoStubbedCallInAnswerTest.java,Bar,stubbing_the_right_mock,7,0,void,public,true,false,true,false
C:\Users\simon\Documents\Code\thesis-code\mockito-main\mockito-core\src\test\java\org\mockitousage\bugs\MockitoStubbedCallInAnswerTest.java,MockitoStubbedCallInAnswerTest.java,Bar,answer,1,1,Integer,public,false,false,true,false
C:\Users\simon\Documents\Code\thesis-code\mockito-main\mockito-core\src\test\java\org\mockitousage\bugs\MockitoStubbedCallInAnswerTest.java,MockitoStubbedCallInAnswerTest.java,Bar,return_type_validation,4,0,void,public,true,false,true,false
C:\Users\simon\Documents\Code\thesis-code\mockito-main\mockito-core\src\test\java\org\mockitousage\bugs\MockitoStubbedCallInAnswerTest.java,MockitoStubbedCallInAnswerTest.java,Bar,answer,1,1,String,public,false,false,true,false
C:\Users\simon\Documents\Code\thesis-code\mockito-main\mockito-core\src\test\java\org\mockitousage\bugs\MockitoStubbedCallInAnswerTest.java,MockitoStubbedCallInAnswerTest.java,Bar,prevents_stack_overflow,4,0,void,public,true,false,true,false
C:\Users\simon\Documents\Code\thesis-code\mockito-main\mockito-core\src\test\java\org\mockitousage\bugs\MockitoStubbedCallInAnswerTest.java,MockitoStubbedCallInAnswerTest.java,Bar,answer,1,1,Integer,public,false,false,true,false
C:\Users\simon\Documents\Code\thesis-code\mockito-main\mockito-core\src\test\java\org\mockitousage\bugs\MockitoStubbedCallInAnswerTest.java,MockitoStubbedCallInAnswerTest.java,Bar,answer,1,1,Integer,public,false,false,true,false
C:\Users\simon\Documents\Code\thesis-code\mockito-main\mockito-core\src\test\java\org\mockitousage\bugs\MockitoStubbedCallInAnswerTest.java,MockitoStubbedCallInAnswerTest.java,Bar,overriding_stubbing,5,0,void,public,true,false,true,false
C:\Users\simon\Documents\Code\thesis-code\mockito-main\mockito-core\src\test\java\org\mockitousage\bugs\MockitoStubbedCallInAnswerTest.java,MockitoStubbedCallInAnswerTest.java,Bar,answer,1,1,Integer,public,false,false,true,false
C:\Users\simon\Documents\Code\thesis-code\mockito-main\mockito-core\src\test\java\org\mockitousage\bugs\MockitoStubbedCallInAnswerTest.java,MockitoStubbedCallInAnswerTest.java,Bar,doString,0,0,String,,false,false,true,false
C:\Users\simon\Documents\Code\thesis-code\mockito-main\mockito-core\src\test\java\org\mockitousage\bugs\MockitoStubbedCallInAnswerTest.java,MockitoStubbedCallInAnswerTest.java,Bar,doInt,0,0,int,,false,false,true,false
C:\Users\simon\Documents\Code\thesis-code\mockito-main\mockito-core\src\test\java\org\mockitousage\bugs\MockitoStubbedCallInAnswerTest.java,MockitoStubbedCallInAnswerTest.java,Bar,doInt,0,0,int,,false,false,true,false
C:\Users\simon\Documents\Code\thesis-code\mockito-main\mockito-core\src\test\java\org\mockitousage\bugs\MultipleInOrdersTest.java,MultipleInOrdersTest.java,MultipleInOrdersTest,inOrderTest,12,0,void,public,true,false,true,true
C:\Users\simon\Documents\Code\thesis-code\mockito-main\mockito-core\src\test\java\org\mockitousage\bugs\MultithreadedStubbingHalfManualTest.java,MultithreadedStubbingHalfManualTest.java,ToMock,getValue,0,1,Integer,,false,false,true,false
C:\Users\simon\Documents\Code\thesis-code\mockito-main\mockito-core\src\test\java\org\mockitousage\bugs\MultithreadedStubbingHalfManualTest.java,MultithreadedStubbingHalfManualTest.java,ToMock,getValues,0,1,List<Integer>,,false,false,true,false
C:\Users\simon\Documents\Code\thesis-code\mockito-main\mockito-core\src\test\java\org\mockitousage\bugs\MultithreadedStubbingHalfManualTest.java,MultithreadedStubbingHalfManualTest.java,ToMock,setUp,1,0,void,public,false,false,true,false
C:\Users\simon\Documents\Code\thesis-code\mockito-main\mockito-core\src\test\java\org\mockitousage\bugs\MultithreadedStubbingHalfManualTest.java,MultithreadedStubbingHalfManualTest.java,ToMock,getConflictingRunnable,1,1,Runnable,private,false,false,true,false
C:\Users\simon\Documents\Code\thesis-code\mockito-main\mockito-core\src\test\java\org\mockitousage\bugs\MultithreadedStubbingHalfManualTest.java,MultithreadedStubbingHalfManualTest.java,ToMock,run,1,0,void,public,false,false,true,false
C:\Users\simon\Documents\Code\thesis-code\mockito-main\mockito-core\src\test\java\org\mockitousage\bugs\MultithreadedStubbingHalfManualTest.java,MultithreadedStubbingHalfManualTest.java,ToMock,tryToRevealTheProblem,2,0,"// however I decided to synchronize some calls in order to make the exceptions nicer
void",public,true,false,true,false
C:\Users\simon\Documents\Code\thesis-code\mockito-main\mockito-core\src\test\java\org\mockitousage\bugs\NPEOnAnyClassMatcherAutounboxTest.java,NPEOnAnyClassMatcherAutounboxTest.java,Foo,bar,0,1,void,,false,false,true,false
C:\Users\simon\Documents\Code\thesis-code\mockito-main\mockito-core\src\test\java\org\mockitousage\bugs\NPEOnAnyClassMatcherAutounboxTest.java,NPEOnAnyClassMatcherAutounboxTest.java,Foo,shouldNotThrowNPE,3,0,void,public,true,false,true,false
C:\Users\simon\Documents\Code\thesis-code\mockito-main\mockito-core\src\test\java\org\mockitousage\bugs\NPEWhenMockingThrowablesTest.java,NPEWhenMockingThrowablesTest.java,DummyException,shouldNotThrowNPE,2,0,void,public,true,false,true,false
C:\Users\simon\Documents\Code\thesis-code\mockito-main\mockito-core\src\test\java\org\mockitousage\bugs\NPEWithCertainMatchersTest.java,NPEWithCertainMatchersTest.java,NPEWithCertainMatchersTest,clearState,1,0,void,public,false,false,true,true
C:\Users\simon\Documents\Code\thesis-code\mockito-main\mockito-core\src\test\java\org\mockitousage\bugs\NPEWithCertainMatchersTest.java,NPEWithCertainMatchersTest.java,NPEWithCertainMatchersTest,shouldNotThrowNPEWhenIntegerPassed,2,0,void,public,true,false,true,true
C:\Users\simon\Documents\Code\thesis-code\mockito-main\mockito-core\src\test\java\org\mockitousage\bugs\NPEWithCertainMatchersTest.java,NPEWithCertainMatchersTest.java,NPEWithCertainMatchersTest,shouldNotThrowNPEWhenIntPassed,2,0,void,public,true,false,true,true
C:\Users\simon\Documents\Code\thesis-code\mockito-main\mockito-core\src\test\java\org\mockitousage\bugs\NPEWithCertainMatchersTest.java,NPEWithCertainMatchersTest.java,NPEWithCertainMatchersTest,shouldNotThrowNPEWhenIntegerPassedToEq,2,0,void,public,true,false,true,true
C:\Users\simon\Documents\Code\thesis-code\mockito-main\mockito-core\src\test\java\org\mockitousage\bugs\NPEWithCertainMatchersTest.java,NPEWithCertainMatchersTest.java,NPEWithCertainMatchersTest,shouldNotThrowNPEWhenIntegerPassedToSame,2,0,void,public,true,false,true,true
C:\Users\simon\Documents\Code\thesis-code\mockito-main\mockito-core\src\test\java\org\mockitousage\bugs\NPEWithCertainMatchersTest.java,NPEWithCertainMatchersTest.java,NPEWithCertainMatchersTest,shouldNotThrowNPEWhenNullPassedToEq,2,0,void,public,true,false,true,true
C:\Users\simon\Documents\Code\thesis-code\mockito-main\mockito-core\src\test\java\org\mockitousage\bugs\NPEWithCertainMatchersTest.java,NPEWithCertainMatchersTest.java,NPEWithCertainMatchersTest,shouldNotThrowNPEWhenNullPassedToSame,2,0,void,public,true,false,true,true
C:\Users\simon\Documents\Code\thesis-code\mockito-main\mockito-core\src\test\java\org\mockitousage\bugs\ShouldMocksCompareToBeConsistentWithEqualsTest.java,ShouldMocksCompareToBeConsistentWithEqualsTest.java,ShouldMocksCompareToBeConsistentWithEqualsTest,should_compare_to_be_consistent_with_equals,6,0,void,public,true,false,true,true
C:\Users\simon\Documents\Code\thesis-code\mockito-main\mockito-core\src\test\java\org\mockitousage\bugs\ShouldMocksCompareToBeConsistentWithEqualsTest.java,ShouldMocksCompareToBeConsistentWithEqualsTest.java,ShouldMocksCompareToBeConsistentWithEqualsTest,should_compare_to_be_consistent_with_equals_when_comparing_the_same_reference,5,0,void,public,true,false,true,true
C:\Users\simon\Documents\Code\thesis-code\mockito-main\mockito-core\src\test\java\org\mockitousage\bugs\ShouldMocksCompareToBeConsistentWithEqualsTest.java,ShouldMocksCompareToBeConsistentWithEqualsTest.java,ShouldMocksCompareToBeConsistentWithEqualsTest,should_allow_stubbing_and_verifying_compare_to,5,0,void,public,true,false,true,true
C:\Users\simon\Documents\Code\thesis-code\mockito-main\mockito-core\src\test\java\org\mockitousage\bugs\ShouldMocksCompareToBeConsistentWithEqualsTest.java,ShouldMocksCompareToBeConsistentWithEqualsTest.java,ShouldMocksCompareToBeConsistentWithEqualsTest,should_reset_not_remove_default_stubbing,3,0,void,public,true,false,true,true
C:\Users\simon\Documents\Code\thesis-code\mockito-main\mockito-core\src\test\java\org\mockitousage\bugs\ShouldNotDeadlockAnswerExecutionTest.java,ShouldNotDeadlockAnswerExecutionTest.java,Service,failIfMockIsSharedBetweenThreads,8,0,void,public,true,false,true,false
C:\Users\simon\Documents\Code\thesis-code\mockito-main\mockito-core\src\test\java\org\mockitousage\bugs\ShouldNotDeadlockAnswerExecutionTest.java,ShouldNotDeadlockAnswerExecutionTest.java,Service,successIfEveryThreadHasItsOwnMock,10,0,void,public,true,false,true,false
C:\Users\simon\Documents\Code\thesis-code\mockito-main\mockito-core\src\test\java\org\mockitousage\bugs\ShouldNotDeadlockAnswerExecutionTest.java,ShouldNotDeadlockAnswerExecutionTest.java,Service,answer,3,1,String,public,false,false,true,false
C:\Users\simon\Documents\Code\thesis-code\mockito-main\mockito-core\src\test\java\org\mockitousage\bugs\ShouldNotDeadlockAnswerExecutionTest.java,ShouldNotDeadlockAnswerExecutionTest.java,Service,run,1,0,void,public,false,false,true,false
C:\Users\simon\Documents\Code\thesis-code\mockito-main\mockito-core\src\test\java\org\mockitousage\bugs\ShouldNotDeadlockAnswerExecutionTest.java,ShouldNotDeadlockAnswerExecutionTest.java,Service,verySlowMethod,0,0,String,,false,false,true,false
C:\Users\simon\Documents\Code\thesis-code\mockito-main\mockito-core\src\test\java\org\mockitousage\bugs\ShouldOnlyModeAllowCapturingArgumentsTest.java,ShouldOnlyModeAllowCapturingArgumentsTest.java,ShouldOnlyModeAllowCapturingArgumentsTest,shouldAllowCapturingArguments,4,0,void,public,true,false,true,true
C:\Users\simon\Documents\Code\thesis-code\mockito-main\mockito-core\src\test\java\org\mockitousage\bugs\SpyShouldHaveNiceNameTest.java,SpyShouldHaveNiceNameTest.java,SpyShouldHaveNiceNameTest,shouldPrintNiceName,2,0,void,public,true,false,true,true
C:\Users\simon\Documents\Code\thesis-code\mockito-main\mockito-core\src\test\java\org\mockitousage\bugs\StubbingMocksThatAreConfiguredToReturnMocksTest.java,StubbingMocksThatAreConfiguredToReturnMocksTest.java,StubbingMocksThatAreConfiguredToReturnMocksTest,shouldAllowStubbingMocksConfiguredWithRETURNS_MOCKS,2,0,void,public,true,false,true,true
C:\Users\simon\Documents\Code\thesis-code\mockito-main\mockito-core\src\test\java\org\mockitousage\bugs\StubbingMocksThatAreConfiguredToReturnMocksTest.java,StubbingMocksThatAreConfiguredToReturnMocksTest.java,StubbingMocksThatAreConfiguredToReturnMocksTest,shouldAllowStubbingMocksConfiguredWithRETURNS_MOCKSWithDoApi,2,0,void,public,true,false,true,true
C:\Users\simon\Documents\Code\thesis-code\mockito-main\mockito-core\src\test\java\org\mockitousage\bugs\ThreadLocalTest.java,ThreadLocalTest.java,SomeThreadLocal,mock_ThreadLocal_does_not_raise_StackOverflowError,2,0,void,public,true,false,true,false
C:\Users\simon\Documents\Code\thesis-code\mockito-main\mockito-core\src\test\java\org\mockitousage\bugs\ThreadLocalTest.java,ThreadLocalTest.java,SomeThreadLocal,mock_class_extending_ThreadLocal_does_not_raise_StackOverflowError,2,0,void,public,true,false,true,false
C:\Users\simon\Documents\Code\thesis-code\mockito-main\mockito-core\src\test\java\org\mockitousage\bugs\ThreadLocalTest.java,ThreadLocalTest.java,SomeThreadLocal,spy_ThreadLocal_does_not_raise_StackOverflowError,2,0,void,public,true,false,true,false
C:\Users\simon\Documents\Code\thesis-code\mockito-main\mockito-core\src\test\java\org\mockitousage\bugs\ThreadLocalTest.java,ThreadLocalTest.java,SomeThreadLocal,spy_class_extending_ThreadLocal_does_not_raise_StackOverflowError,2,0,void,public,true,false,true,false
C:\Users\simon\Documents\Code\thesis-code\mockito-main\mockito-core\src\test\java\org\mockitousage\bugs\varargs\VarargsAndAnyPicksUpExtraInvocationsTest.java,VarargsAndAnyPicksUpExtraInvocationsTest.java,TableBuilder,newRow,0,2,void,,false,false,true,false
C:\Users\simon\Documents\Code\thesis-code\mockito-main\mockito-core\src\test\java\org\mockitousage\bugs\varargs\VarargsAndAnyPicksUpExtraInvocationsTest.java,VarargsAndAnyPicksUpExtraInvocationsTest.java,TableBuilder,shouldVerifyCorrectlyWithAny,3,0,void,public,true,false,true,false
C:\Users\simon\Documents\Code\thesis-code\mockito-main\mockito-core\src\test\java\org\mockitousage\bugs\varargs\VarargsAndAnyPicksUpExtraInvocationsTest.java,VarargsAndAnyPicksUpExtraInvocationsTest.java,TableBuilder,shouldVerifyCorrectlyNumberOfInvocationsUsingAnyAndEqualArgument,3,0,void,public,true,false,true,false
C:\Users\simon\Documents\Code\thesis-code\mockito-main\mockito-core\src\test\java\org\mockitousage\bugs\varargs\VarargsAndAnyPicksUpExtraInvocationsTest.java,VarargsAndAnyPicksUpExtraInvocationsTest.java,TableBuilder,shouldVerifyCorrectlyNumberOfInvocationsWithVarargs,4,0,void,public,true,false,true,false
C:\Users\simon\Documents\Code\thesis-code\mockito-main\mockito-core\src\test\java\org\mockitousage\bugs\varargs\VarargsErrorWhenCallingRealMethodTest.java,VarargsErrorWhenCallingRealMethodTest.java,Foo,blah,1,3,int,,false,false,true,false
C:\Users\simon\Documents\Code\thesis-code\mockito-main\mockito-core\src\test\java\org\mockitousage\bugs\varargs\VarargsErrorWhenCallingRealMethodTest.java,VarargsErrorWhenCallingRealMethodTest.java,Foo,shouldNotThrowAnyException,3,0,void,public,true,false,true,false
C:\Users\simon\Documents\Code\thesis-code\mockito-main\mockito-core\src\test\java\org\mockitousage\bugs\VerifyingWithAnExtraCallToADifferentMockTest.java,VerifyingWithAnExtraCallToADifferentMockTest.java,VerifyingWithAnExtraCallToADifferentMockTest,shouldAllowVerifyingWhenOtherMockCallIsInTheSameLine,4,0,void,public,true,false,true,true
C:\Users\simon\Documents\Code\thesis-code\mockito-main\mockito-core\src\test\java\org\mockitousage\CompilationWarningsTest.java,CompilationWarningsTest.java,CompilationWarningsTest,pay_attention_to_compilation_warnings_and_JDK_version,0,0,void,public,false,false,true,true
C:\Users\simon\Documents\Code\thesis-code\mockito-main\mockito-core\src\test\java\org\mockitousage\CompilationWarningsTest.java,CompilationWarningsTest.java,CompilationWarningsTest,no_warnings_for_most_common_api,48,0,void,public,true,false,true,true
C:\Users\simon\Documents\Code\thesis-code\mockito-main\mockito-core\src\test\java\org\mockitousage\CompilationWarningsTest.java,CompilationWarningsTest.java,CompilationWarningsTest,heap_pollution_JDK7plus_warning_avoided_BUT_now_unchecked_generic_array_creation_warnings_ON_JDK5plus_environment,6,0,void,public,true,false,true,true
C:\Users\simon\Documents\Code\thesis-code\mockito-main\mockito-core\src\test\java\org\mockitousage\CompilationWarningsTest.java,CompilationWarningsTest.java,CompilationWarningsTest,unchecked_confusing_null_argument_warnings,8,0,void,public,true,false,true,true
C:\Users\simon\Documents\Code\thesis-code\mockito-main\mockito-core\src\test\java\org\mockitousage\CompilationWarningsTest.java,CompilationWarningsTest.java,CompilationWarningsTest,ignore,1,0,Answer<?>,private; static,false,false,true,true
C:\Users\simon\Documents\Code\thesis-code\mockito-main\mockito-core\src\test\java\org\mockitousage\CompilationWarningsTest.java,CompilationWarningsTest.java,CompilationWarningsTest,answer,1,1,Object,public,false,false,true,true
C:\Users\simon\Documents\Code\thesis-code\mockito-main\mockito-core\src\test\java\org\mockitousage\configuration\ClassCacheVersusClassReloadingTest.java,ClassCacheVersusClassReloadingTest.java,PrepareMockito,should_not_throw_ClassCastException_when_objenesis_cache_disabled,3,0,void,public,true,false,true,false
C:\Users\simon\Documents\Code\thesis-code\mockito-main\mockito-core\src\test\java\org\mockitousage\configuration\ClassCacheVersusClassReloadingTest.java,ClassCacheVersusClassReloadingTest.java,PrepareMockito,call,2,0,Object,public,false,false,true,false
C:\Users\simon\Documents\Code\thesis-code\mockito-main\mockito-core\src\test\java\org\mockitousage\configuration\ClassCacheVersusClassReloadingTest.java,ClassCacheVersusClassReloadingTest.java,PrepareMockito,doInNewChildRealm,1,2,void,private; static,false,false,true,false
C:\Users\simon\Documents\Code\thesis-code\mockito-main\mockito-core\src\test\java\org\mockitousage\configuration\ClassCacheVersusClassReloadingTest.java,ClassCacheVersusClassReloadingTest.java,PrepareMockito,reloadScope,1,0,SimplePerRealmReloadingClassLoader.ReloadClassPredicate,private; static,false,false,true,false
C:\Users\simon\Documents\Code\thesis-code\mockito-main\mockito-core\src\test\java\org\mockitousage\configuration\ClassCacheVersusClassReloadingTest.java,ClassCacheVersusClassReloadingTest.java,PrepareMockito,acceptReloadOf,1,1,boolean,public,false,false,true,false
C:\Users\simon\Documents\Code\thesis-code\mockito-main\mockito-core\src\test\java\org\mockitousage\configuration\ClassCacheVersusClassReloadingTest.java,ClassCacheVersusClassReloadingTest.java,PrepareMockito,prepareMockitoAndDisableObjenesisCache,1,0,void,private,false,false,true,false
C:\Users\simon\Documents\Code\thesis-code\mockito-main\mockito-core\src\test\java\org\mockitousage\configuration\ClassCacheVersusClassReloadingTest.java,ClassCacheVersusClassReloadingTest.java,PrepareMockito,call,3,0,Boolean,public,false,false,true,false
C:\Users\simon\Documents\Code\thesis-code\mockito-main\mockito-core\src\test\java\org\mockitousage\configuration\ClassCacheVersusClassReloadingTest.java,ClassCacheVersusClassReloadingTest.java,PrepareMockito,reloadMockito,1,0,SimplePerRealmReloadingClassLoader.ReloadClassPredicate,private; static,false,false,true,false
C:\Users\simon\Documents\Code\thesis-code\mockito-main\mockito-core\src\test\java\org\mockitousage\configuration\ClassCacheVersusClassReloadingTest.java,ClassCacheVersusClassReloadingTest.java,PrepareMockito,acceptReloadOf,1,1,boolean,public,false,false,true,false
C:\Users\simon\Documents\Code\thesis-code\mockito-main\mockito-core\src\test\java\org\mockitousage\constructor\CreatingMocksWithConstructorTest.java,CreatingMocksWithConstructorTest.java,AmbiguousWithPrimitive,getMessage,1,0,String,,false,false,true,false
C:\Users\simon\Documents\Code\thesis-code\mockito-main\mockito-core\src\test\java\org\mockitousage\constructor\CreatingMocksWithConstructorTest.java,CreatingMocksWithConstructorTest.java,AmbiguousWithPrimitive,can_create_mock_with_constructor,2,0,void,public,true,false,true,false
C:\Users\simon\Documents\Code\thesis-code\mockito-main\mockito-core\src\test\java\org\mockitousage\constructor\CreatingMocksWithConstructorTest.java,CreatingMocksWithConstructorTest.java,AmbiguousWithPrimitive,can_mock_abstract_classes,2,0,void,public,true,false,true,false
C:\Users\simon\Documents\Code\thesis-code\mockito-main\mockito-core\src\test\java\org\mockitousage\constructor\CreatingMocksWithConstructorTest.java,CreatingMocksWithConstructorTest.java,AmbiguousWithPrimitive,can_spy_abstract_classes,2,0,void,public,true,false,true,false
C:\Users\simon\Documents\Code\thesis-code\mockito-main\mockito-core\src\test\java\org\mockitousage\constructor\CreatingMocksWithConstructorTest.java,CreatingMocksWithConstructorTest.java,AmbiguousWithPrimitive,can_spy_abstract_classes_with_constructor_args,2,0,void,public,true,false,true,false
C:\Users\simon\Documents\Code\thesis-code\mockito-main\mockito-core\src\test\java\org\mockitousage\constructor\CreatingMocksWithConstructorTest.java,CreatingMocksWithConstructorTest.java,AmbiguousWithPrimitive,can_spy_abstract_classes_with_constructor_primitive_args,2,0,void,public,true,false,true,false
C:\Users\simon\Documents\Code\thesis-code\mockito-main\mockito-core\src\test\java\org\mockitousage\constructor\CreatingMocksWithConstructorTest.java,CreatingMocksWithConstructorTest.java,AmbiguousWithPrimitive,can_spy_abstract_classes_with_constructor_array_of_nulls,2,0,void,public,true,false,true,false
C:\Users\simon\Documents\Code\thesis-code\mockito-main\mockito-core\src\test\java\org\mockitousage\constructor\CreatingMocksWithConstructorTest.java,CreatingMocksWithConstructorTest.java,AmbiguousWithPrimitive,can_spy_abstract_classes_with_casted_null,2,0,void,public,true,false,true,false
C:\Users\simon\Documents\Code\thesis-code\mockito-main\mockito-core\src\test\java\org\mockitousage\constructor\CreatingMocksWithConstructorTest.java,CreatingMocksWithConstructorTest.java,AmbiguousWithPrimitive,can_spy_abstract_classes_with_null_varargs,1,0,void,public,true,false,true,false
C:\Users\simon\Documents\Code\thesis-code\mockito-main\mockito-core\src\test\java\org\mockitousage\constructor\CreatingMocksWithConstructorTest.java,CreatingMocksWithConstructorTest.java,AmbiguousWithPrimitive,can_mock_inner_classes,2,0,void,public,true,false,true,false
C:\Users\simon\Documents\Code\thesis-code\mockito-main\mockito-core\src\test\java\org\mockitousage\constructor\CreatingMocksWithConstructorTest.java,CreatingMocksWithConstructorTest.java,AmbiguousWithPrimitive,explains_constructor_exceptions,1,0,void,public,true,false,true,false
C:\Users\simon\Documents\Code\thesis-code\mockito-main\mockito-core\src\test\java\org\mockitousage\constructor\CreatingMocksWithConstructorTest.java,CreatingMocksWithConstructorTest.java,AmbiguousWithPrimitive,exception_message_when_constructor_not_found,1,0,void,public,true,false,true,false
C:\Users\simon\Documents\Code\thesis-code\mockito-main\mockito-core\src\test\java\org\mockitousage\constructor\CreatingMocksWithConstructorTest.java,CreatingMocksWithConstructorTest.java,AmbiguousWithPrimitive,getConstructorUsed,1,0,String,,false,false,true,false
C:\Users\simon\Documents\Code\thesis-code\mockito-main\mockito-core\src\test\java\org\mockitousage\constructor\CreatingMocksWithConstructorTest.java,CreatingMocksWithConstructorTest.java,AmbiguousWithPrimitive,can_mock_unambigous_constructor_with_inheritance_base_class_exact_match,2,0,void,public,true,false,true,false
C:\Users\simon\Documents\Code\thesis-code\mockito-main\mockito-core\src\test\java\org\mockitousage\constructor\CreatingMocksWithConstructorTest.java,CreatingMocksWithConstructorTest.java,AmbiguousWithPrimitive,can_mock_unambigous_constructor_with_inheritance_extending_class_exact_match,2,0,void,public,true,false,true,false
C:\Users\simon\Documents\Code\thesis-code\mockito-main\mockito-core\src\test\java\org\mockitousage\constructor\CreatingMocksWithConstructorTest.java,CreatingMocksWithConstructorTest.java,AmbiguousWithPrimitive,can_mock_unambigous_constructor_with_inheritance_non_exact_match,2,0,void,public,true,false,true,false
C:\Users\simon\Documents\Code\thesis-code\mockito-main\mockito-core\src\test\java\org\mockitousage\constructor\CreatingMocksWithConstructorTest.java,CreatingMocksWithConstructorTest.java,AmbiguousWithPrimitive,getConstructorUsed,1,0,String,,false,false,true,false
C:\Users\simon\Documents\Code\thesis-code\mockito-main\mockito-core\src\test\java\org\mockitousage\constructor\CreatingMocksWithConstructorTest.java,CreatingMocksWithConstructorTest.java,AmbiguousWithPrimitive,can_mock_unambigous_constructor_with_inheritance_multiple_base_class_exact_match,2,0,void,public,true,false,true,false
C:\Users\simon\Documents\Code\thesis-code\mockito-main\mockito-core\src\test\java\org\mockitousage\constructor\CreatingMocksWithConstructorTest.java,CreatingMocksWithConstructorTest.java,AmbiguousWithPrimitive,can_mock_unambigous_constructor_with_inheritance_first_extending_class_exact_match,2,0,void,public,true,false,true,false
C:\Users\simon\Documents\Code\thesis-code\mockito-main\mockito-core\src\test\java\org\mockitousage\constructor\CreatingMocksWithConstructorTest.java,CreatingMocksWithConstructorTest.java,AmbiguousWithPrimitive,can_mock_unambigous_constructor_with_inheritance_second_extending_class_exact_match,2,0,void,public,true,false,true,false
C:\Users\simon\Documents\Code\thesis-code\mockito-main\mockito-core\src\test\java\org\mockitousage\constructor\CreatingMocksWithConstructorTest.java,CreatingMocksWithConstructorTest.java,AmbiguousWithPrimitive,fail_when_multiple_matching_constructors_with_inheritence,1,0,void,public,true,false,true,false
C:\Users\simon\Documents\Code\thesis-code\mockito-main\mockito-core\src\test\java\org\mockitousage\constructor\CreatingMocksWithConstructorTest.java,CreatingMocksWithConstructorTest.java,AmbiguousWithPrimitive,mocking_inner_classes_with_wrong_outer_instance,1,0,void,public,true,false,true,false
C:\Users\simon\Documents\Code\thesis-code\mockito-main\mockito-core\src\test\java\org\mockitousage\constructor\CreatingMocksWithConstructorTest.java,CreatingMocksWithConstructorTest.java,AmbiguousWithPrimitive,mocking_interfaces_with_constructor,2,0,void,public,true,false,true,false
C:\Users\simon\Documents\Code\thesis-code\mockito-main\mockito-core\src\test\java\org\mockitousage\constructor\CreatingMocksWithConstructorTest.java,CreatingMocksWithConstructorTest.java,AmbiguousWithPrimitive,prevents_across_jvm_serialization_with_constructor,1,0,void,public,true,false,true,false
C:\Users\simon\Documents\Code\thesis-code\mockito-main\mockito-core\src\test\java\org\mockitousage\constructor\CreatingMocksWithConstructorTest.java,CreatingMocksWithConstructorTest.java,AmbiguousWithPrimitive,name,0,0,String,abstract,false,false,true,false
C:\Users\simon\Documents\Code\thesis-code\mockito-main\mockito-core\src\test\java\org\mockitousage\constructor\CreatingMocksWithConstructorTest.java,CreatingMocksWithConstructorTest.java,AmbiguousWithPrimitive,fullName,1,0,String,,false,false,true,false
C:\Users\simon\Documents\Code\thesis-code\mockito-main\mockito-core\src\test\java\org\mockitousage\constructor\CreatingMocksWithConstructorTest.java,CreatingMocksWithConstructorTest.java,AmbiguousWithPrimitive,abstract_method_returns_default,2,0,void,public,true,false,true,false
C:\Users\simon\Documents\Code\thesis-code\mockito-main\mockito-core\src\test\java\org\mockitousage\constructor\CreatingMocksWithConstructorTest.java,CreatingMocksWithConstructorTest.java,AmbiguousWithPrimitive,abstract_method_stubbed,3,0,void,public,true,false,true,false
C:\Users\simon\Documents\Code\thesis-code\mockito-main\mockito-core\src\test\java\org\mockitousage\constructor\CreatingMocksWithConstructorTest.java,CreatingMocksWithConstructorTest.java,AmbiguousWithPrimitive,interface_method_stubbed,3,0,void,public,true,false,true,false
C:\Users\simon\Documents\Code\thesis-code\mockito-main\mockito-core\src\test\java\org\mockitousage\constructor\CreatingMocksWithConstructorTest.java,CreatingMocksWithConstructorTest.java,AmbiguousWithPrimitive,calls_real_interface_method,2,0,void,public,true,false,true,false
C:\Users\simon\Documents\Code\thesis-code\mockito-main\mockito-core\src\test\java\org\mockitousage\constructor\CreatingMocksWithConstructorTest.java,CreatingMocksWithConstructorTest.java,AmbiguousWithPrimitive,handles_bridge_methods_correctly,2,0,void,public,true,false,true,false
C:\Users\simon\Documents\Code\thesis-code\mockito-main\mockito-core\src\test\java\org\mockitousage\constructor\CreatingMocksWithConstructorTest.java,CreatingMocksWithConstructorTest.java,AmbiguousWithPrimitive,forbid_spy_on_mock,1,0,void,public,true,false,true,false
C:\Users\simon\Documents\Code\thesis-code\mockito-main\mockito-core\src\test\java\org\mockitousage\constructor\CreatingMocksWithConstructorTest.java,CreatingMocksWithConstructorTest.java,AmbiguousWithPrimitive,getRealValue,0,1,String,protected; abstract,false,false,true,false
C:\Users\simon\Documents\Code\thesis-code\mockito-main\mockito-core\src\test\java\org\mockitousage\constructor\CreatingMocksWithConstructorTest.java,CreatingMocksWithConstructorTest.java,AmbiguousWithPrimitive,getValue,1,1,String,public,false,false,true,false
C:\Users\simon\Documents\Code\thesis-code\mockito-main\mockito-core\src\test\java\org\mockitousage\constructor\CreatingMocksWithConstructorTest.java,CreatingMocksWithConstructorTest.java,AmbiguousWithPrimitive,getRealValue,1,1,String,protected,false,false,true,false
C:\Users\simon\Documents\Code\thesis-code\mockito-main\mockito-core\src\test\java\org\mockitousage\constructor\CreatingMocksWithConstructorTest.java,CreatingMocksWithConstructorTest.java,AmbiguousWithPrimitive,getData,1,0,String,public,false,false,true,false
C:\Users\simon\Documents\Code\thesis-code\mockito-main\mockito-core\src\test\java\org\mockitousage\constructor\CreatingMocksWithConstructorTest.java,CreatingMocksWithConstructorTest.java,AmbiguousWithPrimitive,can_spy_ambiguius_constructor_with_primitive,2,0,void,public,true,false,true,false
C:\Users\simon\Documents\Code\thesis-code\mockito-main\mockito-core\src\test\java\org\mockitousage\customization\BDDMockitoTest.java,BDDMockitoTest.java,AnotherThingWasWrong,should_stub,3,0,void,public,true,false,true,false
C:\Users\simon\Documents\Code\thesis-code\mockito-main\mockito-core\src\test\java\org\mockitousage\customization\BDDMockitoTest.java,BDDMockitoTest.java,AnotherThingWasWrong,should_stub_with_throwable,2,0,void,public,true,false,true,false
C:\Users\simon\Documents\Code\thesis-code\mockito-main\mockito-core\src\test\java\org\mockitousage\customization\BDDMockitoTest.java,BDDMockitoTest.java,AnotherThingWasWrong,should_stub_with_throwable_class,2,0,void,public,true,false,true,false
C:\Users\simon\Documents\Code\thesis-code\mockito-main\mockito-core\src\test\java\org\mockitousage\customization\BDDMockitoTest.java,BDDMockitoTest.java,AnotherThingWasWrong,should_stub_with_throwable_classes,2,0,void,public,true,false,true,false
C:\Users\simon\Documents\Code\thesis-code\mockito-main\mockito-core\src\test\java\org\mockitousage\customization\BDDMockitoTest.java,BDDMockitoTest.java,AnotherThingWasWrong,should_stub_with_answer,2,0,void,public,true,false,true,false
C:\Users\simon\Documents\Code\thesis-code\mockito-main\mockito-core\src\test\java\org\mockitousage\customization\BDDMockitoTest.java,BDDMockitoTest.java,AnotherThingWasWrong,should_stub_with_will_answer_alias,2,0,void,public,true,false,true,false
C:\Users\simon\Documents\Code\thesis-code\mockito-main\mockito-core\src\test\java\org\mockitousage\customization\BDDMockitoTest.java,BDDMockitoTest.java,AnotherThingWasWrong,should_stub_consecutively,3,0,void,public,true,false,true,false
C:\Users\simon\Documents\Code\thesis-code\mockito-main\mockito-core\src\test\java\org\mockitousage\customization\BDDMockitoTest.java,BDDMockitoTest.java,AnotherThingWasWrong,should_return_consecutively,5,0,void,public,true,false,true,false
C:\Users\simon\Documents\Code\thesis-code\mockito-main\mockito-core\src\test\java\org\mockitousage\customization\BDDMockitoTest.java,BDDMockitoTest.java,AnotherThingWasWrong,should_stub_consecutively_with_call_real_method,4,0,void,public,true,false,true,false
C:\Users\simon\Documents\Code\thesis-code\mockito-main\mockito-core\src\test\java\org\mockitousage\customization\BDDMockitoTest.java,BDDMockitoTest.java,AnotherThingWasWrong,should_stub_void,2,0,void,public,true,false,true,false
C:\Users\simon\Documents\Code\thesis-code\mockito-main\mockito-core\src\test\java\org\mockitousage\customization\BDDMockitoTest.java,BDDMockitoTest.java,AnotherThingWasWrong,should_stub_void_with_exception_class,2,0,void,public,true,false,true,false
C:\Users\simon\Documents\Code\thesis-code\mockito-main\mockito-core\src\test\java\org\mockitousage\customization\BDDMockitoTest.java,BDDMockitoTest.java,AnotherThingWasWrong,should_stub_void_with_exception_classes,2,0,void,public,true,false,true,false
C:\Users\simon\Documents\Code\thesis-code\mockito-main\mockito-core\src\test\java\org\mockitousage\customization\BDDMockitoTest.java,BDDMockitoTest.java,AnotherThingWasWrong,should_stub_void_consecutively,3,0,void,public,true,false,true,false
C:\Users\simon\Documents\Code\thesis-code\mockito-main\mockito-core\src\test\java\org\mockitousage\customization\BDDMockitoTest.java,BDDMockitoTest.java,AnotherThingWasWrong,should_stub_void_consecutively_with_exception_class,3,0,void,public,true,false,true,false
C:\Users\simon\Documents\Code\thesis-code\mockito-main\mockito-core\src\test\java\org\mockitousage\customization\BDDMockitoTest.java,BDDMockitoTest.java,AnotherThingWasWrong,should_stub_using_do_return_style,3,0,void,public,true,false,true,false
C:\Users\simon\Documents\Code\thesis-code\mockito-main\mockito-core\src\test\java\org\mockitousage\customization\BDDMockitoTest.java,BDDMockitoTest.java,AnotherThingWasWrong,should_stub_using_do_answer_style,2,0,void,public,true,false,true,false
C:\Users\simon\Documents\Code\thesis-code\mockito-main\mockito-core\src\test\java\org\mockitousage\customization\BDDMockitoTest.java,BDDMockitoTest.java,AnotherThingWasWrong,should_stub_by_delegating_to_real_method,3,0,void,public,true,false,true,false
C:\Users\simon\Documents\Code\thesis-code\mockito-main\mockito-core\src\test\java\org\mockitousage\customization\BDDMockitoTest.java,BDDMockitoTest.java,AnotherThingWasWrong,should_stub_by_delegating_to_real_method_using_typical_stubbing_syntax,3,0,void,public,true,false,true,false
C:\Users\simon\Documents\Code\thesis-code\mockito-main\mockito-core\src\test\java\org\mockitousage\customization\BDDMockitoTest.java,BDDMockitoTest.java,AnotherThingWasWrong,should_all_stubbed_mock_reference_access,3,0,void,public,true,false,true,false
C:\Users\simon\Documents\Code\thesis-code\mockito-main\mockito-core\src\test\java\org\mockitousage\customization\BDDMockitoTest.java,BDDMockitoTest.java,AnotherThingWasWrong,should_validate_mock_when_verifying,1,0,void,public,true,false,true,false
C:\Users\simon\Documents\Code\thesis-code\mockito-main\mockito-core\src\test\java\org\mockitousage\customization\BDDMockitoTest.java,BDDMockitoTest.java,AnotherThingWasWrong,should_validate_mock_when_verifying_with_expected_number_of_invocations,1,0,void,public,true,false,true,false
C:\Users\simon\Documents\Code\thesis-code\mockito-main\mockito-core\src\test\java\org\mockitousage\customization\BDDMockitoTest.java,BDDMockitoTest.java,AnotherThingWasWrong,should_validate_mock_when_verifying_no_more_interactions,1,0,void,public,true,false,true,false
C:\Users\simon\Documents\Code\thesis-code\mockito-main\mockito-core\src\test\java\org\mockitousage\customization\BDDMockitoTest.java,BDDMockitoTest.java,AnotherThingWasWrong,should_fail_for_expected_behavior_that_did_not_happen,1,0,void,public,true,false,true,false
C:\Users\simon\Documents\Code\thesis-code\mockito-main\mockito-core\src\test\java\org\mockitousage\customization\BDDMockitoTest.java,BDDMockitoTest.java,AnotherThingWasWrong,should_pass_for_expected_behavior_that_happened,3,0,void,public,true,false,true,false
C:\Users\simon\Documents\Code\thesis-code\mockito-main\mockito-core\src\test\java\org\mockitousage\customization\BDDMockitoTest.java,BDDMockitoTest.java,AnotherThingWasWrong,should_validate_that_mock_had_no_interactions,1,0,void,public,true,false,true,false
C:\Users\simon\Documents\Code\thesis-code\mockito-main\mockito-core\src\test\java\org\mockitousage\customization\BDDMockitoTest.java,BDDMockitoTest.java,AnotherThingWasWrong,should_fail_when_mock_had_more_interactions_than_expected,4,0,void,public,true,false,true,false
C:\Users\simon\Documents\Code\thesis-code\mockito-main\mockito-core\src\test\java\org\mockitousage\customization\BDDMockitoTest.java,BDDMockitoTest.java,AnotherThingWasWrong,should_pass_for_interactions_that_happened_in_correct_order,5,0,void,public,true,false,true,false
C:\Users\simon\Documents\Code\thesis-code\mockito-main\mockito-core\src\test\java\org\mockitousage\customization\BDDMockitoTest.java,BDDMockitoTest.java,AnotherThingWasWrong,should_fail_for_interactions_that_were_in_wrong_order,5,0,void,public,true,false,true,false
C:\Users\simon\Documents\Code\thesis-code\mockito-main\mockito-core\src\test\java\org\mockitousage\customization\BDDMockitoTest.java,BDDMockitoTest.java,AnotherThingWasWrong,should_fail_when_checking_order_of_interactions_that_did_not_happen,1,0,void,public,true,false,true,false
C:\Users\simon\Documents\Code\thesis-code\mockito-main\mockito-core\src\test\java\org\mockitousage\customization\BDDMockitoTest.java,BDDMockitoTest.java,AnotherThingWasWrong,should_pass_fluent_bdd_scenario,7,0,void,public,true,false,true,false
C:\Users\simon\Documents\Code\thesis-code\mockito-main\mockito-core\src\test\java\org\mockitousage\customization\BDDMockitoTest.java,BDDMockitoTest.java,AnotherThingWasWrong,should_pass_fluent_bdd_scenario_with_ordered_verification,9,0,void,public,true,false,true,false
C:\Users\simon\Documents\Code\thesis-code\mockito-main\mockito-core\src\test\java\org\mockitousage\customization\BDDMockitoTest.java,BDDMockitoTest.java,AnotherThingWasWrong,should_pass_fluent_bdd_scenario_with_ordered_verification_for_two_mocks,9,0,void,public,true,false,true,false
C:\Users\simon\Documents\Code\thesis-code\mockito-main\mockito-core\src\test\java\org\mockitousage\customization\BDDMockitoTest.java,BDDMockitoTest.java,AnotherThingWasWrong,ride,0,1,void,,false,false,true,false
C:\Users\simon\Documents\Code\thesis-code\mockito-main\mockito-core\src\test\java\org\mockitousage\customization\BDDMockitoTest.java,BDDMockitoTest.java,AnotherThingWasWrong,drive,0,1,void,,false,false,true,false
C:\Users\simon\Documents\Code\thesis-code\mockito-main\mockito-core\src\test\java\org\mockitousage\customization\BDDMockitoTest.java,BDDMockitoTest.java,AnotherThingWasWrong,chase,0,1,void,,false,false,true,false
C:\Users\simon\Documents\Code\thesis-code\mockito-main\mockito-core\src\test\java\org\mockitousage\customization\BDDMockitoTest.java,BDDMockitoTest.java,AnotherThingWasWrong,bark,1,0,String,public,false,false,true,false
C:\Users\simon\Documents\Code\thesis-code\mockito-main\mockito-core\src\test\java\org\mockitousage\debugging\InvocationListenerCallbackTest.java,InvocationListenerCallbackTest.java,OvenNotWorking,should_call_single_listener_when_mock_return_normally,5,0,void,public,true,false,true,false
C:\Users\simon\Documents\Code\thesis-code\mockito-main\mockito-core\src\test\java\org\mockitousage\debugging\InvocationListenerCallbackTest.java,InvocationListenerCallbackTest.java,OvenNotWorking,should_call_listeners_in_order,6,0,void,public,true,false,true,false
C:\Users\simon\Documents\Code\thesis-code\mockito-main\mockito-core\src\test\java\org\mockitousage\debugging\InvocationListenerCallbackTest.java,InvocationListenerCallbackTest.java,OvenNotWorking,should_allow_same_listener,6,0,void,public,true,false,true,false
C:\Users\simon\Documents\Code\thesis-code\mockito-main\mockito-core\src\test\java\org\mockitousage\debugging\InvocationListenerCallbackTest.java,InvocationListenerCallbackTest.java,OvenNotWorking,should_call_all_listener_when_mock_return_normally,7,0,void,public,true,false,true,false
C:\Users\simon\Documents\Code\thesis-code\mockito-main\mockito-core\src\test\java\org\mockitousage\debugging\InvocationListenerCallbackTest.java,InvocationListenerCallbackTest.java,OvenNotWorking,should_call_all_listener_when_mock_throws_exception,5,0,void,public,true,false,true,false
C:\Users\simon\Documents\Code\thesis-code\mockito-main\mockito-core\src\test\java\org\mockitousage\debugging\InvocationListenerCallbackTest.java,InvocationListenerCallbackTest.java,OvenNotWorking,notifiedFor,1,2,Condition<RememberingListener>,private; static,false,false,true,false
C:\Users\simon\Documents\Code\thesis-code\mockito-main\mockito-core\src\test\java\org\mockitousage\debugging\InvocationListenerCallbackTest.java,InvocationListenerCallbackTest.java,OvenNotWorking,matches,4,1,boolean,public,false,false,true,false
C:\Users\simon\Documents\Code\thesis-code\mockito-main\mockito-core\src\test\java\org\mockitousage\debugging\InvocationListenerCallbackTest.java,InvocationListenerCallbackTest.java,OvenNotWorking,reportInvocation,4,1,void,public,false,false,true,false
C:\Users\simon\Documents\Code\thesis-code\mockito-main\mockito-core\src\test\java\org\mockitousage\debugging\InvocationsPrinterTest.java,InvocationsPrinterTest.java,InvocationsPrinterTest,no_invocations,1,0,void,public,true,false,true,true
C:\Users\simon\Documents\Code\thesis-code\mockito-main\mockito-core\src\test\java\org\mockitousage\debugging\InvocationsPrinterTest.java,InvocationsPrinterTest.java,InvocationsPrinterTest,prints_invocations,3,0,void,public,true,false,true,true
C:\Users\simon\Documents\Code\thesis-code\mockito-main\mockito-core\src\test\java\org\mockitousage\debugging\InvocationsPrinterTest.java,InvocationsPrinterTest.java,InvocationsPrinterTest,prints_stubbings,2,0,void,public,true,false,true,true
C:\Users\simon\Documents\Code\thesis-code\mockito-main\mockito-core\src\test\java\org\mockitousage\debugging\InvocationsPrinterTest.java,InvocationsPrinterTest.java,InvocationsPrinterTest,prints_invocations_and_stubbings,4,0,void,public,true,false,true,true
C:\Users\simon\Documents\Code\thesis-code\mockito-main\mockito-core\src\test\java\org\mockitousage\debugging\InvocationsPrinterTest.java,InvocationsPrinterTest.java,InvocationsPrinterTest,prints_invocations_and_unused_stubbings,4,0,void,public,true,false,true,true
C:\Users\simon\Documents\Code\thesis-code\mockito-main\mockito-core\src\test\java\org\mockitousage\debugging\InvocationsPrinterTest.java,InvocationsPrinterTest.java,InvocationsPrinterTest,triggerInteraction,1,0,void,private,false,false,true,true
C:\Users\simon\Documents\Code\thesis-code\mockito-main\mockito-core\src\test\java\org\mockitousage\debugging\InvocationsPrinterTest.java,InvocationsPrinterTest.java,InvocationsPrinterTest,triggerStubbing,1,0,void,private,false,false,true,true
C:\Users\simon\Documents\Code\thesis-code\mockito-main\mockito-core\src\test\java\org\mockitousage\debugging\StubbingLookupListenerCallbackTest.java,StubbingLookupListenerCallbackTest.java,NoWater,should_call_listener_when_mock_return_normally_with_stubbed_answer,4,0,void,public,true,false,true,false
C:\Users\simon\Documents\Code\thesis-code\mockito-main\mockito-core\src\test\java\org\mockitousage\debugging\StubbingLookupListenerCallbackTest.java,StubbingLookupListenerCallbackTest.java,NoWater,matches,5,1,boolean,public,false,false,true,false
C:\Users\simon\Documents\Code\thesis-code\mockito-main\mockito-core\src\test\java\org\mockitousage\debugging\StubbingLookupListenerCallbackTest.java,StubbingLookupListenerCallbackTest.java,NoWater,should_call_listener_when_mock_return_normally_with_default_answer,3,0,void,public,true,false,true,false
C:\Users\simon\Documents\Code\thesis-code\mockito-main\mockito-core\src\test\java\org\mockitousage\debugging\StubbingLookupListenerCallbackTest.java,StubbingLookupListenerCallbackTest.java,NoWater,matches,5,1,boolean,public,false,false,true,false
C:\Users\simon\Documents\Code\thesis-code\mockito-main\mockito-core\src\test\java\org\mockitousage\debugging\StubbingLookupListenerCallbackTest.java,StubbingLookupListenerCallbackTest.java,NoWater,should_not_call_listener_when_mock_is_not_called,2,0,void,public,true,false,true,false
C:\Users\simon\Documents\Code\thesis-code\mockito-main\mockito-core\src\test\java\org\mockitousage\debugging\StubbingLookupListenerCallbackTest.java,StubbingLookupListenerCallbackTest.java,NoWater,should_allow_same_listener,4,0,void,public,true,false,true,false
C:\Users\simon\Documents\Code\thesis-code\mockito-main\mockito-core\src\test\java\org\mockitousage\debugging\StubbingLookupListenerCallbackTest.java,StubbingLookupListenerCallbackTest.java,NoWater,should_call_all_listeners_in_order,6,0,void,public,true,false,true,false
C:\Users\simon\Documents\Code\thesis-code\mockito-main\mockito-core\src\test\java\org\mockitousage\debugging\StubbingLookupListenerCallbackTest.java,StubbingLookupListenerCallbackTest.java,NoWater,should_call_all_listeners_when_mock_throws_exception,3,0,void,public,true,false,true,false
C:\Users\simon\Documents\Code\thesis-code\mockito-main\mockito-core\src\test\java\org\mockitousage\debugging\StubbingLookupListenerCallbackTest.java,StubbingLookupListenerCallbackTest.java,NoWater,should_delete_listener,6,0,void,public,true,false,true,false
C:\Users\simon\Documents\Code\thesis-code\mockito-main\mockito-core\src\test\java\org\mockitousage\debugging\StubbingLookupListenerCallbackTest.java,StubbingLookupListenerCallbackTest.java,NoWater,should_clear_listeners,4,0,void,public,true,false,true,false
C:\Users\simon\Documents\Code\thesis-code\mockito-main\mockito-core\src\test\java\org\mockitousage\debugging\StubbingLookupListenerCallbackTest.java,StubbingLookupListenerCallbackTest.java,NoWater,add_listeners_concurrently_sanity_check,6,0,void,public,true,false,true,false
C:\Users\simon\Documents\Code\thesis-code\mockito-main\mockito-core\src\test\java\org\mockitousage\debugging\StubbingLookupListenerCallbackTest.java,StubbingLookupListenerCallbackTest.java,NoWater,run,5,0,void,public,false,false,true,false
C:\Users\simon\Documents\Code\thesis-code\mockito-main\mockito-core\src\test\java\org\mockitousage\debugging\VerboseLoggingOfInvocationsOnMockTest.java,VerboseLoggingOfInvocationsOnMockTest.java,FooImpl,setUp,3,0,void,public,false,false,true,false
C:\Users\simon\Documents\Code\thesis-code\mockito-main\mockito-core\src\test\java\org\mockitousage\debugging\VerboseLoggingOfInvocationsOnMockTest.java,VerboseLoggingOfInvocationsOnMockTest.java,FooImpl,tearDown,1,0,void,public,false,false,true,false
C:\Users\simon\Documents\Code\thesis-code\mockito-main\mockito-core\src\test\java\org\mockitousage\debugging\VerboseLoggingOfInvocationsOnMockTest.java,VerboseLoggingOfInvocationsOnMockTest.java,FooImpl,shouldNotPrintInvocationOnMockWithoutSetting,4,0,void,public,true,false,true,false
C:\Users\simon\Documents\Code\thesis-code\mockito-main\mockito-core\src\test\java\org\mockitousage\debugging\VerboseLoggingOfInvocationsOnMockTest.java,VerboseLoggingOfInvocationsOnMockTest.java,FooImpl,shouldPrintUnstubbedInvocationOnMockToStdOut,3,0,void,public,true,false,true,false
C:\Users\simon\Documents\Code\thesis-code\mockito-main\mockito-core\src\test\java\org\mockitousage\debugging\VerboseLoggingOfInvocationsOnMockTest.java,VerboseLoggingOfInvocationsOnMockTest.java,FooImpl,shouldPrintStubbedInvocationOnMockToStdOut,4,0,void,public,true,false,true,false
C:\Users\simon\Documents\Code\thesis-code\mockito-main\mockito-core\src\test\java\org\mockitousage\debugging\VerboseLoggingOfInvocationsOnMockTest.java,VerboseLoggingOfInvocationsOnMockTest.java,FooImpl,shouldPrintThrowingInvocationOnMockToStdOut,3,0,void,public,true,false,true,false
C:\Users\simon\Documents\Code\thesis-code\mockito-main\mockito-core\src\test\java\org\mockitousage\debugging\VerboseLoggingOfInvocationsOnMockTest.java,VerboseLoggingOfInvocationsOnMockTest.java,FooImpl,shouldPrintRealInvocationOnSpyToStdOut,4,0,void,public,true,false,true,false
C:\Users\simon\Documents\Code\thesis-code\mockito-main\mockito-core\src\test\java\org\mockitousage\debugging\VerboseLoggingOfInvocationsOnMockTest.java,VerboseLoggingOfInvocationsOnMockTest.java,FooImpl,usage,5,0,void,public,true,false,true,false
C:\Users\simon\Documents\Code\thesis-code\mockito-main\mockito-core\src\test\java\org\mockitousage\debugging\VerboseLoggingOfInvocationsOnMockTest.java,VerboseLoggingOfInvocationsOnMockTest.java,FooImpl,printed,1,0,String,private,false,false,true,false
C:\Users\simon\Documents\Code\thesis-code\mockito-main\mockito-core\src\test\java\org\mockitousage\debugging\VerboseLoggingOfInvocationsOnMockTest.java,VerboseLoggingOfInvocationsOnMockTest.java,FooImpl,mockName,1,1,String,private,false,false,true,false
C:\Users\simon\Documents\Code\thesis-code\mockito-main\mockito-core\src\test\java\org\mockitousage\debugging\VerboseLoggingOfInvocationsOnMockTest.java,VerboseLoggingOfInvocationsOnMockTest.java,FooImpl,unrelatedMethod,0,1,void,,false,false,true,false
C:\Users\simon\Documents\Code\thesis-code\mockito-main\mockito-core\src\test\java\org\mockitousage\debugging\VerboseLoggingOfInvocationsOnMockTest.java,VerboseLoggingOfInvocationsOnMockTest.java,FooImpl,giveMeSomeString,1,1,String,public,false,false,true,false
C:\Users\simon\Documents\Code\thesis-code\mockito-main\mockito-core\src\test\java\org\mockitousage\debugging\VerboseLoggingOfInvocationsOnMockTest.java,VerboseLoggingOfInvocationsOnMockTest.java,FooImpl,doSomething,0,1,void,public,false,false,true,false
C:\Users\simon\Documents\Code\thesis-code\mockito-main\mockito-core\src\test\java\org\mockitousage\debugging\VerificationListenerCallBackTest.java,VerificationListenerCallBackTest.java,RuntimeExceptionVerificationMode,clearListeners,1,0,void,public,false,false,true,false
C:\Users\simon\Documents\Code\thesis-code\mockito-main\mockito-core\src\test\java\org\mockitousage\debugging\VerificationListenerCallBackTest.java,VerificationListenerCallBackTest.java,RuntimeExceptionVerificationMode,should_call_single_listener_on_verify,8,0,void,public,true,false,true,false
C:\Users\simon\Documents\Code\thesis-code\mockito-main\mockito-core\src\test\java\org\mockitousage\debugging\VerificationListenerCallBackTest.java,VerificationListenerCallBackTest.java,RuntimeExceptionVerificationMode,should_call_all_listeners_on_verify,9,0,void,public,true,false,true,false
C:\Users\simon\Documents\Code\thesis-code\mockito-main\mockito-core\src\test\java\org\mockitousage\debugging\VerificationListenerCallBackTest.java,VerificationListenerCallBackTest.java,RuntimeExceptionVerificationMode,should_not_call_listener_when_verify_was_called_incorrectly,4,0,void,public,true,false,true,false
C:\Users\simon\Documents\Code\thesis-code\mockito-main\mockito-core\src\test\java\org\mockitousage\debugging\VerificationListenerCallBackTest.java,VerificationListenerCallBackTest.java,RuntimeExceptionVerificationMode,should_notify_when_verification_throws_type_error,5,0,void,public,true,false,true,false
C:\Users\simon\Documents\Code\thesis-code\mockito-main\mockito-core\src\test\java\org\mockitousage\debugging\VerificationListenerCallBackTest.java,VerificationListenerCallBackTest.java,RuntimeExceptionVerificationMode,should_notify_when_verification_throws_runtime_exception,5,0,void,public,true,false,true,false
C:\Users\simon\Documents\Code\thesis-code\mockito-main\mockito-core\src\test\java\org\mockitousage\debugging\VerificationListenerCallBackTest.java,VerificationListenerCallBackTest.java,RuntimeExceptionVerificationMode,should_call_verification_listeners,7,0,void,public,true,false,true,false
C:\Users\simon\Documents\Code\thesis-code\mockito-main\mockito-core\src\test\java\org\mockitousage\debugging\VerificationListenerCallBackTest.java,VerificationListenerCallBackTest.java,RuntimeExceptionVerificationMode,verificationTest,3,0,void,public,true,false,true,false
C:\Users\simon\Documents\Code\thesis-code\mockito-main\mockito-core\src\test\java\org\mockitousage\debugging\VerificationListenerCallBackTest.java,VerificationListenerCallBackTest.java,RuntimeExceptionVerificationMode,onVerification,4,1,void,public,false,false,true,false
C:\Users\simon\Documents\Code\thesis-code\mockito-main\mockito-core\src\test\java\org\mockitousage\debugging\VerificationListenerCallBackTest.java,VerificationListenerCallBackTest.java,RuntimeExceptionVerificationMode,notifiedFor,1,3,Condition<RememberingListener>,private; static,false,false,true,false
C:\Users\simon\Documents\Code\thesis-code\mockito-main\mockito-core\src\test\java\org\mockitousage\debugging\VerificationListenerCallBackTest.java,VerificationListenerCallBackTest.java,RuntimeExceptionVerificationMode,matches,4,1,boolean,public,false,false,true,false
C:\Users\simon\Documents\Code\thesis-code\mockito-main\mockito-core\src\test\java\org\mockitousage\debugging\VerificationListenerCallBackTest.java,VerificationListenerCallBackTest.java,RuntimeExceptionVerificationMode,verify,1,1,void,public,false,false,true,false
C:\Users\simon\Documents\Code\thesis-code\mockito-main\mockito-core\src\test\java\org\mockitousage\debugging\VerificationListenerCallBackTest.java,VerificationListenerCallBackTest.java,RuntimeExceptionVerificationMode,description,1,1,VerificationMode,public,false,false,true,false
C:\Users\simon\Documents\Code\thesis-code\mockito-main\mockito-core\src\test\java\org\mockitousage\examples\use\ExampleTest.java,ExampleTest.java,ExampleTest,managerCountsArticlesAndSavesThemInTheDatabase,6,0,void,public,true,false,true,true
C:\Users\simon\Documents\Code\thesis-code\mockito-main\mockito-core\src\test\java\org\mockitousage\examples\use\ExampleTest.java,ExampleTest.java,ExampleTest,managerCountsArticlesUsingCalculator,3,0,void,public,true,false,true,true
C:\Users\simon\Documents\Code\thesis-code\mockito-main\mockito-core\src\test\java\org\mockitousage\examples\use\ExampleTest.java,ExampleTest.java,ExampleTest,managerSavesArticlesInTheDatabase,4,0,void,public,true,false,true,true
C:\Users\simon\Documents\Code\thesis-code\mockito-main\mockito-core\src\test\java\org\mockitousage\examples\use\ExampleTest.java,ExampleTest.java,ExampleTest,managerUpdatesNumberOfRelatedArticles,11,0,void,public,true,false,true,true
C:\Users\simon\Documents\Code\thesis-code\mockito-main\mockito-core\src\test\java\org\mockitousage\examples\use\ExampleTest.java,ExampleTest.java,ExampleTest,shouldPersistRecalculatedArticle,9,0,void,public,true,false,true,true
C:\Users\simon\Documents\Code\thesis-code\mockito-main\mockito-core\src\test\java\org\mockitousage\internal\debugging\LocationFactoryTest.java,LocationFactoryTest.java,LocationFactoryTest,shouldLocationNotContainGetStackTraceMethod,1,0,void,public,true,false,true,true
C:\Users\simon\Documents\Code\thesis-code\mockito-main\mockito-core\src\test\java\org\mockitousage\internal\debugging\LocationFactoryTest.java,LocationFactoryTest.java,LocationFactoryTest,provides_location_class,3,0,void,public,true,false,true,true
C:\Users\simon\Documents\Code\thesis-code\mockito-main\mockito-core\src\test\java\org\mockitousage\internal\debugging\LocationFactoryTest.java,LocationFactoryTest.java,LocationFactoryTest,run,1,0,void,public,false,false,true,true
C:\Users\simon\Documents\Code\thesis-code\mockito-main\mockito-core\src\test\java\org\mockitousage\internal\junit\UnusedStubbingsFinderTest.java,UnusedStubbingsFinderTest.java,UnusedStubbingsFinderTest,no_interactions,2,0,void,public,true,false,true,true
C:\Users\simon\Documents\Code\thesis-code\mockito-main\mockito-core\src\test\java\org\mockitousage\internal\junit\UnusedStubbingsFinderTest.java,UnusedStubbingsFinderTest.java,UnusedStubbingsFinderTest,no_stubbings,3,0,void,public,true,false,true,true
C:\Users\simon\Documents\Code\thesis-code\mockito-main\mockito-core\src\test\java\org\mockitousage\internal\junit\UnusedStubbingsFinderTest.java,UnusedStubbingsFinderTest.java,UnusedStubbingsFinderTest,no_unused_stubbings,4,0,void,public,true,false,true,true
C:\Users\simon\Documents\Code\thesis-code\mockito-main\mockito-core\src\test\java\org\mockitousage\internal\junit\UnusedStubbingsFinderTest.java,UnusedStubbingsFinderTest.java,UnusedStubbingsFinderTest,unused_stubbings,3,0,void,public,true,false,true,true
C:\Users\simon\Documents\Code\thesis-code\mockito-main\mockito-core\src\test\java\org\mockitousage\internal\junit\UnusedStubbingsFinderTest.java,UnusedStubbingsFinderTest.java,UnusedStubbingsFinderTest,some_unused_stubbings,7,0,void,public,true,false,true,true
C:\Users\simon\Documents\Code\thesis-code\mockito-main\mockito-core\src\test\java\org\mockitousage\internal\junit\UnusedStubbingsFinderTest.java,UnusedStubbingsFinderTest.java,UnusedStubbingsFinderTest,unused_and_lenient_stubbings,7,0,void,public,true,false,true,true
C:\Users\simon\Documents\Code\thesis-code\mockito-main\mockito-core\src\test\java\org\mockitousage\internal\junit\UnusedStubbingsFinderTest.java,UnusedStubbingsFinderTest.java,UnusedStubbingsFinderTest,some_unused_stubbings_by_location,8,0,void,public,true,false,true,true
C:\Users\simon\Documents\Code\thesis-code\mockito-main\mockito-core\src\test\java\org\mockitousage\internal\junit\UnusedStubbingsFinderTest.java,UnusedStubbingsFinderTest.java,UnusedStubbingsFinderTest,stubbing_used_by_location,5,0,void,public,true,false,true,true
C:\Users\simon\Documents\Code\thesis-code\mockito-main\mockito-core\src\test\java\org\mockitousage\internal\junit\UnusedStubbingsFinderTest.java,UnusedStubbingsFinderTest.java,UnusedStubbingsFinderTest,deduplicates_stubbings_by_location,4,0,void,public,true,false,true,true
C:\Users\simon\Documents\Code\thesis-code\mockito-main\mockito-core\src\test\java\org\mockitousage\jls\JLS_15_12_2_5Test.java,JLS_15_12_2_5Test.java,SingleOverload,setUp,1,0,void,public,false,false,true,false
C:\Users\simon\Documents\Code\thesis-code\mockito-main\mockito-core\src\test\java\org\mockitousage\jls\JLS_15_12_2_5Test.java,JLS_15_12_2_5Test.java,SingleOverload,with_single_arg,3,0,void,public,true,false,true,false
C:\Users\simon\Documents\Code\thesis-code\mockito-main\mockito-core\src\test\java\org\mockitousage\jls\JLS_15_12_2_5Test.java,JLS_15_12_2_5Test.java,SingleOverload,with_single_arg_and_matcher_cast,3,0,void,public,true,false,true,false
C:\Users\simon\Documents\Code\thesis-code\mockito-main\mockito-core\src\test\java\org\mockitousage\jls\JLS_15_12_2_5Test.java,JLS_15_12_2_5Test.java,SingleOverload,with_single_arg_and_null_Object_reference,4,0,void,public,true,false,true,false
C:\Users\simon\Documents\Code\thesis-code\mockito-main\mockito-core\src\test\java\org\mockitousage\jls\JLS_15_12_2_5Test.java,JLS_15_12_2_5Test.java,SingleOverload,with_variable_arg,3,0,void,public,true,false,true,false
C:\Users\simon\Documents\Code\thesis-code\mockito-main\mockito-core\src\test\java\org\mockitousage\jls\JLS_15_12_2_5Test.java,JLS_15_12_2_5Test.java,SingleOverload,with_variable_arg_and_matcher_String_cast,3,0,void,public,true,false,true,false
C:\Users\simon\Documents\Code\thesis-code\mockito-main\mockito-core\src\test\java\org\mockitousage\jls\JLS_15_12_2_5Test.java,JLS_15_12_2_5Test.java,SingleOverload,with_variable_arg_and_matcher_String_array_cast,3,0,void,public,true,false,true,false
C:\Users\simon\Documents\Code\thesis-code\mockito-main\mockito-core\src\test\java\org\mockitousage\jls\JLS_15_12_2_5Test.java,JLS_15_12_2_5Test.java,SingleOverload,with_variable_arg_and_null_Object_array,4,0,void,public,true,false,true,false
C:\Users\simon\Documents\Code\thesis-code\mockito-main\mockito-core\src\test\java\org\mockitousage\jls\JLS_15_12_2_5Test.java,JLS_15_12_2_5Test.java,SingleOverload,with_variable_arg_and_null_Object_arg,4,0,void,public,true,false,true,false
C:\Users\simon\Documents\Code\thesis-code\mockito-main\mockito-core\src\test\java\org\mockitousage\jls\JLS_15_12_2_5Test.java,JLS_15_12_2_5Test.java,SingleOverload,setUp,1,0,void,public,false,false,true,false
C:\Users\simon\Documents\Code\thesis-code\mockito-main\mockito-core\src\test\java\org\mockitousage\jls\JLS_15_12_2_5Test.java,JLS_15_12_2_5Test.java,SingleOverload,with_single_arg,3,0,void,public,true,false,true,false
C:\Users\simon\Documents\Code\thesis-code\mockito-main\mockito-core\src\test\java\org\mockitousage\jls\JLS_15_12_2_5Test.java,JLS_15_12_2_5Test.java,SingleOverload,with_single_arg_and_null_Object_reference,4,0,void,public,true,false,true,false
C:\Users\simon\Documents\Code\thesis-code\mockito-main\mockito-core\src\test\java\org\mockitousage\jls\JLS_15_12_2_5Test.java,JLS_15_12_2_5Test.java,SingleOverload,with_variable_arg,3,0,void,public,true,false,true,false
C:\Users\simon\Documents\Code\thesis-code\mockito-main\mockito-core\src\test\java\org\mockitousage\jls\JLS_15_12_2_5Test.java,JLS_15_12_2_5Test.java,SingleOverload,with_variable_arg_and_null_Object_array,4,0,void,public,true,false,true,false
C:\Users\simon\Documents\Code\thesis-code\mockito-main\mockito-core\src\test\java\org\mockitousage\jls\JLS_15_12_2_5Test.java,JLS_15_12_2_5Test.java,SingleOverload,with_variable_arg_and_null_Object_arg,4,0,void,public,true,false,true,false
C:\Users\simon\Documents\Code\thesis-code\mockito-main\mockito-core\src\test\java\org\mockitousage\jls\JLS_15_12_2_5Test.java,JLS_15_12_2_5Test.java,SingleOverload,oneArg,0,1,String,,false,false,true,false
C:\Users\simon\Documents\Code\thesis-code\mockito-main\mockito-core\src\test\java\org\mockitousage\jls\JLS_15_12_2_5Test.java,JLS_15_12_2_5Test.java,SingleOverload,oneArg,0,1,String,,false,false,true,false
C:\Users\simon\Documents\Code\thesis-code\mockito-main\mockito-core\src\test\java\org\mockitousage\jls\JLS_15_12_2_5Test.java,JLS_15_12_2_5Test.java,SingleOverload,varargs,0,1,String,,false,false,true,false
C:\Users\simon\Documents\Code\thesis-code\mockito-main\mockito-core\src\test\java\org\mockitousage\jls\JLS_15_12_2_5Test.java,JLS_15_12_2_5Test.java,SingleOverload,varargs,0,1,String,,false,false,true,false
C:\Users\simon\Documents\Code\thesis-code\mockito-main\mockito-core\src\test\java\org\mockitousage\junitrule\InvalidTargetMockitoJUnitRuleTest.java,InvalidTargetMockitoJUnitRuleTest.java,InjectInto,shouldInjectWithInvalidReference,2,0,void,public,true,false,true,false
C:\Users\simon\Documents\Code\thesis-code\mockito-main\mockito-core\src\test\java\org\mockitousage\junitrule\InvalidTargetMockitoJUnitRuleTest.java,InvalidTargetMockitoJUnitRuleTest.java,InjectInto,getInjected,1,0,Injected,public,false,false,true,false
C:\Users\simon\Documents\Code\thesis-code\mockito-main\mockito-core\src\test\java\org\mockitousage\junitrule\JUnitTestRuleIntegratesWithRuleChainTest.java,JUnitTestRuleIntegratesWithRuleChainTest.java,StrictByDefault,rule_can_be_changed_to_strict,2,0,void,public,true,false,true,false
C:\Users\simon\Documents\Code\thesis-code\mockito-main\mockito-core\src\test\java\org\mockitousage\junitrule\JUnitTestRuleIntegratesWithRuleChainTest.java,JUnitTestRuleIntegratesWithRuleChainTest.java,StrictByDefault,rule_can_be_changed_to_lenient,2,0,void,public,true,false,true,false
C:\Users\simon\Documents\Code\thesis-code\mockito-main\mockito-core\src\test\java\org\mockitousage\junitrule\JUnitTestRuleIntegratesWithRuleChainTest.java,JUnitTestRuleIntegratesWithRuleChainTest.java,StrictByDefault,evaluate,3,0,void,public,false,false,true,false
C:\Users\simon\Documents\Code\thesis-code\mockito-main\mockito-core\src\test\java\org\mockitousage\junitrule\JUnitTestRuleIntegratesWithRuleChainTest.java,JUnitTestRuleIntegratesWithRuleChainTest.java,StrictByDefault,creates_mocks_in_correct_rulechain_ordering,2,0,void,public,true,false,true,false
C:\Users\simon\Documents\Code\thesis-code\mockito-main\mockito-core\src\test\java\org\mockitousage\junitrule\JUnitTestRuleIntegratesWithRuleChainTest.java,JUnitTestRuleIntegratesWithRuleChainTest.java,StrictByDefault,evaluate,3,0,void,public,false,false,true,false
C:\Users\simon\Documents\Code\thesis-code\mockito-main\mockito-core\src\test\java\org\mockitousage\junitrule\JUnitTestRuleIntegratesWithRuleChainTest.java,JUnitTestRuleIntegratesWithRuleChainTest.java,StrictByDefault,creates_mocks_in_correct_rulechain_ordering,2,0,void,public,true,false,true,false
C:\Users\simon\Documents\Code\thesis-code\mockito-main\mockito-core\src\test\java\org\mockitousage\junitrule\JUnitTestRuleIntegratesWithRuleChainTest.java,JUnitTestRuleIntegratesWithRuleChainTest.java,StrictByDefault,unused_stub,2,0,void,public,true,false,true,false
C:\Users\simon\Documents\Code\thesis-code\mockito-main\mockito-core\src\test\java\org\mockitousage\junitrule\LenientJUnitRuleTest.java,LenientJUnitRuleTest.java,LenientJUnitRuleTest,no_warning_for_unused_stubbing,1,0,void,public,true,false,true,true
C:\Users\simon\Documents\Code\thesis-code\mockito-main\mockito-core\src\test\java\org\mockitousage\junitrule\LenientJUnitRuleTest.java,LenientJUnitRuleTest.java,LenientJUnitRuleTest,no_warning_for_stubbing_arg_mismatch,2,0,void,public,true,false,true,true
C:\Users\simon\Documents\Code\thesis-code\mockito-main\mockito-core\src\test\java\org\mockitousage\junitrule\LenientJUnitRuleTest.java,LenientJUnitRuleTest.java,LenientJUnitRuleTest,no_warning_for_stubbing_arg_mismatch_on_failure,2,0,void,public,true,false,true,true
C:\Users\simon\Documents\Code\thesis-code\mockito-main\mockito-core\src\test\java\org\mockitousage\junitrule\MockitoJUnitRuleTest.java,MockitoJUnitRuleTest.java,InjectInto,testInjectMocks,3,0,void,public,true,true,true,false
C:\Users\simon\Documents\Code\thesis-code\mockito-main\mockito-core\src\test\java\org\mockitousage\junitrule\MockitoJUnitRuleTest.java,MockitoJUnitRuleTest.java,InjectInto,getInjected,1,0,Injected,public,false,false,true,false
C:\Users\simon\Documents\Code\thesis-code\mockito-main\mockito-core\src\test\java\org\mockitousage\junitrule\MockitoJUnitTestRuleTest.java,MockitoJUnitTestRuleTest.java,InjectInto,testInjectMocks,3,0,void,public,true,true,true,false
C:\Users\simon\Documents\Code\thesis-code\mockito-main\mockito-core\src\test\java\org\mockitousage\junitrule\MockitoJUnitTestRuleTest.java,MockitoJUnitTestRuleTest.java,InjectInto,getInjected,1,0,Injected,public,false,false,true,false
C:\Users\simon\Documents\Code\thesis-code\mockito-main\mockito-core\src\test\java\org\mockitousage\junitrule\MutableStrictJUnitRuleTest.java,MutableStrictJUnitRuleTest.java,StrictByDefault,rule_can_be_changed_to_strict,2,0,void,public,true,false,true,false
C:\Users\simon\Documents\Code\thesis-code\mockito-main\mockito-core\src\test\java\org\mockitousage\junitrule\MutableStrictJUnitRuleTest.java,MutableStrictJUnitRuleTest.java,StrictByDefault,rule_can_be_changed_to_lenient,2,0,void,public,true,false,true,false
C:\Users\simon\Documents\Code\thesis-code\mockito-main\mockito-core\src\test\java\org\mockitousage\junitrule\MutableStrictJUnitRuleTest.java,MutableStrictJUnitRuleTest.java,StrictByDefault,unused_stub,1,0,void,public,true,false,true,false
C:\Users\simon\Documents\Code\thesis-code\mockito-main\mockito-core\src\test\java\org\mockitousage\junitrule\MutableStrictJUnitRuleTest.java,MutableStrictJUnitRuleTest.java,StrictByDefault,unused_stub_with_strictness,2,0,void,public,true,false,true,false
C:\Users\simon\Documents\Code\thesis-code\mockito-main\mockito-core\src\test\java\org\mockitousage\junitrule\MutableStrictJUnitRuleTest.java,MutableStrictJUnitRuleTest.java,StrictByDefault,unused_stub,1,0,void,public,true,false,true,false
C:\Users\simon\Documents\Code\thesis-code\mockito-main\mockito-core\src\test\java\org\mockitousage\junitrule\MutableStrictJUnitRuleTest.java,MutableStrictJUnitRuleTest.java,StrictByDefault,unused_stub_with_lenient,2,0,void,public,true,false,true,false
C:\Users\simon\Documents\Code\thesis-code\mockito-main\mockito-core\src\test\java\org\mockitousage\junitrule\MutableStrictJUnitTestRuleTest.java,MutableStrictJUnitTestRuleTest.java,StrictByDefault,rule_can_be_changed_to_strict,2,0,void,public,true,false,true,false
C:\Users\simon\Documents\Code\thesis-code\mockito-main\mockito-core\src\test\java\org\mockitousage\junitrule\MutableStrictJUnitTestRuleTest.java,MutableStrictJUnitTestRuleTest.java,StrictByDefault,rule_can_be_changed_to_lenient,2,0,void,public,true,false,true,false
C:\Users\simon\Documents\Code\thesis-code\mockito-main\mockito-core\src\test\java\org\mockitousage\junitrule\MutableStrictJUnitTestRuleTest.java,MutableStrictJUnitTestRuleTest.java,StrictByDefault,unused_stub,1,0,void,public,true,false,true,false
C:\Users\simon\Documents\Code\thesis-code\mockito-main\mockito-core\src\test\java\org\mockitousage\junitrule\MutableStrictJUnitTestRuleTest.java,MutableStrictJUnitTestRuleTest.java,StrictByDefault,unused_stub_with_strictness,2,0,void,public,true,false,true,false
C:\Users\simon\Documents\Code\thesis-code\mockito-main\mockito-core\src\test\java\org\mockitousage\junitrule\MutableStrictJUnitTestRuleTest.java,MutableStrictJUnitTestRuleTest.java,StrictByDefault,unused_stub,1,0,void,public,true,false,true,false
C:\Users\simon\Documents\Code\thesis-code\mockito-main\mockito-core\src\test\java\org\mockitousage\junitrule\MutableStrictJUnitTestRuleTest.java,MutableStrictJUnitTestRuleTest.java,StrictByDefault,unused_stub_with_lenient,2,0,void,public,true,false,true,false
C:\Users\simon\Documents\Code\thesis-code\mockito-main\mockito-core\src\test\java\org\mockitousage\junitrule\RuleTestWithFactoryMethodTest.java,RuleTestWithFactoryMethodTest.java,InjectInto,testInjectMocks,3,0,void,public,true,true,true,false
C:\Users\simon\Documents\Code\thesis-code\mockito-main\mockito-core\src\test\java\org\mockitousage\junitrule\RuleTestWithFactoryMethodTest.java,RuleTestWithFactoryMethodTest.java,InjectInto,getInjected,1,0,Injected,public,false,false,true,false
C:\Users\simon\Documents\Code\thesis-code\mockito-main\mockito-core\src\test\java\org\mockitousage\junitrule\RuleTestWithParameterConstructorTest.java,RuleTestWithParameterConstructorTest.java,InjectInto,testInjectMocks,3,0,void,public,true,true,true,false
C:\Users\simon\Documents\Code\thesis-code\mockito-main\mockito-core\src\test\java\org\mockitousage\junitrule\RuleTestWithParameterConstructorTest.java,RuleTestWithParameterConstructorTest.java,InjectInto,getInjected,1,0,Injected,public,false,false,true,false
C:\Users\simon\Documents\Code\thesis-code\mockito-main\mockito-core\src\test\java\org\mockitousage\junitrule\StrictJUnitRuleTest.java,StrictJUnitRuleTest.java,StrictJUnitRuleTest,ok_when_no_stubbings,2,0,void,public,true,false,true,true
C:\Users\simon\Documents\Code\thesis-code\mockito-main\mockito-core\src\test\java\org\mockitousage\junitrule\StrictJUnitRuleTest.java,StrictJUnitRuleTest.java,StrictJUnitRuleTest,ok_when_all_stubbings_used,2,0,void,public,true,false,true,true
C:\Users\simon\Documents\Code\thesis-code\mockito-main\mockito-core\src\test\java\org\mockitousage\junitrule\StrictJUnitRuleTest.java,StrictJUnitRuleTest.java,StrictJUnitRuleTest,ok_when_used_and_mismatched_argument,3,0,void,public,true,false,true,true
C:\Users\simon\Documents\Code\thesis-code\mockito-main\mockito-core\src\test\java\org\mockitousage\junitrule\StrictJUnitRuleTest.java,StrictJUnitRuleTest.java,StrictJUnitRuleTest,fails_when_unused_stubbings,3,0,void,public,true,false,true,true
C:\Users\simon\Documents\Code\thesis-code\mockito-main\mockito-core\src\test\java\org\mockitousage\junitrule\StrictJUnitRuleTest.java,StrictJUnitRuleTest.java,StrictJUnitRuleTest,test_failure_trumps_unused_stubbings,4,0,void,public,true,true,true,true
C:\Users\simon\Documents\Code\thesis-code\mockito-main\mockito-core\src\test\java\org\mockitousage\junitrule\StrictJUnitRuleTest.java,StrictJUnitRuleTest.java,StrictJUnitRuleTest,why_do_return_syntax_is_useful,3,0,void,public,true,false,true,true
C:\Users\simon\Documents\Code\thesis-code\mockito-main\mockito-core\src\test\java\org\mockitousage\junitrule\StrictJUnitRuleTest.java,StrictJUnitRuleTest.java,StrictJUnitRuleTest,fails_fast_when_stubbing_invoked_with_different_argument,7,0,void,public,true,false,true,true
C:\Users\simon\Documents\Code\thesis-code\mockito-main\mockito-core\src\test\java\org\mockitousage\junitrule\StrictJUnitRuleTest.java,StrictJUnitRuleTest.java,StrictJUnitRuleTest,doAssert,2,1,void,public,false,false,true,true
C:\Users\simon\Documents\Code\thesis-code\mockito-main\mockito-core\src\test\java\org\mockitousage\junitrule\StrictJUnitRuleTest.java,StrictJUnitRuleTest.java,StrictJUnitRuleTest,fails_fast_when_stubbing_invoked_with_different_argument_using_matchers,8,0,void,public,true,false,true,true
C:\Users\simon\Documents\Code\thesis-code\mockito-main\mockito-core\src\test\java\org\mockitousage\junitrule\StrictJUnitRuleTest.java,StrictJUnitRuleTest.java,StrictJUnitRuleTest,doAssert,2,1,void,public,false,false,true,true
C:\Users\simon\Documents\Code\thesis-code\mockito-main\mockito-core\src\test\java\org\mockitousage\junitrule\StrictJUnitRuleTest.java,StrictJUnitRuleTest.java,StrictJUnitRuleTest,fails_fast_when_stubbing_invoked_with_different_argument_using_argThat_matcher,7,0,void,public,true,false,true,true
C:\Users\simon\Documents\Code\thesis-code\mockito-main\mockito-core\src\test\java\org\mockitousage\junitrule\StrictJUnitRuleTest.java,StrictJUnitRuleTest.java,StrictJUnitRuleTest,doAssert,2,1,void,public,false,false,true,true
C:\Users\simon\Documents\Code\thesis-code\mockito-main\mockito-core\src\test\java\org\mockitousage\junitrule\StrictJUnitRuleTest.java,StrictJUnitRuleTest.java,StrictJUnitRuleTest,verify_no_more_interactions_ignores_stubs,5,0,void,public,true,false,true,true
C:\Users\simon\Documents\Code\thesis-code\mockito-main\mockito-core\src\test\java\org\mockitousage\junitrule\StrictJUnitRuleTest.java,StrictJUnitRuleTest.java,StrictJUnitRuleTest,unused_stubs_with_multiple_mocks,6,0,void,public,true,false,true,true
C:\Users\simon\Documents\Code\thesis-code\mockito-main\mockito-core\src\test\java\org\mockitousage\junitrule\StrictJUnitRuleTest.java,StrictJUnitRuleTest.java,StrictJUnitRuleTest,doAssert,1,1,void,public,false,false,true,true
C:\Users\simon\Documents\Code\thesis-code\mockito-main\mockito-core\src\test\java\org\mockitousage\junitrule\StrictJUnitRuleTest.java,StrictJUnitRuleTest.java,StrictJUnitRuleTest,rule_validates_mockito_usage,2,0,void,public,true,false,true,true
C:\Users\simon\Documents\Code\thesis-code\mockito-main\mockito-core\src\test\java\org\mockitousage\junitrule\StubbingWarningsJUnitRuleTest.java,StubbingWarningsJUnitRuleTest.java,StubbingWarningsJUnitRuleTest,no_unused_stubs_reported_on_failure,3,0,void,public,true,false,true,true
C:\Users\simon\Documents\Code\thesis-code\mockito-main\mockito-core\src\test\java\org\mockitousage\junitrule\StubbingWarningsJUnitRuleTest.java,StubbingWarningsJUnitRuleTest.java,StubbingWarningsJUnitRuleTest,doAssert,2,1,void,public,false,false,true,true
C:\Users\simon\Documents\Code\thesis-code\mockito-main\mockito-core\src\test\java\org\mockitousage\junitrule\StubbingWarningsJUnitRuleTest.java,StubbingWarningsJUnitRuleTest.java,StubbingWarningsJUnitRuleTest,stubbing_arg_mismatch_on_failure,4,0,void,public,true,false,true,true
C:\Users\simon\Documents\Code\thesis-code\mockito-main\mockito-core\src\test\java\org\mockitousage\junitrule\StubbingWarningsJUnitRuleTest.java,StubbingWarningsJUnitRuleTest.java,StubbingWarningsJUnitRuleTest,doAssert,2,1,void,public,false,false,true,true
C:\Users\simon\Documents\Code\thesis-code\mockito-main\mockito-core\src\test\java\org\mockitousage\junitrule\StubbingWarningsJUnitRuleTest.java,StubbingWarningsJUnitRuleTest.java,StubbingWarningsJUnitRuleTest,no_stubbing_arg_mismatch_when_no_mismatch_on_fail,4,0,void,public,true,false,true,true
C:\Users\simon\Documents\Code\thesis-code\mockito-main\mockito-core\src\test\java\org\mockitousage\junitrule\StubbingWarningsJUnitRuleTest.java,StubbingWarningsJUnitRuleTest.java,StubbingWarningsJUnitRuleTest,doAssert,2,1,void,public,false,false,true,true
C:\Users\simon\Documents\Code\thesis-code\mockito-main\mockito-core\src\test\java\org\mockitousage\junitrule\StubbingWarningsJUnitRuleTest.java,StubbingWarningsJUnitRuleTest.java,StubbingWarningsJUnitRuleTest,no_stubbing_warning_on_pass,3,0,void,public,true,false,true,true
C:\Users\simon\Documents\Code\thesis-code\mockito-main\mockito-core\src\test\java\org\mockitousage\junitrule\StubbingWarningsJUnitRuleTest.java,StubbingWarningsJUnitRuleTest.java,StubbingWarningsJUnitRuleTest,run,1,0,void,public,false,false,true,true
C:\Users\simon\Documents\Code\thesis-code\mockito-main\mockito-core\src\test\java\org\mockitousage\junitrule\StubbingWarningsJUnitRuleTest.java,StubbingWarningsJUnitRuleTest.java,StubbingWarningsJUnitRuleTest,multiple_stubbing_arg_mismatch_on_failure,6,0,void,public,true,false,true,true
C:\Users\simon\Documents\Code\thesis-code\mockito-main\mockito-core\src\test\java\org\mockitousage\junitrule\StubbingWarningsJUnitRuleTest.java,StubbingWarningsJUnitRuleTest.java,StubbingWarningsJUnitRuleTest,doAssert,2,1,void,public,false,false,true,true
C:\Users\simon\Documents\Code\thesis-code\mockito-main\mockito-core\src\test\java\org\mockitousage\junitrule\StubbingWarningsJUnitRuleTest.java,StubbingWarningsJUnitRuleTest.java,StubbingWarningsJUnitRuleTest,reports_only_mismatching_stubs,6,0,void,public,true,false,true,true
C:\Users\simon\Documents\Code\thesis-code\mockito-main\mockito-core\src\test\java\org\mockitousage\junitrule\StubbingWarningsJUnitRuleTest.java,StubbingWarningsJUnitRuleTest.java,StubbingWarningsJUnitRuleTest,doAssert,2,1,void,public,false,false,true,true
C:\Users\simon\Documents\Code\thesis-code\mockito-main\mockito-core\src\test\java\org\mockitousage\junitrule\StubbingWarningsJUnitRuleTest.java,StubbingWarningsJUnitRuleTest.java,StubbingWarningsJUnitRuleTest,no_mismatch_when_stub_was_used,5,0,void,public,true,false,true,true
C:\Users\simon\Documents\Code\thesis-code\mockito-main\mockito-core\src\test\java\org\mockitousage\junitrule\StubbingWarningsJUnitRuleTest.java,StubbingWarningsJUnitRuleTest.java,StubbingWarningsJUnitRuleTest,doAssert,2,1,void,public,false,false,true,true
C:\Users\simon\Documents\Code\thesis-code\mockito-main\mockito-core\src\test\java\org\mockitousage\junitrule\StubbingWarningsJUnitRuleTest.java,StubbingWarningsJUnitRuleTest.java,StubbingWarningsJUnitRuleTest,no_stubbing_arg_mismatch_on_pass,3,0,void,public,true,false,true,true
C:\Users\simon\Documents\Code\thesis-code\mockito-main\mockito-core\src\test\java\org\mockitousage\junitrule\StubbingWarningsJUnitRuleTest.java,StubbingWarningsJUnitRuleTest.java,StubbingWarningsJUnitRuleTest,run,1,0,void,public,false,false,true,true
C:\Users\simon\Documents\Code\thesis-code\mockito-main\mockito-core\src\test\java\org\mockitousage\junitrule\StubbingWarningsJUnitRuleTest.java,StubbingWarningsJUnitRuleTest.java,StubbingWarningsJUnitRuleTest,warns_about_unused_stubs_when_passed,2,0,void,public,true,false,true,true
C:\Users\simon\Documents\Code\thesis-code\mockito-main\mockito-core\src\test\java\org\mockitousage\junitrule\StubbingWarningsJUnitRuleTest.java,StubbingWarningsJUnitRuleTest.java,StubbingWarningsJUnitRuleTest,run,1,0,void,public,false,false,true,true
C:\Users\simon\Documents\Code\thesis-code\mockito-main\mockito-core\src\test\java\org\mockitousage\junitrule\StubbingWarningsJUnitRuleTest.java,StubbingWarningsJUnitRuleTest.java,StubbingWarningsJUnitRuleTest,declareStubbingWithArg,1,2,void,private; static,false,false,true,true
C:\Users\simon\Documents\Code\thesis-code\mockito-main\mockito-core\src\test\java\org\mockitousage\junitrule\StubbingWarningsJUnitRuleTest.java,StubbingWarningsJUnitRuleTest.java,StubbingWarningsJUnitRuleTest,declareStubbing,1,1,void,private; static,false,false,true,true
C:\Users\simon\Documents\Code\thesis-code\mockito-main\mockito-core\src\test\java\org\mockitousage\junitrule\StubbingWarningsJUnitRuleTest.java,StubbingWarningsJUnitRuleTest.java,StubbingWarningsJUnitRuleTest,useStubbingWithArg,1,2,void,private,false,false,true,true
C:\Users\simon\Documents\Code\thesis-code\mockito-main\mockito-core\src\test\java\org\mockitousage\junitrule\StubbingWarningsMultiThreadingTest.java,StubbingWarningsMultiThreadingTest.java,StubbingWarningsMultiThreadingTest,using_stubbing_from_different_thread,3,0,void,public,true,false,true,true
C:\Users\simon\Documents\Code\thesis-code\mockito-main\mockito-core\src\test\java\org\mockitousage\junitrule\StubbingWarningsMultiThreadingTest.java,StubbingWarningsMultiThreadingTest.java,StubbingWarningsMultiThreadingTest,run,1,0,void,public,false,false,true,true
C:\Users\simon\Documents\Code\thesis-code\mockito-main\mockito-core\src\test\java\org\mockitousage\junitrule\StubbingWarningsMultiThreadingTest.java,StubbingWarningsMultiThreadingTest.java,StubbingWarningsMultiThreadingTest,run,1,0,void,public,false,false,true,true
C:\Users\simon\Documents\Code\thesis-code\mockito-main\mockito-core\src\test\java\org\mockitousage\junitrule\StubbingWarningsMultiThreadingTest.java,StubbingWarningsMultiThreadingTest.java,StubbingWarningsMultiThreadingTest,unused_stub_from_different_thread,4,0,void,public,true,false,true,true
C:\Users\simon\Documents\Code\thesis-code\mockito-main\mockito-core\src\test\java\org\mockitousage\junitrule\StubbingWarningsMultiThreadingTest.java,StubbingWarningsMultiThreadingTest.java,StubbingWarningsMultiThreadingTest,run,1,0,void,public,false,false,true,true
C:\Users\simon\Documents\Code\thesis-code\mockito-main\mockito-core\src\test\java\org\mockitousage\junitrule\StubbingWarningsMultiThreadingTest.java,StubbingWarningsMultiThreadingTest.java,StubbingWarningsMultiThreadingTest,run,1,0,void,public,false,false,true,true
C:\Users\simon\Documents\Code\thesis-code\mockito-main\mockito-core\src\test\java\org\mockitousage\junitrule\VerificationCollectorImplTest.java,VerificationCollectorImplTest.java,VerificationCollectorRuleInner,should_not_throw_any_exceptions_when_verifications_are_successful,5,0,void,public,true,false,true,false
C:\Users\simon\Documents\Code\thesis-code\mockito-main\mockito-core\src\test\java\org\mockitousage\junitrule\VerificationCollectorImplTest.java,VerificationCollectorImplTest.java,VerificationCollectorRuleInner,should_collect_verification_failures,4,0,void,public,true,false,true,false
C:\Users\simon\Documents\Code\thesis-code\mockito-main\mockito-core\src\test\java\org\mockitousage\junitrule\VerificationCollectorImplTest.java,VerificationCollectorImplTest.java,VerificationCollectorRuleInner,should_collect_multiple_verification_failures,8,0,void,public,true,false,true,false
C:\Users\simon\Documents\Code\thesis-code\mockito-main\mockito-core\src\test\java\org\mockitousage\junitrule\VerificationCollectorImplTest.java,VerificationCollectorImplTest.java,VerificationCollectorRuleInner,should_collect_matching_error_from_non_matching_arguments,9,0,void,public,true,false,true,false
C:\Users\simon\Documents\Code\thesis-code\mockito-main\mockito-core\src\test\java\org\mockitousage\junitrule\VerificationCollectorImplTest.java,VerificationCollectorImplTest.java,VerificationCollectorRuleInner,should_only_collect_failures_ignore_successful_verifications,5,0,void,public,true,false,true,false
C:\Users\simon\Documents\Code\thesis-code\mockito-main\mockito-core\src\test\java\org\mockitousage\junitrule\VerificationCollectorImplTest.java,VerificationCollectorImplTest.java,VerificationCollectorRuleInner,should_continue_collecting_after_failing_verification,6,0,void,public,true,false,true,false
C:\Users\simon\Documents\Code\thesis-code\mockito-main\mockito-core\src\test\java\org\mockitousage\junitrule\VerificationCollectorImplTest.java,VerificationCollectorImplTest.java,VerificationCollectorRuleInner,assertExactlyOneFailure,1,1,void,private,false,false,true,false
C:\Users\simon\Documents\Code\thesis-code\mockito-main\mockito-core\src\test\java\org\mockitousage\junitrule\VerificationCollectorImplTest.java,VerificationCollectorImplTest.java,VerificationCollectorRuleInner,should_invoke_collector_rule_after_test,5,0,void,public,true,false,true,false
C:\Users\simon\Documents\Code\thesis-code\mockito-main\mockito-core\src\test\java\org\mockitousage\junitrule\VerificationCollectorImplTest.java,VerificationCollectorImplTest.java,VerificationCollectorRuleInner,should_fail,2,0,void,public,true,false,true,false
C:\Users\simon\Documents\Code\thesis-code\mockito-main\mockito-core\src\test\java\org\mockitousage\junitrule\VerificationCollectorImplTest.java,VerificationCollectorImplTest.java,VerificationCollectorRuleInner,should_not_fail,3,0,void,public,true,false,true,false
C:\Users\simon\Documents\Code\thesis-code\mockito-main\mockito-core\src\test\java\org\mockitousage\junitrule\VerificationCollectorImplTest.java,VerificationCollectorImplTest.java,VerificationCollectorRuleInner,should_fail_with_args,4,0,void,public,true,false,true,false
C:\Users\simon\Documents\Code\thesis-code\mockito-main\mockito-core\src\test\java\org\mockitousage\junitrunner\DeepStubbingWithJUnitRunnerTest.java,DeepStubbingWithJUnitRunnerTest.java,Bar,deep_stubs_dont_trigger_unnecessary_stubbing_exception,1,0,void,public,true,false,true,false
C:\Users\simon\Documents\Code\thesis-code\mockito-main\mockito-core\src\test\java\org\mockitousage\junitrunner\DeepStubbingWithJUnitRunnerTest.java,DeepStubbingWithJUnitRunnerTest.java,Bar,someMethod,1,1,void,,false,false,true,false
C:\Users\simon\Documents\Code\thesis-code\mockito-main\mockito-core\src\test\java\org\mockitousage\junitrunner\DeepStubbingWithJUnitRunnerTest.java,DeepStubbingWithJUnitRunnerTest.java,Bar,getFoo,0,0,Foo,,false,false,true,false
C:\Users\simon\Documents\Code\thesis-code\mockito-main\mockito-core\src\test\java\org\mockitousage\junitrunner\DeepStubbingWithJUnitRunnerTest.java,DeepStubbingWithJUnitRunnerTest.java,Bar,getBar,0,0,Bar,,false,false,true,false
C:\Users\simon\Documents\Code\thesis-code\mockito-main\mockito-core\src\test\java\org\mockitousage\junitrunner\JUnit45RunnerTest.java,JUnit45RunnerTest.java,ListDependent,shouldInitMocksUsingRunner,2,0,void,public,true,false,true,false
C:\Users\simon\Documents\Code\thesis-code\mockito-main\mockito-core\src\test\java\org\mockitousage\junitrunner\JUnit45RunnerTest.java,JUnit45RunnerTest.java,ListDependent,shouldInjectMocksUsingRunner,2,0,void,public,true,false,true,false
C:\Users\simon\Documents\Code\thesis-code\mockito-main\mockito-core\src\test\java\org\mockitousage\junitrunner\JUnit45RunnerTest.java,JUnit45RunnerTest.java,ListDependent,shouldFilterTestMethodsCorrectly,3,0,void,public,true,false,true,false
C:\Users\simon\Documents\Code\thesis-code\mockito-main\mockito-core\src\test\java\org\mockitousage\junitrunner\JUnit45RunnerTest.java,JUnit45RunnerTest.java,ListDependent,getList,1,0,List<?>,public,false,false,true,false
C:\Users\simon\Documents\Code\thesis-code\mockito-main\mockito-core\src\test\java\org\mockitousage\junitrunner\ModellingVerboseMockitoTest.java,ModellingVerboseMockitoTest.java,ModellingVerboseMockitoTest,cleanStackTraces,1,0,void,public,false,false,true,true
C:\Users\simon\Documents\Code\thesis-code\mockito-main\mockito-core\src\test\java\org\mockitousage\junitrunner\ModellingVerboseMockitoTest.java,ModellingVerboseMockitoTest.java,ModellingVerboseMockitoTest,shouldLogUnusedStubbingWarningWhenTestFails,5,0,void,public,true,false,true,true
C:\Users\simon\Documents\Code\thesis-code\mockito-main\mockito-core\src\test\java\org\mockitousage\junitrunner\ModellingVerboseMockitoTest.java,ModellingVerboseMockitoTest.java,ModellingVerboseMockitoTest,shouldNotLogAnythingWhenNoWarnings,4,0,void,public,true,false,true,true
C:\Users\simon\Documents\Code\thesis-code\mockito-main\mockito-core\src\test\java\org\mockitousage\junitrunner\SilentRunnerTest.java,SilentRunnerTest.java,HasUnnecessaryStubs,passing_test,2,0,void,public,true,false,true,false
C:\Users\simon\Documents\Code\thesis-code\mockito-main\mockito-core\src\test\java\org\mockitousage\junitrunner\SilentRunnerTest.java,SilentRunnerTest.java,HasUnnecessaryStubs,failing_test,2,0,void,public,true,false,true,false
C:\Users\simon\Documents\Code\thesis-code\mockito-main\mockito-core\src\test\java\org\mockitousage\junitrunner\SilentRunnerTest.java,SilentRunnerTest.java,HasUnnecessaryStubs,failing_test_in_constructor,2,0,void,public,true,false,true,false
C:\Users\simon\Documents\Code\thesis-code\mockito-main\mockito-core\src\test\java\org\mockitousage\junitrunner\SilentRunnerTest.java,SilentRunnerTest.java,HasUnnecessaryStubs,validates_framework_usage,2,0,void,public,true,false,true,false
C:\Users\simon\Documents\Code\thesis-code\mockito-main\mockito-core\src\test\java\org\mockitousage\junitrunner\SilentRunnerTest.java,SilentRunnerTest.java,HasUnnecessaryStubs,ignores_unused_stubs,3,0,void,public,true,false,true,false
C:\Users\simon\Documents\Code\thesis-code\mockito-main\mockito-core\src\test\java\org\mockitousage\junitrunner\SilentRunnerTest.java,SilentRunnerTest.java,HasUnnecessaryStubs,some_behavior,2,0,void,public,true,false,true,false
C:\Users\simon\Documents\Code\thesis-code\mockito-main\mockito-core\src\test\java\org\mockitousage\junitrunner\SilentRunnerTest.java,SilentRunnerTest.java,HasUnnecessaryStubs,some_failing_behavior,2,0,void,public,true,false,true,false
C:\Users\simon\Documents\Code\thesis-code\mockito-main\mockito-core\src\test\java\org\mockitousage\junitrunner\SilentRunnerTest.java,SilentRunnerTest.java,HasUnnecessaryStubs,some_behavior,0,0,void,public,true,false,true,false
C:\Users\simon\Documents\Code\thesis-code\mockito-main\mockito-core\src\test\java\org\mockitousage\junitrunner\SilentRunnerTest.java,SilentRunnerTest.java,HasUnnecessaryStubs,unfinished_stubbing_test_method,1,0,void,public,true,false,true,false
C:\Users\simon\Documents\Code\thesis-code\mockito-main\mockito-core\src\test\java\org\mockitousage\junitrunner\SilentRunnerTest.java,SilentRunnerTest.java,HasUnnecessaryStubs,usesStub,1,0,void,public,true,false,true,false
C:\Users\simon\Documents\Code\thesis-code\mockito-main\mockito-core\src\test\java\org\mockitousage\junitrunner\SilentRunnerTest.java,SilentRunnerTest.java,HasUnnecessaryStubs,usesStubWithDifferentArg,2,0,void,public,true,false,true,false
C:\Users\simon\Documents\Code\thesis-code\mockito-main\mockito-core\src\test\java\org\mockitousage\junitrunner\StrictRunnerTest.java,StrictRunnerTest.java,NoOpFilter,succeeds_when_all_stubs_were_used,2,0,void,public,true,false,true,false
C:\Users\simon\Documents\Code\thesis-code\mockito-main\mockito-core\src\test\java\org\mockitousage\junitrunner\StrictRunnerTest.java,StrictRunnerTest.java,NoOpFilter,fails_when_stubs_were_not_used,3,0,void,public,true,false,true,false
C:\Users\simon\Documents\Code\thesis-code\mockito-main\mockito-core\src\test\java\org\mockitousage\junitrunner\StrictRunnerTest.java,StrictRunnerTest.java,NoOpFilter,does_not_report_unused_stubs_when_different_failure_is_present,2,0,void,public,true,false,true,false
C:\Users\simon\Documents\Code\thesis-code\mockito-main\mockito-core\src\test\java\org\mockitousage\junitrunner\StrictRunnerTest.java,StrictRunnerTest.java,NoOpFilter,runner_can_coexist_with_rule,2,0,void,public,true,false,true,false
C:\Users\simon\Documents\Code\thesis-code\mockito-main\mockito-core\src\test\java\org\mockitousage\junitrunner\StrictRunnerTest.java,StrictRunnerTest.java,NoOpFilter,runner_in_multi_threaded_tests,2,0,void,public,true,false,true,false
C:\Users\simon\Documents\Code\thesis-code\mockito-main\mockito-core\src\test\java\org\mockitousage\junitrunner\StrictRunnerTest.java,StrictRunnerTest.java,NoOpFilter,does_not_report_unused_stubs_when_test_is_filtered,3,0,void,public,true,false,true,false
C:\Users\simon\Documents\Code\thesis-code\mockito-main\mockito-core\src\test\java\org\mockitousage\junitrunner\StrictRunnerTest.java,StrictRunnerTest.java,NoOpFilter,fails_when_stubs_were_not_used_with_noop_filter,3,0,void,public,true,false,true,false
C:\Users\simon\Documents\Code\thesis-code\mockito-main\mockito-core\src\test\java\org\mockitousage\junitrunner\StrictRunnerTest.java,StrictRunnerTest.java,NoOpFilter,test,1,0,void,public,true,true,true,false
C:\Users\simon\Documents\Code\thesis-code\mockito-main\mockito-core\src\test\java\org\mockitousage\junitrunner\StrictRunnerTest.java,StrictRunnerTest.java,NoOpFilter,dummy,0,0,void,public,true,false,true,false
C:\Users\simon\Documents\Code\thesis-code\mockito-main\mockito-core\src\test\java\org\mockitousage\junitrunner\StrictRunnerTest.java,StrictRunnerTest.java,NoOpFilter,test,1,0,void,public,true,true,true,false
C:\Users\simon\Documents\Code\thesis-code\mockito-main\mockito-core\src\test\java\org\mockitousage\junitrunner\StrictRunnerTest.java,StrictRunnerTest.java,NoOpFilter,before,1,0,void,public,false,false,true,false
C:\Users\simon\Documents\Code\thesis-code\mockito-main\mockito-core\src\test\java\org\mockitousage\junitrunner\StrictRunnerTest.java,StrictRunnerTest.java,NoOpFilter,dummy,0,0,void,public,true,false,true,false
C:\Users\simon\Documents\Code\thesis-code\mockito-main\mockito-core\src\test\java\org\mockitousage\junitrunner\StrictRunnerTest.java,StrictRunnerTest.java,NoOpFilter,test,3,0,void,public,true,true,true,false
C:\Users\simon\Documents\Code\thesis-code\mockito-main\mockito-core\src\test\java\org\mockitousage\junitrunner\StrictRunnerTest.java,StrictRunnerTest.java,NoOpFilter,test,3,0,void,public,true,true,true,false
C:\Users\simon\Documents\Code\thesis-code\mockito-main\mockito-core\src\test\java\org\mockitousage\junitrunner\StrictRunnerTest.java,StrictRunnerTest.java,NoOpFilter,before,1,0,void,public,false,false,true,false
C:\Users\simon\Documents\Code\thesis-code\mockito-main\mockito-core\src\test\java\org\mockitousage\junitrunner\StrictRunnerTest.java,StrictRunnerTest.java,NoOpFilter,passing_test,2,0,void,public,true,false,true,false
C:\Users\simon\Documents\Code\thesis-code\mockito-main\mockito-core\src\test\java\org\mockitousage\junitrunner\StrictRunnerTest.java,StrictRunnerTest.java,NoOpFilter,failing_test,1,0,void,public,true,false,true,false
C:\Users\simon\Documents\Code\thesis-code\mockito-main\mockito-core\src\test\java\org\mockitousage\junitrunner\StrictRunnerTest.java,StrictRunnerTest.java,NoOpFilter,passing_test,2,0,void,public,true,false,true,false
C:\Users\simon\Documents\Code\thesis-code\mockito-main\mockito-core\src\test\java\org\mockitousage\junitrunner\StrictRunnerTest.java,StrictRunnerTest.java,NoOpFilter,passing_test,4,0,void,public,true,false,true,false
C:\Users\simon\Documents\Code\thesis-code\mockito-main\mockito-core\src\test\java\org\mockitousage\junitrunner\StrictRunnerTest.java,StrictRunnerTest.java,NoOpFilter,run,1,0,void,public,false,false,true,false
C:\Users\simon\Documents\Code\thesis-code\mockito-main\mockito-core\src\test\java\org\mockitousage\junitrunner\StrictRunnerTest.java,StrictRunnerTest.java,NoOpFilter,shouldRun,1,1,boolean,public,false,false,true,false
C:\Users\simon\Documents\Code\thesis-code\mockito-main\mockito-core\src\test\java\org\mockitousage\junitrunner\StrictRunnerTest.java,StrictRunnerTest.java,NoOpFilter,describe,1,0,String,public,false,false,true,false
C:\Users\simon\Documents\Code\thesis-code\mockito-main\mockito-core\src\test\java\org\mockitousage\junitrunner\StrictStubsRunnerTest.java,StrictStubsRunnerTest.java,StubbingArgMismatch,detects_unnecessary_stubbings,2,0,void,public,true,false,true,false
C:\Users\simon\Documents\Code\thesis-code\mockito-main\mockito-core\src\test\java\org\mockitousage\junitrunner\StrictStubsRunnerTest.java,StrictStubsRunnerTest.java,StubbingArgMismatch,fails_fast_on_argument_mismatch,2,0,void,public,true,false,true,false
C:\Users\simon\Documents\Code\thesis-code\mockito-main\mockito-core\src\test\java\org\mockitousage\junitrunner\StrictStubsRunnerTest.java,StrictStubsRunnerTest.java,StubbingArgMismatch,unused_stubbing_1,1,0,void,public,true,false,true,false
C:\Users\simon\Documents\Code\thesis-code\mockito-main\mockito-core\src\test\java\org\mockitousage\junitrunner\StrictStubsRunnerTest.java,StrictStubsRunnerTest.java,StubbingArgMismatch,unused_stubbing_2,1,0,void,public,true,false,true,false
C:\Users\simon\Documents\Code\thesis-code\mockito-main\mockito-core\src\test\java\org\mockitousage\junitrunner\StrictStubsRunnerTest.java,StrictStubsRunnerTest.java,StubbingArgMismatch,correct_stubbing,2,0,void,public,true,false,true,false
C:\Users\simon\Documents\Code\thesis-code\mockito-main\mockito-core\src\test\java\org\mockitousage\junitrunner\StrictStubsRunnerTest.java,StrictStubsRunnerTest.java,StubbingArgMismatch,passing1,0,0,void,public,true,false,true,false
C:\Users\simon\Documents\Code\thesis-code\mockito-main\mockito-core\src\test\java\org\mockitousage\junitrunner\StrictStubsRunnerTest.java,StrictStubsRunnerTest.java,StubbingArgMismatch,passing2,2,0,void,public,true,false,true,false
C:\Users\simon\Documents\Code\thesis-code\mockito-main\mockito-core\src\test\java\org\mockitousage\junitrunner\StrictStubsRunnerTest.java,StrictStubsRunnerTest.java,StubbingArgMismatch,argument_mismatch,2,0,void,public,true,false,true,false
C:\Users\simon\Documents\Code\thesis-code\mockito-main\mockito-core\src\test\java\org\mockitousage\junitrunner\StubbingWarningsJUnitRunnerTest.java,StubbingWarningsJUnitRunnerTest.java,InvalidMockitoUsage,no_arg_mismatch_warnings,2,0,void,public,true,false,true,false
C:\Users\simon\Documents\Code\thesis-code\mockito-main\mockito-core\src\test\java\org\mockitousage\junitrunner\StubbingWarningsJUnitRunnerTest.java,StubbingWarningsJUnitRunnerTest.java,InvalidMockitoUsage,shows_arg_mismatch_warnings_when_test_fails,2,0,void,public,true,false,true,false
C:\Users\simon\Documents\Code\thesis-code\mockito-main\mockito-core\src\test\java\org\mockitousage\junitrunner\StubbingWarningsJUnitRunnerTest.java,StubbingWarningsJUnitRunnerTest.java,InvalidMockitoUsage,shows_arg_mismatch_warnings_only_for_mismatches,2,0,void,public,true,false,true,false
C:\Users\simon\Documents\Code\thesis-code\mockito-main\mockito-core\src\test\java\org\mockitousage\junitrunner\StubbingWarningsJUnitRunnerTest.java,StubbingWarningsJUnitRunnerTest.java,InvalidMockitoUsage,validates_mockito_usage,2,0,void,public,true,false,true,false
C:\Users\simon\Documents\Code\thesis-code\mockito-main\mockito-core\src\test\java\org\mockitousage\junitrunner\StubbingWarningsJUnitRunnerTest.java,StubbingWarningsJUnitRunnerTest.java,InvalidMockitoUsage,test,2,0,void,public,true,true,true,false
C:\Users\simon\Documents\Code\thesis-code\mockito-main\mockito-core\src\test\java\org\mockitousage\junitrunner\StubbingWarningsJUnitRunnerTest.java,StubbingWarningsJUnitRunnerTest.java,InvalidMockitoUsage,test,3,0,void,public,true,true,true,false
C:\Users\simon\Documents\Code\thesis-code\mockito-main\mockito-core\src\test\java\org\mockitousage\junitrunner\StubbingWarningsJUnitRunnerTest.java,StubbingWarningsJUnitRunnerTest.java,InvalidMockitoUsage,test,3,0,void,public,true,true,true,false
C:\Users\simon\Documents\Code\thesis-code\mockito-main\mockito-core\src\test\java\org\mockitousage\junitrunner\StubbingWarningsJUnitRunnerTest.java,StubbingWarningsJUnitRunnerTest.java,InvalidMockitoUsage,test,5,0,void,public,true,true,true,false
C:\Users\simon\Documents\Code\thesis-code\mockito-main\mockito-core\src\test\java\org\mockitousage\junitrunner\StubbingWarningsJUnitRunnerTest.java,StubbingWarningsJUnitRunnerTest.java,InvalidMockitoUsage,test,4,0,void,public,true,true,true,false
C:\Users\simon\Documents\Code\thesis-code\mockito-main\mockito-core\src\test\java\org\mockitousage\junitrunner\StubbingWarningsJUnitRunnerTest.java,StubbingWarningsJUnitRunnerTest.java,InvalidMockitoUsage,test,1,0,void,public,true,true,true,false
C:\Users\simon\Documents\Code\thesis-code\mockito-main\mockito-core\src\test\java\org\mockitousage\junitrunner\UnusedStubsExceptionMessageTest.java,UnusedStubsExceptionMessageTest.java,HasUnnecessaryStubs,usesStub,1,0,void,public,true,false,true,false
C:\Users\simon\Documents\Code\thesis-code\mockito-main\mockito-core\src\test\java\org\mockitousage\junitrunner\UnusedStubsExceptionMessageTest.java,UnusedStubsExceptionMessageTest.java,HasUnnecessaryStubs,usesStubWithDifferentArg,2,0,void,public,true,false,true,false
C:\Users\simon\Documents\Code\thesis-code\mockito-main\mockito-core\src\test\java\org\mockitousage\junitrunner\UnusedStubsExceptionMessageTest.java,UnusedStubsExceptionMessageTest.java,HasUnnecessaryStubs,lists_all_unused_stubs_cleanly,4,0,void,public,true,false,true,false
C:\Users\simon\Documents\Code\thesis-code\mockito-main\mockito-core\src\test\java\org\mockitousage\matchers\AdditionalMatcherTest.java,AdditionalMatcherTest.java,Foo,doSomeThing,0,1,int,,false,false,true,false
C:\Users\simon\Documents\Code\thesis-code\mockito-main\mockito-core\src\test\java\org\mockitousage\matchers\AdditionalMatcherTest.java,AdditionalMatcherTest.java,Foo,shouldMatchArgumentsSequentiallyWithAnd,3,0,void,public,true,false,true,false
C:\Users\simon\Documents\Code\thesis-code\mockito-main\mockito-core\src\test\java\org\mockitousage\matchers\AdditionalMatcherTest.java,AdditionalMatcherTest.java,Foo,shouldMatchArgumentsSequentiallyWithOr,3,0,void,public,true,false,true,false
C:\Users\simon\Documents\Code\thesis-code\mockito-main\mockito-core\src\test\java\org\mockitousage\matchers\AnyXMatchersAcceptNullsTest.java,AnyXMatchersAcceptNullsTest.java,AnyXMatchersAcceptNullsTest,setUp,1,0,void,public,false,false,true,true
C:\Users\simon\Documents\Code\thesis-code\mockito-main\mockito-core\src\test\java\org\mockitousage\matchers\AnyXMatchersAcceptNullsTest.java,AnyXMatchersAcceptNullsTest.java,AnyXMatchersAcceptNullsTest,shouldAcceptNullsInAnyMatcher,2,0,void,public,true,false,true,true
C:\Users\simon\Documents\Code\thesis-code\mockito-main\mockito-core\src\test\java\org\mockitousage\matchers\AnyXMatchersAcceptNullsTest.java,AnyXMatchersAcceptNullsTest.java,AnyXMatchersAcceptNullsTest,shouldNotAcceptNullInAllAnyPrimitiveWrapperMatchers,16,0,void,public,true,false,true,true
C:\Users\simon\Documents\Code\thesis-code\mockito-main\mockito-core\src\test\java\org\mockitousage\matchers\CapturingArgumentsTest.java,CapturingArgumentsTest.java,EmailService,getAge,1,0,int,public,false,false,true,false
C:\Users\simon\Documents\Code\thesis-code\mockito-main\mockito-core\src\test\java\org\mockitousage\matchers\CapturingArgumentsTest.java,CapturingArgumentsTest.java,EmailService,email,1,1,void,public,false,false,true,false
C:\Users\simon\Documents\Code\thesis-code\mockito-main\mockito-core\src\test\java\org\mockitousage\matchers\CapturingArgumentsTest.java,CapturingArgumentsTest.java,EmailService,sendEmailTo,0,1,boolean,,false,false,true,false
C:\Users\simon\Documents\Code\thesis-code\mockito-main\mockito-core\src\test\java\org\mockitousage\matchers\CapturingArgumentsTest.java,CapturingArgumentsTest.java,EmailService,should_allow_assertions_on_captured_argument,4,0,void,public,true,false,true,false
C:\Users\simon\Documents\Code\thesis-code\mockito-main\mockito-core\src\test\java\org\mockitousage\matchers\CapturingArgumentsTest.java,CapturingArgumentsTest.java,EmailService,should_allow_assertions_on_all_captured_arguments,5,0,void,public,true,false,true,false
C:\Users\simon\Documents\Code\thesis-code\mockito-main\mockito-core\src\test\java\org\mockitousage\matchers\CapturingArgumentsTest.java,CapturingArgumentsTest.java,EmailService,should_allow_assertions_on_last_argument,4,0,void,public,true,false,true,false
C:\Users\simon\Documents\Code\thesis-code\mockito-main\mockito-core\src\test\java\org\mockitousage\matchers\CapturingArgumentsTest.java,CapturingArgumentsTest.java,EmailService,should_print_captor_matcher,2,0,void,public,true,false,true,false
C:\Users\simon\Documents\Code\thesis-code\mockito-main\mockito-core\src\test\java\org\mockitousage\matchers\CapturingArgumentsTest.java,CapturingArgumentsTest.java,EmailService,should_allow_assertions_on_captured_null,4,0,void,public,true,false,true,false
C:\Users\simon\Documents\Code\thesis-code\mockito-main\mockito-core\src\test\java\org\mockitousage\matchers\CapturingArgumentsTest.java,CapturingArgumentsTest.java,EmailService,should_allow_construction_of_captor_for_parameterized_type_in_a_convenient_way,2,0,void,public,true,false,true,false
C:\Users\simon\Documents\Code\thesis-code\mockito-main\mockito-core\src\test\java\org\mockitousage\matchers\CapturingArgumentsTest.java,CapturingArgumentsTest.java,EmailService,should_allow_construction_of_captor_for_a_more_specific_type,2,0,void,public,true,false,true,false
C:\Users\simon\Documents\Code\thesis-code\mockito-main\mockito-core\src\test\java\org\mockitousage\matchers\CapturingArgumentsTest.java,CapturingArgumentsTest.java,EmailService,should_allow_capturing_for_stubbing,4,0,void,public,true,false,true,false
C:\Users\simon\Documents\Code\thesis-code\mockito-main\mockito-core\src\test\java\org\mockitousage\matchers\CapturingArgumentsTest.java,CapturingArgumentsTest.java,EmailService,should_capture_when_stubbing_only_when_entire_invocation_matches,5,0,void,public,true,false,true,false
C:\Users\simon\Documents\Code\thesis-code\mockito-main\mockito-core\src\test\java\org\mockitousage\matchers\CapturingArgumentsTest.java,CapturingArgumentsTest.java,EmailService,should_say_something_smart_when_misused,2,0,void,public,true,false,true,false
C:\Users\simon\Documents\Code\thesis-code\mockito-main\mockito-core\src\test\java\org\mockitousage\matchers\CapturingArgumentsTest.java,CapturingArgumentsTest.java,EmailService,should_capture_when_full_arg_list_matches,6,0,void,public,true,false,true,false
C:\Users\simon\Documents\Code\thesis-code\mockito-main\mockito-core\src\test\java\org\mockitousage\matchers\CapturingArgumentsTest.java,CapturingArgumentsTest.java,EmailService,should_capture_int_by_creating_captor_with_primitive_wrapper,4,0,void,public,true,false,true,false
C:\Users\simon\Documents\Code\thesis-code\mockito-main\mockito-core\src\test\java\org\mockitousage\matchers\CapturingArgumentsTest.java,CapturingArgumentsTest.java,EmailService,should_capture_int_by_creating_captor_with_primitive,4,0,void,public,true,false,true,false
C:\Users\simon\Documents\Code\thesis-code\mockito-main\mockito-core\src\test\java\org\mockitousage\matchers\CapturingArgumentsTest.java,CapturingArgumentsTest.java,EmailService,should_not_capture_int_by_creating_captor_with_primitive,3,0,void,public,true,false,true,false
C:\Users\simon\Documents\Code\thesis-code\mockito-main\mockito-core\src\test\java\org\mockitousage\matchers\CapturingArgumentsTest.java,CapturingArgumentsTest.java,EmailService,should_capture_byte_vararg_by_creating_captor_with_primitive,5,0,void,public,true,false,true,false
C:\Users\simon\Documents\Code\thesis-code\mockito-main\mockito-core\src\test\java\org\mockitousage\matchers\CapturingArgumentsTest.java,CapturingArgumentsTest.java,EmailService,should_capture_byte_vararg_by_creating_captor_with_primitive_2_args,5,0,void,public,true,false,true,false
C:\Users\simon\Documents\Code\thesis-code\mockito-main\mockito-core\src\test\java\org\mockitousage\matchers\CapturingArgumentsTest.java,CapturingArgumentsTest.java,EmailService,should_capture_byte_vararg_by_creating_captor_with_primitive_array,6,0,void,public,true,false,true,false
C:\Users\simon\Documents\Code\thesis-code\mockito-main\mockito-core\src\test\java\org\mockitousage\matchers\CapturingArgumentsTest.java,CapturingArgumentsTest.java,EmailService,should_capture_byte_vararg_by_creating_captor_with_primitive_wrapper,5,0,void,public,true,false,true,false
C:\Users\simon\Documents\Code\thesis-code\mockito-main\mockito-core\src\test\java\org\mockitousage\matchers\CapturingArgumentsTest.java,CapturingArgumentsTest.java,EmailService,should_not_capture_empty_vararg_with_single_captor,3,0,void,public,true,false,true,false
C:\Users\simon\Documents\Code\thesis-code\mockito-main\mockito-core\src\test\java\org\mockitousage\matchers\CapturingArgumentsTest.java,CapturingArgumentsTest.java,EmailService,should_capture_single_vararg_with_single_captor,4,0,void,public,true,false,true,false
C:\Users\simon\Documents\Code\thesis-code\mockito-main\mockito-core\src\test\java\org\mockitousage\matchers\CapturingArgumentsTest.java,CapturingArgumentsTest.java,EmailService,should_not_capture_multiple_vararg_with_single_captor,3,0,void,public,true,false,true,false
C:\Users\simon\Documents\Code\thesis-code\mockito-main\mockito-core\src\test\java\org\mockitousage\matchers\CapturingArgumentsTest.java,CapturingArgumentsTest.java,EmailService,should_capture_multiple_vararg_with_multiple_captor,5,0,void,public,true,false,true,false
C:\Users\simon\Documents\Code\thesis-code\mockito-main\mockito-core\src\test\java\org\mockitousage\matchers\CapturingArgumentsTest.java,CapturingArgumentsTest.java,EmailService,should_not_capture_multiple_vararg_some_null_with_single_captor,3,0,void,public,true,false,true,false
C:\Users\simon\Documents\Code\thesis-code\mockito-main\mockito-core\src\test\java\org\mockitousage\matchers\CapturingArgumentsTest.java,CapturingArgumentsTest.java,EmailService,should_capture_empty_vararg_with_array_captor,5,0,void,public,true,false,true,false
C:\Users\simon\Documents\Code\thesis-code\mockito-main\mockito-core\src\test\java\org\mockitousage\matchers\CapturingArgumentsTest.java,CapturingArgumentsTest.java,EmailService,should_capture_single_vararg_with_array_captor,5,0,void,public,true,false,true,false
C:\Users\simon\Documents\Code\thesis-code\mockito-main\mockito-core\src\test\java\org\mockitousage\matchers\CapturingArgumentsTest.java,CapturingArgumentsTest.java,EmailService,should_capture_multiple_vararg_with_array_captor,4,0,void,public,true,false,true,false
C:\Users\simon\Documents\Code\thesis-code\mockito-main\mockito-core\src\test\java\org\mockitousage\matchers\CapturingArgumentsTest.java,CapturingArgumentsTest.java,EmailService,should_capture_multiple_vararg_some_null_with_array_captor,4,0,void,public,true,false,true,false
C:\Users\simon\Documents\Code\thesis-code\mockito-main\mockito-core\src\test\java\org\mockitousage\matchers\CapturingArgumentsTest.java,CapturingArgumentsTest.java,EmailService,should_capture_multiple_invocations_with_captor,6,0,void,public,true,false,true,false
C:\Users\simon\Documents\Code\thesis-code\mockito-main\mockito-core\src\test\java\org\mockitousage\matchers\CapturingArgumentsTest.java,CapturingArgumentsTest.java,EmailService,should_capture_multiple_invocations_with_array_captor,6,0,void,public,true,false,true,false
C:\Users\simon\Documents\Code\thesis-code\mockito-main\mockito-core\src\test\java\org\mockitousage\matchers\CapturingArgumentsTest.java,CapturingArgumentsTest.java,EmailService,should_capture_one_arg_even_when_using_vararg_captor_on_nonvararg_method,4,0,void,public,true,false,true,false
C:\Users\simon\Documents\Code\thesis-code\mockito-main\mockito-core\src\test\java\org\mockitousage\matchers\CapturingArgumentsTest.java,CapturingArgumentsTest.java,EmailService,captures_correctly_when_captor_used_multiple_times,4,0,void,public,true,false,true,false
C:\Users\simon\Documents\Code\thesis-code\mockito-main\mockito-core\src\test\java\org\mockitousage\matchers\CapturingArgumentsTest.java,CapturingArgumentsTest.java,EmailService,captures_correctly_when_captor_used_on_pure_vararg_method,4,0,void,public,true,false,true,false
C:\Users\simon\Documents\Code\thesis-code\mockito-main\mockito-core\src\test\java\org\mockitousage\matchers\CapturingArgumentsTest.java,CapturingArgumentsTest.java,EmailService,should_capture_by_type,5,0,void,public,true,false,true,false
C:\Users\simon\Documents\Code\thesis-code\mockito-main\mockito-core\src\test\java\org\mockitousage\matchers\CapturingArgumentsTest.java,CapturingArgumentsTest.java,EmailService,should_capture_by_type_using_annotation,4,0,void,public,true,false,true,false
C:\Users\simon\Documents\Code\thesis-code\mockito-main\mockito-core\src\test\java\org\mockitousage\matchers\CapturingArgumentsTest.java,CapturingArgumentsTest.java,EmailService,should_always_capture_nulls,5,0,void,public,true,false,true,false
C:\Users\simon\Documents\Code\thesis-code\mockito-main\mockito-core\src\test\java\org\mockitousage\matchers\CustomMatcherDoesYieldCCETest.java,CustomMatcherDoesYieldCCETest.java,CustomMatcherDoesYieldCCETest,shouldNotThrowCCE,2,0,void,public,true,false,true,true
C:\Users\simon\Documents\Code\thesis-code\mockito-main\mockito-core\src\test\java\org\mockitousage\matchers\CustomMatcherDoesYieldCCETest.java,CustomMatcherDoesYieldCCETest.java,CustomMatcherDoesYieldCCETest,isStringWithTextFoo,1,0,ArgumentMatcher<String>,private,false,false,true,true
C:\Users\simon\Documents\Code\thesis-code\mockito-main\mockito-core\src\test\java\org\mockitousage\matchers\CustomMatcherDoesYieldCCETest.java,CustomMatcherDoesYieldCCETest.java,CustomMatcherDoesYieldCCETest,matches,2,1,boolean,public,false,false,true,true
C:\Users\simon\Documents\Code\thesis-code\mockito-main\mockito-core\src\test\java\org\mockitousage\matchers\CustomMatchersTest.java,CustomMatchersTest.java,StringThatContainsXxx,matches,1,1,boolean,public,false,false,true,false
C:\Users\simon\Documents\Code\thesis-code\mockito-main\mockito-core\src\test\java\org\mockitousage\matchers\CustomMatchersTest.java,CustomMatchersTest.java,StringThatContainsXxx,matches,1,1,boolean,public,false,false,true,false
C:\Users\simon\Documents\Code\thesis-code\mockito-main\mockito-core\src\test\java\org\mockitousage\matchers\CustomMatchersTest.java,CustomMatchersTest.java,StringThatContainsXxx,matches,1,1,boolean,public,false,false,true,false
C:\Users\simon\Documents\Code\thesis-code\mockito-main\mockito-core\src\test\java\org\mockitousage\matchers\CustomMatchersTest.java,CustomMatchersTest.java,StringThatContainsXxx,matches,1,1,boolean,public,false,false,true,false
C:\Users\simon\Documents\Code\thesis-code\mockito-main\mockito-core\src\test\java\org\mockitousage\matchers\CustomMatchersTest.java,CustomMatchersTest.java,StringThatContainsXxx,setUp,1,0,void,public,false,false,true,false
C:\Users\simon\Documents\Code\thesis-code\mockito-main\mockito-core\src\test\java\org\mockitousage\matchers\CustomMatchersTest.java,CustomMatchersTest.java,StringThatContainsXxx,shouldUseCustomBooleanMatcher,4,0,void,public,true,false,true,false
C:\Users\simon\Documents\Code\thesis-code\mockito-main\mockito-core\src\test\java\org\mockitousage\matchers\CustomMatchersTest.java,CustomMatchersTest.java,StringThatContainsXxx,shouldUseCustomCharMatcher,4,0,void,public,true,false,true,false
C:\Users\simon\Documents\Code\thesis-code\mockito-main\mockito-core\src\test\java\org\mockitousage\matchers\CustomMatchersTest.java,CustomMatchersTest.java,StringThatContainsXxx,getPageNumber,1,0,int,public,false,false,true,false
C:\Users\simon\Documents\Code\thesis-code\mockito-main\mockito-core\src\test\java\org\mockitousage\matchers\CustomMatchersTest.java,CustomMatchersTest.java,StringThatContainsXxx,getHeadline,1,0,String,public,false,false,true,false
C:\Users\simon\Documents\Code\thesis-code\mockito-main\mockito-core\src\test\java\org\mockitousage\matchers\CustomMatchersTest.java,CustomMatchersTest.java,StringThatContainsXxx,shouldUseCustomPrimitiveNumberMatchers,14,0,void,public,true,false,true,false
C:\Users\simon\Documents\Code\thesis-code\mockito-main\mockito-core\src\test\java\org\mockitousage\matchers\CustomMatchersTest.java,CustomMatchersTest.java,StringThatContainsXxx,shouldUseCustomObjectMatcher,3,0,void,public,true,false,true,false
C:\Users\simon\Documents\Code\thesis-code\mockito-main\mockito-core\src\test\java\org\mockitousage\matchers\CustomMatchersTest.java,CustomMatchersTest.java,StringThatContainsXxx,shouldCustomMatcherPrintDescriptionBasedOnName,2,0,void,public,true,false,true,false
C:\Users\simon\Documents\Code\thesis-code\mockito-main\mockito-core\src\test\java\org\mockitousage\matchers\CustomMatchersTest.java,CustomMatchersTest.java,StringThatContainsXxx,containsTest,1,0,String,private,false,false,true,false
C:\Users\simon\Documents\Code\thesis-code\mockito-main\mockito-core\src\test\java\org\mockitousage\matchers\CustomMatchersTest.java,CustomMatchersTest.java,StringThatContainsXxx,matches,1,1,boolean,public,false,false,true,false
C:\Users\simon\Documents\Code\thesis-code\mockito-main\mockito-core\src\test\java\org\mockitousage\matchers\CustomMatchersTest.java,CustomMatchersTest.java,StringThatContainsXxx,shouldAnonymousCustomMatcherPrintDefaultDescription,2,0,void,public,true,false,true,false
C:\Users\simon\Documents\Code\thesis-code\mockito-main\mockito-core\src\test\java\org\mockitousage\matchers\CustomMatchersTest.java,CustomMatchersTest.java,StringThatContainsXxx,matches,1,1,boolean,public,false,false,true,false
C:\Users\simon\Documents\Code\thesis-code\mockito-main\mockito-core\src\test\java\org\mockitousage\matchers\GenericMatchersTest.java,GenericMatchersTest.java,Foo,sort,0,1,List<String>,,false,false,true,false
C:\Users\simon\Documents\Code\thesis-code\mockito-main\mockito-core\src\test\java\org\mockitousage\matchers\GenericMatchersTest.java,GenericMatchersTest.java,Foo,convertDate,0,1,String,,false,false,true,false
C:\Users\simon\Documents\Code\thesis-code\mockito-main\mockito-core\src\test\java\org\mockitousage\matchers\GenericMatchersTest.java,GenericMatchersTest.java,Foo,shouldCompile,3,0,void,public,true,false,true,false
C:\Users\simon\Documents\Code\thesis-code\mockito-main\mockito-core\src\test\java\org\mockitousage\matchers\HamcrestMatchersTest.java,HamcrestMatchersTest.java,NonGenericMatcher,matches,1,1,boolean,public,false,false,true,false
C:\Users\simon\Documents\Code\thesis-code\mockito-main\mockito-core\src\test\java\org\mockitousage\matchers\HamcrestMatchersTest.java,HamcrestMatchersTest.java,NonGenericMatcher,describeTo,1,1,void,public,false,false,true,false
C:\Users\simon\Documents\Code\thesis-code\mockito-main\mockito-core\src\test\java\org\mockitousage\matchers\HamcrestMatchersTest.java,HamcrestMatchersTest.java,NonGenericMatcher,stubs_with_hamcrest_matcher,3,0,void,public,true,false,true,false
C:\Users\simon\Documents\Code\thesis-code\mockito-main\mockito-core\src\test\java\org\mockitousage\matchers\HamcrestMatchersTest.java,HamcrestMatchersTest.java,NonGenericMatcher,verifies_with_hamcrest_matcher,2,0,void,public,true,false,true,false
C:\Users\simon\Documents\Code\thesis-code\mockito-main\mockito-core\src\test\java\org\mockitousage\matchers\HamcrestMatchersTest.java,HamcrestMatchersTest.java,NonGenericMatcher,does_not_verify_vararg_with_no_items,2,0,void,public,true,false,true,false
C:\Users\simon\Documents\Code\thesis-code\mockito-main\mockito-core\src\test\java\org\mockitousage\matchers\HamcrestMatchersTest.java,HamcrestMatchersTest.java,NonGenericMatcher,verifies_vararg_with_single_item,2,0,void,public,true,false,true,false
C:\Users\simon\Documents\Code\thesis-code\mockito-main\mockito-core\src\test\java\org\mockitousage\matchers\HamcrestMatchersTest.java,HamcrestMatchersTest.java,NonGenericMatcher,does_not_verify_vararg_with_multiple_items,2,0,void,public,true,false,true,false
C:\Users\simon\Documents\Code\thesis-code\mockito-main\mockito-core\src\test\java\org\mockitousage\matchers\HamcrestMatchersTest.java,HamcrestMatchersTest.java,NonGenericMatcher,verify_vararg_with_multiple_item,2,0,void,public,true,false,true,false
C:\Users\simon\Documents\Code\thesis-code\mockito-main\mockito-core\src\test\java\org\mockitousage\matchers\HamcrestMatchersTest.java,HamcrestMatchersTest.java,NonGenericMatcher,verifies_vararg_with_any_num_items,4,0,void,public,true,false,true,false
C:\Users\simon\Documents\Code\thesis-code\mockito-main\mockito-core\src\test\java\org\mockitousage\matchers\HamcrestMatchersTest.java,HamcrestMatchersTest.java,NonGenericMatcher,matches,1,1,boolean,public,false,false,true,false
C:\Users\simon\Documents\Code\thesis-code\mockito-main\mockito-core\src\test\java\org\mockitousage\matchers\HamcrestMatchersTest.java,HamcrestMatchersTest.java,NonGenericMatcher,describeTo,0,1,void,public,false,false,true,false
C:\Users\simon\Documents\Code\thesis-code\mockito-main\mockito-core\src\test\java\org\mockitousage\matchers\HamcrestMatchersTest.java,HamcrestMatchersTest.java,NonGenericMatcher,supports_primitive_matchers,2,0,void,public,true,false,true,false
C:\Users\simon\Documents\Code\thesis-code\mockito-main\mockito-core\src\test\java\org\mockitousage\matchers\HamcrestMatchersTest.java,HamcrestMatchersTest.java,NonGenericMatcher,supports_primitive_matchers_from_core_library,14,0,void,public,true,false,true,false
C:\Users\simon\Documents\Code\thesis-code\mockito-main\mockito-core\src\test\java\org\mockitousage\matchers\HamcrestMatchersTest.java,HamcrestMatchersTest.java,NonGenericMatcher,matches,1,1,boolean,public,false,false,true,false
C:\Users\simon\Documents\Code\thesis-code\mockito-main\mockito-core\src\test\java\org\mockitousage\matchers\HamcrestMatchersTest.java,HamcrestMatchersTest.java,NonGenericMatcher,describeTo,0,1,void,public,false,false,true,false
C:\Users\simon\Documents\Code\thesis-code\mockito-main\mockito-core\src\test\java\org\mockitousage\matchers\HamcrestMatchersTest.java,HamcrestMatchersTest.java,NonGenericMatcher,supports_non_generic_matchers,2,0,void,public,true,false,true,false
C:\Users\simon\Documents\Code\thesis-code\mockito-main\mockito-core\src\test\java\org\mockitousage\matchers\HamcrestMatchersTest.java,HamcrestMatchersTest.java,NonGenericMatcher,nonGenericMatcher,2,0,int,private,false,false,true,false
C:\Users\simon\Documents\Code\thesis-code\mockito-main\mockito-core\src\test\java\org\mockitousage\matchers\HamcrestMatchersTest.java,HamcrestMatchersTest.java,NonGenericMatcher,coexists_with_mockito_matcher,2,0,void,public,true,false,true,false
C:\Users\simon\Documents\Code\thesis-code\mockito-main\mockito-core\src\test\java\org\mockitousage\matchers\HamcrestMatchersTest.java,HamcrestMatchersTest.java,NonGenericMatcher,matches,1,1,boolean,public,false,false,true,false
C:\Users\simon\Documents\Code\thesis-code\mockito-main\mockito-core\src\test\java\org\mockitousage\matchers\InvalidUseOfMatchersTest.java,InvalidUseOfMatchersTest.java,ObjectMatcherMisuseOnPrimitiveSite,should_detect_wrong_number_of_matchers_when_stubbing,2,0,void,public,true,false,true,false
C:\Users\simon\Documents\Code\thesis-code\mockito-main\mockito-core\src\test\java\org\mockitousage\matchers\InvalidUseOfMatchersTest.java,InvalidUseOfMatchersTest.java,ObjectMatcherMisuseOnPrimitiveSite,should_detect_stupid_use_of_matchers_when_verifying,4,0,void,public,true,false,true,false
C:\Users\simon\Documents\Code\thesis-code\mockito-main\mockito-core\src\test\java\org\mockitousage\matchers\InvalidUseOfMatchersTest.java,InvalidUseOfMatchersTest.java,ObjectMatcherMisuseOnPrimitiveSite,should_not_scream_on_correct_usage,2,0,void,public,true,false,true,false
C:\Users\simon\Documents\Code\thesis-code\mockito-main\mockito-core\src\test\java\org\mockitousage\matchers\InvalidUseOfMatchersTest.java,InvalidUseOfMatchersTest.java,ObjectMatcherMisuseOnPrimitiveSite,should_scream_when_no_matchers_inside_not,1,0,void,public,true,false,true,false
C:\Users\simon\Documents\Code\thesis-code\mockito-main\mockito-core\src\test\java\org\mockitousage\matchers\InvalidUseOfMatchersTest.java,InvalidUseOfMatchersTest.java,ObjectMatcherMisuseOnPrimitiveSite,should_scream_when_not_enough_matchers_inside_or_AdditionalMatcher,1,0,void,public,true,false,true,false
C:\Users\simon\Documents\Code\thesis-code\mockito-main\mockito-core\src\test\java\org\mockitousage\matchers\InvalidUseOfMatchersTest.java,InvalidUseOfMatchersTest.java,ObjectMatcherMisuseOnPrimitiveSite,should_scream_when_Matchers_count_dont_match_parameter_count,1,0,void,public,true,false,true,false
C:\Users\simon\Documents\Code\thesis-code\mockito-main\mockito-core\src\test\java\org\mockitousage\matchers\InvalidUseOfMatchersTest.java,InvalidUseOfMatchersTest.java,ObjectMatcherMisuseOnPrimitiveSite,should_mention_matcher_when_misuse_detected,5,0,void,public,true,false,true,false
C:\Users\simon\Documents\Code\thesis-code\mockito-main\mockito-core\src\test\java\org\mockitousage\matchers\InvalidUseOfMatchersTest.java,InvalidUseOfMatchersTest.java,ObjectMatcherMisuseOnPrimitiveSite,fails_with_NPE,2,0,void,public,true,false,true,false
C:\Users\simon\Documents\Code\thesis-code\mockito-main\mockito-core\src\test\java\org\mockitousage\matchers\MatchersMixedWithRawArgumentsTest.java,MatchersMixedWithRawArgumentsTest.java,MatchersMixedWithRawArgumentsTest,shouldAllowMixingRawArgumentsWithMatchers,3,0,void,public,true,false,true,true
C:\Users\simon\Documents\Code\thesis-code\mockito-main\mockito-core\src\test\java\org\mockitousage\matchers\MatchersTest.java,MatchersTest.java,MatchersTest,and_overloaded,22,0,void,public,true,false,true,true
C:\Users\simon\Documents\Code\thesis-code\mockito-main\mockito-core\src\test\java\org\mockitousage\matchers\MatchersTest.java,MatchersTest.java,MatchersTest,or_overloaded,24,0,void,public,true,false,true,true
C:\Users\simon\Documents\Code\thesis-code\mockito-main\mockito-core\src\test\java\org\mockitousage\matchers\MatchersTest.java,MatchersTest.java,MatchersTest,not_overloaded,22,0,void,public,true,false,true,true
C:\Users\simon\Documents\Code\thesis-code\mockito-main\mockito-core\src\test\java\org\mockitousage\matchers\MatchersTest.java,MatchersTest.java,MatchersTest,less_or_equal_overloaded,16,0,void,public,true,false,true,true
C:\Users\simon\Documents\Code\thesis-code\mockito-main\mockito-core\src\test\java\org\mockitousage\matchers\MatchersTest.java,MatchersTest.java,MatchersTest,less_than_overloaded,16,0,void,public,true,false,true,true
C:\Users\simon\Documents\Code\thesis-code\mockito-main\mockito-core\src\test\java\org\mockitousage\matchers\MatchersTest.java,MatchersTest.java,MatchersTest,greater_or_equal_matcher_overloaded,16,0,void,public,true,false,true,true
C:\Users\simon\Documents\Code\thesis-code\mockito-main\mockito-core\src\test\java\org\mockitousage\matchers\MatchersTest.java,MatchersTest.java,MatchersTest,greater_than_matcher_overloaded,16,0,void,public,true,false,true,true
C:\Users\simon\Documents\Code\thesis-code\mockito-main\mockito-core\src\test\java\org\mockitousage\matchers\MatchersTest.java,MatchersTest.java,MatchersTest,compare_to_matcher,3,0,void,public,true,false,true,true
C:\Users\simon\Documents\Code\thesis-code\mockito-main\mockito-core\src\test\java\org\mockitousage\matchers\MatchersTest.java,MatchersTest.java,MatchersTest,any_String_matcher,4,0,void,public,true,false,true,true
C:\Users\simon\Documents\Code\thesis-code\mockito-main\mockito-core\src\test\java\org\mockitousage\matchers\MatchersTest.java,MatchersTest.java,MatchersTest,any_matcher,5,0,void,public,true,false,true,true
C:\Users\simon\Documents\Code\thesis-code\mockito-main\mockito-core\src\test\java\org\mockitousage\matchers\MatchersTest.java,MatchersTest.java,MatchersTest,any_T_matcher,19,0,void,public,true,false,true,true
C:\Users\simon\Documents\Code\thesis-code\mockito-main\mockito-core\src\test\java\org\mockitousage\matchers\MatchersTest.java,MatchersTest.java,MatchersTest,should_array_equals_deal_with_null_array,5,0,void,public,true,false,true,true
C:\Users\simon\Documents\Code\thesis-code\mockito-main\mockito-core\src\test\java\org\mockitousage\matchers\MatchersTest.java,MatchersTest.java,MatchersTest,should_use_smart_equals_for_arrays,3,0,void,public,true,false,true,true
C:\Users\simon\Documents\Code\thesis-code\mockito-main\mockito-core\src\test\java\org\mockitousage\matchers\MatchersTest.java,MatchersTest.java,MatchersTest,should_use_smart_equals_for_primitive_arrays,3,0,void,public,true,false,true,true
C:\Users\simon\Documents\Code\thesis-code\mockito-main\mockito-core\src\test\java\org\mockitousage\matchers\MatchersTest.java,MatchersTest.java,MatchersTest,array_equals_should_throw_ArgumentsAreDifferentException_for_non_matching_arguments,4,0,void,public,true,false,true,true
C:\Users\simon\Documents\Code\thesis-code\mockito-main\mockito-core\src\test\java\org\mockitousage\matchers\MatchersTest.java,MatchersTest.java,MatchersTest,array_equals_matcher,24,0,void,public,true,false,true,true
C:\Users\simon\Documents\Code\thesis-code\mockito-main\mockito-core\src\test\java\org\mockitousage\matchers\MatchersTest.java,MatchersTest.java,MatchersTest,greater_or_equal_matcher,7,0,void,public,true,false,true,true
C:\Users\simon\Documents\Code\thesis-code\mockito-main\mockito-core\src\test\java\org\mockitousage\matchers\MatchersTest.java,MatchersTest.java,MatchersTest,greater_than_matcher,7,0,void,public,true,false,true,true
C:\Users\simon\Documents\Code\thesis-code\mockito-main\mockito-core\src\test\java\org\mockitousage\matchers\MatchersTest.java,MatchersTest.java,MatchersTest,less_or_equal_matcher,7,0,void,public,true,false,true,true
C:\Users\simon\Documents\Code\thesis-code\mockito-main\mockito-core\src\test\java\org\mockitousage\matchers\MatchersTest.java,MatchersTest.java,MatchersTest,less_than_matcher,7,0,void,public,true,false,true,true
C:\Users\simon\Documents\Code\thesis-code\mockito-main\mockito-core\src\test\java\org\mockitousage\matchers\MatchersTest.java,MatchersTest.java,MatchersTest,or_matcher,5,0,void,public,true,false,true,true
C:\Users\simon\Documents\Code\thesis-code\mockito-main\mockito-core\src\test\java\org\mockitousage\matchers\MatchersTest.java,MatchersTest.java,MatchersTest,null_matcher,4,0,void,public,true,false,true,true
C:\Users\simon\Documents\Code\thesis-code\mockito-main\mockito-core\src\test\java\org\mockitousage\matchers\MatchersTest.java,MatchersTest.java,MatchersTest,null_matcher_for_primitive_wrappers,16,0,void,public,true,false,true,true
C:\Users\simon\Documents\Code\thesis-code\mockito-main\mockito-core\src\test\java\org\mockitousage\matchers\MatchersTest.java,MatchersTest.java,MatchersTest,not_null_matcher,4,0,void,public,true,false,true,true
C:\Users\simon\Documents\Code\thesis-code\mockito-main\mockito-core\src\test\java\org\mockitousage\matchers\MatchersTest.java,MatchersTest.java,MatchersTest,find_matcher,4,0,void,public,true,false,true,true
C:\Users\simon\Documents\Code\thesis-code\mockito-main\mockito-core\src\test\java\org\mockitousage\matchers\MatchersTest.java,MatchersTest.java,MatchersTest,matches_matcher,5,0,void,public,true,false,true,true
C:\Users\simon\Documents\Code\thesis-code\mockito-main\mockito-core\src\test\java\org\mockitousage\matchers\MatchersTest.java,MatchersTest.java,MatchersTest,matches_Pattern_matcher,5,0,void,public,true,false,true,true
C:\Users\simon\Documents\Code\thesis-code\mockito-main\mockito-core\src\test\java\org\mockitousage\matchers\MatchersTest.java,MatchersTest.java,MatchersTest,matches_Pattern_matcher_in_subregion,3,0,void,public,true,false,true,true
C:\Users\simon\Documents\Code\thesis-code\mockito-main\mockito-core\src\test\java\org\mockitousage\matchers\MatchersTest.java,MatchersTest.java,MatchersTest,contains_matcher,5,0,void,public,true,false,true,true
C:\Users\simon\Documents\Code\thesis-code\mockito-main\mockito-core\src\test\java\org\mockitousage\matchers\MatchersTest.java,MatchersTest.java,MatchersTest,starts_with_matcher,5,0,void,public,true,false,true,true
C:\Users\simon\Documents\Code\thesis-code\mockito-main\mockito-core\src\test\java\org\mockitousage\matchers\MatchersTest.java,MatchersTest.java,MatchersTest,ends_with_matcher,5,0,void,public,true,false,true,true
C:\Users\simon\Documents\Code\thesis-code\mockito-main\mockito-core\src\test\java\org\mockitousage\matchers\MatchersTest.java,MatchersTest.java,MatchersTest,delta_matcher,14,0,void,public,true,false,true,true
C:\Users\simon\Documents\Code\thesis-code\mockito-main\mockito-core\src\test\java\org\mockitousage\matchers\MatchersTest.java,MatchersTest.java,MatchersTest,delta_matcher_prints_itself,1,0,void,public,true,false,true,true
C:\Users\simon\Documents\Code\thesis-code\mockito-main\mockito-core\src\test\java\org\mockitousage\matchers\MatchersTest.java,MatchersTest.java,MatchersTest,same_matcher,11,0,void,public,true,false,true,true
C:\Users\simon\Documents\Code\thesis-code\mockito-main\mockito-core\src\test\java\org\mockitousage\matchers\MatchersTest.java,MatchersTest.java,MatchersTest,eq_matcher_and_nulls,2,0,void,public,true,false,true,true
C:\Users\simon\Documents\Code\thesis-code\mockito-main\mockito-core\src\test\java\org\mockitousage\matchers\MatchersTest.java,MatchersTest.java,MatchersTest,same_matcher_and_nulls,2,0,void,public,true,false,true,true
C:\Users\simon\Documents\Code\thesis-code\mockito-main\mockito-core\src\test\java\org\mockitousage\matchers\MatchersTest.java,MatchersTest.java,MatchersTest,nullable_matcher,3,0,void,public,true,false,true,true
C:\Users\simon\Documents\Code\thesis-code\mockito-main\mockito-core\src\test\java\org\mockitousage\matchers\MatchersTest.java,MatchersTest.java,MatchersTest,assertArg_matcher,2,0,void,public,true,false,true,true
C:\Users\simon\Documents\Code\thesis-code\mockito-main\mockito-core\src\test\java\org\mockitousage\matchers\MatchersTest.java,MatchersTest.java,MatchersTest,assertArg_matcher_fails_when_assertion_fails,2,0,void,public,true,false,true,true
C:\Users\simon\Documents\Code\thesis-code\mockito-main\mockito-core\src\test\java\org\mockitousage\matchers\MatchersTest.java,MatchersTest.java,MatchersTest,assertArg_matcher_can_accept_throwing_consumer,2,0,void,public,true,false,true,true
C:\Users\simon\Documents\Code\thesis-code\mockito-main\mockito-core\src\test\java\org\mockitousage\matchers\MatchersTest.java,MatchersTest.java,MatchersTest,can_invoke_method_on_mock_after_assert_arg,3,0,void,public,true,false,true,true
C:\Users\simon\Documents\Code\thesis-code\mockito-main\mockito-core\src\test\java\org\mockitousage\matchers\MatchersTest.java,MatchersTest.java,MatchersTest,can_verify_on_mock_after_assert_arg,3,0,void,public,true,false,true,true
C:\Users\simon\Documents\Code\thesis-code\mockito-main\mockito-core\src\test\java\org\mockitousage\matchers\MoreMatchersTest.java,MoreMatchersTest.java,MoreMatchersTest,should_help_out_with_unnecessary_casting,2,0,void,public,true,false,true,true
C:\Users\simon\Documents\Code\thesis-code\mockito-main\mockito-core\src\test\java\org\mockitousage\matchers\MoreMatchersTest.java,MoreMatchersTest.java,MoreMatchersTest,any_class_should_be_actual_alias_to_isA,6,0,void,public,true,false,true,true
C:\Users\simon\Documents\Code\thesis-code\mockito-main\mockito-core\src\test\java\org\mockitousage\matchers\MoreMatchersTest.java,MoreMatchersTest.java,MoreMatchersTest,call,1,0,void,public,false,false,true,true
C:\Users\simon\Documents\Code\thesis-code\mockito-main\mockito-core\src\test\java\org\mockitousage\matchers\MoreMatchersTest.java,MoreMatchersTest.java,MoreMatchersTest,call,1,0,void,public,false,false,true,true
C:\Users\simon\Documents\Code\thesis-code\mockito-main\mockito-core\src\test\java\org\mockitousage\matchers\NewMatchersTest.java,NewMatchersTest.java,NewMatchersTest,setUp,1,0,void,public,false,false,true,true
C:\Users\simon\Documents\Code\thesis-code\mockito-main\mockito-core\src\test\java\org\mockitousage\matchers\NewMatchersTest.java,NewMatchersTest.java,NewMatchersTest,shouldAllowAnyList,4,0,void,public,true,false,true,true
C:\Users\simon\Documents\Code\thesis-code\mockito-main\mockito-core\src\test\java\org\mockitousage\matchers\NewMatchersTest.java,NewMatchersTest.java,NewMatchersTest,shouldAllowAnyCollection,4,0,void,public,true,false,true,true
C:\Users\simon\Documents\Code\thesis-code\mockito-main\mockito-core\src\test\java\org\mockitousage\matchers\NewMatchersTest.java,NewMatchersTest.java,NewMatchersTest,shouldAllowAnyMap,4,0,void,public,true,false,true,true
C:\Users\simon\Documents\Code\thesis-code\mockito-main\mockito-core\src\test\java\org\mockitousage\matchers\NewMatchersTest.java,NewMatchersTest.java,NewMatchersTest,shouldAllowAnySet,4,0,void,public,true,false,true,true
C:\Users\simon\Documents\Code\thesis-code\mockito-main\mockito-core\src\test\java\org\mockitousage\matchers\NewMatchersTest.java,NewMatchersTest.java,NewMatchersTest,shouldAllowAnyIterable,4,0,void,public,true,false,true,true
C:\Users\simon\Documents\Code\thesis-code\mockito-main\mockito-core\src\test\java\org\mockitousage\matchers\ReflectionMatchersTest.java,ReflectionMatchersTest.java,MockMe,run,0,1,void,,false,false,true,false
C:\Users\simon\Documents\Code\thesis-code\mockito-main\mockito-core\src\test\java\org\mockitousage\matchers\ReflectionMatchersTest.java,ReflectionMatchersTest.java,MockMe,setup,3,0,void,public,false,false,true,false
C:\Users\simon\Documents\Code\thesis-code\mockito-main\mockito-core\src\test\java\org\mockitousage\matchers\ReflectionMatchersTest.java,ReflectionMatchersTest.java,MockMe,shouldMatchWhenFieldValuesEqual,2,0,void,public,true,false,true,false
C:\Users\simon\Documents\Code\thesis-code\mockito-main\mockito-core\src\test\java\org\mockitousage\matchers\ReflectionMatchersTest.java,ReflectionMatchersTest.java,MockMe,shouldNotMatchWhenFieldValuesDiffer,2,0,void,public,true,false,true,false
C:\Users\simon\Documents\Code\thesis-code\mockito-main\mockito-core\src\test\java\org\mockitousage\matchers\ReflectionMatchersTest.java,ReflectionMatchersTest.java,MockMe,shouldNotMatchAgain,2,0,void,public,true,false,true,false
C:\Users\simon\Documents\Code\thesis-code\mockito-main\mockito-core\src\test\java\org\mockitousage\matchers\ReflectionMatchersTest.java,ReflectionMatchersTest.java,MockMe,shouldNotMatchYetAgain,2,0,void,public,true,false,true,false
C:\Users\simon\Documents\Code\thesis-code\mockito-main\mockito-core\src\test\java\org\mockitousage\matchers\ReflectionMatchersTest.java,ReflectionMatchersTest.java,MockMe,shouldNotMatch,2,0,void,public,true,false,true,false
C:\Users\simon\Documents\Code\thesis-code\mockito-main\mockito-core\src\test\java\org\mockitousage\matchers\ReflectionMatchersTest.java,ReflectionMatchersTest.java,MockMe,shouldMatchWhenFieldValuesEqualWithOneFieldExcluded,2,0,void,public,true,false,true,false
C:\Users\simon\Documents\Code\thesis-code\mockito-main\mockito-core\src\test\java\org\mockitousage\matchers\ReflectionMatchersTest.java,ReflectionMatchersTest.java,MockMe,shouldMatchWhenFieldValuesEqualWithTwoFieldsExcluded,3,0,void,public,true,false,true,false
C:\Users\simon\Documents\Code\thesis-code\mockito-main\mockito-core\src\test\java\org\mockitousage\matchers\ReflectionMatchersTest.java,ReflectionMatchersTest.java,MockMe,shouldNotMatchWithFieldsExclusion,2,0,void,public,true,false,true,false
C:\Users\simon\Documents\Code\thesis-code\mockito-main\mockito-core\src\test\java\org\mockitousage\matchers\VarargsTest.java,VarargsTest.java,SubType,matches,1,1,boolean,public,false,false,true,false
C:\Users\simon\Documents\Code\thesis-code\mockito-main\mockito-core\src\test\java\org\mockitousage\matchers\VarargsTest.java,VarargsTest.java,SubType,shouldMatchVarArgs_noArgs,2,0,void,public,true,false,true,false
C:\Users\simon\Documents\Code\thesis-code\mockito-main\mockito-core\src\test\java\org\mockitousage\matchers\VarargsTest.java,VarargsTest.java,SubType,shouldMatchEmptyVarArgs_noArgsIsNotNull,2,0,void,public,true,false,true,false
C:\Users\simon\Documents\Code\thesis-code\mockito-main\mockito-core\src\test\java\org\mockitousage\matchers\VarargsTest.java,VarargsTest.java,SubType,shouldMatchEmptyVarArgs_noArgsIsNull,2,0,void,public,true,false,true,false
C:\Users\simon\Documents\Code\thesis-code\mockito-main\mockito-core\src\test\java\org\mockitousage\matchers\VarargsTest.java,VarargsTest.java,SubType,shouldMatchVarArgs_oneNullArg_eqNull,3,0,void,public,true,false,true,false
C:\Users\simon\Documents\Code\thesis-code\mockito-main\mockito-core\src\test\java\org\mockitousage\matchers\VarargsTest.java,VarargsTest.java,SubType,shouldMatchVarArgs_oneNullArg_isNull,3,0,void,public,true,false,true,false
C:\Users\simon\Documents\Code\thesis-code\mockito-main\mockito-core\src\test\java\org\mockitousage\matchers\VarargsTest.java,VarargsTest.java,SubType,shouldMatchVarArgs_nullArrayArg,3,0,void,public,true,false,true,false
C:\Users\simon\Documents\Code\thesis-code\mockito-main\mockito-core\src\test\java\org\mockitousage\matchers\VarargsTest.java,VarargsTest.java,SubType,shouldnotMatchVarArgs_twoArgsOneMatcher,2,0,void,public,true,false,true,false
C:\Users\simon\Documents\Code\thesis-code\mockito-main\mockito-core\src\test\java\org\mockitousage\matchers\VarargsTest.java,VarargsTest.java,SubType,shouldMatchVarArgs_emptyVarArgsOneAnyMatcher,2,0,void,public,true,false,true,false
C:\Users\simon\Documents\Code\thesis-code\mockito-main\mockito-core\src\test\java\org\mockitousage\matchers\VarargsTest.java,VarargsTest.java,SubType,shouldMatchVarArgs_oneArgsOneAnyMatcher,2,0,void,public,true,false,true,false
C:\Users\simon\Documents\Code\thesis-code\mockito-main\mockito-core\src\test\java\org\mockitousage\matchers\VarargsTest.java,VarargsTest.java,SubType,shouldMatchVarArgs_twoArgsOneAnyMatcher,2,0,void,public,true,false,true,false
C:\Users\simon\Documents\Code\thesis-code\mockito-main\mockito-core\src\test\java\org\mockitousage\matchers\VarargsTest.java,VarargsTest.java,SubType,shouldMatchVarArgs_twoArgsTwoAnyMatcher,2,0,void,public,true,false,true,false
C:\Users\simon\Documents\Code\thesis-code\mockito-main\mockito-core\src\test\java\org\mockitousage\matchers\VarargsTest.java,VarargsTest.java,SubType,shouldMatchVarArgs_twoArgsThreeAnyMatcher,2,0,void,public,true,false,true,false
C:\Users\simon\Documents\Code\thesis-code\mockito-main\mockito-core\src\test\java\org\mockitousage\matchers\VarargsTest.java,VarargsTest.java,SubType,shouldMatchVarArgs_oneNullArgument,2,0,void,public,true,false,true,false
C:\Users\simon\Documents\Code\thesis-code\mockito-main\mockito-core\src\test\java\org\mockitousage\matchers\VarargsTest.java,VarargsTest.java,SubType,shouldMatchVarArgs_onebyte,2,0,void,public,true,false,true,false
C:\Users\simon\Documents\Code\thesis-code\mockito-main\mockito-core\src\test\java\org\mockitousage\matchers\VarargsTest.java,VarargsTest.java,SubType,shouldMatchVarArgs_nullByteArray,2,0,void,public,true,false,true,false
C:\Users\simon\Documents\Code\thesis-code\mockito-main\mockito-core\src\test\java\org\mockitousage\matchers\VarargsTest.java,VarargsTest.java,SubType,shouldMatchVarArgs_emptyByteArray,2,0,void,public,true,false,true,false
C:\Users\simon\Documents\Code\thesis-code\mockito-main\mockito-core\src\test\java\org\mockitousage\matchers\VarargsTest.java,VarargsTest.java,SubType,shouldMatchEmptyVarArgs_emptyArrayIsNotNull,2,0,void,public,true,false,true,false
C:\Users\simon\Documents\Code\thesis-code\mockito-main\mockito-core\src\test\java\org\mockitousage\matchers\VarargsTest.java,VarargsTest.java,SubType,shouldMatchVarArgs_oneArgIsNotNull,2,0,void,public,true,false,true,false
C:\Users\simon\Documents\Code\thesis-code\mockito-main\mockito-core\src\test\java\org\mockitousage\matchers\VarargsTest.java,VarargsTest.java,SubType,shouldCaptureVarArgs_noArgs,3,0,void,public,true,false,true,false
C:\Users\simon\Documents\Code\thesis-code\mockito-main\mockito-core\src\test\java\org\mockitousage\matchers\VarargsTest.java,VarargsTest.java,SubType,shouldCaptureVarArgs_oneNullArg_eqNull,4,0,void,public,true,false,true,false
C:\Users\simon\Documents\Code\thesis-code\mockito-main\mockito-core\src\test\java\org\mockitousage\matchers\VarargsTest.java,VarargsTest.java,SubType,shouldCaptureVarArgs_nullArrayArg,4,0,void,public,true,false,true,false
C:\Users\simon\Documents\Code\thesis-code\mockito-main\mockito-core\src\test\java\org\mockitousage\matchers\VarargsTest.java,VarargsTest.java,SubType,shouldCaptureVarArgs_twoArgsOneCapture,3,0,void,public,true,false,true,false
C:\Users\simon\Documents\Code\thesis-code\mockito-main\mockito-core\src\test\java\org\mockitousage\matchers\VarargsTest.java,VarargsTest.java,SubType,shouldCaptureVarArgs_twoArgsTwoCaptures,3,0,void,public,true,false,true,false
C:\Users\simon\Documents\Code\thesis-code\mockito-main\mockito-core\src\test\java\org\mockitousage\matchers\VarargsTest.java,VarargsTest.java,SubType,shouldCaptureVarArgs_oneNullArgument2,3,0,void,public,true,false,true,false
C:\Users\simon\Documents\Code\thesis-code\mockito-main\mockito-core\src\test\java\org\mockitousage\matchers\VarargsTest.java,VarargsTest.java,SubType,shouldNotCaptureVarArgs_3args2captures,2,0,void,public,true,false,true,false
C:\Users\simon\Documents\Code\thesis-code\mockito-main\mockito-core\src\test\java\org\mockitousage\matchers\VarargsTest.java,VarargsTest.java,SubType,shouldCaptureVarArgs_3argsCaptorMatcherMix,3,0,void,public,true,false,true,false
C:\Users\simon\Documents\Code\thesis-code\mockito-main\mockito-core\src\test\java\org\mockitousage\matchers\VarargsTest.java,VarargsTest.java,SubType,shouldNotCaptureVarArgs_3argsCaptorMatcherMix,3,0,void,public,true,false,true,false
C:\Users\simon\Documents\Code\thesis-code\mockito-main\mockito-core\src\test\java\org\mockitousage\matchers\VarargsTest.java,VarargsTest.java,SubType,shouldNotCaptureVarArgs_1args2captures,2,0,void,public,true,false,true,false
C:\Users\simon\Documents\Code\thesis-code\mockito-main\mockito-core\src\test\java\org\mockitousage\matchers\VarargsTest.java,VarargsTest.java,SubType,shouldCaptureVarArgsAsArray,4,0,void,public,true,false,true,false
C:\Users\simon\Documents\Code\thesis-code\mockito-main\mockito-core\src\test\java\org\mockitousage\matchers\VarargsTest.java,VarargsTest.java,SubType,shouldNotMatchRegualrAndVaraArgs,2,0,void,public,true,false,true,false
C:\Users\simon\Documents\Code\thesis-code\mockito-main\mockito-core\src\test\java\org\mockitousage\matchers\VarargsTest.java,VarargsTest.java,SubType,shouldNotMatchVaraArgs,2,0,void,public,true,false,true,false
C:\Users\simon\Documents\Code\thesis-code\mockito-main\mockito-core\src\test\java\org\mockitousage\matchers\VarargsTest.java,VarargsTest.java,SubType,shouldDifferentiateNonVarargVariant,4,0,void,public,true,false,true,false
C:\Users\simon\Documents\Code\thesis-code\mockito-main\mockito-core\src\test\java\org\mockitousage\matchers\VarargsTest.java,VarargsTest.java,SubType,shouldMockVarargsInvocation_single_vararg_matcher,4,0,void,public,true,false,true,false
C:\Users\simon\Documents\Code\thesis-code\mockito-main\mockito-core\src\test\java\org\mockitousage\matchers\VarargsTest.java,VarargsTest.java,SubType,shouldMockVarargsInvocation_multiple_vararg_matcher,6,0,void,public,true,false,true,false
C:\Users\simon\Documents\Code\thesis-code\mockito-main\mockito-core\src\test\java\org\mockitousage\matchers\VarargsTest.java,VarargsTest.java,SubType,shouldMockVarargsInvocationForSuperType,2,0,void,public,true,false,true,false
C:\Users\simon\Documents\Code\thesis-code\mockito-main\mockito-core\src\test\java\org\mockitousage\matchers\VarargsTest.java,VarargsTest.java,SubType,shouldHandleArrayVarargsMethods,2,0,void,public,true,false,true,false
C:\Users\simon\Documents\Code\thesis-code\mockito-main\mockito-core\src\test\java\org\mockitousage\matchers\VarargsTest.java,VarargsTest.java,SubType,shouldCaptureVarArgs_NullArrayArg1,4,0,void,public,true,false,true,false
C:\Users\simon\Documents\Code\thesis-code\mockito-main\mockito-core\src\test\java\org\mockitousage\matchers\VarargsTest.java,VarargsTest.java,SubType,shouldCaptureVarArgs_NullArrayArg2,4,0,void,public,true,false,true,false
C:\Users\simon\Documents\Code\thesis-code\mockito-main\mockito-core\src\test\java\org\mockitousage\matchers\VarargsTest.java,VarargsTest.java,SubType,shouldVerifyVarArgs_any_NullArrayArg1,2,0,void,public,true,false,true,false
C:\Users\simon\Documents\Code\thesis-code\mockito-main\mockito-core\src\test\java\org\mockitousage\matchers\VarargsTest.java,VarargsTest.java,SubType,shouldVerifyVarArgs_any_NullArrayArg2,2,0,void,public,true,false,true,false
C:\Users\simon\Documents\Code\thesis-code\mockito-main\mockito-core\src\test\java\org\mockitousage\matchers\VarargsTest.java,VarargsTest.java,SubType,shouldVerifyVarArgs_eq_NullArrayArg1,2,0,void,public,true,false,true,false
C:\Users\simon\Documents\Code\thesis-code\mockito-main\mockito-core\src\test\java\org\mockitousage\matchers\VarargsTest.java,VarargsTest.java,SubType,shouldVerifyVarArgs_eq_NullArrayArg2,2,0,void,public,true,false,true,false
C:\Users\simon\Documents\Code\thesis-code\mockito-main\mockito-core\src\test\java\org\mockitousage\matchers\VarargsTest.java,VarargsTest.java,SubType,shouldVerifyVarArgs_isNull_NullArrayArg,2,0,void,public,true,false,true,false
C:\Users\simon\Documents\Code\thesis-code\mockito-main\mockito-core\src\test\java\org\mockitousage\matchers\VarargsTest.java,VarargsTest.java,SubType,shouldVerifyVarArgs_isNull_NullArrayArg2,2,0,void,public,true,false,true,false
C:\Users\simon\Documents\Code\thesis-code\mockito-main\mockito-core\src\test\java\org\mockitousage\matchers\VarargsTest.java,VarargsTest.java,SubType,shouldVerifyExactlyOneVarArg_isA,2,0,void,public,true,false,true,false
C:\Users\simon\Documents\Code\thesis-code\mockito-main\mockito-core\src\test\java\org\mockitousage\matchers\VarargsTest.java,VarargsTest.java,SubType,shouldNotVerifyExactlyOneVarArg_isA,2,0,void,public,true,false,true,false
C:\Users\simon\Documents\Code\thesis-code\mockito-main\mockito-core\src\test\java\org\mockitousage\matchers\VarargsTest.java,VarargsTest.java,SubType,shouldVerifyVarArgArray_isA,2,0,void,public,true,false,true,false
C:\Users\simon\Documents\Code\thesis-code\mockito-main\mockito-core\src\test\java\org\mockitousage\matchers\VarargsTest.java,VarargsTest.java,SubType,shouldVerifyVarArgArray_isA2,2,0,void,public,true,false,true,false
C:\Users\simon\Documents\Code\thesis-code\mockito-main\mockito-core\src\test\java\org\mockitousage\matchers\VarargsTest.java,VarargsTest.java,SubType,shouldVerifyExactlyOneVarArg_any,2,0,void,public,true,false,true,false
C:\Users\simon\Documents\Code\thesis-code\mockito-main\mockito-core\src\test\java\org\mockitousage\matchers\VarargsTest.java,VarargsTest.java,SubType,shouldNotVerifyExactlyOneVarArg_any,2,0,void,public,true,false,true,false
C:\Users\simon\Documents\Code\thesis-code\mockito-main\mockito-core\src\test\java\org\mockitousage\matchers\VarargsTest.java,VarargsTest.java,SubType,shouldMockVarargInvocation_eq,5,0,void,public,true,false,true,false
C:\Users\simon\Documents\Code\thesis-code\mockito-main\mockito-core\src\test\java\org\mockitousage\matchers\VarargsTest.java,VarargsTest.java,SubType,shouldVerifyInvocation_eq,5,0,void,public,true,false,true,false
C:\Users\simon\Documents\Code\thesis-code\mockito-main\mockito-core\src\test\java\org\mockitousage\matchers\VarargsTest.java,VarargsTest.java,SubType,shouldMockVarargInvocation_eq_raw,5,0,void,public,true,false,true,false
C:\Users\simon\Documents\Code\thesis-code\mockito-main\mockito-core\src\test\java\org\mockitousage\matchers\VarargsTest.java,VarargsTest.java,SubType,shouldVerifyInvocation_eq_raw,5,0,void,public,true,false,true,false
C:\Users\simon\Documents\Code\thesis-code\mockito-main\mockito-core\src\test\java\org\mockitousage\matchers\VarargsTest.java,VarargsTest.java,SubType,shouldVerifyInvocation_not,3,0,void,public,true,false,true,false
C:\Users\simon\Documents\Code\thesis-code\mockito-main\mockito-core\src\test\java\org\mockitousage\matchers\VarargsTest.java,VarargsTest.java,SubType,shouldVerifyInvocation_same,4,0,void,public,true,false,true,false
C:\Users\simon\Documents\Code\thesis-code\mockito-main\mockito-core\src\test\java\org\mockitousage\matchers\VarargsTest.java,VarargsTest.java,SubType,shouldVerifySubTypes,4,0,void,public,true,false,true,false
C:\Users\simon\Documents\Code\thesis-code\mockito-main\mockito-core\src\test\java\org\mockitousage\matchers\VarargsTest.java,VarargsTest.java,SubType,shouldVerifyInvocation_or,3,0,void,public,true,false,true,false
C:\Users\simon\Documents\Code\thesis-code\mockito-main\mockito-core\src\test\java\org\mockitousage\matchers\VarargsTest.java,VarargsTest.java,SubType,shouldVerifyInvocation_and,2,0,void,public,true,false,true,false
C:\Users\simon\Documents\Code\thesis-code\mockito-main\mockito-core\src\test\java\org\mockitousage\matchers\VarargsTest.java,VarargsTest.java,SubType,assertThatCaptor,1,1,"AbstractListAssert<?, ?, T, ObjectAssert<T>>",private; static,false,false,true,false
C:\Users\simon\Documents\Code\thesis-code\mockito-main\mockito-core\src\test\java\org\mockitousage\matchers\VarargsTest.java,VarargsTest.java,SubType,equals,1,1,boolean,public,false,false,true,false
C:\Users\simon\Documents\Code\thesis-code\mockito-main\mockito-core\src\test\java\org\mockitousage\matchers\VarargsTest.java,VarargsTest.java,SubType,hashCode,1,0,int,public,false,false,true,false
C:\Users\simon\Documents\Code\thesis-code\mockito-main\mockito-core\src\test\java\org\mockitousage\matchers\VerificationAndStubbingUsingMatchersTest.java,VerificationAndStubbingUsingMatchersTest.java,VerificationAndStubbingUsingMatchersTest,setUp,3,0,void,public,false,false,true,true
C:\Users\simon\Documents\Code\thesis-code\mockito-main\mockito-core\src\test\java\org\mockitousage\matchers\VerificationAndStubbingUsingMatchersTest.java,VerificationAndStubbingUsingMatchersTest.java,VerificationAndStubbingUsingMatchersTest,shouldStubUsingMatchers,10,0,void,public,true,false,true,true
C:\Users\simon\Documents\Code\thesis-code\mockito-main\mockito-core\src\test\java\org\mockitousage\matchers\VerificationAndStubbingUsingMatchersTest.java,VerificationAndStubbingUsingMatchersTest.java,VerificationAndStubbingUsingMatchersTest,shouldVerifyUsingMatchers,14,0,void,public,true,false,true,true
C:\Users\simon\Documents\Code\thesis-code\mockito-main\mockito-core\src\test\java\org\mockitousage\misuse\CleaningUpPotentialStubbingTest.java,CleaningUpPotentialStubbingTest.java,CleaningUpPotentialStubbingTest,shouldResetOngoingStubbingOnVerify,3,0,void,public,true,false,true,true
C:\Users\simon\Documents\Code\thesis-code\mockito-main\mockito-core\src\test\java\org\mockitousage\misuse\CleaningUpPotentialStubbingTest.java,CleaningUpPotentialStubbingTest.java,CleaningUpPotentialStubbingTest,shouldResetOngoingStubbingOnInOrder,4,0,void,public,true,false,true,true
C:\Users\simon\Documents\Code\thesis-code\mockito-main\mockito-core\src\test\java\org\mockitousage\misuse\CleaningUpPotentialStubbingTest.java,CleaningUpPotentialStubbingTest.java,CleaningUpPotentialStubbingTest,shouldResetOngoingStubbingOnDoReturn,3,0,void,public,true,false,true,true
C:\Users\simon\Documents\Code\thesis-code\mockito-main\mockito-core\src\test\java\org\mockitousage\misuse\CleaningUpPotentialStubbingTest.java,CleaningUpPotentialStubbingTest.java,CleaningUpPotentialStubbingTest,assertOngoingStubbingIsReset,1,0,void,private,false,false,true,true
C:\Users\simon\Documents\Code\thesis-code\mockito-main\mockito-core\src\test\java\org\mockitousage\misuse\DescriptiveMessagesOnMisuseTest.java,DescriptiveMessagesOnMisuseTest.java,Foo,finalMethod,1,0,String,public; final,false,false,true,false
C:\Users\simon\Documents\Code\thesis-code\mockito-main\mockito-core\src\test\java\org\mockitousage\misuse\DescriptiveMessagesOnMisuseTest.java,DescriptiveMessagesOnMisuseTest.java,Foo,tryDescriptiveMessagesOnMisuse,1,0,void,public,true,false,true,false
C:\Users\simon\Documents\Code\thesis-code\mockito-main\mockito-core\src\test\java\org\mockitousage\misuse\DescriptiveMessagesOnMisuseTest.java,DescriptiveMessagesOnMisuseTest.java,Foo,shouldScreamWhenWholeMethodPassedToVerify,1,0,void,public,true,false,true,false
C:\Users\simon\Documents\Code\thesis-code\mockito-main\mockito-core\src\test\java\org\mockitousage\misuse\DescriptiveMessagesOnMisuseTest.java,DescriptiveMessagesOnMisuseTest.java,Foo,shouldScreamWhenWholeMethodPassedToVerifyNoMoreInteractions,1,0,void,public,true,false,true,false
C:\Users\simon\Documents\Code\thesis-code\mockito-main\mockito-core\src\test\java\org\mockitousage\misuse\DescriptiveMessagesOnMisuseTest.java,DescriptiveMessagesOnMisuseTest.java,Foo,shouldScreamWhenInOrderCreatedWithDodgyMock,1,0,void,public,true,false,true,false
C:\Users\simon\Documents\Code\thesis-code\mockito-main\mockito-core\src\test\java\org\mockitousage\misuse\DescriptiveMessagesOnMisuseTest.java,DescriptiveMessagesOnMisuseTest.java,Foo,shouldScreamWhenInOrderCreatedWithNulls,1,0,void,public,true,false,true,false
C:\Users\simon\Documents\Code\thesis-code\mockito-main\mockito-core\src\test\java\org\mockitousage\misuse\DescriptiveMessagesOnMisuseTest.java,DescriptiveMessagesOnMisuseTest.java,Foo,shouldScreamNullPassedToVerify,1,0,void,public,true,false,true,false
C:\Users\simon\Documents\Code\thesis-code\mockito-main\mockito-core\src\test\java\org\mockitousage\misuse\DescriptiveMessagesOnMisuseTest.java,DescriptiveMessagesOnMisuseTest.java,Foo,shouldScreamWhenNotMockPassedToVerifyNoMoreInteractions,1,0,void,public,true,false,true,false
C:\Users\simon\Documents\Code\thesis-code\mockito-main\mockito-core\src\test\java\org\mockitousage\misuse\DescriptiveMessagesOnMisuseTest.java,DescriptiveMessagesOnMisuseTest.java,Foo,shouldScreamWhenNullPassedToVerifyNoMoreInteractions,1,0,void,public,true,false,true,false
C:\Users\simon\Documents\Code\thesis-code\mockito-main\mockito-core\src\test\java\org\mockitousage\misuse\DetectingFinalMethodsTest.java,DetectingFinalMethodsTest.java,WithFinal,foo,1,0,int,final,false,false,true,false
C:\Users\simon\Documents\Code\thesis-code\mockito-main\mockito-core\src\test\java\org\mockitousage\misuse\DetectingFinalMethodsTest.java,DetectingFinalMethodsTest.java,WithFinal,shouldFailWithUnfinishedVerification,3,0,void,public,true,false,true,false
C:\Users\simon\Documents\Code\thesis-code\mockito-main\mockito-core\src\test\java\org\mockitousage\misuse\DetectingFinalMethodsTest.java,DetectingFinalMethodsTest.java,WithFinal,shouldFailWithUnfinishedStubbing,3,0,void,public,true,false,true,false
C:\Users\simon\Documents\Code\thesis-code\mockito-main\mockito-core\src\test\java\org\mockitousage\misuse\DetectingMisusedMatchersTest.java,DetectingMisusedMatchersTest.java,WithFinal,finalMethod,1,1,Object,final,false,false,true,false
C:\Users\simon\Documents\Code\thesis-code\mockito-main\mockito-core\src\test\java\org\mockitousage\misuse\DetectingMisusedMatchersTest.java,DetectingMisusedMatchersTest.java,WithFinal,resetState,1,0,void,public,false,false,true,false
C:\Users\simon\Documents\Code\thesis-code\mockito-main\mockito-core\src\test\java\org\mockitousage\misuse\DetectingMisusedMatchersTest.java,DetectingMisusedMatchersTest.java,WithFinal,misplaced_any_argument_matcher,1,0,void,private,false,false,true,false
C:\Users\simon\Documents\Code\thesis-code\mockito-main\mockito-core\src\test\java\org\mockitousage\misuse\DetectingMisusedMatchersTest.java,DetectingMisusedMatchersTest.java,WithFinal,misplaced_anyInt_argument_matcher,1,0,void,private,false,false,true,false
C:\Users\simon\Documents\Code\thesis-code\mockito-main\mockito-core\src\test\java\org\mockitousage\misuse\DetectingMisusedMatchersTest.java,DetectingMisusedMatchersTest.java,WithFinal,misplaced_anyBoolean_argument_matcher,1,0,void,private,false,false,true,false
C:\Users\simon\Documents\Code\thesis-code\mockito-main\mockito-core\src\test\java\org\mockitousage\misuse\DetectingMisusedMatchersTest.java,DetectingMisusedMatchersTest.java,WithFinal,should_fail_fast_when_argument_matchers_are_abused,2,0,void,public,true,false,true,false
C:\Users\simon\Documents\Code\thesis-code\mockito-main\mockito-core\src\test\java\org\mockitousage\misuse\DetectingMisusedMatchersTest.java,DetectingMisusedMatchersTest.java,WithFinal,should_report_argument_locations_when_argument_matchers_misused,1,0,void,public,true,false,true,false
C:\Users\simon\Documents\Code\thesis-code\mockito-main\mockito-core\src\test\java\org\mockitousage\misuse\DetectingMisusedMatchersTest.java,DetectingMisusedMatchersTest.java,WithFinal,shouldSayUnfinishedVerificationButNotInvalidUseOfMatchers,3,0,void,public,true,false,true,false
C:\Users\simon\Documents\Code\thesis-code\mockito-main\mockito-core\src\test\java\org\mockitousage\misuse\ExplicitFrameworkValidationTest.java,ExplicitFrameworkValidationTest.java,ExplicitFrameworkValidationTest,shouldValidateExplicitly,2,0,void,public,true,false,true,true
C:\Users\simon\Documents\Code\thesis-code\mockito-main\mockito-core\src\test\java\org\mockitousage\misuse\ExplicitFrameworkValidationTest.java,ExplicitFrameworkValidationTest.java,ExplicitFrameworkValidationTest,shouldDetectUnfinishedStubbing,2,0,void,public,true,false,true,true
C:\Users\simon\Documents\Code\thesis-code\mockito-main\mockito-core\src\test\java\org\mockitousage\misuse\ExplicitFrameworkValidationTest.java,ExplicitFrameworkValidationTest.java,ExplicitFrameworkValidationTest,shouldDetectMisplacedArgumentMatcher,2,0,void,public,true,false,true,true
C:\Users\simon\Documents\Code\thesis-code\mockito-main\mockito-core\src\test\java\org\mockitousage\misuse\InvalidUsageTest.java,InvalidUsageTest.java,ObjectLikeInterface,resetState,1,0,void,public,false,false,true,false
C:\Users\simon\Documents\Code\thesis-code\mockito-main\mockito-core\src\test\java\org\mockitousage\misuse\InvalidUsageTest.java,InvalidUsageTest.java,ObjectLikeInterface,shouldRequireArgumentsWhenVerifyingNoMoreInteractions,1,0,void,public,true,false,true,false
C:\Users\simon\Documents\Code\thesis-code\mockito-main\mockito-core\src\test\java\org\mockitousage\misuse\InvalidUsageTest.java,InvalidUsageTest.java,ObjectLikeInterface,shouldRequireArgumentsWhenVerifyingNoInteractions,1,0,void,public,true,false,true,false
C:\Users\simon\Documents\Code\thesis-code\mockito-main\mockito-core\src\test\java\org\mockitousage\misuse\InvalidUsageTest.java,InvalidUsageTest.java,ObjectLikeInterface,shouldNotCreateInOrderObjectWithoutMocks,1,0,void,public,true,false,true,false
C:\Users\simon\Documents\Code\thesis-code\mockito-main\mockito-core\src\test\java\org\mockitousage\misuse\InvalidUsageTest.java,InvalidUsageTest.java,ObjectLikeInterface,shouldNotAllowVerifyingInOrderUnfamiliarMocks,2,0,void,public,true,false,true,false
C:\Users\simon\Documents\Code\thesis-code\mockito-main\mockito-core\src\test\java\org\mockitousage\misuse\InvalidUsageTest.java,InvalidUsageTest.java,ObjectLikeInterface,shouldReportMissingMethodInvocationWhenStubbing,2,0,void,public,true,false,true,false
C:\Users\simon\Documents\Code\thesis-code\mockito-main\mockito-core\src\test\java\org\mockitousage\misuse\InvalidUsageTest.java,InvalidUsageTest.java,ObjectLikeInterface,shouldNotAllowSettingInvalidCheckedException,1,0,void,public,true,false,true,false
C:\Users\simon\Documents\Code\thesis-code\mockito-main\mockito-core\src\test\java\org\mockitousage\misuse\InvalidUsageTest.java,InvalidUsageTest.java,ObjectLikeInterface,shouldNotAllowSettingNullThrowable,1,0,void,public,true,false,true,false
C:\Users\simon\Documents\Code\thesis-code\mockito-main\mockito-core\src\test\java\org\mockitousage\misuse\InvalidUsageTest.java,InvalidUsageTest.java,ObjectLikeInterface,shouldNotAllowSettingNullThrowableVararg,1,0,void,public,true,false,true,false
C:\Users\simon\Documents\Code\thesis-code\mockito-main\mockito-core\src\test\java\org\mockitousage\misuse\InvalidUsageTest.java,InvalidUsageTest.java,ObjectLikeInterface,shouldNotAllowSettingNullConsecutiveThrowable,1,0,void,public,true,false,true,false
C:\Users\simon\Documents\Code\thesis-code\mockito-main\mockito-core\src\test\java\org\mockitousage\misuse\InvalidUsageTest.java,InvalidUsageTest.java,ObjectLikeInterface,shouldNotAllowMockingFinalClassesIfDisabled,2,0,void,public,true,false,true,false
C:\Users\simon\Documents\Code\thesis-code\mockito-main\mockito-core\src\test\java\org\mockitousage\misuse\InvalidUsageTest.java,InvalidUsageTest.java,ObjectLikeInterface,shouldAllowMockingFinalClassesIfEnabled,2,0,void,public,true,false,true,false
C:\Users\simon\Documents\Code\thesis-code\mockito-main\mockito-core\src\test\java\org\mockitousage\misuse\InvalidUsageTest.java,InvalidUsageTest.java,ObjectLikeInterface,shouldNotAllowMockingPrimitives,1,0,void,public,true,false,true,false
C:\Users\simon\Documents\Code\thesis-code\mockito-main\mockito-core\src\test\java\org\mockitousage\misuse\InvalidUsageTest.java,InvalidUsageTest.java,ObjectLikeInterface,equals,0,1,boolean,,false,false,true,false
C:\Users\simon\Documents\Code\thesis-code\mockito-main\mockito-core\src\test\java\org\mockitousage\misuse\InvalidUsageTest.java,InvalidUsageTest.java,ObjectLikeInterface,toString,0,0,String,,false,false,true,false
C:\Users\simon\Documents\Code\thesis-code\mockito-main\mockito-core\src\test\java\org\mockitousage\misuse\InvalidUsageTest.java,InvalidUsageTest.java,ObjectLikeInterface,hashCode,0,0,int,,false,false,true,false
C:\Users\simon\Documents\Code\thesis-code\mockito-main\mockito-core\src\test\java\org\mockitousage\misuse\InvalidUsageTest.java,InvalidUsageTest.java,ObjectLikeInterface,shouldNotMockObjectMethodsOnInterfaceVerifyNoInteractions,5,0,void,public,true,false,true,false
C:\Users\simon\Documents\Code\thesis-code\mockito-main\mockito-core\src\test\java\org\mockitousage\misuse\InvalidUsageTest.java,InvalidUsageTest.java,ObjectLikeInterface,shouldNotMockObjectMethodsOnClassVerifyNoInteractions,5,0,void,public,true,false,true,false
C:\Users\simon\Documents\Code\thesis-code\mockito-main\mockito-core\src\test\java\org\mockitousage\misuse\RestrictedObjectMethodsTest.java,RestrictedObjectMethodsTest.java,RestrictedObjectMethodsTest,after,1,0,void,public,false,false,true,true
C:\Users\simon\Documents\Code\thesis-code\mockito-main\mockito-core\src\test\java\org\mockitousage\misuse\RestrictedObjectMethodsTest.java,RestrictedObjectMethodsTest.java,RestrictedObjectMethodsTest,shouldScreamWhenVerifyToString,1,0,void,public,true,false,true,true
C:\Users\simon\Documents\Code\thesis-code\mockito-main\mockito-core\src\test\java\org\mockitousage\misuse\RestrictedObjectMethodsTest.java,RestrictedObjectMethodsTest.java,RestrictedObjectMethodsTest,shouldBeSilentWhenVerifyHashCode,1,0,void,public,true,false,true,true
C:\Users\simon\Documents\Code\thesis-code\mockito-main\mockito-core\src\test\java\org\mockitousage\misuse\RestrictedObjectMethodsTest.java,RestrictedObjectMethodsTest.java,RestrictedObjectMethodsTest,shouldBeSilentWhenVerifyEquals,1,0,void,public,true,false,true,true
C:\Users\simon\Documents\Code\thesis-code\mockito-main\mockito-core\src\test\java\org\mockitousage\misuse\RestrictedObjectMethodsTest.java,RestrictedObjectMethodsTest.java,RestrictedObjectMethodsTest,shouldBeSilentWhenVerifyEqualsInOrder,2,0,void,public,true,false,true,true
C:\Users\simon\Documents\Code\thesis-code\mockito-main\mockito-core\src\test\java\org\mockitousage\packageprotected\MockingPackageProtectedTest.java,MockingPackageProtectedTest.java,Bar,shouldMockPackageProtectedClasses,3,0,void,public,true,false,true,false
C:\Users\simon\Documents\Code\thesis-code\mockito-main\mockito-core\src\test\java\org\mockitousage\performance\LoadsOfMocksTest.java,LoadsOfMocksTest.java,LoadsOfMocksTest,testSomething,2,0,void,public,true,true,true,true
C:\Users\simon\Documents\Code\thesis-code\mockito-main\mockito-core\src\test\java\org\mockitousage\performance\StubOnlyAvoidMemoryConsumptionTest.java,StubOnlyAvoidMemoryConsumptionTest.java,StubOnlyAvoidMemoryConsumptionTest,using_stub_only_wont_thrown_an_OutOfMemoryError,3,0,void,public,true,false,true,true
C:\Users\simon\Documents\Code\thesis-code\mockito-main\mockito-core\src\test\java\org\mockitousage\performance\StubOnlyAvoidMemoryConsumptionTest.java,StubOnlyAvoidMemoryConsumptionTest.java,StubOnlyAvoidMemoryConsumptionTest,without_stub_only_mocks_will_store_invocations_leading_to_an_OutOfMemoryError,3,0,void,public,true,false,true,true
C:\Users\simon\Documents\Code\thesis-code\mockito-main\mockito-core\src\test\java\org\mockitousage\PlaygroundTest.java,PlaygroundTest.java,Boo,doSomeThing,1,0,int,,false,false,true,false
C:\Users\simon\Documents\Code\thesis-code\mockito-main\mockito-core\src\test\java\org\mockitousage\PlaygroundTest.java,PlaygroundTest.java,Boo,getStuff,1,0,String,protected,false,false,true,false
C:\Users\simon\Documents\Code\thesis-code\mockito-main\mockito-core\src\test\java\org\mockitousage\PlaygroundTest.java,PlaygroundTest.java,Boo,withLong,1,1,Object,public; final,false,false,true,false
C:\Users\simon\Documents\Code\thesis-code\mockito-main\mockito-core\src\test\java\org\mockitousage\PlaygroundTest.java,PlaygroundTest.java,Boo,foo,1,0,Object,public,false,false,true,false
C:\Users\simon\Documents\Code\thesis-code\mockito-main\mockito-core\src\test\java\org\mockitousage\PlaygroundTest.java,PlaygroundTest.java,Boo,spyInAction,0,0,void,public,true,false,true,false
C:\Users\simon\Documents\Code\thesis-code\mockito-main\mockito-core\src\test\java\org\mockitousage\PlaygroundTest.java,PlaygroundTest.java,Boo,partialMockInAction,0,0,void,public,true,false,true,false
C:\Users\simon\Documents\Code\thesis-code\mockito-main\mockito-core\src\test\java\org\mockitousage\PlaygroundWithDemoOfUnclonedParametersProblemTest.java,PlaygroundWithDemoOfUnclonedParametersProblemTest.java,ImportLogBean,setUp,3,0,void,public,false,false,true,false
C:\Users\simon\Documents\Code\thesis-code\mockito-main\mockito-core\src\test\java\org\mockitousage\PlaygroundWithDemoOfUnclonedParametersProblemTest.java,PlaygroundWithDemoOfUnclonedParametersProblemTest.java,ImportLogBean,shouldIncludeInitialLog,8,0,void,public,true,false,true,false
C:\Users\simon\Documents\Code\thesis-code\mockito-main\mockito-core\src\test\java\org\mockitousage\PlaygroundWithDemoOfUnclonedParametersProblemTest.java,PlaygroundWithDemoOfUnclonedParametersProblemTest.java,ImportLogBean,shouldAlterFinalLog,8,0,void,public,true,false,true,false
C:\Users\simon\Documents\Code\thesis-code\mockito-main\mockito-core\src\test\java\org\mockitousage\PlaygroundWithDemoOfUnclonedParametersProblemTest.java,PlaygroundWithDemoOfUnclonedParametersProblemTest.java,ImportLogBean,byCheckingLogEquals,1,1,Answer<Object>,private,false,false,true,false
C:\Users\simon\Documents\Code\thesis-code\mockito-main\mockito-core\src\test\java\org\mockitousage\PlaygroundWithDemoOfUnclonedParametersProblemTest.java,PlaygroundWithDemoOfUnclonedParametersProblemTest.java,ImportLogBean,answer,3,1,Object,public,false,false,true,false
C:\Users\simon\Documents\Code\thesis-code\mockito-main\mockito-core\src\test\java\org\mockitousage\PlaygroundWithDemoOfUnclonedParametersProblemTest.java,PlaygroundWithDemoOfUnclonedParametersProblemTest.java,ImportLogBean,startImportProcess,2,2,void,public,false,false,true,false
C:\Users\simon\Documents\Code\thesis-code\mockito-main\mockito-core\src\test\java\org\mockitousage\PlaygroundWithDemoOfUnclonedParametersProblemTest.java,PlaygroundWithDemoOfUnclonedParametersProblemTest.java,ImportLogBean,isOkToImport,1,2,boolean,private,false,false,true,false
C:\Users\simon\Documents\Code\thesis-code\mockito-main\mockito-core\src\test\java\org\mockitousage\PlaygroundWithDemoOfUnclonedParametersProblemTest.java,PlaygroundWithDemoOfUnclonedParametersProblemTest.java,ImportLogBean,createResume,4,2,ImportLogBean,private,false,false,true,false
C:\Users\simon\Documents\Code\thesis-code\mockito-main\mockito-core\src\test\java\org\mockitousage\PlaygroundWithDemoOfUnclonedParametersProblemTest.java,PlaygroundWithDemoOfUnclonedParametersProblemTest.java,ImportLogBean,finalizeResume,1,1,void,private,false,false,true,false
C:\Users\simon\Documents\Code\thesis-code\mockito-main\mockito-core\src\test\java\org\mockitousage\PlaygroundWithDemoOfUnclonedParametersProblemTest.java,PlaygroundWithDemoOfUnclonedParametersProblemTest.java,ImportLogBean,anyImportRunningOrRunnedToday,0,2,boolean,,false,false,true,false
C:\Users\simon\Documents\Code\thesis-code\mockito-main\mockito-core\src\test\java\org\mockitousage\PlaygroundWithDemoOfUnclonedParametersProblemTest.java,PlaygroundWithDemoOfUnclonedParametersProblemTest.java,ImportLogBean,include,0,1,void,,false,false,true,false
C:\Users\simon\Documents\Code\thesis-code\mockito-main\mockito-core\src\test\java\org\mockitousage\PlaygroundWithDemoOfUnclonedParametersProblemTest.java,PlaygroundWithDemoOfUnclonedParametersProblemTest.java,ImportLogBean,alter,0,1,void,,false,false,true,false
C:\Users\simon\Documents\Code\thesis-code\mockito-main\mockito-core\src\test\java\org\mockitousage\PlaygroundWithDemoOfUnclonedParametersProblemTest.java,PlaygroundWithDemoOfUnclonedParametersProblemTest.java,ImportLogBean,setStatus,1,1,void,public,false,false,true,false
C:\Users\simon\Documents\Code\thesis-code\mockito-main\mockito-core\src\test\java\org\mockitousage\PlaygroundWithDemoOfUnclonedParametersProblemTest.java,PlaygroundWithDemoOfUnclonedParametersProblemTest.java,ImportLogBean,equals,7,1,boolean,public,false,false,true,false
C:\Users\simon\Documents\Code\thesis-code\mockito-main\mockito-core\src\test\java\org\mockitousage\PlaygroundWithDemoOfUnclonedParametersProblemTest.java,PlaygroundWithDemoOfUnclonedParametersProblemTest.java,ImportLogBean,hashCode,4,0,int,public,false,false,true,false
C:\Users\simon\Documents\Code\thesis-code\mockito-main\mockito-core\src\test\java\org\mockitousage\plugins\MockitoPluginsTest.java,MockitoPluginsTest.java,MockitoPluginsTest,provides_built_in_plugins,7,0,void,public,true,false,true,true
C:\Users\simon\Documents\Code\thesis-code\mockito-main\mockito-core\src\test\java\org\mockitousage\puzzlers\BridgeMethodPuzzleTest.java,BridgeMethodPuzzleTest.java,Sub,say,1,1,String,public,false,false,true,false
C:\Users\simon\Documents\Code\thesis-code\mockito-main\mockito-core\src\test\java\org\mockitousage\puzzlers\BridgeMethodPuzzleTest.java,BridgeMethodPuzzleTest.java,Sub,say,1,1,String,public,false,false,true,false
C:\Users\simon\Documents\Code\thesis-code\mockito-main\mockito-core\src\test\java\org\mockitousage\puzzlers\BridgeMethodPuzzleTest.java,BridgeMethodPuzzleTest.java,Sub,shouldHaveBridgeMethod,4,0,void,public,true,false,true,false
C:\Users\simon\Documents\Code\thesis-code\mockito-main\mockito-core\src\test\java\org\mockitousage\puzzlers\BridgeMethodPuzzleTest.java,BridgeMethodPuzzleTest.java,Sub,shouldVerifyCorrectlyWhenBridgeMethodCalled,4,0,void,public,true,false,true,false
C:\Users\simon\Documents\Code\thesis-code\mockito-main\mockito-core\src\test\java\org\mockitousage\puzzlers\BridgeMethodPuzzleTest.java,BridgeMethodPuzzleTest.java,Sub,shouldVerifyCorrectlyWhenBridgeMethodVerified,4,0,void,public,true,false,true,false
C:\Users\simon\Documents\Code\thesis-code\mockito-main\mockito-core\src\test\java\org\mockitousage\puzzlers\OverloadingPuzzleTest.java,OverloadingPuzzleTest.java,Sub,setMockWithDowncast,1,1,void,private,false,false,true,false
C:\Users\simon\Documents\Code\thesis-code\mockito-main\mockito-core\src\test\java\org\mockitousage\puzzlers\OverloadingPuzzleTest.java,OverloadingPuzzleTest.java,Sub,say,0,1,void,,false,false,true,false
C:\Users\simon\Documents\Code\thesis-code\mockito-main\mockito-core\src\test\java\org\mockitousage\puzzlers\OverloadingPuzzleTest.java,OverloadingPuzzleTest.java,Sub,say,0,1,void,,false,false,true,false
C:\Users\simon\Documents\Code\thesis-code\mockito-main\mockito-core\src\test\java\org\mockitousage\puzzlers\OverloadingPuzzleTest.java,OverloadingPuzzleTest.java,Sub,say,1,1,void,private,false,false,true,false
C:\Users\simon\Documents\Code\thesis-code\mockito-main\mockito-core\src\test\java\org\mockitousage\puzzlers\OverloadingPuzzleTest.java,OverloadingPuzzleTest.java,Sub,shouldUseArgumentTypeWhenOverloadingPuzzleDetected,4,0,void,public,true,false,true,false
C:\Users\simon\Documents\Code\thesis-code\mockito-main\mockito-core\src\test\java\org\mockitousage\serialization\AcrossClassLoaderSerializationTest.java,AcrossClassLoaderSerializationTest.java,AClassToBeMockedInThisTestOnlyAndInCallablesOnly,reproduce_CCE_by_creating_a_mock_with_IMethods_before,1,0,void,public,false,false,true,false
C:\Users\simon\Documents\Code\thesis-code\mockito-main\mockito-core\src\test\java\org\mockitousage\serialization\AcrossClassLoaderSerializationTest.java,AcrossClassLoaderSerializationTest.java,AClassToBeMockedInThisTestOnlyAndInCallablesOnly,check_that_mock_can_be_serialized_in_a_classloader_and_deserialized_in_another,4,0,void,public,true,false,true,false
C:\Users\simon\Documents\Code\thesis-code\mockito-main\mockito-core\src\test\java\org\mockitousage\serialization\AcrossClassLoaderSerializationTest.java,AcrossClassLoaderSerializationTest.java,AClassToBeMockedInThisTestOnlyAndInCallablesOnly,read_stream_and_deserialize_it_in_class_loader_B,1,1,Object,private,false,false,true,false
C:\Users\simon\Documents\Code\thesis-code\mockito-main\mockito-core\src\test\java\org\mockitousage\serialization\AcrossClassLoaderSerializationTest.java,AcrossClassLoaderSerializationTest.java,AClassToBeMockedInThisTestOnlyAndInCallablesOnly,create_mock_and_serialize_it_in_class_loader_A,1,0,byte[],private,false,false,true,false
C:\Users\simon\Documents\Code\thesis-code\mockito-main\mockito-core\src\test\java\org\mockitousage\serialization\AcrossClassLoaderSerializationTest.java,AcrossClassLoaderSerializationTest.java,AClassToBeMockedInThisTestOnlyAndInCallablesOnly,isolating_test_classes,1,0,SimplePerRealmReloadingClassLoader.ReloadClassPredicate,private,false,false,true,false
C:\Users\simon\Documents\Code\thesis-code\mockito-main\mockito-core\src\test\java\org\mockitousage\serialization\AcrossClassLoaderSerializationTest.java,AcrossClassLoaderSerializationTest.java,AClassToBeMockedInThisTestOnlyAndInCallablesOnly,acceptReloadOf,1,1,boolean,public,false,false,true,false
C:\Users\simon\Documents\Code\thesis-code\mockito-main\mockito-core\src\test\java\org\mockitousage\serialization\AcrossClassLoaderSerializationTest.java,AcrossClassLoaderSerializationTest.java,AClassToBeMockedInThisTestOnlyAndInCallablesOnly,call,3,0,byte[],public,false,false,true,false
C:\Users\simon\Documents\Code\thesis-code\mockito-main\mockito-core\src\test\java\org\mockitousage\serialization\AcrossClassLoaderSerializationTest.java,AcrossClassLoaderSerializationTest.java,AClassToBeMockedInThisTestOnlyAndInCallablesOnly,call,2,0,Object,public,false,false,true,false
C:\Users\simon\Documents\Code\thesis-code\mockito-main\mockito-core\src\test\java\org\mockitousage\serialization\AcrossClassLoaderSerializationTest.java,AcrossClassLoaderSerializationTest.java,AClassToBeMockedInThisTestOnlyAndInCallablesOnly,returningSomething,1,0,List,,false,false,true,false
C:\Users\simon\Documents\Code\thesis-code\mockito-main\mockito-core\src\test\java\org\mockitousage\serialization\DeepStubsSerializableTest.java,DeepStubsSerializableTest.java,ListContainer,should_serialize_and_deserialize_mock_created_with_deep_stubs,6,0,void,public,true,false,true,false
C:\Users\simon\Documents\Code\thesis-code\mockito-main\mockito-core\src\test\java\org\mockitousage\serialization\DeepStubsSerializableTest.java,DeepStubsSerializableTest.java,ListContainer,should_serialize_and_deserialize_parameterized_class_mocked_with_deep_stubs,5,0,void,public,true,false,true,false
C:\Users\simon\Documents\Code\thesis-code\mockito-main\mockito-core\src\test\java\org\mockitousage\serialization\DeepStubsSerializableTest.java,DeepStubsSerializableTest.java,ListContainer,should_discard_generics_metadata_when_serialized_then_disabling_deep_stubs_with_generics,4,0,void,public,true,false,true,false
C:\Users\simon\Documents\Code\thesis-code\mockito-main\mockito-core\src\test\java\org\mockitousage\serialization\DeepStubsSerializableTest.java,DeepStubsSerializableTest.java,ListContainer,getSample,1,0,SampleClass2,,false,false,true,false
C:\Users\simon\Documents\Code\thesis-code\mockito-main\mockito-core\src\test\java\org\mockitousage\serialization\DeepStubsSerializableTest.java,DeepStubsSerializableTest.java,ListContainer,isFalse,1,0,boolean,,false,false,true,false
C:\Users\simon\Documents\Code\thesis-code\mockito-main\mockito-core\src\test\java\org\mockitousage\serialization\DeepStubsSerializableTest.java,DeepStubsSerializableTest.java,ListContainer,number,1,0,int,,false,false,true,false
C:\Users\simon\Documents\Code\thesis-code\mockito-main\mockito-core\src\test\java\org\mockitousage\serialization\DeepStubsSerializableTest.java,DeepStubsSerializableTest.java,ListContainer,get,1,0,E,public,false,false,true,false
C:\Users\simon\Documents\Code\thesis-code\mockito-main\mockito-core\src\test\java\org\mockitousage\serialization\DeepStubsSerializableTest.java,DeepStubsSerializableTest.java,ListContainer,iterator,1,0,Iterator<E>,public,false,false,true,false
C:\Users\simon\Documents\Code\thesis-code\mockito-main\mockito-core\src\test\java\org\mockitousage\serialization\DeepStubsSerializableTest.java,DeepStubsSerializableTest.java,ListContainer,hasNext,1,0,boolean,public,false,false,true,false
C:\Users\simon\Documents\Code\thesis-code\mockito-main\mockito-core\src\test\java\org\mockitousage\serialization\DeepStubsSerializableTest.java,DeepStubsSerializableTest.java,ListContainer,next,1,0,E,public,false,false,true,false
C:\Users\simon\Documents\Code\thesis-code\mockito-main\mockito-core\src\test\java\org\mockitousage\serialization\DeepStubsSerializableTest.java,DeepStubsSerializableTest.java,ListContainer,remove,0,0,void,public,false,false,true,false
C:\Users\simon\Documents\Code\thesis-code\mockito-main\mockito-core\src\test\java\org\mockitousage\serialization\ParallelSerializationTest.java,ParallelSerializationTest.java,ParallelSerializationTest,single_mock_being_serialized_in_different_classloaders_by_multiple_threads,5,0,void,public,true,false,true,true
C:\Users\simon\Documents\Code\thesis-code\mockito-main\mockito-core\src\test\java\org\mockitousage\serialization\ParallelSerializationTest.java,ParallelSerializationTest.java,ParallelSerializationTest,call,3,0,Object,public,false,false,true,true
C:\Users\simon\Documents\Code\thesis-code\mockito-main\mockito-core\src\test\java\org\mockitousage\serialization\ParallelSerializationTest.java,ParallelSerializationTest.java,ParallelSerializationTest,call,2,0,Object,public,false,false,true,true
C:\Users\simon\Documents\Code\thesis-code\mockito-main\mockito-core\src\test\java\org\mockitousage\serialization\ParallelSerializationTest.java,ParallelSerializationTest.java,ParallelSerializationTest,randomCallOn,2,1,void,private,false,false,true,true
C:\Users\simon\Documents\Code\thesis-code\mockito-main\mockito-core\src\test\java\org\mockitousage\serialization\StrictStubsSerializableTest.java,StrictStubsSerializableTest.java,SampleClass,should_serialize_and_deserialize_mock_created_with_serializable_and_strict_stubs,7,0,void,public,true,false,true,false
C:\Users\simon\Documents\Code\thesis-code\mockito-main\mockito-core\src\test\java\org\mockitousage\serialization\StrictStubsSerializableTest.java,StrictStubsSerializableTest.java,SampleClass,isFalse,1,0,boolean,,false,false,true,false
C:\Users\simon\Documents\Code\thesis-code\mockito-main\mockito-core\src\test\java\org\mockitousage\session\MockitoSessionTest.java,MockitoSessionTest.java,ConstructorFail,session_without_any_configuration,2,0,void,public,true,false,true,false
C:\Users\simon\Documents\Code\thesis-code\mockito-main\mockito-core\src\test\java\org\mockitousage\session\MockitoSessionTest.java,MockitoSessionTest.java,ConstructorFail,session_without_init_mocks_configured,2,0,void,public,true,false,true,false
C:\Users\simon\Documents\Code\thesis-code\mockito-main\mockito-core\src\test\java\org\mockitousage\session\MockitoSessionTest.java,MockitoSessionTest.java,ConstructorFail,session_without_strictness_configured,2,0,void,public,true,false,true,false
C:\Users\simon\Documents\Code\thesis-code\mockito-main\mockito-core\src\test\java\org\mockitousage\session\MockitoSessionTest.java,MockitoSessionTest.java,ConstructorFail,session_with_incorrect_mockito_usage,2,0,void,public,true,false,true,false
C:\Users\simon\Documents\Code\thesis-code\mockito-main\mockito-core\src\test\java\org\mockitousage\session\MockitoSessionTest.java,MockitoSessionTest.java,ConstructorFail,reports_other_failure_and_incorrect_mockito_usage,2,0,void,public,true,false,true,false
C:\Users\simon\Documents\Code\thesis-code\mockito-main\mockito-core\src\test\java\org\mockitousage\session\MockitoSessionTest.java,MockitoSessionTest.java,ConstructorFail,allows_initializing_mocks_manually,2,0,void,public,true,false,true,false
C:\Users\simon\Documents\Code\thesis-code\mockito-main\mockito-core\src\test\java\org\mockitousage\session\MockitoSessionTest.java,MockitoSessionTest.java,ConstructorFail,allows_updating_strictness,2,0,void,public,true,false,true,false
C:\Users\simon\Documents\Code\thesis-code\mockito-main\mockito-core\src\test\java\org\mockitousage\session\MockitoSessionTest.java,MockitoSessionTest.java,ConstructorFail,allows_overriding_failure,3,0,void,public,true,false,true,false
C:\Users\simon\Documents\Code\thesis-code\mockito-main\mockito-core\src\test\java\org\mockitousage\session\MockitoSessionTest.java,MockitoSessionTest.java,ConstructorFail,cleans_up_state_when_init_fails,2,0,void,public,true,false,true,false
C:\Users\simon\Documents\Code\thesis-code\mockito-main\mockito-core\src\test\java\org\mockitousage\session\MockitoSessionTest.java,MockitoSessionTest.java,ConstructorFail,after,1,0,void,public,false,false,true,false
C:\Users\simon\Documents\Code\thesis-code\mockito-main\mockito-core\src\test\java\org\mockitousage\session\MockitoSessionTest.java,MockitoSessionTest.java,ConstructorFail,some_test,1,0,void,public,true,false,true,false
C:\Users\simon\Documents\Code\thesis-code\mockito-main\mockito-core\src\test\java\org\mockitousage\session\MockitoSessionTest.java,MockitoSessionTest.java,ConstructorFail,after,1,0,void,public,false,false,true,false
C:\Users\simon\Documents\Code\thesis-code\mockito-main\mockito-core\src\test\java\org\mockitousage\session\MockitoSessionTest.java,MockitoSessionTest.java,ConstructorFail,some_test,1,0,void,public,true,false,true,false
C:\Users\simon\Documents\Code\thesis-code\mockito-main\mockito-core\src\test\java\org\mockitousage\session\MockitoSessionTest.java,MockitoSessionTest.java,ConstructorFail,after,1,0,void,public,false,false,true,false
C:\Users\simon\Documents\Code\thesis-code\mockito-main\mockito-core\src\test\java\org\mockitousage\session\MockitoSessionTest.java,MockitoSessionTest.java,ConstructorFail,some_test,1,0,void,public,true,false,true,false
C:\Users\simon\Documents\Code\thesis-code\mockito-main\mockito-core\src\test\java\org\mockitousage\session\MockitoSessionTest.java,MockitoSessionTest.java,ConstructorFail,after,1,0,void,public,false,false,true,false
C:\Users\simon\Documents\Code\thesis-code\mockito-main\mockito-core\src\test\java\org\mockitousage\session\MockitoSessionTest.java,MockitoSessionTest.java,ConstructorFail,unfinished_stubbing,1,0,void,public,true,false,true,false
C:\Users\simon\Documents\Code\thesis-code\mockito-main\mockito-core\src\test\java\org\mockitousage\session\MockitoSessionTest.java,MockitoSessionTest.java,ConstructorFail,after,1,0,void,public,false,false,true,false
C:\Users\simon\Documents\Code\thesis-code\mockito-main\mockito-core\src\test\java\org\mockitousage\session\MockitoSessionTest.java,MockitoSessionTest.java,ConstructorFail,unfinished_stubbing_with_other_failure,2,0,void,public,true,false,true,false
C:\Users\simon\Documents\Code\thesis-code\mockito-main\mockito-core\src\test\java\org\mockitousage\session\MockitoSessionTest.java,MockitoSessionTest.java,ConstructorFail,after,1,0,void,public,false,false,true,false
C:\Users\simon\Documents\Code\thesis-code\mockito-main\mockito-core\src\test\java\org\mockitousage\session\MockitoSessionTest.java,MockitoSessionTest.java,ConstructorFail,manual_mock_preserves_its_settings,2,0,void,public,true,false,true,false
C:\Users\simon\Documents\Code\thesis-code\mockito-main\mockito-core\src\test\java\org\mockitousage\session\MockitoSessionTest.java,MockitoSessionTest.java,ConstructorFail,after,1,0,void,public,false,false,true,false
C:\Users\simon\Documents\Code\thesis-code\mockito-main\mockito-core\src\test\java\org\mockitousage\session\MockitoSessionTest.java,MockitoSessionTest.java,ConstructorFail,manual_mock_preserves_its_settings,3,0,void,public,true,false,true,false
C:\Users\simon\Documents\Code\thesis-code\mockito-main\mockito-core\src\test\java\org\mockitousage\session\MockitoSessionTest.java,MockitoSessionTest.java,ConstructorFail,after,1,0,void,public,false,false,true,false
C:\Users\simon\Documents\Code\thesis-code\mockito-main\mockito-core\src\test\java\org\mockitousage\session\MockitoSessionTest.java,MockitoSessionTest.java,ConstructorFail,invalid_mockito_usage,1,0,void,public,true,false,true,false
C:\Users\simon\Documents\Code\thesis-code\mockito-main\mockito-core\src\test\java\org\mockitousage\session\MockitoSessionTest.java,MockitoSessionTest.java,ConstructorFail,before,1,0,void,public,false,false,true,false
C:\Users\simon\Documents\Code\thesis-code\mockito-main\mockito-core\src\test\java\org\mockitousage\session\MockitoSessionTest.java,MockitoSessionTest.java,ConstructorFail,after,1,0,void,public,false,false,true,false
C:\Users\simon\Documents\Code\thesis-code\mockito-main\mockito-core\src\test\java\org\mockitousage\session\MockitoSessionTest.java,MockitoSessionTest.java,ConstructorFail,test1,0,0,void,public,true,true,true,false
C:\Users\simon\Documents\Code\thesis-code\mockito-main\mockito-core\src\test\java\org\mockitousage\session\MockitoSessionTest.java,MockitoSessionTest.java,ConstructorFail,test2,0,0,void,public,true,true,true,false
C:\Users\simon\Documents\Code\thesis-code\mockito-main\mockito-core\src\test\java\org\mockitousage\spies\PartialMockingWithSpiesTest.java,PartialMockingWithSpiesTest.java,Name,pleaseMakeStackTracesClean,1,0,void,public,false,false,true,false
C:\Users\simon\Documents\Code\thesis-code\mockito-main\mockito-core\src\test\java\org\mockitousage\spies\PartialMockingWithSpiesTest.java,PartialMockingWithSpiesTest.java,Name,getInherited,1,0,String,protected,false,false,true,false
C:\Users\simon\Documents\Code\thesis-code\mockito-main\mockito-core\src\test\java\org\mockitousage\spies\PartialMockingWithSpiesTest.java,PartialMockingWithSpiesTest.java,Name,getName,1,0,String,public,false,false,true,false
C:\Users\simon\Documents\Code\thesis-code\mockito-main\mockito-core\src\test\java\org\mockitousage\spies\PartialMockingWithSpiesTest.java,PartialMockingWithSpiesTest.java,Name,guessName,1,0,Name,,false,false,true,false
C:\Users\simon\Documents\Code\thesis-code\mockito-main\mockito-core\src\test\java\org\mockitousage\spies\PartialMockingWithSpiesTest.java,PartialMockingWithSpiesTest.java,Name,howMuchDidYouInherit,1,0,String,public,false,false,true,false
C:\Users\simon\Documents\Code\thesis-code\mockito-main\mockito-core\src\test\java\org\mockitousage\spies\PartialMockingWithSpiesTest.java,PartialMockingWithSpiesTest.java,Name,getNameButDelegateToMethodThatThrows,2,0,String,public,false,false,true,false
C:\Users\simon\Documents\Code\thesis-code\mockito-main\mockito-core\src\test\java\org\mockitousage\spies\PartialMockingWithSpiesTest.java,PartialMockingWithSpiesTest.java,Name,throwSomeException,1,0,void,private,false,false,true,false
C:\Users\simon\Documents\Code\thesis-code\mockito-main\mockito-core\src\test\java\org\mockitousage\spies\PartialMockingWithSpiesTest.java,PartialMockingWithSpiesTest.java,Name,shouldCallRealMethdsEvenDelegatedToOtherSelfMethod,2,0,void,public,true,false,true,false
C:\Users\simon\Documents\Code\thesis-code\mockito-main\mockito-core\src\test\java\org\mockitousage\spies\PartialMockingWithSpiesTest.java,PartialMockingWithSpiesTest.java,Name,shouldAllowStubbingOfMethodsThatDelegateToOtherMethods,2,0,void,public,true,false,true,false
C:\Users\simon\Documents\Code\thesis-code\mockito-main\mockito-core\src\test\java\org\mockitousage\spies\PartialMockingWithSpiesTest.java,PartialMockingWithSpiesTest.java,Name,shouldAllowStubbingWithThrowablesMethodsThatDelegateToOtherMethods,2,0,void,public,true,false,true,false
C:\Users\simon\Documents\Code\thesis-code\mockito-main\mockito-core\src\test\java\org\mockitousage\spies\PartialMockingWithSpiesTest.java,PartialMockingWithSpiesTest.java,Name,shouldStackTraceGetFilteredOnUserExceptions,2,0,void,public,true,false,true,false
C:\Users\simon\Documents\Code\thesis-code\mockito-main\mockito-core\src\test\java\org\mockitousage\spies\PartialMockingWithSpiesTest.java,PartialMockingWithSpiesTest.java,Name,shouldStackTraceGetFilteredOnUserExceptionsReflectionForJavaOfVersionLessThan21,4,0,void,public,true,false,true,false
C:\Users\simon\Documents\Code\thesis-code\mockito-main\mockito-core\src\test\java\org\mockitousage\spies\PartialMockingWithSpiesTest.java,PartialMockingWithSpiesTest.java,Name,shouldStackTraceGetFilteredOnUserExceptionsReflectionForJava21AndHigher,4,0,void,public,true,false,true,false
C:\Users\simon\Documents\Code\thesis-code\mockito-main\mockito-core\src\test\java\org\mockitousage\spies\PartialMockingWithSpiesTest.java,PartialMockingWithSpiesTest.java,Name,shouldVerify,2,0,void,public,true,false,true,false
C:\Users\simon\Documents\Code\thesis-code\mockito-main\mockito-core\src\test\java\org\mockitousage\spies\PartialMockingWithSpiesTest.java,PartialMockingWithSpiesTest.java,Name,shouldStub,3,0,void,public,true,false,true,false
C:\Users\simon\Documents\Code\thesis-code\mockito-main\mockito-core\src\test\java\org\mockitousage\spies\PartialMockingWithSpiesTest.java,PartialMockingWithSpiesTest.java,Name,shouldDealWithPrivateFieldsOfSubclasses,1,0,void,public,true,false,true,false
C:\Users\simon\Documents\Code\thesis-code\mockito-main\mockito-core\src\test\java\org\mockitousage\spies\SpiesWithRealEqualsAndInOrderTest.java,SpiesWithRealEqualsAndInOrderTest.java,ToBeSpied,should_be_able_to_handle_in_order_on_spies_with_equals,6,0,void,public,true,false,true,false
C:\Users\simon\Documents\Code\thesis-code\mockito-main\mockito-core\src\test\java\org\mockitousage\spies\SpiesWithRealEqualsAndInOrderTest.java,SpiesWithRealEqualsAndInOrderTest.java,ToBeSpied,someMethod,0,0,void,,false,false,true,false
C:\Users\simon\Documents\Code\thesis-code\mockito-main\mockito-core\src\test\java\org\mockitousage\spies\SpyAsDefaultMockUsageTest.java,SpyAsDefaultMockUsageTest.java,Producer,nestedWhenTest,5,0,void,public,true,false,true,false
C:\Users\simon\Documents\Code\thesis-code\mockito-main\mockito-core\src\test\java\org\mockitousage\spies\SpyAsDefaultMockUsageTest.java,SpyAsDefaultMockUsageTest.java,Producer,getSample,1,0,Sample,,false,false,true,false
C:\Users\simon\Documents\Code\thesis-code\mockito-main\mockito-core\src\test\java\org\mockitousage\spies\SpyAsDefaultMockUsageTest.java,SpyAsDefaultMockUsageTest.java,Producer,produce,1,0,Sampler,,false,false,true,false
C:\Users\simon\Documents\Code\thesis-code\mockito-main\mockito-core\src\test\java\org\mockitousage\spies\SpyingOnInterfacesTest.java,SpyingOnInterfacesTest.java,SpyingOnInterfacesTest,shouldFailFastWhenCallingRealMethodOnInterface,2,0,void,public,true,false,true,true
C:\Users\simon\Documents\Code\thesis-code\mockito-main\mockito-core\src\test\java\org\mockitousage\spies\SpyingOnInterfacesTest.java,SpyingOnInterfacesTest.java,SpyingOnInterfacesTest,shouldFailInRuntimeWhenCallingRealMethodOnInterface,3,0,void,public,true,false,true,true
C:\Users\simon\Documents\Code\thesis-code\mockito-main\mockito-core\src\test\java\org\mockitousage\spies\SpyingOnInterfacesTest.java,SpyingOnInterfacesTest.java,SpyingOnInterfacesTest,answer,1,1,Object,public,false,false,true,true
C:\Users\simon\Documents\Code\thesis-code\mockito-main\mockito-core\src\test\java\org\mockitousage\spies\SpyingOnInterfacesTest.java,SpyingOnInterfacesTest.java,SpyingOnInterfacesTest,shouldAllowDelegatingToDefaultMethod,5,0,void,public,true,false,true,true
C:\Users\simon\Documents\Code\thesis-code\mockito-main\mockito-core\src\test\java\org\mockitousage\spies\SpyingOnInterfacesTest.java,SpyingOnInterfacesTest.java,SpyingOnInterfacesTest,shouldAllowSpyingOnDefaultMethod,5,0,void,public,true,false,true,true
C:\Users\simon\Documents\Code\thesis-code\mockito-main\mockito-core\src\test\java\org\mockitousage\spies\SpyingOnRealObjectsTest.java,SpyingOnRealObjectsTest.java,Foo,shouldVerify,6,0,void,public,true,false,true,false
C:\Users\simon\Documents\Code\thesis-code\mockito-main\mockito-core\src\test\java\org\mockitousage\spies\SpyingOnRealObjectsTest.java,SpyingOnRealObjectsTest.java,Foo,shouldBeAbleToMockObjectBecauseWhyNot,1,0,void,public,true,false,true,false
C:\Users\simon\Documents\Code\thesis-code\mockito-main\mockito-core\src\test\java\org\mockitousage\spies\SpyingOnRealObjectsTest.java,SpyingOnRealObjectsTest.java,Foo,shouldStub,6,0,void,public,true,false,true,false
C:\Users\simon\Documents\Code\thesis-code\mockito-main\mockito-core\src\test\java\org\mockitousage\spies\SpyingOnRealObjectsTest.java,SpyingOnRealObjectsTest.java,Foo,shouldAllowOverridingStubs,4,0,void,public,true,false,true,false
C:\Users\simon\Documents\Code\thesis-code\mockito-main\mockito-core\src\test\java\org\mockitousage\spies\SpyingOnRealObjectsTest.java,SpyingOnRealObjectsTest.java,Foo,shouldStubVoid,5,0,void,public,true,false,true,false
C:\Users\simon\Documents\Code\thesis-code\mockito-main\mockito-core\src\test\java\org\mockitousage\spies\SpyingOnRealObjectsTest.java,SpyingOnRealObjectsTest.java,Foo,shouldStubWithDoReturnAndVerify,5,0,void,public,true,false,true,false
C:\Users\simon\Documents\Code\thesis-code\mockito-main\mockito-core\src\test\java\org\mockitousage\spies\SpyingOnRealObjectsTest.java,SpyingOnRealObjectsTest.java,Foo,shouldVerifyInOrder,6,0,void,public,true,false,true,false
C:\Users\simon\Documents\Code\thesis-code\mockito-main\mockito-core\src\test\java\org\mockitousage\spies\SpyingOnRealObjectsTest.java,SpyingOnRealObjectsTest.java,Foo,shouldVerifyInOrderAndFail,5,0,void,public,true,false,true,false
C:\Users\simon\Documents\Code\thesis-code\mockito-main\mockito-core\src\test\java\org\mockitousage\spies\SpyingOnRealObjectsTest.java,SpyingOnRealObjectsTest.java,Foo,shouldVerifyNumberOfTimes,4,0,void,public,true,false,true,false
C:\Users\simon\Documents\Code\thesis-code\mockito-main\mockito-core\src\test\java\org\mockitousage\spies\SpyingOnRealObjectsTest.java,SpyingOnRealObjectsTest.java,Foo,shouldVerifyNumberOfTimesAndFail,3,0,void,public,true,false,true,false
C:\Users\simon\Documents\Code\thesis-code\mockito-main\mockito-core\src\test\java\org\mockitousage\spies\SpyingOnRealObjectsTest.java,SpyingOnRealObjectsTest.java,Foo,shouldVerifyNoMoreInteractionsAndFail,4,0,void,public,true,false,true,false
C:\Users\simon\Documents\Code\thesis-code\mockito-main\mockito-core\src\test\java\org\mockitousage\spies\SpyingOnRealObjectsTest.java,SpyingOnRealObjectsTest.java,Foo,shouldToString,2,0,void,public,true,false,true,false
C:\Users\simon\Documents\Code\thesis-code\mockito-main\mockito-core\src\test\java\org\mockitousage\spies\SpyingOnRealObjectsTest.java,SpyingOnRealObjectsTest.java,Foo,print,0,0,String,,false,false,true,false
C:\Users\simon\Documents\Code\thesis-code\mockito-main\mockito-core\src\test\java\org\mockitousage\spies\SpyingOnRealObjectsTest.java,SpyingOnRealObjectsTest.java,Foo,shouldAllowSpyingAnonymousClasses,2,0,void,public,true,false,true,false
C:\Users\simon\Documents\Code\thesis-code\mockito-main\mockito-core\src\test\java\org\mockitousage\spies\SpyingOnRealObjectsTest.java,SpyingOnRealObjectsTest.java,Foo,print,1,0,String,public,false,false,true,false
C:\Users\simon\Documents\Code\thesis-code\mockito-main\mockito-core\src\test\java\org\mockitousage\spies\SpyingOnRealObjectsTest.java,SpyingOnRealObjectsTest.java,Foo,shouldSayNiceMessageWhenSpyingOnPrivateClass,2,0,void,public,true,false,true,false
C:\Users\simon\Documents\Code\thesis-code\mockito-main\mockito-core\src\test\java\org\mockitousage\spies\StubbingSpiesDoesNotYieldNPETest.java,StubbingSpiesDoesNotYieldNPETest.java,Foo,len,1,1,int,public,false,false,true,false
C:\Users\simon\Documents\Code\thesis-code\mockito-main\mockito-core\src\test\java\org\mockitousage\spies\StubbingSpiesDoesNotYieldNPETest.java,StubbingSpiesDoesNotYieldNPETest.java,Foo,size,1,1,int,public,false,false,true,false
C:\Users\simon\Documents\Code\thesis-code\mockito-main\mockito-core\src\test\java\org\mockitousage\spies\StubbingSpiesDoesNotYieldNPETest.java,StubbingSpiesDoesNotYieldNPETest.java,Foo,size,1,1,int,public,false,false,true,false
C:\Users\simon\Documents\Code\thesis-code\mockito-main\mockito-core\src\test\java\org\mockitousage\spies\StubbingSpiesDoesNotYieldNPETest.java,StubbingSpiesDoesNotYieldNPETest.java,Foo,shouldNotThrowNPE,7,0,void,public,true,false,true,false
C:\Users\simon\Documents\Code\thesis-code\mockito-main\mockito-core\src\test\java\org\mockitousage\stacktrace\ClickableStackTracesTest.java,ClickableStackTracesTest.java,ClickableStackTracesTest,callMethodOnMock,1,1,void,private,false,false,true,true
C:\Users\simon\Documents\Code\thesis-code\mockito-main\mockito-core\src\test\java\org\mockitousage\stacktrace\ClickableStackTracesTest.java,ClickableStackTracesTest.java,ClickableStackTracesTest,verifyTheMock,1,2,void,private,false,false,true,true
C:\Users\simon\Documents\Code\thesis-code\mockito-main\mockito-core\src\test\java\org\mockitousage\stacktrace\ClickableStackTracesTest.java,ClickableStackTracesTest.java,ClickableStackTracesTest,shouldShowActualAndExpectedWhenArgumentsAreDifferent,2,0,void,public,true,false,true,true
C:\Users\simon\Documents\Code\thesis-code\mockito-main\mockito-core\src\test\java\org\mockitousage\stacktrace\ClickableStackTracesWhenFrameworkMisusedTest.java,ClickableStackTracesWhenFrameworkMisusedTest.java,ClickableStackTracesWhenFrameworkMisusedTest,resetState,1,0,void,public,false,false,true,true
C:\Users\simon\Documents\Code\thesis-code\mockito-main\mockito-core\src\test\java\org\mockitousage\stacktrace\ClickableStackTracesWhenFrameworkMisusedTest.java,ClickableStackTracesWhenFrameworkMisusedTest.java,ClickableStackTracesWhenFrameworkMisusedTest,misplacedArgumentMatcherHere,1,0,void,private,false,false,true,true
C:\Users\simon\Documents\Code\thesis-code\mockito-main\mockito-core\src\test\java\org\mockitousage\stacktrace\ClickableStackTracesWhenFrameworkMisusedTest.java,ClickableStackTracesWhenFrameworkMisusedTest.java,ClickableStackTracesWhenFrameworkMisusedTest,shouldPointOutMisplacedMatcher,2,0,void,public,true,false,true,true
C:\Users\simon\Documents\Code\thesis-code\mockito-main\mockito-core\src\test\java\org\mockitousage\stacktrace\ClickableStackTracesWhenFrameworkMisusedTest.java,ClickableStackTracesWhenFrameworkMisusedTest.java,ClickableStackTracesWhenFrameworkMisusedTest,unfinishedStubbingHere,1,0,void,private,false,false,true,true
C:\Users\simon\Documents\Code\thesis-code\mockito-main\mockito-core\src\test\java\org\mockitousage\stacktrace\ClickableStackTracesWhenFrameworkMisusedTest.java,ClickableStackTracesWhenFrameworkMisusedTest.java,ClickableStackTracesWhenFrameworkMisusedTest,shouldPointOutUnfinishedStubbing,2,0,void,public,true,false,true,true
C:\Users\simon\Documents\Code\thesis-code\mockito-main\mockito-core\src\test\java\org\mockitousage\stacktrace\ClickableStackTracesWhenFrameworkMisusedTest.java,ClickableStackTracesWhenFrameworkMisusedTest.java,ClickableStackTracesWhenFrameworkMisusedTest,shouldShowWhereIsUnfinishedVerification,2,0,void,public,true,false,true,true
C:\Users\simon\Documents\Code\thesis-code\mockito-main\mockito-core\src\test\java\org\mockitousage\stacktrace\ClickableStackTracesWhenFrameworkMisusedTest.java,ClickableStackTracesWhenFrameworkMisusedTest.java,ClickableStackTracesWhenFrameworkMisusedTest,unfinishedVerificationHere,1,0,void,private,false,false,true,true
C:\Users\simon\Documents\Code\thesis-code\mockito-main\mockito-core\src\test\java\org\mockitousage\stacktrace\ModellingDescriptiveMessagesTest.java,ModellingDescriptiveMessagesTest.java,ModellingDescriptiveMessagesTest,cleanStackTrace,1,0,void,public,false,false,true,true
C:\Users\simon\Documents\Code\thesis-code\mockito-main\mockito-core\src\test\java\org\mockitousage\stacktrace\ModellingDescriptiveMessagesTest.java,ModellingDescriptiveMessagesTest.java,ModellingDescriptiveMessagesTest,makeSureStateIsValidatedInTheVeryFirstTestThanksToTheRunner,1,0,void,public,true,false,true,true
C:\Users\simon\Documents\Code\thesis-code\mockito-main\mockito-core\src\test\java\org\mockitousage\stacktrace\ModellingDescriptiveMessagesTest.java,ModellingDescriptiveMessagesTest.java,ModellingDescriptiveMessagesTest,shouldSayWantedButNotInvoked,1,0,void,public,true,false,true,true
C:\Users\simon\Documents\Code\thesis-code\mockito-main\mockito-core\src\test\java\org\mockitousage\stacktrace\ModellingDescriptiveMessagesTest.java,ModellingDescriptiveMessagesTest.java,ModellingDescriptiveMessagesTest,shouldPointOutInteractionsOnMockWhenOrdinaryVerificationFails,3,0,void,public,true,false,true,true
C:\Users\simon\Documents\Code\thesis-code\mockito-main\mockito-core\src\test\java\org\mockitousage\stacktrace\ModellingDescriptiveMessagesTest.java,ModellingDescriptiveMessagesTest.java,ModellingDescriptiveMessagesTest,shouldShowActualAndExpected,2,0,void,public,true,false,true,true
C:\Users\simon\Documents\Code\thesis-code\mockito-main\mockito-core\src\test\java\org\mockitousage\stacktrace\ModellingDescriptiveMessagesTest.java,ModellingDescriptiveMessagesTest.java,ModellingDescriptiveMessagesTest,shouldSayTooFewInvocations,2,0,void,public,true,false,true,true
C:\Users\simon\Documents\Code\thesis-code\mockito-main\mockito-core\src\test\java\org\mockitousage\stacktrace\ModellingDescriptiveMessagesTest.java,ModellingDescriptiveMessagesTest.java,ModellingDescriptiveMessagesTest,shouldSayTooManyInvocations,3,0,void,public,true,false,true,true
C:\Users\simon\Documents\Code\thesis-code\mockito-main\mockito-core\src\test\java\org\mockitousage\stacktrace\ModellingDescriptiveMessagesTest.java,ModellingDescriptiveMessagesTest.java,ModellingDescriptiveMessagesTest,shouldSayWantedButNotInvokedInOrder,5,0,void,public,true,false,true,true
C:\Users\simon\Documents\Code\thesis-code\mockito-main\mockito-core\src\test\java\org\mockitousage\stacktrace\ModellingDescriptiveMessagesTest.java,ModellingDescriptiveMessagesTest.java,ModellingDescriptiveMessagesTest,shouldSayTooFewInvocationsInOrder,6,0,void,public,true,false,true,true
C:\Users\simon\Documents\Code\thesis-code\mockito-main\mockito-core\src\test\java\org\mockitousage\stacktrace\ModellingDescriptiveMessagesTest.java,ModellingDescriptiveMessagesTest.java,ModellingDescriptiveMessagesTest,shouldSayTooManyInvocationsInOrder,4,0,void,public,true,false,true,true
C:\Users\simon\Documents\Code\thesis-code\mockito-main\mockito-core\src\test\java\org\mockitousage\stacktrace\ModellingDescriptiveMessagesTest.java,ModellingDescriptiveMessagesTest.java,ModellingDescriptiveMessagesTest,shouldSayNeverWantedButInvokedHere,2,0,void,public,true,false,true,true
C:\Users\simon\Documents\Code\thesis-code\mockito-main\mockito-core\src\test\java\org\mockitousage\stacktrace\ModellingDescriptiveMessagesTest.java,ModellingDescriptiveMessagesTest.java,ModellingDescriptiveMessagesTest,shouldSayTooFewInvocationsInAtLeastModeInOrder,3,0,void,public,true,false,true,true
C:\Users\simon\Documents\Code\thesis-code\mockito-main\mockito-core\src\test\java\org\mockitousage\stacktrace\ModellingDescriptiveMessagesTest.java,ModellingDescriptiveMessagesTest.java,ModellingDescriptiveMessagesTest,shouldSayTooFewInvocationsInAtLeastMode,2,0,void,public,true,false,true,true
C:\Users\simon\Documents\Code\thesis-code\mockito-main\mockito-core\src\test\java\org\mockitousage\stacktrace\ModellingDescriptiveMessagesTest.java,ModellingDescriptiveMessagesTest.java,ModellingDescriptiveMessagesTest,shouldSayNoMoreInteractions,2,0,void,public,true,false,true,true
C:\Users\simon\Documents\Code\thesis-code\mockito-main\mockito-core\src\test\java\org\mockitousage\stacktrace\ModellingDescriptiveMessagesTest.java,ModellingDescriptiveMessagesTest.java,ModellingDescriptiveMessagesTest,shouldSayUnstubbedMethodWasInvokedHere,3,0,void,public,true,false,true,true
C:\Users\simon\Documents\Code\thesis-code\mockito-main\mockito-core\src\test\java\org\mockitousage\stacktrace\ModellingDescriptiveMessagesTest.java,ModellingDescriptiveMessagesTest.java,ModellingDescriptiveMessagesTest,shouldPointOutUnfinishedStubbing,2,0,void,public,true,false,true,true
C:\Users\simon\Documents\Code\thesis-code\mockito-main\mockito-core\src\test\java\org\mockitousage\stacktrace\ModellingDescriptiveMessagesTest.java,ModellingDescriptiveMessagesTest.java,ModellingDescriptiveMessagesTest,shouldMentionFinalAndObjectMethodsWhenMissingMockCall,1,0,void,public,true,false,true,true
C:\Users\simon\Documents\Code\thesis-code\mockito-main\mockito-core\src\test\java\org\mockitousage\stacktrace\ModellingDescriptiveMessagesTest.java,ModellingDescriptiveMessagesTest.java,ModellingDescriptiveMessagesTest,shouldMentionFinalAndObjectMethodsWhenVerifying,2,0,void,public,true,false,true,true
C:\Users\simon\Documents\Code\thesis-code\mockito-main\mockito-core\src\test\java\org\mockitousage\stacktrace\ModellingDescriptiveMessagesTest.java,ModellingDescriptiveMessagesTest.java,ModellingDescriptiveMessagesTest,shouldMentionFinalAndObjectMethodsWhenMisplacedArgumentMatcher,1,0,void,public,true,false,true,true
C:\Users\simon\Documents\Code\thesis-code\mockito-main\mockito-core\src\test\java\org\mockitousage\stacktrace\ModellingDescriptiveMessagesTest.java,ModellingDescriptiveMessagesTest.java,ModellingDescriptiveMessagesTest,shouldShowExampleOfCorrectArgumentCapturing,3,0,void,public,true,false,true,true
C:\Users\simon\Documents\Code\thesis-code\mockito-main\mockito-core\src\test\java\org\mockitousage\stacktrace\ModellingDescriptiveMessagesTest.java,ModellingDescriptiveMessagesTest.java,ModellingDescriptiveMessagesTest,shouldScreamWhenNullPassedInsteadOfAnInterface,1,0,void,public,true,false,true,true
C:\Users\simon\Documents\Code\thesis-code\mockito-main\mockito-core\src\test\java\org\mockitousage\stacktrace\ModellingDescriptiveMessagesTest.java,ModellingDescriptiveMessagesTest.java,ModellingDescriptiveMessagesTest,shouldScreamWhenNonInterfacePassed,1,0,void,public,true,false,true,true
C:\Users\simon\Documents\Code\thesis-code\mockito-main\mockito-core\src\test\java\org\mockitousage\stacktrace\ModellingDescriptiveMessagesTest.java,ModellingDescriptiveMessagesTest.java,ModellingDescriptiveMessagesTest,shouldScreamWhenExtraIsTheSame,1,0,void,public,true,false,true,true
C:\Users\simon\Documents\Code\thesis-code\mockito-main\mockito-core\src\test\java\org\mockitousage\stacktrace\ModellingDescriptiveMessagesTest.java,ModellingDescriptiveMessagesTest.java,ModellingDescriptiveMessagesTest,shouldScreamWhenExtraInterfacesEmpty,1,0,void,public,true,false,true,true
C:\Users\simon\Documents\Code\thesis-code\mockito-main\mockito-core\src\test\java\org\mockitousage\stacktrace\ModellingDescriptiveMessagesTest.java,ModellingDescriptiveMessagesTest.java,ModellingDescriptiveMessagesTest,shouldScreamWhenExtraInterfacesIsANullArray,1,0,void,public,true,false,true,true
C:\Users\simon\Documents\Code\thesis-code\mockito-main\mockito-core\src\test\java\org\mockitousage\stacktrace\ModellingDescriptiveMessagesTest.java,ModellingDescriptiveMessagesTest.java,ModellingDescriptiveMessagesTest,shouldMentionSpiesWhenVoidMethodIsToldToReturnValue,2,0,void,public,true,false,true,true
C:\Users\simon\Documents\Code\thesis-code\mockito-main\mockito-core\src\test\java\org\mockitousage\stacktrace\PointingStackTraceToActualInvocationChunkInOrderTest.java,PointingStackTraceToActualInvocationChunkInOrderTest.java,PointingStackTraceToActualInvocationChunkInOrderTest,setup,5,0,void,public,false,false,true,true
C:\Users\simon\Documents\Code\thesis-code\mockito-main\mockito-core\src\test\java\org\mockitousage\stacktrace\PointingStackTraceToActualInvocationChunkInOrderTest.java,PointingStackTraceToActualInvocationChunkInOrderTest.java,PointingStackTraceToActualInvocationChunkInOrderTest,firstChunk,2,0,void,private,false,false,true,true
C:\Users\simon\Documents\Code\thesis-code\mockito-main\mockito-core\src\test\java\org\mockitousage\stacktrace\PointingStackTraceToActualInvocationChunkInOrderTest.java,PointingStackTraceToActualInvocationChunkInOrderTest.java,PointingStackTraceToActualInvocationChunkInOrderTest,secondChunk,2,0,void,private,false,false,true,true
C:\Users\simon\Documents\Code\thesis-code\mockito-main\mockito-core\src\test\java\org\mockitousage\stacktrace\PointingStackTraceToActualInvocationChunkInOrderTest.java,PointingStackTraceToActualInvocationChunkInOrderTest.java,PointingStackTraceToActualInvocationChunkInOrderTest,thirdChunk,2,0,void,private,false,false,true,true
C:\Users\simon\Documents\Code\thesis-code\mockito-main\mockito-core\src\test\java\org\mockitousage\stacktrace\PointingStackTraceToActualInvocationChunkInOrderTest.java,PointingStackTraceToActualInvocationChunkInOrderTest.java,PointingStackTraceToActualInvocationChunkInOrderTest,fourthChunk,2,0,void,private,false,false,true,true
C:\Users\simon\Documents\Code\thesis-code\mockito-main\mockito-core\src\test\java\org\mockitousage\stacktrace\PointingStackTraceToActualInvocationChunkInOrderTest.java,PointingStackTraceToActualInvocationChunkInOrderTest.java,PointingStackTraceToActualInvocationChunkInOrderTest,shouldPointStackTraceToPreviousInvocation,3,0,void,public,true,false,true,true
C:\Users\simon\Documents\Code\thesis-code\mockito-main\mockito-core\src\test\java\org\mockitousage\stacktrace\PointingStackTraceToActualInvocationChunkInOrderTest.java,PointingStackTraceToActualInvocationChunkInOrderTest.java,PointingStackTraceToActualInvocationChunkInOrderTest,shouldPointToThirdInteractionBecauseAtLeastOnceUsed,2,0,void,public,true,false,true,true
C:\Users\simon\Documents\Code\thesis-code\mockito-main\mockito-core\src\test\java\org\mockitousage\stacktrace\PointingStackTraceToActualInvocationChunkInOrderTest.java,PointingStackTraceToActualInvocationChunkInOrderTest.java,PointingStackTraceToActualInvocationChunkInOrderTest,shouldPointToThirdChunkWhenTooFewActualInvocations,4,0,void,public,true,false,true,true
C:\Users\simon\Documents\Code\thesis-code\mockito-main\mockito-core\src\test\java\org\mockitousage\stacktrace\PointingStackTraceToActualInvocationChunkInOrderTest.java,PointingStackTraceToActualInvocationChunkInOrderTest.java,PointingStackTraceToActualInvocationChunkInOrderTest,shouldPointToFourthChunkBecauseTooManyActualInvocations,2,0,void,public,true,false,true,true
C:\Users\simon\Documents\Code\thesis-code\mockito-main\mockito-core\src\test\java\org\mockitousage\stacktrace\PointingStackTraceToActualInvocationInOrderTest.java,PointingStackTraceToActualInvocationInOrderTest.java,PointingStackTraceToActualInvocationInOrderTest,setup,5,0,void,public,false,false,true,true
C:\Users\simon\Documents\Code\thesis-code\mockito-main\mockito-core\src\test\java\org\mockitousage\stacktrace\PointingStackTraceToActualInvocationInOrderTest.java,PointingStackTraceToActualInvocationInOrderTest.java,PointingStackTraceToActualInvocationInOrderTest,first,1,0,void,private,false,false,true,true
C:\Users\simon\Documents\Code\thesis-code\mockito-main\mockito-core\src\test\java\org\mockitousage\stacktrace\PointingStackTraceToActualInvocationInOrderTest.java,PointingStackTraceToActualInvocationInOrderTest.java,PointingStackTraceToActualInvocationInOrderTest,second,1,0,void,private,false,false,true,true
C:\Users\simon\Documents\Code\thesis-code\mockito-main\mockito-core\src\test\java\org\mockitousage\stacktrace\PointingStackTraceToActualInvocationInOrderTest.java,PointingStackTraceToActualInvocationInOrderTest.java,PointingStackTraceToActualInvocationInOrderTest,third,1,0,void,private,false,false,true,true
C:\Users\simon\Documents\Code\thesis-code\mockito-main\mockito-core\src\test\java\org\mockitousage\stacktrace\PointingStackTraceToActualInvocationInOrderTest.java,PointingStackTraceToActualInvocationInOrderTest.java,PointingStackTraceToActualInvocationInOrderTest,fourth,1,0,void,private,false,false,true,true
C:\Users\simon\Documents\Code\thesis-code\mockito-main\mockito-core\src\test\java\org\mockitousage\stacktrace\PointingStackTraceToActualInvocationInOrderTest.java,PointingStackTraceToActualInvocationInOrderTest.java,PointingStackTraceToActualInvocationInOrderTest,shouldPointStackTraceToPreviousVerified,3,0,void,public,true,false,true,true
C:\Users\simon\Documents\Code\thesis-code\mockito-main\mockito-core\src\test\java\org\mockitousage\stacktrace\PointingStackTraceToActualInvocationInOrderTest.java,PointingStackTraceToActualInvocationInOrderTest.java,PointingStackTraceToActualInvocationInOrderTest,shouldPointToThirdMethod,2,0,void,public,true,false,true,true
C:\Users\simon\Documents\Code\thesis-code\mockito-main\mockito-core\src\test\java\org\mockitousage\stacktrace\PointingStackTraceToActualInvocationInOrderTest.java,PointingStackTraceToActualInvocationInOrderTest.java,PointingStackTraceToActualInvocationInOrderTest,shouldPointToSecondMethod,3,0,void,public,true,false,true,true
C:\Users\simon\Documents\Code\thesis-code\mockito-main\mockito-core\src\test\java\org\mockitousage\stacktrace\PointingStackTraceToActualInvocationInOrderTest.java,PointingStackTraceToActualInvocationInOrderTest.java,PointingStackTraceToActualInvocationInOrderTest,shouldPointToFirstMethodBecauseOfTooManyActualInvocations,1,0,void,public,true,false,true,true
C:\Users\simon\Documents\Code\thesis-code\mockito-main\mockito-core\src\test\java\org\mockitousage\stacktrace\PointingStackTraceToActualInvocationInOrderTest.java,PointingStackTraceToActualInvocationInOrderTest.java,PointingStackTraceToActualInvocationInOrderTest,shouldPointToSecondMethodBecauseOfTooManyActualInvocations,2,0,void,public,true,false,true,true
C:\Users\simon\Documents\Code\thesis-code\mockito-main\mockito-core\src\test\java\org\mockitousage\stacktrace\PointingStackTraceToActualInvocationInOrderTest.java,PointingStackTraceToActualInvocationInOrderTest.java,PointingStackTraceToActualInvocationInOrderTest,shouldPointToFourthMethodBecauseOfTooFewActualInvocations,4,0,void,public,true,false,true,true
C:\Users\simon\Documents\Code\thesis-code\mockito-main\mockito-core\src\test\java\org\mockitousage\stacktrace\PointingStackTraceToActualInvocationTest.java,PointingStackTraceToActualInvocationTest.java,PointingStackTraceToActualInvocationTest,setup,4,0,void,public,false,false,true,true
C:\Users\simon\Documents\Code\thesis-code\mockito-main\mockito-core\src\test\java\org\mockitousage\stacktrace\PointingStackTraceToActualInvocationTest.java,PointingStackTraceToActualInvocationTest.java,PointingStackTraceToActualInvocationTest,first,1,0,void,private,false,false,true,true
C:\Users\simon\Documents\Code\thesis-code\mockito-main\mockito-core\src\test\java\org\mockitousage\stacktrace\PointingStackTraceToActualInvocationTest.java,PointingStackTraceToActualInvocationTest.java,PointingStackTraceToActualInvocationTest,second,1,0,void,private,false,false,true,true
C:\Users\simon\Documents\Code\thesis-code\mockito-main\mockito-core\src\test\java\org\mockitousage\stacktrace\PointingStackTraceToActualInvocationTest.java,PointingStackTraceToActualInvocationTest.java,PointingStackTraceToActualInvocationTest,third,1,0,void,private,false,false,true,true
C:\Users\simon\Documents\Code\thesis-code\mockito-main\mockito-core\src\test\java\org\mockitousage\stacktrace\PointingStackTraceToActualInvocationTest.java,PointingStackTraceToActualInvocationTest.java,PointingStackTraceToActualInvocationTest,fourth,1,0,void,private,false,false,true,true
C:\Users\simon\Documents\Code\thesis-code\mockito-main\mockito-core\src\test\java\org\mockitousage\stacktrace\PointingStackTraceToActualInvocationTest.java,PointingStackTraceToActualInvocationTest.java,PointingStackTraceToActualInvocationTest,shouldPointToTooManyInvocationsChunkOnError,1,0,void,public,true,false,true,true
C:\Users\simon\Documents\Code\thesis-code\mockito-main\mockito-core\src\test\java\org\mockitousage\stacktrace\PointingStackTraceToActualInvocationTest.java,PointingStackTraceToActualInvocationTest.java,PointingStackTraceToActualInvocationTest,shouldNotPointStackTracesToRunnersCode,1,0,void,public,true,false,true,true
C:\Users\simon\Documents\Code\thesis-code\mockito-main\mockito-core\src\test\java\org\mockitousage\stacktrace\StackTraceFilteringTest.java,StackTraceFilteringTest.java,StackTraceFilteringTest,resetState,1,0,void,public,false,false,true,true
C:\Users\simon\Documents\Code\thesis-code\mockito-main\mockito-core\src\test\java\org\mockitousage\stacktrace\StackTraceFilteringTest.java,StackTraceFilteringTest.java,StackTraceFilteringTest,setup,1,0,void,public,false,false,true,true
C:\Users\simon\Documents\Code\thesis-code\mockito-main\mockito-core\src\test\java\org\mockitousage\stacktrace\StackTraceFilteringTest.java,StackTraceFilteringTest.java,StackTraceFilteringTest,shouldFilterStackTraceOnVerify,1,0,void,public,true,false,true,true
C:\Users\simon\Documents\Code\thesis-code\mockito-main\mockito-core\src\test\java\org\mockitousage\stacktrace\StackTraceFilteringTest.java,StackTraceFilteringTest.java,StackTraceFilteringTest,shouldFilterStackTraceOnVerifyNoMoreInteractions,2,0,void,public,true,false,true,true
C:\Users\simon\Documents\Code\thesis-code\mockito-main\mockito-core\src\test\java\org\mockitousage\stacktrace\StackTraceFilteringTest.java,StackTraceFilteringTest.java,StackTraceFilteringTest,shouldFilterStackTraceOnVerifyNoInteractions,2,0,void,public,true,false,true,true
C:\Users\simon\Documents\Code\thesis-code\mockito-main\mockito-core\src\test\java\org\mockitousage\stacktrace\StackTraceFilteringTest.java,StackTraceFilteringTest.java,StackTraceFilteringTest,shouldFilterStacktraceOnMockitoException,2,0,void,public,true,false,true,true
C:\Users\simon\Documents\Code\thesis-code\mockito-main\mockito-core\src\test\java\org\mockitousage\stacktrace\StackTraceFilteringTest.java,StackTraceFilteringTest.java,StackTraceFilteringTest,shouldFilterStacktraceWhenVerifyingInOrder,5,0,void,public,true,false,true,true
C:\Users\simon\Documents\Code\thesis-code\mockito-main\mockito-core\src\test\java\org\mockitousage\stacktrace\StackTraceFilteringTest.java,StackTraceFilteringTest.java,StackTraceFilteringTest,shouldFilterStacktraceWhenInOrderThrowsMockitoException,1,0,void,public,true,false,true,true
C:\Users\simon\Documents\Code\thesis-code\mockito-main\mockito-core\src\test\java\org\mockitousage\stacktrace\StackTraceFilteringTest.java,StackTraceFilteringTest.java,StackTraceFilteringTest,shouldFilterStacktraceWhenInOrderVerifies,1,0,void,public,true,false,true,true
C:\Users\simon\Documents\Code\thesis-code\mockito-main\mockito-core\src\test\java\org\mockitousage\stacktrace\StackTraceFilteringTest.java,StackTraceFilteringTest.java,StackTraceFilteringTest,shouldFilterStackTraceWhenThrowingExceptionFromMockHandler,1,0,void,public,true,false,true,true
C:\Users\simon\Documents\Code\thesis-code\mockito-main\mockito-core\src\test\java\org\mockitousage\stacktrace\StackTraceFilteringTest.java,StackTraceFilteringTest.java,StackTraceFilteringTest,shouldShowProperExceptionStackTrace,2,0,void,public,true,false,true,true
C:\Users\simon\Documents\Code\thesis-code\mockito-main\mockito-core\src\test\java\org\mockitousage\strictness\LenientMockAnnotationTest.java,LenientMockAnnotationTest.java,LenientMockAnnotationTest,mock_is_lenient,4,0,void,public,true,false,true,true
C:\Users\simon\Documents\Code\thesis-code\mockito-main\mockito-core\src\test\java\org\mockitousage\strictness\LenientMockAnnotationTest.java,LenientMockAnnotationTest.java,LenientMockAnnotationTest,call,1,0,void,public,false,false,true,true
C:\Users\simon\Documents\Code\thesis-code\mockito-main\mockito-core\src\test\java\org\mockitousage\strictness\PotentialStubbingSensitivityTest.java,PotentialStubbingSensitivityTest.java,PotentialStubbingSensitivityTest,setup,1,0,void,public,false,false,true,true
C:\Users\simon\Documents\Code\thesis-code\mockito-main\mockito-core\src\test\java\org\mockitousage\strictness\PotentialStubbingSensitivityTest.java,PotentialStubbingSensitivityTest.java,PotentialStubbingSensitivityTest,allows_stubbing_with_different_arg_in_test_code,5,0,void,public,true,false,true,true
C:\Users\simon\Documents\Code\thesis-code\mockito-main\mockito-core\src\test\java\org\mockitousage\strictness\PotentialStubbingSensitivityTest.java,PotentialStubbingSensitivityTest.java,PotentialStubbingSensitivityTest,run,1,0,void,public,false,false,true,true
C:\Users\simon\Documents\Code\thesis-code\mockito-main\mockito-core\src\test\java\org\mockitousage\strictness\PotentialStubbingSensitivityTest.java,PotentialStubbingSensitivityTest.java,PotentialStubbingSensitivityTest,reports_potential_stubbing_problem_in_production_code,1,0,void,public,true,false,true,true
C:\Users\simon\Documents\Code\thesis-code\mockito-main\mockito-core\src\test\java\org\mockitousage\strictness\PotentialStubbingSensitivityTest.java,PotentialStubbingSensitivityTest.java,PotentialStubbingSensitivityTest,call,1,0,void,public,false,false,true,true
C:\Users\simon\Documents\Code\thesis-code\mockito-main\mockito-core\src\test\java\org\mockitousage\strictness\StrictnessMockAnnotationTest.java,StrictnessMockAnnotationTest.java,LenientStubsTest,mock_is_lenient,2,0,void,public,true,false,true,true
C:\Users\simon\Documents\Code\thesis-code\mockito-main\mockito-core\src\test\java\org\mockitousage\strictness\StrictnessMockAnnotationTest.java,StrictnessMockAnnotationTest.java,LenientStubsTest,mock_is_strict,2,0,void,public,true,false,true,true
C:\Users\simon\Documents\Code\thesis-code\mockito-main\mockito-core\src\test\java\org\mockitousage\strictness\StrictnessMockAnnotationTest.java,StrictnessMockAnnotationTest.java,LenientStubsTest,mock_is_lenient,2,0,void,public,true,false,true,true
C:\Users\simon\Documents\Code\thesis-code\mockito-main\mockito-core\src\test\java\org\mockitousage\strictness\StrictnessMockAnnotationTest.java,StrictnessMockAnnotationTest.java,LenientStubsTest,mock_is_strict,2,0,void,public,true,false,true,true
C:\Users\simon\Documents\Code\thesis-code\mockito-main\mockito-core\src\test\java\org\mockitousage\strictness\StrictnessPerMockTest.java,StrictnessPerMockTest.java,StrictnessPerMockTest,before,3,0,void,public,false,false,true,true
C:\Users\simon\Documents\Code\thesis-code\mockito-main\mockito-core\src\test\java\org\mockitousage\strictness\StrictnessPerMockTest.java,StrictnessPerMockTest.java,StrictnessPerMockTest,knows_if_mock_is_lenient,2,0,void,public,true,false,true,true
C:\Users\simon\Documents\Code\thesis-code\mockito-main\mockito-core\src\test\java\org\mockitousage\strictness\StrictnessPerMockTest.java,StrictnessPerMockTest.java,StrictnessPerMockTest,potential_stubbing_problem,4,0,void,public,true,false,true,true
C:\Users\simon\Documents\Code\thesis-code\mockito-main\mockito-core\src\test\java\org\mockitousage\strictness\StrictnessPerMockTest.java,StrictnessPerMockTest.java,StrictnessPerMockTest,call,1,0,void,public,false,false,true,true
C:\Users\simon\Documents\Code\thesis-code\mockito-main\mockito-core\src\test\java\org\mockitousage\strictness\StrictnessPerMockTest.java,StrictnessPerMockTest.java,StrictnessPerMockTest,unnecessary_stubbing,3,0,void,public,true,false,true,true
C:\Users\simon\Documents\Code\thesis-code\mockito-main\mockito-core\src\test\java\org\mockitousage\strictness\StrictnessPerMockTest.java,StrictnessPerMockTest.java,StrictnessPerMockTest,call,1,0,void,public,false,false,true,true
C:\Users\simon\Documents\Code\thesis-code\mockito-main\mockito-core\src\test\java\org\mockitousage\strictness\StrictnessPerMockTest.java,StrictnessPerMockTest.java,StrictnessPerMockTest,verify_no_more_invocations,5,0,void,public,true,false,true,true
C:\Users\simon\Documents\Code\thesis-code\mockito-main\mockito-core\src\test\java\org\mockitousage\strictness\StrictnessPerMockTest.java,StrictnessPerMockTest.java,StrictnessPerMockTest,call,1,0,void,public,false,false,true,true
C:\Users\simon\Documents\Code\thesis-code\mockito-main\mockito-core\src\test\java\org\mockitousage\strictness\StrictnessPerMockTest.java,StrictnessPerMockTest.java,StrictnessPerMockTest,after,1,0,void,public,false,false,true,true
C:\Users\simon\Documents\Code\thesis-code\mockito-main\mockito-core\src\test\java\org\mockitousage\strictness\StrictnessPerStubbingTest.java,StrictnessPerStubbingTest.java,Counter,before,1,0,void,public,false,false,true,false
C:\Users\simon\Documents\Code\thesis-code\mockito-main\mockito-core\src\test\java\org\mockitousage\strictness\StrictnessPerStubbingTest.java,StrictnessPerStubbingTest.java,Counter,potential_stubbing_problem,4,0,void,public,true,false,true,false
C:\Users\simon\Documents\Code\thesis-code\mockito-main\mockito-core\src\test\java\org\mockitousage\strictness\StrictnessPerStubbingTest.java,StrictnessPerStubbingTest.java,Counter,call,1,0,void,public,false,false,true,false
C:\Users\simon\Documents\Code\thesis-code\mockito-main\mockito-core\src\test\java\org\mockitousage\strictness\StrictnessPerStubbingTest.java,StrictnessPerStubbingTest.java,Counter,doReturn_syntax,4,0,void,public,true,false,true,false
C:\Users\simon\Documents\Code\thesis-code\mockito-main\mockito-core\src\test\java\org\mockitousage\strictness\StrictnessPerStubbingTest.java,StrictnessPerStubbingTest.java,Counter,doReturn_varargs_syntax,4,0,void,public,true,false,true,false
C:\Users\simon\Documents\Code\thesis-code\mockito-main\mockito-core\src\test\java\org\mockitousage\strictness\StrictnessPerStubbingTest.java,StrictnessPerStubbingTest.java,Counter,doThrow_syntax,4,0,void,public,true,false,true,false
C:\Users\simon\Documents\Code\thesis-code\mockito-main\mockito-core\src\test\java\org\mockitousage\strictness\StrictnessPerStubbingTest.java,StrictnessPerStubbingTest.java,Counter,call,1,0,void,public,false,false,true,false
C:\Users\simon\Documents\Code\thesis-code\mockito-main\mockito-core\src\test\java\org\mockitousage\strictness\StrictnessPerStubbingTest.java,StrictnessPerStubbingTest.java,Counter,call,1,0,void,public,false,false,true,false
C:\Users\simon\Documents\Code\thesis-code\mockito-main\mockito-core\src\test\java\org\mockitousage\strictness\StrictnessPerStubbingTest.java,StrictnessPerStubbingTest.java,Counter,doThrow_vararg_syntax,4,0,void,public,true,false,true,false
C:\Users\simon\Documents\Code\thesis-code\mockito-main\mockito-core\src\test\java\org\mockitousage\strictness\StrictnessPerStubbingTest.java,StrictnessPerStubbingTest.java,Counter,call,1,0,void,public,false,false,true,false
C:\Users\simon\Documents\Code\thesis-code\mockito-main\mockito-core\src\test\java\org\mockitousage\strictness\StrictnessPerStubbingTest.java,StrictnessPerStubbingTest.java,Counter,call,1,0,void,public,false,false,true,false
C:\Users\simon\Documents\Code\thesis-code\mockito-main\mockito-core\src\test\java\org\mockitousage\strictness\StrictnessPerStubbingTest.java,StrictnessPerStubbingTest.java,Counter,doThrow_instance_vararg_syntax,4,0,void,public,true,false,true,false
C:\Users\simon\Documents\Code\thesis-code\mockito-main\mockito-core\src\test\java\org\mockitousage\strictness\StrictnessPerStubbingTest.java,StrictnessPerStubbingTest.java,Counter,call,1,0,void,public,false,false,true,false
C:\Users\simon\Documents\Code\thesis-code\mockito-main\mockito-core\src\test\java\org\mockitousage\strictness\StrictnessPerStubbingTest.java,StrictnessPerStubbingTest.java,Counter,call,1,0,void,public,false,false,true,false
C:\Users\simon\Documents\Code\thesis-code\mockito-main\mockito-core\src\test\java\org\mockitousage\strictness\StrictnessPerStubbingTest.java,StrictnessPerStubbingTest.java,Counter,increment,1,1,int,,false,false,true,false
C:\Users\simon\Documents\Code\thesis-code\mockito-main\mockito-core\src\test\java\org\mockitousage\strictness\StrictnessPerStubbingTest.java,StrictnessPerStubbingTest.java,Counter,scream,1,1,void,,false,false,true,false
C:\Users\simon\Documents\Code\thesis-code\mockito-main\mockito-core\src\test\java\org\mockitousage\strictness\StrictnessPerStubbingTest.java,StrictnessPerStubbingTest.java,Counter,doCallRealMethod_syntax,4,0,void,public,true,false,true,false
C:\Users\simon\Documents\Code\thesis-code\mockito-main\mockito-core\src\test\java\org\mockitousage\strictness\StrictnessPerStubbingTest.java,StrictnessPerStubbingTest.java,Counter,doNothing_syntax,4,0,void,public,true,false,true,false
C:\Users\simon\Documents\Code\thesis-code\mockito-main\mockito-core\src\test\java\org\mockitousage\strictness\StrictnessPerStubbingTest.java,StrictnessPerStubbingTest.java,Counter,call,1,0,void,public,false,false,true,false
C:\Users\simon\Documents\Code\thesis-code\mockito-main\mockito-core\src\test\java\org\mockitousage\strictness\StrictnessPerStubbingTest.java,StrictnessPerStubbingTest.java,Counter,doAnswer_syntax,3,0,void,public,true,false,true,false
C:\Users\simon\Documents\Code\thesis-code\mockito-main\mockito-core\src\test\java\org\mockitousage\strictness\StrictnessPerStubbingTest.java,StrictnessPerStubbingTest.java,Counter,unnecessary_stubbing,3,0,void,public,true,false,true,false
C:\Users\simon\Documents\Code\thesis-code\mockito-main\mockito-core\src\test\java\org\mockitousage\strictness\StrictnessPerStubbingTest.java,StrictnessPerStubbingTest.java,Counter,call,1,0,void,public,false,false,true,false
C:\Users\simon\Documents\Code\thesis-code\mockito-main\mockito-core\src\test\java\org\mockitousage\strictness\StrictnessPerStubbingTest.java,StrictnessPerStubbingTest.java,Counter,unnecessary_stubbing_with_doReturn,2,0,void,public,true,false,true,false
C:\Users\simon\Documents\Code\thesis-code\mockito-main\mockito-core\src\test\java\org\mockitousage\strictness\StrictnessPerStubbingTest.java,StrictnessPerStubbingTest.java,Counter,verify_no_more_invocations,5,0,void,public,true,false,true,false
C:\Users\simon\Documents\Code\thesis-code\mockito-main\mockito-core\src\test\java\org\mockitousage\strictness\StrictnessPerStubbingTest.java,StrictnessPerStubbingTest.java,Counter,call,1,0,void,public,false,false,true,false
C:\Users\simon\Documents\Code\thesis-code\mockito-main\mockito-core\src\test\java\org\mockitousage\strictness\StrictnessPerStubbingTest.java,StrictnessPerStubbingTest.java,Counter,after,1,0,void,public,false,false,true,false
C:\Users\simon\Documents\Code\thesis-code\mockito-main\mockito-core\src\test\java\org\mockitousage\strictness\StrictnessPerStubbingWithRunnerTest.java,StrictnessPerStubbingWithRunnerTest.java,StrictnessPerStubbingWithRunnerTest,potential_stubbing_problem,5,0,void,public,true,false,true,true
C:\Users\simon\Documents\Code\thesis-code\mockito-main\mockito-core\src\test\java\org\mockitousage\strictness\StrictnessPerStubbingWithRunnerTest.java,StrictnessPerStubbingWithRunnerTest.java,StrictnessPerStubbingWithRunnerTest,call,1,0,void,public,false,false,true,true
C:\Users\simon\Documents\Code\thesis-code\mockito-main\mockito-core\src\test\java\org\mockitousage\strictness\StrictnessPerStubbingWithRunnerTest.java,StrictnessPerStubbingWithRunnerTest.java,StrictnessPerStubbingWithRunnerTest,unnecessary_stubbing,1,0,void,public,true,false,true,true
C:\Users\simon\Documents\Code\thesis-code\mockito-main\mockito-core\src\test\java\org\mockitousage\strictness\StrictnessWhenRuleStrictnessIsUpdatedTest.java,StrictnessWhenRuleStrictnessIsUpdatedTest.java,StrictnessWhenRuleStrictnessIsUpdatedTest,strictness_per_mock,6,0,void,public,true,false,true,true
C:\Users\simon\Documents\Code\thesis-code\mockito-main\mockito-core\src\test\java\org\mockitousage\strictness\StrictnessWhenRuleStrictnessIsUpdatedTest.java,StrictnessWhenRuleStrictnessIsUpdatedTest.java,StrictnessWhenRuleStrictnessIsUpdatedTest,call,1,0,void,public,false,false,true,true
C:\Users\simon\Documents\Code\thesis-code\mockito-main\mockito-core\src\test\java\org\mockitousage\strictness\StrictnessWhenRuleStrictnessIsUpdatedTest.java,StrictnessWhenRuleStrictnessIsUpdatedTest.java,StrictnessWhenRuleStrictnessIsUpdatedTest,strictness_per_stubbing,5,0,void,public,true,false,true,true
C:\Users\simon\Documents\Code\thesis-code\mockito-main\mockito-core\src\test\java\org\mockitousage\strictness\StrictnessWhenRuleStrictnessIsUpdatedTest.java,StrictnessWhenRuleStrictnessIsUpdatedTest.java,StrictnessWhenRuleStrictnessIsUpdatedTest,call,1,0,void,public,false,false,true,true
C:\Users\simon\Documents\Code\thesis-code\mockito-main\mockito-core\src\test\java\org\mockitousage\strictness\StrictnessWithRulesTest.java,StrictnessWithRulesTest.java,StrictnessWithRulesTest,potential_stubbing_problem,5,0,void,public,true,false,true,true
C:\Users\simon\Documents\Code\thesis-code\mockito-main\mockito-core\src\test\java\org\mockitousage\strictness\StrictnessWithRulesTest.java,StrictnessWithRulesTest.java,StrictnessWithRulesTest,call,1,0,void,public,false,false,true,true
C:\Users\simon\Documents\Code\thesis-code\mockito-main\mockito-core\src\test\java\org\mockitousage\strictness\StrictnessWithRulesTest.java,StrictnessWithRulesTest.java,StrictnessWithRulesTest,unnecessary_stubbing,1,0,void,public,true,false,true,true
C:\Users\simon\Documents\Code\thesis-code\mockito-main\mockito-core\src\test\java\org\mockitousage\strictness\StrictnessWithSettingsTest.java,StrictnessWithSettingsTest.java,StrictnessWithSettingsTest,before,3,0,void,public,false,false,true,true
C:\Users\simon\Documents\Code\thesis-code\mockito-main\mockito-core\src\test\java\org\mockitousage\strictness\StrictnessWithSettingsTest.java,StrictnessWithSettingsTest.java,StrictnessWithSettingsTest,mock_is_lenient,2,0,void,public,true,false,true,true
C:\Users\simon\Documents\Code\thesis-code\mockito-main\mockito-core\src\test\java\org\mockitousage\strictness\StrictnessWithSettingsTest.java,StrictnessWithSettingsTest.java,StrictnessWithSettingsTest,mock_is_strict_with_default_settings,2,0,void,public,true,false,true,true
C:\Users\simon\Documents\Code\thesis-code\mockito-main\mockito-core\src\test\java\org\mockitousage\strictness\StrictnessWithSettingsTest.java,StrictnessWithSettingsTest.java,StrictnessWithSettingsTest,mock_is_strict_with_explicit_settings,2,0,void,public,true,false,true,true
C:\Users\simon\Documents\Code\thesis-code\mockito-main\mockito-core\src\test\java\org\mockitousage\stubbing\BasicStubbingTest.java,BasicStubbingTest.java,Foo,setup,1,0,void,public,false,false,true,false
C:\Users\simon\Documents\Code\thesis-code\mockito-main\mockito-core\src\test\java\org\mockitousage\stubbing\BasicStubbingTest.java,BasicStubbingTest.java,Foo,should_evaluate_latest_stubbing_first,5,0,void,public,true,false,true,false
C:\Users\simon\Documents\Code\thesis-code\mockito-main\mockito-core\src\test\java\org\mockitousage\stubbing\BasicStubbingTest.java,BasicStubbingTest.java,Foo,should_stubbing_be_treated_as_interaction,3,0,void,public,true,false,true,false
C:\Users\simon\Documents\Code\thesis-code\mockito-main\mockito-core\src\test\java\org\mockitousage\stubbing\BasicStubbingTest.java,BasicStubbingTest.java,Foo,should_allow_stubbing_to_string,4,0,void,public,true,false,true,false
C:\Users\simon\Documents\Code\thesis-code\mockito-main\mockito-core\src\test\java\org\mockitousage\stubbing\BasicStubbingTest.java,BasicStubbingTest.java,Foo,should_stubbing_not_be_treated_as_interaction,3,0,void,public,true,false,true,false
C:\Users\simon\Documents\Code\thesis-code\mockito-main\mockito-core\src\test\java\org\mockitousage\stubbing\BasicStubbingTest.java,BasicStubbingTest.java,Foo,should_stubbing_not_be_treated_as_interaction_verify_no_interactions,3,0,void,public,true,false,true,false
C:\Users\simon\Documents\Code\thesis-code\mockito-main\mockito-core\src\test\java\org\mockitousage\stubbing\BasicStubbingTest.java,BasicStubbingTest.java,Foo,unfinished_stubbing_cleans_up_the_state,3,0,void,public,true,false,true,false
C:\Users\simon\Documents\Code\thesis-code\mockito-main\mockito-core\src\test\java\org\mockitousage\stubbing\BasicStubbingTest.java,BasicStubbingTest.java,Foo,unfinished_stubbing_cleans_up_the_state_verify_no_interactions,3,0,void,public,true,false,true,false
C:\Users\simon\Documents\Code\thesis-code\mockito-main\mockito-core\src\test\java\org\mockitousage\stubbing\BasicStubbingTest.java,BasicStubbingTest.java,Foo,should_to_string_mock_name,4,0,void,public,true,false,true,false
C:\Users\simon\Documents\Code\thesis-code\mockito-main\mockito-core\src\test\java\org\mockitousage\stubbing\BasicStubbingTest.java,BasicStubbingTest.java,Foo,toString,1,0,String,public; final,false,false,true,false
C:\Users\simon\Documents\Code\thesis-code\mockito-main\mockito-core\src\test\java\org\mockitousage\stubbing\BasicStubbingTest.java,BasicStubbingTest.java,Foo,should_allow_mocking_when_to_string_is_final,1,0,void,public,true,false,true,false
C:\Users\simon\Documents\Code\thesis-code\mockito-main\mockito-core\src\test\java\org\mockitousage\stubbing\BasicStubbingTest.java,BasicStubbingTest.java,Foo,test_stub_only_not_verifiable,7,0,void,public,true,true,true,false
C:\Users\simon\Documents\Code\thesis-code\mockito-main\mockito-core\src\test\java\org\mockitousage\stubbing\BasicStubbingTest.java,BasicStubbingTest.java,Foo,test_stub_only_not_verifiable_fail_fast,2,0,void,public,true,true,true,false
C:\Users\simon\Documents\Code\thesis-code\mockito-main\mockito-core\src\test\java\org\mockitousage\stubbing\BasicStubbingTest.java,BasicStubbingTest.java,Foo,test_stub_only_not_verifiable_verify_no_more_interactions,2,0,void,public,true,true,true,false
C:\Users\simon\Documents\Code\thesis-code\mockito-main\mockito-core\src\test\java\org\mockitousage\stubbing\BasicStubbingTest.java,BasicStubbingTest.java,Foo,test_stub_only_not_verifiable_in_order,2,0,void,public,true,true,true,false
C:\Users\simon\Documents\Code\thesis-code\mockito-main\mockito-core\src\test\java\org\mockitousage\stubbing\CallingRealMethodTest.java,CallingRealMethodTest.java,TestedObject,setValue,1,1,void,,false,false,true,true
C:\Users\simon\Documents\Code\thesis-code\mockito-main\mockito-core\src\test\java\org\mockitousage\stubbing\CallingRealMethodTest.java,CallingRealMethodTest.java,TestedObject,getValue,1,0,String,,false,false,true,true
C:\Users\simon\Documents\Code\thesis-code\mockito-main\mockito-core\src\test\java\org\mockitousage\stubbing\CallingRealMethodTest.java,CallingRealMethodTest.java,TestedObject,callInternalMethod,1,0,String,,false,false,true,true
C:\Users\simon\Documents\Code\thesis-code\mockito-main\mockito-core\src\test\java\org\mockitousage\stubbing\CallingRealMethodTest.java,CallingRealMethodTest.java,TestedObject,shouldAllowCallingInternalMethod,3,0,void,public,true,false,true,true
C:\Users\simon\Documents\Code\thesis-code\mockito-main\mockito-core\src\test\java\org\mockitousage\stubbing\CallingRealMethodTest.java,CallingRealMethodTest.java,TestedObject,shouldReturnRealValue,2,0,void,public,true,false,true,true
C:\Users\simon\Documents\Code\thesis-code\mockito-main\mockito-core\src\test\java\org\mockitousage\stubbing\CallingRealMethodTest.java,CallingRealMethodTest.java,TestedObject,shouldExecuteRealMethod,3,0,void,public,true,false,true,true
C:\Users\simon\Documents\Code\thesis-code\mockito-main\mockito-core\src\test\java\org\mockitousage\stubbing\CallingRealMethodTest.java,CallingRealMethodTest.java,TestedObject,shouldCallRealMethodByDefault,2,0,void,public,true,false,true,true
C:\Users\simon\Documents\Code\thesis-code\mockito-main\mockito-core\src\test\java\org\mockitousage\stubbing\CallingRealMethodTest.java,CallingRealMethodTest.java,TestedObject,shouldNotCallRealMethodWhenStubbedLater,4,0,void,public,true,false,true,true
C:\Users\simon\Documents\Code\thesis-code\mockito-main\mockito-core\src\test\java\org\mockitousage\stubbing\CloningParameterTest.java,CloningParameterTest.java,EmailSender,shouldVerifyEvenIfArgumentsWereMutated,3,0,void,public,true,false,true,false
C:\Users\simon\Documents\Code\thesis-code\mockito-main\mockito-core\src\test\java\org\mockitousage\stubbing\CloningParameterTest.java,CloningParameterTest.java,EmailSender,businessLogic,3,1,void,private,false,false,true,false
C:\Users\simon\Documents\Code\thesis-code\mockito-main\mockito-core\src\test\java\org\mockitousage\stubbing\CloningParameterTest.java,CloningParameterTest.java,EmailSender,shouldReturnDefaultValueWithCloningAnswer,4,0,void,public,true,false,true,false
C:\Users\simon\Documents\Code\thesis-code\mockito-main\mockito-core\src\test\java\org\mockitousage\stubbing\CloningParameterTest.java,CloningParameterTest.java,EmailSender,shouldCloneArrays,5,0,void,public,true,false,true,false
C:\Users\simon\Documents\Code\thesis-code\mockito-main\mockito-core\src\test\java\org\mockitousage\stubbing\CloningParameterTest.java,CloningParameterTest.java,EmailSender,shouldNotThrowNPEWhenCloningNulls,3,0,void,public,true,false,true,false
C:\Users\simon\Documents\Code\thesis-code\mockito-main\mockito-core\src\test\java\org\mockitousage\stubbing\CloningParameterTest.java,CloningParameterTest.java,EmailSender,emailSent,1,0,void,public,false,false,true,false
C:\Users\simon\Documents\Code\thesis-code\mockito-main\mockito-core\src\test\java\org\mockitousage\stubbing\CloningParameterTest.java,CloningParameterTest.java,EmailSender,hashCode,6,0,int,public,false,false,true,false
C:\Users\simon\Documents\Code\thesis-code\mockito-main\mockito-core\src\test\java\org\mockitousage\stubbing\CloningParameterTest.java,CloningParameterTest.java,EmailSender,equals,8,1,boolean,public,false,false,true,false
C:\Users\simon\Documents\Code\thesis-code\mockito-main\mockito-core\src\test\java\org\mockitousage\stubbing\CloningParameterTest.java,CloningParameterTest.java,EmailSender,getOuterType,1,0,CloningParameterTest,private,false,false,true,false
C:\Users\simon\Documents\Code\thesis-code\mockito-main\mockito-core\src\test\java\org\mockitousage\stubbing\CloningParameterTest.java,CloningParameterTest.java,EmailSender,sendEmail,0,2,void,,false,false,true,false
C:\Users\simon\Documents\Code\thesis-code\mockito-main\mockito-core\src\test\java\org\mockitousage\stubbing\CloningParameterTest.java,CloningParameterTest.java,EmailSender,sendGroupEmail,0,2,void,,false,false,true,false
C:\Users\simon\Documents\Code\thesis-code\mockito-main\mockito-core\src\test\java\org\mockitousage\stubbing\CloningParameterTest.java,CloningParameterTest.java,EmailSender,getAllEmails,0,1,List<?>,,false,false,true,false
C:\Users\simon\Documents\Code\thesis-code\mockito-main\mockito-core\src\test\java\org\mockitousage\stubbing\DeepStubbingTest.java,DeepStubbingTest.java,SuperOfReversedGenerics,getAddress,1,0,Address,public,false,false,true,false
C:\Users\simon\Documents\Code\thesis-code\mockito-main\mockito-core\src\test\java\org\mockitousage\stubbing\DeepStubbingTest.java,DeepStubbingTest.java,SuperOfReversedGenerics,getAddress,1,1,Address,public,false,false,true,false
C:\Users\simon\Documents\Code\thesis-code\mockito-main\mockito-core\src\test\java\org\mockitousage\stubbing\DeepStubbingTest.java,DeepStubbingTest.java,SuperOfReversedGenerics,getFinalClass,1,0,FinalClass,public,false,false,true,false
C:\Users\simon\Documents\Code\thesis-code\mockito-main\mockito-core\src\test\java\org\mockitousage\stubbing\DeepStubbingTest.java,DeepStubbingTest.java,SuperOfReversedGenerics,getStreet,1,0,Street,public,false,false,true,false
C:\Users\simon\Documents\Code\thesis-code\mockito-main\mockito-core\src\test\java\org\mockitousage\stubbing\DeepStubbingTest.java,DeepStubbingTest.java,SuperOfReversedGenerics,getStreet,1,1,Street,public,false,false,true,false
C:\Users\simon\Documents\Code\thesis-code\mockito-main\mockito-core\src\test\java\org\mockitousage\stubbing\DeepStubbingTest.java,DeepStubbingTest.java,SuperOfReversedGenerics,getName,1,0,String,public,false,false,true,false
C:\Users\simon\Documents\Code\thesis-code\mockito-main\mockito-core\src\test\java\org\mockitousage\stubbing\DeepStubbingTest.java,DeepStubbingTest.java,SuperOfReversedGenerics,getLongName,1,0,String,public,false,false,true,false
C:\Users\simon\Documents\Code\thesis-code\mockito-main\mockito-core\src\test\java\org\mockitousage\stubbing\DeepStubbingTest.java,DeepStubbingTest.java,SuperOfReversedGenerics,getSecond,0,0,Second,,false,false,true,false
C:\Users\simon\Documents\Code\thesis-code\mockito-main\mockito-core\src\test\java\org\mockitousage\stubbing\DeepStubbingTest.java,DeepStubbingTest.java,SuperOfReversedGenerics,getString,0,0,String,,false,false,true,false
C:\Users\simon\Documents\Code\thesis-code\mockito-main\mockito-core\src\test\java\org\mockitousage\stubbing\DeepStubbingTest.java,DeepStubbingTest.java,SuperOfReversedGenerics,reverse,1,0,"ReversedGenerics<B, A>",,false,false,true,false
C:\Users\simon\Documents\Code\thesis-code\mockito-main\mockito-core\src\test\java\org\mockitousage\stubbing\DeepStubbingTest.java,DeepStubbingTest.java,SuperOfReversedGenerics,finalMethod,1,0,A,,false,false,true,false
C:\Users\simon\Documents\Code\thesis-code\mockito-main\mockito-core\src\test\java\org\mockitousage\stubbing\DeepStubbingTest.java,DeepStubbingTest.java,SuperOfReversedGenerics,myTest,3,0,void,public,true,false,true,false
C:\Users\simon\Documents\Code\thesis-code\mockito-main\mockito-core\src\test\java\org\mockitousage\stubbing\DeepStubbingTest.java,DeepStubbingTest.java,SuperOfReversedGenerics,simpleCase,4,0,void,public,true,false,true,false
C:\Users\simon\Documents\Code\thesis-code\mockito-main\mockito-core\src\test\java\org\mockitousage\stubbing\DeepStubbingTest.java,DeepStubbingTest.java,SuperOfReversedGenerics,oneLevelDeep,4,0,void,public,true,false,true,false
C:\Users\simon\Documents\Code\thesis-code\mockito-main\mockito-core\src\test\java\org\mockitousage\stubbing\DeepStubbingTest.java,DeepStubbingTest.java,SuperOfReversedGenerics,interactions,8,0,void,public,true,false,true,false
C:\Users\simon\Documents\Code\thesis-code\mockito-main\mockito-core\src\test\java\org\mockitousage\stubbing\DeepStubbingTest.java,DeepStubbingTest.java,SuperOfReversedGenerics,withArguments,10,0,void,public,true,false,true,false
C:\Users\simon\Documents\Code\thesis-code\mockito-main\mockito-core\src\test\java\org\mockitousage\stubbing\DeepStubbingTest.java,DeepStubbingTest.java,SuperOfReversedGenerics,withAnyPatternArguments,5,0,void,public,true,false,true,false
C:\Users\simon\Documents\Code\thesis-code\mockito-main\mockito-core\src\test\java\org\mockitousage\stubbing\DeepStubbingTest.java,DeepStubbingTest.java,SuperOfReversedGenerics,withComplexPatternArguments,9,0,void,public,true,false,true,false
C:\Users\simon\Documents\Code\thesis-code\mockito-main\mockito-core\src\test\java\org\mockitousage\stubbing\DeepStubbingTest.java,DeepStubbingTest.java,SuperOfReversedGenerics,withSimplePrimitive,4,0,void,public,true,false,true,false
C:\Users\simon\Documents\Code\thesis-code\mockito-main\mockito-core\src\test\java\org\mockitousage\stubbing\DeepStubbingTest.java,DeepStubbingTest.java,SuperOfReversedGenerics,withPatternPrimitive,8,0,void,public,true,false,true,false
C:\Users\simon\Documents\Code\thesis-code\mockito-main\mockito-core\src\test\java\org\mockitousage\stubbing\DeepStubbingTest.java,DeepStubbingTest.java,SuperOfReversedGenerics,unnamed_to_string,2,0,void,public,true,false,true,false
C:\Users\simon\Documents\Code\thesis-code\mockito-main\mockito-core\src\test\java\org\mockitousage\stubbing\DeepStubbingTest.java,DeepStubbingTest.java,SuperOfReversedGenerics,named_to_string,3,0,void,public,true,false,true,false
C:\Users\simon\Documents\Code\thesis-code\mockito-main\mockito-core\src\test\java\org\mockitousage\stubbing\DeepStubbingTest.java,DeepStubbingTest.java,SuperOfReversedGenerics,shouldStubbingBasicallyWorkFine,3,0,void,public,true,false,true,false
C:\Users\simon\Documents\Code\thesis-code\mockito-main\mockito-core\src\test\java\org\mockitousage\stubbing\DeepStubbingTest.java,DeepStubbingTest.java,SuperOfReversedGenerics,shouldVerificationBasicallyWorkFine,2,0,void,public,true,false,true,false
C:\Users\simon\Documents\Code\thesis-code\mockito-main\mockito-core\src\test\java\org\mockitousage\stubbing\DeepStubbingTest.java,DeepStubbingTest.java,SuperOfReversedGenerics,verification_work_with_argument_Matchers_in_nested_calls,5,0,void,public,true,false,true,false
C:\Users\simon\Documents\Code\thesis-code\mockito-main\mockito-core\src\test\java\org\mockitousage\stubbing\DeepStubbingTest.java,DeepStubbingTest.java,SuperOfReversedGenerics,deep_stub_return_same_mock_instance_if_invocation_matchers_matches,7,0,void,public,true,false,true,false
C:\Users\simon\Documents\Code\thesis-code\mockito-main\mockito-core\src\test\java\org\mockitousage\stubbing\DeepStubbingTest.java,DeepStubbingTest.java,SuperOfReversedGenerics,times_never_atLeast_atMost_verificationModes_should_work,8,0,void,public,true,false,true,false
C:\Users\simon\Documents\Code\thesis-code\mockito-main\mockito-core\src\test\java\org\mockitousage\stubbing\DeepStubbingTest.java,DeepStubbingTest.java,SuperOfReversedGenerics,inOrder_only_work_on_the_very_last_mock_but_it_works,12,0,void,public,true,false,true,false
C:\Users\simon\Documents\Code\thesis-code\mockito-main\mockito-core\src\test\java\org\mockitousage\stubbing\DeepStubbingTest.java,DeepStubbingTest.java,SuperOfReversedGenerics,verificationMode_only_work_on_the_last_returned_mock,4,0,void,public,true,false,true,false
C:\Users\simon\Documents\Code\thesis-code\mockito-main\mockito-core\src\test\java\org\mockitousage\stubbing\DeepStubbingTest.java,DeepStubbingTest.java,SuperOfReversedGenerics,shouldFailGracefullyWhenClassIsFinal,3,0,void,public,true,false,true,false
C:\Users\simon\Documents\Code\thesis-code\mockito-main\mockito-core\src\test\java\org\mockitousage\stubbing\DeepStubbingTest.java,DeepStubbingTest.java,SuperOfReversedGenerics,deep_stub_does_not_try_to_mock_generic_final_classes,3,0,void,public,true,false,true,false
C:\Users\simon\Documents\Code\thesis-code\mockito-main\mockito-core\src\test\java\org\mockitousage\stubbing\DeepStubbingTest.java,DeepStubbingTest.java,SuperOfReversedGenerics,deep_stub_does_not_stack_overflow_on_reversed_generics,3,0,void,public,true,false,true,false
C:\Users\simon\Documents\Code\thesis-code\mockito-main\mockito-core\src\test\java\org\mockitousage\stubbing\MisusingStubbingTest.java,MisusingStubbingTest.java,MisusingStubbingTest,clean_state_after_not_a_mock,2,0,void,public,true,false,true,true
C:\Users\simon\Documents\Code\thesis-code\mockito-main\mockito-core\src\test\java\org\mockitousage\stubbing\MisusingStubbingTest.java,MisusingStubbingTest.java,MisusingStubbingTest,clean_state_after_null_passed,2,0,void,public,true,false,true,true
C:\Users\simon\Documents\Code\thesis-code\mockito-main\mockito-core\src\test\java\org\mockitousage\stubbing\ReturningDefaultValuesTest.java,ReturningDefaultValuesTest.java,CollectionsServer,shouldReturnAllKindsOfPrimitives,9,0,void,public,true,false,true,false
C:\Users\simon\Documents\Code\thesis-code\mockito-main\mockito-core\src\test\java\org\mockitousage\stubbing\ReturningDefaultValuesTest.java,ReturningDefaultValuesTest.java,CollectionsServer,shouldReturnTheSameValuesForWrapperClasses,8,0,void,public,true,false,true,false
C:\Users\simon\Documents\Code\thesis-code\mockito-main\mockito-core\src\test\java\org\mockitousage\stubbing\ReturningDefaultValuesTest.java,ReturningDefaultValuesTest.java,CollectionsServer,shouldReturnEmptyCollections,5,0,void,public,true,false,true,false
C:\Users\simon\Documents\Code\thesis-code\mockito-main\mockito-core\src\test\java\org\mockitousage\stubbing\ReturningDefaultValuesTest.java,ReturningDefaultValuesTest.java,CollectionsServer,shouldReturnMutableEmptyCollection,4,0,void,public,true,false,true,false
C:\Users\simon\Documents\Code\thesis-code\mockito-main\mockito-core\src\test\java\org\mockitousage\stubbing\ReturningDefaultValuesTest.java,ReturningDefaultValuesTest.java,CollectionsServer,list,1,0,List<?>,,false,false,true,false
C:\Users\simon\Documents\Code\thesis-code\mockito-main\mockito-core\src\test\java\org\mockitousage\stubbing\ReturningDefaultValuesTest.java,ReturningDefaultValuesTest.java,CollectionsServer,linkedList,1,0,LinkedList<?>,,false,false,true,false
C:\Users\simon\Documents\Code\thesis-code\mockito-main\mockito-core\src\test\java\org\mockitousage\stubbing\ReturningDefaultValuesTest.java,ReturningDefaultValuesTest.java,CollectionsServer,map,1,0,"Map<?, ?>",,false,false,true,false
C:\Users\simon\Documents\Code\thesis-code\mockito-main\mockito-core\src\test\java\org\mockitousage\stubbing\ReturningDefaultValuesTest.java,ReturningDefaultValuesTest.java,CollectionsServer,hashSet,1,0,HashSet<?>,,false,false,true,false
C:\Users\simon\Documents\Code\thesis-code\mockito-main\mockito-core\src\test\java\org\mockitousage\stubbing\SmartNullsGenericBugTest.java,SmartNullsGenericBugTest.java,ConcreteDao,smart_nulls_generic_bug_generic_T,3,0,void,public,true,false,true,false
C:\Users\simon\Documents\Code\thesis-code\mockito-main\mockito-core\src\test\java\org\mockitousage\stubbing\SmartNullsGenericBugTest.java,SmartNullsGenericBugTest.java,ConcreteDao,smart_nulls_generic_bug_generic_M,3,0,void,public,true,false,true,false
C:\Users\simon\Documents\Code\thesis-code\mockito-main\mockito-core\src\test\java\org\mockitousage\stubbing\SmartNullsGenericBugTest.java,SmartNullsGenericBugTest.java,ConcreteDao,smart_nulls_generic_bug_generic_M_provided_in_args,3,0,void,public,true,false,true,false
C:\Users\simon\Documents\Code\thesis-code\mockito-main\mockito-core\src\test\java\org\mockitousage\stubbing\SmartNullsGenericBugTest.java,SmartNullsGenericBugTest.java,ConcreteDao,smart_nulls_generic_bug_generic_M_provided_as_varargs,3,0,void,public,true,false,true,false
C:\Users\simon\Documents\Code\thesis-code\mockito-main\mockito-core\src\test\java\org\mockitousage\stubbing\SmartNullsGenericBugTest.java,SmartNullsGenericBugTest.java,ConcreteDao,findById,1,0,T,,false,false,true,false
C:\Users\simon\Documents\Code\thesis-code\mockito-main\mockito-core\src\test\java\org\mockitousage\stubbing\SmartNullsGenericBugTest.java,SmartNullsGenericBugTest.java,ConcreteDao,find,1,0,M,,false,false,true,false
C:\Users\simon\Documents\Code\thesis-code\mockito-main\mockito-core\src\test\java\org\mockitousage\stubbing\SmartNullsGenericBugTest.java,SmartNullsGenericBugTest.java,ConcreteDao,findArgs,1,2,M,,false,false,true,false
C:\Users\simon\Documents\Code\thesis-code\mockito-main\mockito-core\src\test\java\org\mockitousage\stubbing\SmartNullsGenericBugTest.java,SmartNullsGenericBugTest.java,ConcreteDao,findVarargs,1,2,M,,false,false,true,false
C:\Users\simon\Documents\Code\thesis-code\mockito-main\mockito-core\src\test\java\org\mockitousage\stubbing\SmartNullsStubbingTest.java,SmartNullsStubbingTest.java,Foo,setup,1,0,void,public,false,false,true,false
C:\Users\simon\Documents\Code\thesis-code\mockito-main\mockito-core\src\test\java\org\mockitousage\stubbing\SmartNullsStubbingTest.java,SmartNullsStubbingTest.java,Foo,unstubbedMethodInvokedHere,1,1,IMethods,public,false,false,true,false
C:\Users\simon\Documents\Code\thesis-code\mockito-main\mockito-core\src\test\java\org\mockitousage\stubbing\SmartNullsStubbingTest.java,SmartNullsStubbingTest.java,Foo,shouldSmartNPEPointToUnstubbedCall,2,0,void,public,true,false,true,false
C:\Users\simon\Documents\Code\thesis-code\mockito-main\mockito-core\src\test\java\org\mockitousage\stubbing\SmartNullsStubbingTest.java,SmartNullsStubbingTest.java,Foo,should_not_throw_NPE_when_verifying_with_returns_smart_nulls,3,0,void,public,true,false,true,false
C:\Users\simon\Documents\Code\thesis-code\mockito-main\mockito-core\src\test\java\org\mockitousage\stubbing\SmartNullsStubbingTest.java,SmartNullsStubbingTest.java,Foo,boo,0,0,void,,false,false,true,false
C:\Users\simon\Documents\Code\thesis-code\mockito-main\mockito-core\src\test\java\org\mockitousage\stubbing\SmartNullsStubbingTest.java,SmartNullsStubbingTest.java,Foo,getSomeClass,1,0,Foo,,false,false,true,false
C:\Users\simon\Documents\Code\thesis-code\mockito-main\mockito-core\src\test\java\org\mockitousage\stubbing\SmartNullsStubbingTest.java,SmartNullsStubbingTest.java,Foo,getSomeInterface,1,0,Bar,,false,false,true,false
C:\Users\simon\Documents\Code\thesis-code\mockito-main\mockito-core\src\test\java\org\mockitousage\stubbing\SmartNullsStubbingTest.java,SmartNullsStubbingTest.java,Foo,getBarWithParams,1,2,Bar,,false,false,true,false
C:\Users\simon\Documents\Code\thesis-code\mockito-main\mockito-core\src\test\java\org\mockitousage\stubbing\SmartNullsStubbingTest.java,SmartNullsStubbingTest.java,Foo,returnsFromArg,1,1,T,,false,false,true,false
C:\Users\simon\Documents\Code\thesis-code\mockito-main\mockito-core\src\test\java\org\mockitousage\stubbing\SmartNullsStubbingTest.java,SmartNullsStubbingTest.java,Foo,boo,0,0,void,,false,false,true,false
C:\Users\simon\Documents\Code\thesis-code\mockito-main\mockito-core\src\test\java\org\mockitousage\stubbing\SmartNullsStubbingTest.java,SmartNullsStubbingTest.java,Foo,shouldThrowSmartNPEWhenMethodReturnsClass,3,0,void,public,true,false,true,false
C:\Users\simon\Documents\Code\thesis-code\mockito-main\mockito-core\src\test\java\org\mockitousage\stubbing\SmartNullsStubbingTest.java,SmartNullsStubbingTest.java,Foo,shouldThrowSmartNPEWhenMethodReturnsInterface,3,0,void,public,true,false,true,false
C:\Users\simon\Documents\Code\thesis-code\mockito-main\mockito-core\src\test\java\org\mockitousage\stubbing\SmartNullsStubbingTest.java,SmartNullsStubbingTest.java,Foo,shouldReturnOrdinaryEmptyValuesForOrdinaryTypes,5,0,void,public,true,false,true,false
C:\Users\simon\Documents\Code\thesis-code\mockito-main\mockito-core\src\test\java\org\mockitousage\stubbing\SmartNullsStubbingTest.java,SmartNullsStubbingTest.java,Foo,shouldNotThrowSmartNullPointerOnToString,2,0,void,public,true,false,true,false
C:\Users\simon\Documents\Code\thesis-code\mockito-main\mockito-core\src\test\java\org\mockitousage\stubbing\SmartNullsStubbingTest.java,SmartNullsStubbingTest.java,Foo,shouldNotThrowSmartNullPointerOnObjectMethods,2,0,void,public,true,false,true,false
C:\Users\simon\Documents\Code\thesis-code\mockito-main\mockito-core\src\test\java\org\mockitousage\stubbing\SmartNullsStubbingTest.java,SmartNullsStubbingTest.java,Foo,shouldShowParameters,3,0,void,public,true,false,true,false
C:\Users\simon\Documents\Code\thesis-code\mockito-main\mockito-core\src\test\java\org\mockitousage\stubbing\SmartNullsStubbingTest.java,SmartNullsStubbingTest.java,Foo,shouldShowParametersWhenParamsAreHuge,4,0,void,public,true,false,true,false
C:\Users\simon\Documents\Code\thesis-code\mockito-main\mockito-core\src\test\java\org\mockitousage\stubbing\StrictStubbingEndToEndTest.java,StrictStubbingEndToEndTest.java,UnfinishedMocking,after,1,0,void,public,false,false,true,false
C:\Users\simon\Documents\Code\thesis-code\mockito-main\mockito-core\src\test\java\org\mockitousage\stubbing\StrictStubbingEndToEndTest.java,StrictStubbingEndToEndTest.java,UnfinishedMocking,finish_mocking_exception_does_not_hide_the_exception_from_test,2,0,void,public,true,false,true,false
C:\Users\simon\Documents\Code\thesis-code\mockito-main\mockito-core\src\test\java\org\mockitousage\stubbing\StrictStubbingEndToEndTest.java,StrictStubbingEndToEndTest.java,UnfinishedMocking,does_not_report_unused_stubbing_if_mismatch_reported,2,0,void,public,true,false,true,false
C:\Users\simon\Documents\Code\thesis-code\mockito-main\mockito-core\src\test\java\org\mockitousage\stubbing\StrictStubbingEndToEndTest.java,StrictStubbingEndToEndTest.java,UnfinishedMocking,strict_stubbing_does_not_leak_to_other_tests,2,0,void,public,true,false,true,false
C:\Users\simon\Documents\Code\thesis-code\mockito-main\mockito-core\src\test\java\org\mockitousage\stubbing\StrictStubbingEndToEndTest.java,StrictStubbingEndToEndTest.java,UnfinishedMocking,detects_unfinished_session,2,0,void,public,true,false,true,false
C:\Users\simon\Documents\Code\thesis-code\mockito-main\mockito-core\src\test\java\org\mockitousage\stubbing\StrictStubbingEndToEndTest.java,StrictStubbingEndToEndTest.java,UnfinishedMocking,concurrent_sessions_in_different_threads,4,0,void,public,true,false,true,false
C:\Users\simon\Documents\Code\thesis-code\mockito-main\mockito-core\src\test\java\org\mockitousage\stubbing\StrictStubbingEndToEndTest.java,StrictStubbingEndToEndTest.java,UnfinishedMocking,run,1,0,void,public,false,false,true,false
C:\Users\simon\Documents\Code\thesis-code\mockito-main\mockito-core\src\test\java\org\mockitousage\stubbing\StrictStubbingEndToEndTest.java,StrictStubbingEndToEndTest.java,UnfinishedMocking,run,1,0,void,public,false,false,true,false
C:\Users\simon\Documents\Code\thesis-code\mockito-main\mockito-core\src\test\java\org\mockitousage\stubbing\StrictStubbingEndToEndTest.java,StrictStubbingEndToEndTest.java,UnfinishedMocking,after,1,0,void,public,false,false,true,false
C:\Users\simon\Documents\Code\thesis-code\mockito-main\mockito-core\src\test\java\org\mockitousage\stubbing\StrictStubbingEndToEndTest.java,StrictStubbingEndToEndTest.java,UnfinishedMocking,unnecessary_stubbing,2,0,void,public,true,false,true,false
C:\Users\simon\Documents\Code\thesis-code\mockito-main\mockito-core\src\test\java\org\mockitousage\stubbing\StrictStubbingEndToEndTest.java,StrictStubbingEndToEndTest.java,UnfinishedMocking,after,1,0,void,public,false,false,true,false
C:\Users\simon\Documents\Code\thesis-code\mockito-main\mockito-core\src\test\java\org\mockitousage\stubbing\StrictStubbingEndToEndTest.java,StrictStubbingEndToEndTest.java,UnfinishedMocking,mismatch,2,0,void,public,true,false,true,false
C:\Users\simon\Documents\Code\thesis-code\mockito-main\mockito-core\src\test\java\org\mockitousage\stubbing\StrictStubbingEndToEndTest.java,StrictStubbingEndToEndTest.java,UnfinishedMocking,after,1,0,void,public,false,false,true,false
C:\Users\simon\Documents\Code\thesis-code\mockito-main\mockito-core\src\test\java\org\mockitousage\stubbing\StrictStubbingEndToEndTest.java,StrictStubbingEndToEndTest.java,UnfinishedMocking,used,2,0,void,public,true,false,true,false
C:\Users\simon\Documents\Code\thesis-code\mockito-main\mockito-core\src\test\java\org\mockitousage\stubbing\StrictStubbingEndToEndTest.java,StrictStubbingEndToEndTest.java,UnfinishedMocking,unused,1,0,void,public,true,false,true,false
C:\Users\simon\Documents\Code\thesis-code\mockito-main\mockito-core\src\test\java\org\mockitousage\stubbing\StrictStubbingEndToEndTest.java,StrictStubbingEndToEndTest.java,UnfinishedMocking,mismatch,2,0,void,public,true,false,true,false
C:\Users\simon\Documents\Code\thesis-code\mockito-main\mockito-core\src\test\java\org\mockitousage\stubbing\StrictStubbingEndToEndTest.java,StrictStubbingEndToEndTest.java,UnfinishedMocking,unused,1,0,void,public,true,false,true,false
C:\Users\simon\Documents\Code\thesis-code\mockito-main\mockito-core\src\test\java\org\mockitousage\stubbing\StrictStubbingEndToEndTest.java,StrictStubbingEndToEndTest.java,UnfinishedMocking,mismatch,2,0,void,public,true,false,true,false
C:\Users\simon\Documents\Code\thesis-code\mockito-main\mockito-core\src\test\java\org\mockitousage\stubbing\StrictStubbingEndToEndTest.java,StrictStubbingEndToEndTest.java,UnfinishedMocking,unused,1,0,void,public,true,false,true,false
C:\Users\simon\Documents\Code\thesis-code\mockito-main\mockito-core\src\test\java\org\mockitousage\stubbing\StrictStubbingEndToEndTest.java,StrictStubbingEndToEndTest.java,UnfinishedMocking,unused2,1,0,void,public,true,false,true,false
C:\Users\simon\Documents\Code\thesis-code\mockito-main\mockito-core\src\test\java\org\mockitousage\stubbing\StrictStubbingTest.java,StrictStubbingTest.java,StrictStubbingTest,after,1,0,void,public,false,false,true,true
C:\Users\simon\Documents\Code\thesis-code\mockito-main\mockito-core\src\test\java\org\mockitousage\stubbing\StrictStubbingTest.java,StrictStubbingTest.java,StrictStubbingTest,no_interactions,1,0,void,public,true,false,true,true
C:\Users\simon\Documents\Code\thesis-code\mockito-main\mockito-core\src\test\java\org\mockitousage\stubbing\StrictStubbingTest.java,StrictStubbingTest.java,StrictStubbingTest,few_interactions,2,0,void,public,true,false,true,true
C:\Users\simon\Documents\Code\thesis-code\mockito-main\mockito-core\src\test\java\org\mockitousage\stubbing\StrictStubbingTest.java,StrictStubbingTest.java,StrictStubbingTest,few_verified_interactions,5,0,void,public,true,false,true,true
C:\Users\simon\Documents\Code\thesis-code\mockito-main\mockito-core\src\test\java\org\mockitousage\stubbing\StrictStubbingTest.java,StrictStubbingTest.java,StrictStubbingTest,stubbed_method_is_implicitly_verified,3,0,void,public,true,false,true,true
C:\Users\simon\Documents\Code\thesis-code\mockito-main\mockito-core\src\test\java\org\mockitousage\stubbing\StrictStubbingTest.java,StrictStubbingTest.java,StrictStubbingTest,unused_stubbed_is_not_implicitly_verified,4,0,void,public,true,false,true,true
C:\Users\simon\Documents\Code\thesis-code\mockito-main\mockito-core\src\test\java\org\mockitousage\stubbing\StrictStubbingTest.java,StrictStubbingTest.java,StrictStubbingTest,run,1,0,void,public,false,false,true,true
C:\Users\simon\Documents\Code\thesis-code\mockito-main\mockito-core\src\test\java\org\mockitousage\stubbing\StrictStubbingTest.java,StrictStubbingTest.java,StrictStubbingTest,stubbing_argument_mismatch,2,0,void,public,true,false,true,true
C:\Users\simon\Documents\Code\thesis-code\mockito-main\mockito-core\src\test\java\org\mockitousage\stubbing\StrictStubbingTest.java,StrictStubbingTest.java,StrictStubbingTest,run,1,0,void,public,false,false,true,true
C:\Users\simon\Documents\Code\thesis-code\mockito-main\mockito-core\src\test\java\org\mockitousage\stubbing\StrictStubbingTest.java,StrictStubbingTest.java,StrictStubbingTest,unused_stubbing,2,0,void,public,true,false,true,true
C:\Users\simon\Documents\Code\thesis-code\mockito-main\mockito-core\src\test\java\org\mockitousage\stubbing\StrictStubbingTest.java,StrictStubbingTest.java,StrictStubbingTest,run,1,0,void,public,false,false,true,true
C:\Users\simon\Documents\Code\thesis-code\mockito-main\mockito-core\src\test\java\org\mockitousage\stubbing\StubbingConsecutiveAnswersTest.java,StubbingConsecutiveAnswersTest.java,StubbingConsecutiveAnswersTest,should_return_consecutive_values,6,0,void,public,true,false,true,true
C:\Users\simon\Documents\Code\thesis-code\mockito-main\mockito-core\src\test\java\org\mockitousage\stubbing\StubbingConsecutiveAnswersTest.java,StubbingConsecutiveAnswersTest.java,StubbingConsecutiveAnswersTest,should_return_consecutive_values_for_two_nulls,3,0,void,public,true,false,true,true
C:\Users\simon\Documents\Code\thesis-code\mockito-main\mockito-core\src\test\java\org\mockitousage\stubbing\StubbingConsecutiveAnswersTest.java,StubbingConsecutiveAnswersTest.java,StubbingConsecutiveAnswersTest,should_return_consecutive_values_first_var_arg_null,4,0,void,public,true,false,true,true
C:\Users\simon\Documents\Code\thesis-code\mockito-main\mockito-core\src\test\java\org\mockitousage\stubbing\StubbingConsecutiveAnswersTest.java,StubbingConsecutiveAnswersTest.java,StubbingConsecutiveAnswersTest,should_return_consecutive_values_var_arg_null,4,0,void,public,true,false,true,true
C:\Users\simon\Documents\Code\thesis-code\mockito-main\mockito-core\src\test\java\org\mockitousage\stubbing\StubbingConsecutiveAnswersTest.java,StubbingConsecutiveAnswersTest.java,StubbingConsecutiveAnswersTest,should_return_consecutive_values_var_args_contain_null,5,0,void,public,true,false,true,true
C:\Users\simon\Documents\Code\thesis-code\mockito-main\mockito-core\src\test\java\org\mockitousage\stubbing\StubbingConsecutiveAnswersTest.java,StubbingConsecutiveAnswersTest.java,StubbingConsecutiveAnswersTest,should_return_consecutive_values_set_by_shorten_then_return_method,6,0,void,public,true,false,true,true
C:\Users\simon\Documents\Code\thesis-code\mockito-main\mockito-core\src\test\java\org\mockitousage\stubbing\StubbingConsecutiveAnswersTest.java,StubbingConsecutiveAnswersTest.java,StubbingConsecutiveAnswersTest,should_return_consecutive_value_and_throw_exceptions_set_by_shorten_return_methods,8,0,void,public,true,false,true,true
C:\Users\simon\Documents\Code\thesis-code\mockito-main\mockito-core\src\test\java\org\mockitousage\stubbing\StubbingConsecutiveAnswersTest.java,StubbingConsecutiveAnswersTest.java,StubbingConsecutiveAnswersTest,should_throw_consecutively,5,0,void,public,true,false,true,true
C:\Users\simon\Documents\Code\thesis-code\mockito-main\mockito-core\src\test\java\org\mockitousage\stubbing\StubbingConsecutiveAnswersTest.java,StubbingConsecutiveAnswersTest.java,StubbingConsecutiveAnswersTest,should_throw_consecutively_set_by_shorten_then_throw_method,5,0,void,public,true,false,true,true
C:\Users\simon\Documents\Code\thesis-code\mockito-main\mockito-core\src\test\java\org\mockitousage\stubbing\StubbingConsecutiveAnswersTest.java,StubbingConsecutiveAnswersTest.java,StubbingConsecutiveAnswersTest,should_throw_classes,3,0,void,public,true,false,true,true
C:\Users\simon\Documents\Code\thesis-code\mockito-main\mockito-core\src\test\java\org\mockitousage\stubbing\StubbingConsecutiveAnswersTest.java,StubbingConsecutiveAnswersTest.java,StubbingConsecutiveAnswersTest,should_throw_consecutively_classes_set_by_shorten_then_throw_method,5,0,void,public,true,false,true,true
C:\Users\simon\Documents\Code\thesis-code\mockito-main\mockito-core\src\test\java\org\mockitousage\stubbing\StubbingConsecutiveAnswersTest.java,StubbingConsecutiveAnswersTest.java,StubbingConsecutiveAnswersTest,should_mix_consecutive_returns_with_exceptions,6,0,void,public,true,false,true,true
C:\Users\simon\Documents\Code\thesis-code\mockito-main\mockito-core\src\test\java\org\mockitousage\stubbing\StubbingConsecutiveAnswersTest.java,StubbingConsecutiveAnswersTest.java,StubbingConsecutiveAnswersTest,should_validate_consecutive_exception,1,0,void,public,true,false,true,true
C:\Users\simon\Documents\Code\thesis-code\mockito-main\mockito-core\src\test\java\org\mockitousage\stubbing\StubbingConsecutiveAnswersTest.java,StubbingConsecutiveAnswersTest.java,StubbingConsecutiveAnswersTest,should_stub_void_method_and_continue_throwing,5,0,void,public,true,false,true,true
C:\Users\simon\Documents\Code\thesis-code\mockito-main\mockito-core\src\test\java\org\mockitousage\stubbing\StubbingConsecutiveAnswersTest.java,StubbingConsecutiveAnswersTest.java,StubbingConsecutiveAnswersTest,should_stub_void_method,5,0,void,public,true,false,true,true
C:\Users\simon\Documents\Code\thesis-code\mockito-main\mockito-core\src\test\java\org\mockitousage\stubbing\StubbingConsecutiveAnswersTest.java,StubbingConsecutiveAnswersTest.java,StubbingConsecutiveAnswersTest,should_validate_consecutive_exception_for_void_method,1,0,void,public,true,false,true,true
C:\Users\simon\Documents\Code\thesis-code\mockito-main\mockito-core\src\test\java\org\mockitousage\stubbing\StubbingReturnsSelfTest.java,StubbingReturnsSelfTest.java,HttpBuilder,should_stub_builder_method,2,0,void,public,true,false,true,false
C:\Users\simon\Documents\Code\thesis-code\mockito-main\mockito-core\src\test\java\org\mockitousage\stubbing\StubbingReturnsSelfTest.java,StubbingReturnsSelfTest.java,HttpBuilder,should_return_default_return_when_not_a_builder,2,0,void,public,true,false,true,false
C:\Users\simon\Documents\Code\thesis-code\mockito-main\mockito-core\src\test\java\org\mockitousage\stubbing\StubbingReturnsSelfTest.java,StubbingReturnsSelfTest.java,HttpBuilder,should_return_self_when_call_on_method_in_superclass,2,0,void,public,true,false,true,false
C:\Users\simon\Documents\Code\thesis-code\mockito-main\mockito-core\src\test\java\org\mockitousage\stubbing\StubbingReturnsSelfTest.java,StubbingReturnsSelfTest.java,HttpBuilder,should_return_self_when_call_on_method_in_subclass,2,0,void,public,true,false,true,false
C:\Users\simon\Documents\Code\thesis-code\mockito-main\mockito-core\src\test\java\org\mockitousage\stubbing\StubbingReturnsSelfTest.java,StubbingReturnsSelfTest.java,HttpBuilder,should_return_self_when_call_on_method_in_subclass_returns_superclass,2,0,void,public,true,false,true,false
C:\Users\simon\Documents\Code\thesis-code\mockito-main\mockito-core\src\test\java\org\mockitousage\stubbing\StubbingReturnsSelfTest.java,StubbingReturnsSelfTest.java,HttpBuilder,should_return_stubbed_answer_when_call_on_method_returns_self,4,0,void,public,true,false,true,false
C:\Users\simon\Documents\Code\thesis-code\mockito-main\mockito-core\src\test\java\org\mockitousage\stubbing\StubbingReturnsSelfTest.java,StubbingReturnsSelfTest.java,HttpBuilder,should_not_fail_when_calling_void_returning_method,2,0,void,public,true,false,true,false
C:\Users\simon\Documents\Code\thesis-code\mockito-main\mockito-core\src\test\java\org\mockitousage\stubbing\StubbingReturnsSelfTest.java,StubbingReturnsSelfTest.java,HttpBuilder,should_not_fail_when_calling_primitive_returning_method,2,0,void,public,true,false,true,false
C:\Users\simon\Documents\Code\thesis-code\mockito-main\mockito-core\src\test\java\org\mockitousage\stubbing\StubbingReturnsSelfTest.java,StubbingReturnsSelfTest.java,HttpBuilder,should_not_fail_when_calling_method_with_generic_return_type,2,0,void,public,true,false,true,false
C:\Users\simon\Documents\Code\thesis-code\mockito-main\mockito-core\src\test\java\org\mockitousage\stubbing\StubbingReturnsSelfTest.java,StubbingReturnsSelfTest.java,HttpBuilder,use_full_builder_with_terminating_method,5,0,void,public,true,false,true,false
C:\Users\simon\Documents\Code\thesis-code\mockito-main\mockito-core\src\test\java\org\mockitousage\stubbing\StubbingReturnsSelfTest.java,StubbingReturnsSelfTest.java,HttpBuilder,returnSelf,1,0,Builder,public,false,false,true,false
C:\Users\simon\Documents\Code\thesis-code\mockito-main\mockito-core\src\test\java\org\mockitousage\stubbing\StubbingReturnsSelfTest.java,StubbingReturnsSelfTest.java,HttpBuilder,returnString,1,0,String,public,false,false,true,false
C:\Users\simon\Documents\Code\thesis-code\mockito-main\mockito-core\src\test\java\org\mockitousage\stubbing\StubbingReturnsSelfTest.java,StubbingReturnsSelfTest.java,HttpBuilder,returnNothing,0,0,void,public,false,false,true,false
C:\Users\simon\Documents\Code\thesis-code\mockito-main\mockito-core\src\test\java\org\mockitousage\stubbing\StubbingReturnsSelfTest.java,StubbingReturnsSelfTest.java,HttpBuilder,returnInt,1,0,int,public,false,false,true,false
C:\Users\simon\Documents\Code\thesis-code\mockito-main\mockito-core\src\test\java\org\mockitousage\stubbing\StubbingReturnsSelfTest.java,StubbingReturnsSelfTest.java,HttpBuilder,returnGeneric,1,1,T,public,false,false,true,false
C:\Users\simon\Documents\Code\thesis-code\mockito-main\mockito-core\src\test\java\org\mockitousage\stubbing\StubbingReturnsSelfTest.java,StubbingReturnsSelfTest.java,HttpBuilder,returnsSubClass,1,0,BuilderSubClass,public,false,false,true,false
C:\Users\simon\Documents\Code\thesis-code\mockito-main\mockito-core\src\test\java\org\mockitousage\stubbing\StubbingReturnsSelfTest.java,StubbingReturnsSelfTest.java,HttpBuilder,returnSuperClass,1,0,Builder,public,false,false,true,false
C:\Users\simon\Documents\Code\thesis-code\mockito-main\mockito-core\src\test\java\org\mockitousage\stubbing\StubbingReturnsSelfTest.java,StubbingReturnsSelfTest.java,HttpBuilder,request,1,1,String,public,false,false,true,false
C:\Users\simon\Documents\Code\thesis-code\mockito-main\mockito-core\src\test\java\org\mockitousage\stubbing\StubbingReturnsSelfTest.java,StubbingReturnsSelfTest.java,HttpBuilder,withUrl,2,1,HttpBuilder,public,false,false,true,false
C:\Users\simon\Documents\Code\thesis-code\mockito-main\mockito-core\src\test\java\org\mockitousage\stubbing\StubbingReturnsSelfTest.java,StubbingReturnsSelfTest.java,HttpBuilder,withHeader,2,1,HttpBuilder,public,false,false,true,false
C:\Users\simon\Documents\Code\thesis-code\mockito-main\mockito-core\src\test\java\org\mockitousage\stubbing\StubbingReturnsSelfTest.java,StubbingReturnsSelfTest.java,HttpBuilder,request,1,0,String,public,false,false,true,false
C:\Users\simon\Documents\Code\thesis-code\mockito-main\mockito-core\src\test\java\org\mockitousage\stubbing\StubbingUsingDoReturnTest.java,StubbingUsingDoReturnTest.java,FooCheckedException,reset_state,1,0,void,public,false,false,true,false
C:\Users\simon\Documents\Code\thesis-code\mockito-main\mockito-core\src\test\java\org\mockitousage\stubbing\StubbingUsingDoReturnTest.java,StubbingUsingDoReturnTest.java,FooCheckedException,should_stub,3,0,void,public,true,false,true,false
C:\Users\simon\Documents\Code\thesis-code\mockito-main\mockito-core\src\test\java\org\mockitousage\stubbing\StubbingUsingDoReturnTest.java,StubbingUsingDoReturnTest.java,FooCheckedException,should_stub_with_args,5,0,void,public,true,false,true,false
C:\Users\simon\Documents\Code\thesis-code\mockito-main\mockito-core\src\test\java\org\mockitousage\stubbing\StubbingUsingDoReturnTest.java,StubbingUsingDoReturnTest.java,FooCheckedException,should_stub_with_throwable,2,0,void,public,true,false,true,false
C:\Users\simon\Documents\Code\thesis-code\mockito-main\mockito-core\src\test\java\org\mockitousage\stubbing\StubbingUsingDoReturnTest.java,StubbingUsingDoReturnTest.java,FooCheckedException,should_allow_setting_valid_checked_exception,2,0,void,public,true,false,true,false
C:\Users\simon\Documents\Code\thesis-code\mockito-main\mockito-core\src\test\java\org\mockitousage\stubbing\StubbingUsingDoReturnTest.java,StubbingUsingDoReturnTest.java,FooCheckedException,should_detect_invalid_checked_exception,1,0,void,public,true,false,true,false
C:\Users\simon\Documents\Code\thesis-code\mockito-main\mockito-core\src\test\java\org\mockitousage\stubbing\StubbingUsingDoReturnTest.java,StubbingUsingDoReturnTest.java,FooCheckedException,should_scream_when_return_set_for_void,1,0,void,public,true,false,true,false
C:\Users\simon\Documents\Code\thesis-code\mockito-main\mockito-core\src\test\java\org\mockitousage\stubbing\StubbingUsingDoReturnTest.java,StubbingUsingDoReturnTest.java,FooCheckedException,should_scream_when_not_a_mock_passed,1,0,void,public,true,false,true,false
C:\Users\simon\Documents\Code\thesis-code\mockito-main\mockito-core\src\test\java\org\mockitousage\stubbing\StubbingUsingDoReturnTest.java,StubbingUsingDoReturnTest.java,FooCheckedException,should_scream_when_null_passed,1,0,void,public,true,false,true,false
C:\Users\simon\Documents\Code\thesis-code\mockito-main\mockito-core\src\test\java\org\mockitousage\stubbing\StubbingUsingDoReturnTest.java,StubbingUsingDoReturnTest.java,FooCheckedException,should_allow_chained_stubbing,5,0,void,public,true,false,true,false
C:\Users\simon\Documents\Code\thesis-code\mockito-main\mockito-core\src\test\java\org\mockitousage\stubbing\StubbingUsingDoReturnTest.java,StubbingUsingDoReturnTest.java,FooCheckedException,should_allow_consecutive_return_values,8,0,void,public,true,false,true,false
C:\Users\simon\Documents\Code\thesis-code\mockito-main\mockito-core\src\test\java\org\mockitousage\stubbing\StubbingUsingDoReturnTest.java,StubbingUsingDoReturnTest.java,FooCheckedException,should_allow_do_call_real_method_in_chained_stubbing,4,0,void,public,true,false,true,false
C:\Users\simon\Documents\Code\thesis-code\mockito-main\mockito-core\src\test\java\org\mockitousage\stubbing\StubbingUsingDoReturnTest.java,StubbingUsingDoReturnTest.java,FooCheckedException,should_allow_chained_stubbing_with_exception_class,3,0,void,public,true,false,true,false
C:\Users\simon\Documents\Code\thesis-code\mockito-main\mockito-core\src\test\java\org\mockitousage\stubbing\StubbingUsingDoReturnTest.java,StubbingUsingDoReturnTest.java,FooCheckedException,should_allow_chained_stubbing_on_void_methods,5,0,void,public,true,false,true,false
C:\Users\simon\Documents\Code\thesis-code\mockito-main\mockito-core\src\test\java\org\mockitousage\stubbing\StubbingUsingDoReturnTest.java,StubbingUsingDoReturnTest.java,FooCheckedException,should_stub_with_generic_answer,2,0,void,public,true,false,true,false
C:\Users\simon\Documents\Code\thesis-code\mockito-main\mockito-core\src\test\java\org\mockitousage\stubbing\StubbingUsingDoReturnTest.java,StubbingUsingDoReturnTest.java,FooCheckedException,should_not_allow_do_nothing_on_non_voids,1,0,void,public,true,false,true,false
C:\Users\simon\Documents\Code\thesis-code\mockito-main\mockito-core\src\test\java\org\mockitousage\stubbing\StubbingUsingDoReturnTest.java,StubbingUsingDoReturnTest.java,FooCheckedException,should_stubbing_be_treated_as_interaction,3,0,void,public,true,false,true,false
C:\Users\simon\Documents\Code\thesis-code\mockito-main\mockito-core\src\test\java\org\mockitousage\stubbing\StubbingUsingDoReturnTest.java,StubbingUsingDoReturnTest.java,FooCheckedException,should_verify_stubbed_call,5,0,void,public,true,false,true,false
C:\Users\simon\Documents\Code\thesis-code\mockito-main\mockito-core\src\test\java\org\mockitousage\stubbing\StubbingUsingDoReturnTest.java,StubbingUsingDoReturnTest.java,FooCheckedException,should_allow_stubbing_to_string,2,0,void,public,true,false,true,false
C:\Users\simon\Documents\Code\thesis-code\mockito-main\mockito-core\src\test\java\org\mockitousage\stubbing\StubbingUsingDoReturnTest.java,StubbingUsingDoReturnTest.java,FooCheckedException,should_detect_invalid_return_type,1,0,void,public,true,false,true,false
C:\Users\simon\Documents\Code\thesis-code\mockito-main\mockito-core\src\test\java\org\mockitousage\stubbing\StubbingUsingDoReturnTest.java,StubbingUsingDoReturnTest.java,FooCheckedException,should_detect_when_null_assigned_to_boolean,1,0,void,public,true,false,true,false
C:\Users\simon\Documents\Code\thesis-code\mockito-main\mockito-core\src\test\java\org\mockitousage\stubbing\StubbingUsingDoReturnTest.java,StubbingUsingDoReturnTest.java,FooCheckedException,should_allow_stubbing_when_types_match_signature,4,0,void,public,true,false,true,false
C:\Users\simon\Documents\Code\thesis-code\mockito-main\mockito-core\src\test\java\org\mockitousage\stubbing\StubbingWarningsTest.java,StubbingWarningsTest.java,StubbingWarningsTest,after,3,0,void,public,false,false,true,true
C:\Users\simon\Documents\Code\thesis-code\mockito-main\mockito-core\src\test\java\org\mockitousage\stubbing\StubbingWarningsTest.java,StubbingWarningsTest.java,StubbingWarningsTest,few_interactions,4,0,void,public,true,false,true,true
C:\Users\simon\Documents\Code\thesis-code\mockito-main\mockito-core\src\test\java\org\mockitousage\stubbing\StubbingWarningsTest.java,StubbingWarningsTest.java,StubbingWarningsTest,stubbing_used,4,0,void,public,true,false,true,true
C:\Users\simon\Documents\Code\thesis-code\mockito-main\mockito-core\src\test\java\org\mockitousage\stubbing\StubbingWarningsTest.java,StubbingWarningsTest.java,StubbingWarningsTest,unused_stubbed_is_not_implicitly_verified,5,0,void,public,true,false,true,true
C:\Users\simon\Documents\Code\thesis-code\mockito-main\mockito-core\src\test\java\org\mockitousage\stubbing\StubbingWarningsTest.java,StubbingWarningsTest.java,StubbingWarningsTest,stubbing_argument_mismatch,4,0,void,public,true,false,true,true
C:\Users\simon\Documents\Code\thesis-code\mockito-main\mockito-core\src\test\java\org\mockitousage\stubbing\StubbingWarningsTest.java,StubbingWarningsTest.java,StubbingWarningsTest,unused_stubbing,3,0,void,public,true,false,true,true
C:\Users\simon\Documents\Code\thesis-code\mockito-main\mockito-core\src\test\java\org\mockitousage\stubbing\StubbingWarningsTest.java,StubbingWarningsTest.java,StubbingWarningsTest,unfinished_verification_without_throwable,2,0,void,public,true,false,true,true
C:\Users\simon\Documents\Code\thesis-code\mockito-main\mockito-core\src\test\java\org\mockitousage\stubbing\StubbingWarningsTest.java,StubbingWarningsTest.java,StubbingWarningsTest,unfinished_verification_with_throwable,3,0,void,public,true,false,true,true
C:\Users\simon\Documents\Code\thesis-code\mockito-main\mockito-core\src\test\java\org\mockitousage\stubbing\StubbingWithAdditionalAnswersTest.java,StubbingWithAdditionalAnswersTest.java,StubbingWithAdditionalAnswersTest,can_return_arguments_of_invocation,8,0,void,public,true,false,true,true
C:\Users\simon\Documents\Code\thesis-code\mockito-main\mockito-core\src\test\java\org\mockitousage\stubbing\StubbingWithAdditionalAnswersTest.java,StubbingWithAdditionalAnswersTest.java,StubbingWithAdditionalAnswersTest,can_return_var_arguments_of_invocation,4,0,void,public,true,false,true,true
C:\Users\simon\Documents\Code\thesis-code\mockito-main\mockito-core\src\test\java\org\mockitousage\stubbing\StubbingWithAdditionalAnswersTest.java,StubbingWithAdditionalAnswersTest.java,StubbingWithAdditionalAnswersTest,returns_arg_at_throws_on_out_of_range_var_args,2,0,void,public,true,false,true,true
C:\Users\simon\Documents\Code\thesis-code\mockito-main\mockito-core\src\test\java\org\mockitousage\stubbing\StubbingWithAdditionalAnswersTest.java,StubbingWithAdditionalAnswersTest.java,StubbingWithAdditionalAnswersTest,returns_arg_at_throws_on_out_of_range_array_var_args,1,0,void,public,true,false,true,true
C:\Users\simon\Documents\Code\thesis-code\mockito-main\mockito-core\src\test\java\org\mockitousage\stubbing\StubbingWithAdditionalAnswersTest.java,StubbingWithAdditionalAnswersTest.java,StubbingWithAdditionalAnswersTest,can_return_after_delay,7,0,void,public,true,false,true,true
C:\Users\simon\Documents\Code\thesis-code\mockito-main\mockito-core\src\test\java\org\mockitousage\stubbing\StubbingWithAdditionalAnswersTest.java,StubbingWithAdditionalAnswersTest.java,StubbingWithAdditionalAnswersTest,can_return_expanded_arguments_of_invocation,2,0,void,public,true,false,true,true
C:\Users\simon\Documents\Code\thesis-code\mockito-main\mockito-core\src\test\java\org\mockitousage\stubbing\StubbingWithAdditionalAnswersTest.java,StubbingWithAdditionalAnswersTest.java,StubbingWithAdditionalAnswersTest,can_return_primitives_or_wrappers,6,0,void,public,true,false,true,true
C:\Users\simon\Documents\Code\thesis-code\mockito-main\mockito-core\src\test\java\org\mockitousage\stubbing\StubbingWithAdditionalAnswersTest.java,StubbingWithAdditionalAnswersTest.java,StubbingWithAdditionalAnswersTest,can_return_based_on_strongly_types_one_parameter_function,2,0,void,public,true,false,true,true
C:\Users\simon\Documents\Code\thesis-code\mockito-main\mockito-core\src\test\java\org\mockitousage\stubbing\StubbingWithAdditionalAnswersTest.java,StubbingWithAdditionalAnswersTest.java,StubbingWithAdditionalAnswersTest,answer,1,1,String,public,false,false,true,true
C:\Users\simon\Documents\Code\thesis-code\mockito-main\mockito-core\src\test\java\org\mockitousage\stubbing\StubbingWithAdditionalAnswersTest.java,StubbingWithAdditionalAnswersTest.java,StubbingWithAdditionalAnswersTest,will_execute_a_void_based_on_strongly_typed_one_parameter_function,4,0,void,public,true,false,true,true
C:\Users\simon\Documents\Code\thesis-code\mockito-main\mockito-core\src\test\java\org\mockitousage\stubbing\StubbingWithAdditionalAnswersTest.java,StubbingWithAdditionalAnswersTest.java,StubbingWithAdditionalAnswersTest,answer,1,1,void,public,false,false,true,true
C:\Users\simon\Documents\Code\thesis-code\mockito-main\mockito-core\src\test\java\org\mockitousage\stubbing\StubbingWithAdditionalAnswersTest.java,StubbingWithAdditionalAnswersTest.java,StubbingWithAdditionalAnswersTest,can_return_based_on_strongly_typed_two_parameter_function,2,0,void,public,true,false,true,true
C:\Users\simon\Documents\Code\thesis-code\mockito-main\mockito-core\src\test\java\org\mockitousage\stubbing\StubbingWithAdditionalAnswersTest.java,StubbingWithAdditionalAnswersTest.java,StubbingWithAdditionalAnswersTest,answer,1,2,String,public,false,false,true,true
C:\Users\simon\Documents\Code\thesis-code\mockito-main\mockito-core\src\test\java\org\mockitousage\stubbing\StubbingWithAdditionalAnswersTest.java,StubbingWithAdditionalAnswersTest.java,StubbingWithAdditionalAnswersTest,will_execute_a_void_based_on_strongly_typed_two_parameter_function,4,0,void,public,true,false,true,true
C:\Users\simon\Documents\Code\thesis-code\mockito-main\mockito-core\src\test\java\org\mockitousage\stubbing\StubbingWithAdditionalAnswersTest.java,StubbingWithAdditionalAnswersTest.java,StubbingWithAdditionalAnswersTest,answer,1,2,void,public,false,false,true,true
C:\Users\simon\Documents\Code\thesis-code\mockito-main\mockito-core\src\test\java\org\mockitousage\stubbing\StubbingWithAdditionalAnswersTest.java,StubbingWithAdditionalAnswersTest.java,StubbingWithAdditionalAnswersTest,can_return_based_on_strongly_typed_three_parameter_function,4,0,void,public,true,false,true,true
C:\Users\simon\Documents\Code\thesis-code\mockito-main\mockito-core\src\test\java\org\mockitousage\stubbing\StubbingWithAdditionalAnswersTest.java,StubbingWithAdditionalAnswersTest.java,StubbingWithAdditionalAnswersTest,answer,2,3,String,public,false,false,true,true
C:\Users\simon\Documents\Code\thesis-code\mockito-main\mockito-core\src\test\java\org\mockitousage\stubbing\StubbingWithAdditionalAnswersTest.java,StubbingWithAdditionalAnswersTest.java,StubbingWithAdditionalAnswersTest,will_execute_a_void_based_on_strongly_typed_three_parameter_function,4,0,void,public,true,false,true,true
C:\Users\simon\Documents\Code\thesis-code\mockito-main\mockito-core\src\test\java\org\mockitousage\stubbing\StubbingWithAdditionalAnswersTest.java,StubbingWithAdditionalAnswersTest.java,StubbingWithAdditionalAnswersTest,answer,1,3,void,public,false,false,true,true
C:\Users\simon\Documents\Code\thesis-code\mockito-main\mockito-core\src\test\java\org\mockitousage\stubbing\StubbingWithAdditionalAnswersTest.java,StubbingWithAdditionalAnswersTest.java,StubbingWithAdditionalAnswersTest,can_return_based_on_strongly_typed_four_parameter_function,5,0,void,public,true,false,true,true
C:\Users\simon\Documents\Code\thesis-code\mockito-main\mockito-core\src\test\java\org\mockitousage\stubbing\StubbingWithAdditionalAnswersTest.java,StubbingWithAdditionalAnswersTest.java,StubbingWithAdditionalAnswersTest,answer,2,4,String,public,false,false,true,true
C:\Users\simon\Documents\Code\thesis-code\mockito-main\mockito-core\src\test\java\org\mockitousage\stubbing\StubbingWithAdditionalAnswersTest.java,StubbingWithAdditionalAnswersTest.java,StubbingWithAdditionalAnswersTest,will_execute_a_void_based_on_strongly_typed_four_parameter_function,5,0,void,public,true,false,true,true
C:\Users\simon\Documents\Code\thesis-code\mockito-main\mockito-core\src\test\java\org\mockitousage\stubbing\StubbingWithAdditionalAnswersTest.java,StubbingWithAdditionalAnswersTest.java,StubbingWithAdditionalAnswersTest,answer,1,4,void,public,false,false,true,true
C:\Users\simon\Documents\Code\thesis-code\mockito-main\mockito-core\src\test\java\org\mockitousage\stubbing\StubbingWithAdditionalAnswersTest.java,StubbingWithAdditionalAnswersTest.java,StubbingWithAdditionalAnswersTest,can_return_based_on_strongly_typed_five_parameter_function,4,0,void,public,true,false,true,true
C:\Users\simon\Documents\Code\thesis-code\mockito-main\mockito-core\src\test\java\org\mockitousage\stubbing\StubbingWithAdditionalAnswersTest.java,StubbingWithAdditionalAnswersTest.java,StubbingWithAdditionalAnswersTest,answer,2,5,String,public,false,false,true,true
C:\Users\simon\Documents\Code\thesis-code\mockito-main\mockito-core\src\test\java\org\mockitousage\stubbing\StubbingWithAdditionalAnswersTest.java,StubbingWithAdditionalAnswersTest.java,StubbingWithAdditionalAnswersTest,will_execute_a_void_based_on_strongly_typed_five_parameter_function,4,0,void,public,true,false,true,true
C:\Users\simon\Documents\Code\thesis-code\mockito-main\mockito-core\src\test\java\org\mockitousage\stubbing\StubbingWithAdditionalAnswersTest.java,StubbingWithAdditionalAnswersTest.java,StubbingWithAdditionalAnswersTest,answer,1,5,void,public,false,false,true,true
C:\Users\simon\Documents\Code\thesis-code\mockito-main\mockito-core\src\test\java\org\mockitousage\stubbing\StubbingWithAdditionalAnswersTest.java,StubbingWithAdditionalAnswersTest.java,StubbingWithAdditionalAnswersTest,can_return_based_on_strongly_typed_six_parameter_function,4,0,void,public,true,false,true,true
C:\Users\simon\Documents\Code\thesis-code\mockito-main\mockito-core\src\test\java\org\mockitousage\stubbing\StubbingWithAdditionalAnswersTest.java,StubbingWithAdditionalAnswersTest.java,StubbingWithAdditionalAnswersTest,answer,2,6,String,public,false,false,true,true
C:\Users\simon\Documents\Code\thesis-code\mockito-main\mockito-core\src\test\java\org\mockitousage\stubbing\StubbingWithAdditionalAnswersTest.java,StubbingWithAdditionalAnswersTest.java,StubbingWithAdditionalAnswersTest,will_execute_a_void_returning_strongly_typed_six_parameter_function,4,0,void,public,true,false,true,true
C:\Users\simon\Documents\Code\thesis-code\mockito-main\mockito-core\src\test\java\org\mockitousage\stubbing\StubbingWithAdditionalAnswersTest.java,StubbingWithAdditionalAnswersTest.java,StubbingWithAdditionalAnswersTest,answer,1,6,void,public,false,false,true,true
C:\Users\simon\Documents\Code\thesis-code\mockito-main\mockito-core\src\test\java\org\mockitousage\stubbing\StubbingWithAdditionalAnswersTest.java,StubbingWithAdditionalAnswersTest.java,StubbingWithAdditionalAnswersTest,can_return_based_on_strongly_types_one_parameter_var_args_function,2,0,void,public,true,false,true,true
C:\Users\simon\Documents\Code\thesis-code\mockito-main\mockito-core\src\test\java\org\mockitousage\stubbing\StubbingWithAdditionalAnswersTest.java,StubbingWithAdditionalAnswersTest.java,StubbingWithAdditionalAnswersTest,answer,1,1,Integer,public,false,false,true,true
C:\Users\simon\Documents\Code\thesis-code\mockito-main\mockito-core\src\test\java\org\mockitousage\stubbing\StubbingWithAdditionalAnswersTest.java,StubbingWithAdditionalAnswersTest.java,StubbingWithAdditionalAnswersTest,will_execute_a_void_based_on_strongly_typed_one_parameter_var_args_function,4,0,void,public,true,false,true,true
C:\Users\simon\Documents\Code\thesis-code\mockito-main\mockito-core\src\test\java\org\mockitousage\stubbing\StubbingWithAdditionalAnswersTest.java,StubbingWithAdditionalAnswersTest.java,StubbingWithAdditionalAnswersTest,answer,1,1,void,public,false,false,true,true
C:\Users\simon\Documents\Code\thesis-code\mockito-main\mockito-core\src\test\java\org\mockitousage\stubbing\StubbingWithAdditionalAnswersTest.java,StubbingWithAdditionalAnswersTest.java,StubbingWithAdditionalAnswersTest,can_return_based_on_strongly_typed_two_parameter_var_args_function,2,0,void,public,true,false,true,true
C:\Users\simon\Documents\Code\thesis-code\mockito-main\mockito-core\src\test\java\org\mockitousage\stubbing\StubbingWithAdditionalAnswersTest.java,StubbingWithAdditionalAnswersTest.java,StubbingWithAdditionalAnswersTest,answer,1,2,String,public,false,false,true,true
C:\Users\simon\Documents\Code\thesis-code\mockito-main\mockito-core\src\test\java\org\mockitousage\stubbing\StubbingWithAdditionalAnswersTest.java,StubbingWithAdditionalAnswersTest.java,StubbingWithAdditionalAnswersTest,will_execute_a_void_based_on_strongly_typed_two_parameter_var_args_function,4,0,void,public,true,false,true,true
C:\Users\simon\Documents\Code\thesis-code\mockito-main\mockito-core\src\test\java\org\mockitousage\stubbing\StubbingWithAdditionalAnswersTest.java,StubbingWithAdditionalAnswersTest.java,StubbingWithAdditionalAnswersTest,answer,1,2,void,public,false,false,true,true
C:\Users\simon\Documents\Code\thesis-code\mockito-main\mockito-core\src\test\java\org\mockitousage\stubbing\StubbingWithAdditionalAnswersTest.java,StubbingWithAdditionalAnswersTest.java,StubbingWithAdditionalAnswersTest,can_return_based_on_strongly_typed_three_parameter_var_args_function,4,0,void,public,true,false,true,true
C:\Users\simon\Documents\Code\thesis-code\mockito-main\mockito-core\src\test\java\org\mockitousage\stubbing\StubbingWithAdditionalAnswersTest.java,StubbingWithAdditionalAnswersTest.java,StubbingWithAdditionalAnswersTest,answer,2,3,String,public,false,false,true,true
C:\Users\simon\Documents\Code\thesis-code\mockito-main\mockito-core\src\test\java\org\mockitousage\stubbing\StubbingWithAdditionalAnswersTest.java,StubbingWithAdditionalAnswersTest.java,StubbingWithAdditionalAnswersTest,will_execute_a_void_based_on_strongly_typed_three_parameter_var_args_function,4,0,void,public,true,false,true,true
C:\Users\simon\Documents\Code\thesis-code\mockito-main\mockito-core\src\test\java\org\mockitousage\stubbing\StubbingWithAdditionalAnswersTest.java,StubbingWithAdditionalAnswersTest.java,StubbingWithAdditionalAnswersTest,answer,1,3,void,public,false,false,true,true
C:\Users\simon\Documents\Code\thesis-code\mockito-main\mockito-core\src\test\java\org\mockitousage\stubbing\StubbingWithAdditionalAnswersTest.java,StubbingWithAdditionalAnswersTest.java,StubbingWithAdditionalAnswersTest,can_return_based_on_strongly_typed_four_parameter_var_args_function,5,0,void,public,true,false,true,true
C:\Users\simon\Documents\Code\thesis-code\mockito-main\mockito-core\src\test\java\org\mockitousage\stubbing\StubbingWithAdditionalAnswersTest.java,StubbingWithAdditionalAnswersTest.java,StubbingWithAdditionalAnswersTest,answer,2,4,String,public,false,false,true,true
C:\Users\simon\Documents\Code\thesis-code\mockito-main\mockito-core\src\test\java\org\mockitousage\stubbing\StubbingWithAdditionalAnswersTest.java,StubbingWithAdditionalAnswersTest.java,StubbingWithAdditionalAnswersTest,will_execute_a_void_based_on_strongly_typed_four_parameter_var_args_function,4,0,void,public,true,false,true,true
C:\Users\simon\Documents\Code\thesis-code\mockito-main\mockito-core\src\test\java\org\mockitousage\stubbing\StubbingWithAdditionalAnswersTest.java,StubbingWithAdditionalAnswersTest.java,StubbingWithAdditionalAnswersTest,answer,1,4,void,public,false,false,true,true
C:\Users\simon\Documents\Code\thesis-code\mockito-main\mockito-core\src\test\java\org\mockitousage\stubbing\StubbingWithAdditionalAnswersTest.java,StubbingWithAdditionalAnswersTest.java,StubbingWithAdditionalAnswersTest,can_return_based_on_strongly_typed_five_parameter_var_args_function,4,0,void,public,true,false,true,true
C:\Users\simon\Documents\Code\thesis-code\mockito-main\mockito-core\src\test\java\org\mockitousage\stubbing\StubbingWithAdditionalAnswersTest.java,StubbingWithAdditionalAnswersTest.java,StubbingWithAdditionalAnswersTest,answer,2,5,String,public,false,false,true,true
C:\Users\simon\Documents\Code\thesis-code\mockito-main\mockito-core\src\test\java\org\mockitousage\stubbing\StubbingWithAdditionalAnswersTest.java,StubbingWithAdditionalAnswersTest.java,StubbingWithAdditionalAnswersTest,will_execute_a_void_based_on_strongly_typed_five_parameter_var_args_function,4,0,void,public,true,false,true,true
C:\Users\simon\Documents\Code\thesis-code\mockito-main\mockito-core\src\test\java\org\mockitousage\stubbing\StubbingWithAdditionalAnswersTest.java,StubbingWithAdditionalAnswersTest.java,StubbingWithAdditionalAnswersTest,answer,1,5,void,public,false,false,true,true
C:\Users\simon\Documents\Code\thesis-code\mockito-main\mockito-core\src\test\java\org\mockitousage\stubbing\StubbingWithAdditionalAnswersTest.java,StubbingWithAdditionalAnswersTest.java,StubbingWithAdditionalAnswersTest,can_return_based_on_strongly_typed_six_parameter_var_args_function,4,0,void,public,true,false,true,true
C:\Users\simon\Documents\Code\thesis-code\mockito-main\mockito-core\src\test\java\org\mockitousage\stubbing\StubbingWithAdditionalAnswersTest.java,StubbingWithAdditionalAnswersTest.java,StubbingWithAdditionalAnswersTest,answer,2,6,String,public,false,false,true,true
C:\Users\simon\Documents\Code\thesis-code\mockito-main\mockito-core\src\test\java\org\mockitousage\stubbing\StubbingWithAdditionalAnswersTest.java,StubbingWithAdditionalAnswersTest.java,StubbingWithAdditionalAnswersTest,will_execute_a_void_returning_strongly_typed_six_parameter_var_args_function,4,0,void,public,true,false,true,true
C:\Users\simon\Documents\Code\thesis-code\mockito-main\mockito-core\src\test\java\org\mockitousage\stubbing\StubbingWithAdditionalAnswersTest.java,StubbingWithAdditionalAnswersTest.java,StubbingWithAdditionalAnswersTest,answer,1,6,void,public,false,false,true,true
C:\Users\simon\Documents\Code\thesis-code\mockito-main\mockito-core\src\test\java\org\mockitousage\stubbing\StubbingWithAdditionalAnswersTest.java,StubbingWithAdditionalAnswersTest.java,StubbingWithAdditionalAnswersTest,can_accept_array_supertype_for_strongly_typed_var_args_function,2,0,void,public,true,false,true,true
C:\Users\simon\Documents\Code\thesis-code\mockito-main\mockito-core\src\test\java\org\mockitousage\stubbing\StubbingWithAdditionalAnswersTest.java,StubbingWithAdditionalAnswersTest.java,StubbingWithAdditionalAnswersTest,answer,1,1,Integer,public,false,false,true,true
C:\Users\simon\Documents\Code\thesis-code\mockito-main\mockito-core\src\test\java\org\mockitousage\stubbing\StubbingWithAdditionalAnswersTest.java,StubbingWithAdditionalAnswersTest.java,StubbingWithAdditionalAnswersTest,can_accept_non_vararg_answer_on_var_args_function,2,0,void,public,true,false,true,true
C:\Users\simon\Documents\Code\thesis-code\mockito-main\mockito-core\src\test\java\org\mockitousage\stubbing\StubbingWithAdditionalAnswersTest.java,StubbingWithAdditionalAnswersTest.java,StubbingWithAdditionalAnswersTest,answer,1,2,Integer,public,false,false,true,true
C:\Users\simon\Documents\Code\thesis-code\mockito-main\mockito-core\src\test\java\org\mockitousage\stubbing\StubbingWithAdditionalAnswersTest.java,StubbingWithAdditionalAnswersTest.java,StubbingWithAdditionalAnswersTest,should_work_with_var_args_with_no_elements,2,0,void,public,true,false,true,true
C:\Users\simon\Documents\Code\thesis-code\mockito-main\mockito-core\src\test\java\org\mockitousage\stubbing\StubbingWithAdditionalAnswersTest.java,StubbingWithAdditionalAnswersTest.java,StubbingWithAdditionalAnswersTest,answer,1,1,Integer,public,false,false,true,true
C:\Users\simon\Documents\Code\thesis-code\mockito-main\mockito-core\src\test\java\org\mockitousage\stubbing\StubbingWithAdditionalAnswersTest.java,StubbingWithAdditionalAnswersTest.java,StubbingWithAdditionalAnswersTest,should_work_with_array_var_args,3,0,void,public,true,false,true,true
C:\Users\simon\Documents\Code\thesis-code\mockito-main\mockito-core\src\test\java\org\mockitousage\stubbing\StubbingWithAdditionalAnswersTest.java,StubbingWithAdditionalAnswersTest.java,StubbingWithAdditionalAnswersTest,answer,1,1,Integer,public,false,false,true,true
C:\Users\simon\Documents\Code\thesis-code\mockito-main\mockito-core\src\test\java\org\mockitousage\stubbing\StubbingWithBadThrowablesTest.java,StubbingWithBadThrowablesTest.java,UninstantiableException,handles_bad_exception,2,0,void,public,true,false,true,false
C:\Users\simon\Documents\Code\thesis-code\mockito-main\mockito-core\src\test\java\org\mockitousage\stubbing\StubbingWithBadThrowablesTest.java,StubbingWithBadThrowablesTest.java,UninstantiableException,call,1,0,void,public,false,false,true,false
C:\Users\simon\Documents\Code\thesis-code\mockito-main\mockito-core\src\test\java\org\mockitousage\stubbing\StubbingWithCustomAnswerTest.java,StubbingWithCustomAnswerTest.java,RecordCall,shouldAnswer,2,0,void,public,true,false,true,false
C:\Users\simon\Documents\Code\thesis-code\mockito-main\mockito-core\src\test\java\org\mockitousage\stubbing\StubbingWithCustomAnswerTest.java,StubbingWithCustomAnswerTest.java,RecordCall,answer,2,1,String,public,false,false,true,false
C:\Users\simon\Documents\Code\thesis-code\mockito-main\mockito-core\src\test\java\org\mockitousage\stubbing\StubbingWithCustomAnswerTest.java,StubbingWithCustomAnswerTest.java,RecordCall,shouldAnswerWithThenAnswerAlias,4,0,void,public,true,false,true,false
C:\Users\simon\Documents\Code\thesis-code\mockito-main\mockito-core\src\test\java\org\mockitousage\stubbing\StubbingWithCustomAnswerTest.java,StubbingWithCustomAnswerTest.java,RecordCall,shouldAnswerConsecutively,5,0,void,public,true,false,true,false
C:\Users\simon\Documents\Code\thesis-code\mockito-main\mockito-core\src\test\java\org\mockitousage\stubbing\StubbingWithCustomAnswerTest.java,StubbingWithCustomAnswerTest.java,RecordCall,answer,1,1,String,public,false,false,true,false
C:\Users\simon\Documents\Code\thesis-code\mockito-main\mockito-core\src\test\java\org\mockitousage\stubbing\StubbingWithCustomAnswerTest.java,StubbingWithCustomAnswerTest.java,RecordCall,answer,1,1,String,public,false,false,true,false
C:\Users\simon\Documents\Code\thesis-code\mockito-main\mockito-core\src\test\java\org\mockitousage\stubbing\StubbingWithCustomAnswerTest.java,StubbingWithCustomAnswerTest.java,RecordCall,shouldAnswerVoidMethod,4,0,void,public,true,false,true,false
C:\Users\simon\Documents\Code\thesis-code\mockito-main\mockito-core\src\test\java\org\mockitousage\stubbing\StubbingWithCustomAnswerTest.java,StubbingWithCustomAnswerTest.java,RecordCall,shouldAnswerVoidMethodConsecutively,9,0,void,public,true,false,true,false
C:\Users\simon\Documents\Code\thesis-code\mockito-main\mockito-core\src\test\java\org\mockitousage\stubbing\StubbingWithCustomAnswerTest.java,StubbingWithCustomAnswerTest.java,RecordCall,shouldMakeSureTheInterfaceDoesNotChange,2,0,void,public,true,false,true,false
C:\Users\simon\Documents\Code\thesis-code\mockito-main\mockito-core\src\test\java\org\mockitousage\stubbing\StubbingWithCustomAnswerTest.java,StubbingWithCustomAnswerTest.java,RecordCall,answer,3,1,String,public,false,false,true,false
C:\Users\simon\Documents\Code\thesis-code\mockito-main\mockito-core\src\test\java\org\mockitousage\stubbing\StubbingWithCustomAnswerTest.java,StubbingWithCustomAnswerTest.java,RecordCall,isCalled,1,0,boolean,public,false,false,true,false
C:\Users\simon\Documents\Code\thesis-code\mockito-main\mockito-core\src\test\java\org\mockitousage\stubbing\StubbingWithCustomAnswerTest.java,StubbingWithCustomAnswerTest.java,RecordCall,answer,2,1,Object,public,false,false,true,false
C:\Users\simon\Documents\Code\thesis-code\mockito-main\mockito-core\src\test\java\org\mockitousage\stubbing\StubbingWithDelegateTest.java,StubbingWithDelegateTest.java,Foo,get,1,1,T,public,false,false,true,false
C:\Users\simon\Documents\Code\thesis-code\mockito-main\mockito-core\src\test\java\org\mockitousage\stubbing\StubbingWithDelegateTest.java,StubbingWithDelegateTest.java,Foo,set,2,2,T,public,false,false,true,false
C:\Users\simon\Documents\Code\thesis-code\mockito-main\mockito-core\src\test\java\org\mockitousage\stubbing\StubbingWithDelegateTest.java,StubbingWithDelegateTest.java,Foo,size,1,0,int,public,false,false,true,false
C:\Users\simon\Documents\Code\thesis-code\mockito-main\mockito-core\src\test\java\org\mockitousage\stubbing\StubbingWithDelegateTest.java,StubbingWithDelegateTest.java,Foo,subList,1,2,ArrayList<T>,public,false,false,true,false
C:\Users\simon\Documents\Code\thesis-code\mockito-main\mockito-core\src\test\java\org\mockitousage\stubbing\StubbingWithDelegateTest.java,StubbingWithDelegateTest.java,Foo,size,1,0,double,public,false,false,true,false
C:\Users\simon\Documents\Code\thesis-code\mockito-main\mockito-core\src\test\java\org\mockitousage\stubbing\StubbingWithDelegateTest.java,StubbingWithDelegateTest.java,Foo,subList,1,2,Collection<T>,public,false,false,true,false
C:\Users\simon\Documents\Code\thesis-code\mockito-main\mockito-core\src\test\java\org\mockitousage\stubbing\StubbingWithDelegateTest.java,StubbingWithDelegateTest.java,Foo,when_not_stubbed_delegate_should_be_called,5,0,void,public,true,false,true,false
C:\Users\simon\Documents\Code\thesis-code\mockito-main\mockito-core\src\test\java\org\mockitousage\stubbing\StubbingWithDelegateTest.java,StubbingWithDelegateTest.java,Foo,when_stubbed_the_delegate_should_not_be_called,7,0,void,public,true,false,true,false
C:\Users\simon\Documents\Code\thesis-code\mockito-main\mockito-core\src\test\java\org\mockitousage\stubbing\StubbingWithDelegateTest.java,StubbingWithDelegateTest.java,Foo,delegate_should_not_be_called_when_stubbed2,7,0,void,public,true,false,true,false
C:\Users\simon\Documents\Code\thesis-code\mockito-main\mockito-core\src\test\java\org\mockitousage\stubbing\StubbingWithDelegateTest.java,StubbingWithDelegateTest.java,Foo,null_wrapper_dont_throw_exception_from_org_mockito_package,2,0,void,public,true,false,true,false
C:\Users\simon\Documents\Code\thesis-code\mockito-main\mockito-core\src\test\java\org\mockitousage\stubbing\StubbingWithDelegateTest.java,StubbingWithDelegateTest.java,Foo,instance_of_different_class_can_be_called,3,0,void,public,true,false,true,false
C:\Users\simon\Documents\Code\thesis-code\mockito-main\mockito-core\src\test\java\org\mockitousage\stubbing\StubbingWithDelegateTest.java,StubbingWithDelegateTest.java,Foo,method_with_subtype_return_can_be_called,3,0,void,public,true,false,true,false
C:\Users\simon\Documents\Code\thesis-code\mockito-main\mockito-core\src\test\java\org\mockitousage\stubbing\StubbingWithDelegateTest.java,StubbingWithDelegateTest.java,Foo,calling_missing_method_should_throw_exception,2,0,void,public,true,false,true,false
C:\Users\simon\Documents\Code\thesis-code\mockito-main\mockito-core\src\test\java\org\mockitousage\stubbing\StubbingWithDelegateTest.java,StubbingWithDelegateTest.java,Foo,calling_method_with_wrong_primitive_return_should_throw_exception,2,0,void,public,true,false,true,false
C:\Users\simon\Documents\Code\thesis-code\mockito-main\mockito-core\src\test\java\org\mockitousage\stubbing\StubbingWithDelegateTest.java,StubbingWithDelegateTest.java,Foo,calling_method_with_wrong_reference_return_should_throw_exception,2,0,void,public,true,false,true,false
C:\Users\simon\Documents\Code\thesis-code\mockito-main\mockito-core\src\test\java\org\mockitousage\stubbing\StubbingWithDelegateTest.java,StubbingWithDelegateTest.java,Foo,exception_should_be_propagated_from_delegate,3,0,void,public,true,false,true,false
C:\Users\simon\Documents\Code\thesis-code\mockito-main\mockito-core\src\test\java\org\mockitousage\stubbing\StubbingWithDelegateTest.java,StubbingWithDelegateTest.java,Foo,simpleMethod,1,0,String,public,false,false,true,false
C:\Users\simon\Documents\Code\thesis-code\mockito-main\mockito-core\src\test\java\org\mockitousage\stubbing\StubbingWithDelegateTest.java,StubbingWithDelegateTest.java,Foo,bar,0,0,int,,false,false,true,false
C:\Users\simon\Documents\Code\thesis-code\mockito-main\mockito-core\src\test\java\org\mockitousage\stubbing\StubbingWithDelegateTest.java,StubbingWithDelegateTest.java,Foo,should_call_anonymous_class_method,4,0,void,public,true,false,true,false
C:\Users\simon\Documents\Code\thesis-code\mockito-main\mockito-core\src\test\java\org\mockitousage\stubbing\StubbingWithDelegateTest.java,StubbingWithDelegateTest.java,Foo,bar,1,0,int,public,false,false,true,false
C:\Users\simon\Documents\Code\thesis-code\mockito-main\mockito-core\src\test\java\org\mockitousage\stubbing\StubbingWithDelegateVarArgsTest.java,StubbingWithDelegateVarArgsTest.java,FooImpl,bar,0,2,int,,false,false,true,false
C:\Users\simon\Documents\Code\thesis-code\mockito-main\mockito-core\src\test\java\org\mockitousage\stubbing\StubbingWithDelegateVarArgsTest.java,StubbingWithDelegateVarArgsTest.java,FooImpl,bar,1,2,int,public,false,false,true,false
C:\Users\simon\Documents\Code\thesis-code\mockito-main\mockito-core\src\test\java\org\mockitousage\stubbing\StubbingWithDelegateVarArgsTest.java,StubbingWithDelegateVarArgsTest.java,FooImpl,should_not_fail_when_calling_varargs_method,2,0,void,public,true,false,true,false
C:\Users\simon\Documents\Code\thesis-code\mockito-main\mockito-core\src\test\java\org\mockitousage\stubbing\StubbingWithDelegateVarArgsTest.java,StubbingWithDelegateVarArgsTest.java,FooImpl,should_not_fail_when_calling_varargs_method_without_arguments,3,0,void,public,true,false,true,false
C:\Users\simon\Documents\Code\thesis-code\mockito-main\mockito-core\src\test\java\org\mockitousage\stubbing\StubbingWithDelegateVarArgsTest.java,StubbingWithDelegateVarArgsTest.java,FooImpl,should_not_fail_when_calling_varargs_method_with_null_argument,2,0,void,public,true,false,true,false
C:\Users\simon\Documents\Code\thesis-code\mockito-main\mockito-core\src\test\java\org\mockitousage\stubbing\StubbingWithExtraAnswersTest.java,StubbingWithExtraAnswersTest.java,StubbingWithExtraAnswersTest,shouldWorkAsStandardMockito,7,0,void,public,true,false,true,true
C:\Users\simon\Documents\Code\thesis-code\mockito-main\mockito-core\src\test\java\org\mockitousage\stubbing\StubbingWithExtraAnswersTest.java,StubbingWithExtraAnswersTest.java,StubbingWithExtraAnswersTest,shouldReturnNullIfNecessary,5,0,void,public,true,false,true,true
C:\Users\simon\Documents\Code\thesis-code\mockito-main\mockito-core\src\test\java\org\mockitousage\stubbing\StubbingWithExtraAnswersTest.java,StubbingWithExtraAnswersTest.java,StubbingWithExtraAnswersTest,shouldScreamWhenNullPassed,1,0,void,public,true,false,true,true
C:\Users\simon\Documents\Code\thesis-code\mockito-main\mockito-core\src\test\java\org\mockitousage\stubbing\StubbingWithThrowablesTest.java,StubbingWithThrowablesTest.java,NaughtyException,setup,2,0,void,public,false,false,true,false
C:\Users\simon\Documents\Code\thesis-code\mockito-main\mockito-core\src\test\java\org\mockitousage\stubbing\StubbingWithThrowablesTest.java,StubbingWithThrowablesTest.java,NaughtyException,throws_same_exception_consecutively,4,0,void,public,true,false,true,false
C:\Users\simon\Documents\Code\thesis-code\mockito-main\mockito-core\src\test\java\org\mockitousage\stubbing\StubbingWithThrowablesTest.java,StubbingWithThrowablesTest.java,NaughtyException,throws_same_exception_consecutively_with_doThrow,4,0,void,public,true,false,true,false
C:\Users\simon\Documents\Code\thesis-code\mockito-main\mockito-core\src\test\java\org\mockitousage\stubbing\StubbingWithThrowablesTest.java,StubbingWithThrowablesTest.java,NaughtyException,throws_new_exception_consecutively_from_class,4,0,void,public,true,false,true,false
C:\Users\simon\Documents\Code\thesis-code\mockito-main\mockito-core\src\test\java\org\mockitousage\stubbing\StubbingWithThrowablesTest.java,StubbingWithThrowablesTest.java,NaughtyException,throws_new_exception_consecutively_from_class_with_doThrow,4,0,void,public,true,false,true,false
C:\Users\simon\Documents\Code\thesis-code\mockito-main\mockito-core\src\test\java\org\mockitousage\stubbing\StubbingWithThrowablesTest.java,StubbingWithThrowablesTest.java,NaughtyException,shouldStubWithThrowable,3,0,void,public,true,false,true,false
C:\Users\simon\Documents\Code\thesis-code\mockito-main\mockito-core\src\test\java\org\mockitousage\stubbing\StubbingWithThrowablesTest.java,StubbingWithThrowablesTest.java,NaughtyException,shouldSetThrowableToVoidMethod,3,0,void,public,true,false,true,false
C:\Users\simon\Documents\Code\thesis-code\mockito-main\mockito-core\src\test\java\org\mockitousage\stubbing\StubbingWithThrowablesTest.java,StubbingWithThrowablesTest.java,NaughtyException,shouldLastStubbingVoidBeImportant,3,0,void,public,true,false,true,false
C:\Users\simon\Documents\Code\thesis-code\mockito-main\mockito-core\src\test\java\org\mockitousage\stubbing\StubbingWithThrowablesTest.java,StubbingWithThrowablesTest.java,NaughtyException,shouldFailStubbingThrowableOnTheSameInvocationDueToAcceptableLimitation,2,0,void,public,true,false,true,false
C:\Users\simon\Documents\Code\thesis-code\mockito-main\mockito-core\src\test\java\org\mockitousage\stubbing\StubbingWithThrowablesTest.java,StubbingWithThrowablesTest.java,NaughtyException,shouldAllowSettingCheckedException,4,0,void,public,true,false,true,false
C:\Users\simon\Documents\Code\thesis-code\mockito-main\mockito-core\src\test\java\org\mockitousage\stubbing\StubbingWithThrowablesTest.java,StubbingWithThrowablesTest.java,NaughtyException,shouldAllowSettingError,3,0,void,public,true,false,true,false
C:\Users\simon\Documents\Code\thesis-code\mockito-main\mockito-core\src\test\java\org\mockitousage\stubbing\StubbingWithThrowablesTest.java,StubbingWithThrowablesTest.java,NaughtyException,shouldNotAllowNullExceptionType,1,0,void,public,true,false,true,false
C:\Users\simon\Documents\Code\thesis-code\mockito-main\mockito-core\src\test\java\org\mockitousage\stubbing\StubbingWithThrowablesTest.java,StubbingWithThrowablesTest.java,NaughtyException,shouldInstantiateExceptionClassOnInteraction,2,0,void,public,true,false,true,false
C:\Users\simon\Documents\Code\thesis-code\mockito-main\mockito-core\src\test\java\org\mockitousage\stubbing\StubbingWithThrowablesTest.java,StubbingWithThrowablesTest.java,NaughtyException,shouldInstantiateExceptionClassWithOngoingStubbingOnInteraction,2,0,void,public,true,false,true,false
C:\Users\simon\Documents\Code\thesis-code\mockito-main\mockito-core\src\test\java\org\mockitousage\stubbing\StubbingWithThrowablesTest.java,StubbingWithThrowablesTest.java,NaughtyException,shouldNotAllowSettingInvalidCheckedException,1,0,void,public,true,false,true,false
C:\Users\simon\Documents\Code\thesis-code\mockito-main\mockito-core\src\test\java\org\mockitousage\stubbing\StubbingWithThrowablesTest.java,StubbingWithThrowablesTest.java,NaughtyException,shouldNotAllowSettingNullThrowable,1,0,void,public,true,false,true,false
C:\Users\simon\Documents\Code\thesis-code\mockito-main\mockito-core\src\test\java\org\mockitousage\stubbing\StubbingWithThrowablesTest.java,StubbingWithThrowablesTest.java,NaughtyException,shouldNotAllowSettingNullThrowableArray,1,0,void,public,true,false,true,false
C:\Users\simon\Documents\Code\thesis-code\mockito-main\mockito-core\src\test\java\org\mockitousage\stubbing\StubbingWithThrowablesTest.java,StubbingWithThrowablesTest.java,NaughtyException,assertExceptionTypeCanNotBeNull,1,1,void,private,false,false,true,false
C:\Users\simon\Documents\Code\thesis-code\mockito-main\mockito-core\src\test\java\org\mockitousage\stubbing\StubbingWithThrowablesTest.java,StubbingWithThrowablesTest.java,NaughtyException,shouldNotAllowSettingNullThrowableClass,1,0,void,public,true,false,true,false
C:\Users\simon\Documents\Code\thesis-code\mockito-main\mockito-core\src\test\java\org\mockitousage\stubbing\StubbingWithThrowablesTest.java,StubbingWithThrowablesTest.java,NaughtyException,shouldNotAllowSettingNullThrowableClasses,1,0,void,public,true,false,true,false
C:\Users\simon\Documents\Code\thesis-code\mockito-main\mockito-core\src\test\java\org\mockitousage\stubbing\StubbingWithThrowablesTest.java,StubbingWithThrowablesTest.java,NaughtyException,shouldNotAllowSettingNullVarArgThrowableClass,1,0,void,public,true,false,true,false
C:\Users\simon\Documents\Code\thesis-code\mockito-main\mockito-core\src\test\java\org\mockitousage\stubbing\StubbingWithThrowablesTest.java,StubbingWithThrowablesTest.java,NaughtyException,doThrowShouldNotAllowSettingNullThrowableClass,1,0,void,public,true,false,true,false
C:\Users\simon\Documents\Code\thesis-code\mockito-main\mockito-core\src\test\java\org\mockitousage\stubbing\StubbingWithThrowablesTest.java,StubbingWithThrowablesTest.java,NaughtyException,doThrowShouldNotAllowSettingNullThrowableClasses,1,0,void,public,true,false,true,false
C:\Users\simon\Documents\Code\thesis-code\mockito-main\mockito-core\src\test\java\org\mockitousage\stubbing\StubbingWithThrowablesTest.java,StubbingWithThrowablesTest.java,NaughtyException,doThrowShouldNotAllowSettingNullVarArgThrowableClasses,1,0,void,public,true,false,true,false
C:\Users\simon\Documents\Code\thesis-code\mockito-main\mockito-core\src\test\java\org\mockitousage\stubbing\StubbingWithThrowablesTest.java,StubbingWithThrowablesTest.java,NaughtyException,shouldNotAllowSettingNullVarArgsThrowableClasses,1,0,void,public,true,false,true,false
C:\Users\simon\Documents\Code\thesis-code\mockito-main\mockito-core\src\test\java\org\mockitousage\stubbing\StubbingWithThrowablesTest.java,StubbingWithThrowablesTest.java,NaughtyException,shouldNotAllowDifferentCheckedException,2,0,void,public,true,false,true,false
C:\Users\simon\Documents\Code\thesis-code\mockito-main\mockito-core\src\test\java\org\mockitousage\stubbing\StubbingWithThrowablesTest.java,StubbingWithThrowablesTest.java,NaughtyException,shouldNotAllowCheckedExceptionWhenErrorIsDeclared,2,0,void,public,true,false,true,false
C:\Users\simon\Documents\Code\thesis-code\mockito-main\mockito-core\src\test\java\org\mockitousage\stubbing\StubbingWithThrowablesTest.java,StubbingWithThrowablesTest.java,NaughtyException,shouldNotAllowCheckedExceptionWhenNothingIsDeclared,2,0,void,public,true,false,true,false
C:\Users\simon\Documents\Code\thesis-code\mockito-main\mockito-core\src\test\java\org\mockitousage\stubbing\StubbingWithThrowablesTest.java,StubbingWithThrowablesTest.java,NaughtyException,shouldMixThrowablesAndReturnsOnDifferentMocks,15,0,void,public,true,false,true,false
C:\Users\simon\Documents\Code\thesis-code\mockito-main\mockito-core\src\test\java\org\mockitousage\stubbing\StubbingWithThrowablesTest.java,StubbingWithThrowablesTest.java,NaughtyException,shouldStubbingWithThrowableBeVerifiable,7,0,void,public,true,false,true,false
C:\Users\simon\Documents\Code\thesis-code\mockito-main\mockito-core\src\test\java\org\mockitousage\stubbing\StubbingWithThrowablesTest.java,StubbingWithThrowablesTest.java,NaughtyException,shouldStubbingWithThrowableFailVerification,7,0,void,public,true,false,true,false
C:\Users\simon\Documents\Code\thesis-code\mockito-main\mockito-core\src\test\java\org\mockitousage\verification\AtLeastXVerificationTest.java,AtLeastXVerificationTest.java,AtLeastXVerificationTest,shouldVerifyAtLeastXTimes,4,0,void,public,true,false,true,true
C:\Users\simon\Documents\Code\thesis-code\mockito-main\mockito-core\src\test\java\org\mockitousage\verification\AtLeastXVerificationTest.java,AtLeastXVerificationTest.java,AtLeastXVerificationTest,shouldFailVerificationAtLeastXTimes,3,0,void,public,true,false,true,true
C:\Users\simon\Documents\Code\thesis-code\mockito-main\mockito-core\src\test\java\org\mockitousage\verification\AtLeastXVerificationTest.java,AtLeastXVerificationTest.java,AtLeastXVerificationTest,shouldAllowAtLeastZeroForTheSakeOfVerifyNoMoreInteractionsSometimes,5,0,void,public,true,false,true,true
C:\Users\simon\Documents\Code\thesis-code\mockito-main\mockito-core\src\test\java\org\mockitousage\verification\AtMostXVerificationTest.java,AtMostXVerificationTest.java,AtMostXVerificationTest,shouldVerifyAtMostXTimes,5,0,void,public,true,false,true,true
C:\Users\simon\Documents\Code\thesis-code\mockito-main\mockito-core\src\test\java\org\mockitousage\verification\AtMostXVerificationTest.java,AtMostXVerificationTest.java,AtMostXVerificationTest,shouldWorkWithArgumentMatchers,3,0,void,public,true,false,true,true
C:\Users\simon\Documents\Code\thesis-code\mockito-main\mockito-core\src\test\java\org\mockitousage\verification\AtMostXVerificationTest.java,AtMostXVerificationTest.java,AtMostXVerificationTest,shouldNotAllowNegativeNumber,1,0,void,public,true,false,true,true
C:\Users\simon\Documents\Code\thesis-code\mockito-main\mockito-core\src\test\java\org\mockitousage\verification\AtMostXVerificationTest.java,AtMostXVerificationTest.java,AtMostXVerificationTest,shouldPrintDecentMessage,3,0,void,public,true,false,true,true
C:\Users\simon\Documents\Code\thesis-code\mockito-main\mockito-core\src\test\java\org\mockitousage\verification\AtMostXVerificationTest.java,AtMostXVerificationTest.java,AtMostXVerificationTest,shouldNotAllowInOrderMode,3,0,void,public,true,false,true,true
C:\Users\simon\Documents\Code\thesis-code\mockito-main\mockito-core\src\test\java\org\mockitousage\verification\AtMostXVerificationTest.java,AtMostXVerificationTest.java,AtMostXVerificationTest,shouldMarkInteractionsAsVerified,4,0,void,public,true,false,true,true
C:\Users\simon\Documents\Code\thesis-code\mockito-main\mockito-core\src\test\java\org\mockitousage\verification\AtMostXVerificationTest.java,AtMostXVerificationTest.java,AtMostXVerificationTest,shouldDetectUnverifiedInMarkInteractionsAsVerified,5,0,void,public,true,false,true,true
C:\Users\simon\Documents\Code\thesis-code\mockito-main\mockito-core\src\test\java\org\mockitousage\verification\AtMostXVerificationTest.java,AtMostXVerificationTest.java,AtMostXVerificationTest,should_return_formatted_output_from_toString_method,2,0,void,public,true,false,true,true
C:\Users\simon\Documents\Code\thesis-code\mockito-main\mockito-core\src\test\java\org\mockitousage\verification\AtMostXVerificationTest.java,AtMostXVerificationTest.java,AtMostXVerificationTest,undesiredInteraction,1,0,void,private,false,false,true,true
C:\Users\simon\Documents\Code\thesis-code\mockito-main\mockito-core\src\test\java\org\mockitousage\verification\BasicVerificationInOrderTest.java,BasicVerificationInOrderTest.java,BasicVerificationInOrderTest,setUp,10,0,void,public,false,false,true,true
C:\Users\simon\Documents\Code\thesis-code\mockito-main\mockito-core\src\test\java\org\mockitousage\verification\BasicVerificationInOrderTest.java,BasicVerificationInOrderTest.java,BasicVerificationInOrderTest,shouldVerifyInOrder,6,0,void,public,true,false,true,true
C:\Users\simon\Documents\Code\thesis-code\mockito-main\mockito-core\src\test\java\org\mockitousage\verification\BasicVerificationInOrderTest.java,BasicVerificationInOrderTest.java,BasicVerificationInOrderTest,shouldVerifyInOrderUsingAtLeastOnce,6,0,void,public,true,false,true,true
C:\Users\simon\Documents\Code\thesis-code\mockito-main\mockito-core\src\test\java\org\mockitousage\verification\BasicVerificationInOrderTest.java,BasicVerificationInOrderTest.java,BasicVerificationInOrderTest,shouldVerifyInOrderWhenExpectingSomeInvocationsToBeCalledZeroTimes,9,0,void,public,true,false,true,true
C:\Users\simon\Documents\Code\thesis-code\mockito-main\mockito-core\src\test\java\org\mockitousage\verification\BasicVerificationInOrderTest.java,BasicVerificationInOrderTest.java,BasicVerificationInOrderTest,shouldFailWhenFirstMockCalledTwice,2,0,void,public,true,false,true,true
C:\Users\simon\Documents\Code\thesis-code\mockito-main\mockito-core\src\test\java\org\mockitousage\verification\BasicVerificationInOrderTest.java,BasicVerificationInOrderTest.java,BasicVerificationInOrderTest,shouldFailWhenLastMockCalledTwice,6,0,void,public,true,false,true,true
C:\Users\simon\Documents\Code\thesis-code\mockito-main\mockito-core\src\test\java\org\mockitousage\verification\BasicVerificationInOrderTest.java,BasicVerificationInOrderTest.java,BasicVerificationInOrderTest,shouldFailOnFirstMethodBecauseOneInvocationWanted,1,0,void,public,true,false,true,true
C:\Users\simon\Documents\Code\thesis-code\mockito-main\mockito-core\src\test\java\org\mockitousage\verification\BasicVerificationInOrderTest.java,BasicVerificationInOrderTest.java,BasicVerificationInOrderTest,shouldFailOnFirstMethodBecauseOneInvocationWantedAgain,1,0,void,public,true,false,true,true
C:\Users\simon\Documents\Code\thesis-code\mockito-main\mockito-core\src\test\java\org\mockitousage\verification\BasicVerificationInOrderTest.java,BasicVerificationInOrderTest.java,BasicVerificationInOrderTest,shouldFailOnSecondMethodBecauseFourInvocationsWanted,2,0,void,public,true,false,true,true
C:\Users\simon\Documents\Code\thesis-code\mockito-main\mockito-core\src\test\java\org\mockitousage\verification\BasicVerificationInOrderTest.java,BasicVerificationInOrderTest.java,BasicVerificationInOrderTest,shouldFailOnSecondMethodBecauseTwoInvocationsWantedAgain,2,0,void,public,true,false,true,true
C:\Users\simon\Documents\Code\thesis-code\mockito-main\mockito-core\src\test\java\org\mockitousage\verification\BasicVerificationInOrderTest.java,BasicVerificationInOrderTest.java,BasicVerificationInOrderTest,shouldFailOnLastMethodBecauseOneInvocationWanted,5,0,void,public,true,false,true,true
C:\Users\simon\Documents\Code\thesis-code\mockito-main\mockito-core\src\test\java\org\mockitousage\verification\BasicVerificationInOrderTest.java,BasicVerificationInOrderTest.java,BasicVerificationInOrderTest,shouldFailOnLastMethodBecauseOneInvocationWantedAgain,5,0,void,public,true,false,true,true
C:\Users\simon\Documents\Code\thesis-code\mockito-main\mockito-core\src\test\java\org\mockitousage\verification\BasicVerificationInOrderTest.java,BasicVerificationInOrderTest.java,BasicVerificationInOrderTest,shouldFailOnFirstMethodBecauseDifferentArgsWanted,1,0,void,public,true,false,true,true
C:\Users\simon\Documents\Code\thesis-code\mockito-main\mockito-core\src\test\java\org\mockitousage\verification\BasicVerificationInOrderTest.java,BasicVerificationInOrderTest.java,BasicVerificationInOrderTest,shouldFailOnFirstMethodBecauseDifferentMethodWanted,1,0,void,public,true,false,true,true
C:\Users\simon\Documents\Code\thesis-code\mockito-main\mockito-core\src\test\java\org\mockitousage\verification\BasicVerificationInOrderTest.java,BasicVerificationInOrderTest.java,BasicVerificationInOrderTest,shouldFailOnSecondMethodBecauseDifferentArgsWanted,2,0,void,public,true,false,true,true
C:\Users\simon\Documents\Code\thesis-code\mockito-main\mockito-core\src\test\java\org\mockitousage\verification\BasicVerificationInOrderTest.java,BasicVerificationInOrderTest.java,BasicVerificationInOrderTest,shouldFailOnSecondMethodBecauseDifferentMethodWanted,2,0,void,public,true,false,true,true
C:\Users\simon\Documents\Code\thesis-code\mockito-main\mockito-core\src\test\java\org\mockitousage\verification\BasicVerificationInOrderTest.java,BasicVerificationInOrderTest.java,BasicVerificationInOrderTest,shouldFailOnLastMethodBecauseDifferentArgsWanted,5,0,void,public,true,false,true,true
C:\Users\simon\Documents\Code\thesis-code\mockito-main\mockito-core\src\test\java\org\mockitousage\verification\BasicVerificationInOrderTest.java,BasicVerificationInOrderTest.java,BasicVerificationInOrderTest,shouldFailOnLastMethodBecauseDifferentMethodWanted,5,0,void,public,true,false,true,true
C:\Users\simon\Documents\Code\thesis-code\mockito-main\mockito-core\src\test\java\org\mockitousage\verification\BasicVerificationInOrderTest.java,BasicVerificationInOrderTest.java,BasicVerificationInOrderTest,shouldFailWhenLastMethodVerifiedFirst,2,0,void,public,true,false,true,true
C:\Users\simon\Documents\Code\thesis-code\mockito-main\mockito-core\src\test\java\org\mockitousage\verification\BasicVerificationInOrderTest.java,BasicVerificationInOrderTest.java,BasicVerificationInOrderTest,shouldFailWhenMiddleMethodVerifiedFirst,2,0,void,public,true,false,true,true
C:\Users\simon\Documents\Code\thesis-code\mockito-main\mockito-core\src\test\java\org\mockitousage\verification\BasicVerificationInOrderTest.java,BasicVerificationInOrderTest.java,BasicVerificationInOrderTest,shouldFailWhenMiddleMethodVerifiedFirstInAtLeastOnceMode,2,0,void,public,true,false,true,true
C:\Users\simon\Documents\Code\thesis-code\mockito-main\mockito-core\src\test\java\org\mockitousage\verification\BasicVerificationInOrderTest.java,BasicVerificationInOrderTest.java,BasicVerificationInOrderTest,shouldFailOnVerifyNoMoreInteractions,5,0,void,public,true,false,true,true
C:\Users\simon\Documents\Code\thesis-code\mockito-main\mockito-core\src\test\java\org\mockitousage\verification\BasicVerificationInOrderTest.java,BasicVerificationInOrderTest.java,BasicVerificationInOrderTest,shouldFailOnVerifyNoInteractions,1,0,void,public,true,false,true,true
C:\Users\simon\Documents\Code\thesis-code\mockito-main\mockito-core\src\test\java\org\mockitousage\verification\BasicVerificationInOrderTest.java,BasicVerificationInOrderTest.java,BasicVerificationInOrderTest,shouldScreamWhenNullPassed,1,0,void,public,true,false,true,true
C:\Users\simon\Documents\Code\thesis-code\mockito-main\mockito-core\src\test\java\org\mockitousage\verification\BasicVerificationInOrderTest.java,BasicVerificationInOrderTest.java,BasicVerificationInOrderTest,shouldThrowNullPassedToVerifyException,1,0,void,public,true,false,true,true
C:\Users\simon\Documents\Code\thesis-code\mockito-main\mockito-core\src\test\java\org\mockitousage\verification\BasicVerificationInOrderTest.java,BasicVerificationInOrderTest.java,BasicVerificationInOrderTest,shouldThrowNotAMockPassedToVerifyException,2,0,void,public,true,false,true,true
C:\Users\simon\Documents\Code\thesis-code\mockito-main\mockito-core\src\test\java\org\mockitousage\verification\BasicVerificationTest.java,BasicVerificationTest.java,BasicVerificationTest,shouldVerify,5,0,void,public,true,false,true,true
C:\Users\simon\Documents\Code\thesis-code\mockito-main\mockito-core\src\test\java\org\mockitousage\verification\BasicVerificationTest.java,BasicVerificationTest.java,BasicVerificationTest,shouldFailVerification,1,0,void,public,true,false,true,true
C:\Users\simon\Documents\Code\thesis-code\mockito-main\mockito-core\src\test\java\org\mockitousage\verification\BasicVerificationTest.java,BasicVerificationTest.java,BasicVerificationTest,shouldFailVerificationOnMethodArgument,4,0,void,public,true,false,true,true
C:\Users\simon\Documents\Code\thesis-code\mockito-main\mockito-core\src\test\java\org\mockitousage\verification\BasicVerificationTest.java,BasicVerificationTest.java,BasicVerificationTest,shouldFailOnWrongMethod,6,0,void,public,true,false,true,true
C:\Users\simon\Documents\Code\thesis-code\mockito-main\mockito-core\src\test\java\org\mockitousage\verification\BasicVerificationTest.java,BasicVerificationTest.java,BasicVerificationTest,shouldDetectRedundantInvocation,6,0,void,public,true,false,true,true
C:\Users\simon\Documents\Code\thesis-code\mockito-main\mockito-core\src\test\java\org\mockitousage\verification\BasicVerificationTest.java,BasicVerificationTest.java,BasicVerificationTest,shouldDetectWhenInvokedMoreThanOnce,5,0,void,public,true,false,true,true
C:\Users\simon\Documents\Code\thesis-code\mockito-main\mockito-core\src\test\java\org\mockitousage\verification\BasicVerificationTest.java,BasicVerificationTest.java,BasicVerificationTest,shouldVerifyStubbedMethods,3,0,void,public,true,false,true,true
C:\Users\simon\Documents\Code\thesis-code\mockito-main\mockito-core\src\test\java\org\mockitousage\verification\BasicVerificationTest.java,BasicVerificationTest.java,BasicVerificationTest,shouldDetectWhenOverloadedMethodCalled,3,0,void,public,true,false,true,true
C:\Users\simon\Documents\Code\thesis-code\mockito-main\mockito-core\src\test\java\org\mockitousage\verification\DescriptiveMessagesOnVerificationInOrderErrorsTest.java,DescriptiveMessagesOnVerificationInOrderErrorsTest.java,DescriptiveMessagesOnVerificationInOrderErrorsTest,setup,9,0,void,public,false,false,true,true
C:\Users\simon\Documents\Code\thesis-code\mockito-main\mockito-core\src\test\java\org\mockitousage\verification\DescriptiveMessagesOnVerificationInOrderErrorsTest.java,DescriptiveMessagesOnVerificationInOrderErrorsTest.java,DescriptiveMessagesOnVerificationInOrderErrorsTest,shouldPrintVerificationInOrderErrorAndShowBothWantedAndPrevious,3,0,void,public,true,false,true,true
C:\Users\simon\Documents\Code\thesis-code\mockito-main\mockito-core\src\test\java\org\mockitousage\verification\DescriptiveMessagesOnVerificationInOrderErrorsTest.java,DescriptiveMessagesOnVerificationInOrderErrorsTest.java,DescriptiveMessagesOnVerificationInOrderErrorsTest,shouldPrintVerificationInOrderErrorAndShowWantedOnly,1,0,void,public,true,false,true,true
C:\Users\simon\Documents\Code\thesis-code\mockito-main\mockito-core\src\test\java\org\mockitousage\verification\DescriptiveMessagesOnVerificationInOrderErrorsTest.java,DescriptiveMessagesOnVerificationInOrderErrorsTest.java,DescriptiveMessagesOnVerificationInOrderErrorsTest,shouldPrintVerificationInOrderErrorAndShowWantedAndActual,1,0,void,public,true,false,true,true
C:\Users\simon\Documents\Code\thesis-code\mockito-main\mockito-core\src\test\java\org\mockitousage\verification\DescriptiveMessagesOnVerificationInOrderErrorsTest.java,DescriptiveMessagesOnVerificationInOrderErrorsTest.java,DescriptiveMessagesOnVerificationInOrderErrorsTest,shouldNotSayArgumentsAreDifferent,2,0,void,public,true,false,true,true
C:\Users\simon\Documents\Code\thesis-code\mockito-main\mockito-core\src\test\java\org\mockitousage\verification\DescriptiveMessagesOnVerificationInOrderErrorsTest.java,DescriptiveMessagesOnVerificationInOrderErrorsTest.java,DescriptiveMessagesOnVerificationInOrderErrorsTest,shouldPrintMethodThatWasNotInvoked,5,0,void,public,true,false,true,true
C:\Users\simon\Documents\Code\thesis-code\mockito-main\mockito-core\src\test\java\org\mockitousage\verification\DescriptiveMessagesOnVerificationInOrderErrorsTest.java,DescriptiveMessagesOnVerificationInOrderErrorsTest.java,DescriptiveMessagesOnVerificationInOrderErrorsTest,shouldPrintTooManyInvocations,3,0,void,public,true,false,true,true
C:\Users\simon\Documents\Code\thesis-code\mockito-main\mockito-core\src\test\java\org\mockitousage\verification\DescriptiveMessagesOnVerificationInOrderErrorsTest.java,DescriptiveMessagesOnVerificationInOrderErrorsTest.java,DescriptiveMessagesOnVerificationInOrderErrorsTest,shouldPrintTooFewInvocations,5,0,void,public,true,false,true,true
C:\Users\simon\Documents\Code\thesis-code\mockito-main\mockito-core\src\test\java\org\mockitousage\verification\DescriptiveMessagesWhenTimesXVerificationFailsTest.java,DescriptiveMessagesWhenTimesXVerificationFailsTest.java,DescriptiveMessagesWhenTimesXVerificationFailsTest,shouldVerifyActualNumberOfInvocationsSmallerThanWanted,5,0,void,public,true,false,true,true
C:\Users\simon\Documents\Code\thesis-code\mockito-main\mockito-core\src\test\java\org\mockitousage\verification\DescriptiveMessagesWhenTimesXVerificationFailsTest.java,DescriptiveMessagesWhenTimesXVerificationFailsTest.java,DescriptiveMessagesWhenTimesXVerificationFailsTest,shouldVerifyActualNumberOfInvocationsLargerThanWanted,6,0,void,public,true,false,true,true
C:\Users\simon\Documents\Code\thesis-code\mockito-main\mockito-core\src\test\java\org\mockitousage\verification\DescriptiveMessagesWhenVerificationFailsTest.java,DescriptiveMessagesWhenVerificationFailsTest.java,AnInterface,setup,1,0,void,public,false,false,true,false
C:\Users\simon\Documents\Code\thesis-code\mockito-main\mockito-core\src\test\java\org\mockitousage\verification\DescriptiveMessagesWhenVerificationFailsTest.java,DescriptiveMessagesWhenVerificationFailsTest.java,AnInterface,should_print_method_name,1,0,void,public,true,false,true,false
C:\Users\simon\Documents\Code\thesis-code\mockito-main\mockito-core\src\test\java\org\mockitousage\verification\DescriptiveMessagesWhenVerificationFailsTest.java,DescriptiveMessagesWhenVerificationFailsTest.java,AnInterface,toString,1,0,String,public,false,false,true,false
C:\Users\simon\Documents\Code\thesis-code\mockito-main\mockito-core\src\test\java\org\mockitousage\verification\DescriptiveMessagesWhenVerificationFailsTest.java,DescriptiveMessagesWhenVerificationFailsTest.java,AnInterface,should_print_method_name_and_arguments,1,0,void,public,true,false,true,false
C:\Users\simon\Documents\Code\thesis-code\mockito-main\mockito-core\src\test\java\org\mockitousage\verification\DescriptiveMessagesWhenVerificationFailsTest.java,DescriptiveMessagesWhenVerificationFailsTest.java,AnInterface,should_print_actual_and_wanted_in_line,2,0,void,public,true,false,true,false
C:\Users\simon\Documents\Code\thesis-code\mockito-main\mockito-core\src\test\java\org\mockitousage\verification\DescriptiveMessagesWhenVerificationFailsTest.java,DescriptiveMessagesWhenVerificationFailsTest.java,AnInterface,should_print_actual_and_wanted_in_multiple_lines,2,0,void,public,true,false,true,false
C:\Users\simon\Documents\Code\thesis-code\mockito-main\mockito-core\src\test\java\org\mockitousage\verification\DescriptiveMessagesWhenVerificationFailsTest.java,DescriptiveMessagesWhenVerificationFailsTest.java,AnInterface,should_print_actual_and_wanted_when_actual_method_name_and_wanted_method_name_are_the_same,2,0,void,public,true,false,true,false
C:\Users\simon\Documents\Code\thesis-code\mockito-main\mockito-core\src\test\java\org\mockitousage\verification\DescriptiveMessagesWhenVerificationFailsTest.java,DescriptiveMessagesWhenVerificationFailsTest.java,AnInterface,should_print_actual_and_unverified_wanted_when_the_difference_is_about_arguments,4,0,void,public,true,false,true,false
C:\Users\simon\Documents\Code\thesis-code\mockito-main\mockito-core\src\test\java\org\mockitousage\verification\DescriptiveMessagesWhenVerificationFailsTest.java,DescriptiveMessagesWhenVerificationFailsTest.java,AnInterface,should_print_first_unexpected_invocation,5,0,void,public,true,false,true,false
C:\Users\simon\Documents\Code\thesis-code\mockito-main\mockito-core\src\test\java\org\mockitousage\verification\DescriptiveMessagesWhenVerificationFailsTest.java,DescriptiveMessagesWhenVerificationFailsTest.java,AnInterface,should_print_first_unexpected_invocation_when_verifying_no_interactions,3,0,void,public,true,false,true,false
C:\Users\simon\Documents\Code\thesis-code\mockito-main\mockito-core\src\test\java\org\mockitousage\verification\DescriptiveMessagesWhenVerificationFailsTest.java,DescriptiveMessagesWhenVerificationFailsTest.java,AnInterface,should_print_method_name_when_verifying_at_least_once,1,0,void,public,true,false,true,false
C:\Users\simon\Documents\Code\thesis-code\mockito-main\mockito-core\src\test\java\org\mockitousage\verification\DescriptiveMessagesWhenVerificationFailsTest.java,DescriptiveMessagesWhenVerificationFailsTest.java,AnInterface,should_print_method_when_matcher_used,1,0,void,public,true,false,true,false
C:\Users\simon\Documents\Code\thesis-code\mockito-main\mockito-core\src\test\java\org\mockitousage\verification\DescriptiveMessagesWhenVerificationFailsTest.java,DescriptiveMessagesWhenVerificationFailsTest.java,AnInterface,should_print_method_when_missing_invocation_with_array_matcher,2,0,void,public,true,false,true,false
C:\Users\simon\Documents\Code\thesis-code\mockito-main\mockito-core\src\test\java\org\mockitousage\verification\DescriptiveMessagesWhenVerificationFailsTest.java,DescriptiveMessagesWhenVerificationFailsTest.java,AnInterface,should_print_method_when_missing_invocation_with_vararg_matcher,2,0,void,public,true,false,true,false
C:\Users\simon\Documents\Code\thesis-code\mockito-main\mockito-core\src\test\java\org\mockitousage\verification\DescriptiveMessagesWhenVerificationFailsTest.java,DescriptiveMessagesWhenVerificationFailsTest.java,AnInterface,should_print_method_when_missing_invocation_with_matcher,2,0,void,public,true,false,true,false
C:\Users\simon\Documents\Code\thesis-code\mockito-main\mockito-core\src\test\java\org\mockitousage\verification\DescriptiveMessagesWhenVerificationFailsTest.java,DescriptiveMessagesWhenVerificationFailsTest.java,AnInterface,should_print_null_arguments,2,0,void,public,true,false,true,false
C:\Users\simon\Documents\Code\thesis-code\mockito-main\mockito-core\src\test\java\org\mockitousage\verification\DescriptiveMessagesWhenVerificationFailsTest.java,DescriptiveMessagesWhenVerificationFailsTest.java,AnInterface,should_say_never_wanted_but_invoked,3,0,void,public,true,false,true,false
C:\Users\simon\Documents\Code\thesis-code\mockito-main\mockito-core\src\test\java\org\mockitousage\verification\DescriptiveMessagesWhenVerificationFailsTest.java,DescriptiveMessagesWhenVerificationFailsTest.java,AnInterface,should_show_right_actual_method,3,0,void,public,true,false,true,false
C:\Users\simon\Documents\Code\thesis-code\mockito-main\mockito-core\src\test\java\org\mockitousage\verification\DescriptiveMessagesWhenVerificationFailsTest.java,DescriptiveMessagesWhenVerificationFailsTest.java,AnInterface,should_print_field_name_when_annotations_used,2,0,void,public,true,false,true,false
C:\Users\simon\Documents\Code\thesis-code\mockito-main\mockito-core\src\test\java\org\mockitousage\verification\DescriptiveMessagesWhenVerificationFailsTest.java,DescriptiveMessagesWhenVerificationFailsTest.java,AnInterface,should_print_interactions_on_mock_when_ordinary_verification_fail,3,0,void,public,true,false,true,false
C:\Users\simon\Documents\Code\thesis-code\mockito-main\mockito-core\src\test\java\org\mockitousage\verification\DescriptiveMessagesWhenVerificationFailsTest.java,DescriptiveMessagesWhenVerificationFailsTest.java,AnInterface,should_never_break_method_string_when_no_args_in_method,1,0,void,public,true,false,true,false
C:\Users\simon\Documents\Code\thesis-code\mockito-main\mockito-core\src\test\java\org\mockitousage\verification\DescriptiveMessagesWhenVerificationFailsTest.java,DescriptiveMessagesWhenVerificationFailsTest.java,AnInterface,should_print_method_name_and_arguments_of_other_interactions_with_different_methods,1,0,void,public,true,false,true,false
C:\Users\simon\Documents\Code\thesis-code\mockito-main\mockito-core\src\test\java\org\mockitousage\verification\DescriptiveMessagesWhenVerificationFailsTest.java,DescriptiveMessagesWhenVerificationFailsTest.java,AnInterface,should_print_fully_qualified_name_when_arguments_classes_have_same_simple_name,3,0,void,public,true,false,true,false
C:\Users\simon\Documents\Code\thesis-code\mockito-main\mockito-core\src\test\java\org\mockitousage\verification\DescriptiveMessagesWhenVerificationFailsTest.java,DescriptiveMessagesWhenVerificationFailsTest.java,AnInterface,should_not_print_fully_qualified_name_when_arguments_classes_have_different_simple_name,1,0,void,public,true,false,true,false
C:\Users\simon\Documents\Code\thesis-code\mockito-main\mockito-core\src\test\java\org\mockitousage\verification\DescriptiveMessagesWhenVerificationFailsTest.java,DescriptiveMessagesWhenVerificationFailsTest.java,AnInterface,should_print_fully_qualified_name_when_some_arguments_classes_have_same_simple_name,3,0,void,public,true,false,true,false
C:\Users\simon\Documents\Code\thesis-code\mockito-main\mockito-core\src\test\java\org\mockitousage\verification\DescriptiveMessagesWhenVerificationFailsTest.java,DescriptiveMessagesWhenVerificationFailsTest.java,AnInterface,should_print_method_name_and_arguments_of_other_interactions_of_same_method,1,0,void,public,true,false,true,false
C:\Users\simon\Documents\Code\thesis-code\mockito-main\mockito-core\src\test\java\org\mockitousage\verification\DescriptiveMessagesWhenVerificationFailsTest.java,DescriptiveMessagesWhenVerificationFailsTest.java,AnInterface,test1,6,0,void,public,true,true,true,false
C:\Users\simon\Documents\Code\thesis-code\mockito-main\mockito-core\src\test\java\org\mockitousage\verification\DescriptiveMessagesWhenVerificationFailsTest.java,DescriptiveMessagesWhenVerificationFailsTest.java,AnInterface,test2,5,0,void,public,true,true,true,false
C:\Users\simon\Documents\Code\thesis-code\mockito-main\mockito-core\src\test\java\org\mockitousage\verification\DescriptiveMessagesWhenVerificationFailsTest.java,DescriptiveMessagesWhenVerificationFailsTest.java,AnInterface,foo,0,1,void,,false,false,true,false
C:\Users\simon\Documents\Code\thesis-code\mockito-main\mockito-core\src\test\java\org\mockitousage\verification\ExactNumberOfTimesVerificationTest.java,ExactNumberOfTimesVerificationTest.java,ExactNumberOfTimesVerificationTest,setup,1,0,void,public,false,false,true,true
C:\Users\simon\Documents\Code\thesis-code\mockito-main\mockito-core\src\test\java\org\mockitousage\verification\ExactNumberOfTimesVerificationTest.java,ExactNumberOfTimesVerificationTest.java,ExactNumberOfTimesVerificationTest,shouldDetectTooFewActualInvocations,4,0,void,public,true,false,true,true
C:\Users\simon\Documents\Code\thesis-code\mockito-main\mockito-core\src\test\java\org\mockitousage\verification\ExactNumberOfTimesVerificationTest.java,ExactNumberOfTimesVerificationTest.java,ExactNumberOfTimesVerificationTest,shouldDetectTooManyActualInvocations,4,0,void,public,true,false,true,true
C:\Users\simon\Documents\Code\thesis-code\mockito-main\mockito-core\src\test\java\org\mockitousage\verification\ExactNumberOfTimesVerificationTest.java,ExactNumberOfTimesVerificationTest.java,ExactNumberOfTimesVerificationTest,shouldDetectActualInvocationsCountIsMoreThanZero,2,0,void,public,true,false,true,true
C:\Users\simon\Documents\Code\thesis-code\mockito-main\mockito-core\src\test\java\org\mockitousage\verification\ExactNumberOfTimesVerificationTest.java,ExactNumberOfTimesVerificationTest.java,ExactNumberOfTimesVerificationTest,shouldDetectActuallyCalledOnce,2,0,void,public,true,false,true,true
C:\Users\simon\Documents\Code\thesis-code\mockito-main\mockito-core\src\test\java\org\mockitousage\verification\ExactNumberOfTimesVerificationTest.java,ExactNumberOfTimesVerificationTest.java,ExactNumberOfTimesVerificationTest,shouldPassWhenMethodsActuallyNotCalled,2,0,void,public,true,false,true,true
C:\Users\simon\Documents\Code\thesis-code\mockito-main\mockito-core\src\test\java\org\mockitousage\verification\ExactNumberOfTimesVerificationTest.java,ExactNumberOfTimesVerificationTest.java,ExactNumberOfTimesVerificationTest,shouldNotCountInStubbedInvocations,5,0,void,public,true,false,true,true
C:\Users\simon\Documents\Code\thesis-code\mockito-main\mockito-core\src\test\java\org\mockitousage\verification\ExactNumberOfTimesVerificationTest.java,ExactNumberOfTimesVerificationTest.java,ExactNumberOfTimesVerificationTest,shouldAllowVerifyingInteractionNeverHappened,4,0,void,public,true,false,true,true
C:\Users\simon\Documents\Code\thesis-code\mockito-main\mockito-core\src\test\java\org\mockitousage\verification\ExactNumberOfTimesVerificationTest.java,ExactNumberOfTimesVerificationTest.java,ExactNumberOfTimesVerificationTest,shouldAllowVerifyingInteractionNeverHappenedInOrder,7,0,void,public,true,false,true,true
C:\Users\simon\Documents\Code\thesis-code\mockito-main\mockito-core\src\test\java\org\mockitousage\verification\FindingRedundantInvocationsInOrderTest.java,FindingRedundantInvocationsInOrderTest.java,FindingRedundantInvocationsInOrderTest,shouldWorkFineIfNoInvocations,2,0,void,public,true,false,true,true
C:\Users\simon\Documents\Code\thesis-code\mockito-main\mockito-core\src\test\java\org\mockitousage\verification\FindingRedundantInvocationsInOrderTest.java,FindingRedundantInvocationsInOrderTest.java,FindingRedundantInvocationsInOrderTest,shouldSayNoInteractionsWanted,3,0,void,public,true,false,true,true
C:\Users\simon\Documents\Code\thesis-code\mockito-main\mockito-core\src\test\java\org\mockitousage\verification\FindingRedundantInvocationsInOrderTest.java,FindingRedundantInvocationsInOrderTest.java,FindingRedundantInvocationsInOrderTest,shouldVerifyNoMoreInteractionsInOrder,7,0,void,public,true,false,true,true
C:\Users\simon\Documents\Code\thesis-code\mockito-main\mockito-core\src\test\java\org\mockitousage\verification\FindingRedundantInvocationsInOrderTest.java,FindingRedundantInvocationsInOrderTest.java,FindingRedundantInvocationsInOrderTest,shouldVerifyNoMoreInteractionsInOrderWithMultipleMocks,7,0,void,public,true,false,true,true
C:\Users\simon\Documents\Code\thesis-code\mockito-main\mockito-core\src\test\java\org\mockitousage\verification\FindingRedundantInvocationsInOrderTest.java,FindingRedundantInvocationsInOrderTest.java,FindingRedundantInvocationsInOrderTest,shouldFailToVerifyNoMoreInteractionsInOrder,6,0,void,public,true,false,true,true
C:\Users\simon\Documents\Code\thesis-code\mockito-main\mockito-core\src\test\java\org\mockitousage\verification\FindingRedundantInvocationsInOrderTest.java,FindingRedundantInvocationsInOrderTest.java,FindingRedundantInvocationsInOrderTest,shouldFailToVerifyNoMoreInteractionsInOrderWithMultipleMocks,6,0,void,public,true,false,true,true
C:\Users\simon\Documents\Code\thesis-code\mockito-main\mockito-core\src\test\java\org\mockitousage\verification\FindingRedundantInvocationsInOrderTest.java,FindingRedundantInvocationsInOrderTest.java,FindingRedundantInvocationsInOrderTest,shouldValidateState,3,0,void,public,true,false,true,true
C:\Users\simon\Documents\Code\thesis-code\mockito-main\mockito-core\src\test\java\org\mockitousage\verification\NoMoreInteractionsVerificationTest.java,NoMoreInteractionsVerificationTest.java,NoMoreInteractionsVerificationTest,setup,1,0,void,public,false,false,true,true
C:\Users\simon\Documents\Code\thesis-code\mockito-main\mockito-core\src\test\java\org\mockitousage\verification\NoMoreInteractionsVerificationTest.java,NoMoreInteractionsVerificationTest.java,NoMoreInteractionsVerificationTest,shouldStubbingNotRegisterRedundantInteractions,5,0,void,public,true,false,true,true
C:\Users\simon\Documents\Code\thesis-code\mockito-main\mockito-core\src\test\java\org\mockitousage\verification\NoMoreInteractionsVerificationTest.java,NoMoreInteractionsVerificationTest.java,NoMoreInteractionsVerificationTest,shouldVerifyWhenWantedNumberOfInvocationsUsed,5,0,void,public,true,false,true,true
C:\Users\simon\Documents\Code\thesis-code\mockito-main\mockito-core\src\test\java\org\mockitousage\verification\NoMoreInteractionsVerificationTest.java,NoMoreInteractionsVerificationTest.java,NoMoreInteractionsVerificationTest,shouldFailNoMoreInteractionsVerification,2,0,void,public,true,false,true,true
C:\Users\simon\Documents\Code\thesis-code\mockito-main\mockito-core\src\test\java\org\mockitousage\verification\NoMoreInteractionsVerificationTest.java,NoMoreInteractionsVerificationTest.java,NoMoreInteractionsVerificationTest,shouldFailNoInteractionsVerification,2,0,void,public,true,false,true,true
C:\Users\simon\Documents\Code\thesis-code\mockito-main\mockito-core\src\test\java\org\mockitousage\verification\NoMoreInteractionsVerificationTest.java,NoMoreInteractionsVerificationTest.java,NoMoreInteractionsVerificationTest,shouldPrintAllInvocationsWhenVerifyingNoMoreInvocations,5,0,void,public,true,false,true,true
C:\Users\simon\Documents\Code\thesis-code\mockito-main\mockito-core\src\test\java\org\mockitousage\verification\NoMoreInteractionsVerificationTest.java,NoMoreInteractionsVerificationTest.java,NoMoreInteractionsVerificationTest,shouldNotContainAllInvocationsWhenSingleUnwantedFound,2,0,void,public,true,false,true,true
C:\Users\simon\Documents\Code\thesis-code\mockito-main\mockito-core\src\test\java\org\mockitousage\verification\NoMoreInteractionsVerificationTest.java,NoMoreInteractionsVerificationTest.java,NoMoreInteractionsVerificationTest,shouldVerifyOneMockButFailOnOther,8,0,void,public,true,false,true,true
C:\Users\simon\Documents\Code\thesis-code\mockito-main\mockito-core\src\test\java\org\mockitousage\verification\NoMoreInteractionsVerificationTest.java,NoMoreInteractionsVerificationTest.java,NoMoreInteractionsVerificationTest,shouldVerifyOneMockButFailOnOtherVerifyNoInteractions,8,0,void,public,true,false,true,true
C:\Users\simon\Documents\Code\thesis-code\mockito-main\mockito-core\src\test\java\org\mockitousage\verification\NoMoreInteractionsVerificationTest.java,NoMoreInteractionsVerificationTest.java,NoMoreInteractionsVerificationTest,verifyNoMoreInteractionsShouldScreamWhenNullPassed,1,0,void,public,true,false,true,true
C:\Users\simon\Documents\Code\thesis-code\mockito-main\mockito-core\src\test\java\org\mockitousage\verification\OnlyVerificationTest.java,OnlyVerificationTest.java,OnlyVerificationTest,shouldVerifyMethodWasInvokedExclusively,2,0,void,public,true,false,true,true
C:\Users\simon\Documents\Code\thesis-code\mockito-main\mockito-core\src\test\java\org\mockitousage\verification\OnlyVerificationTest.java,OnlyVerificationTest.java,OnlyVerificationTest,shouldVerifyMethodWasInvokedExclusivelyWithMatchersUsage,2,0,void,public,true,false,true,true
C:\Users\simon\Documents\Code\thesis-code\mockito-main\mockito-core\src\test\java\org\mockitousage\verification\OnlyVerificationTest.java,OnlyVerificationTest.java,OnlyVerificationTest,shouldFailIfMethodWasNotInvoked,2,0,void,public,true,false,true,true
C:\Users\simon\Documents\Code\thesis-code\mockito-main\mockito-core\src\test\java\org\mockitousage\verification\OnlyVerificationTest.java,OnlyVerificationTest.java,OnlyVerificationTest,shouldFailIfMethodWasInvokedMoreThanOnce,3,0,void,public,true,false,true,true
C:\Users\simon\Documents\Code\thesis-code\mockito-main\mockito-core\src\test\java\org\mockitousage\verification\OnlyVerificationTest.java,OnlyVerificationTest.java,OnlyVerificationTest,shouldFailIfMethodWasInvokedButWithDifferentArguments,3,0,void,public,true,false,true,true
C:\Users\simon\Documents\Code\thesis-code\mockito-main\mockito-core\src\test\java\org\mockitousage\verification\OnlyVerificationTest.java,OnlyVerificationTest.java,OnlyVerificationTest,shouldFailIfExtraMethodWithDifferentArgsFound,3,0,void,public,true,false,true,true
C:\Users\simon\Documents\Code\thesis-code\mockito-main\mockito-core\src\test\java\org\mockitousage\verification\OnlyVerificationTest.java,OnlyVerificationTest.java,OnlyVerificationTest,shouldVerifyMethodWasInvokedExclusivelyWhenTwoMocksInUse,4,0,void,public,true,false,true,true
C:\Users\simon\Documents\Code\thesis-code\mockito-main\mockito-core\src\test\java\org\mockitousage\verification\OnlyVerificationTest.java,OnlyVerificationTest.java,OnlyVerificationTest,should_return_formatted_output_from_toString_method,2,0,void,public,true,false,true,true
C:\Users\simon\Documents\Code\thesis-code\mockito-main\mockito-core\src\test\java\org\mockitousage\verification\OrdinaryVerificationPrintsAllInteractionsTest.java,OrdinaryVerificationPrintsAllInteractionsTest.java,OrdinaryVerificationPrintsAllInteractionsTest,shouldShowAllInteractionsOnMockWhenOrdinaryVerificationFail,4,0,void,public,true,false,true,true
C:\Users\simon\Documents\Code\thesis-code\mockito-main\mockito-core\src\test\java\org\mockitousage\verification\OrdinaryVerificationPrintsAllInteractionsTest.java,OrdinaryVerificationPrintsAllInteractionsTest.java,OrdinaryVerificationPrintsAllInteractionsTest,shouldNotShowAllInteractionsOnDifferentMock,3,0,void,public,true,false,true,true
C:\Users\simon\Documents\Code\thesis-code\mockito-main\mockito-core\src\test\java\org\mockitousage\verification\OrdinaryVerificationPrintsAllInteractionsTest.java,OrdinaryVerificationPrintsAllInteractionsTest.java,OrdinaryVerificationPrintsAllInteractionsTest,shouldNotShowAllInteractionsHeaderWhenNoOtherInteractions,1,0,void,public,true,false,true,true
C:\Users\simon\Documents\Code\thesis-code\mockito-main\mockito-core\src\test\java\org\mockitousage\verification\OrdinaryVerificationPrintsAllInteractionsTest.java,OrdinaryVerificationPrintsAllInteractionsTest.java,OrdinaryVerificationPrintsAllInteractionsTest,differentMockInteraction,1,0,void,private,false,false,true,true
C:\Users\simon\Documents\Code\thesis-code\mockito-main\mockito-core\src\test\java\org\mockitousage\verification\OrdinaryVerificationPrintsAllInteractionsTest.java,OrdinaryVerificationPrintsAllInteractionsTest.java,OrdinaryVerificationPrintsAllInteractionsTest,secondInteraction,1,0,void,private,false,false,true,true
C:\Users\simon\Documents\Code\thesis-code\mockito-main\mockito-core\src\test\java\org\mockitousage\verification\OrdinaryVerificationPrintsAllInteractionsTest.java,OrdinaryVerificationPrintsAllInteractionsTest.java,OrdinaryVerificationPrintsAllInteractionsTest,firstInteraction,1,0,void,private,false,false,true,true
C:\Users\simon\Documents\Code\thesis-code\mockito-main\mockito-core\src\test\java\org\mockitousage\verification\PrintingVerboseTypesWithArgumentsTest.java,PrintingVerboseTypesWithArgumentsTest.java,Foo,withLong,0,1,void,public,false,false,true,false
C:\Users\simon\Documents\Code\thesis-code\mockito-main\mockito-core\src\test\java\org\mockitousage\verification\PrintingVerboseTypesWithArgumentsTest.java,PrintingVerboseTypesWithArgumentsTest.java,Foo,withLongAndInt,0,2,void,public,false,false,true,false
C:\Users\simon\Documents\Code\thesis-code\mockito-main\mockito-core\src\test\java\org\mockitousage\verification\PrintingVerboseTypesWithArgumentsTest.java,PrintingVerboseTypesWithArgumentsTest.java,Foo,should_not_report_argument_types_when_to_string_is_the_same,3,0,void,public,true,false,true,false
C:\Users\simon\Documents\Code\thesis-code\mockito-main\mockito-core\src\test\java\org\mockitousage\verification\PrintingVerboseTypesWithArgumentsTest.java,PrintingVerboseTypesWithArgumentsTest.java,Foo,should_show_the_type_of_only_the_argument_that_doesnt_match,3,0,void,public,true,false,true,false
C:\Users\simon\Documents\Code\thesis-code\mockito-main\mockito-core\src\test\java\org\mockitousage\verification\PrintingVerboseTypesWithArgumentsTest.java,PrintingVerboseTypesWithArgumentsTest.java,Foo,should_show_the_type_of_the_mismatching_argument_when_output_descriptions_for_invocations_are_different,3,0,void,public,true,false,true,false
C:\Users\simon\Documents\Code\thesis-code\mockito-main\mockito-core\src\test\java\org\mockitousage\verification\PrintingVerboseTypesWithArgumentsTest.java,PrintingVerboseTypesWithArgumentsTest.java,Foo,should_not_show_types_when_argument_value_is_different,3,0,void,public,true,false,true,false
C:\Users\simon\Documents\Code\thesis-code\mockito-main\mockito-core\src\test\java\org\mockitousage\verification\PrintingVerboseTypesWithArgumentsTest.java,PrintingVerboseTypesWithArgumentsTest.java,Foo,equals,1,1,boolean,public,false,false,true,false
C:\Users\simon\Documents\Code\thesis-code\mockito-main\mockito-core\src\test\java\org\mockitousage\verification\PrintingVerboseTypesWithArgumentsTest.java,PrintingVerboseTypesWithArgumentsTest.java,Foo,hashCode,1,0,int,public,false,false,true,false
C:\Users\simon\Documents\Code\thesis-code\mockito-main\mockito-core\src\test\java\org\mockitousage\verification\PrintingVerboseTypesWithArgumentsTest.java,PrintingVerboseTypesWithArgumentsTest.java,Foo,toString,1,0,String,public,false,false,true,false
C:\Users\simon\Documents\Code\thesis-code\mockito-main\mockito-core\src\test\java\org\mockitousage\verification\PrintingVerboseTypesWithArgumentsTest.java,PrintingVerboseTypesWithArgumentsTest.java,Foo,should_not_show_types_when_types_are_the_same_even_if_to_string_gives_the_same_result,3,0,void,public,true,false,true,false
C:\Users\simon\Documents\Code\thesis-code\mockito-main\mockito-core\src\test\java\org\mockitousage\verification\RelaxedVerificationInOrderTest.java,RelaxedVerificationInOrderTest.java,RelaxedVerificationInOrderTest,setUp,10,0,void,public,false,false,true,true
C:\Users\simon\Documents\Code\thesis-code\mockito-main\mockito-core\src\test\java\org\mockitousage\verification\RelaxedVerificationInOrderTest.java,RelaxedVerificationInOrderTest.java,RelaxedVerificationInOrderTest,shouldVerifyInOrderAllInvocations,6,0,void,public,true,false,true,true
C:\Users\simon\Documents\Code\thesis-code\mockito-main\mockito-core\src\test\java\org\mockitousage\verification\RelaxedVerificationInOrderTest.java,RelaxedVerificationInOrderTest.java,RelaxedVerificationInOrderTest,shouldVerifyInOrderAndBeRelaxed,3,0,void,public,true,false,true,true
C:\Users\simon\Documents\Code\thesis-code\mockito-main\mockito-core\src\test\java\org\mockitousage\verification\RelaxedVerificationInOrderTest.java,RelaxedVerificationInOrderTest.java,RelaxedVerificationInOrderTest,shouldAllowFirstChunkBeforeLastInvocation,3,0,void,public,true,false,true,true
C:\Users\simon\Documents\Code\thesis-code\mockito-main\mockito-core\src\test\java\org\mockitousage\verification\RelaxedVerificationInOrderTest.java,RelaxedVerificationInOrderTest.java,RelaxedVerificationInOrderTest,shouldAllowAllChunksBeforeLastInvocation,3,0,void,public,true,false,true,true
C:\Users\simon\Documents\Code\thesis-code\mockito-main\mockito-core\src\test\java\org\mockitousage\verification\RelaxedVerificationInOrderTest.java,RelaxedVerificationInOrderTest.java,RelaxedVerificationInOrderTest,shouldVerifyDetectFirstChunkOfInvocationThatExistInManyChunks,3,0,void,public,true,false,true,true
C:\Users\simon\Documents\Code\thesis-code\mockito-main\mockito-core\src\test\java\org\mockitousage\verification\RelaxedVerificationInOrderTest.java,RelaxedVerificationInOrderTest.java,RelaxedVerificationInOrderTest,shouldVerifyDetectAllChunksOfInvocationThatExistInManyChunks,3,0,void,public,true,false,true,true
C:\Users\simon\Documents\Code\thesis-code\mockito-main\mockito-core\src\test\java\org\mockitousage\verification\RelaxedVerificationInOrderTest.java,RelaxedVerificationInOrderTest.java,RelaxedVerificationInOrderTest,shouldVerifyInteractionsFromAllChunksWhenAtLeastOnceMode,3,0,void,public,true,false,true,true
C:\Users\simon\Documents\Code\thesis-code\mockito-main\mockito-core\src\test\java\org\mockitousage\verification\RelaxedVerificationInOrderTest.java,RelaxedVerificationInOrderTest.java,RelaxedVerificationInOrderTest,shouldVerifyInteractionsFromFirstChunk,2,0,void,public,true,false,true,true
C:\Users\simon\Documents\Code\thesis-code\mockito-main\mockito-core\src\test\java\org\mockitousage\verification\RelaxedVerificationInOrderTest.java,RelaxedVerificationInOrderTest.java,RelaxedVerificationInOrderTest,shouldFailVerificationOfNonFirstChunk,1,0,void,public,true,false,true,true
C:\Users\simon\Documents\Code\thesis-code\mockito-main\mockito-core\src\test\java\org\mockitousage\verification\RelaxedVerificationInOrderTest.java,RelaxedVerificationInOrderTest.java,RelaxedVerificationInOrderTest,shouldPassOnCombinationOfTimesAndAtLeastOnce,4,0,void,public,true,false,true,true
C:\Users\simon\Documents\Code\thesis-code\mockito-main\mockito-core\src\test\java\org\mockitousage\verification\RelaxedVerificationInOrderTest.java,RelaxedVerificationInOrderTest.java,RelaxedVerificationInOrderTest,shouldPassOnEdgyCombinationOfTimesAndAtLeastOnce,6,0,void,public,true,false,true,true
C:\Users\simon\Documents\Code\thesis-code\mockito-main\mockito-core\src\test\java\org\mockitousage\verification\RelaxedVerificationInOrderTest.java,RelaxedVerificationInOrderTest.java,RelaxedVerificationInOrderTest,shouldVerifyInOrderMockTwoAndThree,4,0,void,public,true,false,true,true
C:\Users\simon\Documents\Code\thesis-code\mockito-main\mockito-core\src\test\java\org\mockitousage\verification\RelaxedVerificationInOrderTest.java,RelaxedVerificationInOrderTest.java,RelaxedVerificationInOrderTest,shouldVerifyInOrderMockOneAndThree,4,0,void,public,true,false,true,true
C:\Users\simon\Documents\Code\thesis-code\mockito-main\mockito-core\src\test\java\org\mockitousage\verification\RelaxedVerificationInOrderTest.java,RelaxedVerificationInOrderTest.java,RelaxedVerificationInOrderTest,shouldVerifyInOrderOnlyTwoInvocations,2,0,void,public,true,false,true,true
C:\Users\simon\Documents\Code\thesis-code\mockito-main\mockito-core\src\test\java\org\mockitousage\verification\RelaxedVerificationInOrderTest.java,RelaxedVerificationInOrderTest.java,RelaxedVerificationInOrderTest,shouldVerifyInOrderOnlyMockTwo,3,0,void,public,true,false,true,true
C:\Users\simon\Documents\Code\thesis-code\mockito-main\mockito-core\src\test\java\org\mockitousage\verification\RelaxedVerificationInOrderTest.java,RelaxedVerificationInOrderTest.java,RelaxedVerificationInOrderTest,shouldVerifyMockTwoCalledTwice,1,0,void,public,true,false,true,true
C:\Users\simon\Documents\Code\thesis-code\mockito-main\mockito-core\src\test\java\org\mockitousage\verification\RelaxedVerificationInOrderTest.java,RelaxedVerificationInOrderTest.java,RelaxedVerificationInOrderTest,shouldVerifyMockTwoCalledAtLeastOnce,1,0,void,public,true,false,true,true
C:\Users\simon\Documents\Code\thesis-code\mockito-main\mockito-core\src\test\java\org\mockitousage\verification\RelaxedVerificationInOrderTest.java,RelaxedVerificationInOrderTest.java,RelaxedVerificationInOrderTest,shouldFailOnWrongMethodCalledOnMockTwo,1,0,void,public,true,false,true,true
C:\Users\simon\Documents\Code\thesis-code\mockito-main\mockito-core\src\test\java\org\mockitousage\verification\RelaxedVerificationInOrderTest.java,RelaxedVerificationInOrderTest.java,RelaxedVerificationInOrderTest,shouldAllowTimesZeroButOnlyInOrder,3,0,void,public,true,false,true,true
C:\Users\simon\Documents\Code\thesis-code\mockito-main\mockito-core\src\test\java\org\mockitousage\verification\RelaxedVerificationInOrderTest.java,RelaxedVerificationInOrderTest.java,RelaxedVerificationInOrderTest,shouldFailTimesZeroInOrder,2,0,void,public,true,false,true,true
C:\Users\simon\Documents\Code\thesis-code\mockito-main\mockito-core\src\test\java\org\mockitousage\verification\RelaxedVerificationInOrderTest.java,RelaxedVerificationInOrderTest.java,RelaxedVerificationInOrderTest,shouldFailWhenMockTwoWantedZeroTimes,1,0,void,public,true,false,true,true
C:\Users\simon\Documents\Code\thesis-code\mockito-main\mockito-core\src\test\java\org\mockitousage\verification\RelaxedVerificationInOrderTest.java,RelaxedVerificationInOrderTest.java,RelaxedVerificationInOrderTest,shouldVerifyLastInvocation,1,0,void,public,true,false,true,true
C:\Users\simon\Documents\Code\thesis-code\mockito-main\mockito-core\src\test\java\org\mockitousage\verification\RelaxedVerificationInOrderTest.java,RelaxedVerificationInOrderTest.java,RelaxedVerificationInOrderTest,shouldVerifySecondAndLastInvocation,2,0,void,public,true,false,true,true
C:\Users\simon\Documents\Code\thesis-code\mockito-main\mockito-core\src\test\java\org\mockitousage\verification\RelaxedVerificationInOrderTest.java,RelaxedVerificationInOrderTest.java,RelaxedVerificationInOrderTest,shouldVerifySecondAndLastInvocationWhenAtLeastOnceUsed,2,0,void,public,true,false,true,true
C:\Users\simon\Documents\Code\thesis-code\mockito-main\mockito-core\src\test\java\org\mockitousage\verification\RelaxedVerificationInOrderTest.java,RelaxedVerificationInOrderTest.java,RelaxedVerificationInOrderTest,shouldFailOnLastTwoInvocationsInWrongOrder,2,0,void,public,true,false,true,true
C:\Users\simon\Documents\Code\thesis-code\mockito-main\mockito-core\src\test\java\org\mockitousage\verification\RelaxedVerificationInOrderTest.java,RelaxedVerificationInOrderTest.java,RelaxedVerificationInOrderTest,shouldFailOnLastAndFirstInWrongOrder,2,0,void,public,true,false,true,true
C:\Users\simon\Documents\Code\thesis-code\mockito-main\mockito-core\src\test\java\org\mockitousage\verification\RelaxedVerificationInOrderTest.java,RelaxedVerificationInOrderTest.java,RelaxedVerificationInOrderTest,shouldFailOnWrongMethodAfterLastInvocation,2,0,void,public,true,false,true,true
C:\Users\simon\Documents\Code\thesis-code\mockito-main\mockito-core\src\test\java\org\mockitousage\verification\SelectedMocksInOrderVerificationTest.java,SelectedMocksInOrderVerificationTest.java,SelectedMocksInOrderVerificationTest,setUp,9,0,void,public,false,false,true,true
C:\Users\simon\Documents\Code\thesis-code\mockito-main\mockito-core\src\test\java\org\mockitousage\verification\SelectedMocksInOrderVerificationTest.java,SelectedMocksInOrderVerificationTest.java,SelectedMocksInOrderVerificationTest,shouldVerifyAllInvocationsInOrder,7,0,void,public,true,false,true,true
C:\Users\simon\Documents\Code\thesis-code\mockito-main\mockito-core\src\test\java\org\mockitousage\verification\SelectedMocksInOrderVerificationTest.java,SelectedMocksInOrderVerificationTest.java,SelectedMocksInOrderVerificationTest,shouldVerifyInOrderMockTwoAndThree,5,0,void,public,true,false,true,true
C:\Users\simon\Documents\Code\thesis-code\mockito-main\mockito-core\src\test\java\org\mockitousage\verification\SelectedMocksInOrderVerificationTest.java,SelectedMocksInOrderVerificationTest.java,SelectedMocksInOrderVerificationTest,shouldVerifyInOrderMockOneAndThree,5,0,void,public,true,false,true,true
C:\Users\simon\Documents\Code\thesis-code\mockito-main\mockito-core\src\test\java\org\mockitousage\verification\SelectedMocksInOrderVerificationTest.java,SelectedMocksInOrderVerificationTest.java,SelectedMocksInOrderVerificationTest,shouldVerifyMockOneInOrder,4,0,void,public,true,false,true,true
C:\Users\simon\Documents\Code\thesis-code\mockito-main\mockito-core\src\test\java\org\mockitousage\verification\SelectedMocksInOrderVerificationTest.java,SelectedMocksInOrderVerificationTest.java,SelectedMocksInOrderVerificationTest,shouldFailVerificationForMockOne,3,0,void,public,true,false,true,true
C:\Users\simon\Documents\Code\thesis-code\mockito-main\mockito-core\src\test\java\org\mockitousage\verification\SelectedMocksInOrderVerificationTest.java,SelectedMocksInOrderVerificationTest.java,SelectedMocksInOrderVerificationTest,shouldFailVerificationForMockOneBecauseOfWrongOrder,3,0,void,public,true,false,true,true
C:\Users\simon\Documents\Code\thesis-code\mockito-main\mockito-core\src\test\java\org\mockitousage\verification\SelectedMocksInOrderVerificationTest.java,SelectedMocksInOrderVerificationTest.java,SelectedMocksInOrderVerificationTest,shouldVerifyMockTwoWhenThreeTimesUsed,3,0,void,public,true,false,true,true
C:\Users\simon\Documents\Code\thesis-code\mockito-main\mockito-core\src\test\java\org\mockitousage\verification\SelectedMocksInOrderVerificationTest.java,SelectedMocksInOrderVerificationTest.java,SelectedMocksInOrderVerificationTest,shouldVerifyMockTwo,3,0,void,public,true,false,true,true
C:\Users\simon\Documents\Code\thesis-code\mockito-main\mockito-core\src\test\java\org\mockitousage\verification\SelectedMocksInOrderVerificationTest.java,SelectedMocksInOrderVerificationTest.java,SelectedMocksInOrderVerificationTest,shouldFailVerificationForMockTwo,2,0,void,public,true,false,true,true
C:\Users\simon\Documents\Code\thesis-code\mockito-main\mockito-core\src\test\java\org\mockitousage\verification\SelectedMocksInOrderVerificationTest.java,SelectedMocksInOrderVerificationTest.java,SelectedMocksInOrderVerificationTest,shouldThrowNoMoreInvocationsForMockTwo,2,0,void,public,true,false,true,true
C:\Users\simon\Documents\Code\thesis-code\mockito-main\mockito-core\src\test\java\org\mockitousage\verification\SelectedMocksInOrderVerificationTest.java,SelectedMocksInOrderVerificationTest.java,SelectedMocksInOrderVerificationTest,shouldThrowTooFewInvocationsForMockTwo,2,0,void,public,true,false,true,true
C:\Users\simon\Documents\Code\thesis-code\mockito-main\mockito-core\src\test\java\org\mockitousage\verification\SelectedMocksInOrderVerificationTest.java,SelectedMocksInOrderVerificationTest.java,SelectedMocksInOrderVerificationTest,shouldThrowTooManyInvocationsForMockTwo,2,0,void,public,true,false,true,true
C:\Users\simon\Documents\Code\thesis-code\mockito-main\mockito-core\src\test\java\org\mockitousage\verification\SelectedMocksInOrderVerificationTest.java,SelectedMocksInOrderVerificationTest.java,SelectedMocksInOrderVerificationTest,shouldAllowThreeTimesOnMockTwo,3,0,void,public,true,false,true,true
C:\Users\simon\Documents\Code\thesis-code\mockito-main\mockito-core\src\test\java\org\mockitousage\verification\SelectedMocksInOrderVerificationTest.java,SelectedMocksInOrderVerificationTest.java,SelectedMocksInOrderVerificationTest,shouldVerifyMockTwoCompletely,5,0,void,public,true,false,true,true
C:\Users\simon\Documents\Code\thesis-code\mockito-main\mockito-core\src\test\java\org\mockitousage\verification\SelectedMocksInOrderVerificationTest.java,SelectedMocksInOrderVerificationTest.java,SelectedMocksInOrderVerificationTest,shouldAllowTwoTimesOnMockTwo,3,0,void,public,true,false,true,true
C:\Users\simon\Documents\Code\thesis-code\mockito-main\mockito-core\src\test\java\org\mockitousage\verification\VerificationExcludingStubsTest.java,VerificationExcludingStubsTest.java,VerificationExcludingStubsTest,shouldAllowToExcludeStubsForVerification,7,0,void,public,true,false,true,true
C:\Users\simon\Documents\Code\thesis-code\mockito-main\mockito-core\src\test\java\org\mockitousage\verification\VerificationExcludingStubsTest.java,VerificationExcludingStubsTest.java,VerificationExcludingStubsTest,shouldExcludeFromVerificationInOrder,9,0,void,public,true,false,true,true
C:\Users\simon\Documents\Code\thesis-code\mockito-main\mockito-core\src\test\java\org\mockitousage\verification\VerificationExcludingStubsTest.java,VerificationExcludingStubsTest.java,VerificationExcludingStubsTest,shouldIgnoringStubsDetectNulls,1,0,void,public,true,false,true,true
C:\Users\simon\Documents\Code\thesis-code\mockito-main\mockito-core\src\test\java\org\mockitousage\verification\VerificationExcludingStubsTest.java,VerificationExcludingStubsTest.java,VerificationExcludingStubsTest,shouldIgnoringStubsDetectNonMocks,1,0,void,public,true,false,true,true
C:\Users\simon\Documents\Code\thesis-code\mockito-main\mockito-core\src\test\java\org\mockitousage\verification\VerificationInOrderMixedWithOrdinaryVerificationTest.java,VerificationInOrderMixedWithOrdinaryVerificationTest.java,VerificationInOrderMixedWithOrdinaryVerificationTest,setUp,9,0,void,public,false,false,true,true
C:\Users\simon\Documents\Code\thesis-code\mockito-main\mockito-core\src\test\java\org\mockitousage\verification\VerificationInOrderMixedWithOrdinaryVerificationTest.java,VerificationInOrderMixedWithOrdinaryVerificationTest.java,VerificationInOrderMixedWithOrdinaryVerificationTest,shouldMixVerificationInOrderAndOrdinaryVerification,5,0,void,public,true,false,true,true
C:\Users\simon\Documents\Code\thesis-code\mockito-main\mockito-core\src\test\java\org\mockitousage\verification\VerificationInOrderMixedWithOrdinaryVerificationTest.java,VerificationInOrderMixedWithOrdinaryVerificationTest.java,VerificationInOrderMixedWithOrdinaryVerificationTest,shouldAllowOrdinarilyVerifyingMockPassedToInOrderObject,5,0,void,public,true,false,true,true
C:\Users\simon\Documents\Code\thesis-code\mockito-main\mockito-core\src\test\java\org\mockitousage\verification\VerificationInOrderMixedWithOrdinaryVerificationTest.java,VerificationInOrderMixedWithOrdinaryVerificationTest.java,VerificationInOrderMixedWithOrdinaryVerificationTest,shouldAllowRedundantVerifications,8,0,void,public,true,false,true,true
C:\Users\simon\Documents\Code\thesis-code\mockito-main\mockito-core\src\test\java\org\mockitousage\verification\VerificationInOrderMixedWithOrdinaryVerificationTest.java,VerificationInOrderMixedWithOrdinaryVerificationTest.java,VerificationInOrderMixedWithOrdinaryVerificationTest,shouldFailOnNoMoreInteractions,4,0,void,public,true,false,true,true
C:\Users\simon\Documents\Code\thesis-code\mockito-main\mockito-core\src\test\java\org\mockitousage\verification\VerificationInOrderMixedWithOrdinaryVerificationTest.java,VerificationInOrderMixedWithOrdinaryVerificationTest.java,VerificationInOrderMixedWithOrdinaryVerificationTest,shouldFailOnNoMoreInteractionsOnMockVerifiedInOrder,4,0,void,public,true,false,true,true
C:\Users\simon\Documents\Code\thesis-code\mockito-main\mockito-core\src\test\java\org\mockitousage\verification\VerificationInOrderMixedWithOrdinaryVerificationTest.java,VerificationInOrderMixedWithOrdinaryVerificationTest.java,VerificationInOrderMixedWithOrdinaryVerificationTest,shouldAllowOneMethodVerifiedInOrder,3,0,void,public,true,false,true,true
C:\Users\simon\Documents\Code\thesis-code\mockito-main\mockito-core\src\test\java\org\mockitousage\verification\VerificationInOrderMixedWithOrdinaryVerificationTest.java,VerificationInOrderMixedWithOrdinaryVerificationTest.java,VerificationInOrderMixedWithOrdinaryVerificationTest,shouldFailOnLastInvocationTooEarly,4,0,void,public,true,false,true,true
C:\Users\simon\Documents\Code\thesis-code\mockito-main\mockito-core\src\test\java\org\mockitousage\verification\VerificationInOrderMixedWithOrdinaryVerificationTest.java,VerificationInOrderMixedWithOrdinaryVerificationTest.java,VerificationInOrderMixedWithOrdinaryVerificationTest,shouldScreamWhenUnfamiliarMockPassedToInOrderObject,1,0,void,public,true,false,true,true
C:\Users\simon\Documents\Code\thesis-code\mockito-main\mockito-core\src\test\java\org\mockitousage\verification\VerificationInOrderMixedWithOrdinaryVerificationTest.java,VerificationInOrderMixedWithOrdinaryVerificationTest.java,VerificationInOrderMixedWithOrdinaryVerificationTest,shouldUseEqualsToVerifyMethodArguments,10,0,void,public,true,false,true,true
C:\Users\simon\Documents\Code\thesis-code\mockito-main\mockito-core\src\test\java\org\mockitousage\verification\VerificationInOrderMixedWithOrdinaryVerificationTest.java,VerificationInOrderMixedWithOrdinaryVerificationTest.java,VerificationInOrderMixedWithOrdinaryVerificationTest,shouldUseEqualsToVerifyMethodVarargs,10,0,void,public,true,false,true,true
C:\Users\simon\Documents\Code\thesis-code\mockito-main\mockito-core\src\test\java\org\mockitousage\verification\VerificationInOrderTest.java,VerificationInOrderTest.java,VerificationInOrderTest,setUp,4,0,void,public,false,false,true,true
C:\Users\simon\Documents\Code\thesis-code\mockito-main\mockito-core\src\test\java\org\mockitousage\verification\VerificationInOrderTest.java,VerificationInOrderTest.java,VerificationInOrderTest,shouldVerifySingleMockInOrderAndNotInOrder,8,0,void,public,true,false,true,true
C:\Users\simon\Documents\Code\thesis-code\mockito-main\mockito-core\src\test\java\org\mockitousage\verification\VerificationInOrderTest.java,VerificationInOrderTest.java,VerificationInOrderTest,shouldMessagesPointToProperMethod,3,0,void,public,true,false,true,true
C:\Users\simon\Documents\Code\thesis-code\mockito-main\mockito-core\src\test\java\org\mockitousage\verification\VerificationInOrderTest.java,VerificationInOrderTest.java,VerificationInOrderTest,shouldVerifyInOrderWhenTwoChunksAreEqual,9,0,void,public,true,false,true,true
C:\Users\simon\Documents\Code\thesis-code\mockito-main\mockito-core\src\test\java\org\mockitousage\verification\VerificationInOrderTest.java,VerificationInOrderTest.java,VerificationInOrderTest,shouldVerifyInOrderUsingMatcher,10,0,void,public,true,false,true,true
C:\Users\simon\Documents\Code\thesis-code\mockito-main\mockito-core\src\test\java\org\mockitousage\verification\VerificationInOrderWithCallsTest.java,VerificationInOrderWithCallsTest.java,VerificationInOrderWithCallsTest,shouldFailWhenMethodNotCalled,4,0,void,public,true,false,true,true
C:\Users\simon\Documents\Code\thesis-code\mockito-main\mockito-core\src\test\java\org\mockitousage\verification\VerificationInOrderWithCallsTest.java,VerificationInOrderWithCallsTest.java,VerificationInOrderWithCallsTest,shouldFailWhenMethodCalledTooFewTimes,5,0,void,public,true,false,true,true
C:\Users\simon\Documents\Code\thesis-code\mockito-main\mockito-core\src\test\java\org\mockitousage\verification\VerificationInOrderWithCallsTest.java,VerificationInOrderWithCallsTest.java,VerificationInOrderWithCallsTest,shouldFailWhenSingleMethodCallsAreOutOfSequence,5,0,void,public,true,false,true,true
C:\Users\simon\Documents\Code\thesis-code\mockito-main\mockito-core\src\test\java\org\mockitousage\verification\VerificationInOrderWithCallsTest.java,VerificationInOrderWithCallsTest.java,VerificationInOrderWithCallsTest,shouldFailWhenDifferentMethodCallsAreOutOfSequence,5,0,void,public,true,false,true,true
C:\Users\simon\Documents\Code\thesis-code\mockito-main\mockito-core\src\test\java\org\mockitousage\verification\VerificationInOrderWithCallsTest.java,VerificationInOrderWithCallsTest.java,VerificationInOrderWithCallsTest,shouldFailWhenMethodCallsOnDifferentMocksAreOutOfSequence,5,0,void,public,true,false,true,true
C:\Users\simon\Documents\Code\thesis-code\mockito-main\mockito-core\src\test\java\org\mockitousage\verification\VerificationInOrderWithCallsTest.java,VerificationInOrderWithCallsTest.java,VerificationInOrderWithCallsTest,shouldAllowSequentialCallsToCallsForSingleMethod,10,0,void,public,true,false,true,true
C:\Users\simon\Documents\Code\thesis-code\mockito-main\mockito-core\src\test\java\org\mockitousage\verification\VerificationInOrderWithCallsTest.java,VerificationInOrderWithCallsTest.java,VerificationInOrderWithCallsTest,shouldAllowSequentialCallsToCallsForDifferentMethods,10,0,void,public,true,false,true,true
C:\Users\simon\Documents\Code\thesis-code\mockito-main\mockito-core\src\test\java\org\mockitousage\verification\VerificationInOrderWithCallsTest.java,VerificationInOrderWithCallsTest.java,VerificationInOrderWithCallsTest,shouldAllowSequentialCallsToCallsForMethodsOnDifferentMocks,11,0,void,public,true,false,true,true
C:\Users\simon\Documents\Code\thesis-code\mockito-main\mockito-core\src\test\java\org\mockitousage\verification\VerificationInOrderWithCallsTest.java,VerificationInOrderWithCallsTest.java,VerificationInOrderWithCallsTest,shouldAllowFewerCallsForSingleMethod,10,0,void,public,true,false,true,true
C:\Users\simon\Documents\Code\thesis-code\mockito-main\mockito-core\src\test\java\org\mockitousage\verification\VerificationInOrderWithCallsTest.java,VerificationInOrderWithCallsTest.java,VerificationInOrderWithCallsTest,shouldNotVerifySkippedCallsWhenFewerCallsForSingleMethod,9,0,void,public,true,false,true,true
C:\Users\simon\Documents\Code\thesis-code\mockito-main\mockito-core\src\test\java\org\mockitousage\verification\VerificationInOrderWithCallsTest.java,VerificationInOrderWithCallsTest.java,VerificationInOrderWithCallsTest,shouldNotVerifySkippedCallsInInOrderWhenFewerCallsForSingleMethod,7,0,void,public,true,false,true,true
C:\Users\simon\Documents\Code\thesis-code\mockito-main\mockito-core\src\test\java\org\mockitousage\verification\VerificationInOrderWithCallsTest.java,VerificationInOrderWithCallsTest.java,VerificationInOrderWithCallsTest,shouldAllowFewerCallsForDifferentMethods,10,0,void,public,true,false,true,true
C:\Users\simon\Documents\Code\thesis-code\mockito-main\mockito-core\src\test\java\org\mockitousage\verification\VerificationInOrderWithCallsTest.java,VerificationInOrderWithCallsTest.java,VerificationInOrderWithCallsTest,shouldNotVerifySkippedCallsWhenFewerCallsForDifferentMethods,9,0,void,public,true,false,true,true
C:\Users\simon\Documents\Code\thesis-code\mockito-main\mockito-core\src\test\java\org\mockitousage\verification\VerificationInOrderWithCallsTest.java,VerificationInOrderWithCallsTest.java,VerificationInOrderWithCallsTest,shouldNotVerifySkippedCallsInInOrderWhenFewerCallsForDifferentMethods,7,0,void,public,true,false,true,true
C:\Users\simon\Documents\Code\thesis-code\mockito-main\mockito-core\src\test\java\org\mockitousage\verification\VerificationInOrderWithCallsTest.java,VerificationInOrderWithCallsTest.java,VerificationInOrderWithCallsTest,shouldAllowFewerCallsForMethodsOnDifferentMocks,10,0,void,public,true,false,true,true
C:\Users\simon\Documents\Code\thesis-code\mockito-main\mockito-core\src\test\java\org\mockitousage\verification\VerificationInOrderWithCallsTest.java,VerificationInOrderWithCallsTest.java,VerificationInOrderWithCallsTest,shouldNotVerifySkippedCallsWhenFewerCallsForMethodsOnDifferentMocks,9,0,void,public,true,false,true,true
C:\Users\simon\Documents\Code\thesis-code\mockito-main\mockito-core\src\test\java\org\mockitousage\verification\VerificationInOrderWithCallsTest.java,VerificationInOrderWithCallsTest.java,VerificationInOrderWithCallsTest,shouldNotVerifySkippedCallsInInOrderWhenFewerCallsForMethodsOnDifferentMocks,7,0,void,public,true,false,true,true
C:\Users\simon\Documents\Code\thesis-code\mockito-main\mockito-core\src\test\java\org\mockitousage\verification\VerificationInOrderWithCallsTest.java,VerificationInOrderWithCallsTest.java,VerificationInOrderWithCallsTest,shouldVerifyWithCallsAfterUseOfTimes,8,0,void,public,true,false,true,true
C:\Users\simon\Documents\Code\thesis-code\mockito-main\mockito-core\src\test\java\org\mockitousage\verification\VerificationInOrderWithCallsTest.java,VerificationInOrderWithCallsTest.java,VerificationInOrderWithCallsTest,shouldVerifyWithCallsAfterUseOfAtLeast,6,0,void,public,true,false,true,true
C:\Users\simon\Documents\Code\thesis-code\mockito-main\mockito-core\src\test\java\org\mockitousage\verification\VerificationInOrderWithCallsTest.java,VerificationInOrderWithCallsTest.java,VerificationInOrderWithCallsTest,shouldVerifyWithTimesAfterUseOfCalls,8,0,void,public,true,false,true,true
C:\Users\simon\Documents\Code\thesis-code\mockito-main\mockito-core\src\test\java\org\mockitousage\verification\VerificationInOrderWithCallsTest.java,VerificationInOrderWithCallsTest.java,VerificationInOrderWithCallsTest,shouldVerifyWithAtLeastAfterUseOfCalls,8,0,void,public,true,false,true,true
C:\Users\simon\Documents\Code\thesis-code\mockito-main\mockito-core\src\test\java\org\mockitousage\verification\VerificationInOrderWithCallsTest.java,VerificationInOrderWithCallsTest.java,VerificationInOrderWithCallsTest,shouldVerifyWithTimesAfterCallsInSameChunk,7,0,void,public,true,false,true,true
C:\Users\simon\Documents\Code\thesis-code\mockito-main\mockito-core\src\test\java\org\mockitousage\verification\VerificationInOrderWithCallsTest.java,VerificationInOrderWithCallsTest.java,VerificationInOrderWithCallsTest,shouldFailToCreateCallsWithZeroArgument,2,0,void,public,true,false,true,true
C:\Users\simon\Documents\Code\thesis-code\mockito-main\mockito-core\src\test\java\org\mockitousage\verification\VerificationInOrderWithCallsTest.java,VerificationInOrderWithCallsTest.java,VerificationInOrderWithCallsTest,shouldFailToCreateCallsWithNegativeArgument,2,0,void,public,true,false,true,true
C:\Users\simon\Documents\Code\thesis-code\mockito-main\mockito-core\src\test\java\org\mockitousage\verification\VerificationInOrderWithCallsTest.java,VerificationInOrderWithCallsTest.java,VerificationInOrderWithCallsTest,shouldFailToCreateCallsForNonInOrderVerification,2,0,void,public,true,false,true,true
C:\Users\simon\Documents\Code\thesis-code\mockito-main\mockito-core\src\test\java\org\mockitousage\verification\VerificationInOrderWithTimeoutTest.java,VerificationInOrderWithTimeoutTest.java,VerificationInOrderWithTimeoutTest,setUp,1,0,void,public,false,false,true,true
C:\Users\simon\Documents\Code\thesis-code\mockito-main\mockito-core\src\test\java\org\mockitousage\verification\VerificationInOrderWithTimeoutTest.java,VerificationInOrderWithTimeoutTest.java,VerificationInOrderWithTimeoutTest,tearDown,1,0,void,public,false,false,true,true
C:\Users\simon\Documents\Code\thesis-code\mockito-main\mockito-core\src\test\java\org\mockitousage\verification\VerificationInOrderWithTimeoutTest.java,VerificationInOrderWithTimeoutTest.java,VerificationInOrderWithTimeoutTest,should_not_allow_in_order_with_after,1,0,void,public,true,false,true,true
C:\Users\simon\Documents\Code\thesis-code\mockito-main\mockito-core\src\test\java\org\mockitousage\verification\VerificationInOrderWithTimeoutTest.java,VerificationInOrderWithTimeoutTest.java,VerificationInOrderWithTimeoutTest,call,1,0,void,public,false,false,true,true
C:\Users\simon\Documents\Code\thesis-code\mockito-main\mockito-core\src\test\java\org\mockitousage\verification\VerificationInOrderWithTimeoutTest.java,VerificationInOrderWithTimeoutTest.java,VerificationInOrderWithTimeoutTest,should_verify_in_order_with_timeout,6,0,void,public,true,false,true,true
C:\Users\simon\Documents\Code\thesis-code\mockito-main\mockito-core\src\test\java\org\mockitousage\verification\VerificationInOrderWithTimeoutTest.java,VerificationInOrderWithTimeoutTest.java,VerificationInOrderWithTimeoutTest,should_verify_in_order_with_timeout_and_fail,5,0,void,public,true,false,true,true
C:\Users\simon\Documents\Code\thesis-code\mockito-main\mockito-core\src\test\java\org\mockitousage\verification\VerificationInOrderWithTimeoutTest.java,VerificationInOrderWithTimeoutTest.java,VerificationInOrderWithTimeoutTest,call,1,0,void,public,false,false,true,true
C:\Users\simon\Documents\Code\thesis-code\mockito-main\mockito-core\src\test\java\org\mockitousage\verification\VerificationInOrderWithTimeoutTest.java,VerificationInOrderWithTimeoutTest.java,VerificationInOrderWithTimeoutTest,should_verify_in_order_with_times_x,7,0,void,public,true,false,true,true
C:\Users\simon\Documents\Code\thesis-code\mockito-main\mockito-core\src\test\java\org\mockitousage\verification\VerificationInOrderWithTimeoutTest.java,VerificationInOrderWithTimeoutTest.java,VerificationInOrderWithTimeoutTest,should_verify_in_order_with_times_x_and_fail,7,0,void,public,true,false,true,true
C:\Users\simon\Documents\Code\thesis-code\mockito-main\mockito-core\src\test\java\org\mockitousage\verification\VerificationInOrderWithTimeoutTest.java,VerificationInOrderWithTimeoutTest.java,VerificationInOrderWithTimeoutTest,call,1,0,void,public,false,false,true,true
C:\Users\simon\Documents\Code\thesis-code\mockito-main\mockito-core\src\test\java\org\mockitousage\verification\VerificationInOrderWithTimeoutTest.java,VerificationInOrderWithTimeoutTest.java,VerificationInOrderWithTimeoutTest,should_not_allow_in_order_with_only,1,0,void,public,true,false,true,true
C:\Users\simon\Documents\Code\thesis-code\mockito-main\mockito-core\src\test\java\org\mockitousage\verification\VerificationInOrderWithTimeoutTest.java,VerificationInOrderWithTimeoutTest.java,VerificationInOrderWithTimeoutTest,call,1,0,void,public,false,false,true,true
C:\Users\simon\Documents\Code\thesis-code\mockito-main\mockito-core\src\test\java\org\mockitousage\verification\VerificationInOrderWithTimeoutTest.java,VerificationInOrderWithTimeoutTest.java,VerificationInOrderWithTimeoutTest,should_verify_in_order_with_at_least_once,7,0,void,public,true,false,true,true
C:\Users\simon\Documents\Code\thesis-code\mockito-main\mockito-core\src\test\java\org\mockitousage\verification\VerificationInOrderWithTimeoutTest.java,VerificationInOrderWithTimeoutTest.java,VerificationInOrderWithTimeoutTest,should_verify_in_order_with_at_least_once_and_fail,7,0,void,public,true,false,true,true
C:\Users\simon\Documents\Code\thesis-code\mockito-main\mockito-core\src\test\java\org\mockitousage\verification\VerificationInOrderWithTimeoutTest.java,VerificationInOrderWithTimeoutTest.java,VerificationInOrderWithTimeoutTest,call,1,0,void,public,false,false,true,true
C:\Users\simon\Documents\Code\thesis-code\mockito-main\mockito-core\src\test\java\org\mockitousage\verification\VerificationInOrderWithTimeoutTest.java,VerificationInOrderWithTimeoutTest.java,VerificationInOrderWithTimeoutTest,should_verify_in_order_with_at_least_x,7,0,void,public,true,false,true,true
C:\Users\simon\Documents\Code\thesis-code\mockito-main\mockito-core\src\test\java\org\mockitousage\verification\VerificationInOrderWithTimeoutTest.java,VerificationInOrderWithTimeoutTest.java,VerificationInOrderWithTimeoutTest,should_verify_in_order_with_at_least_x_and_fail,7,0,void,public,true,false,true,true
C:\Users\simon\Documents\Code\thesis-code\mockito-main\mockito-core\src\test\java\org\mockitousage\verification\VerificationInOrderWithTimeoutTest.java,VerificationInOrderWithTimeoutTest.java,VerificationInOrderWithTimeoutTest,call,1,0,void,public,false,false,true,true
C:\Users\simon\Documents\Code\thesis-code\mockito-main\mockito-core\src\test\java\org\mockitousage\verification\VerificationInOrderWithTimeoutTest.java,VerificationInOrderWithTimeoutTest.java,VerificationInOrderWithTimeoutTest,callMock,1,2,Runnable,private,false,false,true,true
C:\Users\simon\Documents\Code\thesis-code\mockito-main\mockito-core\src\test\java\org\mockitousage\verification\VerificationInOrderWithTimeoutTest.java,VerificationInOrderWithTimeoutTest.java,VerificationInOrderWithTimeoutTest,run,1,0,void,public,false,false,true,true
C:\Users\simon\Documents\Code\thesis-code\mockito-main\mockito-core\src\test\java\org\mockitousage\verification\VerificationOnMultipleMocksUsingMatchersTest.java,VerificationOnMultipleMocksUsingMatchersTest.java,VerificationOnMultipleMocksUsingMatchersTest,shouldVerifyUsingMatchers,11,0,void,public,true,false,true,true
C:\Users\simon\Documents\Code\thesis-code\mockito-main\mockito-core\src\test\java\org\mockitousage\verification\VerificationOnMultipleMocksUsingMatchersTest.java,VerificationOnMultipleMocksUsingMatchersTest.java,VerificationOnMultipleMocksUsingMatchersTest,shouldVerifyMultipleMocks,14,0,void,public,true,false,true,true
C:\Users\simon\Documents\Code\thesis-code\mockito-main\mockito-core\src\test\java\org\mockitousage\verification\VerificationStartedListenerTest.java,VerificationStartedListenerTest.java,VerificationStartedListenerTest,verified_mock_can_be_replaced,6,0,void,public,true,false,true,true
C:\Users\simon\Documents\Code\thesis-code\mockito-main\mockito-core\src\test\java\org\mockitousage\verification\VerificationStartedListenerTest.java,VerificationStartedListenerTest.java,VerificationStartedListenerTest,onVerificationStarted,1,1,void,public,false,false,true,true
C:\Users\simon\Documents\Code\thesis-code\mockito-main\mockito-core\src\test\java\org\mockitousage\verification\VerificationStartedListenerTest.java,VerificationStartedListenerTest.java,VerificationStartedListenerTest,verification_started_event_contains_correct_mock,4,0,void,public,true,false,true,true
C:\Users\simon\Documents\Code\thesis-code\mockito-main\mockito-core\src\test\java\org\mockitousage\verification\VerificationStartedListenerTest.java,VerificationStartedListenerTest.java,VerificationStartedListenerTest,onVerificationStarted,1,1,void,public,false,false,true,true
C:\Users\simon\Documents\Code\thesis-code\mockito-main\mockito-core\src\test\java\org\mockitousage\verification\VerificationStartedListenerTest.java,VerificationStartedListenerTest.java,VerificationStartedListenerTest,listeners_are_executed_in_sequence,5,0,void,public,true,false,true,true
C:\Users\simon\Documents\Code\thesis-code\mockito-main\mockito-core\src\test\java\org\mockitousage\verification\VerificationStartedListenerTest.java,VerificationStartedListenerTest.java,VerificationStartedListenerTest,onVerificationStarted,2,1,void,public,false,false,true,true
C:\Users\simon\Documents\Code\thesis-code\mockito-main\mockito-core\src\test\java\org\mockitousage\verification\VerificationStartedListenerTest.java,VerificationStartedListenerTest.java,VerificationStartedListenerTest,onVerificationStarted,1,1,void,public,false,false,true,true
C:\Users\simon\Documents\Code\thesis-code\mockito-main\mockito-core\src\test\java\org\mockitousage\verification\VerificationStartedListenerTest.java,VerificationStartedListenerTest.java,VerificationStartedListenerTest,shows_clean_exception_when_null_array_passed,1,0,void,public,true,false,true,true
C:\Users\simon\Documents\Code\thesis-code\mockito-main\mockito-core\src\test\java\org\mockitousage\verification\VerificationStartedListenerTest.java,VerificationStartedListenerTest.java,VerificationStartedListenerTest,shows_clean_exception_when_null_listener_passed,1,0,void,public,true,false,true,true
C:\Users\simon\Documents\Code\thesis-code\mockito-main\mockito-core\src\test\java\org\mockitousage\verification\VerificationUsingMatchersTest.java,VerificationUsingMatchersTest.java,VerificationUsingMatchersTest,setUp,1,0,void,public,false,false,true,true
C:\Users\simon\Documents\Code\thesis-code\mockito-main\mockito-core\src\test\java\org\mockitousage\verification\VerificationUsingMatchersTest.java,VerificationUsingMatchersTest.java,VerificationUsingMatchersTest,shouldVerifyExactNumberOfInvocationsUsingMatcher,4,0,void,public,true,false,true,true
C:\Users\simon\Documents\Code\thesis-code\mockito-main\mockito-core\src\test\java\org\mockitousage\verification\VerificationUsingMatchersTest.java,VerificationUsingMatchersTest.java,VerificationUsingMatchersTest,shouldVerifyUsingSameMatcher,11,0,void,public,true,false,true,true
C:\Users\simon\Documents\Code\thesis-code\mockito-main\mockito-core\src\test\java\org\mockitousage\verification\VerificationUsingMatchersTest.java,VerificationUsingMatchersTest.java,VerificationUsingMatchersTest,shouldVerifyUsingMixedMatchers,8,0,void,public,true,false,true,true
C:\Users\simon\Documents\Code\thesis-code\mockito-main\mockito-core\src\test\java\org\mockitousage\verification\VerificationWithAfterAndCaptorTest.java,VerificationWithAfterAndCaptorTest.java,VerificationWithAfterAndCaptorTest,shouldReturnListOfArgumentsWithSameSizeAsGivenInAtMostVerification,6,0,void,public,true,false,true,true
C:\Users\simon\Documents\Code\thesis-code\mockito-main\mockito-core\src\test\java\org\mockitousage\verification\VerificationWithAfterAndCaptorTest.java,VerificationWithAfterAndCaptorTest.java,VerificationWithAfterAndCaptorTest,shouldReturnListOfArgumentsWithSameSizeAsGivenInTimesVerification,7,0,void,public,true,false,true,true
C:\Users\simon\Documents\Code\thesis-code\mockito-main\mockito-core\src\test\java\org\mockitousage\verification\VerificationWithAfterAndCaptorTest.java,VerificationWithAfterAndCaptorTest.java,VerificationWithAfterAndCaptorTest,shouldReturnListOfArgumentsWithSameSizeAsGivenInAtLeastVerification,7,0,void,public,true,false,true,true
C:\Users\simon\Documents\Code\thesis-code\mockito-main\mockito-core\src\test\java\org\mockitousage\verification\VerificationWithAfterAndCaptorTest.java,VerificationWithAfterAndCaptorTest.java,VerificationWithAfterAndCaptorTest,exerciseMockNTimes,1,1,void,private,false,false,true,true
C:\Users\simon\Documents\Code\thesis-code\mockito-main\mockito-core\src\test\java\org\mockitousage\verification\VerificationWithAfterTest.java,VerificationWithAfterTest.java,VerificationWithAfterTest,run,1,0,void,public,false,false,true,true
C:\Users\simon\Documents\Code\thesis-code\mockito-main\mockito-core\src\test\java\org\mockitousage\verification\VerificationWithAfterTest.java,VerificationWithAfterTest.java,VerificationWithAfterTest,tearDown,1,0,void,public,false,false,true,true
C:\Users\simon\Documents\Code\thesis-code\mockito-main\mockito-core\src\test\java\org\mockitousage\verification\VerificationWithAfterTest.java,VerificationWithAfterTest.java,VerificationWithAfterTest,should_verify_with_after,3,0,void,public,true,false,true,true
C:\Users\simon\Documents\Code\thesis-code\mockito-main\mockito-core\src\test\java\org\mockitousage\verification\VerificationWithAfterTest.java,VerificationWithAfterTest.java,VerificationWithAfterTest,should_verify_with_after_and_fail,3,0,void,public,true,false,true,true
C:\Users\simon\Documents\Code\thesis-code\mockito-main\mockito-core\src\test\java\org\mockitousage\verification\VerificationWithAfterTest.java,VerificationWithAfterTest.java,VerificationWithAfterTest,call,1,0,void,public,false,false,true,true
C:\Users\simon\Documents\Code\thesis-code\mockito-main\mockito-core\src\test\java\org\mockitousage\verification\VerificationWithAfterTest.java,VerificationWithAfterTest.java,VerificationWithAfterTest,should_verify_with_time_x,4,0,void,public,true,false,true,true
C:\Users\simon\Documents\Code\thesis-code\mockito-main\mockito-core\src\test\java\org\mockitousage\verification\VerificationWithAfterTest.java,VerificationWithAfterTest.java,VerificationWithAfterTest,should_verify_with_time_x_and_fail,4,0,void,public,true,false,true,true
C:\Users\simon\Documents\Code\thesis-code\mockito-main\mockito-core\src\test\java\org\mockitousage\verification\VerificationWithAfterTest.java,VerificationWithAfterTest.java,VerificationWithAfterTest,call,1,0,void,public,false,false,true,true
C:\Users\simon\Documents\Code\thesis-code\mockito-main\mockito-core\src\test\java\org\mockitousage\verification\VerificationWithAfterTest.java,VerificationWithAfterTest.java,VerificationWithAfterTest,should_verify_with_at_least,3,0,void,public,true,false,true,true
C:\Users\simon\Documents\Code\thesis-code\mockito-main\mockito-core\src\test\java\org\mockitousage\verification\VerificationWithAfterTest.java,VerificationWithAfterTest.java,VerificationWithAfterTest,should_verify_with_at_least_and_fail,4,0,void,public,true,false,true,true
C:\Users\simon\Documents\Code\thesis-code\mockito-main\mockito-core\src\test\java\org\mockitousage\verification\VerificationWithAfterTest.java,VerificationWithAfterTest.java,VerificationWithAfterTest,call,1,0,void,public,false,false,true,true
C:\Users\simon\Documents\Code\thesis-code\mockito-main\mockito-core\src\test\java\org\mockitousage\verification\VerificationWithAfterTest.java,VerificationWithAfterTest.java,VerificationWithAfterTest,should_verify_with_at_most,4,0,void,public,true,false,true,true
C:\Users\simon\Documents\Code\thesis-code\mockito-main\mockito-core\src\test\java\org\mockitousage\verification\VerificationWithAfterTest.java,VerificationWithAfterTest.java,VerificationWithAfterTest,should_verify_with_at_most_and_fail,4,0,void,public,true,false,true,true
C:\Users\simon\Documents\Code\thesis-code\mockito-main\mockito-core\src\test\java\org\mockitousage\verification\VerificationWithAfterTest.java,VerificationWithAfterTest.java,VerificationWithAfterTest,call,1,0,void,public,false,false,true,true
C:\Users\simon\Documents\Code\thesis-code\mockito-main\mockito-core\src\test\java\org\mockitousage\verification\VerificationWithAfterTest.java,VerificationWithAfterTest.java,VerificationWithAfterTest,should_verify_with_never,2,0,void,public,true,false,true,true
C:\Users\simon\Documents\Code\thesis-code\mockito-main\mockito-core\src\test\java\org\mockitousage\verification\VerificationWithAfterTest.java,VerificationWithAfterTest.java,VerificationWithAfterTest,should_verify_with_never_and_fail,2,0,void,public,true,false,true,true
C:\Users\simon\Documents\Code\thesis-code\mockito-main\mockito-core\src\test\java\org\mockitousage\verification\VerificationWithAfterTest.java,VerificationWithAfterTest.java,VerificationWithAfterTest,call,1,0,void,public,false,false,true,true
C:\Users\simon\Documents\Code\thesis-code\mockito-main\mockito-core\src\test\java\org\mockitousage\verification\VerificationWithAfterTest.java,VerificationWithAfterTest.java,VerificationWithAfterTest,should_verify_with_only,3,0,void,public,true,false,true,true
C:\Users\simon\Documents\Code\thesis-code\mockito-main\mockito-core\src\test\java\org\mockitousage\verification\VerificationWithAfterTest.java,VerificationWithAfterTest.java,VerificationWithAfterTest,should_verify_with_only_and_fail,3,0,void,public,true,false,true,true
C:\Users\simon\Documents\Code\thesis-code\mockito-main\mockito-core\src\test\java\org\mockitousage\verification\VerificationWithAfterTest.java,VerificationWithAfterTest.java,VerificationWithAfterTest,call,1,0,void,public,false,false,true,true
C:\Users\simon\Documents\Code\thesis-code\mockito-main\mockito-core\src\test\java\org\mockitousage\verification\VerificationWithAfterTest.java,VerificationWithAfterTest.java,VerificationWithAfterTest,should_fail_early_when_at_most_is_used,5,0,void,public,true,false,true,true
C:\Users\simon\Documents\Code\thesis-code\mockito-main\mockito-core\src\test\java\org\mockitousage\verification\VerificationWithAfterTest.java,VerificationWithAfterTest.java,VerificationWithAfterTest,call,1,0,void,public,false,false,true,true
C:\Users\simon\Documents\Code\thesis-code\mockito-main\mockito-core\src\test\java\org\mockitousage\verification\VerificationWithAfterTest.java,VerificationWithAfterTest.java,VerificationWithAfterTest,should_fail_early_when_never_is_used,4,0,void,public,true,false,true,true
C:\Users\simon\Documents\Code\thesis-code\mockito-main\mockito-core\src\test\java\org\mockitousage\verification\VerificationWithAfterTest.java,VerificationWithAfterTest.java,VerificationWithAfterTest,call,1,0,void,public,false,false,true,true
C:\Users\simon\Documents\Code\thesis-code\mockito-main\mockito-core\src\test\java\org\mockitousage\verification\VerificationWithAfterTest.java,VerificationWithAfterTest.java,VerificationWithAfterTest,should_fail_early_when_only_is_used,5,0,void,public,true,false,true,true
C:\Users\simon\Documents\Code\thesis-code\mockito-main\mockito-core\src\test\java\org\mockitousage\verification\VerificationWithAfterTest.java,VerificationWithAfterTest.java,VerificationWithAfterTest,call,1,0,void,public,false,false,true,true
C:\Users\simon\Documents\Code\thesis-code\mockito-main\mockito-core\src\test\java\org\mockitousage\verification\VerificationWithAfterTest.java,VerificationWithAfterTest.java,VerificationWithAfterTest,should_fail_early_when_time_x_is_used,5,0,void,public,true,false,true,true
C:\Users\simon\Documents\Code\thesis-code\mockito-main\mockito-core\src\test\java\org\mockitousage\verification\VerificationWithAfterTest.java,VerificationWithAfterTest.java,VerificationWithAfterTest,call,1,0,void,public,false,false,true,true
C:\Users\simon\Documents\Code\thesis-code\mockito-main\mockito-core\src\test\java\org\mockitousage\verification\VerificationWithAfterTest.java,VerificationWithAfterTest.java,VerificationWithAfterTest,should_return_formatted_output_from_toString_when_created_with_factory_method,2,0,void,public,true,false,true,true
C:\Users\simon\Documents\Code\thesis-code\mockito-main\mockito-core\src\test\java\org\mockitousage\verification\VerificationWithAfterTest.java,VerificationWithAfterTest.java,VerificationWithAfterTest,should_return_formatted_output_from_toString_using_wrapped_verification_mode,2,0,void,public,true,false,true,true
C:\Users\simon\Documents\Code\thesis-code\mockito-main\mockito-core\src\test\java\org\mockitousage\verification\VerificationWithAfterTest.java,VerificationWithAfterTest.java,VerificationWithAfterTest,should_return_formatted_output_from_toString_when_chaining_other_verification_mode,2,0,void,public,true,false,true,true
C:\Users\simon\Documents\Code\thesis-code\mockito-main\mockito-core\src\test\java\org\mockitousage\verification\VerificationWithTimeoutTest.java,VerificationWithTimeoutTest.java,VerificationWithTimeoutTest,setUp,1,0,void,public,false,false,true,true
C:\Users\simon\Documents\Code\thesis-code\mockito-main\mockito-core\src\test\java\org\mockitousage\verification\VerificationWithTimeoutTest.java,VerificationWithTimeoutTest.java,VerificationWithTimeoutTest,tearDown,1,0,void,public,false,false,true,true
C:\Users\simon\Documents\Code\thesis-code\mockito-main\mockito-core\src\test\java\org\mockitousage\verification\VerificationWithTimeoutTest.java,VerificationWithTimeoutTest.java,VerificationWithTimeoutTest,should_verify_with_timeout,4,0,void,public,true,false,true,true
C:\Users\simon\Documents\Code\thesis-code\mockito-main\mockito-core\src\test\java\org\mockitousage\verification\VerificationWithTimeoutTest.java,VerificationWithTimeoutTest.java,VerificationWithTimeoutTest,should_verify_with_timeout_and_fail,2,0,void,public,true,false,true,true
C:\Users\simon\Documents\Code\thesis-code\mockito-main\mockito-core\src\test\java\org\mockitousage\verification\VerificationWithTimeoutTest.java,VerificationWithTimeoutTest.java,VerificationWithTimeoutTest,call,1,0,void,public,false,false,true,true
C:\Users\simon\Documents\Code\thesis-code\mockito-main\mockito-core\src\test\java\org\mockitousage\verification\VerificationWithTimeoutTest.java,VerificationWithTimeoutTest.java,VerificationWithTimeoutTest,should_verify_with_timeout_and_fail_early,5,0,void,public,true,false,true,true
C:\Users\simon\Documents\Code\thesis-code\mockito-main\mockito-core\src\test\java\org\mockitousage\verification\VerificationWithTimeoutTest.java,VerificationWithTimeoutTest.java,VerificationWithTimeoutTest,call,1,0,void,public,false,false,true,true
C:\Users\simon\Documents\Code\thesis-code\mockito-main\mockito-core\src\test\java\org\mockitousage\verification\VerificationWithTimeoutTest.java,VerificationWithTimeoutTest.java,VerificationWithTimeoutTest,should_verify_with_times_x,4,0,void,public,true,false,true,true
C:\Users\simon\Documents\Code\thesis-code\mockito-main\mockito-core\src\test\java\org\mockitousage\verification\VerificationWithTimeoutTest.java,VerificationWithTimeoutTest.java,VerificationWithTimeoutTest,should_verify_with_times_x_and_fail,3,0,void,public,true,false,true,true
C:\Users\simon\Documents\Code\thesis-code\mockito-main\mockito-core\src\test\java\org\mockitousage\verification\VerificationWithTimeoutTest.java,VerificationWithTimeoutTest.java,VerificationWithTimeoutTest,call,1,0,void,public,false,false,true,true
C:\Users\simon\Documents\Code\thesis-code\mockito-main\mockito-core\src\test\java\org\mockitousage\verification\VerificationWithTimeoutTest.java,VerificationWithTimeoutTest.java,VerificationWithTimeoutTest,should_verify_with_at_least,3,0,void,public,true,false,true,true
C:\Users\simon\Documents\Code\thesis-code\mockito-main\mockito-core\src\test\java\org\mockitousage\verification\VerificationWithTimeoutTest.java,VerificationWithTimeoutTest.java,VerificationWithTimeoutTest,should_verify_with_at_least_once,3,0,void,public,true,false,true,true
C:\Users\simon\Documents\Code\thesis-code\mockito-main\mockito-core\src\test\java\org\mockitousage\verification\VerificationWithTimeoutTest.java,VerificationWithTimeoutTest.java,VerificationWithTimeoutTest,should_verify_with_at_least_and_fail,3,0,void,public,true,false,true,true
C:\Users\simon\Documents\Code\thesis-code\mockito-main\mockito-core\src\test\java\org\mockitousage\verification\VerificationWithTimeoutTest.java,VerificationWithTimeoutTest.java,VerificationWithTimeoutTest,call,1,0,void,public,false,false,true,true
C:\Users\simon\Documents\Code\thesis-code\mockito-main\mockito-core\src\test\java\org\mockitousage\verification\VerificationWithTimeoutTest.java,VerificationWithTimeoutTest.java,VerificationWithTimeoutTest,should_verify_with_only,3,0,void,public,true,false,true,true
C:\Users\simon\Documents\Code\thesis-code\mockito-main\mockito-core\src\test\java\org\mockitousage\verification\VerificationWithTimeoutTest.java,VerificationWithTimeoutTest.java,VerificationWithTimeoutTest,should_return_formatted_output_from_toString_when_created_with_factory_method,2,0,void,public,true,false,true,true
C:\Users\simon\Documents\Code\thesis-code\mockito-main\mockito-core\src\test\java\org\mockitousage\verification\VerificationWithTimeoutTest.java,VerificationWithTimeoutTest.java,VerificationWithTimeoutTest,should_return_formatted_output_from_toString_using_wrapped_verification_mode,2,0,void,public,true,false,true,true
C:\Users\simon\Documents\Code\thesis-code\mockito-main\mockito-core\src\test\java\org\mockitousage\verification\VerificationWithTimeoutTest.java,VerificationWithTimeoutTest.java,VerificationWithTimeoutTest,should_return_formatted_output_from_toString_when_chaining_other_verification_mode,2,0,void,public,true,false,true,true
C:\Users\simon\Documents\Code\thesis-code\mockito-main\mockito-core\src\test\java\org\mockitousage\verification\VerificationWithTimeoutTest.java,VerificationWithTimeoutTest.java,VerificationWithTimeoutTest,should_verify_with_only_and_fail,3,0,void,public,true,false,true,true
C:\Users\simon\Documents\Code\thesis-code\mockito-main\mockito-core\src\test\java\org\mockitousage\verification\VerificationWithTimeoutTest.java,VerificationWithTimeoutTest.java,VerificationWithTimeoutTest,call,1,0,void,public,false,false,true,true
C:\Users\simon\Documents\Code\thesis-code\mockito-main\mockito-core\src\test\java\org\mockitousage\verification\VerificationWithTimeoutTest.java,VerificationWithTimeoutTest.java,VerificationWithTimeoutTest,should_verify_with_only_and_fail_early,5,0,void,public,true,false,true,true
C:\Users\simon\Documents\Code\thesis-code\mockito-main\mockito-core\src\test\java\org\mockitousage\verification\VerificationWithTimeoutTest.java,VerificationWithTimeoutTest.java,VerificationWithTimeoutTest,call,1,0,void,public,false,false,true,true
C:\Users\simon\Documents\Code\thesis-code\mockito-main\mockito-core\src\test\java\org\mockitousage\verification\VerificationWithTimeoutTest.java,VerificationWithTimeoutTest.java,VerificationWithTimeoutTest,callMock,1,1,Runnable,private,false,false,true,true
C:\Users\simon\Documents\Code\thesis-code\mockito-main\mockito-core\src\test\java\org\mockitousage\verification\VerificationWithTimeoutTest.java,VerificationWithTimeoutTest.java,VerificationWithTimeoutTest,run,1,0,void,public,false,false,true,true
C:\Users\simon\Documents\Code\thesis-code\mockito-main\mockito-core\src\test\java\org\mockitousage\verification\VerifyPrintsAllInvocationsOnErrorTest.java,VerifyPrintsAllInvocationsOnErrorTest.java,ExampleBuilder,shouldPrintAllInvocationsOnError,4,0,void,public,true,false,true,false
C:\Users\simon\Documents\Code\thesis-code\mockito-main\mockito-core\src\test\java\org\mockitousage\verification\VerifyPrintsAllInvocationsOnErrorTest.java,VerifyPrintsAllInvocationsOnErrorTest.java,ExampleBuilder,with,1,2,ExampleBuilder,public,false,false,true,false
C:\Users\simon\Documents\Code\thesis-code\mockito-main\mockito-core\src\testFixtures\java\org\mockitoutil\async\AsyncTestingTest.java,AsyncTestingTest.java,AsyncTestingTest,after,1,0,void,public,false,false,true,true
C:\Users\simon\Documents\Code\thesis-code\mockito-main\mockito-core\src\testFixtures\java\org\mockitoutil\async\AsyncTestingTest.java,AsyncTestingTest.java,AsyncTestingTest,sanity_test,7,0,void,public,true,false,true,true
C:\Users\simon\Documents\Code\thesis-code\mockito-main\mockito-core\src\testFixtures\java\org\mockitoutil\async\AsyncTestingTest.java,AsyncTestingTest.java,AsyncTestingTest,run,1,0,void,public,false,false,true,true
C:\Users\simon\Documents\Code\thesis-code\mockito-main\mockito-core\src\testFixtures\java\org\mockitoutil\ClassLoadersTest.java,ClassLoadersTest.java,Interface1,isolated_class_loader_cannot_load_classes_when_no_given_prefix,2,0,void,public,true,false,true,false
C:\Users\simon\Documents\Code\thesis-code\mockito-main\mockito-core\src\testFixtures\java\org\mockitoutil\ClassLoadersTest.java,ClassLoadersTest.java,Interface1,isolated_class_loader_cannot_load_classes_if_no_code_source_path,2,0,void,public,true,false,true,false
C:\Users\simon\Documents\Code\thesis-code\mockito-main\mockito-core\src\testFixtures\java\org\mockitoutil\ClassLoadersTest.java,ClassLoadersTest.java,Interface1,isolated_class_loader_cannot_load_classes_if_dependent_classes_do_not_match_the_prefixes,2,0,void,public,true,false,true,false
C:\Users\simon\Documents\Code\thesis-code\mockito-main\mockito-core\src\testFixtures\java\org\mockitoutil\ClassLoadersTest.java,ClassLoadersTest.java,Interface1,isolated_class_loader_can_load_classes_when_dependent_classes_are_matching_the_prefixes,5,0,void,public,true,false,true,false
C:\Users\simon\Documents\Code\thesis-code\mockito-main\mockito-core\src\testFixtures\java\org\mockitoutil\ClassLoadersTest.java,ClassLoadersTest.java,Interface1,isolated_class_loader_can_load_classes_isolated_classes_in_isolation,5,0,void,public,true,false,true,false
C:\Users\simon\Documents\Code\thesis-code\mockito-main\mockito-core\src\testFixtures\java\org\mockitoutil\ClassLoadersTest.java,ClassLoadersTest.java,Interface1,isolated_class_loader_cannot_load_classes_if_prefix_excluded,2,0,void,public,true,false,true,false
C:\Users\simon\Documents\Code\thesis-code\mockito-main\mockito-core\src\testFixtures\java\org\mockitoutil\ClassLoadersTest.java,ClassLoadersTest.java,Interface1,isolated_class_loader_has_no_parent,2,0,void,public,true,false,true,false
C:\Users\simon\Documents\Code\thesis-code\mockito-main\mockito-core\src\testFixtures\java\org\mockitoutil\ClassLoadersTest.java,ClassLoadersTest.java,Interface1,excluding_class_loader_cannot_load_classes_when_no_correct_source_url_set,2,0,void,public,true,false,true,false
C:\Users\simon\Documents\Code\thesis-code\mockito-main\mockito-core\src\testFixtures\java\org\mockitoutil\ClassLoadersTest.java,ClassLoadersTest.java,Interface1,excluding_class_loader_can_load_classes_when_correct_source_url_set,2,0,void,public,true,false,true,false
C:\Users\simon\Documents\Code\thesis-code\mockito-main\mockito-core\src\testFixtures\java\org\mockitoutil\ClassLoadersTest.java,ClassLoadersTest.java,Interface1,excluding_class_loader_cannot_load_class_when_excluded_prefix_match_class_to_load,3,0,void,public,true,false,true,false
C:\Users\simon\Documents\Code\thesis-code\mockito-main\mockito-core\src\testFixtures\java\org\mockitoutil\ClassLoadersTest.java,ClassLoadersTest.java,Interface1,can_not_load_a_class_not_previously_registered_in_builder,2,0,void,public,true,false,true,false
C:\Users\simon\Documents\Code\thesis-code\mockito-main\mockito-core\src\testFixtures\java\org\mockitoutil\ClassLoadersTest.java,ClassLoadersTest.java,Interface1,can_load_a_class_in_memory_from_bytes,5,0,void,public,true,false,true,false
C:\Users\simon\Documents\Code\thesis-code\mockito-main\mockito-core\src\testFixtures\java\org\mockitoutil\ClassLoadersTest.java,ClassLoadersTest.java,Interface1,cannot_load_a_class_file_not_in_parent,3,0,void,public,true,false,true,false
C:\Users\simon\Documents\Code\thesis-code\mockito-main\mockito-core\src\testFixtures\java\org\mockitoutil\ClassLoadersTest.java,ClassLoadersTest.java,Interface1,can_list_all_classes_reachable_in_a_classloader,3,0,void,public,true,false,true,false
C:\Users\simon\Documents\Code\thesis-code\mockito-main\mockito-core\src\testFixtures\java\org\mockitoutil\ClassLoadersTest.java,ClassLoadersTest.java,Interface1,return_bootstrap_classloader,4,0,void,public,true,false,true,false
C:\Users\simon\Documents\Code\thesis-code\mockito-main\mockito-core\src\testFixtures\java\org\mockitoutil\ClassLoadersTest.java,ClassLoadersTest.java,Interface1,return_current_classloader,1,0,void,public,true,false,true,false
C:\Users\simon\Documents\Code\thesis-code\mockito-main\mockito-core\src\testFixtures\java\org\mockitoutil\ClassLoadersTest.java,ClassLoadersTest.java,Interface1,can_run_in_given_classloader,4,0,void,public,true,false,true,false
C:\Users\simon\Documents\Code\thesis-code\mockito-main\mockito-core\src\testFixtures\java\org\mockitoutil\ClassLoadersTest.java,ClassLoadersTest.java,Interface1,run,4,0,void,public,false,false,true,false
C:\Users\simon\Documents\Code\thesis-code\mockito-main\mockito-core\src\testFixtures\java\org\mockitoutil\ClassLoadersTest.java,ClassLoadersTest.java,Interface1,cannot_load_runnable_in_given_classloader_if_some_type_cant_be_loaded,2,0,void,public,true,false,true,false
C:\Users\simon\Documents\Code\thesis-code\mockito-main\mockito-core\src\testFixtures\java\org\mockitoutil\ClassLoadersTest.java,ClassLoadersTest.java,Interface1,run,1,0,void,public,false,false,true,false
C:\Users\simon\Documents\Code\thesis-code\mockito-main\mockito-core\src\testFixtures\java\org\mockitoutil\SafeJUnitRuleTest.java,SafeJUnitRuleTest.java,MethodRuleStub,happy_path_no_exception,2,0,void,public,true,false,true,false
C:\Users\simon\Documents\Code\thesis-code\mockito-main\mockito-core\src\testFixtures\java\org\mockitoutil\SafeJUnitRuleTest.java,SafeJUnitRuleTest.java,MethodRuleStub,evaluate,0,0,void,public,false,false,true,false
C:\Users\simon\Documents\Code\thesis-code\mockito-main\mockito-core\src\testFixtures\java\org\mockitoutil\SafeJUnitRuleTest.java,SafeJUnitRuleTest.java,MethodRuleStub,regular_failing_test,3,0,void,public,true,false,true,false
C:\Users\simon\Documents\Code\thesis-code\mockito-main\mockito-core\src\testFixtures\java\org\mockitoutil\SafeJUnitRuleTest.java,SafeJUnitRuleTest.java,MethodRuleStub,evaluate,1,0,void,public,false,false,true,false
C:\Users\simon\Documents\Code\thesis-code\mockito-main\mockito-core\src\testFixtures\java\org\mockitoutil\SafeJUnitRuleTest.java,SafeJUnitRuleTest.java,MethodRuleStub,rule_threw_exception,2,0,void,public,true,false,true,false
C:\Users\simon\Documents\Code\thesis-code\mockito-main\mockito-core\src\testFixtures\java\org\mockitoutil\SafeJUnitRuleTest.java,SafeJUnitRuleTest.java,MethodRuleStub,evaluate,1,0,void,public,false,false,true,false
C:\Users\simon\Documents\Code\thesis-code\mockito-main\mockito-core\src\testFixtures\java\org\mockitoutil\SafeJUnitRuleTest.java,SafeJUnitRuleTest.java,MethodRuleStub,expected_exception_but_no_exception,2,0,void,public,true,false,true,false
C:\Users\simon\Documents\Code\thesis-code\mockito-main\mockito-core\src\testFixtures\java\org\mockitoutil\SafeJUnitRuleTest.java,SafeJUnitRuleTest.java,MethodRuleStub,evaluate,0,0,void,public,false,false,true,false
C:\Users\simon\Documents\Code\thesis-code\mockito-main\mockito-core\src\testFixtures\java\org\mockitoutil\SafeJUnitRuleTest.java,SafeJUnitRuleTest.java,MethodRuleStub,expected_exception_message_did_not_match,2,0,void,public,true,false,true,false
C:\Users\simon\Documents\Code\thesis-code\mockito-main\mockito-core\src\testFixtures\java\org\mockitoutil\SafeJUnitRuleTest.java,SafeJUnitRuleTest.java,MethodRuleStub,evaluate,1,0,void,public,false,false,true,false
C:\Users\simon\Documents\Code\thesis-code\mockito-main\mockito-core\src\testFixtures\java\org\mockitoutil\SafeJUnitRuleTest.java,SafeJUnitRuleTest.java,MethodRuleStub,expected_exception_type_did_not_match,2,0,void,public,true,false,true,false
C:\Users\simon\Documents\Code\thesis-code\mockito-main\mockito-core\src\testFixtures\java\org\mockitoutil\SafeJUnitRuleTest.java,SafeJUnitRuleTest.java,MethodRuleStub,evaluate,1,0,void,public,false,false,true,false
C:\Users\simon\Documents\Code\thesis-code\mockito-main\mockito-core\src\testFixtures\java\org\mockitoutil\SafeJUnitRuleTest.java,SafeJUnitRuleTest.java,MethodRuleStub,expected_exception_assert_did_not_match,2,0,void,public,true,false,true,false
C:\Users\simon\Documents\Code\thesis-code\mockito-main\mockito-core\src\testFixtures\java\org\mockitoutil\SafeJUnitRuleTest.java,SafeJUnitRuleTest.java,MethodRuleStub,doAssert,1,1,void,public,false,false,true,false
C:\Users\simon\Documents\Code\thesis-code\mockito-main\mockito-core\src\testFixtures\java\org\mockitoutil\SafeJUnitRuleTest.java,SafeJUnitRuleTest.java,MethodRuleStub,evaluate,1,0,void,public,false,false,true,false
C:\Users\simon\Documents\Code\thesis-code\mockito-main\mockito-core\src\testFixtures\java\org\mockitoutil\SafeJUnitRuleTest.java,SafeJUnitRuleTest.java,MethodRuleStub,apply,1,3,Statement,public,false,false,true,false
C:\Users\simon\Documents\Code\thesis-code\mockito-main\mockito-core\src\testFixtures\java\org\mockitoutil\SafeJUnitRuleTest.java,SafeJUnitRuleTest.java,MethodRuleStub,evaluate,2,0,void,public,false,false,true,false
C:\Users\simon\Documents\Code\thesis-code\mockito-main\mockito-core\src\testFixtures\java\org\mockitoutil\TestBase.java,TestBase.java,TestBase,hasMessageContaining,1,1,Condition<Throwable>,public; static,false,false,true,true
C:\Users\simon\Documents\Code\thesis-code\mockito-main\mockito-core\src\testFixtures\java\org\mockitoutil\TestBase.java,TestBase.java,TestBase,matches,1,1,boolean,public,false,false,true,true
C:\Users\simon\Documents\Code\thesis-code\mockito-main\mockito-core\src\testFixtures\java\org\mockitoutil\TestBase.java,TestBase.java,TestBase,cleanUpConfigInAnyCase,5,0,void,public,false,false,true,true
C:\Users\simon\Documents\Code\thesis-code\mockito-main\mockito-core\src\testFixtures\java\org\mockitoutil\TestBase.java,TestBase.java,TestBase,init,1,0,void,public,false,false,true,true
C:\Users\simon\Documents\Code\thesis-code\mockito-main\mockito-core\src\testFixtures\java\org\mockitoutil\TestBase.java,TestBase.java,TestBase,makeStackTracesClean,1,0,void,public; static,false,false,true,true
C:\Users\simon\Documents\Code\thesis-code\mockito-main\mockito-core\src\testFixtures\java\org\mockitoutil\TestBase.java,TestBase.java,TestBase,resetState,1,0,void,public,false,false,true,true
C:\Users\simon\Documents\Code\thesis-code\mockito-main\mockito-core\src\testFixtures\java\org\mockitoutil\TestBase.java,TestBase.java,TestBase,getLastInvocation,1,0,Invocation,public; static,false,false,true,true
C:\Users\simon\Documents\Code\thesis-code\mockito-main\mockito-core\src\testFixtures\java\org\mockitoutil\TestBase.java,TestBase.java,TestBase,invocationOf,3,3,Invocation,protected; static,false,false,true,true
C:\Users\simon\Documents\Code\thesis-code\mockito-main\mockito-core\src\testFixtures\java\org\mockitoutil\TestBase.java,TestBase.java,TestBase,invocationAt,1,1,Invocation,protected; static,false,false,true,true
C:\Users\simon\Documents\Code\thesis-code\mockito-main\mockito-core\src\testFixtures\java\org\mockitoutil\TestBase.java,TestBase.java,TestBase,invocationMatcherAt,1,1,InvocationMatcher,protected; static,false,false,true,true
C:\Users\simon\Documents\Code\thesis-code\mockito-main\mockito-core\src\testFixtures\java\org\mockitoutil\TestBase.java,TestBase.java,TestBase,getStackTrace,4,1,String,protected,false,false,true,true
C:\Users\simon\Documents\Code\thesis-code\mockito-main\mockito-core\src\testFixtures\java\org\mockitoutil\TestBase.java,TestBase.java,TestBase,filterLineNo,1,1,String,public; static,false,false,true,true
C:\Users\simon\Documents\Code\thesis-code\mockito-main\mockito-core\src\testFixtures\java\org\mockitoutil\TestBase.java,TestBase.java,TestBase,filterHashCode,1,1,String,public; static,false,false,true,true
C:\Users\simon\Documents\Code\thesis-code\mockito-main\mockito-core\src\testFixtures\java\org\mockitoutil\TestBaseTest.java,TestBaseTest.java,TestBaseTest,filters_line_no_from_stack_trace,6,0,void,public,true,false,true,true
