FilePath,FileName,ClassName,TotalImports,TotalMethods,TotalMethodStatements,TotalTestMethods,AnnotationCount,TestsWithoutAnnotationCount,HasTestInFileName,HasTestInClassName,junitFrameworkTest,junitFrameworkTestCase,orgJunitTest,androidTestAndroidTestCase,androidTestInstrumentationTestCase,orgJunitAssert,androidTestActivityInstrumentationTestCase2,HasTechnicalDebtComment
C:\Users\simon\Documents\Code\thesis-code\mockito-main\mockito-core\src\main\java\org\mockito\internal\junit\TestFinishedEvent.java,TestFinishedEvent.java,TestFinishedEvent,0,2,0,0,0,0,true,true,false,false,false,false,false,false,false,false
C:\Users\simon\Documents\Code\thesis-code\mockito-main\mockito-core\src\main\java\org\mockito\internal\runners\util\TestMethodsFinder.java,TestMethodsFinder.java,TestMethodsFinder,2,1,3,0,0,0,true,true,false,false,true,false,false,false,false,false
C:\Users\simon\Documents\Code\thesis-code\mockito-main\mockito-core\src\test\java\org\concurrentmockito\ThreadsRunAllTestsHalfManualTest.java,ThreadsRunAllTestsHalfManualTest.java,AllTestsRunner,65,5,16,1,1,0,true,false,false,false,true,false,false,false,false,false
C:\Users\simon\Documents\Code\thesis-code\mockito-main\mockito-core\src\test\java\org\concurrentmockito\ThreadsShareAMockTest.java,ThreadsShareAMockTest.java,ThreadsShareAMockTest,4,3,7,1,1,0,true,true,false,false,true,false,false,false,false,false
C:\Users\simon\Documents\Code\thesis-code\mockito-main\mockito-core\src\test\java\org\concurrentmockito\ThreadsShareGenerouslyStubbedMockTest.java,ThreadsShareGenerouslyStubbedMockTest.java,ThreadsShareGenerouslyStubbedMockTest,5,3,7,1,1,0,true,true,false,false,true,false,false,false,false,false
C:\Users\simon\Documents\Code\thesis-code\mockito-main\mockito-core\src\test\java\org\concurrentmockito\ThreadVerifiesContinuouslyInteractingMockTest.java,ThreadVerifiesContinuouslyInteractingMockTest.java,ThreadVerifiesContinuouslyInteractingMockTest,6,3,8,1,1,0,true,true,false,false,true,false,false,false,false,false
C:\Users\simon\Documents\Code\thesis-code\mockito-main\mockito-core\src\test\java\org\concurrentmockito\VerificationInOrderFromMultipleThreadsTest.java,VerificationInOrderFromMultipleThreadsTest.java,Foo,5,5,12,1,1,0,true,false,false,false,true,false,false,false,false,false
C:\Users\simon\Documents\Code\thesis-code\mockito-main\mockito-core\src\test\java\org\mockito\AnnotationsAreCopiedFromMockedTypeTest.java,AnnotationsAreCopiedFromMockedTypeTest.java,OnMethod,12,11,25,3,3,0,true,false,false,false,true,false,false,false,false,false
C:\Users\simon\Documents\Code\thesis-code\mockito-main\mockito-core\src\test\java\org\mockito\ArgumentCaptorTest.java,ArgumentCaptorTest.java,Bar,7,5,14,4,4,0,true,false,false,false,true,false,false,false,false,false
C:\Users\simon\Documents\Code\thesis-code\mockito-main\mockito-core\src\test\java\org\mockito\DescriptionTest.java,DescriptionTest.java,Dependency,6,5,11,2,2,0,true,false,false,false,true,false,false,false,false,false
C:\Users\simon\Documents\Code\thesis-code\mockito-main\mockito-core\src\test\java\org\mockito\exceptions\base\MockitoAssertionErrorTest.java,MockitoAssertionErrorTest.java,MockitoAssertionErrorTest,4,3,5,2,2,0,true,true,false,false,true,false,false,false,false,false
C:\Users\simon\Documents\Code\thesis-code\mockito-main\mockito-core\src\test\java\org\mockito\exceptions\base\MockitoExceptionTest.java,MockitoExceptionTest.java,MockitoExceptionTest,4,2,2,1,1,0,true,true,false,false,true,false,false,false,false,false
C:\Users\simon\Documents\Code\thesis-code\mockito-main\mockito-core\src\test\java\org\mockito\exceptions\base\MockitoSerializationIssueTest.java,MockitoSerializationIssueTest.java,MockitoSerializationIssueTest,4,2,8,2,2,0,true,true,false,false,true,false,false,false,false,false
C:\Users\simon\Documents\Code\thesis-code\mockito-main\mockito-core\src\test\java\org\mockito\exceptions\stacktrace\StackTraceCleanerTest.java,StackTraceCleanerTest.java,StackTraceCleanerTest,3,4,14,1,1,0,true,true,false,false,true,false,false,false,false,false
C:\Users\simon\Documents\Code\thesis-code\mockito-main\mockito-core\src\test\java\org\mockito\internal\AllInvocationsFinderTest.java,AllInvocationsFinderTest.java,AllInvocationsFinderTest,15,6,25,4,4,0,true,true,false,false,true,false,false,false,false,false
C:\Users\simon\Documents\Code\thesis-code\mockito-main\mockito-core\src\test\java\org\mockito\internal\configuration\ClassPathLoaderTest.java,ClassPathLoaderTest.java,ClassPathLoaderTest,7,2,4,1,1,0,true,true,false,false,true,false,false,false,false,false
C:\Users\simon\Documents\Code\thesis-code\mockito-main\mockito-core\src\test\java\org\mockito\internal\configuration\GlobalConfigurationTest.java,GlobalConfigurationTest.java,CustomAnnotationEngine,9,4,5,1,1,0,true,false,false,false,true,false,false,false,false,false
C:\Users\simon\Documents\Code\thesis-code\mockito-main\mockito-core\src\test\java\org\mockito\internal\configuration\injection\ConstructorInjectionTest.java,ConstructorInjectionTest.java,ArgConstructor,11,4,8,1,1,0,true,false,false,false,true,false,false,false,false,false
C:\Users\simon\Documents\Code\thesis-code\mockito-main\mockito-core\src\test\java\org\mockito\internal\configuration\injection\SimpleArgumentResolverTest.java,SimpleArgumentResolverTest.java,SimpleArgumentResolverTest,5,4,19,3,3,0,true,true,false,false,true,false,false,true,false,false
C:\Users\simon\Documents\Code\thesis-code\mockito-main\mockito-core\src\test\java\org\mockito\internal\configuration\MockAnnotationProcessorTest.java,MockAnnotationProcessorTest.java,WrongNumberOfArgsTest,18,8,12,4,4,0,true,true,false,false,true,false,false,false,false,false
C:\Users\simon\Documents\Code\thesis-code\mockito-main\mockito-core\src\test\java\org\mockito\internal\configuration\MockInjectionTest.java,MockInjectionTest.java,AnObjectWithoutConstructor,10,12,17,8,8,0,true,false,false,false,true,false,false,false,false,false
C:\Users\simon\Documents\Code\thesis-code\mockito-main\mockito-core\src\test\java\org\mockito\internal\configuration\plugins\DefaultMockitoPluginsTest.java,DefaultMockitoPluginsTest.java,DefaultMockitoPluginsTest,15,4,12,4,4,0,true,true,false,false,true,false,false,true,false,false
C:\Users\simon\Documents\Code\thesis-code\mockito-main\mockito-core\src\test\java\org\mockito\internal\configuration\plugins\PluginFileReaderTest.java,PluginFileReaderTest.java,PluginFileReaderTest,7,3,13,2,2,0,true,true,false,false,true,false,false,false,false,false
C:\Users\simon\Documents\Code\thesis-code\mockito-main\mockito-core\src\test\java\org\mockito\internal\configuration\plugins\PluginFinderTest.java,PluginFinderTest.java,PluginFinderTest,16,8,35,8,8,0,true,true,false,false,true,false,false,true,false,false
C:\Users\simon\Documents\Code\thesis-code\mockito-main\mockito-core\src\test\java\org\mockito\internal\configuration\plugins\PluginLoaderTest.java,PluginLoaderTest.java,FooBarChildPlugin2,14,15,73,14,14,0,true,false,false,false,true,false,false,false,false,false
C:\Users\simon\Documents\Code\thesis-code\mockito-main\mockito-core\src\test\java\org\mockito\internal\creation\AbstractMockMakerTest.java,AbstractMockMakerTest.java,DummyMockHandler,12,11,29,2,2,0,true,false,false,false,true,false,false,false,false,false
C:\Users\simon\Documents\Code\thesis-code\mockito-main\mockito-core\src\test\java\org\mockito\internal\creation\bytebuddy\AbstractByteBuddyMockMakerTest.java,AbstractByteBuddyMockMakerTest.java,CallingSuperMethodClass,16,11,27,8,8,0,true,false,false,false,true,false,false,false,false,false
C:\Users\simon\Documents\Code\thesis-code\mockito-main\mockito-core\src\test\java\org\mockito\internal\creation\bytebuddy\ByteBuddyMockMakerTest.java,ByteBuddyMockMakerTest.java,ByteBuddyMockMakerTest,6,1,13,1,1,0,true,true,false,false,true,false,false,false,false,false
C:\Users\simon\Documents\Code\thesis-code\mockito-main\mockito-core\src\test\java\org\mockito\internal\creation\bytebuddy\InlineByteBuddyMockMakerTest.java,InlineByteBuddyMockMakerTest.java,InlineByteBuddyMockMakerTest,6,1,23,1,1,0,true,true,false,false,true,false,false,false,false,false
C:\Users\simon\Documents\Code\thesis-code\mockito-main\mockito-core\src\test\java\org\mockito\internal\creation\bytebuddy\InlineDelegateByteBuddyMockMakerTest.java,InlineDelegateByteBuddyMockMakerTest.java,SamePackage,29,55,164,37,37,0,true,false,false,false,true,false,false,true,false,false
C:\Users\simon\Documents\Code\thesis-code\mockito-main\mockito-core\src\test\java\org\mockito\internal\creation\bytebuddy\PlatformUtilsTest.java,PlatformUtilsTest.java,PlatformUtilsTest,7,5,11,0,0,0,true,true,false,false,false,false,false,false,false,false
C:\Users\simon\Documents\Code\thesis-code\mockito-main\mockito-core\src\test\java\org\mockito\internal\creation\bytebuddy\SubclassByteBuddyMockMakerTest.java,SubclassByteBuddyMockMakerTest.java,InterfaceWithAnnotation,13,14,57,10,10,0,true,false,false,false,true,false,false,false,false,false
C:\Users\simon\Documents\Code\thesis-code\mockito-main\mockito-core\src\test\java\org\mockito\internal\creation\bytebuddy\TypeCachingMockBytecodeGeneratorTest.java,TypeCachingMockBytecodeGeneratorTest.java,HoldingAReference,24,16,84,9,9,0,true,false,false,false,true,false,false,false,false,false
C:\Users\simon\Documents\Code\thesis-code\mockito-main\mockito-core\src\test\java\org\mockito\internal\creation\DelegatingMethodTest.java,DelegatingMethodTest.java,Something,6,8,10,5,5,0,true,false,false,false,true,false,false,false,false,false
C:\Users\simon\Documents\Code\thesis-code\mockito-main\mockito-core\src\test\java\org\mockito\internal\creation\instance\ConstructorInstantiatorTest.java,ConstructorInstantiatorTest.java,SomeClass3,5,7,8,7,7,0,true,false,false,false,true,false,false,false,false,false
C:\Users\simon\Documents\Code\thesis-code\mockito-main\mockito-core\src\test\java\org\mockito\internal\creation\InterfaceOverrideTest.java,InterfaceOverrideTest.java,CloneableInterface,3,2,3,1,1,0,true,false,false,false,true,false,false,false,false,false
C:\Users\simon\Documents\Code\thesis-code\mockito-main\mockito-core\src\test\java\org\mockito\internal\creation\MockSettingsImplTest.java,MockSettingsImplTest.java,MockSettingsImplTest,12,19,45,19,19,0,true,true,false,false,true,false,false,false,false,false
C:\Users\simon\Documents\Code\thesis-code\mockito-main\mockito-core\src\test\java\org\mockito\internal\creation\proxy\ProxyMockMakerTest.java,ProxyMockMakerTest.java,SomeInterface,6,6,22,6,6,0,true,false,false,false,true,false,false,false,false,false
C:\Users\simon\Documents\Code\thesis-code\mockito-main\mockito-core\src\test\java\org\mockito\internal\debugging\LoggingListenerTest.java,LoggingListenerTest.java,LoggingListenerTest,4,7,25,7,7,0,true,true,false,false,true,false,false,false,false,false
C:\Users\simon\Documents\Code\thesis-code\mockito-main\mockito-core\src\test\java\org\mockito\internal\debugging\VerboseMockInvocationLoggerTest.java,VerboseMockInvocationLoggerTest.java,ThirdPartyException,11,9,20,6,6,0,true,false,false,false,true,false,false,false,false,false
C:\Users\simon\Documents\Code\thesis-code\mockito-main\mockito-core\src\test\java\org\mockito\internal\debugging\WarningsFinderTest.java,WarningsFinderTest.java,WarningsFinderTest,11,3,13,3,3,0,true,true,false,false,true,false,false,false,false,false
C:\Users\simon\Documents\Code\thesis-code\mockito-main\mockito-core\src\test\java\org\mockito\internal\exceptions\ReporterTest.java,ReporterTest.java,ReporterTest,15,10,19,9,9,0,true,true,false,false,true,false,false,false,false,false
C:\Users\simon\Documents\Code\thesis-code\mockito-main\mockito-core\src\test\java\org\mockito\internal\exceptions\stacktrace\ConditionalStackTraceFilterTest.java,ConditionalStackTraceFilterTest.java,ConditionalStackTraceFilterTest,6,2,8,2,2,0,true,true,false,false,true,false,false,false,false,false
C:\Users\simon\Documents\Code\thesis-code\mockito-main\mockito-core\src\test\java\org\mockito\internal\exceptions\stacktrace\StackTraceFilterTest.java,StackTraceFilterTest.java,StackTraceFilterTest,6,10,29,10,10,0,true,true,false,false,true,false,false,false,false,false
C:\Users\simon\Documents\Code\thesis-code\mockito-main\mockito-core\src\test\java\org\mockito\internal\exceptions\util\ScenarioPrinterTest.java,ScenarioPrinterTest.java,ScenarioPrinterTest,7,2,7,2,2,0,true,true,false,false,true,false,false,false,false,false
C:\Users\simon\Documents\Code\thesis-code\mockito-main\mockito-core\src\test\java\org\mockito\internal\framework\DefaultMockitoFrameworkTest.java,DefaultMockitoFrameworkTest.java,MyListener,33,17,70,13,13,0,true,false,false,false,true,false,false,true,false,false
C:\Users\simon\Documents\Code\thesis-code\mockito-main\mockito-core\src\test\java\org\mockito\internal\hamcrest\MatcherGenericTypeExtractorTest.java,MatcherGenericTypeExtractorTest.java,InsaneEdgeCase,9,26,26,1,1,0,true,false,false,false,true,false,false,false,false,false
C:\Users\simon\Documents\Code\thesis-code\mockito-main\mockito-core\src\test\java\org\mockito\internal\handler\InvocationNotifierHandlerTest.java,InvocationNotifierHandlerTest.java,CustomListener,23,7,21,5,5,0,true,false,false,false,true,false,false,false,false,false
C:\Users\simon\Documents\Code\thesis-code\mockito-main\mockito-core\src\test\java\org\mockito\internal\handler\MockHandlerFactoryTest.java,MockHandlerFactoryTest.java,MockHandlerFactoryTest,12,2,13,2,2,0,true,true,false,false,true,false,false,false,false,false
C:\Users\simon\Documents\Code\thesis-code\mockito-main\mockito-core\src\test\java\org\mockito\internal\handler\MockHandlerImplTest.java,MockHandlerImplTest.java,AWrongType,23,4,14,3,3,0,true,false,false,false,true,false,false,false,false,false
C:\Users\simon\Documents\Code\thesis-code\mockito-main\mockito-core\src\test\java\org\mockito\internal\InOrderImplTest.java,InOrderImplTest.java,InOrderImplTest,9,1,5,1,1,0,true,true,false,false,true,false,false,false,false,false
C:\Users\simon\Documents\Code\thesis-code\mockito-main\mockito-core\src\test\java\org\mockito\internal\InvalidStateDetectionTest.java,InvalidStateDetectionTest.java,OnSpyCreation,12,18,70,6,6,0,true,false,false,false,true,false,false,false,false,false
C:\Users\simon\Documents\Code\thesis-code\mockito-main\mockito-core\src\test\java\org\mockito\internal\invocation\InvocationMarkerTest.java,InvocationMarkerTest.java,InvocationMarkerTest,8,4,19,3,3,0,true,true,false,false,true,false,false,true,false,false
C:\Users\simon\Documents\Code\thesis-code\mockito-main\mockito-core\src\test\java\org\mockito\internal\invocation\InvocationMatcherTest.java,InvocationMatcherTest.java,InvocationMatcherTest,22,14,61,13,13,0,true,true,false,false,true,false,false,false,false,false
C:\Users\simon\Documents\Code\thesis-code\mockito-main\mockito-core\src\test\java\org\mockito\internal\invocation\InvocationsFinderTest.java,InvocationsFinderTest.java,InvocationsFinderTest,17,16,65,15,15,0,true,true,false,false,true,false,false,false,false,false
C:\Users\simon\Documents\Code\thesis-code\mockito-main\mockito-core\src\test\java\org\mockito\internal\invocation\MatcherApplicationStrategyTest.java,MatcherApplicationStrategyTest.java,RecordingAction,29,30,91,18,17,1,true,false,false,false,true,false,false,false,false,false
C:\Users\simon\Documents\Code\thesis-code\mockito-main\mockito-core\src\test\java\org\mockito\internal\invocation\mockref\MockWeakReferenceTest.java,MockWeakReferenceTest.java,MockWeakReferenceTest,4,1,1,1,1,0,true,true,false,false,true,false,false,false,false,false
C:\Users\simon\Documents\Code\thesis-code\mockito-main\mockito-core\src\test\java\org\mockito\internal\invocation\SerializableMethodTest.java,SerializableMethodTest.java,SerializableMethodTest,7,9,13,8,8,0,true,true,false,false,true,false,false,true,false,true
C:\Users\simon\Documents\Code\thesis-code\mockito-main\mockito-core\src\test\java\org\mockito\internal\invocation\TypeSafeMatchingTest.java,TypeSafeMatchingTest.java,GenericMatcher,14,16,44,10,10,0,true,false,false,false,true,false,false,false,false,false
C:\Users\simon\Documents\Code\thesis-code\mockito-main\mockito-core\src\test\java\org\mockito\internal\junit\ArgMismatchFinderTest.java,ArgMismatchFinderTest.java,ArgMismatchFinderTest,7,8,37,8,8,0,true,true,false,false,true,false,false,true,false,true
C:\Users\simon\Documents\Code\thesis-code\mockito-main\mockito-core\src\test\java\org\mockito\internal\junit\ExceptionFactoryTest.java,ExceptionFactoryTest.java,ExceptionFactoryTest,6,6,20,4,4,0,true,true,false,false,true,false,false,false,false,false
C:\Users\simon\Documents\Code\thesis-code\mockito-main\mockito-core\src\test\java\org\mockito\internal\junit\JUnitRuleTest.java,JUnitRuleTest.java,JUnitRuleTest,11,4,8,4,4,0,true,true,false,false,true,false,false,false,false,false
C:\Users\simon\Documents\Code\thesis-code\mockito-main\mockito-core\src\test\java\org\mockito\internal\junit\StubbingArgMismatchesTest.java,StubbingArgMismatchesTest.java,StubbingArgMismatchesTest,7,3,11,3,3,0,true,true,false,false,true,false,false,false,false,false
C:\Users\simon\Documents\Code\thesis-code\mockito-main\mockito-core\src\test\java\org\mockito\internal\junit\UnusedStubbingsTest.java,UnusedStubbingsTest.java,UnusedStubbingsTest,11,2,6,2,2,0,true,true,false,false,true,false,false,false,false,false
C:\Users\simon\Documents\Code\thesis-code\mockito-main\mockito-core\src\test\java\org\mockito\internal\listeners\StubbingLookupNotifierTest.java,StubbingLookupNotifierTest.java,EventArgumentMatcher,16,3,10,2,2,0,true,false,false,false,true,false,false,false,false,false
C:\Users\simon\Documents\Code\thesis-code\mockito-main\mockito-core\src\test\java\org\mockito\internal\listeners\VerificationStartedNotifierTest.java,VerificationStartedNotifierTest.java,VerificationStartedNotifierTest,12,6,17,6,6,0,true,true,false,false,true,false,false,false,false,false
C:\Users\simon\Documents\Code\thesis-code\mockito-main\mockito-core\src\test\java\org\mockito\internal\matchers\AndTest.java,AndTest.java,SubType,7,5,13,4,4,0,true,false,false,false,true,false,false,false,false,false
C:\Users\simon\Documents\Code\thesis-code\mockito-main\mockito-core\src\test\java\org\mockito\internal\matchers\apachecommons\EqualsBuilderTest.java,EqualsBuilderTest.java,TestObjectWithMultipleFields,5,64,528,48,46,2,true,true,false,false,true,false,false,true,false,false
C:\Users\simon\Documents\Code\thesis-code\mockito-main\mockito-core\src\test\java\org\mockito\internal\matchers\CapturingMatcherTest.java,CapturingMatcherTest.java,CapturingMatcherTest,7,4,16,4,4,0,true,true,false,false,true,false,false,false,false,false
C:\Users\simon\Documents\Code\thesis-code\mockito-main\mockito-core\src\test\java\org\mockito\internal\matchers\ComparableMatchersTest.java,ComparableMatchersTest.java,ComparableMatchersTest,5,6,11,6,5,1,true,true,false,false,true,false,false,false,false,false
C:\Users\simon\Documents\Code\thesis-code\mockito-main\mockito-core\src\test\java\org\mockito\internal\matchers\EqualityTest.java,EqualityTest.java,BadEquals,5,2,14,1,1,0,true,false,false,false,true,false,false,false,false,false
C:\Users\simon\Documents\Code\thesis-code\mockito-main\mockito-core\src\test\java\org\mockito\internal\matchers\EqualsTest.java,EqualsTest.java,EqualsTest,5,14,30,14,14,0,true,true,false,false,true,false,false,true,false,false
C:\Users\simon\Documents\Code\thesis-code\mockito-main\mockito-core\src\test\java\org\mockito\internal\matchers\InstanceOfTest.java,InstanceOfTest.java,InstanceOfTest,4,4,30,4,4,0,true,true,false,false,true,false,false,false,false,false
C:\Users\simon\Documents\Code\thesis-code\mockito-main\mockito-core\src\test\java\org\mockito\internal\matchers\MatchersPrinterTest.java,MatchersPrinterTest.java,MatchersPrinterTest,7,6,12,6,6,0,true,true,false,false,true,false,false,false,false,false
C:\Users\simon\Documents\Code\thesis-code\mockito-main\mockito-core\src\test\java\org\mockito\internal\matchers\MatchersToStringTest.java,MatchersToStringTest.java,MatchersToStringTest,5,19,26,17,17,0,true,true,false,false,true,false,false,false,false,false
C:\Users\simon\Documents\Code\thesis-code\mockito-main\mockito-core\src\test\java\org\mockito\internal\matchers\OrTest.java,OrTest.java,SubType,7,5,13,4,4,0,true,false,false,false,true,false,false,false,false,false
C:\Users\simon\Documents\Code\thesis-code\mockito-main\mockito-core\src\test\java\org\mockito\internal\matchers\SameTest.java,SameTest.java,SameTest,4,2,2,2,2,0,true,true,false,false,true,false,false,false,false,false
C:\Users\simon\Documents\Code\thesis-code\mockito-main\mockito-core\src\test\java\org\mockito\internal\matchers\StringMatchersTest.java,StringMatchersTest.java,StringMatchersTest,3,12,13,12,12,0,true,true,false,false,true,false,false,false,false,false
C:\Users\simon\Documents\Code\thesis-code\mockito-main\mockito-core\src\test\java\org\mockito\internal\matchers\text\MatcherToStringTest.java,MatcherToStringTest.java,MatcherWithInheritedDescription,4,9,17,3,3,0,true,false,false,false,true,false,false,false,false,false
C:\Users\simon\Documents\Code\thesis-code\mockito-main\mockito-core\src\test\java\org\mockito\internal\matchers\text\ValuePrinterTest.java,ValuePrinterTest.java,UnsafeToString,6,4,29,2,2,0,true,false,false,false,true,false,false,false,false,false
C:\Users\simon\Documents\Code\thesis-code\mockito-main\mockito-core\src\test\java\org\mockito\internal\progress\AtLeastTest.java,AtLeastTest.java,AtLeastTest,6,2,2,2,2,0,true,true,false,false,true,false,false,false,false,false
C:\Users\simon\Documents\Code\thesis-code\mockito-main\mockito-core\src\test\java\org\mockito\internal\progress\MockingProgressImplTest.java,MockingProgressImplTest.java,MyListener,18,7,25,5,5,0,true,false,false,false,true,false,false,false,false,false
C:\Users\simon\Documents\Code\thesis-code\mockito-main\mockito-core\src\test\java\org\mockito\internal\progress\ThreadSafeMockingProgressTest.java,ThreadSafeMockingProgressTest.java,ThreadSafeMockingProgressTest,9,3,8,2,2,0,true,true,false,false,true,false,false,false,false,false
C:\Users\simon\Documents\Code\thesis-code\mockito-main\mockito-core\src\test\java\org\mockito\internal\progress\TimesTest.java,TimesTest.java,TimesTest,4,1,1,1,1,0,true,true,false,false,true,false,false,false,false,false
C:\Users\simon\Documents\Code\thesis-code\mockito-main\mockito-core\src\test\java\org\mockito\internal\reporting\PluralizerTest.java,PluralizerTest.java,PluralizerTest,3,2,7,2,2,0,true,true,false,false,true,false,false,false,false,false
C:\Users\simon\Documents\Code\thesis-code\mockito-main\mockito-core\src\test\java\org\mockito\internal\runners\DefaultInternalRunnerTest.java,DefaultInternalRunnerTest.java,TestWithRepeatingRule,21,9,23,5,5,0,true,true,false,false,true,false,false,false,false,false
C:\Users\simon\Documents\Code\thesis-code\mockito-main\mockito-core\src\test\java\org\mockito\internal\runners\util\RunnerProviderTest.java,RunnerProviderTest.java,RunnerProviderTest,5,1,3,1,1,0,true,true,false,false,true,false,false,false,false,false
C:\Users\simon\Documents\Code\thesis-code\mockito-main\mockito-core\src\test\java\org\mockito\internal\runners\util\TestMethodsFinderTest.java,TestMethodsFinderTest.java,DoesNotHaveTests,4,3,2,2,2,0,true,true,false,false,true,false,false,false,false,false
C:\Users\simon\Documents\Code\thesis-code\mockito-main\mockito-core\src\test\java\org\mockito\internal\session\DefaultMockitoSessionBuilderTest.java,DefaultMockitoSessionBuilderTest.java,NestedTestClass,16,10,32,6,6,0,true,false,false,false,true,false,false,false,false,false
C:\Users\simon\Documents\Code\thesis-code\mockito-main\mockito-core\src\test\java\org\mockito\internal\stubbing\answers\AbstractThrowsExceptionTest.java,AbstractThrowsExceptionTest.java,AbstractThrowsExceptionTest,14,13,36,10,10,0,true,true,false,false,true,false,false,false,false,false
C:\Users\simon\Documents\Code\thesis-code\mockito-main\mockito-core\src\test\java\org\mockito\internal\stubbing\answers\AnswersWithDelayTest.java,AnswersWithDelayTest.java,AnswersWithDelayTest,7,4,10,4,4,0,true,true,false,false,true,false,false,false,false,false
C:\Users\simon\Documents\Code\thesis-code\mockito-main\mockito-core\src\test\java\org\mockito\internal\stubbing\answers\CallsRealMethodsTest.java,CallsRealMethodsTest.java,CallsRealMethodsTest,10,3,8,3,3,0,true,true,false,false,true,false,false,false,false,false
C:\Users\simon\Documents\Code\thesis-code\mockito-main\mockito-core\src\test\java\org\mockito\internal\stubbing\answers\DeepStubReturnsEnumJava11Test.java,DeepStubReturnsEnumJava11Test.java,TestClass,5,8,17,4,4,0,true,true,false,false,true,false,false,false,false,false
C:\Users\simon\Documents\Code\thesis-code\mockito-main\mockito-core\src\test\java\org\mockito\internal\stubbing\answers\DefaultAnswerValidatorTest.java,DefaultAnswerValidatorTest.java,AWrongType,5,2,3,2,2,0,true,false,false,false,true,false,false,false,false,false
C:\Users\simon\Documents\Code\thesis-code\mockito-main\mockito-core\src\test\java\org\mockito\internal\stubbing\answers\DoesNothingTest.java,DoesNothingTest.java,SubclassWithGenericParameter,11,7,16,5,5,0,true,false,false,false,true,false,false,false,false,false
C:\Users\simon\Documents\Code\thesis-code\mockito-main\mockito-core\src\test\java\org\mockito\internal\stubbing\answers\InvocationInfoExceptionTest.java,InvocationInfoExceptionTest.java,CurrentClass,9,13,5,1,1,0,true,false,false,false,true,false,false,false,false,false
C:\Users\simon\Documents\Code\thesis-code\mockito-main\mockito-core\src\test\java\org\mockito\internal\stubbing\answers\InvocationInfoTest.java,InvocationInfoTest.java,TheNotAbstract,7,14,30,10,10,0,true,false,false,false,true,false,false,false,false,false
C:\Users\simon\Documents\Code\thesis-code\mockito-main\mockito-core\src\test\java\org\mockito\internal\stubbing\answers\ReturnsArgumentAtTest.java,ReturnsArgumentAtTest.java,ReturnsArgumentAtTest,9,14,27,13,13,0,true,true,false,false,true,false,false,false,false,false
C:\Users\simon\Documents\Code\thesis-code\mockito-main\mockito-core\src\test\java\org\mockito\internal\stubbing\answers\ReturnsTest.java,ReturnsTest.java,ReturnsTest,6,6,13,6,6,0,true,true,false,false,true,false,false,false,false,false
C:\Users\simon\Documents\Code\thesis-code\mockito-main\mockito-core\src\test\java\org\mockito\internal\stubbing\answers\ThrowsExceptionForClassTypeTest.java,ThrowsExceptionForClassTypeTest.java,ThrowsExceptionForClassTypeTest,3,2,6,2,2,0,true,true,false,false,true,false,false,false,false,false
C:\Users\simon\Documents\Code\thesis-code\mockito-main\mockito-core\src\test\java\org\mockito\internal\stubbing\answers\ThrowsExceptionTest.java,ThrowsExceptionTest.java,ThrowsExceptionTest,12,11,22,10,10,0,true,true,false,false,true,false,false,false,false,false
C:\Users\simon\Documents\Code\thesis-code\mockito-main\mockito-core\src\test\java\org\mockito\internal\stubbing\defaultanswers\ForwardsInvocationsTest.java,ForwardsInvocationsTest.java,FooImpl,3,4,5,2,2,0,true,false,false,false,true,false,false,false,false,false
C:\Users\simon\Documents\Code\thesis-code\mockito-main\mockito-core\src\test\java\org\mockito\internal\stubbing\defaultanswers\ReturnsDeepStubsConcurrentTest.java,ReturnsDeepStubsConcurrentTest.java,Service,5,2,1,1,1,0,true,false,false,false,true,false,false,false,false,false
C:\Users\simon\Documents\Code\thesis-code\mockito-main\mockito-core\src\test\java\org\mockito\internal\stubbing\defaultanswers\ReturnsEmptyValuesTest.java,ReturnsEmptyValuesTest.java,ReturnCompletionStage,12,26,101,20,20,0,true,false,false,false,true,false,false,true,false,false
C:\Users\simon\Documents\Code\thesis-code\mockito-main\mockito-core\src\test\java\org\mockito\internal\stubbing\defaultanswers\ReturnsGenericDeepStubsTest.java,ReturnsGenericDeepStubsTest.java,AbstractInner,13,21,45,10,10,0,true,false,false,false,true,false,false,false,false,false
C:\Users\simon\Documents\Code\thesis-code\mockito-main\mockito-core\src\test\java\org\mockito\internal\stubbing\defaultanswers\ReturnsMocksTest.java,ReturnsMocksTest.java,StringMethods,8,13,23,7,7,0,true,false,false,false,true,false,false,true,false,false
C:\Users\simon\Documents\Code\thesis-code\mockito-main\mockito-core\src\test\java\org\mockito\internal\stubbing\defaultanswers\ReturnsMoreEmptyValuesTest.java,ReturnsMoreEmptyValuesTest.java,ReturnsMoreEmptyValuesTest,4,2,4,2,2,0,true,true,false,false,true,false,false,false,false,false
C:\Users\simon\Documents\Code\thesis-code\mockito-main\mockito-core\src\test\java\org\mockito\internal\stubbing\defaultanswers\ReturnsOptionalMocksTest.java,ReturnsOptionalMocksTest.java,Type,9,21,54,16,16,0,true,false,false,false,true,false,false,false,false,false
C:\Users\simon\Documents\Code\thesis-code\mockito-main\mockito-core\src\test\java\org\mockito\internal\stubbing\defaultanswers\ReturnsSmartNullsTest.java,ReturnsSmartNullsTest.java,GenericFooBar,21,29,95,20,20,0,true,false,false,false,true,false,false,false,false,false
C:\Users\simon\Documents\Code\thesis-code\mockito-main\mockito-core\src\test\java\org\mockito\internal\stubbing\InvocationContainerImplStubbingTest.java,InvocationContainerImplStubbingTest.java,MyException,14,6,26,5,5,0,true,false,false,false,true,false,false,false,false,false
C:\Users\simon\Documents\Code\thesis-code\mockito-main\mockito-core\src\test\java\org\mockito\internal\stubbing\InvocationContainerImplTest.java,InvocationContainerImplTest.java,InvocationContainerImplTest,15,11,31,8,8,0,true,true,false,false,true,false,false,false,false,false
C:\Users\simon\Documents\Code\thesis-code\mockito-main\mockito-core\src\test\java\org\mockito\internal\util\ChecksTest.java,ChecksTest.java,ChecksTest,3,4,4,4,4,0,true,true,false,false,true,false,false,false,false,false
C:\Users\simon\Documents\Code\thesis-code\mockito-main\mockito-core\src\test\java\org\mockito\internal\util\collections\HashCodeAndEqualsSafeSetTest.java,HashCodeAndEqualsSafeSetTest.java,UnmockableHashCodeAndEquals,13,19,56,17,17,0,true,false,false,false,true,false,false,false,false,false
C:\Users\simon\Documents\Code\thesis-code\mockito-main\mockito-core\src\test\java\org\mockito\internal\util\collections\IdentitySetTest.java,IdentitySetTest.java,Fake,2,3,10,2,2,0,true,false,false,false,true,false,false,true,false,false
C:\Users\simon\Documents\Code\thesis-code\mockito-main\mockito-core\src\test\java\org\mockito\internal\util\collections\SetsTest.java,SetsTest.java,TestInterface,7,18,61,17,17,0,true,true,false,false,true,false,false,false,false,false
C:\Users\simon\Documents\Code\thesis-code\mockito-main\mockito-core\src\test\java\org\mockito\internal\util\DefaultMockingDetailsTest.java,DefaultMockingDetailsTest.java,Gork,22,18,46,17,17,0,true,false,false,false,true,false,false,false,false,false
C:\Users\simon\Documents\Code\thesis-code\mockito-main\mockito-core\src\test\java\org\mockito\internal\util\io\IOUtilTest.java,IOUtilTest.java,IOUtilTest,8,2,7,2,2,0,true,true,false,false,true,false,false,false,false,false
C:\Users\simon\Documents\Code\thesis-code\mockito-main\mockito-core\src\test\java\org\mockito\internal\util\MockCreationValidatorTest.java,MockCreationValidatorTest.java,MockCreationValidatorTest,10,5,6,5,5,0,true,true,false,false,true,false,false,false,false,false
C:\Users\simon\Documents\Code\thesis-code\mockito-main\mockito-core\src\test\java\org\mockito\internal\util\MockNameImplTest.java,MockNameImplTest.java,SomeInterface,4,6,14,6,6,0,true,false,false,false,true,false,false,false,false,false
C:\Users\simon\Documents\Code\thesis-code\mockito-main\mockito-core\src\test\java\org\mockito\internal\util\MockSettingsTest.java,MockSettingsTest.java,MockSettingsTest,8,2,9,2,2,0,true,true,false,false,true,false,false,false,false,false
C:\Users\simon\Documents\Code\thesis-code\mockito-main\mockito-core\src\test\java\org\mockito\internal\util\MockUtilTest.java,MockUtilTest.java,SomeInterface,13,9,24,9,9,0,true,false,false,false,true,false,false,false,false,false
C:\Users\simon\Documents\Code\thesis-code\mockito-main\mockito-core\src\test\java\org\mockito\internal\util\ObjectMethodsGuruTest.java,ObjectMethodsGuruTest.java,HasCompare,6,7,9,2,2,0,true,false,false,false,true,false,false,false,false,false
C:\Users\simon\Documents\Code\thesis-code\mockito-main\mockito-core\src\test\java\org\mockito\internal\util\PlatformTest.java,PlatformTest.java,PlatformTest,4,4,16,3,3,0,true,true,false,false,true,false,false,false,false,true
C:\Users\simon\Documents\Code\thesis-code\mockito-main\mockito-core\src\test\java\org\mockito\internal\util\PrimitivesTest.java,PrimitivesTest.java,PrimitivesTest,4,6,51,6,6,0,true,true,false,false,true,false,false,false,false,false
C:\Users\simon\Documents\Code\thesis-code\mockito-main\mockito-core\src\test\java\org\mockito\internal\util\reflection\BeanPropertySetterTest.java,BeanPropertySetterTest.java,BeanWithWeirdFields,7,12,43,6,6,0,true,false,false,false,true,false,false,true,false,false
C:\Users\simon\Documents\Code\thesis-code\mockito-main\mockito-core\src\test\java\org\mockito\internal\util\reflection\DummyClassForTests.java,DummyClassForTests.java,DummyClassForTests,0,0,0,0,0,0,true,true,false,false,false,false,false,false,false,false
C:\Users\simon\Documents\Code\thesis-code\mockito-main\mockito-core\src\test\java\org\mockito\internal\util\reflection\DummyParentClassForTests.java,DummyParentClassForTests.java,DummyParentClassForTests,0,0,0,0,0,0,true,true,false,false,false,false,false,false,false,false
C:\Users\simon\Documents\Code\thesis-code\mockito-main\mockito-core\src\test\java\org\mockito\internal\util\reflection\FieldInitializerTest.java,FieldInitializerTest.java,InnerClassType,16,16,43,15,15,0,true,false,false,false,true,false,false,false,false,false
C:\Users\simon\Documents\Code\thesis-code\mockito-main\mockito-core\src\test\java\org\mockito\internal\util\reflection\FieldReaderTest.java,FieldReaderTest.java,Foo,4,2,4,2,2,0,true,false,false,false,true,false,false,false,false,false
C:\Users\simon\Documents\Code\thesis-code\mockito-main\mockito-core\src\test\java\org\mockito\internal\util\reflection\GenericArrayReturnTypeTest.java,GenericArrayReturnTypeTest.java,InnerContainer,4,3,4,1,1,0,true,false,false,false,true,false,false,false,false,false
C:\Users\simon\Documents\Code\thesis-code\mockito-main\mockito-core\src\test\java\org\mockito\internal\util\reflection\GenericMasterTest.java,GenericMasterTest.java,ClassWithParameter,7,10,15,4,4,0,true,false,false,false,true,false,false,false,false,false
C:\Users\simon\Documents\Code\thesis-code\mockito-main\mockito-core\src\test\java\org\mockito\internal\util\reflection\GenericMetadataSupportTest.java,GenericMetadataSupportTest.java,AbstractInner,16,39,84,19,19,0,true,false,false,false,true,false,false,false,false,false
C:\Users\simon\Documents\Code\thesis-code\mockito-main\mockito-core\src\test\java\org\mockito\internal\util\reflection\GenericTypeExtractorTest.java,GenericTypeExtractorTest.java,SecondGeneric,7,1,21,1,1,0,true,false,false,false,true,false,false,false,false,false
C:\Users\simon\Documents\Code\thesis-code\mockito-main\mockito-core\src\test\java\org\mockito\internal\util\reflection\LenientCopyToolTest.java,LenientCopyToolTest.java,SomeOtherObject,8,7,51,7,7,0,true,false,false,false,true,false,false,false,false,false
C:\Users\simon\Documents\Code\thesis-code\mockito-main\mockito-core\src\test\java\org\mockito\internal\util\reflection\MemberAccessorTest.java,MemberAccessorTest.java,AbstractSample,10,14,25,13,12,1,true,false,false,false,true,false,false,false,false,false
C:\Users\simon\Documents\Code\thesis-code\mockito-main\mockito-core\src\test\java\org\mockito\internal\util\reflection\ParameterizedConstructorInstantiatorTest.java,ParameterizedConstructorInstantiatorTest.java,VarargConstructor,19,8,27,6,6,0,true,false,false,false,true,false,false,false,false,false
C:\Users\simon\Documents\Code\thesis-code\mockito-main\mockito-core\src\test\java\org\mockito\internal\util\reflection\SuperTypesLastSorterTest.java,SuperTypesLastSorterTest.java,SuperTypesLastSorterTest,5,9,21,6,6,0,true,true,false,false,true,false,false,false,false,false
C:\Users\simon\Documents\Code\thesis-code\mockito-main\mockito-core\src\test\java\org\mockito\internal\util\SimpleMockitoLoggerTest.java,SimpleMockitoLoggerTest.java,SimpleMockitoLoggerTest,3,1,3,1,1,0,true,true,false,false,true,false,false,false,false,false
C:\Users\simon\Documents\Code\thesis-code\mockito-main\mockito-core\src\test\java\org\mockito\internal\util\StringUtilTest.java,StringUtilTest.java,StringUtilTest,5,7,12,7,7,0,true,true,false,false,true,false,false,false,false,false
C:\Users\simon\Documents\Code\thesis-code\mockito-main\mockito-core\src\test\java\org\mockito\internal\util\TimerTest.java,TimerTest.java,TimerTest,5,4,10,3,3,0,true,true,false,false,true,false,false,false,false,false
C:\Users\simon\Documents\Code\thesis-code\mockito-main\mockito-core\src\test\java\org\mockito\internal\verification\argumentmatching\ArgumentMatchingToolTest.java,ArgumentMatchingToolTest.java,StringMatcher,9,14,45,9,9,0,true,false,false,false,true,false,false,false,false,false
C:\Users\simon\Documents\Code\thesis-code\mockito-main\mockito-core\src\test\java\org\mockito\internal\verification\checkers\AtLeastXNumberOfInvocationsCheckerTest.java,AtLeastXNumberOfInvocationsCheckerTest.java,AtLeastXNumberOfInvocationsCheckerTest,12,4,16,4,4,0,true,true,false,false,true,false,false,false,false,false
C:\Users\simon\Documents\Code\thesis-code\mockito-main\mockito-core\src\test\java\org\mockito\internal\verification\checkers\MissingInvocationCheckerTest.java,MissingInvocationCheckerTest.java,CustomInvocationBuilder,20,16,34,8,8,0,true,false,false,false,true,false,false,false,false,false
C:\Users\simon\Documents\Code\thesis-code\mockito-main\mockito-core\src\test\java\org\mockito\internal\verification\checkers\MissingInvocationInOrderCheckerTest.java,MissingInvocationInOrderCheckerTest.java,MissingInvocationInOrderCheckerTest,19,8,18,4,4,0,true,true,false,false,true,false,false,false,false,false
C:\Users\simon\Documents\Code\thesis-code\mockito-main\mockito-core\src\test\java\org\mockito\internal\verification\checkers\NumberOfInvocationsCheckerTest.java,NumberOfInvocationsCheckerTest.java,ThrowableMessageContainsOccurrencesCondition,20,12,42,8,8,0,true,false,false,false,true,false,false,false,false,false
C:\Users\simon\Documents\Code\thesis-code\mockito-main\mockito-core\src\test\java\org\mockito\internal\verification\checkers\NumberOfInvocationsInOrderCheckerTest.java,NumberOfInvocationsInOrderCheckerTest.java,ThrowableMessageContainsOccurrencesCondition,16,15,55,11,11,0,true,false,false,false,true,false,false,false,false,false
C:\Users\simon\Documents\Code\thesis-code\mockito-main\mockito-core\src\test\java\org\mockito\internal\verification\DefaultRegisteredInvocationsTest.java,DefaultRegisteredInvocationsTest.java,DefaultRegisteredInvocationsTest,7,2,7,1,1,0,true,true,false,false,true,false,false,false,false,false
C:\Users\simon\Documents\Code\thesis-code\mockito-main\mockito-core\src\test\java\org\mockito\internal\verification\DescriptionTest.java,DescriptionTest.java,DescriptionTest,11,3,15,2,2,0,true,true,false,false,true,false,false,false,false,false
C:\Users\simon\Documents\Code\thesis-code\mockito-main\mockito-core\src\test\java\org\mockito\internal\verification\NoInteractionsTest.java,NoInteractionsTest.java,NoInteractionsTest,11,1,6,1,1,0,true,true,false,false,true,false,false,false,false,false
C:\Users\simon\Documents\Code\thesis-code\mockito-main\mockito-core\src\test\java\org\mockito\internal\verification\NoMoreInteractionsTest.java,NoMoreInteractionsTest.java,NoMoreInteractionsTest,15,6,28,6,6,0,true,true,false,false,true,false,false,true,false,false
C:\Users\simon\Documents\Code\thesis-code\mockito-main\mockito-core\src\test\java\org\mockito\internal\verification\OnlyTest.java,OnlyTest.java,VerificationDataStub,14,7,24,4,4,0,true,false,false,false,true,false,false,true,false,false
C:\Users\simon\Documents\Code\thesis-code\mockito-main\mockito-core\src\test\java\org\mockito\internal\verification\SmartPrinterTest.java,SmartPrinterTest.java,SmartPrinterTest,8,5,16,4,4,0,true,true,false,false,true,false,false,false,false,false
C:\Users\simon\Documents\Code\thesis-code\mockito-main\mockito-core\src\test\java\org\mockito\internal\verification\VerificationDataImplTest.java,VerificationDataImplTest.java,VerificationDataImplTest,6,1,2,1,1,0,true,true,false,false,true,false,false,false,false,false
C:\Users\simon\Documents\Code\thesis-code\mockito-main\mockito-core\src\test\java\org\mockito\internal\verification\VerificationOverTimeImplTest.java,VerificationOverTimeImplTest.java,VerificationOverTimeImplTest,10,5,13,4,4,0,true,true,false,false,true,false,false,false,false,false
C:\Users\simon\Documents\Code\thesis-code\mockito-main\mockito-core\src\test\java\org\mockito\internal\verification\VerificationWithDescriptionTest.java,VerificationWithDescriptionTest.java,VerificationWithDescriptionTest,10,2,3,1,1,0,true,true,false,false,true,false,false,false,false,false
C:\Users\simon\Documents\Code\thesis-code\mockito-main\mockito-core\src\test\java\org\mockito\InvocationFactoryTest.java,InvocationFactoryTest.java,TestClass,8,5,9,3,2,1,true,true,false,false,true,false,false,false,false,false
C:\Users\simon\Documents\Code\thesis-code\mockito-main\mockito-core\src\test\java\org\mockito\junit\TestableJUnitRunner.java,TestableJUnitRunner.java,TestableJUnitRunner,8,3,3,0,0,0,true,true,false,false,false,false,false,false,false,false
C:\Users\simon\Documents\Code\thesis-code\mockito-main\mockito-core\src\test\java\org\mockito\MockitoClearTest.java,MockitoClearTest.java,Base,2,1,4,1,1,0,true,false,false,false,true,false,false,false,false,false
C:\Users\simon\Documents\Code\thesis-code\mockito-main\mockito-core\src\test\java\org\mockito\MockitoEnvTest.java,MockitoEnvTest.java,MockitoEnvTest,10,4,16,4,4,0,true,true,false,false,true,false,false,false,false,false
C:\Users\simon\Documents\Code\thesis-code\mockito-main\mockito-core\src\test\java\org\mockito\MockitoTest.java,MockitoTest.java,Dummy,18,36,75,33,33,0,true,false,false,false,true,false,false,false,false,true
C:\Users\simon\Documents\Code\thesis-code\mockito-main\mockito-core\src\test\java\org\mockito\MockTest.java,MockTest.java,MockStrictnessToStrictnessTest,6,4,5,2,2,0,true,true,false,false,true,false,false,false,false,false
C:\Users\simon\Documents\Code\thesis-code\mockito-main\mockito-core\src\test\java\org\mockito\PrematureGarbageCollectionTest.java,PrematureGarbageCollectionTest.java,Node,2,3,6,1,1,0,true,false,false,false,true,false,false,false,false,false
C:\Users\simon\Documents\Code\thesis-code\mockito-main\mockito-core\src\test\java\org\mockito\StaticMockingExperimentTest.java,StaticMockingExperimentTest.java,ConstructorMethodAdapter,20,12,54,7,7,0,true,false,false,false,true,false,false,false,false,true
C:\Users\simon\Documents\Code\thesis-code\mockito-main\mockito-core\src\test\java\org\mockito\verification\NegativeDurationTest.java,NegativeDurationTest.java,NegativeDurationTest,4,2,2,2,2,0,true,true,false,false,true,false,false,false,false,false
C:\Users\simon\Documents\Code\thesis-code\mockito-main\mockito-core\src\test\java\org\mockito\verification\TimeoutTest.java,TimeoutTest.java,TimeoutTest,9,4,22,4,4,0,true,true,false,false,true,false,false,false,false,false
C:\Users\simon\Documents\Code\thesis-code\mockito-main\mockito-core\src\test\java\org\mockitointegration\DeferMockMakersClassLoadingTest.java,DeferMockMakersClassLoadingTest.java,CustomMockMaker,15,8,11,1,1,0,true,false,false,false,true,false,false,false,false,false
C:\Users\simon\Documents\Code\thesis-code\mockito-main\mockito-core\src\test\java\org\mockitointegration\NoByteCodeDependenciesTest.java,NoByteCodeDependenciesTest.java,NoByteCodeDependenciesTest,6,1,11,1,1,0,true,true,false,false,false,false,false,false,false,false
C:\Users\simon\Documents\Code\thesis-code\mockito-main\mockito-core\src\test\java\org\mockitointegration\NoJUnitDependenciesTest.java,NoJUnitDependenciesTest.java,NoJUnitDependenciesTest,11,1,7,1,1,0,true,true,false,false,true,false,false,false,false,false
C:\Users\simon\Documents\Code\thesis-code\mockito-main\mockito-core\src\test\java\org\mockitousage\annotation\AnnotationsTest.java,AnnotationsTest.java,Sub,17,8,24,4,4,0,true,false,false,false,true,false,false,true,false,false
C:\Users\simon\Documents\Code\thesis-code\mockito-main\mockito-core\src\test\java\org\mockitousage\annotation\CaptorAnnotationBasicTest.java,CaptorAnnotationBasicTest.java,PeopleRepository,11,8,20,4,4,0,true,false,false,false,true,false,false,false,false,false
C:\Users\simon\Documents\Code\thesis-code\mockito-main\mockito-core\src\test\java\org\mockitousage\annotation\CaptorAnnotationTest.java,CaptorAnnotationTest.java,Sub,12,9,22,6,5,1,true,false,false,false,true,false,false,true,false,false
C:\Users\simon\Documents\Code\thesis-code\mockito-main\mockito-core\src\test\java\org\mockitousage\annotation\CaptorAnnotationUnhappyPathTest.java,CaptorAnnotationUnhappyPathTest.java,CaptorAnnotationUnhappyPathTest,9,2,1,1,1,0,true,true,false,false,true,false,false,false,false,false
C:\Users\simon\Documents\Code\thesis-code\mockito-main\mockito-core\src\test\java\org\mockitousage\annotation\DoNotMockTest.java,DoNotMockTest.java,TestClass,9,16,16,16,16,0,true,true,false,false,true,false,false,false,false,false
C:\Users\simon\Documents\Code\thesis-code\mockito-main\mockito-core\src\test\java\org\mockitousage\annotation\InjectionOfInlinedMockDeclarationTest.java,InjectionOfInlinedMockDeclarationTest.java,Tuner,8,5,10,4,4,0,true,false,false,false,true,false,false,false,false,false
C:\Users\simon\Documents\Code\thesis-code\mockito-main\mockito-core\src\test\java\org\mockitousage\annotation\MockInjectionUsingConstructorIssue421Test.java,MockInjectionUsingConstructorIssue421Test.java,Issue421,8,2,2,1,1,0,true,false,false,false,true,false,false,false,false,false
C:\Users\simon\Documents\Code\thesis-code\mockito-main\mockito-core\src\test\java\org\mockitousage\annotation\MockInjectionUsingConstructorTest.java,MockInjectionUsingConstructorTest.java,TestCase,29,16,30,15,15,0,true,true,false,false,true,false,false,false,false,false
C:\Users\simon\Documents\Code\thesis-code\mockito-main\mockito-core\src\test\java\org\mockitousage\annotation\MockInjectionUsingSetterOrPropertyTest.java,MockInjectionUsingSetterOrPropertyTest.java,HasTwoFieldsWithSameType,17,20,33,13,13,0,true,false,false,false,true,false,false,true,false,false
C:\Users\simon\Documents\Code\thesis-code\mockito-main\mockito-core\src\test\java\org\mockitousage\annotation\SpyAnnotationInitializedInBaseClassTest.java,SpyAnnotationInitializedInBaseClassTest.java,SubTest,10,4,6,2,2,0,true,true,false,false,true,false,false,false,false,false
C:\Users\simon\Documents\Code\thesis-code\mockito-main\mockito-core\src\test\java\org\mockitousage\annotation\SpyAnnotationTest.java,SpyAnnotationTest.java,MockTranslator,30,24,58,16,16,0,true,false,false,false,true,false,false,false,false,false
C:\Users\simon\Documents\Code\thesis-code\mockito-main\mockito-core\src\test\java\org\mockitousage\annotation\SpyInjectionTest.java,SpyInjectionTest.java,HasSpy,7,2,2,1,1,0,true,false,false,false,true,false,false,false,false,false
C:\Users\simon\Documents\Code\thesis-code\mockito-main\mockito-core\src\test\java\org\mockitousage\annotation\WrongSetOfAnnotationsTest.java,WrongSetOfAnnotationsTest.java,WithDependency,8,7,7,7,7,0,true,false,false,false,true,false,false,false,false,false
C:\Users\simon\Documents\Code\thesis-code\mockito-main\mockito-core\src\test\java\org\mockitousage\basicapi\MockAccessTest.java,MockAccessTest.java,MockAccessTest,5,2,6,2,2,0,true,true,false,false,true,false,false,false,false,false
C:\Users\simon\Documents\Code\thesis-code\mockito-main\mockito-core\src\test\java\org\mockitousage\basicapi\MockingMultipleInterfacesTest.java,MockingMultipleInterfacesTest.java,IBar,9,7,12,7,7,0,true,false,false,false,true,false,false,false,false,false
C:\Users\simon\Documents\Code\thesis-code\mockito-main\mockito-core\src\test\java\org\mockitousage\basicapi\MocksCreationTest.java,MocksCreationTest.java,Foo,20,8,22,8,8,0,true,false,false,false,true,false,false,false,false,false
C:\Users\simon\Documents\Code\thesis-code\mockito-main\mockito-core\src\test\java\org\mockitousage\basicapi\MocksSerializationForAnnotationTest.java,MocksSerializationForAnnotationTest.java,SerializableSample,20,24,93,21,21,0,true,false,false,false,true,false,false,true,false,false
C:\Users\simon\Documents\Code\thesis-code\mockito-main\mockito-core\src\test\java\org\mockitousage\basicapi\MocksSerializationTest.java,MocksSerializationTest.java,SerializableClass,18,27,119,23,23,0,true,false,false,false,true,false,false,true,false,false
C:\Users\simon\Documents\Code\thesis-code\mockito-main\mockito-core\src\test\java\org\mockitousage\basicapi\ObjectsSerializationTest.java,ObjectsSerializationTest.java,Foo,5,1,3,1,1,0,true,false,false,false,true,false,false,false,false,false
C:\Users\simon\Documents\Code\thesis-code\mockito-main\mockito-core\src\test\java\org\mockitousage\basicapi\ReplacingObjectMethodsTest.java,ReplacingObjectMethodsTest.java,ObjectMethodsOverriddenSubclass,5,6,19,3,3,0,true,false,false,false,true,false,false,false,false,false
C:\Users\simon\Documents\Code\thesis-code\mockito-main\mockito-core\src\test\java\org\mockitousage\basicapi\ResetInvocationsTest.java,ResetInvocationsTest.java,ResetInvocationsTest,11,4,12,4,4,0,true,true,false,false,true,false,false,false,false,false
C:\Users\simon\Documents\Code\thesis-code\mockito-main\mockito-core\src\test\java\org\mockitousage\basicapi\ResetTest.java,ResetTest.java,ResetTest,11,12,38,12,12,0,true,true,false,false,true,false,false,true,false,false
C:\Users\simon\Documents\Code\thesis-code\mockito-main\mockito-core\src\test\java\org\mockitousage\basicapi\UsingVarargsTest.java,UsingVarargsTest.java,MixedVarargs,9,18,61,10,10,0,true,false,false,false,true,false,false,false,false,false
C:\Users\simon\Documents\Code\thesis-code\mockito-main\mockito-core\src\test\java\org\mockitousage\bugs\ActualInvocationHasNullArgumentNPEBugTest.java,ActualInvocationHasNullArgumentNPEBugTest.java,Fun,4,2,5,1,1,0,true,false,false,false,true,false,false,false,false,false
C:\Users\simon\Documents\Code\thesis-code\mockito-main\mockito-core\src\test\java\org\mockitousage\bugs\AIOOBExceptionWithAtLeastTest.java,AIOOBExceptionWithAtLeastTest.java,IProgressMonitor,3,4,6,1,1,0,true,false,false,false,true,false,false,false,false,false
C:\Users\simon\Documents\Code\thesis-code\mockito-main\mockito-core\src\test\java\org\mockitousage\bugs\ArgumentCaptorDontCapturePreviouslyVerifiedTest.java,ArgumentCaptorDontCapturePreviouslyVerifiedTest.java,ArgumentCaptorDontCapturePreviouslyVerifiedTest,7,1,9,1,1,0,true,true,false,false,true,false,false,false,false,false
C:\Users\simon\Documents\Code\thesis-code\mockito-main\mockito-core\src\test\java\org\mockitousage\bugs\BridgeMethodsHitAgainTest.java,BridgeMethodsHitAgainTest.java,Extended,8,7,11,5,3,2,true,false,false,false,true,false,false,false,false,false
C:\Users\simon\Documents\Code\thesis-code\mockito-main\mockito-core\src\test\java\org\mockitousage\bugs\CaptorAnnotationAutoboxingTest.java,CaptorAnnotationAutoboxingTest.java,Fun,8,4,4,2,2,0,true,false,false,false,true,false,false,false,false,false
C:\Users\simon\Documents\Code\thesis-code\mockito-main\mockito-core\src\test\java\org\mockitousage\bugs\ClassCastExOnVerifyZeroInteractionsTest.java,ClassCastExOnVerifyZeroInteractionsTest.java,TestMock,7,3,5,2,2,0,true,true,false,false,true,false,false,false,false,false
C:\Users\simon\Documents\Code\thesis-code\mockito-main\mockito-core\src\test\java\org\mockitousage\bugs\CompareMatcherTest.java,CompareMatcherTest.java,GenericMatcher,14,13,26,8,8,0,true,false,false,false,true,false,false,false,false,false
C:\Users\simon\Documents\Code\thesis-code\mockito-main\mockito-core\src\test\java\org\mockitousage\bugs\ConcurrentModificationExceptionOnMultiThreadedVerificationTest.java,ConcurrentModificationExceptionOnMultiThreadedVerificationTest.java,ITarget,7,5,13,1,1,0,true,false,false,false,true,false,false,false,false,false
C:\Users\simon\Documents\Code\thesis-code\mockito-main\mockito-core\src\test\java\org\mockitousage\bugs\ConfusedSignatureTest.java,ConfusedSignatureTest.java,iInterface,4,3,4,1,1,0,true,false,false,false,true,false,false,false,false,false
C:\Users\simon\Documents\Code\thesis-code\mockito-main\mockito-core\src\test\java\org\mockitousage\bugs\CovariantOverrideTest.java,CovariantOverrideTest.java,ReturnsString,4,6,13,4,4,0,true,false,false,false,true,false,false,false,false,false
C:\Users\simon\Documents\Code\thesis-code\mockito-main\mockito-core\src\test\java\org\mockitousage\bugs\creation\ConstructorInvokingMethodShouldNotRaiseExceptionTest.java,ConstructorInvokingMethodShouldNotRaiseExceptionTest.java,HasConstructorInvokingMethod,6,6,5,3,3,0,true,false,false,false,true,false,false,false,false,false
C:\Users\simon\Documents\Code\thesis-code\mockito-main\mockito-core\src\test\java\org\mockitousage\bugs\creation\MockClassWithMissingStaticDepTest.java,MockClassWithMissingStaticDepTest.java,ClassWithExceptionInClassInit,5,2,2,2,2,0,true,false,false,false,true,false,false,false,false,false
C:\Users\simon\Documents\Code\thesis-code\mockito-main\mockito-core\src\test\java\org\mockitousage\bugs\creation\PackagePrivateWithContextClassLoaderTest.java,PackagePrivateWithContextClassLoaderTest.java,NotAlwaysDelegatingClassLoader,12,19,33,8,8,0,true,false,false,false,true,false,false,false,false,false
C:\Users\simon\Documents\Code\thesis-code\mockito-main\mockito-core\src\test\java\org\mockitousage\bugs\creation\PublicMethodInParentWithNonPublicTypeInSignatureTest.java,PublicMethodInParentWithNonPublicTypeInSignatureTest.java,PublicMethodInParentWithNonPublicTypeInSignatureTest,3,2,2,2,2,0,true,true,false,false,true,false,false,false,false,false
C:\Users\simon\Documents\Code\thesis-code\mockito-main\mockito-core\src\test\java\org\mockitousage\bugs\creation\ShouldAllowInlineMockCreationTest.java,ShouldAllowInlineMockCreationTest.java,ShouldAllowInlineMockCreationTest,8,1,2,1,1,0,true,true,false,false,true,false,false,false,false,false
C:\Users\simon\Documents\Code\thesis-code\mockito-main\mockito-core\src\test\java\org\mockitousage\bugs\deepstubs\DeepStubFailingWhenGenericNestedAsRawTypeTest.java,DeepStubFailingWhenGenericNestedAsRawTypeTest.java,MyClass3,2,4,2,1,1,0,true,false,false,false,true,false,false,false,false,false
C:\Users\simon\Documents\Code\thesis-code\mockito-main\mockito-core\src\test\java\org\mockitousage\bugs\deepstubs\DeepStubsWronglyReportsSerializationProblemsTest.java,DeepStubsWronglyReportsSerializationProblemsTest.java,NotSerializableShouldBeMocked,4,2,3,1,1,0,true,false,false,false,true,false,false,false,false,false
C:\Users\simon\Documents\Code\thesis-code\mockito-main\mockito-core\src\test\java\org\mockitousage\bugs\DiamondInheritanceIsConfusingMockitoTest.java,DiamondInheritanceIsConfusingMockitoTest.java,iInterface,3,3,4,1,1,0,true,false,false,false,true,false,false,false,false,false
C:\Users\simon\Documents\Code\thesis-code\mockito-main\mockito-core\src\test\java\org\mockitousage\bugs\EnabledMockingInterfaceCloneMethodTest.java,EnabledMockingInterfaceCloneMethodTest.java,CloneableInterface,2,2,2,1,1,0,true,false,false,false,true,false,false,false,false,false
C:\Users\simon\Documents\Code\thesis-code\mockito-main\mockito-core\src\test\java\org\mockitousage\bugs\EqualsWithDeltaTest.java,EqualsWithDeltaTest.java,EqualsWithDeltaTest,4,5,11,4,4,0,true,true,false,false,true,false,false,false,false,false
C:\Users\simon\Documents\Code\thesis-code\mockito-main\mockito-core\src\test\java\org\mockitousage\bugs\FillInStackTraceScenariosTest.java,FillInStackTraceScenariosTest.java,NewStackTraceException,6,4,6,2,2,0,true,false,false,false,true,false,false,false,false,false
C:\Users\simon\Documents\Code\thesis-code\mockito-main\mockito-core\src\test\java\org\mockitousage\bugs\FinalHashCodeAndEqualsRaiseNPEInInitMocksTest.java,FinalHashCodeAndEqualsRaiseNPEInInitMocksTest.java,ConstructorCharsetHolder,5,1,1,1,1,0,true,false,false,false,true,false,false,false,false,false
C:\Users\simon\Documents\Code\thesis-code\mockito-main\mockito-core\src\test\java\org\mockitousage\bugs\GenericsMockitoAnnotationsTest.java,GenericsMockitoAnnotationsTest.java,TestCollectionSourceProvider,8,3,3,1,1,0,true,true,false,false,true,false,false,false,false,false
C:\Users\simon\Documents\Code\thesis-code\mockito-main\mockito-core\src\test\java\org\mockitousage\bugs\ImplementationOfGenericAbstractMethodNotInvokedOnSpyTest.java,ImplementationOfGenericAbstractMethodNotInvokedOnSpyTest.java,ImplementsGenericMethodOfAbstract,3,4,4,1,1,0,true,false,false,false,true,false,false,false,false,false
C:\Users\simon\Documents\Code\thesis-code\mockito-main\mockito-core\src\test\java\org\mockitousage\bugs\InheritedGenericsPolimorphicCallTest.java,InheritedGenericsPolimorphicCallTest.java,MyIterator,12,5,15,3,3,0,true,false,false,false,true,false,false,false,false,false
C:\Users\simon\Documents\Code\thesis-code\mockito-main\mockito-core\src\test\java\org\mockitousage\bugs\injection\ChildWithSameParentFieldInjectionTest.java,ChildWithSameParentFieldInjectionTest.java,SomeService,6,5,4,2,2,0,true,false,false,false,true,false,false,false,false,false
C:\Users\simon\Documents\Code\thesis-code\mockito-main\mockito-core\src\test\java\org\mockitousage\bugs\injection\InjectionByTypeShouldFirstLookForExactTypeThenAncestorTest.java,InjectionByTypeShouldFirstLookForExactTypeThenAncestorTest.java,WithNullObjectField,7,4,9,4,4,0,true,false,false,false,true,false,false,true,false,false
C:\Users\simon\Documents\Code\thesis-code\mockito-main\mockito-core\src\test\java\org\mockitousage\bugs\injection\InjectMocksShouldTryPropertySettersFirstBeforeFieldAccessTest.java,InjectMocksShouldTryPropertySettersFirstBeforeFieldAccessTest.java,BeanAwaitingInjection,8,3,3,2,2,0,true,false,false,false,true,false,false,false,false,false
C:\Users\simon\Documents\Code\thesis-code\mockito-main\mockito-core\src\test\java\org\mockitousage\bugs\injection\Issue353InjectionMightNotHappenInCertainConfigurationTest.java,Issue353InjectionMightNotHappenInCertainConfigurationTest.java,FooService,9,1,3,1,1,0,true,false,false,false,true,false,false,false,false,false
C:\Users\simon\Documents\Code\thesis-code\mockito-main\mockito-core\src\test\java\org\mockitousage\bugs\injection\ParentTestMockInjectionTest.java,ParentTestMockInjectionTest.java,DaoB,7,6,10,2,2,0,true,false,false,false,true,false,false,false,false,false
C:\Users\simon\Documents\Code\thesis-code\mockito-main\mockito-core\src\test\java\org\mockitousage\bugs\injection\ShouldNotTryToInjectInFinalOrStaticFieldsTest.java,ShouldNotTryToInjectInFinalOrStaticFieldsTest.java,ExampleService,8,2,1,2,2,0,true,false,false,false,true,false,false,false,false,false
C:\Users\simon\Documents\Code\thesis-code\mockito-main\mockito-core\src\test\java\org\mockitousage\bugs\IOOBExceptionShouldNotBeThrownWhenNotCodingFluentlyTest.java,IOOBExceptionShouldNotBeThrownWhenNotCodingFluentlyTest.java,IOOBExceptionShouldNotBeThrownWhenNotCodingFluentlyTest,9,1,4,1,1,0,true,true,false,false,true,false,false,false,false,false
C:\Users\simon\Documents\Code\thesis-code\mockito-main\mockito-core\src\test\java\org\mockitousage\bugs\ListenersLostOnResetMockTest.java,ListenersLostOnResetMockTest.java,ListenersLostOnResetMockTest,5,1,5,1,1,0,true,true,false,false,true,false,false,false,false,false
C:\Users\simon\Documents\Code\thesis-code\mockito-main\mockito-core\src\test\java\org\mockitousage\bugs\MockitoStubbedCallInAnswerTest.java,MockitoStubbedCallInAnswerTest.java,Bar,7,12,25,4,4,0,true,false,false,false,true,false,false,false,false,false
C:\Users\simon\Documents\Code\thesis-code\mockito-main\mockito-core\src\test\java\org\mockitousage\bugs\MultipleInOrdersTest.java,MultipleInOrdersTest.java,MultipleInOrdersTest,6,1,12,1,1,0,true,true,false,false,true,false,false,false,false,false
C:\Users\simon\Documents\Code\thesis-code\mockito-main\mockito-core\src\test\java\org\mockitousage\bugs\MultithreadedStubbingHalfManualTest.java,MultithreadedStubbingHalfManualTest.java,ToMock,12,6,5,1,1,0,true,false,false,false,true,false,false,false,false,true
C:\Users\simon\Documents\Code\thesis-code\mockito-main\mockito-core\src\test\java\org\mockitousage\bugs\NPEOnAnyClassMatcherAutounboxTest.java,NPEOnAnyClassMatcherAutounboxTest.java,Foo,3,2,3,1,1,0,true,false,false,false,true,false,false,false,false,false
C:\Users\simon\Documents\Code\thesis-code\mockito-main\mockito-core\src\test\java\org\mockitousage\bugs\NPEWhenMockingThrowablesTest.java,NPEWhenMockingThrowablesTest.java,DummyException,6,1,2,1,1,0,true,false,false,false,true,false,false,false,false,false
C:\Users\simon\Documents\Code\thesis-code\mockito-main\mockito-core\src\test\java\org\mockitousage\bugs\NPEWithCertainMatchersTest.java,NPEWithCertainMatchersTest.java,NPEWithCertainMatchersTest,9,7,13,6,6,0,true,true,false,false,true,false,false,false,false,false
C:\Users\simon\Documents\Code\thesis-code\mockito-main\mockito-core\src\test\java\org\mockitousage\bugs\ShouldMocksCompareToBeConsistentWithEqualsTest.java,ShouldMocksCompareToBeConsistentWithEqualsTest.java,ShouldMocksCompareToBeConsistentWithEqualsTest,7,4,19,4,4,0,true,true,false,false,true,false,false,false,false,false
C:\Users\simon\Documents\Code\thesis-code\mockito-main\mockito-core\src\test\java\org\mockitousage\bugs\ShouldNotDeadlockAnswerExecutionTest.java,ShouldNotDeadlockAnswerExecutionTest.java,Service,9,5,22,2,2,0,true,false,false,false,true,false,false,false,false,false
C:\Users\simon\Documents\Code\thesis-code\mockito-main\mockito-core\src\test\java\org\mockitousage\bugs\ShouldOnlyModeAllowCapturingArgumentsTest.java,ShouldOnlyModeAllowCapturingArgumentsTest.java,ShouldOnlyModeAllowCapturingArgumentsTest,8,1,4,1,1,0,true,true,false,false,true,false,false,false,false,false
C:\Users\simon\Documents\Code\thesis-code\mockito-main\mockito-core\src\test\java\org\mockitousage\bugs\SpyShouldHaveNiceNameTest.java,SpyShouldHaveNiceNameTest.java,SpyShouldHaveNiceNameTest,8,1,2,1,1,0,true,true,false,false,true,false,false,false,false,false
C:\Users\simon\Documents\Code\thesis-code\mockito-main\mockito-core\src\test\java\org\mockitousage\bugs\StubbingMocksThatAreConfiguredToReturnMocksTest.java,StubbingMocksThatAreConfiguredToReturnMocksTest.java,StubbingMocksThatAreConfiguredToReturnMocksTest,4,2,4,2,2,0,true,true,false,false,true,false,false,false,false,false
C:\Users\simon\Documents\Code\thesis-code\mockito-main\mockito-core\src\test\java\org\mockitousage\bugs\ThreadLocalTest.java,ThreadLocalTest.java,SomeThreadLocal,6,4,8,4,4,0,true,false,false,false,true,false,false,false,false,false
C:\Users\simon\Documents\Code\thesis-code\mockito-main\mockito-core\src\test\java\org\mockitousage\bugs\varargs\VarargsAndAnyPicksUpExtraInvocationsTest.java,VarargsAndAnyPicksUpExtraInvocationsTest.java,TableBuilder,6,4,10,3,3,0,true,false,false,false,true,false,false,false,false,false
C:\Users\simon\Documents\Code\thesis-code\mockito-main\mockito-core\src\test\java\org\mockitousage\bugs\varargs\VarargsErrorWhenCallingRealMethodTest.java,VarargsErrorWhenCallingRealMethodTest.java,Foo,4,2,4,1,1,0,true,false,false,false,true,false,false,false,false,false
C:\Users\simon\Documents\Code\thesis-code\mockito-main\mockito-core\src\test\java\org\mockitousage\bugs\VerifyingWithAnExtraCallToADifferentMockTest.java,VerifyingWithAnExtraCallToADifferentMockTest.java,VerifyingWithAnExtraCallToADifferentMockTest,7,1,4,1,1,0,true,true,false,false,true,false,false,false,false,false
C:\Users\simon\Documents\Code\thesis-code\mockito-main\mockito-core\src\test\java\org\mockitousage\CompilationWarningsTest.java,CompilationWarningsTest.java,CompilationWarningsTest,5,6,64,3,3,0,true,true,false,false,true,false,false,false,false,false
C:\Users\simon\Documents\Code\thesis-code\mockito-main\mockito-core\src\test\java\org\mockitousage\configuration\ClassCacheVersusClassReloadingTest.java,ClassCacheVersusClassReloadingTest.java,PrepareMockito,5,9,14,1,1,0,true,false,false,false,true,false,false,false,false,true
C:\Users\simon\Documents\Code\thesis-code\mockito-main\mockito-core\src\test\java\org\mockitousage\constructor\CreatingMocksWithConstructorTest.java,CreatingMocksWithConstructorTest.java,AmbiguousWithPrimitive,15,37,58,28,28,0,true,false,false,false,true,false,false,false,false,true
C:\Users\simon\Documents\Code\thesis-code\mockito-main\mockito-core\src\test\java\org\mockitousage\customization\BDDMockitoTest.java,BDDMockitoTest.java,AnotherThingWasWrong,26,36,100,32,32,0,true,false,false,false,true,false,false,false,false,false
C:\Users\simon\Documents\Code\thesis-code\mockito-main\mockito-core\src\test\java\org\mockitousage\debugging\InvocationListenerCallbackTest.java,InvocationListenerCallbackTest.java,OvenNotWorking,17,8,38,5,5,0,true,false,false,false,true,false,false,false,false,false
C:\Users\simon\Documents\Code\thesis-code\mockito-main\mockito-core\src\test\java\org\mockitousage\debugging\InvocationsPrinterTest.java,InvocationsPrinterTest.java,InvocationsPrinterTest,7,7,16,5,5,0,true,true,false,false,true,false,false,false,false,false
C:\Users\simon\Documents\Code\thesis-code\mockito-main\mockito-core\src\test\java\org\mockitousage\debugging\StubbingLookupListenerCallbackTest.java,StubbingLookupListenerCallbackTest.java,NoWater,16,12,53,9,9,0,true,false,false,false,true,false,false,false,false,false
C:\Users\simon\Documents\Code\thesis-code\mockito-main\mockito-core\src\test\java\org\mockitousage\debugging\VerboseLoggingOfInvocationsOnMockTest.java,VerboseLoggingOfInvocationsOnMockTest.java,FooImpl,13,13,30,6,6,0,true,false,false,false,true,false,false,false,false,false
C:\Users\simon\Documents\Code\thesis-code\mockito-main\mockito-core\src\test\java\org\mockitousage\debugging\VerificationListenerCallBackTest.java,VerificationListenerCallBackTest.java,RuntimeExceptionVerificationMode,16,13,53,7,7,0,true,false,false,false,true,false,false,false,false,false
C:\Users\simon\Documents\Code\thesis-code\mockito-main\mockito-core\src\test\java\org\mockitousage\examples\use\ExampleTest.java,ExampleTest.java,ExampleTest,9,5,33,5,5,0,true,true,false,false,true,false,false,false,false,false
C:\Users\simon\Documents\Code\thesis-code\mockito-main\mockito-core\src\test\java\org\mockitousage\internal\debugging\LocationFactoryTest.java,LocationFactoryTest.java,LocationFactoryTest,7,3,5,2,2,0,true,true,false,false,true,false,false,false,false,false
C:\Users\simon\Documents\Code\thesis-code\mockito-main\mockito-core\src\test\java\org\mockitousage\internal\junit\UnusedStubbingsFinderTest.java,UnusedStubbingsFinderTest.java,UnusedStubbingsFinderTest,12,9,43,9,9,0,true,true,false,false,true,false,false,false,false,true
C:\Users\simon\Documents\Code\thesis-code\mockito-main\mockito-core\src\test\java\org\mockitousage\jls\JLS_15_12_2_5Test.java,JLS_15_12_2_5Test.java,SingleOverload,13,19,47,13,13,0,true,false,false,false,true,false,false,false,false,false
C:\Users\simon\Documents\Code\thesis-code\mockito-main\mockito-core\src\test\java\org\mockitousage\junitrule\InvalidTargetMockitoJUnitRuleTest.java,InvalidTargetMockitoJUnitRuleTest.java,InjectInto,7,2,3,1,1,0,true,false,false,false,true,false,false,false,false,false
C:\Users\simon\Documents\Code\thesis-code\mockito-main\mockito-core\src\test\java\org\mockitousage\junitrule\JUnitTestRuleIntegratesWithRuleChainTest.java,JUnitTestRuleIntegratesWithRuleChainTest.java,StrictByDefault,15,7,16,5,5,0,true,false,false,false,true,false,false,false,false,false
C:\Users\simon\Documents\Code\thesis-code\mockito-main\mockito-core\src\test\java\org\mockitousage\junitrule\LenientJUnitRuleTest.java,LenientJUnitRuleTest.java,LenientJUnitRuleTest,9,3,5,3,3,0,true,true,false,false,true,false,false,false,false,false
C:\Users\simon\Documents\Code\thesis-code\mockito-main\mockito-core\src\test\java\org\mockitousage\junitrule\MockitoJUnitRuleTest.java,MockitoJUnitRuleTest.java,InjectInto,8,2,4,1,1,0,true,false,false,false,true,false,false,false,false,false
C:\Users\simon\Documents\Code\thesis-code\mockito-main\mockito-core\src\test\java\org\mockitousage\junitrule\MockitoJUnitTestRuleTest.java,MockitoJUnitTestRuleTest.java,InjectInto,8,2,4,1,1,0,true,false,false,false,true,false,false,false,false,false
C:\Users\simon\Documents\Code\thesis-code\mockito-main\mockito-core\src\test\java\org\mockitousage\junitrule\MutableStrictJUnitRuleTest.java,MutableStrictJUnitRuleTest.java,StrictByDefault,11,6,10,6,6,0,true,false,false,false,true,false,false,false,false,false
C:\Users\simon\Documents\Code\thesis-code\mockito-main\mockito-core\src\test\java\org\mockitousage\junitrule\MutableStrictJUnitTestRuleTest.java,MutableStrictJUnitTestRuleTest.java,StrictByDefault,11,6,10,6,6,0,true,false,false,false,true,false,false,false,false,false
C:\Users\simon\Documents\Code\thesis-code\mockito-main\mockito-core\src\test\java\org\mockitousage\junitrule\RuleTestWithFactoryMethodTest.java,RuleTestWithFactoryMethodTest.java,InjectInto,8,2,4,1,1,0,true,false,false,false,true,false,false,false,false,false
C:\Users\simon\Documents\Code\thesis-code\mockito-main\mockito-core\src\test\java\org\mockitousage\junitrule\RuleTestWithParameterConstructorTest.java,RuleTestWithParameterConstructorTest.java,InjectInto,8,2,4,1,1,0,true,false,false,false,true,false,false,false,false,false
C:\Users\simon\Documents\Code\thesis-code\mockito-main\mockito-core\src\test\java\org\mockitousage\junitrule\StrictJUnitRuleTest.java,StrictJUnitRuleTest.java,StrictJUnitRuleTest,21,16,59,12,12,0,true,true,false,false,true,false,false,false,false,true
C:\Users\simon\Documents\Code\thesis-code\mockito-main\mockito-core\src\test\java\org\mockitousage\junitrule\StubbingWarningsJUnitRuleTest.java,StubbingWarningsJUnitRuleTest.java,StubbingWarningsJUnitRuleTest,12,21,54,9,9,0,true,true,false,false,true,false,false,false,false,true
C:\Users\simon\Documents\Code\thesis-code\mockito-main\mockito-core\src\test\java\org\mockitousage\junitrule\StubbingWarningsMultiThreadingTest.java,StubbingWarningsMultiThreadingTest.java,StubbingWarningsMultiThreadingTest,13,6,11,2,2,0,true,true,false,false,true,false,false,false,false,false
C:\Users\simon\Documents\Code\thesis-code\mockito-main\mockito-core\src\test\java\org\mockitousage\junitrule\VerificationCollectorImplTest.java,VerificationCollectorImplTest.java,VerificationCollectorRuleInner,16,11,52,10,10,0,true,false,false,false,true,false,false,false,false,false
C:\Users\simon\Documents\Code\thesis-code\mockito-main\mockito-core\src\test\java\org\mockitousage\junitrunner\DeepStubbingWithJUnitRunnerTest.java,DeepStubbingWithJUnitRunnerTest.java,Bar,5,4,2,1,1,0,true,false,false,false,true,false,false,false,false,false
C:\Users\simon\Documents\Code\thesis-code\mockito-main\mockito-core\src\test\java\org\mockitousage\junitrunner\JUnit45RunnerTest.java,JUnit45RunnerTest.java,ListDependent,9,4,8,3,3,0,true,false,false,false,true,false,false,true,false,false
C:\Users\simon\Documents\Code\thesis-code\mockito-main\mockito-core\src\test\java\org\mockitousage\junitrunner\ModellingVerboseMockitoTest.java,ModellingVerboseMockitoTest.java,ModellingVerboseMockitoTest,12,3,10,2,2,0,true,true,false,false,true,false,false,false,false,true
C:\Users\simon\Documents\Code\thesis-code\mockito-main\mockito-core\src\test\java\org\mockitousage\junitrunner\SilentRunnerTest.java,SilentRunnerTest.java,HasUnnecessaryStubs,17,11,19,11,11,0,true,false,false,false,true,false,false,false,false,false
C:\Users\simon\Documents\Code\thesis-code\mockito-main\mockito-core\src\test\java\org\mockitousage\junitrunner\StrictRunnerTest.java,StrictRunnerTest.java,NoOpFilter,20,22,39,17,17,0,true,false,false,false,true,false,false,false,false,true
C:\Users\simon\Documents\Code\thesis-code\mockito-main\mockito-core\src\test\java\org\mockitousage\junitrunner\StrictStubsRunnerTest.java,StrictStubsRunnerTest.java,StubbingArgMismatch,13,8,12,8,8,0,true,false,false,false,true,false,false,false,false,false
C:\Users\simon\Documents\Code\thesis-code\mockito-main\mockito-core\src\test\java\org\mockitousage\junitrunner\StubbingWarningsJUnitRunnerTest.java,StubbingWarningsJUnitRunnerTest.java,InvalidMockitoUsage,14,10,26,10,10,0,true,false,false,false,true,false,false,false,false,true
C:\Users\simon\Documents\Code\thesis-code\mockito-main\mockito-core\src\test\java\org\mockitousage\junitrunner\UnusedStubsExceptionMessageTest.java,UnusedStubsExceptionMessageTest.java,HasUnnecessaryStubs,11,3,7,3,3,0,true,false,false,false,true,false,false,false,false,false
C:\Users\simon\Documents\Code\thesis-code\mockito-main\mockito-core\src\test\java\org\mockitousage\matchers\AdditionalMatcherTest.java,AdditionalMatcherTest.java,Foo,9,3,6,2,2,0,true,false,false,false,true,false,false,false,false,false
C:\Users\simon\Documents\Code\thesis-code\mockito-main\mockito-core\src\test\java\org\mockitousage\matchers\AnyXMatchersAcceptNullsTest.java,AnyXMatchersAcceptNullsTest.java,AnyXMatchersAcceptNullsTest,8,3,19,2,2,0,true,true,false,false,true,false,false,false,false,false
C:\Users\simon\Documents\Code\thesis-code\mockito-main\mockito-core\src\test\java\org\mockitousage\matchers\CapturingArgumentsTest.java,CapturingArgumentsTest.java,EmailService,15,38,148,35,35,0,true,false,false,false,true,false,false,true,false,false
C:\Users\simon\Documents\Code\thesis-code\mockito-main\mockito-core\src\test\java\org\mockitousage\matchers\CustomMatcherDoesYieldCCETest.java,CustomMatcherDoesYieldCCETest.java,CustomMatcherDoesYieldCCETest,9,3,5,1,1,0,true,true,false,false,true,false,false,false,false,false
C:\Users\simon\Documents\Code\thesis-code\mockito-main\mockito-core\src\test\java\org\mockitousage\matchers\CustomMatchersTest.java,CustomMatchersTest.java,StringThatContainsXxx,12,16,39,6,6,0,true,false,false,false,true,false,false,false,false,false
C:\Users\simon\Documents\Code\thesis-code\mockito-main\mockito-core\src\test\java\org\mockitousage\matchers\GenericMatchersTest.java,GenericMatchersTest.java,Foo,8,3,3,1,1,0,true,false,false,false,true,false,false,false,false,false
C:\Users\simon\Documents\Code\thesis-code\mockito-main\mockito-core\src\test\java\org\mockitousage\matchers\HamcrestMatchersTest.java,HamcrestMatchersTest.java,NonGenericMatcher,18,19,44,11,11,0,true,false,false,false,true,false,false,true,false,false
C:\Users\simon\Documents\Code\thesis-code\mockito-main\mockito-core\src\test\java\org\mockitousage\matchers\InvalidUseOfMatchersTest.java,InvalidUseOfMatchersTest.java,ObjectMatcherMisuseOnPrimitiveSite,16,8,18,8,8,0,true,false,false,false,true,false,false,false,false,false
C:\Users\simon\Documents\Code\thesis-code\mockito-main\mockito-core\src\test\java\org\mockitousage\matchers\MatchersMixedWithRawArgumentsTest.java,MatchersMixedWithRawArgumentsTest.java,MatchersMixedWithRawArgumentsTest,8,1,3,1,1,0,true,true,false,false,true,false,false,false,false,false
C:\Users\simon\Documents\Code\thesis-code\mockito-main\mockito-core\src\test\java\org\mockitousage\matchers\MatchersTest.java,MatchersTest.java,MatchersTest,57,42,336,42,42,0,true,true,false,false,true,false,false,false,false,false
C:\Users\simon\Documents\Code\thesis-code\mockito-main\mockito-core\src\test\java\org\mockitousage\matchers\MoreMatchersTest.java,MoreMatchersTest.java,MoreMatchersTest,12,4,10,2,2,0,true,true,false,false,true,false,false,false,false,false
C:\Users\simon\Documents\Code\thesis-code\mockito-main\mockito-core\src\test\java\org\mockitousage\matchers\NewMatchersTest.java,NewMatchersTest.java,NewMatchersTest,9,6,21,5,5,0,true,true,false,false,true,false,false,false,false,false
C:\Users\simon\Documents\Code\thesis-code\mockito-main\mockito-core\src\test\java\org\mockitousage\matchers\ReflectionMatchersTest.java,ReflectionMatchersTest.java,MockMe,8,10,20,8,8,0,true,false,false,false,true,false,false,false,false,false
C:\Users\simon\Documents\Code\thesis-code\mockito-main\mockito-core\src\test\java\org\mockitousage\matchers\VarargsTest.java,VarargsTest.java,SubType,30,63,167,59,59,0,true,false,false,false,true,false,false,false,false,false
C:\Users\simon\Documents\Code\thesis-code\mockito-main\mockito-core\src\test\java\org\mockitousage\matchers\VerificationAndStubbingUsingMatchersTest.java,VerificationAndStubbingUsingMatchersTest.java,VerificationAndStubbingUsingMatchersTest,8,3,27,2,2,0,true,true,false,false,true,false,false,false,false,false
C:\Users\simon\Documents\Code\thesis-code\mockito-main\mockito-core\src\test\java\org\mockitousage\misuse\CleaningUpPotentialStubbingTest.java,CleaningUpPotentialStubbingTest.java,CleaningUpPotentialStubbingTest,8,4,11,3,3,0,true,true,false,false,true,false,false,false,false,false
C:\Users\simon\Documents\Code\thesis-code\mockito-main\mockito-core\src\test\java\org\mockitousage\misuse\DescriptiveMessagesOnMisuseTest.java,DescriptiveMessagesOnMisuseTest.java,Foo,12,9,9,8,8,0,true,false,false,false,true,false,false,false,false,false
C:\Users\simon\Documents\Code\thesis-code\mockito-main\mockito-core\src\test\java\org\mockitousage\misuse\DetectingFinalMethodsTest.java,DetectingFinalMethodsTest.java,WithFinal,8,3,7,2,2,0,true,false,false,false,true,false,false,false,false,false
C:\Users\simon\Documents\Code\thesis-code\mockito-main\mockito-core\src\test\java\org\mockitousage\misuse\DetectingMisusedMatchersTest.java,DetectingMisusedMatchersTest.java,WithFinal,17,8,11,3,3,0,true,false,false,false,true,false,false,false,false,false
C:\Users\simon\Documents\Code\thesis-code\mockito-main\mockito-core\src\test\java\org\mockitousage\misuse\ExplicitFrameworkValidationTest.java,ExplicitFrameworkValidationTest.java,ExplicitFrameworkValidationTest,12,3,6,3,3,0,true,true,false,false,true,false,false,false,false,false
C:\Users\simon\Documents\Code\thesis-code\mockito-main\mockito-core\src\test\java\org\mockitousage\misuse\InvalidUsageTest.java,InvalidUsageTest.java,ObjectLikeInterface,20,18,27,14,14,0,true,false,false,false,true,false,false,false,false,false
C:\Users\simon\Documents\Code\thesis-code\mockito-main\mockito-core\src\test\java\org\mockitousage\misuse\RestrictedObjectMethodsTest.java,RestrictedObjectMethodsTest.java,RestrictedObjectMethodsTest,11,5,6,4,4,0,true,true,false,false,true,false,false,false,false,false
C:\Users\simon\Documents\Code\thesis-code\mockito-main\mockito-core\src\test\java\org\mockitousage\packageprotected\MockingPackageProtectedTest.java,MockingPackageProtectedTest.java,Bar,3,1,3,1,1,0,true,false,false,false,true,false,false,false,false,false
C:\Users\simon\Documents\Code\thesis-code\mockito-main\mockito-core\src\test\java\org\mockitousage\performance\LoadsOfMocksTest.java,LoadsOfMocksTest.java,LoadsOfMocksTest,8,1,2,1,1,0,true,true,false,false,true,false,false,false,false,false
C:\Users\simon\Documents\Code\thesis-code\mockito-main\mockito-core\src\test\java\org\mockitousage\performance\StubOnlyAvoidMemoryConsumptionTest.java,StubOnlyAvoidMemoryConsumptionTest.java,StubOnlyAvoidMemoryConsumptionTest,3,2,6,2,2,0,true,true,false,false,true,false,false,false,false,false
C:\Users\simon\Documents\Code\thesis-code\mockito-main\mockito-core\src\test\java\org\mockitousage\PlaygroundTest.java,PlaygroundTest.java,Boo,3,6,4,2,2,0,true,false,false,false,true,false,false,false,false,false
C:\Users\simon\Documents\Code\thesis-code\mockito-main\mockito-core\src\test\java\org\mockitousage\PlaygroundWithDemoOfUnclonedParametersProblemTest.java,PlaygroundWithDemoOfUnclonedParametersProblemTest.java,ImportLogBean,13,15,43,2,2,0,true,false,false,false,true,false,false,false,false,false
C:\Users\simon\Documents\Code\thesis-code\mockito-main\mockito-core\src\test\java\org\mockitousage\plugins\MockitoPluginsTest.java,MockitoPluginsTest.java,MockitoPluginsTest,11,1,7,1,1,0,true,true,false,false,true,false,false,false,false,false
C:\Users\simon\Documents\Code\thesis-code\mockito-main\mockito-core\src\test\java\org\mockitousage\puzzlers\BridgeMethodPuzzleTest.java,BridgeMethodPuzzleTest.java,Sub,7,5,14,3,3,0,true,false,false,false,true,false,false,false,false,false
C:\Users\simon\Documents\Code\thesis-code\mockito-main\mockito-core\src\test\java\org\mockitousage\puzzlers\OverloadingPuzzleTest.java,OverloadingPuzzleTest.java,Sub,6,5,6,1,1,0,true,false,false,false,true,false,false,false,false,false
C:\Users\simon\Documents\Code\thesis-code\mockito-main\mockito-core\src\test\java\org\mockitousage\serialization\AcrossClassLoaderSerializationTest.java,AcrossClassLoaderSerializationTest.java,AClassToBeMockedInThisTestOnlyAndInCallablesOnly,14,9,15,1,1,0,true,false,false,false,true,false,false,false,false,false
C:\Users\simon\Documents\Code\thesis-code\mockito-main\mockito-core\src\test\java\org\mockitousage\serialization\DeepStubsSerializableTest.java,DeepStubsSerializableTest.java,ListContainer,10,11,22,3,3,0,true,false,false,false,true,false,false,false,false,false
C:\Users\simon\Documents\Code\thesis-code\mockito-main\mockito-core\src\test\java\org\mockitousage\serialization\ParallelSerializationTest.java,ParallelSerializationTest.java,ParallelSerializationTest,10,4,12,1,1,0,true,true,false,false,true,false,false,false,false,false
C:\Users\simon\Documents\Code\thesis-code\mockito-main\mockito-core\src\test\java\org\mockitousage\serialization\StrictStubsSerializableTest.java,StrictStubsSerializableTest.java,SampleClass,8,2,8,1,1,0,true,false,false,false,true,false,false,false,false,false
C:\Users\simon\Documents\Code\thesis-code\mockito-main\mockito-core\src\test\java\org\mockitousage\session\MockitoSessionTest.java,MockitoSessionTest.java,ConstructorFail,22,29,41,19,19,0,true,false,false,false,true,false,false,false,false,false
C:\Users\simon\Documents\Code\thesis-code\mockito-main\mockito-core\src\test\java\org\mockitousage\spies\PartialMockingWithSpiesTest.java,PartialMockingWithSpiesTest.java,Name,19,16,30,9,9,0,true,false,false,false,true,false,false,false,false,false
C:\Users\simon\Documents\Code\thesis-code\mockito-main\mockito-core\src\test\java\org\mockitousage\spies\SpiesWithRealEqualsAndInOrderTest.java,SpiesWithRealEqualsAndInOrderTest.java,ToBeSpied,4,2,6,1,1,0,true,false,false,false,true,false,false,false,false,false
C:\Users\simon\Documents\Code\thesis-code\mockito-main\mockito-core\src\test\java\org\mockitousage\spies\SpyAsDefaultMockUsageTest.java,SpyAsDefaultMockUsageTest.java,Producer,3,3,7,1,1,0,true,false,false,false,true,false,false,false,false,false
C:\Users\simon\Documents\Code\thesis-code\mockito-main\mockito-core\src\test\java\org\mockitousage\spies\SpyingOnInterfacesTest.java,SpyingOnInterfacesTest.java,SpyingOnInterfacesTest,16,5,16,4,4,0,true,true,false,false,true,false,false,false,false,false
C:\Users\simon\Documents\Code\thesis-code\mockito-main\mockito-core\src\test\java\org\mockitousage\spies\SpyingOnRealObjectsTest.java,SpyingOnRealObjectsTest.java,Foo,14,16,56,14,14,0,true,false,false,false,true,false,false,true,false,false
C:\Users\simon\Documents\Code\thesis-code\mockito-main\mockito-core\src\test\java\org\mockitousage\spies\StubbingSpiesDoesNotYieldNPETest.java,StubbingSpiesDoesNotYieldNPETest.java,Foo,6,4,10,1,1,0,true,false,false,false,true,false,false,false,false,false
C:\Users\simon\Documents\Code\thesis-code\mockito-main\mockito-core\src\test\java\org\mockitousage\stacktrace\ClickableStackTracesTest.java,ClickableStackTracesTest.java,ClickableStackTracesTest,9,3,4,1,1,0,true,true,false,false,true,false,false,false,false,false
C:\Users\simon\Documents\Code\thesis-code\mockito-main\mockito-core\src\test\java\org\mockitousage\stacktrace\ClickableStackTracesWhenFrameworkMisusedTest.java,ClickableStackTracesWhenFrameworkMisusedTest.java,ClickableStackTracesWhenFrameworkMisusedTest,11,7,10,3,3,0,true,true,false,false,true,false,false,false,false,false
C:\Users\simon\Documents\Code\thesis-code\mockito-main\mockito-core\src\test\java\org\mockitousage\stacktrace\ModellingDescriptiveMessagesTest.java,ModellingDescriptiveMessagesTest.java,ModellingDescriptiveMessagesTest,13,26,56,25,25,0,true,true,false,false,true,false,false,false,false,false
C:\Users\simon\Documents\Code\thesis-code\mockito-main\mockito-core\src\test\java\org\mockitousage\stacktrace\PointingStackTraceToActualInvocationChunkInOrderTest.java,PointingStackTraceToActualInvocationChunkInOrderTest.java,PointingStackTraceToActualInvocationChunkInOrderTest,12,9,24,4,4,0,true,true,false,false,true,false,false,false,false,false
C:\Users\simon\Documents\Code\thesis-code\mockito-main\mockito-core\src\test\java\org\mockitousage\stacktrace\PointingStackTraceToActualInvocationInOrderTest.java,PointingStackTraceToActualInvocationInOrderTest.java,PointingStackTraceToActualInvocationInOrderTest,12,11,24,6,6,0,true,true,false,false,true,false,false,false,false,false
C:\Users\simon\Documents\Code\thesis-code\mockito-main\mockito-core\src\test\java\org\mockitousage\stacktrace\PointingStackTraceToActualInvocationTest.java,PointingStackTraceToActualInvocationTest.java,PointingStackTraceToActualInvocationTest,12,7,10,2,2,0,true,true,false,false,true,false,false,false,false,false
C:\Users\simon\Documents\Code\thesis-code\mockito-main\mockito-core\src\test\java\org\mockitousage\stacktrace\StackTraceFilteringTest.java,StackTraceFilteringTest.java,StackTraceFilteringTest,19,11,19,9,9,0,true,true,false,false,true,false,false,false,false,false
C:\Users\simon\Documents\Code\thesis-code\mockito-main\mockito-core\src\test\java\org\mockitousage\strictness\LenientMockAnnotationTest.java,LenientMockAnnotationTest.java,LenientMockAnnotationTest,11,2,5,1,1,0,true,true,false,false,true,false,false,false,false,false
C:\Users\simon\Documents\Code\thesis-code\mockito-main\mockito-core\src\test\java\org\mockitousage\strictness\PotentialStubbingSensitivityTest.java,PotentialStubbingSensitivityTest.java,PotentialStubbingSensitivityTest,12,5,9,2,2,0,true,true,false,false,true,false,false,false,false,false
C:\Users\simon\Documents\Code\thesis-code\mockito-main\mockito-core\src\test\java\org\mockitousage\strictness\StrictnessMockAnnotationTest.java,StrictnessMockAnnotationTest.java,LenientStubsTest,12,4,8,4,4,0,true,true,false,false,true,false,false,false,false,false
C:\Users\simon\Documents\Code\thesis-code\mockito-main\mockito-core\src\test\java\org\mockitousage\strictness\StrictnessPerMockTest.java,StrictnessPerMockTest.java,StrictnessPerMockTest,22,9,21,4,4,0,true,true,false,false,true,false,false,false,false,true
C:\Users\simon\Documents\Code\thesis-code\mockito-main\mockito-core\src\test\java\org\mockitousage\strictness\StrictnessPerStubbingTest.java,StrictnessPerStubbingTest.java,Counter,21,26,59,12,12,0,true,false,false,false,true,false,false,false,false,true
C:\Users\simon\Documents\Code\thesis-code\mockito-main\mockito-core\src\test\java\org\mockitousage\strictness\StrictnessPerStubbingWithRunnerTest.java,StrictnessPerStubbingWithRunnerTest.java,StrictnessPerStubbingWithRunnerTest,10,3,7,2,2,0,true,true,false,false,true,false,false,false,false,false
C:\Users\simon\Documents\Code\thesis-code\mockito-main\mockito-core\src\test\java\org\mockitousage\strictness\StrictnessWhenRuleStrictnessIsUpdatedTest.java,StrictnessWhenRuleStrictnessIsUpdatedTest.java,StrictnessWhenRuleStrictnessIsUpdatedTest,14,4,13,2,2,0,true,true,false,false,true,false,false,false,false,false
C:\Users\simon\Documents\Code\thesis-code\mockito-main\mockito-core\src\test\java\org\mockitousage\strictness\StrictnessWithRulesTest.java,StrictnessWithRulesTest.java,StrictnessWithRulesTest,12,3,7,2,2,0,true,true,false,false,true,false,false,false,false,false
C:\Users\simon\Documents\Code\thesis-code\mockito-main\mockito-core\src\test\java\org\mockitousage\strictness\StrictnessWithSettingsTest.java,StrictnessWithSettingsTest.java,StrictnessWithSettingsTest,10,4,9,3,3,0,true,true,false,false,true,false,false,false,false,false
C:\Users\simon\Documents\Code\thesis-code\mockito-main\mockito-core\src\test\java\org\mockitousage\stubbing\BasicStubbingTest.java,BasicStubbingTest.java,Foo,11,15,44,13,13,0,true,false,false,false,true,false,false,false,false,false
C:\Users\simon\Documents\Code\thesis-code\mockito-main\mockito-core\src\test\java\org\mockitousage\stubbing\CallingRealMethodTest.java,CallingRealMethodTest.java,TestedObject,5,8,17,5,5,0,true,true,false,false,true,false,false,false,false,false
C:\Users\simon\Documents\Code\thesis-code\mockito-main\mockito-core\src\test\java\org\mockitousage\stubbing\CloningParameterTest.java,CloningParameterTest.java,EmailSender,7,12,34,4,4,0,true,false,false,false,true,false,false,false,false,false
C:\Users\simon\Documents\Code\thesis-code\mockito-main\mockito-core\src\test\java\org\mockitousage\stubbing\DeepStubbingTest.java,DeepStubbingTest.java,SuperOfReversedGenerics,19,32,119,21,21,0,true,false,false,false,true,false,false,false,false,true
C:\Users\simon\Documents\Code\thesis-code\mockito-main\mockito-core\src\test\java\org\mockitousage\stubbing\MisusingStubbingTest.java,MisusingStubbingTest.java,MisusingStubbingTest,5,2,4,2,2,0,true,true,false,false,true,false,false,false,false,false
C:\Users\simon\Documents\Code\thesis-code\mockito-main\mockito-core\src\test\java\org\mockitousage\stubbing\ReturningDefaultValuesTest.java,ReturningDefaultValuesTest.java,CollectionsServer,11,8,30,4,4,0,true,false,false,false,true,false,false,false,false,false
C:\Users\simon\Documents\Code\thesis-code\mockito-main\mockito-core\src\test\java\org\mockitousage\stubbing\SmartNullsGenericBugTest.java,SmartNullsGenericBugTest.java,ConcreteDao,5,8,16,4,4,0,true,false,false,false,true,false,false,false,false,false
C:\Users\simon\Documents\Code\thesis-code\mockito-main\mockito-core\src\test\java\org\mockitousage\stubbing\SmartNullsStubbingTest.java,SmartNullsStubbingTest.java,Foo,10,17,33,9,9,0,true,false,false,false,true,false,false,false,false,false
C:\Users\simon\Documents\Code\thesis-code\mockito-main\mockito-core\src\test\java\org\mockitousage\stubbing\StrictStubbingEndToEndTest.java,StrictStubbingEndToEndTest.java,UnfinishedMocking,19,20,32,14,14,0,true,false,false,false,true,false,false,false,false,false
C:\Users\simon\Documents\Code\thesis-code\mockito-main\mockito-core\src\test\java\org\mockitousage\stubbing\StrictStubbingTest.java,StrictStubbingTest.java,StrictStubbingTest,15,11,23,7,7,0,true,true,false,false,true,false,false,false,false,true
C:\Users\simon\Documents\Code\thesis-code\mockito-main\mockito-core\src\test\java\org\mockitousage\stubbing\StubbingConsecutiveAnswersTest.java,StubbingConsecutiveAnswersTest.java,StubbingConsecutiveAnswersTest,12,16,72,16,16,0,true,true,false,false,true,false,false,false,false,false
C:\Users\simon\Documents\Code\thesis-code\mockito-main\mockito-core\src\test\java\org\mockitousage\stubbing\StubbingReturnsSelfTest.java,StubbingReturnsSelfTest.java,HttpBuilder,5,21,37,10,10,0,true,false,false,false,true,false,false,false,false,false
C:\Users\simon\Documents\Code\thesis-code\mockito-main\mockito-core\src\test\java\org\mockitousage\stubbing\StubbingUsingDoReturnTest.java,StubbingUsingDoReturnTest.java,FooCheckedException,23,22,61,21,21,0,true,false,false,false,true,false,false,false,false,false
C:\Users\simon\Documents\Code\thesis-code\mockito-main\mockito-core\src\test\java\org\mockitousage\stubbing\StubbingWarningsTest.java,StubbingWarningsTest.java,StubbingWarningsTest,16,8,28,7,7,0,true,true,false,false,true,false,false,false,false,true
C:\Users\simon\Documents\Code\thesis-code\mockito-main\mockito-core\src\test\java\org\mockitousage\stubbing\StubbingWithAdditionalAnswersTest.java,StubbingWithAdditionalAnswersTest.java,StubbingWithAdditionalAnswersTest,38,63,166,35,35,0,true,true,false,false,true,false,false,false,false,false
C:\Users\simon\Documents\Code\thesis-code\mockito-main\mockito-core\src\test\java\org\mockitousage\stubbing\StubbingWithBadThrowablesTest.java,StubbingWithBadThrowablesTest.java,UninstantiableException,8,2,3,1,1,0,true,false,false,false,true,false,false,false,false,false
C:\Users\simon\Documents\Code\thesis-code\mockito-main\mockito-core\src\test\java\org\mockitousage\stubbing\StubbingWithCustomAnswerTest.java,StubbingWithCustomAnswerTest.java,RecordCall,9,12,36,6,6,0,true,false,false,false,true,false,false,true,false,false
C:\Users\simon\Documents\Code\thesis-code\mockito-main\mockito-core\src\test\java\org\mockitousage\stubbing\StubbingWithDelegateTest.java,StubbingWithDelegateTest.java,Foo,16,20,49,11,11,0,true,false,false,false,true,false,false,false,false,false
C:\Users\simon\Documents\Code\thesis-code\mockito-main\mockito-core\src\test\java\org\mockitousage\stubbing\StubbingWithDelegateVarArgsTest.java,StubbingWithDelegateVarArgsTest.java,FooImpl,5,5,8,3,3,0,true,false,false,false,true,false,false,false,false,false
C:\Users\simon\Documents\Code\thesis-code\mockito-main\mockito-core\src\test\java\org\mockitousage\stubbing\StubbingWithExtraAnswersTest.java,StubbingWithExtraAnswersTest.java,StubbingWithExtraAnswersTest,11,3,13,3,3,0,true,true,false,false,true,false,false,false,false,false
C:\Users\simon\Documents\Code\thesis-code\mockito-main\mockito-core\src\test\java\org\mockitousage\stubbing\StubbingWithThrowablesTest.java,StubbingWithThrowablesTest.java,NaughtyException,26,31,87,29,29,0,true,false,false,false,true,false,false,false,false,false
C:\Users\simon\Documents\Code\thesis-code\mockito-main\mockito-core\src\test\java\org\mockitousage\verification\AtLeastXVerificationTest.java,AtLeastXVerificationTest.java,AtLeastXVerificationTest,7,3,12,3,3,0,true,true,false,false,true,false,false,false,false,false
C:\Users\simon\Documents\Code\thesis-code\mockito-main\mockito-core\src\test\java\org\mockitousage\verification\AtMostXVerificationTest.java,AtMostXVerificationTest.java,AtMostXVerificationTest,18,9,27,8,8,0,true,true,false,false,true,false,false,false,false,false
C:\Users\simon\Documents\Code\thesis-code\mockito-main\mockito-core\src\test\java\org\mockitousage\verification\BasicVerificationInOrderTest.java,BasicVerificationInOrderTest.java,BasicVerificationInOrderTest,21,26,87,25,25,0,true,true,false,false,true,false,false,false,false,false
C:\Users\simon\Documents\Code\thesis-code\mockito-main\mockito-core\src\test\java\org\mockitousage\verification\BasicVerificationTest.java,BasicVerificationTest.java,BasicVerificationTest,16,8,33,8,8,0,true,true,false,false,true,false,false,false,false,false
C:\Users\simon\Documents\Code\thesis-code\mockito-main\mockito-core\src\test\java\org\mockitousage\verification\DescriptiveMessagesOnVerificationInOrderErrorsTest.java,DescriptiveMessagesOnVerificationInOrderErrorsTest.java,DescriptiveMessagesOnVerificationInOrderErrorsTest,10,8,29,7,7,0,true,true,false,false,true,false,false,false,false,false
C:\Users\simon\Documents\Code\thesis-code\mockito-main\mockito-core\src\test\java\org\mockitousage\verification\DescriptiveMessagesWhenTimesXVerificationFailsTest.java,DescriptiveMessagesWhenTimesXVerificationFailsTest.java,DescriptiveMessagesWhenTimesXVerificationFailsTest,10,2,11,2,2,0,true,true,false,false,true,false,false,false,false,false
C:\Users\simon\Documents\Code\thesis-code\mockito-main\mockito-core\src\test\java\org\mockitousage\verification\DescriptiveMessagesWhenVerificationFailsTest.java,DescriptiveMessagesWhenVerificationFailsTest.java,AnInterface,15,29,64,26,26,0,true,false,false,false,true,false,false,false,false,false
C:\Users\simon\Documents\Code\thesis-code\mockito-main\mockito-core\src\test\java\org\mockitousage\verification\ExactNumberOfTimesVerificationTest.java,ExactNumberOfTimesVerificationTest.java,ExactNumberOfTimesVerificationTest,9,9,31,8,8,0,true,true,false,false,true,false,false,false,false,false
C:\Users\simon\Documents\Code\thesis-code\mockito-main\mockito-core\src\test\java\org\mockitousage\verification\FindingRedundantInvocationsInOrderTest.java,FindingRedundantInvocationsInOrderTest.java,FindingRedundantInvocationsInOrderTest,11,7,34,7,7,0,true,true,false,false,true,false,false,false,false,false
C:\Users\simon\Documents\Code\thesis-code\mockito-main\mockito-core\src\test\java\org\mockitousage\verification\NoMoreInteractionsVerificationTest.java,NoMoreInteractionsVerificationTest.java,NoMoreInteractionsVerificationTest,17,10,39,9,9,0,true,true,false,false,true,false,false,false,false,false
C:\Users\simon\Documents\Code\thesis-code\mockito-main\mockito-core\src\test\java\org\mockitousage\verification\OnlyVerificationTest.java,OnlyVerificationTest.java,OnlyVerificationTest,12,8,21,8,8,0,true,true,false,false,true,false,false,false,false,false
C:\Users\simon\Documents\Code\thesis-code\mockito-main\mockito-core\src\test\java\org\mockitousage\verification\OrdinaryVerificationPrintsAllInteractionsTest.java,OrdinaryVerificationPrintsAllInteractionsTest.java,OrdinaryVerificationPrintsAllInteractionsTest,8,6,11,3,3,0,true,true,false,false,true,false,false,false,false,false
C:\Users\simon\Documents\Code\thesis-code\mockito-main\mockito-core\src\test\java\org\mockitousage\verification\PrintingVerboseTypesWithArgumentsTest.java,PrintingVerboseTypesWithArgumentsTest.java,Foo,11,10,18,5,5,0,true,false,false,false,true,false,false,false,false,false
C:\Users\simon\Documents\Code\thesis-code\mockito-main\mockito-core\src\test\java\org\mockitousage\verification\RelaxedVerificationInOrderTest.java,RelaxedVerificationInOrderTest.java,RelaxedVerificationInOrderTest,17,28,80,27,27,0,true,true,false,false,true,false,false,false,false,false
C:\Users\simon\Documents\Code\thesis-code\mockito-main\mockito-core\src\test\java\org\mockitousage\verification\SelectedMocksInOrderVerificationTest.java,SelectedMocksInOrderVerificationTest.java,SelectedMocksInOrderVerificationTest,9,16,61,15,15,0,true,true,false,false,true,false,false,false,false,false
C:\Users\simon\Documents\Code\thesis-code\mockito-main\mockito-core\src\test\java\org\mockitousage\verification\VerificationExcludingStubsTest.java,VerificationExcludingStubsTest.java,VerificationExcludingStubsTest,14,4,18,4,4,0,true,true,false,false,true,false,false,false,false,false
C:\Users\simon\Documents\Code\thesis-code\mockito-main\mockito-core\src\test\java\org\mockitousage\verification\VerificationInOrderMixedWithOrdinaryVerificationTest.java,VerificationInOrderMixedWithOrdinaryVerificationTest.java,VerificationInOrderMixedWithOrdinaryVerificationTest,18,11,63,10,10,0,true,true,false,false,true,false,false,false,false,false
C:\Users\simon\Documents\Code\thesis-code\mockito-main\mockito-core\src\test\java\org\mockitousage\verification\VerificationInOrderTest.java,VerificationInOrderTest.java,VerificationInOrderTest,10,5,34,4,4,0,true,true,false,false,true,false,false,false,false,false
C:\Users\simon\Documents\Code\thesis-code\mockito-main\mockito-core\src\test\java\org\mockitousage\verification\VerificationInOrderWithCallsTest.java,VerificationInOrderWithCallsTest.java,VerificationInOrderWithCallsTest,15,25,176,25,25,0,true,true,false,false,true,false,false,false,false,false
C:\Users\simon\Documents\Code\thesis-code\mockito-main\mockito-core\src\test\java\org\mockitousage\verification\VerificationInOrderWithTimeoutTest.java,VerificationInOrderWithTimeoutTest.java,VerificationInOrderWithTimeoutTest,17,20,65,10,10,0,true,true,false,false,true,false,false,false,false,true
C:\Users\simon\Documents\Code\thesis-code\mockito-main\mockito-core\src\test\java\org\mockitousage\verification\VerificationOnMultipleMocksUsingMatchersTest.java,VerificationOnMultipleMocksUsingMatchersTest.java,VerificationOnMultipleMocksUsingMatchersTest,7,2,25,2,2,0,true,true,false,false,true,false,false,false,false,false
C:\Users\simon\Documents\Code\thesis-code\mockito-main\mockito-core\src\test\java\org\mockitousage\verification\VerificationStartedListenerTest.java,VerificationStartedListenerTest.java,VerificationStartedListenerTest,14,9,22,5,5,0,true,true,false,false,true,false,false,false,false,true
C:\Users\simon\Documents\Code\thesis-code\mockito-main\mockito-core\src\test\java\org\mockitousage\verification\VerificationUsingMatchersTest.java,VerificationUsingMatchersTest.java,VerificationUsingMatchersTest,19,4,24,3,3,0,true,true,false,false,true,false,false,false,false,false
C:\Users\simon\Documents\Code\thesis-code\mockito-main\mockito-core\src\test\java\org\mockitousage\verification\VerificationWithAfterAndCaptorTest.java,VerificationWithAfterAndCaptorTest.java,VerificationWithAfterAndCaptorTest,16,4,21,3,3,0,true,true,false,false,true,false,false,false,false,false
C:\Users\simon\Documents\Code\thesis-code\mockito-main\mockito-core\src\test\java\org\mockitousage\verification\VerificationWithAfterTest.java,VerificationWithAfterTest.java,VerificationWithAfterTest,23,31,76,19,19,0,true,true,false,false,true,false,false,false,false,true
C:\Users\simon\Documents\Code\thesis-code\mockito-main\mockito-core\src\test\java\org\mockitousage\verification\VerificationWithTimeoutTest.java,VerificationWithTimeoutTest.java,VerificationWithTimeoutTest,23,24,54,14,14,0,true,true,false,false,true,false,false,false,false,true
C:\Users\simon\Documents\Code\thesis-code\mockito-main\mockito-core\src\test\java\org\mockitousage\verification\VerifyPrintsAllInvocationsOnErrorTest.java,VerifyPrintsAllInvocationsOnErrorTest.java,ExampleBuilder,5,2,5,1,1,0,true,false,false,false,true,false,false,false,false,false
C:\Users\simon\Documents\Code\thesis-code\mockito-main\mockito-core\src\testFixtures\java\org\mockitoutil\async\AsyncTestingTest.java,AsyncTestingTest.java,AsyncTestingTest,7,3,9,1,1,0,true,true,false,false,true,false,false,false,false,false
C:\Users\simon\Documents\Code\thesis-code\mockito-main\mockito-core\src\testFixtures\java\org\mockitoutil\ClassLoadersTest.java,ClassLoadersTest.java,Interface1,11,20,56,18,18,0,true,false,false,false,true,false,false,false,false,false
C:\Users\simon\Documents\Code\thesis-code\mockito-main\mockito-core\src\testFixtures\java\org\mockitoutil\SafeJUnitRuleTest.java,SafeJUnitRuleTest.java,MethodRuleStub,10,17,24,7,7,0,true,false,false,false,true,false,false,false,false,false
C:\Users\simon\Documents\Code\thesis-code\mockito-main\mockito-core\src\testFixtures\java\org\mockitoutil\TestBase.java,TestBase.java,TestBase,18,13,22,0,0,0,true,true,false,false,false,false,false,false,false,false
C:\Users\simon\Documents\Code\thesis-code\mockito-main\mockito-core\src\testFixtures\java\org\mockitoutil\TestBaseTest.java,TestBaseTest.java,TestBaseTest,2,1,6,1,1,0,true,true,false,false,true,false,false,false,false,false
