FilePath,FileName,ClassName,MethodName,TotalStatements,TotalParameters,ReturnType,AccessModifier,MethodHasAnnotation,MethodHasTestInName,FileHasTestInName,ClassHasTestInName
C:\Users\simon\Documents\Code\thesis-code\commons-codec-master\src\test\java\org\apache\commons\codec\AbstractStringEncoderTest.java,AbstractStringEncoderTest.java,AbstractStringEncoderTest,checkEncoding,1,2,void,public,false,false,true,true
C:\Users\simon\Documents\Code\thesis-code\commons-codec-master\src\test\java\org\apache\commons\codec\AbstractStringEncoderTest.java,AbstractStringEncoderTest.java,AbstractStringEncoderTest,checkEncodings,1,1,void,protected,false,false,true,true
C:\Users\simon\Documents\Code\thesis-code\commons-codec-master\src\test\java\org\apache\commons\codec\AbstractStringEncoderTest.java,AbstractStringEncoderTest.java,AbstractStringEncoderTest,checkEncodingVariations,1,2,void,protected,false,false,true,true
C:\Users\simon\Documents\Code\thesis-code\commons-codec-master\src\test\java\org\apache\commons\codec\AbstractStringEncoderTest.java,AbstractStringEncoderTest.java,AbstractStringEncoderTest,createStringEncoder,0,0,T,protected; abstract,false,false,true,true
C:\Users\simon\Documents\Code\thesis-code\commons-codec-master\src\test\java\org\apache\commons\codec\AbstractStringEncoderTest.java,AbstractStringEncoderTest.java,AbstractStringEncoderTest,getStringEncoder,1,0,T,public,false,false,true,true
C:\Users\simon\Documents\Code\thesis-code\commons-codec-master\src\test\java\org\apache\commons\codec\AbstractStringEncoderTest.java,AbstractStringEncoderTest.java,AbstractStringEncoderTest,testEncodeEmpty,4,0,void,,true,true,true,true
C:\Users\simon\Documents\Code\thesis-code\commons-codec-master\src\test\java\org\apache\commons\codec\AbstractStringEncoderTest.java,AbstractStringEncoderTest.java,AbstractStringEncoderTest,testEncodeNull,2,0,void,,true,true,true,true
C:\Users\simon\Documents\Code\thesis-code\commons-codec-master\src\test\java\org\apache\commons\codec\AbstractStringEncoderTest.java,AbstractStringEncoderTest.java,AbstractStringEncoderTest,testEncodeWithInvalidObject,2,0,void,,true,true,true,true
C:\Users\simon\Documents\Code\thesis-code\commons-codec-master\src\test\java\org\apache\commons\codec\AbstractStringEncoderTest.java,AbstractStringEncoderTest.java,AbstractStringEncoderTest,testLocaleIndependence,5,0,void,,true,true,true,true
C:\Users\simon\Documents\Code\thesis-code\commons-codec-master\src\test\java\org\apache\commons\codec\binary\AllocateDirectHexTest.java,AllocateDirectHexTest.java,AllocateDirectHexTest,allocate,1,1,ByteBuffer,protected,false,false,true,true
C:\Users\simon\Documents\Code\thesis-code\commons-codec-master\src\test\java\org\apache\commons\codec\binary\Base16InputStreamTest.java,Base16InputStreamTest.java,Base16InputStreamTest,testAvailable,2,0,void,,true,true,true,true
C:\Users\simon\Documents\Code\thesis-code\commons-codec-master\src\test\java\org\apache\commons\codec\binary\Base16InputStreamTest.java,Base16InputStreamTest.java,Base16InputStreamTest,testBase16EmptyInputStream,4,0,void,,true,true,true,true
C:\Users\simon\Documents\Code\thesis-code\commons-codec-master\src\test\java\org\apache\commons\codec\binary\Base16InputStreamTest.java,Base16InputStreamTest.java,Base16InputStreamTest,testBase16InputStreamByChunk,11,0,void,,true,true,true,true
C:\Users\simon\Documents\Code\thesis-code\commons-codec-master\src\test\java\org\apache\commons\codec\binary\Base16InputStreamTest.java,Base16InputStreamTest.java,Base16InputStreamTest,testBase16InputStreamByteByByte,11,0,void,,true,true,true,true
C:\Users\simon\Documents\Code\thesis-code\commons-codec-master\src\test\java\org\apache\commons\codec\binary\Base16InputStreamTest.java,Base16InputStreamTest.java,Base16InputStreamTest,testBuilder,1,0,void,,true,true,true,true
C:\Users\simon\Documents\Code\thesis-code\commons-codec-master\src\test\java\org\apache\commons\codec\binary\Base16InputStreamTest.java,Base16InputStreamTest.java,Base16InputStreamTest,testByChunk,1,2,void,private,false,true,true,true
C:\Users\simon\Documents\Code\thesis-code\commons-codec-master\src\test\java\org\apache\commons\codec\binary\Base16InputStreamTest.java,Base16InputStreamTest.java,Base16InputStreamTest,testByChunk,3,3,void,private,false,true,true,true
C:\Users\simon\Documents\Code\thesis-code\commons-codec-master\src\test\java\org\apache\commons\codec\binary\Base16InputStreamTest.java,Base16InputStreamTest.java,Base16InputStreamTest,testByteByByte,1,2,void,private,false,true,true,true
C:\Users\simon\Documents\Code\thesis-code\commons-codec-master\src\test\java\org\apache\commons\codec\binary\Base16InputStreamTest.java,Base16InputStreamTest.java,Base16InputStreamTest,testByteByByte,4,3,void,private,false,true,true,true
C:\Users\simon\Documents\Code\thesis-code\commons-codec-master\src\test\java\org\apache\commons\codec\binary\Base16InputStreamTest.java,Base16InputStreamTest.java,Base16InputStreamTest,testMarkSupported,3,0,void,,true,true,true,true
C:\Users\simon\Documents\Code\thesis-code\commons-codec-master\src\test\java\org\apache\commons\codec\binary\Base16InputStreamTest.java,Base16InputStreamTest.java,Base16InputStreamTest,testRead0,5,0,void,,true,true,true,true
C:\Users\simon\Documents\Code\thesis-code\commons-codec-master\src\test\java\org\apache\commons\codec\binary\Base16InputStreamTest.java,Base16InputStreamTest.java,Base16InputStreamTest,testReadNull,3,0,void,,true,true,true,true
C:\Users\simon\Documents\Code\thesis-code\commons-codec-master\src\test\java\org\apache\commons\codec\binary\Base16InputStreamTest.java,Base16InputStreamTest.java,Base16InputStreamTest,testReadOutOfBounds,4,0,void,,true,true,true,true
C:\Users\simon\Documents\Code\thesis-code\commons-codec-master\src\test\java\org\apache\commons\codec\binary\Base16InputStreamTest.java,Base16InputStreamTest.java,Base16InputStreamTest,testSkipBig,2,0,void,,true,true,true,true
C:\Users\simon\Documents\Code\thesis-code\commons-codec-master\src\test\java\org\apache\commons\codec\binary\Base16InputStreamTest.java,Base16InputStreamTest.java,Base16InputStreamTest,testSkipNone,2,0,void,,true,true,true,true
C:\Users\simon\Documents\Code\thesis-code\commons-codec-master\src\test\java\org\apache\commons\codec\binary\Base16InputStreamTest.java,Base16InputStreamTest.java,Base16InputStreamTest,testSkipPastEnd,2,0,void,,true,true,true,true
C:\Users\simon\Documents\Code\thesis-code\commons-codec-master\src\test\java\org\apache\commons\codec\binary\Base16InputStreamTest.java,Base16InputStreamTest.java,Base16InputStreamTest,testSkipToEnd,2,0,void,,true,true,true,true
C:\Users\simon\Documents\Code\thesis-code\commons-codec-master\src\test\java\org\apache\commons\codec\binary\Base16InputStreamTest.java,Base16InputStreamTest.java,Base16InputStreamTest,testSkipWrongArgument,3,0,void,,true,true,true,true
C:\Users\simon\Documents\Code\thesis-code\commons-codec-master\src\test\java\org\apache\commons\codec\binary\Base16OutputStreamTest.java,Base16OutputStreamTest.java,Base16OutputStreamTest,testBase16EmptyOutputStream,4,0,void,,true,true,true,true
C:\Users\simon\Documents\Code\thesis-code\commons-codec-master\src\test\java\org\apache\commons\codec\binary\Base16OutputStreamTest.java,Base16OutputStreamTest.java,Base16OutputStreamTest,testBase16OutputStreamByChunk,8,0,void,,true,true,true,true
C:\Users\simon\Documents\Code\thesis-code\commons-codec-master\src\test\java\org\apache\commons\codec\binary\Base16OutputStreamTest.java,Base16OutputStreamTest.java,Base16OutputStreamTest,testBase16OutputStreamByteByByte,8,0,void,,true,true,true,true
C:\Users\simon\Documents\Code\thesis-code\commons-codec-master\src\test\java\org\apache\commons\codec\binary\Base16OutputStreamTest.java,Base16OutputStreamTest.java,Base16OutputStreamTest,testBuilder,1,0,void,,true,true,true,true
C:\Users\simon\Documents\Code\thesis-code\commons-codec-master\src\test\java\org\apache\commons\codec\binary\Base16OutputStreamTest.java,Base16OutputStreamTest.java,Base16OutputStreamTest,testByChunk,1,2,void,private,false,true,true,true
C:\Users\simon\Documents\Code\thesis-code\commons-codec-master\src\test\java\org\apache\commons\codec\binary\Base16OutputStreamTest.java,Base16OutputStreamTest.java,Base16OutputStreamTest,testByChunk,3,3,void,private,false,true,true,true
C:\Users\simon\Documents\Code\thesis-code\commons-codec-master\src\test\java\org\apache\commons\codec\binary\Base16OutputStreamTest.java,Base16OutputStreamTest.java,Base16OutputStreamTest,testByteByByte,1,2,void,private,false,true,true,true
C:\Users\simon\Documents\Code\thesis-code\commons-codec-master\src\test\java\org\apache\commons\codec\binary\Base16OutputStreamTest.java,Base16OutputStreamTest.java,Base16OutputStreamTest,testByteByByte,5,3,void,private,false,true,true,true
C:\Users\simon\Documents\Code\thesis-code\commons-codec-master\src\test\java\org\apache\commons\codec\binary\Base16OutputStreamTest.java,Base16OutputStreamTest.java,Base16OutputStreamTest,testWriteOutOfBounds,3,0,void,,true,true,true,true
C:\Users\simon\Documents\Code\thesis-code\commons-codec-master\src\test\java\org\apache\commons\codec\binary\Base16OutputStreamTest.java,Base16OutputStreamTest.java,Base16OutputStreamTest,testWriteToNullCoverage,2,0,void,,true,true,true,true
C:\Users\simon\Documents\Code\thesis-code\commons-codec-master\src\test\java\org\apache\commons\codec\binary\Base16Test.java,Base16Test.java,Base16Test,getRandom,1,0,Random,public,false,false,true,true
C:\Users\simon\Documents\Code\thesis-code\commons-codec-master\src\test\java\org\apache\commons\codec\binary\Base16Test.java,Base16Test.java,Base16Test,testBase16,7,0,void,,true,true,true,true
C:\Users\simon\Documents\Code\thesis-code\commons-codec-master\src\test\java\org\apache\commons\codec\binary\Base16Test.java,Base16Test.java,Base16Test,testBase16AtBufferEnd,1,0,void,,true,true,true,true
C:\Users\simon\Documents\Code\thesis-code\commons-codec-master\src\test\java\org\apache\commons\codec\binary\Base16Test.java,Base16Test.java,Base16Test,testBase16AtBufferMiddle,1,0,void,,true,true,true,true
C:\Users\simon\Documents\Code\thesis-code\commons-codec-master\src\test\java\org\apache\commons\codec\binary\Base16Test.java,Base16Test.java,Base16Test,testBase16AtBufferStart,1,0,void,,true,true,true,true
C:\Users\simon\Documents\Code\thesis-code\commons-codec-master\src\test\java\org\apache\commons\codec\binary\Base16Test.java,Base16Test.java,Base16Test,testBase16InBuffer,8,2,void,private,false,true,true,true
C:\Users\simon\Documents\Code\thesis-code\commons-codec-master\src\test\java\org\apache\commons\codec\binary\Base16Test.java,Base16Test.java,Base16Test,testByteToStringVariations,10,0,void,,true,true,true,true
C:\Users\simon\Documents\Code\thesis-code\commons-codec-master\src\test\java\org\apache\commons\codec\binary\Base16Test.java,Base16Test.java,Base16Test,testCheckEncodeLengthBounds,2,0,void,,true,true,true,true
C:\Users\simon\Documents\Code\thesis-code\commons-codec-master\src\test\java\org\apache\commons\codec\binary\Base16Test.java,Base16Test.java,Base16Test,testCodec68,3,0,void,,true,true,true,true
C:\Users\simon\Documents\Code\thesis-code\commons-codec-master\src\test\java\org\apache\commons\codec\binary\Base16Test.java,Base16Test.java,Base16Test,testConstructor_LowerCase,5,0,void,,true,true,true,true
C:\Users\simon\Documents\Code\thesis-code\commons-codec-master\src\test\java\org\apache\commons\codec\binary\Base16Test.java,Base16Test.java,Base16Test,testConstructor_LowerCase_DecodingPolicy,5,0,void,,true,true,true,true
C:\Users\simon\Documents\Code\thesis-code\commons-codec-master\src\test\java\org\apache\commons\codec\binary\Base16Test.java,Base16Test.java,Base16Test,testConstructors,5,0,void,,true,true,true,true
C:\Users\simon\Documents\Code\thesis-code\commons-codec-master\src\test\java\org\apache\commons\codec\binary\Base16Test.java,Base16Test.java,Base16Test,testDecodeSingleBytes,16,0,void,,true,true,true,true
C:\Users\simon\Documents\Code\thesis-code\commons-codec-master\src\test\java\org\apache\commons\codec\binary\Base16Test.java,Base16Test.java,Base16Test,testDecodeSingleBytesOptimization,13,0,void,,true,true,true,true
C:\Users\simon\Documents\Code\thesis-code\commons-codec-master\src\test\java\org\apache\commons\codec\binary\Base16Test.java,Base16Test.java,Base16Test,testEmptyBase16,11,0,void,,true,true,true,true
C:\Users\simon\Documents\Code\thesis-code\commons-codec-master\src\test\java\org\apache\commons\codec\binary\Base16Test.java,Base16Test.java,Base16Test,testEncodeDecodeRandom,1,0,void,,true,true,true,true
C:\Users\simon\Documents\Code\thesis-code\commons-codec-master\src\test\java\org\apache\commons\codec\binary\Base16Test.java,Base16Test.java,Base16Test,testEncodeDecodeSmall,1,0,void,,true,true,true,true
C:\Users\simon\Documents\Code\thesis-code\commons-codec-master\src\test\java\org\apache\commons\codec\binary\Base16Test.java,Base16Test.java,Base16Test,testIsInAlphabet,26,0,void,,true,true,true,true
C:\Users\simon\Documents\Code\thesis-code\commons-codec-master\src\test\java\org\apache\commons\codec\binary\Base16Test.java,Base16Test.java,Base16Test,testKnownDecodings,6,0,void,,true,true,true,true
C:\Users\simon\Documents\Code\thesis-code\commons-codec-master\src\test\java\org\apache\commons\codec\binary\Base16Test.java,Base16Test.java,Base16Test,testKnownEncodings,6,0,void,,true,true,true,true
C:\Users\simon\Documents\Code\thesis-code\commons-codec-master\src\test\java\org\apache\commons\codec\binary\Base16Test.java,Base16Test.java,Base16Test,testLenientDecoding,5,0,void,,true,true,true,true
C:\Users\simon\Documents\Code\thesis-code\commons-codec-master\src\test\java\org\apache\commons\codec\binary\Base16Test.java,Base16Test.java,Base16Test,testNonBase16Test,3,0,void,,true,true,true,true
C:\Users\simon\Documents\Code\thesis-code\commons-codec-master\src\test\java\org\apache\commons\codec\binary\Base16Test.java,Base16Test.java,Base16Test,testObjectDecodeWithInvalidParameter,1,0,void,,true,true,true,true
C:\Users\simon\Documents\Code\thesis-code\commons-codec-master\src\test\java\org\apache\commons\codec\binary\Base16Test.java,Base16Test.java,Base16Test,testObjectDecodeWithValidParameter,7,0,void,,true,true,true,true
C:\Users\simon\Documents\Code\thesis-code\commons-codec-master\src\test\java\org\apache\commons\codec\binary\Base16Test.java,Base16Test.java,Base16Test,testObjectEncode,2,0,void,,true,true,true,true
C:\Users\simon\Documents\Code\thesis-code\commons-codec-master\src\test\java\org\apache\commons\codec\binary\Base16Test.java,Base16Test.java,Base16Test,testObjectEncodeWithInvalidParameter,1,0,void,,true,true,true,true
C:\Users\simon\Documents\Code\thesis-code\commons-codec-master\src\test\java\org\apache\commons\codec\binary\Base16Test.java,Base16Test.java,Base16Test,testObjectEncodeWithValidParameter,6,0,void,,true,true,true,true
C:\Users\simon\Documents\Code\thesis-code\commons-codec-master\src\test\java\org\apache\commons\codec\binary\Base16Test.java,Base16Test.java,Base16Test,testOddEvenDecoding,11,0,void,,true,true,true,true
C:\Users\simon\Documents\Code\thesis-code\commons-codec-master\src\test\java\org\apache\commons\codec\binary\Base16Test.java,Base16Test.java,Base16Test,testPairs,19,0,void,,true,true,true,true
C:\Users\simon\Documents\Code\thesis-code\commons-codec-master\src\test\java\org\apache\commons\codec\binary\Base16Test.java,Base16Test.java,Base16Test,testSingletons,106,0,void,,true,true,true,true
C:\Users\simon\Documents\Code\thesis-code\commons-codec-master\src\test\java\org\apache\commons\codec\binary\Base16Test.java,Base16Test.java,Base16Test,testStrictDecoding,4,0,void,,true,true,true,true
C:\Users\simon\Documents\Code\thesis-code\commons-codec-master\src\test\java\org\apache\commons\codec\binary\Base16Test.java,Base16Test.java,Base16Test,testStringToByteVariations,11,0,void,,true,true,true,true
C:\Users\simon\Documents\Code\thesis-code\commons-codec-master\src\test\java\org\apache\commons\codec\binary\Base16Test.java,Base16Test.java,Base16Test,testTriplets,16,0,void,,true,true,true,true
C:\Users\simon\Documents\Code\thesis-code\commons-codec-master\src\test\java\org\apache\commons\codec\binary\Base16Test.java,Base16Test.java,Base16Test,toString,3,1,String,private,false,false,true,true
C:\Users\simon\Documents\Code\thesis-code\commons-codec-master\src\test\java\org\apache\commons\codec\binary\Base32InputStreamTest.java,Base32InputStreamTest.java,Base32InputStreamTest,testAvailable,2,0,void,,true,true,true,true
C:\Users\simon\Documents\Code\thesis-code\commons-codec-master\src\test\java\org\apache\commons\codec\binary\Base32InputStreamTest.java,Base32InputStreamTest.java,Base32InputStreamTest,testBase32EmptyInputStream,4,1,void,private,false,true,true,true
C:\Users\simon\Documents\Code\thesis-code\commons-codec-master\src\test\java\org\apache\commons\codec\binary\Base32InputStreamTest.java,Base32InputStreamTest.java,Base32InputStreamTest,testBase32EmptyInputStreamMimeChuckSize,1,0,void,,true,true,true,true
C:\Users\simon\Documents\Code\thesis-code\commons-codec-master\src\test\java\org\apache\commons\codec\binary\Base32InputStreamTest.java,Base32InputStreamTest.java,Base32InputStreamTest,testBase32EmptyInputStreamPemChuckSize,1,0,void,,true,true,true,true
C:\Users\simon\Documents\Code\thesis-code\commons-codec-master\src\test\java\org\apache\commons\codec\binary\Base32InputStreamTest.java,Base32InputStreamTest.java,Base32InputStreamTest,testBase32InputStreamByChunk,8,0,void,,true,true,true,true
C:\Users\simon\Documents\Code\thesis-code\commons-codec-master\src\test\java\org\apache\commons\codec\binary\Base32InputStreamTest.java,Base32InputStreamTest.java,Base32InputStreamTest,testBase32InputStreamByteByByte,8,0,void,,true,true,true,true
C:\Users\simon\Documents\Code\thesis-code\commons-codec-master\src\test\java\org\apache\commons\codec\binary\Base32InputStreamTest.java,Base32InputStreamTest.java,Base32InputStreamTest,testBuilder,1,0,void,,true,true,true,true
C:\Users\simon\Documents\Code\thesis-code\commons-codec-master\src\test\java\org\apache\commons\codec\binary\Base32InputStreamTest.java,Base32InputStreamTest.java,Base32InputStreamTest,testByChunk,9,4,void,private,false,true,true,true
C:\Users\simon\Documents\Code\thesis-code\commons-codec-master\src\test\java\org\apache\commons\codec\binary\Base32InputStreamTest.java,Base32InputStreamTest.java,Base32InputStreamTest,testByteByByte,22,4,void,private,false,true,true,true
C:\Users\simon\Documents\Code\thesis-code\commons-codec-master\src\test\java\org\apache\commons\codec\binary\Base32InputStreamTest.java,Base32InputStreamTest.java,Base32InputStreamTest,testCodec105,1,0,void,,true,true,true,true
C:\Users\simon\Documents\Code\thesis-code\commons-codec-master\src\test\java\org\apache\commons\codec\binary\Base32InputStreamTest.java,Base32InputStreamTest.java,Base32InputStreamTest,testCodec130,8,0,void,,true,true,true,true
C:\Users\simon\Documents\Code\thesis-code\commons-codec-master\src\test\java\org\apache\commons\codec\binary\Base32InputStreamTest.java,Base32InputStreamTest.java,Base32InputStreamTest,testMarkSupported,3,0,void,,true,true,true,true
C:\Users\simon\Documents\Code\thesis-code\commons-codec-master\src\test\java\org\apache\commons\codec\binary\Base32InputStreamTest.java,Base32InputStreamTest.java,Base32InputStreamTest,testRead0,5,0,void,,true,true,true,true
C:\Users\simon\Documents\Code\thesis-code\commons-codec-master\src\test\java\org\apache\commons\codec\binary\Base32InputStreamTest.java,Base32InputStreamTest.java,Base32InputStreamTest,testReadNull,3,0,void,,true,true,true,true
C:\Users\simon\Documents\Code\thesis-code\commons-codec-master\src\test\java\org\apache\commons\codec\binary\Base32InputStreamTest.java,Base32InputStreamTest.java,Base32InputStreamTest,testReadOutOfBounds,4,0,void,,true,true,true,true
C:\Users\simon\Documents\Code\thesis-code\commons-codec-master\src\test\java\org\apache\commons\codec\binary\Base32InputStreamTest.java,Base32InputStreamTest.java,Base32InputStreamTest,testSkipBig,2,0,void,,true,true,true,true
C:\Users\simon\Documents\Code\thesis-code\commons-codec-master\src\test\java\org\apache\commons\codec\binary\Base32InputStreamTest.java,Base32InputStreamTest.java,Base32InputStreamTest,testSkipNone,2,0,void,,true,true,true,true
C:\Users\simon\Documents\Code\thesis-code\commons-codec-master\src\test\java\org\apache\commons\codec\binary\Base32InputStreamTest.java,Base32InputStreamTest.java,Base32InputStreamTest,testSkipPastEnd,2,0,void,,true,true,true,true
C:\Users\simon\Documents\Code\thesis-code\commons-codec-master\src\test\java\org\apache\commons\codec\binary\Base32InputStreamTest.java,Base32InputStreamTest.java,Base32InputStreamTest,testSkipToEnd,2,0,void,,true,true,true,true
C:\Users\simon\Documents\Code\thesis-code\commons-codec-master\src\test\java\org\apache\commons\codec\binary\Base32InputStreamTest.java,Base32InputStreamTest.java,Base32InputStreamTest,testSkipWrongArgument,2,0,void,,true,true,true,true
C:\Users\simon\Documents\Code\thesis-code\commons-codec-master\src\test\java\org\apache\commons\codec\binary\Base32InputStreamTest.java,Base32InputStreamTest.java,Base32InputStreamTest,testStrictDecoding,1,0,void,,true,true,true,true
C:\Users\simon\Documents\Code\thesis-code\commons-codec-master\src\test\java\org\apache\commons\codec\binary\Base32OutputStreamTest.java,Base32OutputStreamTest.java,Base32OutputStreamTest,testBase32EmptyOutputStream,4,1,void,private,false,true,true,true
C:\Users\simon\Documents\Code\thesis-code\commons-codec-master\src\test\java\org\apache\commons\codec\binary\Base32OutputStreamTest.java,Base32OutputStreamTest.java,Base32OutputStreamTest,testBase32EmptyOutputStreamMimeChunkSize,1,0,void,,true,true,true,true
C:\Users\simon\Documents\Code\thesis-code\commons-codec-master\src\test\java\org\apache\commons\codec\binary\Base32OutputStreamTest.java,Base32OutputStreamTest.java,Base32OutputStreamTest,testBase32EmptyOutputStreamPemChunkSize,1,0,void,,true,true,true,true
C:\Users\simon\Documents\Code\thesis-code\commons-codec-master\src\test\java\org\apache\commons\codec\binary\Base32OutputStreamTest.java,Base32OutputStreamTest.java,Base32OutputStreamTest,testBase32OutputStreamByChunk,5,0,void,,true,true,true,true
C:\Users\simon\Documents\Code\thesis-code\commons-codec-master\src\test\java\org\apache\commons\codec\binary\Base32OutputStreamTest.java,Base32OutputStreamTest.java,Base32OutputStreamTest,testBase32OutputStreamByteByByte,5,0,void,,true,true,true,true
C:\Users\simon\Documents\Code\thesis-code\commons-codec-master\src\test\java\org\apache\commons\codec\binary\Base32OutputStreamTest.java,Base32OutputStreamTest.java,Base32OutputStreamTest,testBuilder,1,0,void,,true,true,true,true
C:\Users\simon\Documents\Code\thesis-code\commons-codec-master\src\test\java\org\apache\commons\codec\binary\Base32OutputStreamTest.java,Base32OutputStreamTest.java,Base32OutputStreamTest,testByChunk,15,4,void,private,false,true,true,true
C:\Users\simon\Documents\Code\thesis-code\commons-codec-master\src\test\java\org\apache\commons\codec\binary\Base32OutputStreamTest.java,Base32OutputStreamTest.java,Base32OutputStreamTest,testByteByByte,19,4,void,private,false,true,true,true
C:\Users\simon\Documents\Code\thesis-code\commons-codec-master\src\test\java\org\apache\commons\codec\binary\Base32OutputStreamTest.java,Base32OutputStreamTest.java,Base32OutputStreamTest,testStrictDecoding,1,0,void,,true,true,true,true
C:\Users\simon\Documents\Code\thesis-code\commons-codec-master\src\test\java\org\apache\commons\codec\binary\Base32OutputStreamTest.java,Base32OutputStreamTest.java,Base32OutputStreamTest,testWriteOutOfBounds,3,0,void,,true,true,true,true
C:\Users\simon\Documents\Code\thesis-code\commons-codec-master\src\test\java\org\apache\commons\codec\binary\Base32OutputStreamTest.java,Base32OutputStreamTest.java,Base32OutputStreamTest,testWriteToNullCoverage,2,0,void,,true,true,true,true
C:\Users\simon\Documents\Code\thesis-code\commons-codec-master\src\test\java\org\apache\commons\codec\binary\Base32Test.java,Base32Test.java,Base32Test,assertBase32DecodingOfTrailingBits,15,1,void,private; static,false,false,true,true
C:\Users\simon\Documents\Code\thesis-code\commons-codec-master\src\test\java\org\apache\commons\codec\binary\Base32Test.java,Base32Test.java,Base32Test,testBase32AtBufferEnd,1,0,void,,true,true,true,true
C:\Users\simon\Documents\Code\thesis-code\commons-codec-master\src\test\java\org\apache\commons\codec\binary\Base32Test.java,Base32Test.java,Base32Test,testBase32AtBufferMiddle,1,0,void,,true,true,true,true
C:\Users\simon\Documents\Code\thesis-code\commons-codec-master\src\test\java\org\apache\commons\codec\binary\Base32Test.java,Base32Test.java,Base32Test,testBase32AtBufferStart,1,0,void,,true,true,true,true
C:\Users\simon\Documents\Code\thesis-code\commons-codec-master\src\test\java\org\apache\commons\codec\binary\Base32Test.java,Base32Test.java,Base32Test,testBase32BinarySamples,2,0,void,,true,true,true,true
C:\Users\simon\Documents\Code\thesis-code\commons-codec-master\src\test\java\org\apache\commons\codec\binary\Base32Test.java,Base32Test.java,Base32Test,testBase32BinarySamplesReverse,2,0,void,,true,true,true,true
C:\Users\simon\Documents\Code\thesis-code\commons-codec-master\src\test\java\org\apache\commons\codec\binary\Base32Test.java,Base32Test.java,Base32Test,testBase32Chunked,2,0,void,,true,true,true,true
C:\Users\simon\Documents\Code\thesis-code\commons-codec-master\src\test\java\org\apache\commons\codec\binary\Base32Test.java,Base32Test.java,Base32Test,testBase32DecodingOfTrailing10Bits,1,0,void,,true,true,true,true
C:\Users\simon\Documents\Code\thesis-code\commons-codec-master\src\test\java\org\apache\commons\codec\binary\Base32Test.java,Base32Test.java,Base32Test,testBase32DecodingOfTrailing15Bits,1,0,void,,true,true,true,true
C:\Users\simon\Documents\Code\thesis-code\commons-codec-master\src\test\java\org\apache\commons\codec\binary\Base32Test.java,Base32Test.java,Base32Test,testBase32DecodingOfTrailing20Bits,1,0,void,,true,true,true,true
C:\Users\simon\Documents\Code\thesis-code\commons-codec-master\src\test\java\org\apache\commons\codec\binary\Base32Test.java,Base32Test.java,Base32Test,testBase32DecodingOfTrailing25Bits,1,0,void,,true,true,true,true
C:\Users\simon\Documents\Code\thesis-code\commons-codec-master\src\test\java\org\apache\commons\codec\binary\Base32Test.java,Base32Test.java,Base32Test,testBase32DecodingOfTrailing30Bits,1,0,void,,true,true,true,true
C:\Users\simon\Documents\Code\thesis-code\commons-codec-master\src\test\java\org\apache\commons\codec\binary\Base32Test.java,Base32Test.java,Base32Test,testBase32DecodingOfTrailing35Bits,1,0,void,,true,true,true,true
C:\Users\simon\Documents\Code\thesis-code\commons-codec-master\src\test\java\org\apache\commons\codec\binary\Base32Test.java,Base32Test.java,Base32Test,testBase32DecodingOfTrailing5Bits,1,0,void,,true,true,true,true
C:\Users\simon\Documents\Code\thesis-code\commons-codec-master\src\test\java\org\apache\commons\codec\binary\Base32Test.java,Base32Test.java,Base32Test,testBase32HexImpossibleSamples,3,0,void,,true,true,true,true
C:\Users\simon\Documents\Code\thesis-code\commons-codec-master\src\test\java\org\apache\commons\codec\binary\Base32Test.java,Base32Test.java,Base32Test,testBase32HexSamples,2,0,void,,true,true,true,true
C:\Users\simon\Documents\Code\thesis-code\commons-codec-master\src\test\java\org\apache\commons\codec\binary\Base32Test.java,Base32Test.java,Base32Test,testBase32HexSamplesReverse,2,0,void,,true,true,true,true
C:\Users\simon\Documents\Code\thesis-code\commons-codec-master\src\test\java\org\apache\commons\codec\binary\Base32Test.java,Base32Test.java,Base32Test,testBase32HexSamplesReverseLowercase,2,0,void,,true,true,true,true
C:\Users\simon\Documents\Code\thesis-code\commons-codec-master\src\test\java\org\apache\commons\codec\binary\Base32Test.java,Base32Test.java,Base32Test,testBase32ImpossibleChunked,1,0,void,,true,true,true,true
C:\Users\simon\Documents\Code\thesis-code\commons-codec-master\src\test\java\org\apache\commons\codec\binary\Base32Test.java,Base32Test.java,Base32Test,testBase32ImpossibleSamples,1,0,void,,true,true,true,true
C:\Users\simon\Documents\Code\thesis-code\commons-codec-master\src\test\java\org\apache\commons\codec\binary\Base32Test.java,Base32Test.java,Base32Test,testBase32InBuffer,2,2,void,private,false,true,true,true
C:\Users\simon\Documents\Code\thesis-code\commons-codec-master\src\test\java\org\apache\commons\codec\binary\Base32Test.java,Base32Test.java,Base32Test,testBase32Samples,2,0,void,,true,true,true,true
C:\Users\simon\Documents\Code\thesis-code\commons-codec-master\src\test\java\org\apache\commons\codec\binary\Base32Test.java,Base32Test.java,Base32Test,testBase32SamplesNonDefaultPadding,2,0,void,,true,true,true,true
C:\Users\simon\Documents\Code\thesis-code\commons-codec-master\src\test\java\org\apache\commons\codec\binary\Base32Test.java,Base32Test.java,Base32Test,testBuilderCodecPolicy,5,0,void,,true,true,true,true
C:\Users\simon\Documents\Code\thesis-code\commons-codec-master\src\test\java\org\apache\commons\codec\binary\Base32Test.java,Base32Test.java,Base32Test,testBuilderLineAttributes,9,0,void,,true,true,true,true
C:\Users\simon\Documents\Code\thesis-code\commons-codec-master\src\test\java\org\apache\commons\codec\binary\Base32Test.java,Base32Test.java,Base32Test,testBuilderPadingByte,9,0,void,,true,true,true,true
C:\Users\simon\Documents\Code\thesis-code\commons-codec-master\src\test\java\org\apache\commons\codec\binary\Base32Test.java,Base32Test.java,Base32Test,testCodec200,2,0,void,,true,true,true,true
C:\Users\simon\Documents\Code\thesis-code\commons-codec-master\src\test\java\org\apache\commons\codec\binary\Base32Test.java,Base32Test.java,Base32Test,testConstructors,16,0,void,,true,true,true,true
C:\Users\simon\Documents\Code\thesis-code\commons-codec-master\src\test\java\org\apache\commons\codec\binary\Base32Test.java,Base32Test.java,Base32Test,testEmptyBase32,11,0,void,,true,true,true,true
C:\Users\simon\Documents\Code\thesis-code\commons-codec-master\src\test\java\org\apache\commons\codec\binary\Base32Test.java,Base32Test.java,Base32Test,testImpossibleCases,1,2,void,private,false,true,true,true
C:\Users\simon\Documents\Code\thesis-code\commons-codec-master\src\test\java\org\apache\commons\codec\binary\Base32Test.java,Base32Test.java,Base32Test,testIsInAlphabet,27,0,void,,true,true,true,true
C:\Users\simon\Documents\Code\thesis-code\commons-codec-master\src\test\java\org\apache\commons\codec\binary\Base32Test.java,Base32Test.java,Base32Test,testRandomBytes,1,0,void,,true,true,true,true
C:\Users\simon\Documents\Code\thesis-code\commons-codec-master\src\test\java\org\apache\commons\codec\binary\Base32Test.java,Base32Test.java,Base32Test,testRandomBytesChunked,1,0,void,,true,true,true,true
C:\Users\simon\Documents\Code\thesis-code\commons-codec-master\src\test\java\org\apache\commons\codec\binary\Base32Test.java,Base32Test.java,Base32Test,testRandomBytesHex,1,0,void,,true,true,true,true
C:\Users\simon\Documents\Code\thesis-code\commons-codec-master\src\test\java\org\apache\commons\codec\binary\Base32Test.java,Base32Test.java,Base32Test,testSingleCharEncoding,1,0,void,,true,true,true,true
C:\Users\simon\Documents\Code\thesis-code\commons-codec-master\src\test\java\org\apache\commons\codec\binary\Base64Codec13Test.java,Base64Codec13Test.java,Base64Codec13Test,initBYTES,98,0,void,private; static,false,false,true,true
C:\Users\simon\Documents\Code\thesis-code\commons-codec-master\src\test\java\org\apache\commons\codec\binary\Base64Codec13Test.java,Base64Codec13Test.java,Base64Codec13Test,initCHUNKED_STRINGS,98,0,void,private; static,false,false,true,true
C:\Users\simon\Documents\Code\thesis-code\commons-codec-master\src\test\java\org\apache\commons\codec\binary\Base64Codec13Test.java,Base64Codec13Test.java,Base64Codec13Test,initSTRINGS,98,0,void,private; static,false,false,true,true
C:\Users\simon\Documents\Code\thesis-code\commons-codec-master\src\test\java\org\apache\commons\codec\binary\Base64Codec13Test.java,Base64Codec13Test.java,Base64Codec13Test,utf8,1,1,byte[],private; static,false,false,true,true
C:\Users\simon\Documents\Code\thesis-code\commons-codec-master\src\test\java\org\apache\commons\codec\binary\Base64Codec13Test.java,Base64Codec13Test.java,Base64Codec13Test,testBinaryDecoder,2,0,void,,true,true,true,true
C:\Users\simon\Documents\Code\thesis-code\commons-codec-master\src\test\java\org\apache\commons\codec\binary\Base64Codec13Test.java,Base64Codec13Test.java,Base64Codec13Test,testBinaryEncoder,2,0,void,,true,true,true,true
C:\Users\simon\Documents\Code\thesis-code\commons-codec-master\src\test\java\org\apache\commons\codec\binary\Base64Codec13Test.java,Base64Codec13Test.java,Base64Codec13Test,testDecoder,2,0,void,,true,true,true,true
C:\Users\simon\Documents\Code\thesis-code\commons-codec-master\src\test\java\org\apache\commons\codec\binary\Base64Codec13Test.java,Base64Codec13Test.java,Base64Codec13Test,testEncoder,2,0,void,,true,true,true,true
C:\Users\simon\Documents\Code\thesis-code\commons-codec-master\src\test\java\org\apache\commons\codec\binary\Base64Codec13Test.java,Base64Codec13Test.java,Base64Codec13Test,testStaticDecode,1,0,void,,true,true,true,true
C:\Users\simon\Documents\Code\thesis-code\commons-codec-master\src\test\java\org\apache\commons\codec\binary\Base64Codec13Test.java,Base64Codec13Test.java,Base64Codec13Test,testStaticDecodeChunked,1,0,void,,true,true,true,true
C:\Users\simon\Documents\Code\thesis-code\commons-codec-master\src\test\java\org\apache\commons\codec\binary\Base64Codec13Test.java,Base64Codec13Test.java,Base64Codec13Test,testStaticEncode,1,0,void,,true,true,true,true
C:\Users\simon\Documents\Code\thesis-code\commons-codec-master\src\test\java\org\apache\commons\codec\binary\Base64Codec13Test.java,Base64Codec13Test.java,Base64Codec13Test,testStaticEncodeChunked,1,0,void,,true,true,true,true
C:\Users\simon\Documents\Code\thesis-code\commons-codec-master\src\test\java\org\apache\commons\codec\binary\Base64InputStreamTest.java,Base64InputStreamTest.java,Base64InputStreamTest,testAvailable,2,0,void,,true,true,true,true
C:\Users\simon\Documents\Code\thesis-code\commons-codec-master\src\test\java\org\apache\commons\codec\binary\Base64InputStreamTest.java,Base64InputStreamTest.java,Base64InputStreamTest,testBase64EmptyInputStream,4,1,void,private,false,true,true,true
C:\Users\simon\Documents\Code\thesis-code\commons-codec-master\src\test\java\org\apache\commons\codec\binary\Base64InputStreamTest.java,Base64InputStreamTest.java,Base64InputStreamTest,testBase64EmptyInputStreamMimeChuckSize,1,0,void,,true,true,true,true
C:\Users\simon\Documents\Code\thesis-code\commons-codec-master\src\test\java\org\apache\commons\codec\binary\Base64InputStreamTest.java,Base64InputStreamTest.java,Base64InputStreamTest,testBase64EmptyInputStreamPemChuckSize,1,0,void,,true,true,true,true
C:\Users\simon\Documents\Code\thesis-code\commons-codec-master\src\test\java\org\apache\commons\codec\binary\Base64InputStreamTest.java,Base64InputStreamTest.java,Base64InputStreamTest,testBase64InputStreamByChunk,15,0,void,,true,true,true,true
C:\Users\simon\Documents\Code\thesis-code\commons-codec-master\src\test\java\org\apache\commons\codec\binary\Base64InputStreamTest.java,Base64InputStreamTest.java,Base64InputStreamTest,testBase64InputStreamByteByByte,15,0,void,,true,true,true,true
C:\Users\simon\Documents\Code\thesis-code\commons-codec-master\src\test\java\org\apache\commons\codec\binary\Base64InputStreamTest.java,Base64InputStreamTest.java,Base64InputStreamTest,testBuilder,1,0,void,,true,true,true,true
C:\Users\simon\Documents\Code\thesis-code\commons-codec-master\src\test\java\org\apache\commons\codec\binary\Base64InputStreamTest.java,Base64InputStreamTest.java,Base64InputStreamTest,testByChunk,13,4,void,private,false,true,true,true
C:\Users\simon\Documents\Code\thesis-code\commons-codec-master\src\test\java\org\apache\commons\codec\binary\Base64InputStreamTest.java,Base64InputStreamTest.java,Base64InputStreamTest,testByteByByte,10,4,void,private,false,true,true,true
C:\Users\simon\Documents\Code\thesis-code\commons-codec-master\src\test\java\org\apache\commons\codec\binary\Base64InputStreamTest.java,Base64InputStreamTest.java,Base64InputStreamTest,testCodec101,3,0,void,,true,true,true,true
C:\Users\simon\Documents\Code\thesis-code\commons-codec-master\src\test\java\org\apache\commons\codec\binary\Base64InputStreamTest.java,Base64InputStreamTest.java,Base64InputStreamTest,testCodec105,1,0,void,,true,true,true,true
C:\Users\simon\Documents\Code\thesis-code\commons-codec-master\src\test\java\org\apache\commons\codec\binary\Base64InputStreamTest.java,Base64InputStreamTest.java,Base64InputStreamTest,testCodec130,8,0,void,,true,true,true,true
C:\Users\simon\Documents\Code\thesis-code\commons-codec-master\src\test\java\org\apache\commons\codec\binary\Base64InputStreamTest.java,Base64InputStreamTest.java,Base64InputStreamTest,testCodec98NPE,6,0,void,,true,true,true,true
C:\Users\simon\Documents\Code\thesis-code\commons-codec-master\src\test\java\org\apache\commons\codec\binary\Base64InputStreamTest.java,Base64InputStreamTest.java,Base64InputStreamTest,testInputStreamReader,5,0,void,,true,true,true,true
C:\Users\simon\Documents\Code\thesis-code\commons-codec-master\src\test\java\org\apache\commons\codec\binary\Base64InputStreamTest.java,Base64InputStreamTest.java,Base64InputStreamTest,testMarkSupported,3,0,void,,true,true,true,true
C:\Users\simon\Documents\Code\thesis-code\commons-codec-master\src\test\java\org\apache\commons\codec\binary\Base64InputStreamTest.java,Base64InputStreamTest.java,Base64InputStreamTest,testRead0,5,0,void,,true,true,true,true
C:\Users\simon\Documents\Code\thesis-code\commons-codec-master\src\test\java\org\apache\commons\codec\binary\Base64InputStreamTest.java,Base64InputStreamTest.java,Base64InputStreamTest,testReadMultipleBufferSizes,7,0,void,,true,true,true,true
C:\Users\simon\Documents\Code\thesis-code\commons-codec-master\src\test\java\org\apache\commons\codec\binary\Base64InputStreamTest.java,Base64InputStreamTest.java,Base64InputStreamTest,testReadNull,3,0,void,,true,true,true,true
C:\Users\simon\Documents\Code\thesis-code\commons-codec-master\src\test\java\org\apache\commons\codec\binary\Base64InputStreamTest.java,Base64InputStreamTest.java,Base64InputStreamTest,testReadOutOfBounds,4,0,void,,true,true,true,true
C:\Users\simon\Documents\Code\thesis-code\commons-codec-master\src\test\java\org\apache\commons\codec\binary\Base64InputStreamTest.java,Base64InputStreamTest.java,Base64InputStreamTest,testSkipBig,2,0,void,,true,true,true,true
C:\Users\simon\Documents\Code\thesis-code\commons-codec-master\src\test\java\org\apache\commons\codec\binary\Base64InputStreamTest.java,Base64InputStreamTest.java,Base64InputStreamTest,testSkipNone,2,0,void,,true,true,true,true
C:\Users\simon\Documents\Code\thesis-code\commons-codec-master\src\test\java\org\apache\commons\codec\binary\Base64InputStreamTest.java,Base64InputStreamTest.java,Base64InputStreamTest,testSkipPastEnd,2,0,void,,true,true,true,true
C:\Users\simon\Documents\Code\thesis-code\commons-codec-master\src\test\java\org\apache\commons\codec\binary\Base64InputStreamTest.java,Base64InputStreamTest.java,Base64InputStreamTest,testSkipToEnd,2,0,void,,true,true,true,true
C:\Users\simon\Documents\Code\thesis-code\commons-codec-master\src\test\java\org\apache\commons\codec\binary\Base64InputStreamTest.java,Base64InputStreamTest.java,Base64InputStreamTest,testSkipWrongArgument,2,0,void,,true,true,true,true
C:\Users\simon\Documents\Code\thesis-code\commons-codec-master\src\test\java\org\apache\commons\codec\binary\Base64InputStreamTest.java,Base64InputStreamTest.java,Base64InputStreamTest,testStrictDecoding,1,0,void,,true,true,true,true
C:\Users\simon\Documents\Code\thesis-code\commons-codec-master\src\test\java\org\apache\commons\codec\binary\Base64OutputStreamTest.java,Base64OutputStreamTest.java,Base64OutputStreamTest,testBase64EmptyOutputStream,4,1,void,private,false,true,true,true
C:\Users\simon\Documents\Code\thesis-code\commons-codec-master\src\test\java\org\apache\commons\codec\binary\Base64OutputStreamTest.java,Base64OutputStreamTest.java,Base64OutputStreamTest,testBase64EmptyOutputStreamMimeChunkSize,1,0,void,,true,true,true,true
C:\Users\simon\Documents\Code\thesis-code\commons-codec-master\src\test\java\org\apache\commons\codec\binary\Base64OutputStreamTest.java,Base64OutputStreamTest.java,Base64OutputStreamTest,testBase64EmptyOutputStreamPemChunkSize,1,0,void,,true,true,true,true
C:\Users\simon\Documents\Code\thesis-code\commons-codec-master\src\test\java\org\apache\commons\codec\binary\Base64OutputStreamTest.java,Base64OutputStreamTest.java,Base64OutputStreamTest,testBase64OutputStreamByChunk,15,0,void,,true,true,true,true
C:\Users\simon\Documents\Code\thesis-code\commons-codec-master\src\test\java\org\apache\commons\codec\binary\Base64OutputStreamTest.java,Base64OutputStreamTest.java,Base64OutputStreamTest,testBase64OutputStreamByteByByte,15,0,void,,true,true,true,true
C:\Users\simon\Documents\Code\thesis-code\commons-codec-master\src\test\java\org\apache\commons\codec\binary\Base64OutputStreamTest.java,Base64OutputStreamTest.java,Base64OutputStreamTest,testBuilder,1,0,void,,true,true,true,true
C:\Users\simon\Documents\Code\thesis-code\commons-codec-master\src\test\java\org\apache\commons\codec\binary\Base64OutputStreamTest.java,Base64OutputStreamTest.java,Base64OutputStreamTest,testByChunk,15,4,void,private,false,true,true,true
C:\Users\simon\Documents\Code\thesis-code\commons-codec-master\src\test\java\org\apache\commons\codec\binary\Base64OutputStreamTest.java,Base64OutputStreamTest.java,Base64OutputStreamTest,testByteByByte,19,4,void,private,false,true,true,true
C:\Users\simon\Documents\Code\thesis-code\commons-codec-master\src\test\java\org\apache\commons\codec\binary\Base64OutputStreamTest.java,Base64OutputStreamTest.java,Base64OutputStreamTest,testCodec98NPE,8,0,void,,true,true,true,true
C:\Users\simon\Documents\Code\thesis-code\commons-codec-master\src\test\java\org\apache\commons\codec\binary\Base64OutputStreamTest.java,Base64OutputStreamTest.java,Base64OutputStreamTest,testStrictDecoding,1,0,void,,true,true,true,true
C:\Users\simon\Documents\Code\thesis-code\commons-codec-master\src\test\java\org\apache\commons\codec\binary\Base64OutputStreamTest.java,Base64OutputStreamTest.java,Base64OutputStreamTest,testWriteOutOfBounds,3,0,void,,true,true,true,true
C:\Users\simon\Documents\Code\thesis-code\commons-codec-master\src\test\java\org\apache\commons\codec\binary\Base64OutputStreamTest.java,Base64OutputStreamTest.java,Base64OutputStreamTest,testWriteToNullCoverage,2,0,void,,true,true,true,true
C:\Users\simon\Documents\Code\thesis-code\commons-codec-master\src\test\java\org\apache\commons\codec\binary\Base64Test.java,Base64Test.java,Base64Test,assertBase64DecodingOfTrailingBits,15,1,void,private; static,false,false,true,true
C:\Users\simon\Documents\Code\thesis-code\commons-codec-master\src\test\java\org\apache\commons\codec\binary\Base64Test.java,Base64Test.java,Base64Test,testIsBase64,1,0,Stream<Object>,static,false,true,true,true
C:\Users\simon\Documents\Code\thesis-code\commons-codec-master\src\test\java\org\apache\commons\codec\binary\Base64Test.java,Base64Test.java,Base64Test,getRandom,1,0,Random,public,false,false,true,true
C:\Users\simon\Documents\Code\thesis-code\commons-codec-master\src\test\java\org\apache\commons\codec\binary\Base64Test.java,Base64Test.java,Base64Test,testBase64,16,0,void,,true,true,true,true
C:\Users\simon\Documents\Code\thesis-code\commons-codec-master\src\test\java\org\apache\commons\codec\binary\Base64Test.java,Base64Test.java,Base64Test,testBase64AtBufferEnd,1,0,void,,true,true,true,true
C:\Users\simon\Documents\Code\thesis-code\commons-codec-master\src\test\java\org\apache\commons\codec\binary\Base64Test.java,Base64Test.java,Base64Test,testBase64AtBufferMiddle,1,0,void,,true,true,true,true
C:\Users\simon\Documents\Code\thesis-code\commons-codec-master\src\test\java\org\apache\commons\codec\binary\Base64Test.java,Base64Test.java,Base64Test,testBase64AtBufferStart,1,0,void,,true,true,true,true
C:\Users\simon\Documents\Code\thesis-code\commons-codec-master\src\test\java\org\apache\commons\codec\binary\Base64Test.java,Base64Test.java,Base64Test,testBase64DecodingOfTrailing12Bits,1,0,void,,true,true,true,true
C:\Users\simon\Documents\Code\thesis-code\commons-codec-master\src\test\java\org\apache\commons\codec\binary\Base64Test.java,Base64Test.java,Base64Test,testBase64DecodingOfTrailing18Bits,1,0,void,,true,true,true,true
C:\Users\simon\Documents\Code\thesis-code\commons-codec-master\src\test\java\org\apache\commons\codec\binary\Base64Test.java,Base64Test.java,Base64Test,testBase64DecodingOfTrailing6Bits,1,0,void,,true,true,true,true
C:\Users\simon\Documents\Code\thesis-code\commons-codec-master\src\test\java\org\apache\commons\codec\binary\Base64Test.java,Base64Test.java,Base64Test,testBase64ImpossibleSamples,2,0,void,,true,true,true,true
C:\Users\simon\Documents\Code\thesis-code\commons-codec-master\src\test\java\org\apache\commons\codec\binary\Base64Test.java,Base64Test.java,Base64Test,testBase64InBuffer,8,2,void,private,false,true,true,true
C:\Users\simon\Documents\Code\thesis-code\commons-codec-master\src\test\java\org\apache\commons\codec\binary\Base64Test.java,Base64Test.java,Base64Test,testBuilderCodecPolicy,5,0,void,,true,true,true,true
C:\Users\simon\Documents\Code\thesis-code\commons-codec-master\src\test\java\org\apache\commons\codec\binary\Base64Test.java,Base64Test.java,Base64Test,testBuilderLineAttributes,9,0,void,,true,true,true,true
C:\Users\simon\Documents\Code\thesis-code\commons-codec-master\src\test\java\org\apache\commons\codec\binary\Base64Test.java,Base64Test.java,Base64Test,testBuilderPadingByte,10,0,void,,true,true,true,true
C:\Users\simon\Documents\Code\thesis-code\commons-codec-master\src\test\java\org\apache\commons\codec\binary\Base64Test.java,Base64Test.java,Base64Test,testBuilderUrlSafe,4,0,void,,true,true,true,true
C:\Users\simon\Documents\Code\thesis-code\commons-codec-master\src\test\java\org\apache\commons\codec\binary\Base64Test.java,Base64Test.java,Base64Test,testByteToStringVariations,14,0,void,,true,true,true,true
C:\Users\simon\Documents\Code\thesis-code\commons-codec-master\src\test\java\org\apache\commons\codec\binary\Base64Test.java,Base64Test.java,Base64Test,testChunkedEncodeMultipleOf76,4,0,void,,true,true,true,true
C:\Users\simon\Documents\Code\thesis-code\commons-codec-master\src\test\java\org\apache\commons\codec\binary\Base64Test.java,Base64Test.java,Base64Test,testCodec112,3,0,void,,true,true,true,true
C:\Users\simon\Documents\Code\thesis-code\commons-codec-master\src\test\java\org\apache\commons\codec\binary\Base64Test.java,Base64Test.java,Base64Test,testCodec263,2,0,void,,true,true,true,true
C:\Users\simon\Documents\Code\thesis-code\commons-codec-master\src\test\java\org\apache\commons\codec\binary\Base64Test.java,Base64Test.java,Base64Test,testCodec265,9,0,void,,true,true,true,true
C:\Users\simon\Documents\Code\thesis-code\commons-codec-master\src\test\java\org\apache\commons\codec\binary\Base64Test.java,Base64Test.java,Base64Test,testCodec68,2,0,void,,true,true,true,true
C:\Users\simon\Documents\Code\thesis-code\commons-codec-master\src\test\java\org\apache\commons\codec\binary\Base64Test.java,Base64Test.java,Base64Test,testCodeInteger1,4,0,void,,true,true,true,true
C:\Users\simon\Documents\Code\thesis-code\commons-codec-master\src\test\java\org\apache\commons\codec\binary\Base64Test.java,Base64Test.java,Base64Test,testCodeInteger2,4,0,void,,true,true,true,true
C:\Users\simon\Documents\Code\thesis-code\commons-codec-master\src\test\java\org\apache\commons\codec\binary\Base64Test.java,Base64Test.java,Base64Test,testCodeInteger3,4,0,void,,true,true,true,true
C:\Users\simon\Documents\Code\thesis-code\commons-codec-master\src\test\java\org\apache\commons\codec\binary\Base64Test.java,Base64Test.java,Base64Test,testCodeInteger4,4,0,void,,true,true,true,true
C:\Users\simon\Documents\Code\thesis-code\commons-codec-master\src\test\java\org\apache\commons\codec\binary\Base64Test.java,Base64Test.java,Base64Test,testCodeIntegerEdgeCases,0,0,void,,true,true,true,true
C:\Users\simon\Documents\Code\thesis-code\commons-codec-master\src\test\java\org\apache\commons\codec\binary\Base64Test.java,Base64Test.java,Base64Test,testCodeIntegerNull,1,0,void,,true,true,true,true
C:\Users\simon\Documents\Code\thesis-code\commons-codec-master\src\test\java\org\apache\commons\codec\binary\Base64Test.java,Base64Test.java,Base64Test,testConstructor_Int_ByteArray_Boolean,6,0,void,,true,true,true,true
C:\Users\simon\Documents\Code\thesis-code\commons-codec-master\src\test\java\org\apache\commons\codec\binary\Base64Test.java,Base64Test.java,Base64Test,testConstructor_Int_ByteArray_Boolean_UrlSafe,9,0,void,,true,true,true,true
C:\Users\simon\Documents\Code\thesis-code\commons-codec-master\src\test\java\org\apache\commons\codec\binary\Base64Test.java,Base64Test.java,Base64Test,testConstructors,12,0,void,,true,true,true,true
C:\Users\simon\Documents\Code\thesis-code\commons-codec-master\src\test\java\org\apache\commons\codec\binary\Base64Test.java,Base64Test.java,Base64Test,testCustomEncodingAlphabet,13,0,void,,true,true,true,true
C:\Users\simon\Documents\Code\thesis-code\commons-codec-master\src\test\java\org\apache\commons\codec\binary\Base64Test.java,Base64Test.java,Base64Test,testCustomEncodingAlphabet_illegal,2,0,void,,true,true,true,true
C:\Users\simon\Documents\Code\thesis-code\commons-codec-master\src\test\java\org\apache\commons\codec\binary\Base64Test.java,Base64Test.java,Base64Test,testDecodeEncode,3,1,void,private,false,true,true,true
C:\Users\simon\Documents\Code\thesis-code\commons-codec-master\src\test\java\org\apache\commons\codec\binary\Base64Test.java,Base64Test.java,Base64Test,testDecodePadMarkerIndex2,1,0,void,,true,true,true,true
C:\Users\simon\Documents\Code\thesis-code\commons-codec-master\src\test\java\org\apache\commons\codec\binary\Base64Test.java,Base64Test.java,Base64Test,testDecodePadMarkerIndex3,2,0,void,,true,true,true,true
C:\Users\simon\Documents\Code\thesis-code\commons-codec-master\src\test\java\org\apache\commons\codec\binary\Base64Test.java,Base64Test.java,Base64Test,testDecodePadOnly,6,0,void,,true,true,true,true
C:\Users\simon\Documents\Code\thesis-code\commons-codec-master\src\test\java\org\apache\commons\codec\binary\Base64Test.java,Base64Test.java,Base64Test,testDecodePadOnlyChunked,6,0,void,,true,true,true,true
C:\Users\simon\Documents\Code\thesis-code\commons-codec-master\src\test\java\org\apache\commons\codec\binary\Base64Test.java,Base64Test.java,Base64Test,testDecodeWithInnerPad,4,0,void,,true,true,true,true
C:\Users\simon\Documents\Code\thesis-code\commons-codec-master\src\test\java\org\apache\commons\codec\binary\Base64Test.java,Base64Test.java,Base64Test,testDecodeWithWhitespace,11,0,void,,true,true,true,true
C:\Users\simon\Documents\Code\thesis-code\commons-codec-master\src\test\java\org\apache\commons\codec\binary\Base64Test.java,Base64Test.java,Base64Test,testEmptyBase64,11,0,void,,true,true,true,true
C:\Users\simon\Documents\Code\thesis-code\commons-codec-master\src\test\java\org\apache\commons\codec\binary\Base64Test.java,Base64Test.java,Base64Test,testEncodeDecode,3,1,void,private,false,true,true,true
C:\Users\simon\Documents\Code\thesis-code\commons-codec-master\src\test\java\org\apache\commons\codec\binary\Base64Test.java,Base64Test.java,Base64Test,testEncodeDecodeRandom,1,0,void,,true,true,true,true
C:\Users\simon\Documents\Code\thesis-code\commons-codec-master\src\test\java\org\apache\commons\codec\binary\Base64Test.java,Base64Test.java,Base64Test,testEncodeDecodeSmall,1,0,void,,true,true,true,true
C:\Users\simon\Documents\Code\thesis-code\commons-codec-master\src\test\java\org\apache\commons\codec\binary\Base64Test.java,Base64Test.java,Base64Test,testEncodeOverMaxSize,4,0,void,,true,true,true,true
C:\Users\simon\Documents\Code\thesis-code\commons-codec-master\src\test\java\org\apache\commons\codec\binary\Base64Test.java,Base64Test.java,Base64Test,testEncodeOverMaxSize,1,1,void,private,false,true,true,true
C:\Users\simon\Documents\Code\thesis-code\commons-codec-master\src\test\java\org\apache\commons\codec\binary\Base64Test.java,Base64Test.java,Base64Test,testHugeLineSeparator,7,0,void,,true,true,true,true
C:\Users\simon\Documents\Code\thesis-code\commons-codec-master\src\test\java\org\apache\commons\codec\binary\Base64Test.java,Base64Test.java,Base64Test,testIgnoringNonBase64InDecode,1,0,void,,true,true,true,true
C:\Users\simon\Documents\Code\thesis-code\commons-codec-master\src\test\java\org\apache\commons\codec\binary\Base64Test.java,Base64Test.java,Base64Test,testIsArrayByteBase64,1,2,void,,false,true,true,true
C:\Users\simon\Documents\Code\thesis-code\commons-codec-master\src\test\java\org\apache\commons\codec\binary\Base64Test.java,Base64Test.java,Base64Test,testIsBase64,1,2,void,,false,true,true,true
C:\Users\simon\Documents\Code\thesis-code\commons-codec-master\src\test\java\org\apache\commons\codec\binary\Base64Test.java,Base64Test.java,Base64Test,testIsStringBase64,12,0,void,,true,true,true,true
C:\Users\simon\Documents\Code\thesis-code\commons-codec-master\src\test\java\org\apache\commons\codec\binary\Base64Test.java,Base64Test.java,Base64Test,testIsStringBase64Standard,12,0,void,,true,true,true,true
C:\Users\simon\Documents\Code\thesis-code\commons-codec-master\src\test\java\org\apache\commons\codec\binary\Base64Test.java,Base64Test.java,Base64Test,testIsStringBase64Url,12,0,void,,true,true,true,true
C:\Users\simon\Documents\Code\thesis-code\commons-codec-master\src\test\java\org\apache\commons\codec\binary\Base64Test.java,Base64Test.java,Base64Test,testIsUrlSafe,6,0,void,,true,true,true,true
C:\Users\simon\Documents\Code\thesis-code\commons-codec-master\src\test\java\org\apache\commons\codec\binary\Base64Test.java,Base64Test.java,Base64Test,testKnownDecodings,6,0,void,,true,true,true,true
C:\Users\simon\Documents\Code\thesis-code\commons-codec-master\src\test\java\org\apache\commons\codec\binary\Base64Test.java,Base64Test.java,Base64Test,testKnownEncodings,7,0,void,,true,true,true,true
C:\Users\simon\Documents\Code\thesis-code\commons-codec-master\src\test\java\org\apache\commons\codec\binary\Base64Test.java,Base64Test.java,Base64Test,testNonBase64Test,3,0,void,,true,true,true,true
C:\Users\simon\Documents\Code\thesis-code\commons-codec-master\src\test\java\org\apache\commons\codec\binary\Base64Test.java,Base64Test.java,Base64Test,testObjectDecodeWithInvalidParameter,1,0,void,,true,true,true,true
C:\Users\simon\Documents\Code\thesis-code\commons-codec-master\src\test\java\org\apache\commons\codec\binary\Base64Test.java,Base64Test.java,Base64Test,testObjectDecodeWithValidParameter,7,0,void,,true,true,true,true
C:\Users\simon\Documents\Code\thesis-code\commons-codec-master\src\test\java\org\apache\commons\codec\binary\Base64Test.java,Base64Test.java,Base64Test,testObjectEncode,2,0,void,,true,true,true,true
C:\Users\simon\Documents\Code\thesis-code\commons-codec-master\src\test\java\org\apache\commons\codec\binary\Base64Test.java,Base64Test.java,Base64Test,testObjectEncodeWithInvalidParameter,1,0,void,,true,true,true,true
C:\Users\simon\Documents\Code\thesis-code\commons-codec-master\src\test\java\org\apache\commons\codec\binary\Base64Test.java,Base64Test.java,Base64Test,testObjectEncodeWithValidParameter,7,0,void,,true,true,true,true
C:\Users\simon\Documents\Code\thesis-code\commons-codec-master\src\test\java\org\apache\commons\codec\binary\Base64Test.java,Base64Test.java,Base64Test,testPairs,2,0,void,,true,true,true,true
C:\Users\simon\Documents\Code\thesis-code\commons-codec-master\src\test\java\org\apache\commons\codec\binary\Base64Test.java,Base64Test.java,Base64Test,testRfc1421Section6Dot8ChunkSizeDefinition,1,0,void,,true,true,true,true
C:\Users\simon\Documents\Code\thesis-code\commons-codec-master\src\test\java\org\apache\commons\codec\binary\Base64Test.java,Base64Test.java,Base64Test,testRfc2045Section2Dot1CrLfDefinition,1,0,void,,true,true,true,true
C:\Users\simon\Documents\Code\thesis-code\commons-codec-master\src\test\java\org\apache\commons\codec\binary\Base64Test.java,Base64Test.java,Base64Test,testRfc2045Section6Dot8ChunkSizeDefinition,1,0,void,,true,true,true,true
C:\Users\simon\Documents\Code\thesis-code\commons-codec-master\src\test\java\org\apache\commons\codec\binary\Base64Test.java,Base64Test.java,Base64Test,testRfc4648Section10Decode,7,0,void,,true,true,true,true
C:\Users\simon\Documents\Code\thesis-code\commons-codec-master\src\test\java\org\apache\commons\codec\binary\Base64Test.java,Base64Test.java,Base64Test,testRfc4648Section10DecodeEncode,1,1,"// @formatter:on
void",,false,true,true,true
C:\Users\simon\Documents\Code\thesis-code\commons-codec-master\src\test\java\org\apache\commons\codec\binary\Base64Test.java,Base64Test.java,Base64Test,testDecodeEncodeStandard,3,1,void,,false,true,true,true
C:\Users\simon\Documents\Code\thesis-code\commons-codec-master\src\test\java\org\apache\commons\codec\binary\Base64Test.java,Base64Test.java,Base64Test,testDecodeEncodeUrl,3,1,void,,false,true,true,true
C:\Users\simon\Documents\Code\thesis-code\commons-codec-master\src\test\java\org\apache\commons\codec\binary\Base64Test.java,Base64Test.java,Base64Test,testDecodeBase64DiffChars,4,0,void,,true,true,true,true
C:\Users\simon\Documents\Code\thesis-code\commons-codec-master\src\test\java\org\apache\commons\codec\binary\Base64Test.java,Base64Test.java,Base64Test,testDecodeBase64StandardDiffChars,4,0,void,,true,true,true,true
C:\Users\simon\Documents\Code\thesis-code\commons-codec-master\src\test\java\org\apache\commons\codec\binary\Base64Test.java,Base64Test.java,Base64Test,testDecodeBase64UrlDiffChars,4,0,void,,true,true,true,true
C:\Users\simon\Documents\Code\thesis-code\commons-codec-master\src\test\java\org\apache\commons\codec\binary\Base64Test.java,Base64Test.java,Base64Test,testRfc4648Section10DecodeWithCrLf,8,0,void,,true,true,true,true
C:\Users\simon\Documents\Code\thesis-code\commons-codec-master\src\test\java\org\apache\commons\codec\binary\Base64Test.java,Base64Test.java,Base64Test,testRfc4648Section10Encode,7,0,void,,true,true,true,true
C:\Users\simon\Documents\Code\thesis-code\commons-codec-master\src\test\java\org\apache\commons\codec\binary\Base64Test.java,Base64Test.java,Base64Test,testRfc4648Section10EncodeDecode,1,1,"// @formatter:on
void",,false,true,true,true
C:\Users\simon\Documents\Code\thesis-code\commons-codec-master\src\test\java\org\apache\commons\codec\binary\Base64Test.java,Base64Test.java,Base64Test,testSingletons,106,0,void,,true,true,true,true
C:\Users\simon\Documents\Code\thesis-code\commons-codec-master\src\test\java\org\apache\commons\codec\binary\Base64Test.java,Base64Test.java,Base64Test,testSingletonsChunked,105,0,void,,true,true,true,true
C:\Users\simon\Documents\Code\thesis-code\commons-codec-master\src\test\java\org\apache\commons\codec\binary\Base64Test.java,Base64Test.java,Base64Test,testStringToByteVariations,17,0,void,,true,true,true,true
C:\Users\simon\Documents\Code\thesis-code\commons-codec-master\src\test\java\org\apache\commons\codec\binary\Base64Test.java,Base64Test.java,Base64Test,testTriplets,64,0,void,,true,true,true,true
C:\Users\simon\Documents\Code\thesis-code\commons-codec-master\src\test\java\org\apache\commons\codec\binary\Base64Test.java,Base64Test.java,Base64Test,testTripletsChunked,64,0,void,,true,true,true,true
C:\Users\simon\Documents\Code\thesis-code\commons-codec-master\src\test\java\org\apache\commons\codec\binary\Base64Test.java,Base64Test.java,Base64Test,testUrlSafe,2,0,void,,true,true,true,true
C:\Users\simon\Documents\Code\thesis-code\commons-codec-master\src\test\java\org\apache\commons\codec\binary\Base64Test.java,Base64Test.java,Base64Test,testUUID,26,0,void,,true,true,true,true
C:\Users\simon\Documents\Code\thesis-code\commons-codec-master\src\test\java\org\apache\commons\codec\binary\Base64Test.java,Base64Test.java,Base64Test,toString,1,1,String,private,false,false,true,true
C:\Users\simon\Documents\Code\thesis-code\commons-codec-master\src\test\java\org\apache\commons\codec\binary\BaseNCodecTest.java,BaseNCodecTest.java,NoOpBaseNCodec,decode,0,4,void,,false,false,true,false
C:\Users\simon\Documents\Code\thesis-code\commons-codec-master\src\test\java\org\apache\commons\codec\binary\BaseNCodecTest.java,BaseNCodecTest.java,NoOpBaseNCodec,encode,0,4,void,,false,false,true,false
C:\Users\simon\Documents\Code\thesis-code\commons-codec-master\src\test\java\org\apache\commons\codec\binary\BaseNCodecTest.java,BaseNCodecTest.java,NoOpBaseNCodec,isInAlphabet,1,1,boolean,protected,false,false,true,false
C:\Users\simon\Documents\Code\thesis-code\commons-codec-master\src\test\java\org\apache\commons\codec\binary\BaseNCodecTest.java,BaseNCodecTest.java,NoOpBaseNCodec,assertEnsureBufferSizeExpandsToMaxBufferSize,14,1,void,private; static,false,false,true,false
C:\Users\simon\Documents\Code\thesis-code\commons-codec-master\src\test\java\org\apache\commons\codec\binary\BaseNCodecTest.java,BaseNCodecTest.java,NoOpBaseNCodec,assumeCanAllocateBufferSize,3,1,void,private; static,false,false,true,false
C:\Users\simon\Documents\Code\thesis-code\commons-codec-master\src\test\java\org\apache\commons\codec\binary\BaseNCodecTest.java,BaseNCodecTest.java,NoOpBaseNCodec,getPresumableFreeMemory,3,0,long,static,false,false,true,false
C:\Users\simon\Documents\Code\thesis-code\commons-codec-master\src\test\java\org\apache\commons\codec\binary\BaseNCodecTest.java,BaseNCodecTest.java,NoOpBaseNCodec,setUp,1,0,void,public,false,false,true,false
C:\Users\simon\Documents\Code\thesis-code\commons-codec-master\src\test\java\org\apache\commons\codec\binary\BaseNCodecTest.java,BaseNCodecTest.java,NoOpBaseNCodec,decode,0,4,void,,false,false,true,false
C:\Users\simon\Documents\Code\thesis-code\commons-codec-master\src\test\java\org\apache\commons\codec\binary\BaseNCodecTest.java,BaseNCodecTest.java,NoOpBaseNCodec,encode,0,4,void,,false,false,true,false
C:\Users\simon\Documents\Code\thesis-code\commons-codec-master\src\test\java\org\apache\commons\codec\binary\BaseNCodecTest.java,BaseNCodecTest.java,NoOpBaseNCodec,isInAlphabet,1,1,boolean,protected,false,false,true,false
C:\Users\simon\Documents\Code\thesis-code\commons-codec-master\src\test\java\org\apache\commons\codec\binary\BaseNCodecTest.java,BaseNCodecTest.java,NoOpBaseNCodec,testBaseNCodec,1,0,void,,true,true,true,false
C:\Users\simon\Documents\Code\thesis-code\commons-codec-master\src\test\java\org\apache\commons\codec\binary\BaseNCodecTest.java,BaseNCodecTest.java,NoOpBaseNCodec,testContainsAlphabetOrPad,6,0,void,,true,true,true,false
C:\Users\simon\Documents\Code\thesis-code\commons-codec-master\src\test\java\org\apache\commons\codec\binary\BaseNCodecTest.java,BaseNCodecTest.java,NoOpBaseNCodec,testContextToString,18,0,void,,true,true,true,false
C:\Users\simon\Documents\Code\thesis-code\commons-codec-master\src\test\java\org\apache\commons\codec\binary\BaseNCodecTest.java,BaseNCodecTest.java,NoOpBaseNCodec,testEnsureBufferSize,22,0,void,,true,true,true,false
C:\Users\simon\Documents\Code\thesis-code\commons-codec-master\src\test\java\org\apache\commons\codec\binary\BaseNCodecTest.java,BaseNCodecTest.java,NoOpBaseNCodec,testEnsureBufferSizeExpandsToBeyondMaxBufferSize,1,0,void,,true,true,true,false
C:\Users\simon\Documents\Code\thesis-code\commons-codec-master\src\test\java\org\apache\commons\codec\binary\BaseNCodecTest.java,BaseNCodecTest.java,NoOpBaseNCodec,testEnsureBufferSizeExpandsToMaxBufferSize,1,0,void,,true,true,true,false
C:\Users\simon\Documents\Code\thesis-code\commons-codec-master\src\test\java\org\apache\commons\codec\binary\BaseNCodecTest.java,BaseNCodecTest.java,NoOpBaseNCodec,testEnsureBufferSizeThrowsOnOverflow,7,0,void,,true,true,true,false
C:\Users\simon\Documents\Code\thesis-code\commons-codec-master\src\test\java\org\apache\commons\codec\binary\BaseNCodecTest.java,BaseNCodecTest.java,NoOpBaseNCodec,testIsInAlphabetByte,4,0,void,,true,true,true,false
C:\Users\simon\Documents\Code\thesis-code\commons-codec-master\src\test\java\org\apache\commons\codec\binary\BaseNCodecTest.java,BaseNCodecTest.java,NoOpBaseNCodec,testIsInAlphabetByteArrayBoolean,8,0,void,,true,true,true,false
C:\Users\simon\Documents\Code\thesis-code\commons-codec-master\src\test\java\org\apache\commons\codec\binary\BaseNCodecTest.java,BaseNCodecTest.java,NoOpBaseNCodec,testIsInAlphabetString,2,0,void,,true,true,true,false
C:\Users\simon\Documents\Code\thesis-code\commons-codec-master\src\test\java\org\apache\commons\codec\binary\BaseNCodecTest.java,BaseNCodecTest.java,NoOpBaseNCodec,testIsWhiteSpace,7,0,void,,true,true,true,false
C:\Users\simon\Documents\Code\thesis-code\commons-codec-master\src\test\java\org\apache\commons\codec\binary\BaseNCodecTest.java,BaseNCodecTest.java,NoOpBaseNCodec,testProvidePaddingByte,3,0,void,,true,true,true,false
C:\Users\simon\Documents\Code\thesis-code\commons-codec-master\src\test\java\org\apache\commons\codec\binary\BaseNCodecTest.java,BaseNCodecTest.java,NoOpBaseNCodec,decode,0,4,void,,false,false,true,false
C:\Users\simon\Documents\Code\thesis-code\commons-codec-master\src\test\java\org\apache\commons\codec\binary\BaseNCodecTest.java,BaseNCodecTest.java,NoOpBaseNCodec,encode,0,4,void,,false,false,true,false
C:\Users\simon\Documents\Code\thesis-code\commons-codec-master\src\test\java\org\apache\commons\codec\binary\BaseNCodecTest.java,BaseNCodecTest.java,NoOpBaseNCodec,isInAlphabet,1,1,boolean,protected,false,false,true,false
C:\Users\simon\Documents\Code\thesis-code\commons-codec-master\src\test\java\org\apache\commons\codec\binary\BinaryCodecTest.java,BinaryCodecTest.java,BinaryCodecTest,assertDecodeObject,7,2,void,,false,false,true,true
C:\Users\simon\Documents\Code\thesis-code\commons-codec-master\src\test\java\org\apache\commons\codec\binary\BinaryCodecTest.java,BinaryCodecTest.java,BinaryCodecTest,setUp,1,0,void,public,false,false,true,true
C:\Users\simon\Documents\Code\thesis-code\commons-codec-master\src\test\java\org\apache\commons\codec\binary\BinaryCodecTest.java,BinaryCodecTest.java,BinaryCodecTest,tearDown,1,0,void,public,false,false,true,true
C:\Users\simon\Documents\Code\thesis-code\commons-codec-master\src\test\java\org\apache\commons\codec\binary\BinaryCodecTest.java,BinaryCodecTest.java,BinaryCodecTest,testDecodeByteArray,79,0,void,,true,true,true,true
C:\Users\simon\Documents\Code\thesis-code\commons-codec-master\src\test\java\org\apache\commons\codec\binary\BinaryCodecTest.java,BinaryCodecTest.java,BinaryCodecTest,testDecodeObject,63,0,void,,true,true,true,true
C:\Users\simon\Documents\Code\thesis-code\commons-codec-master\src\test\java\org\apache\commons\codec\binary\BinaryCodecTest.java,BinaryCodecTest.java,BinaryCodecTest,testDecodeObjectException,2,0,void,,true,true,true,true
C:\Users\simon\Documents\Code\thesis-code\commons-codec-master\src\test\java\org\apache\commons\codec\binary\BinaryCodecTest.java,BinaryCodecTest.java,BinaryCodecTest,testEncodeByteArray,111,0,void,,true,true,true,true
C:\Users\simon\Documents\Code\thesis-code\commons-codec-master\src\test\java\org\apache\commons\codec\binary\BinaryCodecTest.java,BinaryCodecTest.java,BinaryCodecTest,testEncodeObject,110,0,void,,true,true,true,true
C:\Users\simon\Documents\Code\thesis-code\commons-codec-master\src\test\java\org\apache\commons\codec\binary\BinaryCodecTest.java,BinaryCodecTest.java,BinaryCodecTest,testEncodeObjectException,2,0,void,,true,true,true,true
C:\Users\simon\Documents\Code\thesis-code\commons-codec-master\src\test\java\org\apache\commons\codec\binary\BinaryCodecTest.java,BinaryCodecTest.java,BinaryCodecTest,testEncodeObjectNull,2,0,void,,true,true,true,true
C:\Users\simon\Documents\Code\thesis-code\commons-codec-master\src\test\java\org\apache\commons\codec\binary\BinaryCodecTest.java,BinaryCodecTest.java,BinaryCodecTest,testFromAsciiByteArray,82,0,void,,true,true,true,true
C:\Users\simon\Documents\Code\thesis-code\commons-codec-master\src\test\java\org\apache\commons\codec\binary\BinaryCodecTest.java,BinaryCodecTest.java,BinaryCodecTest,testFromAsciiCharArray,82,0,void,,true,true,true,true
C:\Users\simon\Documents\Code\thesis-code\commons-codec-master\src\test\java\org\apache\commons\codec\binary\BinaryCodecTest.java,BinaryCodecTest.java,BinaryCodecTest,testToAsciiBytes,111,0,void,,true,true,true,true
C:\Users\simon\Documents\Code\thesis-code\commons-codec-master\src\test\java\org\apache\commons\codec\binary\BinaryCodecTest.java,BinaryCodecTest.java,BinaryCodecTest,testToAsciiChars,111,0,void,,true,true,true,true
C:\Users\simon\Documents\Code\thesis-code\commons-codec-master\src\test\java\org\apache\commons\codec\binary\BinaryCodecTest.java,BinaryCodecTest.java,BinaryCodecTest,testToAsciiString,110,0,void,,true,true,true,true
C:\Users\simon\Documents\Code\thesis-code\commons-codec-master\src\test\java\org\apache\commons\codec\binary\BinaryCodecTest.java,BinaryCodecTest.java,BinaryCodecTest,testToByteArrayFromString,80,0,void,,true,true,true,true
C:\Users\simon\Documents\Code\thesis-code\commons-codec-master\src\test\java\org\apache\commons\codec\binary\CharSequenceUtilsTest.java,CharSequenceUtilsTest.java,TestData,invoke,0,0,boolean,abstract,false,false,true,true
C:\Users\simon\Documents\Code\thesis-code\commons-codec-master\src\test\java\org\apache\commons\codec\binary\CharSequenceUtilsTest.java,CharSequenceUtilsTest.java,TestData,run,1,2,void,,false,false,true,true
C:\Users\simon\Documents\Code\thesis-code\commons-codec-master\src\test\java\org\apache\commons\codec\binary\CharSequenceUtilsTest.java,CharSequenceUtilsTest.java,TestData,toString,7,0,String,public,false,false,true,true
C:\Users\simon\Documents\Code\thesis-code\commons-codec-master\src\test\java\org\apache\commons\codec\binary\CharSequenceUtilsTest.java,CharSequenceUtilsTest.java,TestData,testConstructor,1,0,void,,true,true,true,true
C:\Users\simon\Documents\Code\thesis-code\commons-codec-master\src\test\java\org\apache\commons\codec\binary\CharSequenceUtilsTest.java,CharSequenceUtilsTest.java,TestData,testRegionMatches,1,0,void,,true,true,true,true
C:\Users\simon\Documents\Code\thesis-code\commons-codec-master\src\test\java\org\apache\commons\codec\binary\CharSequenceUtilsTest.java,CharSequenceUtilsTest.java,TestData,invoke,1,0,boolean,,false,false,true,true
C:\Users\simon\Documents\Code\thesis-code\commons-codec-master\src\test\java\org\apache\commons\codec\binary\CharSequenceUtilsTest.java,CharSequenceUtilsTest.java,TestData,invoke,1,0,boolean,,false,false,true,true
C:\Users\simon\Documents\Code\thesis-code\commons-codec-master\src\test\java\org\apache\commons\codec\binary\CharSequenceUtilsTest.java,CharSequenceUtilsTest.java,TestData,invoke,1,0,boolean,,false,false,true,true
C:\Users\simon\Documents\Code\thesis-code\commons-codec-master\src\test\java\org\apache\commons\codec\binary\HexTest.java,HexTest.java,HexTest,allocate,1,1,ByteBuffer,protected,false,false,true,true
C:\Users\simon\Documents\Code\thesis-code\commons-codec-master\src\test\java\org\apache\commons\codec\binary\HexTest.java,HexTest.java,HexTest,charsetSanityCheck,2,1,boolean,private,false,false,true,true
C:\Users\simon\Documents\Code\thesis-code\commons-codec-master\src\test\java\org\apache\commons\codec\binary\HexTest.java,HexTest.java,HexTest,checkDecodeHexByteBufferOddCharacters,1,1,void,private,false,false,true,true
C:\Users\simon\Documents\Code\thesis-code\commons-codec-master\src\test\java\org\apache\commons\codec\binary\HexTest.java,HexTest.java,HexTest,checkDecodeHexCharArrayOddCharacters,1,1,void,private,false,false,true,true
C:\Users\simon\Documents\Code\thesis-code\commons-codec-master\src\test\java\org\apache\commons\codec\binary\HexTest.java,HexTest.java,HexTest,checkDecodeHexCharArrayOddCharacters,1,1,void,private,false,false,true,true
C:\Users\simon\Documents\Code\thesis-code\commons-codec-master\src\test\java\org\apache\commons\codec\binary\HexTest.java,HexTest.java,HexTest,getByteBufferUtf8,5,1,ByteBuffer,private,false,false,true,true
C:\Users\simon\Documents\Code\thesis-code\commons-codec-master\src\test\java\org\apache\commons\codec\binary\HexTest.java,HexTest.java,HexTest,log,1,1,void,private,false,false,true,true
C:\Users\simon\Documents\Code\thesis-code\commons-codec-master\src\test\java\org\apache\commons\codec\binary\HexTest.java,HexTest.java,HexTest,log,1,1,void,private,false,false,true,true
C:\Users\simon\Documents\Code\thesis-code\commons-codec-master\src\test\java\org\apache\commons\codec\binary\HexTest.java,HexTest.java,HexTest,testCharset,19,2,void,private,false,true,true,true
C:\Users\simon\Documents\Code\thesis-code\commons-codec-master\src\test\java\org\apache\commons\codec\binary\HexTest.java,HexTest.java,HexTest,testCustomCharset,1,1,void,,false,true,true,true
C:\Users\simon\Documents\Code\thesis-code\commons-codec-master\src\test\java\org\apache\commons\codec\binary\HexTest.java,HexTest.java,HexTest,testCustomCharsetBadName,1,0,void,,true,true,true,true
C:\Users\simon\Documents\Code\thesis-code\commons-codec-master\src\test\java\org\apache\commons\codec\binary\HexTest.java,HexTest.java,HexTest,testCustomCharsetToString,1,0,void,,true,true,true,true
C:\Users\simon\Documents\Code\thesis-code\commons-codec-master\src\test\java\org\apache\commons\codec\binary\HexTest.java,HexTest.java,HexTest,testDecodeBadCharacterPos0,1,0,void,,true,true,true,true
C:\Users\simon\Documents\Code\thesis-code\commons-codec-master\src\test\java\org\apache\commons\codec\binary\HexTest.java,HexTest.java,HexTest,testDecodeBadCharacterPos1,1,0,void,,true,true,true,true
C:\Users\simon\Documents\Code\thesis-code\commons-codec-master\src\test\java\org\apache\commons\codec\binary\HexTest.java,HexTest.java,HexTest,testDecodeByteArrayEmpty,1,0,void,,true,true,true,true
C:\Users\simon\Documents\Code\thesis-code\commons-codec-master\src\test\java\org\apache\commons\codec\binary\HexTest.java,HexTest.java,HexTest,testDecodeByteArrayObjectEmpty,1,0,void,,true,true,true,true
C:\Users\simon\Documents\Code\thesis-code\commons-codec-master\src\test\java\org\apache\commons\codec\binary\HexTest.java,HexTest.java,HexTest,testDecodeByteArrayOddCharacters,1,0,void,,true,true,true,true
C:\Users\simon\Documents\Code\thesis-code\commons-codec-master\src\test\java\org\apache\commons\codec\binary\HexTest.java,HexTest.java,HexTest,testDecodeByteBufferAllocatedButEmpty,4,0,void,,true,true,true,true
C:\Users\simon\Documents\Code\thesis-code\commons-codec-master\src\test\java\org\apache\commons\codec\binary\HexTest.java,HexTest.java,HexTest,testDecodeByteBufferEmpty,1,0,void,,true,true,true,true
C:\Users\simon\Documents\Code\thesis-code\commons-codec-master\src\test\java\org\apache\commons\codec\binary\HexTest.java,HexTest.java,HexTest,testDecodeByteBufferObjectEmpty,1,0,void,,true,true,true,true
C:\Users\simon\Documents\Code\thesis-code\commons-codec-master\src\test\java\org\apache\commons\codec\binary\HexTest.java,HexTest.java,HexTest,testDecodeByteBufferOddCharacters,4,0,void,,true,true,true,true
C:\Users\simon\Documents\Code\thesis-code\commons-codec-master\src\test\java\org\apache\commons\codec\binary\HexTest.java,HexTest.java,HexTest,testDecodeByteBufferWithLimit,3,0,void,,true,true,true,true
C:\Users\simon\Documents\Code\thesis-code\commons-codec-master\src\test\java\org\apache\commons\codec\binary\HexTest.java,HexTest.java,HexTest,testDecodeByteBufferWithLimitOddCharacters,5,0,void,,true,true,true,true
C:\Users\simon\Documents\Code\thesis-code\commons-codec-master\src\test\java\org\apache\commons\codec\binary\HexTest.java,HexTest.java,HexTest,testDecodeClassCastException,1,0,void,,true,true,true,true
C:\Users\simon\Documents\Code\thesis-code\commons-codec-master\src\test\java\org\apache\commons\codec\binary\HexTest.java,HexTest.java,HexTest,testDecodeHexCharArrayEmpty,1,0,void,,true,true,true,true
C:\Users\simon\Documents\Code\thesis-code\commons-codec-master\src\test\java\org\apache\commons\codec\binary\HexTest.java,HexTest.java,HexTest,testDecodeHexCharArrayOddCharacters1,1,0,void,,true,true,true,true
C:\Users\simon\Documents\Code\thesis-code\commons-codec-master\src\test\java\org\apache\commons\codec\binary\HexTest.java,HexTest.java,HexTest,testDecodeHexCharArrayOddCharacters3,1,0,void,,true,true,true,true
C:\Users\simon\Documents\Code\thesis-code\commons-codec-master\src\test\java\org\apache\commons\codec\binary\HexTest.java,HexTest.java,HexTest,testDecodeHexCharArrayOddCharacters5,1,0,void,,true,true,true,true
C:\Users\simon\Documents\Code\thesis-code\commons-codec-master\src\test\java\org\apache\commons\codec\binary\HexTest.java,HexTest.java,HexTest,testDecodeHexCharArrayOutBufferUnderSized,2,0,void,,true,true,true,true
C:\Users\simon\Documents\Code\thesis-code\commons-codec-master\src\test\java\org\apache\commons\codec\binary\HexTest.java,HexTest.java,HexTest,testDecodeHexCharArrayOutBufferUnderSizedByOffset,2,0,void,,true,true,true,true
C:\Users\simon\Documents\Code\thesis-code\commons-codec-master\src\test\java\org\apache\commons\codec\binary\HexTest.java,HexTest.java,HexTest,testDecodeHexStringEmpty,1,0,void,,true,true,true,true
C:\Users\simon\Documents\Code\thesis-code\commons-codec-master\src\test\java\org\apache\commons\codec\binary\HexTest.java,HexTest.java,HexTest,testDecodeHexStringOddCharacters,1,0,void,,true,true,true,true
C:\Users\simon\Documents\Code\thesis-code\commons-codec-master\src\test\java\org\apache\commons\codec\binary\HexTest.java,HexTest.java,HexTest,testDecodeHexStringOddCharacters1,1,0,void,,true,true,true,true
C:\Users\simon\Documents\Code\thesis-code\commons-codec-master\src\test\java\org\apache\commons\codec\binary\HexTest.java,HexTest.java,HexTest,testDecodeStringEmpty,1,0,void,,true,true,true,true
C:\Users\simon\Documents\Code\thesis-code\commons-codec-master\src\test\java\org\apache\commons\codec\binary\HexTest.java,HexTest.java,HexTest,testEncodeByteArrayEmpty,1,0,void,,true,true,true,true
C:\Users\simon\Documents\Code\thesis-code\commons-codec-master\src\test\java\org\apache\commons\codec\binary\HexTest.java,HexTest.java,HexTest,testEncodeByteArrayObjectEmpty,1,0,void,,true,true,true,true
C:\Users\simon\Documents\Code\thesis-code\commons-codec-master\src\test\java\org\apache\commons\codec\binary\HexTest.java,HexTest.java,HexTest,testEncodeByteBufferAllocatedButEmpty,4,0,void,,true,true,true,true
C:\Users\simon\Documents\Code\thesis-code\commons-codec-master\src\test\java\org\apache\commons\codec\binary\HexTest.java,HexTest.java,HexTest,testEncodeByteBufferEmpty,1,0,void,,true,true,true,true
C:\Users\simon\Documents\Code\thesis-code\commons-codec-master\src\test\java\org\apache\commons\codec\binary\HexTest.java,HexTest.java,HexTest,testEncodeByteBufferObjectEmpty,1,0,void,,true,true,true,true
C:\Users\simon\Documents\Code\thesis-code\commons-codec-master\src\test\java\org\apache\commons\codec\binary\HexTest.java,HexTest.java,HexTest,testEncodeClassCastException,1,0,void,,true,true,true,true
C:\Users\simon\Documents\Code\thesis-code\commons-codec-master\src\test\java\org\apache\commons\codec\binary\HexTest.java,HexTest.java,HexTest,testEncodeDecodeHexCharArrayRandom,2,0,void,,true,true,true,true
C:\Users\simon\Documents\Code\thesis-code\commons-codec-master\src\test\java\org\apache\commons\codec\binary\HexTest.java,HexTest.java,HexTest,testEncodeDecodeHexCharArrayRandomToOutput,1,0,void,,true,true,true,true
C:\Users\simon\Documents\Code\thesis-code\commons-codec-master\src\test\java\org\apache\commons\codec\binary\HexTest.java,HexTest.java,HexTest,testEncodeHex_ByteBufferOfZeroes,2,0,void,,true,true,true,true
C:\Users\simon\Documents\Code\thesis-code\commons-codec-master\src\test\java\org\apache\commons\codec\binary\HexTest.java,HexTest.java,HexTest,testEncodeHex_ByteBufferWithLimit,5,0,void,,true,true,true,true
C:\Users\simon\Documents\Code\thesis-code\commons-codec-master\src\test\java\org\apache\commons\codec\binary\HexTest.java,HexTest.java,HexTest,testEncodeHexByteArrayEmpty,2,0,void,,true,true,true,true
C:\Users\simon\Documents\Code\thesis-code\commons-codec-master\src\test\java\org\apache\commons\codec\binary\HexTest.java,HexTest.java,HexTest,testEncodeHexByteArrayHelloWorldLowerCaseHex,9,0,void,,true,true,true,true
C:\Users\simon\Documents\Code\thesis-code\commons-codec-master\src\test\java\org\apache\commons\codec\binary\HexTest.java,HexTest.java,HexTest,testEncodeHexByteArrayHelloWorldUpperCaseHex,9,0,void,,true,true,true,true
C:\Users\simon\Documents\Code\thesis-code\commons-codec-master\src\test\java\org\apache\commons\codec\binary\HexTest.java,HexTest.java,HexTest,testEncodeHexByteArrayZeroes,2,0,void,,true,true,true,true
C:\Users\simon\Documents\Code\thesis-code\commons-codec-master\src\test\java\org\apache\commons\codec\binary\HexTest.java,HexTest.java,HexTest,testEncodeHexByteBufferEmpty,2,0,void,,true,true,true,true
C:\Users\simon\Documents\Code\thesis-code\commons-codec-master\src\test\java\org\apache\commons\codec\binary\HexTest.java,HexTest.java,HexTest,testEncodeHexByteBufferHelloWorldLowerCaseHex,14,0,void,,true,true,true,true
C:\Users\simon\Documents\Code\thesis-code\commons-codec-master\src\test\java\org\apache\commons\codec\binary\HexTest.java,HexTest.java,HexTest,testEncodeHexByteBufferHelloWorldUpperCaseHex,14,0,void,,true,true,true,true
C:\Users\simon\Documents\Code\thesis-code\commons-codec-master\src\test\java\org\apache\commons\codec\binary\HexTest.java,HexTest.java,HexTest,testEncodeHexByteString_ByteArrayBoolean_ToLowerCase,1,0,void,,true,true,true,true
C:\Users\simon\Documents\Code\thesis-code\commons-codec-master\src\test\java\org\apache\commons\codec\binary\HexTest.java,HexTest.java,HexTest,testEncodeHexByteString_ByteArrayBoolean_ToUpperCase,1,0,void,,true,true,true,true
C:\Users\simon\Documents\Code\thesis-code\commons-codec-master\src\test\java\org\apache\commons\codec\binary\HexTest.java,HexTest.java,HexTest,testEncodeHexByteString_ByteArrayOfZeroes,2,0,void,,true,true,true,true
C:\Users\simon\Documents\Code\thesis-code\commons-codec-master\src\test\java\org\apache\commons\codec\binary\HexTest.java,HexTest.java,HexTest,testEncodeHexByteString_ByteBufferBoolean_ToLowerCase,4,0,void,,true,true,true,true
C:\Users\simon\Documents\Code\thesis-code\commons-codec-master\src\test\java\org\apache\commons\codec\binary\HexTest.java,HexTest.java,HexTest,testEncodeHexByteString_ByteBufferBoolean_ToUpperCase,4,0,void,,true,true,true,true
C:\Users\simon\Documents\Code\thesis-code\commons-codec-master\src\test\java\org\apache\commons\codec\binary\HexTest.java,HexTest.java,HexTest,testEncodeHexByteString_ByteBufferOfZeroes,2,0,void,,true,true,true,true
C:\Users\simon\Documents\Code\thesis-code\commons-codec-master\src\test\java\org\apache\commons\codec\binary\HexTest.java,HexTest.java,HexTest,testEncodeHexByteString_ByteBufferOfZeroesWithLimit,8,0,void,,true,true,true,true
C:\Users\simon\Documents\Code\thesis-code\commons-codec-master\src\test\java\org\apache\commons\codec\binary\HexTest.java,HexTest.java,HexTest,testEncodeHexByteString_ByteBufferWithLimitBoolean_ToLowerCase,6,0,void,,true,true,true,true
C:\Users\simon\Documents\Code\thesis-code\commons-codec-master\src\test\java\org\apache\commons\codec\binary\HexTest.java,HexTest.java,HexTest,testEncodeHexByteString_ByteBufferWithLimitBoolean_ToUpperCase,6,0,void,,true,true,true,true
C:\Users\simon\Documents\Code\thesis-code\commons-codec-master\src\test\java\org\apache\commons\codec\binary\HexTest.java,HexTest.java,HexTest,testEncodeHexPartialInput,15,0,void,,true,true,true,true
C:\Users\simon\Documents\Code\thesis-code\commons-codec-master\src\test\java\org\apache\commons\codec\binary\HexTest.java,HexTest.java,HexTest,testEncodeHexPartialInputOverbounds,2,0,void,,true,true,true,true
C:\Users\simon\Documents\Code\thesis-code\commons-codec-master\src\test\java\org\apache\commons\codec\binary\HexTest.java,HexTest.java,HexTest,testEncodeHexPartialInputUnderbounds,2,0,void,,true,true,true,true
C:\Users\simon\Documents\Code\thesis-code\commons-codec-master\src\test\java\org\apache\commons\codec\binary\HexTest.java,HexTest.java,HexTest,testEncodeHexReadOnlyByteBuffer,2,0,void,,true,true,true,true
C:\Users\simon\Documents\Code\thesis-code\commons-codec-master\src\test\java\org\apache\commons\codec\binary\HexTest.java,HexTest.java,HexTest,testEncodeStringEmpty,1,0,void,,true,true,true,true
C:\Users\simon\Documents\Code\thesis-code\commons-codec-master\src\test\java\org\apache\commons\codec\binary\HexTest.java,HexTest.java,HexTest,testGetCharset,1,0,void,,true,true,true,true
C:\Users\simon\Documents\Code\thesis-code\commons-codec-master\src\test\java\org\apache\commons\codec\binary\HexTest.java,HexTest.java,HexTest,testGetCharsetName,1,0,void,,true,true,true,true
C:\Users\simon\Documents\Code\thesis-code\commons-codec-master\src\test\java\org\apache\commons\codec\binary\HexTest.java,HexTest.java,HexTest,testRequiredCharset,1,1,void,,false,true,true,true
C:\Users\simon\Documents\Code\thesis-code\commons-codec-master\src\test\java\org\apache\commons\codec\binary\StringUtilsTest.java,StringUtilsTest.java,StringUtilsTest,testByteBufferUtf8,4,0,void,,true,true,true,true
C:\Users\simon\Documents\Code\thesis-code\commons-codec-master\src\test\java\org\apache\commons\codec\binary\StringUtilsTest.java,StringUtilsTest.java,StringUtilsTest,testConstructor,1,0,void,,true,true,true,true
C:\Users\simon\Documents\Code\thesis-code\commons-codec-master\src\test\java\org\apache\commons\codec\binary\StringUtilsTest.java,StringUtilsTest.java,StringUtilsTest,testEqualsCS1,6,0,void,,true,true,true,true
C:\Users\simon\Documents\Code\thesis-code\commons-codec-master\src\test\java\org\apache\commons\codec\binary\StringUtilsTest.java,StringUtilsTest.java,StringUtilsTest,testEqualsCS2,4,0,void,,true,true,true,true
C:\Users\simon\Documents\Code\thesis-code\commons-codec-master\src\test\java\org\apache\commons\codec\binary\StringUtilsTest.java,StringUtilsTest.java,StringUtilsTest,testEqualsString,7,0,void,,true,true,true,true
C:\Users\simon\Documents\Code\thesis-code\commons-codec-master\src\test\java\org\apache\commons\codec\binary\StringUtilsTest.java,StringUtilsTest.java,StringUtilsTest,testGetBytesIso8859_1,5,0,void,,true,true,true,true
C:\Users\simon\Documents\Code\thesis-code\commons-codec-master\src\test\java\org\apache\commons\codec\binary\StringUtilsTest.java,StringUtilsTest.java,StringUtilsTest,testGetBytesUnchecked,3,1,void,private,false,true,true,true
C:\Users\simon\Documents\Code\thesis-code\commons-codec-master\src\test\java\org\apache\commons\codec\binary\StringUtilsTest.java,StringUtilsTest.java,StringUtilsTest,testGetBytesUncheckedBadName,1,0,void,,true,true,true,true
C:\Users\simon\Documents\Code\thesis-code\commons-codec-master\src\test\java\org\apache\commons\codec\binary\StringUtilsTest.java,StringUtilsTest.java,StringUtilsTest,testGetBytesUncheckedNullInput,1,0,void,,true,true,true,true
C:\Users\simon\Documents\Code\thesis-code\commons-codec-master\src\test\java\org\apache\commons\codec\binary\StringUtilsTest.java,StringUtilsTest.java,StringUtilsTest,testGetBytesUsAscii,5,0,void,,true,true,true,true
C:\Users\simon\Documents\Code\thesis-code\commons-codec-master\src\test\java\org\apache\commons\codec\binary\StringUtilsTest.java,StringUtilsTest.java,StringUtilsTest,testGetBytesUtf16,5,0,void,,true,true,true,true
C:\Users\simon\Documents\Code\thesis-code\commons-codec-master\src\test\java\org\apache\commons\codec\binary\StringUtilsTest.java,StringUtilsTest.java,StringUtilsTest,testGetBytesUtf16Be,5,0,void,,true,true,true,true
C:\Users\simon\Documents\Code\thesis-code\commons-codec-master\src\test\java\org\apache\commons\codec\binary\StringUtilsTest.java,StringUtilsTest.java,StringUtilsTest,testGetBytesUtf16Le,5,0,void,,true,true,true,true
C:\Users\simon\Documents\Code\thesis-code\commons-codec-master\src\test\java\org\apache\commons\codec\binary\StringUtilsTest.java,StringUtilsTest.java,StringUtilsTest,testGetBytesUtf8,5,0,void,,true,true,true,true
C:\Users\simon\Documents\Code\thesis-code\commons-codec-master\src\test\java\org\apache\commons\codec\binary\StringUtilsTest.java,StringUtilsTest.java,StringUtilsTest,testNewString,3,1,void,private,false,true,true,true
C:\Users\simon\Documents\Code\thesis-code\commons-codec-master\src\test\java\org\apache\commons\codec\binary\StringUtilsTest.java,StringUtilsTest.java,StringUtilsTest,testNewStringBadEnc,1,0,void,,true,true,true,true
C:\Users\simon\Documents\Code\thesis-code\commons-codec-master\src\test\java\org\apache\commons\codec\binary\StringUtilsTest.java,StringUtilsTest.java,StringUtilsTest,testNewStringIso8859_1,5,0,void,,true,true,true,true
C:\Users\simon\Documents\Code\thesis-code\commons-codec-master\src\test\java\org\apache\commons\codec\binary\StringUtilsTest.java,StringUtilsTest.java,StringUtilsTest,testNewStringNullInput,1,0,void,,true,true,true,true
C:\Users\simon\Documents\Code\thesis-code\commons-codec-master\src\test\java\org\apache\commons\codec\binary\StringUtilsTest.java,StringUtilsTest.java,StringUtilsTest,testNewStringNullInput_CODEC229,6,0,void,,true,true,true,true
C:\Users\simon\Documents\Code\thesis-code\commons-codec-master\src\test\java\org\apache\commons\codec\binary\StringUtilsTest.java,StringUtilsTest.java,StringUtilsTest,testNewStringUsAscii,5,0,void,,true,true,true,true
C:\Users\simon\Documents\Code\thesis-code\commons-codec-master\src\test\java\org\apache\commons\codec\binary\StringUtilsTest.java,StringUtilsTest.java,StringUtilsTest,testNewStringUtf16,5,0,void,,true,true,true,true
C:\Users\simon\Documents\Code\thesis-code\commons-codec-master\src\test\java\org\apache\commons\codec\binary\StringUtilsTest.java,StringUtilsTest.java,StringUtilsTest,testNewStringUtf16Be,5,0,void,,true,true,true,true
C:\Users\simon\Documents\Code\thesis-code\commons-codec-master\src\test\java\org\apache\commons\codec\binary\StringUtilsTest.java,StringUtilsTest.java,StringUtilsTest,testNewStringUtf16Le,5,0,void,,true,true,true,true
C:\Users\simon\Documents\Code\thesis-code\commons-codec-master\src\test\java\org\apache\commons\codec\binary\StringUtilsTest.java,StringUtilsTest.java,StringUtilsTest,testNewStringUtf8,5,0,void,,true,true,true,true
C:\Users\simon\Documents\Code\thesis-code\commons-codec-master\src\test\java\org\apache\commons\codec\BinaryEncoderAbstractTest.java,BinaryEncoderAbstractTest.java,BinaryEncoderAbstractTest,makeEncoder,0,0,BinaryEncoder,protected; abstract,false,false,true,true
C:\Users\simon\Documents\Code\thesis-code\commons-codec-master\src\test\java\org\apache\commons\codec\BinaryEncoderAbstractTest.java,BinaryEncoderAbstractTest.java,BinaryEncoderAbstractTest,testEncodeEmpty,2,0,void,,true,true,true,true
C:\Users\simon\Documents\Code\thesis-code\commons-codec-master\src\test\java\org\apache\commons\codec\BinaryEncoderAbstractTest.java,BinaryEncoderAbstractTest.java,BinaryEncoderAbstractTest,testEncodeNull,1,0,void,,true,true,true,true
C:\Users\simon\Documents\Code\thesis-code\commons-codec-master\src\test\java\org\apache\commons\codec\CharEncodingTest.java,CharEncodingTest.java,CharEncodingTest,testConstructor,1,0,void,,true,true,true,true
C:\Users\simon\Documents\Code\thesis-code\commons-codec-master\src\test\java\org\apache\commons\codec\CharEncodingTest.java,CharEncodingTest.java,CharEncodingTest,testIso8859_1,1,0,void,,true,true,true,true
C:\Users\simon\Documents\Code\thesis-code\commons-codec-master\src\test\java\org\apache\commons\codec\CharEncodingTest.java,CharEncodingTest.java,CharEncodingTest,testUsAscii,1,0,void,,true,true,true,true
C:\Users\simon\Documents\Code\thesis-code\commons-codec-master\src\test\java\org\apache\commons\codec\CharEncodingTest.java,CharEncodingTest.java,CharEncodingTest,testUtf16,1,0,void,,true,true,true,true
C:\Users\simon\Documents\Code\thesis-code\commons-codec-master\src\test\java\org\apache\commons\codec\CharEncodingTest.java,CharEncodingTest.java,CharEncodingTest,testUtf16Be,1,0,void,,true,true,true,true
C:\Users\simon\Documents\Code\thesis-code\commons-codec-master\src\test\java\org\apache\commons\codec\CharEncodingTest.java,CharEncodingTest.java,CharEncodingTest,testUtf16Le,1,0,void,,true,true,true,true
C:\Users\simon\Documents\Code\thesis-code\commons-codec-master\src\test\java\org\apache\commons\codec\CharEncodingTest.java,CharEncodingTest.java,CharEncodingTest,testUtf8,1,0,void,,true,true,true,true
C:\Users\simon\Documents\Code\thesis-code\commons-codec-master\src\test\java\org\apache\commons\codec\CharsetsTest.java,CharsetsTest.java,CharsetsTest,getAvailableCharsetNames,1,0,SortedSet<String>,public; static,false,false,true,true
C:\Users\simon\Documents\Code\thesis-code\commons-codec-master\src\test\java\org\apache\commons\codec\CharsetsTest.java,CharsetsTest.java,CharsetsTest,getRequiredCharsets,1,0,Collection<Charset>,public; static,false,false,true,true
C:\Users\simon\Documents\Code\thesis-code\commons-codec-master\src\test\java\org\apache\commons\codec\CharsetsTest.java,CharsetsTest.java,CharsetsTest,testDeprecatedConstructor,1,0,void,,true,true,true,true
C:\Users\simon\Documents\Code\thesis-code\commons-codec-master\src\test\java\org\apache\commons\codec\CharsetsTest.java,CharsetsTest.java,CharsetsTest,testIso8859_1,1,0,void,,true,true,true,true
C:\Users\simon\Documents\Code\thesis-code\commons-codec-master\src\test\java\org\apache\commons\codec\CharsetsTest.java,CharsetsTest.java,CharsetsTest,testToCharset,4,0,void,,true,true,true,true
C:\Users\simon\Documents\Code\thesis-code\commons-codec-master\src\test\java\org\apache\commons\codec\CharsetsTest.java,CharsetsTest.java,CharsetsTest,testUsAscii,1,0,void,,true,true,true,true
C:\Users\simon\Documents\Code\thesis-code\commons-codec-master\src\test\java\org\apache\commons\codec\CharsetsTest.java,CharsetsTest.java,CharsetsTest,testUtf16,1,0,void,,true,true,true,true
C:\Users\simon\Documents\Code\thesis-code\commons-codec-master\src\test\java\org\apache\commons\codec\CharsetsTest.java,CharsetsTest.java,CharsetsTest,testUtf16Be,1,0,void,,true,true,true,true
C:\Users\simon\Documents\Code\thesis-code\commons-codec-master\src\test\java\org\apache\commons\codec\CharsetsTest.java,CharsetsTest.java,CharsetsTest,testUtf16Le,1,0,void,,true,true,true,true
C:\Users\simon\Documents\Code\thesis-code\commons-codec-master\src\test\java\org\apache\commons\codec\CharsetsTest.java,CharsetsTest.java,CharsetsTest,testUtf8,1,0,void,,true,true,true,true
C:\Users\simon\Documents\Code\thesis-code\commons-codec-master\src\test\java\org\apache\commons\codec\cli\DigestTest.java,DigestTest.java,DigestTest,testEmptyArguments,1,0,void,,true,true,true,true
C:\Users\simon\Documents\Code\thesis-code\commons-codec-master\src\test\java\org\apache\commons\codec\cli\DigestTest.java,DigestTest.java,DigestTest,testNullArguments,1,0,void,,true,true,true,true
C:\Users\simon\Documents\Code\thesis-code\commons-codec-master\src\test\java\org\apache\commons\codec\DecoderExceptionTest.java,DecoderExceptionTest.java,DecoderExceptionTest,testConstructor0,3,0,void,,true,true,true,true
C:\Users\simon\Documents\Code\thesis-code\commons-codec-master\src\test\java\org\apache\commons\codec\DecoderExceptionTest.java,DecoderExceptionTest.java,DecoderExceptionTest,testConstructorString,3,0,void,,true,true,true,true
C:\Users\simon\Documents\Code\thesis-code\commons-codec-master\src\test\java\org\apache\commons\codec\DecoderExceptionTest.java,DecoderExceptionTest.java,DecoderExceptionTest,testConstructorStringObjectArray,3,0,void,,true,true,true,true
C:\Users\simon\Documents\Code\thesis-code\commons-codec-master\src\test\java\org\apache\commons\codec\DecoderExceptionTest.java,DecoderExceptionTest.java,DecoderExceptionTest,testConstructorStringThrowable,3,0,void,,true,true,true,true
C:\Users\simon\Documents\Code\thesis-code\commons-codec-master\src\test\java\org\apache\commons\codec\DecoderExceptionTest.java,DecoderExceptionTest.java,DecoderExceptionTest,testConstructorThrowable,3,0,void,,true,true,true,true
C:\Users\simon\Documents\Code\thesis-code\commons-codec-master\src\test\java\org\apache\commons\codec\digest\Apr1CryptTest.java,Apr1CryptTest.java,Apr1CryptTest,testApr1CryptBytes,6,0,void,,true,true,true,true
C:\Users\simon\Documents\Code\thesis-code\commons-codec-master\src\test\java\org\apache\commons\codec\digest\Apr1CryptTest.java,Apr1CryptTest.java,Apr1CryptTest,testApr1CryptBytesWithThreadLocalRandom,7,0,void,,true,true,true,true
C:\Users\simon\Documents\Code\thesis-code\commons-codec-master\src\test\java\org\apache\commons\codec\digest\Apr1CryptTest.java,Apr1CryptTest.java,Apr1CryptTest,testApr1CryptExplicitCall,3,0,void,,true,true,true,true
C:\Users\simon\Documents\Code\thesis-code\commons-codec-master\src\test\java\org\apache\commons\codec\digest\Apr1CryptTest.java,Apr1CryptTest.java,Apr1CryptTest,testApr1CryptNullData,1,0,void,,true,true,true,true
C:\Users\simon\Documents\Code\thesis-code\commons-codec-master\src\test\java\org\apache\commons\codec\digest\Apr1CryptTest.java,Apr1CryptTest.java,Apr1CryptTest,testApr1CryptStrings,7,0,void,,true,true,true,true
C:\Users\simon\Documents\Code\thesis-code\commons-codec-master\src\test\java\org\apache\commons\codec\digest\Apr1CryptTest.java,Apr1CryptTest.java,Apr1CryptTest,testApr1CryptWithEmptySalt,1,0,void,,true,true,true,true
C:\Users\simon\Documents\Code\thesis-code\commons-codec-master\src\test\java\org\apache\commons\codec\digest\Apr1CryptTest.java,Apr1CryptTest.java,Apr1CryptTest,testApr1CryptWithInvalidSalt,1,0,void,,true,true,true,true
C:\Users\simon\Documents\Code\thesis-code\commons-codec-master\src\test\java\org\apache\commons\codec\digest\Apr1CryptTest.java,Apr1CryptTest.java,Apr1CryptTest,testApr1CryptWithoutSalt,4,0,void,,true,true,true,true
C:\Users\simon\Documents\Code\thesis-code\commons-codec-master\src\test\java\org\apache\commons\codec\digest\Apr1CryptTest.java,Apr1CryptTest.java,Apr1CryptTest,testApr1LongSalt,1,0,void,,true,true,true,true
C:\Users\simon\Documents\Code\thesis-code\commons-codec-master\src\test\java\org\apache\commons\codec\digest\B64Test.java,B64Test.java,B64Test,testB64from24bit,4,0,void,,true,true,true,true
C:\Users\simon\Documents\Code\thesis-code\commons-codec-master\src\test\java\org\apache\commons\codec\digest\B64Test.java,B64Test.java,B64Test,testB64T,2,0,void,,true,true,true,true
C:\Users\simon\Documents\Code\thesis-code\commons-codec-master\src\test\java\org\apache\commons\codec\digest\Blake3Test.java,Blake3Test.java,Blake3Test,assertThrowsProperExceptionWithKeySize,1,1,void,private; static,false,false,true,true
C:\Users\simon\Documents\Code\thesis-code\commons-codec-master\src\test\java\org\apache\commons\codec\digest\Blake3Test.java,Blake3Test.java,Blake3Test,testShouldThrowIllegalArgumentExceptionWhenIncorrectKeySize,2,0,void,,true,true,true,true
C:\Users\simon\Documents\Code\thesis-code\commons-codec-master\src\test\java\org\apache\commons\codec\digest\Blake3TestVectorsTest.java,Blake3TestVectorsTest.java,Blake3TestVectorsTest,data,1,0,Stream<Arguments>,public; static,false,false,true,true
C:\Users\simon\Documents\Code\thesis-code\commons-codec-master\src\test\java\org\apache\commons\codec\digest\Blake3TestVectorsTest.java,Blake3TestVectorsTest.java,Blake3TestVectorsTest,hashArbitraryOutputLength,3,4,void,public,false,false,true,true
C:\Users\simon\Documents\Code\thesis-code\commons-codec-master\src\test\java\org\apache\commons\codec\digest\Blake3TestVectorsTest.java,Blake3TestVectorsTest.java,Blake3TestVectorsTest,hashTruncatedOutput,3,4,void,public,false,false,true,true
C:\Users\simon\Documents\Code\thesis-code\commons-codec-master\src\test\java\org\apache\commons\codec\digest\Blake3TestVectorsTest.java,Blake3TestVectorsTest.java,Blake3TestVectorsTest,initData,5,4,void,private,false,false,true,true
C:\Users\simon\Documents\Code\thesis-code\commons-codec-master\src\test\java\org\apache\commons\codec\digest\Blake3TestVectorsTest.java,Blake3TestVectorsTest.java,Blake3TestVectorsTest,keyDerivation,6,4,void,public,false,false,true,true
C:\Users\simon\Documents\Code\thesis-code\commons-codec-master\src\test\java\org\apache\commons\codec\digest\Blake3TestVectorsTest.java,Blake3TestVectorsTest.java,Blake3TestVectorsTest,keyedHashArbitraryOutputLength,3,4,void,public,false,false,true,true
C:\Users\simon\Documents\Code\thesis-code\commons-codec-master\src\test\java\org\apache\commons\codec\digest\Blake3TestVectorsTest.java,Blake3TestVectorsTest.java,Blake3TestVectorsTest,keyedHashTruncatedOutput,3,4,void,public,false,false,true,true
C:\Users\simon\Documents\Code\thesis-code\commons-codec-master\src\test\java\org\apache\commons\codec\digest\Crc16Test.java,Crc16Test.java,Crc16Test,testArcDefault,1,0,Object[][],static,false,true,true,true
C:\Users\simon\Documents\Code\thesis-code\commons-codec-master\src\test\java\org\apache\commons\codec\digest\Crc16Test.java,Crc16Test.java,Crc16Test,testCcittDefault,1,0,Object[][],static,false,true,true,true
C:\Users\simon\Documents\Code\thesis-code\commons-codec-master\src\test\java\org\apache\commons\codec\digest\Crc16Test.java,Crc16Test.java,Crc16Test,testDnpDefault,1,0,Object[][],static,false,true,true,true
C:\Users\simon\Documents\Code\thesis-code\commons-codec-master\src\test\java\org\apache\commons\codec\digest\Crc16Test.java,Crc16Test.java,Crc16Test,testGetTables,1,0,Supplier<int[]>[],static,false,true,true,true
C:\Users\simon\Documents\Code\thesis-code\commons-codec-master\src\test\java\org\apache\commons\codec\digest\Crc16Test.java,Crc16Test.java,Crc16Test,testIbmSdlcDefault,1,0,Object[][],static,false,true,true,true
C:\Users\simon\Documents\Code\thesis-code\commons-codec-master\src\test\java\org\apache\commons\codec\digest\Crc16Test.java,Crc16Test.java,Crc16Test,testMaximDefault,1,0,Object[][],static,false,true,true,true
C:\Users\simon\Documents\Code\thesis-code\commons-codec-master\src\test\java\org\apache\commons\codec\digest\Crc16Test.java,Crc16Test.java,Crc16Test,testMcrf4xxDefault,1,0,Object[][],static,false,true,true,true
C:\Users\simon\Documents\Code\thesis-code\commons-codec-master\src\test\java\org\apache\commons\codec\digest\Crc16Test.java,Crc16Test.java,Crc16Test,testModbusDefault,1,0,Object[][],static,false,true,true,true
C:\Users\simon\Documents\Code\thesis-code\commons-codec-master\src\test\java\org\apache\commons\codec\digest\Crc16Test.java,Crc16Test.java,Crc16Test,testNrsc5Default,1,0,Object[][],static,false,true,true,true
C:\Users\simon\Documents\Code\thesis-code\commons-codec-master\src\test\java\org\apache\commons\codec\digest\Crc16Test.java,Crc16Test.java,Crc16Test,testUsbDefault,1,0,Object[][],static,false,true,true,true
C:\Users\simon\Documents\Code\thesis-code\commons-codec-master\src\test\java\org\apache\commons\codec\digest\Crc16Test.java,Crc16Test.java,Crc16Test,messageSupplier,1,2,Supplier<String>,private,false,false,true,true
C:\Users\simon\Documents\Code\thesis-code\commons-codec-master\src\test\java\org\apache\commons\codec\digest\Crc16Test.java,Crc16Test.java,Crc16Test,stdUpdate,1,1,void,,false,false,true,true
C:\Users\simon\Documents\Code\thesis-code\commons-codec-master\src\test\java\org\apache\commons\codec\digest\Crc16Test.java,Crc16Test.java,Crc16Test,testArcDefault,1,2,void,,false,true,true,true
C:\Users\simon\Documents\Code\thesis-code\commons-codec-master\src\test\java\org\apache\commons\codec\digest\Crc16Test.java,Crc16Test.java,Crc16Test,testCcittDefault,1,2,void,,false,true,true,true
C:\Users\simon\Documents\Code\thesis-code\commons-codec-master\src\test\java\org\apache\commons\codec\digest\Crc16Test.java,Crc16Test.java,Crc16Test,testDnpDefault,1,2,void,,false,true,true,true
C:\Users\simon\Documents\Code\thesis-code\commons-codec-master\src\test\java\org\apache\commons\codec\digest\Crc16Test.java,Crc16Test.java,Crc16Test,testGetTables,4,1,void,,false,true,true,true
C:\Users\simon\Documents\Code\thesis-code\commons-codec-master\src\test\java\org\apache\commons\codec\digest\Crc16Test.java,Crc16Test.java,Crc16Test,testIbmSdlcDefault,1,2,void,,false,true,true,true
C:\Users\simon\Documents\Code\thesis-code\commons-codec-master\src\test\java\org\apache\commons\codec\digest\Crc16Test.java,Crc16Test.java,Crc16Test,testInit,8,0,void,,true,true,true,true
C:\Users\simon\Documents\Code\thesis-code\commons-codec-master\src\test\java\org\apache\commons\codec\digest\Crc16Test.java,Crc16Test.java,Crc16Test,testMaximDefault,1,2,void,,false,true,true,true
C:\Users\simon\Documents\Code\thesis-code\commons-codec-master\src\test\java\org\apache\commons\codec\digest\Crc16Test.java,Crc16Test.java,Crc16Test,testMcrf4xxDefault,1,2,void,,false,true,true,true
C:\Users\simon\Documents\Code\thesis-code\commons-codec-master\src\test\java\org\apache\commons\codec\digest\Crc16Test.java,Crc16Test.java,Crc16Test,testModbusCustom,8,0,void,,true,true,true,true
C:\Users\simon\Documents\Code\thesis-code\commons-codec-master\src\test\java\org\apache\commons\codec\digest\Crc16Test.java,Crc16Test.java,Crc16Test,testModbusDefault,1,2,void,,false,true,true,true
C:\Users\simon\Documents\Code\thesis-code\commons-codec-master\src\test\java\org\apache\commons\codec\digest\Crc16Test.java,Crc16Test.java,Crc16Test,testNrsc5Default,1,2,void,,false,true,true,true
C:\Users\simon\Documents\Code\thesis-code\commons-codec-master\src\test\java\org\apache\commons\codec\digest\Crc16Test.java,Crc16Test.java,Crc16Test,testReset,8,0,void,,true,true,true,true
C:\Users\simon\Documents\Code\thesis-code\commons-codec-master\src\test\java\org\apache\commons\codec\digest\Crc16Test.java,Crc16Test.java,Crc16Test,testResetCustomModbus,8,0,void,,true,true,true,true
C:\Users\simon\Documents\Code\thesis-code\commons-codec-master\src\test\java\org\apache\commons\codec\digest\Crc16Test.java,Crc16Test.java,Crc16Test,testUpdateArray,3,0,void,,true,true,true,true
C:\Users\simon\Documents\Code\thesis-code\commons-codec-master\src\test\java\org\apache\commons\codec\digest\Crc16Test.java,Crc16Test.java,Crc16Test,testUpdateInt,4,0,void,,true,true,true,true
C:\Users\simon\Documents\Code\thesis-code\commons-codec-master\src\test\java\org\apache\commons\codec\digest\Crc16Test.java,Crc16Test.java,Crc16Test,testUpdateReset,8,3,void,,false,true,true,true
C:\Users\simon\Documents\Code\thesis-code\commons-codec-master\src\test\java\org\apache\commons\codec\digest\Crc16Test.java,Crc16Test.java,Crc16Test,testUsbDefault,1,2,void,,false,true,true,true
C:\Users\simon\Documents\Code\thesis-code\commons-codec-master\src\test\java\org\apache\commons\codec\digest\CryptTest.java,CryptTest.java,CryptTest,main,2,1,void,public; static,false,false,true,true
C:\Users\simon\Documents\Code\thesis-code\commons-codec-master\src\test\java\org\apache\commons\codec\digest\CryptTest.java,CryptTest.java,CryptTest,startsWith,1,2,void,private,false,false,true,true
C:\Users\simon\Documents\Code\thesis-code\commons-codec-master\src\test\java\org\apache\commons\codec\digest\CryptTest.java,CryptTest.java,CryptTest,testBadSalt,6,0,void,,true,true,true,true
C:\Users\simon\Documents\Code\thesis-code\commons-codec-master\src\test\java\org\apache\commons\codec\digest\CryptTest.java,CryptTest.java,CryptTest,testBadType,3,0,void,,true,true,true,true
C:\Users\simon\Documents\Code\thesis-code\commons-codec-master\src\test\java\org\apache\commons\codec\digest\CryptTest.java,CryptTest.java,CryptTest,testCrypt,1,0,void,,true,true,true,true
C:\Users\simon\Documents\Code\thesis-code\commons-codec-master\src\test\java\org\apache\commons\codec\digest\CryptTest.java,CryptTest.java,CryptTest,testCryptWithBytes,3,0,void,,true,true,true,true
C:\Users\simon\Documents\Code\thesis-code\commons-codec-master\src\test\java\org\apache\commons\codec\digest\CryptTest.java,CryptTest.java,CryptTest,testCryptWithEmptySalt,1,0,void,,true,true,true,true
C:\Users\simon\Documents\Code\thesis-code\commons-codec-master\src\test\java\org\apache\commons\codec\digest\CryptTest.java,CryptTest.java,CryptTest,testDefaultCryptVariant,2,0,void,,true,true,true,true
C:\Users\simon\Documents\Code\thesis-code\commons-codec-master\src\test\java\org\apache\commons\codec\digest\CryptTest.java,CryptTest.java,CryptTest,testSamples,2,0,void,,true,true,true,true
C:\Users\simon\Documents\Code\thesis-code\commons-codec-master\src\test\java\org\apache\commons\codec\digest\CryptTest.java,CryptTest.java,CryptTest,testStored,2,0,void,,true,true,true,true
C:\Users\simon\Documents\Code\thesis-code\commons-codec-master\src\test\java\org\apache\commons\codec\digest\CryptTest.java,CryptTest.java,CryptTest,testType,4,0,void,,true,true,true,true
C:\Users\simon\Documents\Code\thesis-code\commons-codec-master\src\test\java\org\apache\commons\codec\digest\DigestUtilsTest.java,DigestUtilsTest.java,DigestUtilsTest,testShake128_256,1,0,Stream<Arguments>,static,false,true,true,true
C:\Users\simon\Documents\Code\thesis-code\commons-codec-master\src\test\java\org\apache\commons\codec\digest\DigestUtilsTest.java,DigestUtilsTest.java,DigestUtilsTest,testShake256_512,1,0,Stream<Arguments>,static,false,true,true,true
C:\Users\simon\Documents\Code\thesis-code\commons-codec-master\src\test\java\org\apache\commons\codec\digest\DigestUtilsTest.java,DigestUtilsTest.java,DigestUtilsTest,clean,1,1,String,private,false,false,true,true
C:\Users\simon\Documents\Code\thesis-code\commons-codec-master\src\test\java\org\apache\commons\codec\digest\DigestUtilsTest.java,DigestUtilsTest.java,DigestUtilsTest,getTestData,1,0,byte[],,false,false,true,true
C:\Users\simon\Documents\Code\thesis-code\commons-codec-master\src\test\java\org\apache\commons\codec\digest\DigestUtilsTest.java,DigestUtilsTest.java,DigestUtilsTest,getTestPath,1,0,Path,,false,false,true,true
C:\Users\simon\Documents\Code\thesis-code\commons-codec-master\src\test\java\org\apache\commons\codec\digest\DigestUtilsTest.java,DigestUtilsTest.java,DigestUtilsTest,getTestRandomAccessFile,1,0,RandomAccessFile,,false,false,true,true
C:\Users\simon\Documents\Code\thesis-code\commons-codec-master\src\test\java\org\apache\commons\codec\digest\DigestUtilsTest.java,DigestUtilsTest.java,DigestUtilsTest,isJava25Plus,1,0,boolean,private,false,false,true,true
C:\Users\simon\Documents\Code\thesis-code\commons-codec-master\src\test\java\org\apache\commons\codec\digest\DigestUtilsTest.java,DigestUtilsTest.java,DigestUtilsTest,isJava9Plus,1,0,boolean,private,false,false,true,true
C:\Users\simon\Documents\Code\thesis-code\commons-codec-master\src\test\java\org\apache\commons\codec\digest\DigestUtilsTest.java,DigestUtilsTest.java,DigestUtilsTest,setUp,6,0,void,,false,false,true,true
C:\Users\simon\Documents\Code\thesis-code\commons-codec-master\src\test\java\org\apache\commons\codec\digest\DigestUtilsTest.java,DigestUtilsTest.java,DigestUtilsTest,tearDown,3,0,void,,false,false,true,true
C:\Users\simon\Documents\Code\thesis-code\commons-codec-master\src\test\java\org\apache\commons\codec\digest\DigestUtilsTest.java,DigestUtilsTest.java,DigestUtilsTest,testDigestDeprecated,1,0,void,,true,true,true,true
C:\Users\simon\Documents\Code\thesis-code\commons-codec-master\src\test\java\org\apache\commons\codec\digest\DigestUtilsTest.java,DigestUtilsTest.java,DigestUtilsTest,testDigestFileAs,9,0,void,,true,true,true,true
C:\Users\simon\Documents\Code\thesis-code\commons-codec-master\src\test\java\org\apache\commons\codec\digest\DigestUtilsTest.java,DigestUtilsTest.java,DigestUtilsTest,testGetDigests,9,0,void,,true,true,true,true
C:\Users\simon\Documents\Code\thesis-code\commons-codec-master\src\test\java\org\apache\commons\codec\digest\DigestUtilsTest.java,DigestUtilsTest.java,DigestUtilsTest,testGetDigestsJava25,1,0,void,,true,true,true,true
C:\Users\simon\Documents\Code\thesis-code\commons-codec-master\src\test\java\org\apache\commons\codec\digest\DigestUtilsTest.java,DigestUtilsTest.java,DigestUtilsTest,testGetDigestsJava9,1,0,void,,true,true,true,true
C:\Users\simon\Documents\Code\thesis-code\commons-codec-master\src\test\java\org\apache\commons\codec\digest\DigestUtilsTest.java,DigestUtilsTest.java,DigestUtilsTest,testGetMessageDigest,3,0,void,,true,true,true,true
C:\Users\simon\Documents\Code\thesis-code\commons-codec-master\src\test\java\org\apache\commons\codec\digest\DigestUtilsTest.java,DigestUtilsTest.java,DigestUtilsTest,testInternalNoSuchAlgorithmException,1,0,void,,true,true,true,true
C:\Users\simon\Documents\Code\thesis-code\commons-codec-master\src\test\java\org\apache\commons\codec\digest\DigestUtilsTest.java,DigestUtilsTest.java,DigestUtilsTest,testIsAvailable,3,0,void,,true,true,true,true
C:\Users\simon\Documents\Code\thesis-code\commons-codec-master\src\test\java\org\apache\commons\codec\digest\DigestUtilsTest.java,DigestUtilsTest.java,DigestUtilsTest,testMd2Hex,8,0,void,,true,true,true,true
C:\Users\simon\Documents\Code\thesis-code\commons-codec-master\src\test\java\org\apache\commons\codec\digest\DigestUtilsTest.java,DigestUtilsTest.java,DigestUtilsTest,testMd2HexLength,6,0,void,,true,true,true,true
C:\Users\simon\Documents\Code\thesis-code\commons-codec-master\src\test\java\org\apache\commons\codec\digest\DigestUtilsTest.java,DigestUtilsTest.java,DigestUtilsTest,testMd2Length,6,0,void,,true,true,true,true
C:\Users\simon\Documents\Code\thesis-code\commons-codec-master\src\test\java\org\apache\commons\codec\digest\DigestUtilsTest.java,DigestUtilsTest.java,DigestUtilsTest,testMd5Hex,8,0,void,,true,true,true,true
C:\Users\simon\Documents\Code\thesis-code\commons-codec-master\src\test\java\org\apache\commons\codec\digest\DigestUtilsTest.java,DigestUtilsTest.java,DigestUtilsTest,testMd5HexLengthForBytes,6,0,void,,true,true,true,true
C:\Users\simon\Documents\Code\thesis-code\commons-codec-master\src\test\java\org\apache\commons\codec\digest\DigestUtilsTest.java,DigestUtilsTest.java,DigestUtilsTest,testMd5LengthForBytes,6,0,void,,true,true,true,true
C:\Users\simon\Documents\Code\thesis-code\commons-codec-master\src\test\java\org\apache\commons\codec\digest\DigestUtilsTest.java,DigestUtilsTest.java,DigestUtilsTest,testSha1Hex,4,0,void,,true,true,true,true
C:\Users\simon\Documents\Code\thesis-code\commons-codec-master\src\test\java\org\apache\commons\codec\digest\DigestUtilsTest.java,DigestUtilsTest.java,DigestUtilsTest,testSha1UpdateWithByteArray,11,0,void,,true,true,true,true
C:\Users\simon\Documents\Code\thesis-code\commons-codec-master\src\test\java\org\apache\commons\codec\digest\DigestUtilsTest.java,DigestUtilsTest.java,DigestUtilsTest,testSha1UpdateWithByteBuffer,11,0,void,,true,true,true,true
C:\Users\simon\Documents\Code\thesis-code\commons-codec-master\src\test\java\org\apache\commons\codec\digest\DigestUtilsTest.java,DigestUtilsTest.java,DigestUtilsTest,testSha1UpdateWithString,11,0,void,,true,true,true,true
C:\Users\simon\Documents\Code\thesis-code\commons-codec-master\src\test\java\org\apache\commons\codec\digest\DigestUtilsTest.java,DigestUtilsTest.java,DigestUtilsTest,testSha224_FileAsHex,10,0,void,,true,true,true,true
C:\Users\simon\Documents\Code\thesis-code\commons-codec-master\src\test\java\org\apache\commons\codec\digest\DigestUtilsTest.java,DigestUtilsTest.java,DigestUtilsTest,testSha224_PathAsHex,1,0,void,,true,true,true,true
C:\Users\simon\Documents\Code\thesis-code\commons-codec-master\src\test\java\org\apache\commons\codec\digest\DigestUtilsTest.java,DigestUtilsTest.java,DigestUtilsTest,testSha224_StringAsHex,2,0,void,,true,true,true,true
C:\Users\simon\Documents\Code\thesis-code\commons-codec-master\src\test\java\org\apache\commons\codec\digest\DigestUtilsTest.java,DigestUtilsTest.java,DigestUtilsTest,testSha256,4,0,void,,true,true,true,true
C:\Users\simon\Documents\Code\thesis-code\commons-codec-master\src\test\java\org\apache\commons\codec\digest\DigestUtilsTest.java,DigestUtilsTest.java,DigestUtilsTest,testSha256HexInputStream,1,0,void,,true,true,true,true
C:\Users\simon\Documents\Code\thesis-code\commons-codec-master\src\test\java\org\apache\commons\codec\digest\DigestUtilsTest.java,DigestUtilsTest.java,DigestUtilsTest,testSha3_224,1,0,void,,true,true,true,true
C:\Users\simon\Documents\Code\thesis-code\commons-codec-master\src\test\java\org\apache\commons\codec\digest\DigestUtilsTest.java,DigestUtilsTest.java,DigestUtilsTest,testSha3_224HexInputStream,1,0,void,,true,true,true,true
C:\Users\simon\Documents\Code\thesis-code\commons-codec-master\src\test\java\org\apache\commons\codec\digest\DigestUtilsTest.java,DigestUtilsTest.java,DigestUtilsTest,testSha3_256,1,0,void,,true,true,true,true
C:\Users\simon\Documents\Code\thesis-code\commons-codec-master\src\test\java\org\apache\commons\codec\digest\DigestUtilsTest.java,DigestUtilsTest.java,DigestUtilsTest,testSha3_256HexInputStream,1,0,void,,true,true,true,true
C:\Users\simon\Documents\Code\thesis-code\commons-codec-master\src\test\java\org\apache\commons\codec\digest\DigestUtilsTest.java,DigestUtilsTest.java,DigestUtilsTest,testSha3_384,1,0,void,,true,true,true,true
C:\Users\simon\Documents\Code\thesis-code\commons-codec-master\src\test\java\org\apache\commons\codec\digest\DigestUtilsTest.java,DigestUtilsTest.java,DigestUtilsTest,testSha3_384HexInputStream,1,0,void,,true,true,true,true
C:\Users\simon\Documents\Code\thesis-code\commons-codec-master\src\test\java\org\apache\commons\codec\digest\DigestUtilsTest.java,DigestUtilsTest.java,DigestUtilsTest,testSha3_512,1,0,void,,true,true,true,true
C:\Users\simon\Documents\Code\thesis-code\commons-codec-master\src\test\java\org\apache\commons\codec\digest\DigestUtilsTest.java,DigestUtilsTest.java,DigestUtilsTest,testSha3_512HexInputStream,1,0,void,,true,true,true,true
C:\Users\simon\Documents\Code\thesis-code\commons-codec-master\src\test\java\org\apache\commons\codec\digest\DigestUtilsTest.java,DigestUtilsTest.java,DigestUtilsTest,testSha384,4,0,void,,true,true,true,true
C:\Users\simon\Documents\Code\thesis-code\commons-codec-master\src\test\java\org\apache\commons\codec\digest\DigestUtilsTest.java,DigestUtilsTest.java,DigestUtilsTest,testSha384HexInputStream,1,0,void,,true,true,true,true
C:\Users\simon\Documents\Code\thesis-code\commons-codec-master\src\test\java\org\apache\commons\codec\digest\DigestUtilsTest.java,DigestUtilsTest.java,DigestUtilsTest,testSha512,3,0,void,,true,true,true,true
C:\Users\simon\Documents\Code\thesis-code\commons-codec-master\src\test\java\org\apache\commons\codec\digest\DigestUtilsTest.java,DigestUtilsTest.java,DigestUtilsTest,testSha512_224,11,0,void,,true,true,true,true
C:\Users\simon\Documents\Code\thesis-code\commons-codec-master\src\test\java\org\apache\commons\codec\digest\DigestUtilsTest.java,DigestUtilsTest.java,DigestUtilsTest,testSha512_256,11,0,void,,true,true,true,true
C:\Users\simon\Documents\Code\thesis-code\commons-codec-master\src\test\java\org\apache\commons\codec\digest\DigestUtilsTest.java,DigestUtilsTest.java,DigestUtilsTest,testSha512HexInputStream,1,0,void,,true,true,true,true
C:\Users\simon\Documents\Code\thesis-code\commons-codec-master\src\test\java\org\apache\commons\codec\digest\DigestUtilsTest.java,DigestUtilsTest.java,DigestUtilsTest,testShaHex,4,0,void,,true,true,true,true
C:\Users\simon\Documents\Code\thesis-code\commons-codec-master\src\test\java\org\apache\commons\codec\digest\DigestUtilsTest.java,DigestUtilsTest.java,DigestUtilsTest,testShake128_256,7,3,void,,false,true,true,true
C:\Users\simon\Documents\Code\thesis-code\commons-codec-master\src\test\java\org\apache\commons\codec\digest\DigestUtilsTest.java,DigestUtilsTest.java,DigestUtilsTest,testShake128_256_String,1,0,void,,true,true,true,true
C:\Users\simon\Documents\Code\thesis-code\commons-codec-master\src\test\java\org\apache\commons\codec\digest\DigestUtilsTest.java,DigestUtilsTest.java,DigestUtilsTest,testShake256_512,7,3,void,,false,true,true,true
C:\Users\simon\Documents\Code\thesis-code\commons-codec-master\src\test\java\org\apache\commons\codec\digest\DigestUtilsTest.java,DigestUtilsTest.java,DigestUtilsTest,testShake256_512_String,1,0,void,,true,true,true,true
C:\Users\simon\Documents\Code\thesis-code\commons-codec-master\src\test\java\org\apache\commons\codec\digest\DigestUtilsTest.java,DigestUtilsTest.java,DigestUtilsTest,testShaUpdateWithByteArray,11,0,void,,true,true,true,true
C:\Users\simon\Documents\Code\thesis-code\commons-codec-master\src\test\java\org\apache\commons\codec\digest\DigestUtilsTest.java,DigestUtilsTest.java,DigestUtilsTest,testShaUpdateWithString,11,0,void,,true,true,true,true
C:\Users\simon\Documents\Code\thesis-code\commons-codec-master\src\test\java\org\apache\commons\codec\digest\HmacAlgorithmsTest.java,HmacAlgorithmsTest.java,HmacAlgorithmsTest,data,3,0,Stream<Arguments>,public; static,false,false,true,true
C:\Users\simon\Documents\Code\thesis-code\commons-codec-master\src\test\java\org\apache\commons\codec\digest\HmacAlgorithmsTest.java,HmacAlgorithmsTest.java,HmacAlgorithmsTest,init,2,0,void,public; static,false,false,true,true
C:\Users\simon\Documents\Code\thesis-code\commons-codec-master\src\test\java\org\apache\commons\codec\digest\HmacAlgorithmsTest.java,HmacAlgorithmsTest.java,HmacAlgorithmsTest,setUp,2,0,void,public,false,false,true,true
C:\Users\simon\Documents\Code\thesis-code\commons-codec-master\src\test\java\org\apache\commons\codec\digest\HmacAlgorithmsTest.java,HmacAlgorithmsTest.java,HmacAlgorithmsTest,tearDown,2,0,void,public,false,false,true,true
C:\Users\simon\Documents\Code\thesis-code\commons-codec-master\src\test\java\org\apache\commons\codec\digest\HmacAlgorithmsTest.java,HmacAlgorithmsTest.java,HmacAlgorithmsTest,testAlgorithm,6,3,void,,false,true,true,true
C:\Users\simon\Documents\Code\thesis-code\commons-codec-master\src\test\java\org\apache\commons\codec\digest\HmacAlgorithmsTest.java,HmacAlgorithmsTest.java,HmacAlgorithmsTest,testGetHmacEmptyKey,2,3,void,,false,true,true,true
C:\Users\simon\Documents\Code\thesis-code\commons-codec-master\src\test\java\org\apache\commons\codec\digest\HmacAlgorithmsTest.java,HmacAlgorithmsTest.java,HmacAlgorithmsTest,testGetHmacNullKey,2,3,void,,false,true,true,true
C:\Users\simon\Documents\Code\thesis-code\commons-codec-master\src\test\java\org\apache\commons\codec\digest\HmacAlgorithmsTest.java,HmacAlgorithmsTest.java,HmacAlgorithmsTest,testHmacFailByteArray,2,3,void,,false,true,true,true
C:\Users\simon\Documents\Code\thesis-code\commons-codec-master\src\test\java\org\apache\commons\codec\digest\HmacAlgorithmsTest.java,HmacAlgorithmsTest.java,HmacAlgorithmsTest,testHmacFailInputStream,2,3,void,,false,true,true,true
C:\Users\simon\Documents\Code\thesis-code\commons-codec-master\src\test\java\org\apache\commons\codec\digest\HmacAlgorithmsTest.java,HmacAlgorithmsTest.java,HmacAlgorithmsTest,testHmacFailString,2,3,void,,false,true,true,true
C:\Users\simon\Documents\Code\thesis-code\commons-codec-master\src\test\java\org\apache\commons\codec\digest\HmacAlgorithmsTest.java,HmacAlgorithmsTest.java,HmacAlgorithmsTest,testHmacHexFailByteArray,2,3,void,,false,true,true,true
C:\Users\simon\Documents\Code\thesis-code\commons-codec-master\src\test\java\org\apache\commons\codec\digest\HmacAlgorithmsTest.java,HmacAlgorithmsTest.java,HmacAlgorithmsTest,testHmacHexFailInputStream,2,3,void,,false,true,true,true
C:\Users\simon\Documents\Code\thesis-code\commons-codec-master\src\test\java\org\apache\commons\codec\digest\HmacAlgorithmsTest.java,HmacAlgorithmsTest.java,HmacAlgorithmsTest,testHmacHexFailString,2,3,void,,false,true,true,true
C:\Users\simon\Documents\Code\thesis-code\commons-codec-master\src\test\java\org\apache\commons\codec\digest\HmacAlgorithmsTest.java,HmacAlgorithmsTest.java,HmacAlgorithmsTest,testInitializedMac,5,3,void,,false,true,true,true
C:\Users\simon\Documents\Code\thesis-code\commons-codec-master\src\test\java\org\apache\commons\codec\digest\HmacAlgorithmsTest.java,HmacAlgorithmsTest.java,HmacAlgorithmsTest,testMacByteArray,2,3,void,,false,true,true,true
C:\Users\simon\Documents\Code\thesis-code\commons-codec-master\src\test\java\org\apache\commons\codec\digest\HmacAlgorithmsTest.java,HmacAlgorithmsTest.java,HmacAlgorithmsTest,testMacHexByteArray,2,3,void,,false,true,true,true
C:\Users\simon\Documents\Code\thesis-code\commons-codec-master\src\test\java\org\apache\commons\codec\digest\HmacAlgorithmsTest.java,HmacAlgorithmsTest.java,HmacAlgorithmsTest,testMacHexFile,2,3,void,,false,true,true,true
C:\Users\simon\Documents\Code\thesis-code\commons-codec-master\src\test\java\org\apache\commons\codec\digest\HmacAlgorithmsTest.java,HmacAlgorithmsTest.java,HmacAlgorithmsTest,testMacHexInputStream,2,3,void,,false,true,true,true
C:\Users\simon\Documents\Code\thesis-code\commons-codec-master\src\test\java\org\apache\commons\codec\digest\HmacAlgorithmsTest.java,HmacAlgorithmsTest.java,HmacAlgorithmsTest,testMacHexPath,2,3,void,,false,true,true,true
C:\Users\simon\Documents\Code\thesis-code\commons-codec-master\src\test\java\org\apache\commons\codec\digest\HmacAlgorithmsTest.java,HmacAlgorithmsTest.java,HmacAlgorithmsTest,testMacHexString,2,3,void,,false,true,true,true
C:\Users\simon\Documents\Code\thesis-code\commons-codec-master\src\test\java\org\apache\commons\codec\digest\HmacAlgorithmsTest.java,HmacAlgorithmsTest.java,HmacAlgorithmsTest,testMacInputStream,2,3,void,,false,true,true,true
C:\Users\simon\Documents\Code\thesis-code\commons-codec-master\src\test\java\org\apache\commons\codec\digest\HmacAlgorithmsTest.java,HmacAlgorithmsTest.java,HmacAlgorithmsTest,testMacString,2,3,void,,false,true,true,true
C:\Users\simon\Documents\Code\thesis-code\commons-codec-master\src\test\java\org\apache\commons\codec\digest\HmacUtilsTest.java,HmacUtilsTest.java,HmacUtilsTest,testEmptyKey,1,0,void,,true,true,true,true
C:\Users\simon\Documents\Code\thesis-code\commons-codec-master\src\test\java\org\apache\commons\codec\digest\HmacUtilsTest.java,HmacUtilsTest.java,HmacUtilsTest,testGetHMac,5,0,void,,true,true,true,true
C:\Users\simon\Documents\Code\thesis-code\commons-codec-master\src\test\java\org\apache\commons\codec\digest\HmacUtilsTest.java,HmacUtilsTest.java,HmacUtilsTest,testHmacMd5Hex,3,0,void,,true,true,true,true
C:\Users\simon\Documents\Code\thesis-code\commons-codec-master\src\test\java\org\apache\commons\codec\digest\HmacUtilsTest.java,HmacUtilsTest.java,HmacUtilsTest,testHmacSha1Hex,4,0,void,,true,true,true,true
C:\Users\simon\Documents\Code\thesis-code\commons-codec-master\src\test\java\org\apache\commons\codec\digest\HmacUtilsTest.java,HmacUtilsTest.java,HmacUtilsTest,testHmacSha1UpdateWithByteArray,5,0,void,,true,true,true,true
C:\Users\simon\Documents\Code\thesis-code\commons-codec-master\src\test\java\org\apache\commons\codec\digest\HmacUtilsTest.java,HmacUtilsTest.java,HmacUtilsTest,testHmacSha1UpdateWithInputStream,5,0,void,,true,true,true,true
C:\Users\simon\Documents\Code\thesis-code\commons-codec-master\src\test\java\org\apache\commons\codec\digest\HmacUtilsTest.java,HmacUtilsTest.java,HmacUtilsTest,testHmacSha1UpdateWithString,5,0,void,,true,true,true,true
C:\Users\simon\Documents\Code\thesis-code\commons-codec-master\src\test\java\org\apache\commons\codec\digest\HmacUtilsTest.java,HmacUtilsTest.java,HmacUtilsTest,testInitializedMac,4,0,void,,true,true,true,true
C:\Users\simon\Documents\Code\thesis-code\commons-codec-master\src\test\java\org\apache\commons\codec\digest\HmacUtilsTest.java,HmacUtilsTest.java,HmacUtilsTest,testInitializedMacNullAlgo,1,0,void,,true,true,true,true
C:\Users\simon\Documents\Code\thesis-code\commons-codec-master\src\test\java\org\apache\commons\codec\digest\HmacUtilsTest.java,HmacUtilsTest.java,HmacUtilsTest,testInitializedMacNullKey,1,0,void,,true,true,true,true
C:\Users\simon\Documents\Code\thesis-code\commons-codec-master\src\test\java\org\apache\commons\codec\digest\HmacUtilsTest.java,HmacUtilsTest.java,HmacUtilsTest,testInternalNoSuchAlgorithmException,1,0,void,,true,true,true,true
C:\Users\simon\Documents\Code\thesis-code\commons-codec-master\src\test\java\org\apache\commons\codec\digest\HmacUtilsTest.java,HmacUtilsTest.java,HmacUtilsTest,testMd5HMac,6,0,void,,true,true,true,true
C:\Users\simon\Documents\Code\thesis-code\commons-codec-master\src\test\java\org\apache\commons\codec\digest\HmacUtilsTest.java,HmacUtilsTest.java,HmacUtilsTest,testMd5HMacFail,1,0,void,,true,true,true,true
C:\Users\simon\Documents\Code\thesis-code\commons-codec-master\src\test\java\org\apache\commons\codec\digest\HmacUtilsTest.java,HmacUtilsTest.java,HmacUtilsTest,testNullKey,1,0,void,,true,true,true,true
C:\Users\simon\Documents\Code\thesis-code\commons-codec-master\src\test\java\org\apache\commons\codec\digest\HmacUtilsTest.java,HmacUtilsTest.java,HmacUtilsTest,testSecretKeySpecAllowsEmptyKeys,1,0,void,,true,true,true,true
C:\Users\simon\Documents\Code\thesis-code\commons-codec-master\src\test\java\org\apache\commons\codec\digest\HmacUtilsTest.java,HmacUtilsTest.java,HmacUtilsTest,testSha1HMac,6,0,void,,true,true,true,true
C:\Users\simon\Documents\Code\thesis-code\commons-codec-master\src\test\java\org\apache\commons\codec\digest\HmacUtilsTest.java,HmacUtilsTest.java,HmacUtilsTest,testSha1HMacFail,1,0,void,,true,true,true,true
C:\Users\simon\Documents\Code\thesis-code\commons-codec-master\src\test\java\org\apache\commons\codec\digest\HmacUtilsTest.java,HmacUtilsTest.java,HmacUtilsTest,testSha256HMac,6,0,void,,true,true,true,true
C:\Users\simon\Documents\Code\thesis-code\commons-codec-master\src\test\java\org\apache\commons\codec\digest\HmacUtilsTest.java,HmacUtilsTest.java,HmacUtilsTest,testSha256HMacFail,1,0,void,,true,true,true,true
C:\Users\simon\Documents\Code\thesis-code\commons-codec-master\src\test\java\org\apache\commons\codec\digest\HmacUtilsTest.java,HmacUtilsTest.java,HmacUtilsTest,testSha384HMac,6,0,void,,true,true,true,true
C:\Users\simon\Documents\Code\thesis-code\commons-codec-master\src\test\java\org\apache\commons\codec\digest\HmacUtilsTest.java,HmacUtilsTest.java,HmacUtilsTest,testSha384HMacFail,1,0,void,,true,true,true,true
C:\Users\simon\Documents\Code\thesis-code\commons-codec-master\src\test\java\org\apache\commons\codec\digest\HmacUtilsTest.java,HmacUtilsTest.java,HmacUtilsTest,testSha512HMac,6,0,void,,true,true,true,true
C:\Users\simon\Documents\Code\thesis-code\commons-codec-master\src\test\java\org\apache\commons\codec\digest\HmacUtilsTest.java,HmacUtilsTest.java,HmacUtilsTest,testSha512HMacFail,1,0,void,,true,true,true,true
C:\Users\simon\Documents\Code\thesis-code\commons-codec-master\src\test\java\org\apache\commons\codec\digest\Md5CryptTest.java,Md5CryptTest.java,Md5CryptTest,testCtor,1,0,void,,true,true,true,true
C:\Users\simon\Documents\Code\thesis-code\commons-codec-master\src\test\java\org\apache\commons\codec\digest\Md5CryptTest.java,Md5CryptTest.java,Md5CryptTest,testInvalidPrefix,3,0,void,,true,true,true,true
C:\Users\simon\Documents\Code\thesis-code\commons-codec-master\src\test\java\org\apache\commons\codec\digest\Md5CryptTest.java,Md5CryptTest.java,Md5CryptTest,testMd5CryptBytes,3,0,void,,true,true,true,true
C:\Users\simon\Documents\Code\thesis-code\commons-codec-master\src\test\java\org\apache\commons\codec\digest\Md5CryptTest.java,Md5CryptTest.java,Md5CryptTest,testMd5CryptExplicitCall,2,0,void,,true,true,true,true
C:\Users\simon\Documents\Code\thesis-code\commons-codec-master\src\test\java\org\apache\commons\codec\digest\Md5CryptTest.java,Md5CryptTest.java,Md5CryptTest,testMd5CryptExplicitCallWithThreadLocalRandom,3,0,void,,true,true,true,true
C:\Users\simon\Documents\Code\thesis-code\commons-codec-master\src\test\java\org\apache\commons\codec\digest\Md5CryptTest.java,Md5CryptTest.java,Md5CryptTest,testMd5CryptLongInput,1,0,void,,true,true,true,true
C:\Users\simon\Documents\Code\thesis-code\commons-codec-master\src\test\java\org\apache\commons\codec\digest\Md5CryptTest.java,Md5CryptTest.java,Md5CryptTest,testMd5CryptNullData,1,0,void,,true,true,true,true
C:\Users\simon\Documents\Code\thesis-code\commons-codec-master\src\test\java\org\apache\commons\codec\digest\Md5CryptTest.java,Md5CryptTest.java,Md5CryptTest,testMd5CryptStrings,6,0,void,,true,true,true,true
C:\Users\simon\Documents\Code\thesis-code\commons-codec-master\src\test\java\org\apache\commons\codec\digest\Md5CryptTest.java,Md5CryptTest.java,Md5CryptTest,testMd5CryptWithEmptySalt,1,0,void,,true,true,true,true
C:\Users\simon\Documents\Code\thesis-code\commons-codec-master\src\test\java\org\apache\commons\codec\digest\Md5CryptTest.java,Md5CryptTest.java,Md5CryptTest,testZeroOutInput,4,0,void,,true,true,true,true
C:\Users\simon\Documents\Code\thesis-code\commons-codec-master\src\test\java\org\apache\commons\codec\digest\MessageDigestAlgorithmsTest.java,MessageDigestAlgorithmsTest.java,MessageDigestAlgorithmsTest,checkValues,6,0,void,public; static,false,false,true,true
C:\Users\simon\Documents\Code\thesis-code\commons-codec-master\src\test\java\org\apache\commons\codec\digest\MessageDigestAlgorithmsTest.java,MessageDigestAlgorithmsTest.java,MessageDigestAlgorithmsTest,contains,2,1,boolean,private; static,false,false,true,true
C:\Users\simon\Documents\Code\thesis-code\commons-codec-master\src\test\java\org\apache\commons\codec\digest\MessageDigestAlgorithmsTest.java,MessageDigestAlgorithmsTest.java,MessageDigestAlgorithmsTest,data,1,0,String[],public; static,false,false,true,true
C:\Users\simon\Documents\Code\thesis-code\commons-codec-master\src\test\java\org\apache\commons\codec\digest\MessageDigestAlgorithmsTest.java,MessageDigestAlgorithmsTest.java,MessageDigestAlgorithmsTest,digestTestData,1,1,byte[],private,false,false,true,true
C:\Users\simon\Documents\Code\thesis-code\commons-codec-master\src\test\java\org\apache\commons\codec\digest\MessageDigestAlgorithmsTest.java,MessageDigestAlgorithmsTest.java,MessageDigestAlgorithmsTest,getTestData,1,0,byte[],private,false,false,true,true
C:\Users\simon\Documents\Code\thesis-code\commons-codec-master\src\test\java\org\apache\commons\codec\digest\MessageDigestAlgorithmsTest.java,MessageDigestAlgorithmsTest.java,MessageDigestAlgorithmsTest,getTestFile,1,0,File,private,false,false,true,true
C:\Users\simon\Documents\Code\thesis-code\commons-codec-master\src\test\java\org\apache\commons\codec\digest\MessageDigestAlgorithmsTest.java,MessageDigestAlgorithmsTest.java,MessageDigestAlgorithmsTest,getTestPath,1,0,Path,private,false,false,true,true
C:\Users\simon\Documents\Code\thesis-code\commons-codec-master\src\test\java\org\apache\commons\codec\digest\MessageDigestAlgorithmsTest.java,MessageDigestAlgorithmsTest.java,MessageDigestAlgorithmsTest,getTestRandomAccessFile,1,0,RandomAccessFile,private,false,false,true,true
C:\Users\simon\Documents\Code\thesis-code\commons-codec-master\src\test\java\org\apache\commons\codec\digest\MessageDigestAlgorithmsTest.java,MessageDigestAlgorithmsTest.java,MessageDigestAlgorithmsTest,setUp,2,0,void,public,false,false,true,true
C:\Users\simon\Documents\Code\thesis-code\commons-codec-master\src\test\java\org\apache\commons\codec\digest\MessageDigestAlgorithmsTest.java,MessageDigestAlgorithmsTest.java,MessageDigestAlgorithmsTest,tearDown,2,0,void,public,false,false,true,true
C:\Users\simon\Documents\Code\thesis-code\commons-codec-master\src\test\java\org\apache\commons\codec\digest\MessageDigestAlgorithmsTest.java,MessageDigestAlgorithmsTest.java,MessageDigestAlgorithmsTest,testAlgorithm,5,1,void,,false,true,true,true
C:\Users\simon\Documents\Code\thesis-code\commons-codec-master\src\test\java\org\apache\commons\codec\digest\MessageDigestAlgorithmsTest.java,MessageDigestAlgorithmsTest.java,MessageDigestAlgorithmsTest,testDigestByteArray,3,1,void,,false,true,true,true
C:\Users\simon\Documents\Code\thesis-code\commons-codec-master\src\test\java\org\apache\commons\codec\digest\MessageDigestAlgorithmsTest.java,MessageDigestAlgorithmsTest.java,MessageDigestAlgorithmsTest,testDigestByteBuffer,3,1,void,,false,true,true,true
C:\Users\simon\Documents\Code\thesis-code\commons-codec-master\src\test\java\org\apache\commons\codec\digest\MessageDigestAlgorithmsTest.java,MessageDigestAlgorithmsTest.java,MessageDigestAlgorithmsTest,testDigestFile,3,1,void,,false,true,true,true
C:\Users\simon\Documents\Code\thesis-code\commons-codec-master\src\test\java\org\apache\commons\codec\digest\MessageDigestAlgorithmsTest.java,MessageDigestAlgorithmsTest.java,MessageDigestAlgorithmsTest,testDigestInputStream,3,1,void,,false,true,true,true
C:\Users\simon\Documents\Code\thesis-code\commons-codec-master\src\test\java\org\apache\commons\codec\digest\MessageDigestAlgorithmsTest.java,MessageDigestAlgorithmsTest.java,MessageDigestAlgorithmsTest,testDigestPath,3,2,void,private,false,true,true,true
C:\Users\simon\Documents\Code\thesis-code\commons-codec-master\src\test\java\org\apache\commons\codec\digest\MessageDigestAlgorithmsTest.java,MessageDigestAlgorithmsTest.java,MessageDigestAlgorithmsTest,testDigestPathOpenOptionsEmpty,1,1,void,,false,true,true,true
C:\Users\simon\Documents\Code\thesis-code\commons-codec-master\src\test\java\org\apache\commons\codec\digest\MessageDigestAlgorithmsTest.java,MessageDigestAlgorithmsTest.java,MessageDigestAlgorithmsTest,testDigestPathStandardOpenOptionRead,1,1,void,,false,true,true,true
C:\Users\simon\Documents\Code\thesis-code\commons-codec-master\src\test\java\org\apache\commons\codec\digest\MessageDigestAlgorithmsTest.java,MessageDigestAlgorithmsTest.java,MessageDigestAlgorithmsTest,testGetMessageDigest,3,1,void,,false,true,true,true
C:\Users\simon\Documents\Code\thesis-code\commons-codec-master\src\test\java\org\apache\commons\codec\digest\MessageDigestAlgorithmsTest.java,MessageDigestAlgorithmsTest.java,MessageDigestAlgorithmsTest,testNonBlockingDigestRandomAccessFile,6,1,void,,false,true,true,true
C:\Users\simon\Documents\Code\thesis-code\commons-codec-master\src\test\java\org\apache\commons\codec\digest\MurmurHash2Test.java,MurmurHash2Test.java,MurmurHash2Test,testHash32ByteArrayInt,1,0,void,,true,true,true,true
C:\Users\simon\Documents\Code\thesis-code\commons-codec-master\src\test\java\org\apache\commons\codec\digest\MurmurHash2Test.java,MurmurHash2Test.java,MurmurHash2Test,testHash32ByteArrayIntInt,1,0,void,,true,true,true,true
C:\Users\simon\Documents\Code\thesis-code\commons-codec-master\src\test\java\org\apache\commons\codec\digest\MurmurHash2Test.java,MurmurHash2Test.java,MurmurHash2Test,testHash32String,2,0,void,,true,true,true,true
C:\Users\simon\Documents\Code\thesis-code\commons-codec-master\src\test\java\org\apache\commons\codec\digest\MurmurHash2Test.java,MurmurHash2Test.java,MurmurHash2Test,testHash32StringIntInt,2,0,void,,true,true,true,true
C:\Users\simon\Documents\Code\thesis-code\commons-codec-master\src\test\java\org\apache\commons\codec\digest\MurmurHash2Test.java,MurmurHash2Test.java,MurmurHash2Test,testHash64ByteArrayInt,1,0,void,,true,true,true,true
C:\Users\simon\Documents\Code\thesis-code\commons-codec-master\src\test\java\org\apache\commons\codec\digest\MurmurHash2Test.java,MurmurHash2Test.java,MurmurHash2Test,testHash64ByteArrayIntInt,1,0,void,,true,true,true,true
C:\Users\simon\Documents\Code\thesis-code\commons-codec-master\src\test\java\org\apache\commons\codec\digest\MurmurHash2Test.java,MurmurHash2Test.java,MurmurHash2Test,testHash64String,2,0,void,,true,true,true,true
C:\Users\simon\Documents\Code\thesis-code\commons-codec-master\src\test\java\org\apache\commons\codec\digest\MurmurHash2Test.java,MurmurHash2Test.java,MurmurHash2Test,testHash64StringIntInt,2,0,void,,true,true,true,true
C:\Users\simon\Documents\Code\thesis-code\commons-codec-master\src\test\java\org\apache\commons\codec\digest\MurmurHash3Test.java,MurmurHash3Test.java,MurmurHash3Test,assertIncrementalHash32,5,3,void,private; static,false,false,true,true
C:\Users\simon\Documents\Code\thesis-code\commons-codec-master\src\test\java\org\apache\commons\codec\digest\MurmurHash3Test.java,MurmurHash3Test.java,MurmurHash3Test,assertIncrementalHash32x86,5,3,void,private; static,false,false,true,true
C:\Users\simon\Documents\Code\thesis-code\commons-codec-master\src\test\java\org\apache\commons\codec\digest\MurmurHash3Test.java,MurmurHash3Test.java,MurmurHash3Test,createLongTestData,7,0,long[],private; static,false,false,true,true
C:\Users\simon\Documents\Code\thesis-code\commons-codec-master\src\test\java\org\apache\commons\codec\digest\MurmurHash3Test.java,MurmurHash3Test.java,MurmurHash3Test,createRandomBlocks,5,1,int[],private; static,false,false,true,true
C:\Users\simon\Documents\Code\thesis-code\commons-codec-master\src\test\java\org\apache\commons\codec\digest\MurmurHash3Test.java,MurmurHash3Test.java,MurmurHash3Test,negativeBytes,2,3,boolean,private; static,false,false,true,true
C:\Users\simon\Documents\Code\thesis-code\commons-codec-master\src\test\java\org\apache\commons\codec\digest\MurmurHash3Test.java,MurmurHash3Test.java,MurmurHash3Test,testHash128,3,0,void,,true,true,true,true
C:\Users\simon\Documents\Code\thesis-code\commons-codec-master\src\test\java\org\apache\commons\codec\digest\MurmurHash3Test.java,MurmurHash3Test.java,MurmurHash3Test,testHash128String,6,0,void,,true,true,true,true
C:\Users\simon\Documents\Code\thesis-code\commons-codec-master\src\test\java\org\apache\commons\codec\digest\MurmurHash3Test.java,MurmurHash3Test.java,MurmurHash3Test,testHash128WithOffsetLengthAndNegativeSeed,4,0,void,,true,true,true,true
C:\Users\simon\Documents\Code\thesis-code\commons-codec-master\src\test\java\org\apache\commons\codec\digest\MurmurHash3Test.java,MurmurHash3Test.java,MurmurHash3Test,testHash128WithOffsetLengthAndSeed,4,0,void,,true,true,true,true
C:\Users\simon\Documents\Code\thesis-code\commons-codec-master\src\test\java\org\apache\commons\codec\digest\MurmurHash3Test.java,MurmurHash3Test.java,MurmurHash3Test,testHash128x64,3,0,void,,true,true,true,true
C:\Users\simon\Documents\Code\thesis-code\commons-codec-master\src\test\java\org\apache\commons\codec\digest\MurmurHash3Test.java,MurmurHash3Test.java,MurmurHash3Test,testHash128x64WithOffsetLengthAndNegativeSeed,4,0,void,,true,true,true,true
C:\Users\simon\Documents\Code\thesis-code\commons-codec-master\src\test\java\org\apache\commons\codec\digest\MurmurHash3Test.java,MurmurHash3Test.java,MurmurHash3Test,testHash128x64WithOffsetLengthAndSeed,4,0,void,,true,true,true,true
C:\Users\simon\Documents\Code\thesis-code\commons-codec-master\src\test\java\org\apache\commons\codec\digest\MurmurHash3Test.java,MurmurHash3Test.java,MurmurHash3Test,testHash32,3,0,void,,true,true,true,true
C:\Users\simon\Documents\Code\thesis-code\commons-codec-master\src\test\java\org\apache\commons\codec\digest\MurmurHash3Test.java,MurmurHash3Test.java,MurmurHash3Test,testHash32Long,7,0,void,,true,true,true,true
C:\Users\simon\Documents\Code\thesis-code\commons-codec-master\src\test\java\org\apache\commons\codec\digest\MurmurHash3Test.java,MurmurHash3Test.java,MurmurHash3Test,testHash32LongLong,7,0,void,,true,true,true,true
C:\Users\simon\Documents\Code\thesis-code\commons-codec-master\src\test\java\org\apache\commons\codec\digest\MurmurHash3Test.java,MurmurHash3Test.java,MurmurHash3Test,testHash32LongLongSeed,7,0,void,,true,true,true,true
C:\Users\simon\Documents\Code\thesis-code\commons-codec-master\src\test\java\org\apache\commons\codec\digest\MurmurHash3Test.java,MurmurHash3Test.java,MurmurHash3Test,testHash32LongSeed,7,0,void,,true,true,true,true
C:\Users\simon\Documents\Code\thesis-code\commons-codec-master\src\test\java\org\apache\commons\codec\digest\MurmurHash3Test.java,MurmurHash3Test.java,MurmurHash3Test,testHash32String,6,0,void,,true,true,true,true
C:\Users\simon\Documents\Code\thesis-code\commons-codec-master\src\test\java\org\apache\commons\codec\digest\MurmurHash3Test.java,MurmurHash3Test.java,MurmurHash3Test,testHash32WithLength,3,0,void,,true,true,true,true
C:\Users\simon\Documents\Code\thesis-code\commons-codec-master\src\test\java\org\apache\commons\codec\digest\MurmurHash3Test.java,MurmurHash3Test.java,MurmurHash3Test,testHash32WithLengthAndSeed,4,0,void,,true,true,true,true
C:\Users\simon\Documents\Code\thesis-code\commons-codec-master\src\test\java\org\apache\commons\codec\digest\MurmurHash3Test.java,MurmurHash3Test.java,MurmurHash3Test,testHash32WithOffsetLengthAndSeed,4,0,void,,true,true,true,true
C:\Users\simon\Documents\Code\thesis-code\commons-codec-master\src\test\java\org\apache\commons\codec\digest\MurmurHash3Test.java,MurmurHash3Test.java,MurmurHash3Test,testHash32WithTrailingNegativeSignedBytesIsInvalid,6,0,void,,true,true,true,true
C:\Users\simon\Documents\Code\thesis-code\commons-codec-master\src\test\java\org\apache\commons\codec\digest\MurmurHash3Test.java,MurmurHash3Test.java,MurmurHash3Test,testHash32x86,3,0,void,,true,true,true,true
C:\Users\simon\Documents\Code\thesis-code\commons-codec-master\src\test\java\org\apache\commons\codec\digest\MurmurHash3Test.java,MurmurHash3Test.java,MurmurHash3Test,testHash32x86WithOffsetLengthAndSeed,4,0,void,,true,true,true,true
C:\Users\simon\Documents\Code\thesis-code\commons-codec-master\src\test\java\org\apache\commons\codec\digest\MurmurHash3Test.java,MurmurHash3Test.java,MurmurHash3Test,testHash32x86WithTrailingNegativeSignedBytes,6,0,void,,true,true,true,true
C:\Users\simon\Documents\Code\thesis-code\commons-codec-master\src\test\java\org\apache\commons\codec\digest\MurmurHash3Test.java,MurmurHash3Test.java,MurmurHash3Test,testHash64,3,0,void,,true,true,true,true
C:\Users\simon\Documents\Code\thesis-code\commons-codec-master\src\test\java\org\apache\commons\codec\digest\MurmurHash3Test.java,MurmurHash3Test.java,MurmurHash3Test,testHash64InNotEqualToHash128,1,0,void,,true,true,true,true
C:\Users\simon\Documents\Code\thesis-code\commons-codec-master\src\test\java\org\apache\commons\codec\digest\MurmurHash3Test.java,MurmurHash3Test.java,MurmurHash3Test,testHash64WithOffsetAndLength,6,0,void,,true,true,true,true
C:\Users\simon\Documents\Code\thesis-code\commons-codec-master\src\test\java\org\apache\commons\codec\digest\MurmurHash3Test.java,MurmurHash3Test.java,MurmurHash3Test,testHash64WithPrimitives,10,0,void,,true,true,true,true
C:\Users\simon\Documents\Code\thesis-code\commons-codec-master\src\test\java\org\apache\commons\codec\digest\MurmurHash3Test.java,MurmurHash3Test.java,MurmurHash3Test,testIncrementalHash32,3,0,void,,true,true,true,true
C:\Users\simon\Documents\Code\thesis-code\commons-codec-master\src\test\java\org\apache\commons\codec\digest\MurmurHash3Test.java,MurmurHash3Test.java,MurmurHash3Test,testIncrementalHash32x86,3,0,void,,true,true,true,true
C:\Users\simon\Documents\Code\thesis-code\commons-codec-master\src\test\java\org\apache\commons\codec\digest\MurmurHash3Test.java,MurmurHash3Test.java,MurmurHash3Test,testIncrementalHashWithUnprocessedBytesAndHugeLengthArray,10,0,void,,true,true,true,true
C:\Users\simon\Documents\Code\thesis-code\commons-codec-master\src\test\java\org\apache\commons\codec\digest\PureJavaCrc32CTest.java,PureJavaCrc32CTest.java,PureJavaCrc32CTest,check,4,1,void,private,false,false,true,true
C:\Users\simon\Documents\Code\thesis-code\commons-codec-master\src\test\java\org\apache\commons\codec\digest\PureJavaCrc32CTest.java,PureJavaCrc32CTest.java,PureJavaCrc32CTest,testDecreasing,2,0,void,,true,true,true,true
C:\Users\simon\Documents\Code\thesis-code\commons-codec-master\src\test\java\org\apache\commons\codec\digest\PureJavaCrc32CTest.java,PureJavaCrc32CTest.java,PureJavaCrc32CTest,testIncreasing,2,0,void,,true,true,true,true
C:\Users\simon\Documents\Code\thesis-code\commons-codec-master\src\test\java\org\apache\commons\codec\digest\PureJavaCrc32CTest.java,PureJavaCrc32CTest.java,PureJavaCrc32CTest,testOnes,2,0,void,,true,true,true,true
C:\Users\simon\Documents\Code\thesis-code\commons-codec-master\src\test\java\org\apache\commons\codec\digest\PureJavaCrc32CTest.java,PureJavaCrc32CTest.java,PureJavaCrc32CTest,testZeros,2,0,void,,true,true,true,true
C:\Users\simon\Documents\Code\thesis-code\commons-codec-master\src\test\java\org\apache\commons\codec\digest\PureJavaCrc32Test.java,PureJavaCrc32Test.java,Table,doBench,9,4,BenchResult,private; static,false,false,true,false
C:\Users\simon\Documents\Code\thesis-code\commons-codec-master\src\test\java\org\apache\commons\codec\digest\PureJavaCrc32Test.java,PureJavaCrc32Test.java,Table,run,6,0,void,public,false,false,true,false
C:\Users\simon\Documents\Code\thesis-code\commons-codec-master\src\test\java\org\apache\commons\codec\digest\PureJavaCrc32Test.java,PureJavaCrc32Test.java,Table,doBench,9,4,void,private; static,false,false,true,false
C:\Users\simon\Documents\Code\thesis-code\commons-codec-master\src\test\java\org\apache\commons\codec\digest\PureJavaCrc32Test.java,PureJavaCrc32Test.java,Table,doBench,5,2,void,private; static,false,false,true,false
C:\Users\simon\Documents\Code\thesis-code\commons-codec-master\src\test\java\org\apache\commons\codec\digest\PureJavaCrc32Test.java,PureJavaCrc32Test.java,Table,main,2,1,void,public; static,false,false,true,false
C:\Users\simon\Documents\Code\thesis-code\commons-codec-master\src\test\java\org\apache\commons\codec\digest\PureJavaCrc32Test.java,PureJavaCrc32Test.java,Table,printCell,2,3,void,private; static,false,false,true,false
C:\Users\simon\Documents\Code\thesis-code\commons-codec-master\src\test\java\org\apache\commons\codec\digest\PureJavaCrc32Test.java,PureJavaCrc32Test.java,Table,printSystemProperties,3,1,void,private; static,false,false,true,false
C:\Users\simon\Documents\Code\thesis-code\commons-codec-master\src\test\java\org\apache\commons\codec\digest\PureJavaCrc32Test.java,PureJavaCrc32Test.java,Table,main,7,1,void,public; static,false,false,true,false
C:\Users\simon\Documents\Code\thesis-code\commons-codec-master\src\test\java\org\apache\commons\codec\digest\PureJavaCrc32Test.java,PureJavaCrc32Test.java,Table,toString,9,0,String,public,false,false,true,false
C:\Users\simon\Documents\Code\thesis-code\commons-codec-master\src\test\java\org\apache\commons\codec\digest\PureJavaCrc32Test.java,PureJavaCrc32Test.java,Table,toStrings,3,1,String[],,false,false,true,false
C:\Users\simon\Documents\Code\thesis-code\commons-codec-master\src\test\java\org\apache\commons\codec\digest\PureJavaCrc32Test.java,PureJavaCrc32Test.java,Table,checkOnBytes,12,2,void,private,false,false,true,false
C:\Users\simon\Documents\Code\thesis-code\commons-codec-master\src\test\java\org\apache\commons\codec\digest\PureJavaCrc32Test.java,PureJavaCrc32Test.java,Table,checkSame,1,0,void,private,false,false,true,false
C:\Users\simon\Documents\Code\thesis-code\commons-codec-master\src\test\java\org\apache\commons\codec\digest\PureJavaCrc32Test.java,PureJavaCrc32Test.java,Table,testCorrectness,9,0,void,,true,true,true,false
C:\Users\simon\Documents\Code\thesis-code\commons-codec-master\src\test\java\org\apache\commons\codec\digest\Sha256CryptTest.java,Sha256CryptTest.java,Sha256CryptTest,testSha256CryptBytes,3,0,void,,true,true,true,true
C:\Users\simon\Documents\Code\thesis-code\commons-codec-master\src\test\java\org\apache\commons\codec\digest\Sha256CryptTest.java,Sha256CryptTest.java,Sha256CryptTest,testSha256CryptExplicitCall,2,0,void,,true,true,true,true
C:\Users\simon\Documents\Code\thesis-code\commons-codec-master\src\test\java\org\apache\commons\codec\digest\Sha256CryptTest.java,Sha256CryptTest.java,Sha256CryptTest,testSha256CryptNullData,1,0,void,,true,true,true,true
C:\Users\simon\Documents\Code\thesis-code\commons-codec-master\src\test\java\org\apache\commons\codec\digest\Sha256CryptTest.java,Sha256CryptTest.java,Sha256CryptTest,testSha256CryptStrings,6,0,void,,true,true,true,true
C:\Users\simon\Documents\Code\thesis-code\commons-codec-master\src\test\java\org\apache\commons\codec\digest\Sha256CryptTest.java,Sha256CryptTest.java,Sha256CryptTest,testSha256CryptWithEmptySalt,1,0,void,,true,true,true,true
C:\Users\simon\Documents\Code\thesis-code\commons-codec-master\src\test\java\org\apache\commons\codec\digest\Sha256CryptTest.java,Sha256CryptTest.java,Sha256CryptTest,testSha256LargestThanBlocksize,4,0,void,,true,true,true,true
C:\Users\simon\Documents\Code\thesis-code\commons-codec-master\src\test\java\org\apache\commons\codec\digest\Sha256CryptTest.java,Sha256CryptTest.java,Sha256CryptTest,testSha2CryptRounds,3,0,void,,true,true,true,true
C:\Users\simon\Documents\Code\thesis-code\commons-codec-master\src\test\java\org\apache\commons\codec\digest\Sha256CryptTest.java,Sha256CryptTest.java,Sha256CryptTest,testSha2CryptRoundsThreadLocalRandom,4,0,void,,true,true,true,true
C:\Users\simon\Documents\Code\thesis-code\commons-codec-master\src\test\java\org\apache\commons\codec\digest\Sha256CryptTest.java,Sha256CryptTest.java,Sha256CryptTest,testZeroOutInput,4,0,void,,true,true,true,true
C:\Users\simon\Documents\Code\thesis-code\commons-codec-master\src\test\java\org\apache\commons\codec\digest\Sha2CryptTest.java,Sha2CryptTest.java,Sha2CryptTest,testCtor,1,0,void,,true,true,true,true
C:\Users\simon\Documents\Code\thesis-code\commons-codec-master\src\test\java\org\apache\commons\codec\digest\Sha512CryptTest.java,Sha512CryptTest.java,Sha512CryptTest,testSha256LargetThanBlocksize,4,0,void,,true,true,true,true
C:\Users\simon\Documents\Code\thesis-code\commons-codec-master\src\test\java\org\apache\commons\codec\digest\Sha512CryptTest.java,Sha512CryptTest.java,Sha512CryptTest,testSha2CryptRounds,3,0,void,,true,true,true,true
C:\Users\simon\Documents\Code\thesis-code\commons-codec-master\src\test\java\org\apache\commons\codec\digest\Sha512CryptTest.java,Sha512CryptTest.java,Sha512CryptTest,testSha2CryptWrongSalt,1,0,void,,true,true,true,true
C:\Users\simon\Documents\Code\thesis-code\commons-codec-master\src\test\java\org\apache\commons\codec\digest\Sha512CryptTest.java,Sha512CryptTest.java,Sha512CryptTest,testSha512CryptBytes,3,0,void,,true,true,true,true
C:\Users\simon\Documents\Code\thesis-code\commons-codec-master\src\test\java\org\apache\commons\codec\digest\Sha512CryptTest.java,Sha512CryptTest.java,Sha512CryptTest,testSha512CryptExplicitCall,2,0,void,,true,true,true,true
C:\Users\simon\Documents\Code\thesis-code\commons-codec-master\src\test\java\org\apache\commons\codec\digest\Sha512CryptTest.java,Sha512CryptTest.java,Sha512CryptTest,testSha512CryptExplicitCallThreadLocalRandom,2,0,void,,true,true,true,true
C:\Users\simon\Documents\Code\thesis-code\commons-codec-master\src\test\java\org\apache\commons\codec\digest\Sha512CryptTest.java,Sha512CryptTest.java,Sha512CryptTest,testSha512CryptNullData,1,0,void,,true,true,true,true
C:\Users\simon\Documents\Code\thesis-code\commons-codec-master\src\test\java\org\apache\commons\codec\digest\Sha512CryptTest.java,Sha512CryptTest.java,Sha512CryptTest,testSha512CryptNullSalt,0,0,void,,false,true,true,true
C:\Users\simon\Documents\Code\thesis-code\commons-codec-master\src\test\java\org\apache\commons\codec\digest\Sha512CryptTest.java,Sha512CryptTest.java,Sha512CryptTest,testSha512CryptStrings,6,0,void,,true,true,true,true
C:\Users\simon\Documents\Code\thesis-code\commons-codec-master\src\test\java\org\apache\commons\codec\digest\Sha512CryptTest.java,Sha512CryptTest.java,Sha512CryptTest,testSha512CryptWithEmptySalt,1,0,void,,true,true,true,true
C:\Users\simon\Documents\Code\thesis-code\commons-codec-master\src\test\java\org\apache\commons\codec\digest\Sha512CryptTest.java,Sha512CryptTest.java,Sha512CryptTest,testZeroOutInput,4,0,void,,true,true,true,true
C:\Users\simon\Documents\Code\thesis-code\commons-codec-master\src\test\java\org\apache\commons\codec\digest\UnixCryptTest.java,UnixCryptTest.java,UnixCryptTest,testCtor,1,0,void,,true,true,true,true
C:\Users\simon\Documents\Code\thesis-code\commons-codec-master\src\test\java\org\apache\commons\codec\digest\UnixCryptTest.java,UnixCryptTest.java,UnixCryptTest,testUnixCryptBytes,4,0,void,,true,true,true,true
C:\Users\simon\Documents\Code\thesis-code\commons-codec-master\src\test\java\org\apache\commons\codec\digest\UnixCryptTest.java,UnixCryptTest.java,UnixCryptTest,testUnixCryptExplicitCall,2,0,void,,true,true,true,true
C:\Users\simon\Documents\Code\thesis-code\commons-codec-master\src\test\java\org\apache\commons\codec\digest\UnixCryptTest.java,UnixCryptTest.java,UnixCryptTest,testUnixCryptInvalidSalt,1,0,void,,true,true,true,true
C:\Users\simon\Documents\Code\thesis-code\commons-codec-master\src\test\java\org\apache\commons\codec\digest\UnixCryptTest.java,UnixCryptTest.java,UnixCryptTest,testUnixCryptNullData,1,0,void,,true,true,true,true
C:\Users\simon\Documents\Code\thesis-code\commons-codec-master\src\test\java\org\apache\commons\codec\digest\UnixCryptTest.java,UnixCryptTest.java,UnixCryptTest,testUnixCryptStrings,4,0,void,,true,true,true,true
C:\Users\simon\Documents\Code\thesis-code\commons-codec-master\src\test\java\org\apache\commons\codec\digest\UnixCryptTest.java,UnixCryptTest.java,UnixCryptTest,testUnixCryptWithEmptySalt,1,0,void,,true,true,true,true
C:\Users\simon\Documents\Code\thesis-code\commons-codec-master\src\test\java\org\apache\commons\codec\digest\UnixCryptTest.java,UnixCryptTest.java,UnixCryptTest,testUnixCryptWithHalfSalt,1,0,void,,true,true,true,true
C:\Users\simon\Documents\Code\thesis-code\commons-codec-master\src\test\java\org\apache\commons\codec\digest\UnixCryptTest.java,UnixCryptTest.java,UnixCryptTest,testUnixCryptWithoutSalt,4,0,void,,true,true,true,true
C:\Users\simon\Documents\Code\thesis-code\commons-codec-master\src\test\java\org\apache\commons\codec\digest\XXHash32OverflowTest.java,XXHash32OverflowTest.java,XXHash32OverflowTest,testIncrementalHashWithUnprocessedBytesAndHugeLengthArray,10,0,void,,true,true,true,true
C:\Users\simon\Documents\Code\thesis-code\commons-codec-master\src\test\java\org\apache\commons\codec\digest\XXHash32Test.java,XXHash32Test.java,XXHash32Test,copy,1,3,long,private; static,false,false,true,true
C:\Users\simon\Documents\Code\thesis-code\commons-codec-master\src\test\java\org\apache\commons\codec\digest\XXHash32Test.java,XXHash32Test.java,XXHash32Test,data,1,0,Stream<Arguments>,public; static,false,false,true,true
C:\Users\simon\Documents\Code\thesis-code\commons-codec-master\src\test\java\org\apache\commons\codec\digest\XXHash32Test.java,XXHash32Test.java,XXHash32Test,toByteArray,3,1,byte[],private; static,false,false,true,true
C:\Users\simon\Documents\Code\thesis-code\commons-codec-master\src\test\java\org\apache\commons\codec\digest\XXHash32Test.java,XXHash32Test.java,XXHash32Test,initData,4,2,void,public,false,false,true,true
C:\Users\simon\Documents\Code\thesis-code\commons-codec-master\src\test\java\org\apache\commons\codec\digest\XXHash32Test.java,XXHash32Test.java,XXHash32Test,verifyChecksum,4,2,void,public,false,false,true,true
C:\Users\simon\Documents\Code\thesis-code\commons-codec-master\src\test\java\org\apache\commons\codec\digest\XXHash32Test.java,XXHash32Test.java,XXHash32Test,verifyIncrementalChecksum,4,2,void,public,false,false,true,true
C:\Users\simon\Documents\Code\thesis-code\commons-codec-master\src\test\java\org\apache\commons\codec\EncoderExceptionTest.java,EncoderExceptionTest.java,EncoderExceptionTest,testConstructor0,3,0,void,,true,true,true,true
C:\Users\simon\Documents\Code\thesis-code\commons-codec-master\src\test\java\org\apache\commons\codec\EncoderExceptionTest.java,EncoderExceptionTest.java,EncoderExceptionTest,testConstructorString,3,0,void,,true,true,true,true
C:\Users\simon\Documents\Code\thesis-code\commons-codec-master\src\test\java\org\apache\commons\codec\EncoderExceptionTest.java,EncoderExceptionTest.java,EncoderExceptionTest,testConstructorStringThrowable,3,0,void,,true,true,true,true
C:\Users\simon\Documents\Code\thesis-code\commons-codec-master\src\test\java\org\apache\commons\codec\EncoderExceptionTest.java,EncoderExceptionTest.java,EncoderExceptionTest,testConstructorThrowable,3,0,void,,true,true,true,true
C:\Users\simon\Documents\Code\thesis-code\commons-codec-master\src\test\java\org\apache\commons\codec\language\bm\BeiderMorseEncoderTest.java,BeiderMorseEncoderTest.java,BeiderMorseEncoderTest,assertNotEmpty,1,2,void,private,false,false,true,true
C:\Users\simon\Documents\Code\thesis-code\commons-codec-master\src\test\java\org\apache\commons\codec\language\bm\BeiderMorseEncoderTest.java,BeiderMorseEncoderTest.java,BeiderMorseEncoderTest,createGenericApproxEncoder,4,0,BeiderMorseEncoder,private,false,false,true,true
C:\Users\simon\Documents\Code\thesis-code\commons-codec-master\src\test\java\org\apache\commons\codec\language\bm\BeiderMorseEncoderTest.java,BeiderMorseEncoderTest.java,BeiderMorseEncoderTest,createStringEncoder,1,0,StringEncoder,protected,false,false,true,true
C:\Users\simon\Documents\Code\thesis-code\commons-codec-master\src\test\java\org\apache\commons\codec\language\bm\BeiderMorseEncoderTest.java,BeiderMorseEncoderTest.java,BeiderMorseEncoderTest,testAllChars,2,0,void,,true,true,true,true
C:\Users\simon\Documents\Code\thesis-code\commons-codec-master\src\test\java\org\apache\commons\codec\language\bm\BeiderMorseEncoderTest.java,BeiderMorseEncoderTest.java,BeiderMorseEncoderTest,testAsciiEncodeNotEmpty1Letter,2,0,void,,true,true,true,true
C:\Users\simon\Documents\Code\thesis-code\commons-codec-master\src\test\java\org\apache\commons\codec\language\bm\BeiderMorseEncoderTest.java,BeiderMorseEncoderTest.java,BeiderMorseEncoderTest,testAsciiEncodeNotEmpty2Letters,2,0,void,,true,true,true,true
C:\Users\simon\Documents\Code\thesis-code\commons-codec-master\src\test\java\org\apache\commons\codec\language\bm\BeiderMorseEncoderTest.java,BeiderMorseEncoderTest.java,BeiderMorseEncoderTest,testEncodeAtzNotEmpty,3,0,void,,true,true,true,true
C:\Users\simon\Documents\Code\thesis-code\commons-codec-master\src\test\java\org\apache\commons\codec\language\bm\BeiderMorseEncoderTest.java,BeiderMorseEncoderTest.java,BeiderMorseEncoderTest,testEncodeGna,2,0,void,,true,true,true,true
C:\Users\simon\Documents\Code\thesis-code\commons-codec-master\src\test\java\org\apache\commons\codec\language\bm\BeiderMorseEncoderTest.java,BeiderMorseEncoderTest.java,BeiderMorseEncoderTest,testInvalidLangIllegalArgumentException,1,0,void,,true,true,true,true
C:\Users\simon\Documents\Code\thesis-code\commons-codec-master\src\test\java\org\apache\commons\codec\language\bm\BeiderMorseEncoderTest.java,BeiderMorseEncoderTest.java,BeiderMorseEncoderTest,testInvalidLangIllegalStateException,1,0,void,,true,true,true,true
C:\Users\simon\Documents\Code\thesis-code\commons-codec-master\src\test\java\org\apache\commons\codec\language\bm\BeiderMorseEncoderTest.java,BeiderMorseEncoderTest.java,BeiderMorseEncoderTest,testInvalidLanguageIllegalArgumentException,1,0,void,,true,true,true,true
C:\Users\simon\Documents\Code\thesis-code\commons-codec-master\src\test\java\org\apache\commons\codec\language\bm\BeiderMorseEncoderTest.java,BeiderMorseEncoderTest.java,BeiderMorseEncoderTest,testLongestEnglishSurname,2,0,void,,true,true,true,true
C:\Users\simon\Documents\Code\thesis-code\commons-codec-master\src\test\java\org\apache\commons\codec\language\bm\BeiderMorseEncoderTest.java,BeiderMorseEncoderTest.java,BeiderMorseEncoderTest,testNegativeIndexForRuleMatchIndexOutOfBoundsException,2,0,void,,true,true,true,true
C:\Users\simon\Documents\Code\thesis-code\commons-codec-master\src\test\java\org\apache\commons\codec\language\bm\BeiderMorseEncoderTest.java,BeiderMorseEncoderTest.java,BeiderMorseEncoderTest,testOOM,9,0,void,,true,true,true,true
C:\Users\simon\Documents\Code\thesis-code\commons-codec-master\src\test\java\org\apache\commons\codec\language\bm\BeiderMorseEncoderTest.java,BeiderMorseEncoderTest.java,BeiderMorseEncoderTest,testSetConcat,3,0,void,,true,true,true,true
C:\Users\simon\Documents\Code\thesis-code\commons-codec-master\src\test\java\org\apache\commons\codec\language\bm\BeiderMorseEncoderTest.java,BeiderMorseEncoderTest.java,BeiderMorseEncoderTest,testSetNameTypeAsh,3,0,void,,true,true,true,true
C:\Users\simon\Documents\Code\thesis-code\commons-codec-master\src\test\java\org\apache\commons\codec\language\bm\BeiderMorseEncoderTest.java,BeiderMorseEncoderTest.java,BeiderMorseEncoderTest,testSetRuleTypeExact,3,0,void,,true,true,true,true
C:\Users\simon\Documents\Code\thesis-code\commons-codec-master\src\test\java\org\apache\commons\codec\language\bm\BeiderMorseEncoderTest.java,BeiderMorseEncoderTest.java,BeiderMorseEncoderTest,testSetRuleTypeToRulesIllegalArgumentException,2,0,void,,true,true,true,true
C:\Users\simon\Documents\Code\thesis-code\commons-codec-master\src\test\java\org\apache\commons\codec\language\bm\BeiderMorseEncoderTest.java,BeiderMorseEncoderTest.java,BeiderMorseEncoderTest,testSpeedCheck,4,0,"/* timeout = 20000L */
void",,true,true,true,true
C:\Users\simon\Documents\Code\thesis-code\commons-codec-master\src\test\java\org\apache\commons\codec\language\bm\BeiderMorseEncoderTest.java,BeiderMorseEncoderTest.java,BeiderMorseEncoderTest,testSpeedCheck2,3,0,void,,true,true,true,true
C:\Users\simon\Documents\Code\thesis-code\commons-codec-master\src\test\java\org\apache\commons\codec\language\bm\BeiderMorseEncoderTest.java,BeiderMorseEncoderTest.java,BeiderMorseEncoderTest,testSpeedCheck3,3,0,void,,true,true,true,true
C:\Users\simon\Documents\Code\thesis-code\commons-codec-master\src\test\java\org\apache\commons\codec\language\bm\CacheSubSequencePerformanceTest.java,CacheSubSequencePerformanceTest.java,CacheSubSequencePerformanceTest,cacheSubSequence,2,1,CharSequence,private,false,false,true,true
C:\Users\simon\Documents\Code\thesis-code\commons-codec-master\src\test\java\org\apache\commons\codec\language\bm\CacheSubSequencePerformanceTest.java,CacheSubSequencePerformanceTest.java,CacheSubSequencePerformanceTest,charAt,1,1,char,public,false,false,true,true
C:\Users\simon\Documents\Code\thesis-code\commons-codec-master\src\test\java\org\apache\commons\codec\language\bm\CacheSubSequencePerformanceTest.java,CacheSubSequencePerformanceTest.java,CacheSubSequencePerformanceTest,length,1,0,int,public,false,false,true,true
C:\Users\simon\Documents\Code\thesis-code\commons-codec-master\src\test\java\org\apache\commons\codec\language\bm\CacheSubSequencePerformanceTest.java,CacheSubSequencePerformanceTest.java,CacheSubSequencePerformanceTest,subSequence,4,2,CharSequence,public,false,false,true,true
C:\Users\simon\Documents\Code\thesis-code\commons-codec-master\src\test\java\org\apache\commons\codec\language\bm\CacheSubSequencePerformanceTest.java,CacheSubSequencePerformanceTest.java,CacheSubSequencePerformanceTest,test,9,0,void,,true,true,true,true
C:\Users\simon\Documents\Code\thesis-code\commons-codec-master\src\test\java\org\apache\commons\codec\language\bm\CacheSubSequencePerformanceTest.java,CacheSubSequencePerformanceTest.java,CacheSubSequencePerformanceTest,test,1,1,void,private,false,true,true,true
C:\Users\simon\Documents\Code\thesis-code\commons-codec-master\src\test\java\org\apache\commons\codec\language\bm\CacheSubSequencePerformanceTest.java,CacheSubSequencePerformanceTest.java,CacheSubSequencePerformanceTest,test,3,2,void,private,false,true,true,true
C:\Users\simon\Documents\Code\thesis-code\commons-codec-master\src\test\java\org\apache\commons\codec\language\bm\LanguageGuessingTest.java,LanguageGuessingTest.java,LanguageGuessingTest,data,1,0,Stream<Arguments>,public; static,false,false,true,true
C:\Users\simon\Documents\Code\thesis-code\commons-codec-master\src\test\java\org\apache\commons\codec\language\bm\LanguageGuessingTest.java,LanguageGuessingTest.java,LanguageGuessingTest,testLanguageGuessing,2,2,void,,false,true,true,true
C:\Users\simon\Documents\Code\thesis-code\commons-codec-master\src\test\java\org\apache\commons\codec\language\bm\PhoneticEnginePerformanceTest.java,PhoneticEnginePerformanceTest.java,PhoneticEnginePerformanceTest,test,6,0,void,,true,true,true,true
C:\Users\simon\Documents\Code\thesis-code\commons-codec-master\src\test\java\org\apache\commons\codec\language\bm\PhoneticEngineRegressionTest.java,PhoneticEngineRegressionTest.java,PhoneticEngineRegressionTest,encode,11,3,String,private; static,false,false,true,true
C:\Users\simon\Documents\Code\thesis-code\commons-codec-master\src\test\java\org\apache\commons\codec\language\bm\PhoneticEngineRegressionTest.java,PhoneticEngineRegressionTest.java,PhoneticEngineRegressionTest,testCompatibilityWithOriginalVersion,9,0,void,,true,true,true,true
C:\Users\simon\Documents\Code\thesis-code\commons-codec-master\src\test\java\org\apache\commons\codec\language\bm\PhoneticEngineRegressionTest.java,PhoneticEngineRegressionTest.java,PhoneticEngineRegressionTest,testSolrASHKENAZI,37,0,void,,true,true,true,true
C:\Users\simon\Documents\Code\thesis-code\commons-codec-master\src\test\java\org\apache\commons\codec\language\bm\PhoneticEngineRegressionTest.java,PhoneticEngineRegressionTest.java,PhoneticEngineRegressionTest,testSolrGENERIC,34,0,void,,true,true,true,true
C:\Users\simon\Documents\Code\thesis-code\commons-codec-master\src\test\java\org\apache\commons\codec\language\bm\PhoneticEngineRegressionTest.java,PhoneticEngineRegressionTest.java,PhoneticEngineRegressionTest,testSolrSEPHARDIC,37,0,void,,true,true,true,true
C:\Users\simon\Documents\Code\thesis-code\commons-codec-master\src\test\java\org\apache\commons\codec\language\bm\PhoneticEngineTest.java,PhoneticEngineTest.java,PhoneticEngineTest,data,1,0,Stream<Arguments>,public; static,false,false,true,true
C:\Users\simon\Documents\Code\thesis-code\commons-codec-master\src\test\java\org\apache\commons\codec\language\bm\PhoneticEngineTest.java,PhoneticEngineTest.java,PhoneticEngineTest,invalidData,1,0,Stream<Arguments>,public; static,false,false,true,true
C:\Users\simon\Documents\Code\thesis-code\commons-codec-master\src\test\java\org\apache\commons\codec\language\bm\PhoneticEngineTest.java,PhoneticEngineTest.java,PhoneticEngineTest,testEncode,4,6,void,,false,true,true,true
C:\Users\simon\Documents\Code\thesis-code\commons-codec-master\src\test\java\org\apache\commons\codec\language\bm\PhoneticEngineTest.java,PhoneticEngineTest.java,PhoneticEngineTest,testInvalidEncode,2,6,void,,false,true,true,true
C:\Users\simon\Documents\Code\thesis-code\commons-codec-master\src\test\java\org\apache\commons\codec\language\bm\RuleTest.java,RuleTest.java,RuleTest,makePhonemes,4,0,Rule.Phoneme[][],private,false,false,true,true
C:\Users\simon\Documents\Code\thesis-code\commons-codec-master\src\test\java\org\apache\commons\codec\language\bm\RuleTest.java,RuleTest.java,RuleTest,testParsePhonemeExprLang311,5,0,void,,true,true,true,true
C:\Users\simon\Documents\Code\thesis-code\commons-codec-master\src\test\java\org\apache\commons\codec\language\bm\RuleTest.java,RuleTest.java,RuleTest,testPhonemeComparedToLaterIsNegative,1,0,void,,true,true,true,true
C:\Users\simon\Documents\Code\thesis-code\commons-codec-master\src\test\java\org\apache\commons\codec\language\bm\RuleTest.java,RuleTest.java,RuleTest,testPhonemeComparedToSelfIsZero,1,0,void,,true,true,true,true
C:\Users\simon\Documents\Code\thesis-code\commons-codec-master\src\test\java\org\apache\commons\codec\language\bm\RuleTest.java,RuleTest.java,RuleTest,testSubSequenceWorks,54,0,void,,true,true,true,true
C:\Users\simon\Documents\Code\thesis-code\commons-codec-master\src\test\java\org\apache\commons\codec\language\Caverphone1Test.java,Caverphone1Test.java,Caverphone1Test,createStringEncoder,1,0,Caverphone1,protected,false,false,true,true
C:\Users\simon\Documents\Code\thesis-code\commons-codec-master\src\test\java\org\apache\commons\codec\language\Caverphone1Test.java,Caverphone1Test.java,Caverphone1Test,testCaverphoneRevisitedCommonCodeAT1111,1,0,void,,true,true,true,true
C:\Users\simon\Documents\Code\thesis-code\commons-codec-master\src\test\java\org\apache\commons\codec\language\Caverphone1Test.java,Caverphone1Test.java,Caverphone1Test,testEndMb,2,0,void,,true,true,true,true
C:\Users\simon\Documents\Code\thesis-code\commons-codec-master\src\test\java\org\apache\commons\codec\language\Caverphone1Test.java,Caverphone1Test.java,Caverphone1Test,testIsCaverphoneEquals,3,0,void,,true,true,true,true
C:\Users\simon\Documents\Code\thesis-code\commons-codec-master\src\test\java\org\apache\commons\codec\language\Caverphone1Test.java,Caverphone1Test.java,Caverphone1Test,testSpecificationV1Examples,2,0,void,,true,true,true,true
C:\Users\simon\Documents\Code\thesis-code\commons-codec-master\src\test\java\org\apache\commons\codec\language\Caverphone1Test.java,Caverphone1Test.java,Caverphone1Test,testWikipediaExamples,2,0,void,,true,true,true,true
C:\Users\simon\Documents\Code\thesis-code\commons-codec-master\src\test\java\org\apache\commons\codec\language\Caverphone2Test.java,Caverphone2Test.java,Caverphone2Test,createStringEncoder,1,0,Caverphone2,protected,false,false,true,true
C:\Users\simon\Documents\Code\thesis-code\commons-codec-master\src\test\java\org\apache\commons\codec\language\Caverphone2Test.java,Caverphone2Test.java,Caverphone2Test,testCaverphoneRevisitedCommonCodeAT11111111,1,0,void,,true,true,true,true
C:\Users\simon\Documents\Code\thesis-code\commons-codec-master\src\test\java\org\apache\commons\codec\language\Caverphone2Test.java,Caverphone2Test.java,Caverphone2Test,testCaverphoneRevisitedExamples,2,0,void,,true,true,true,true
C:\Users\simon\Documents\Code\thesis-code\commons-codec-master\src\test\java\org\apache\commons\codec\language\Caverphone2Test.java,Caverphone2Test.java,Caverphone2Test,testCaverphoneRevisitedRandomNameKLN1111111,1,0,void,,true,true,true,true
C:\Users\simon\Documents\Code\thesis-code\commons-codec-master\src\test\java\org\apache\commons\codec\language\Caverphone2Test.java,Caverphone2Test.java,Caverphone2Test,testCaverphoneRevisitedRandomNameTN11111111,1,0,void,,true,true,true,true
C:\Users\simon\Documents\Code\thesis-code\commons-codec-master\src\test\java\org\apache\commons\codec\language\Caverphone2Test.java,Caverphone2Test.java,Caverphone2Test,testCaverphoneRevisitedRandomNameTTA1111111,1,0,void,,true,true,true,true
C:\Users\simon\Documents\Code\thesis-code\commons-codec-master\src\test\java\org\apache\commons\codec\language\Caverphone2Test.java,Caverphone2Test.java,Caverphone2Test,testCaverphoneRevisitedRandomWords,3,0,void,,true,true,true,true
C:\Users\simon\Documents\Code\thesis-code\commons-codec-master\src\test\java\org\apache\commons\codec\language\Caverphone2Test.java,Caverphone2Test.java,Caverphone2Test,testEndMb,2,0,void,,true,true,true,true
C:\Users\simon\Documents\Code\thesis-code\commons-codec-master\src\test\java\org\apache\commons\codec\language\Caverphone2Test.java,Caverphone2Test.java,Caverphone2Test,testIsCaverphoneEquals,3,0,void,,true,true,true,true
C:\Users\simon\Documents\Code\thesis-code\commons-codec-master\src\test\java\org\apache\commons\codec\language\Caverphone2Test.java,Caverphone2Test.java,Caverphone2Test,testSpecificationExamples,2,0,void,,true,true,true,true
C:\Users\simon\Documents\Code\thesis-code\commons-codec-master\src\test\java\org\apache\commons\codec\language\ColognePhoneticTest.java,ColognePhoneticTest.java,ColognePhoneticTest,finishTests,3,0,"// Check that all possible input sequence conditions are represented
void",public; static,false,false,true,true
C:\Users\simon\Documents\Code\thesis-code\commons-codec-master\src\test\java\org\apache\commons\codec\language\ColognePhoneticTest.java,ColognePhoneticTest.java,ColognePhoneticTest,hasTestCase,2,1,boolean,private; static,false,false,true,true
C:\Users\simon\Documents\Code\thesis-code\commons-codec-master\src\test\java\org\apache\commons\codec\language\ColognePhoneticTest.java,ColognePhoneticTest.java,ColognePhoneticTest,main,2,1,void,public; static,false,false,true,true
C:\Users\simon\Documents\Code\thesis-code\commons-codec-master\src\test\java\org\apache\commons\codec\language\ColognePhoneticTest.java,ColognePhoneticTest.java,ColognePhoneticTest,checkEncoding,2,2,"// Capture test strings for later checking
void",public,false,false,true,true
C:\Users\simon\Documents\Code\thesis-code\commons-codec-master\src\test\java\org\apache\commons\codec\language\ColognePhoneticTest.java,ColognePhoneticTest.java,ColognePhoneticTest,createStringEncoder,1,0,ColognePhonetic,protected,false,false,true,true
C:\Users\simon\Documents\Code\thesis-code\commons-codec-master\src\test\java\org\apache\commons\codec\language\ColognePhoneticTest.java,ColognePhoneticTest.java,ColognePhoneticTest,testAabjoe,1,0,void,,true,true,true,true
C:\Users\simon\Documents\Code\thesis-code\commons-codec-master\src\test\java\org\apache\commons\codec\language\ColognePhoneticTest.java,ColognePhoneticTest.java,ColognePhoneticTest,testAaclan,1,0,void,,true,true,true,true
C:\Users\simon\Documents\Code\thesis-code\commons-codec-master\src\test\java\org\apache\commons\codec\language\ColognePhoneticTest.java,ColognePhoneticTest.java,ColognePhoneticTest,testAychlmajrCodec122,1,0,void,,true,true,true,true
C:\Users\simon\Documents\Code\thesis-code\commons-codec-master\src\test\java\org\apache\commons\codec\language\ColognePhoneticTest.java,ColognePhoneticTest.java,ColognePhoneticTest,testCanFail,1,0,"// Ensure that override still allows tests to work
void",,true,true,true,true
C:\Users\simon\Documents\Code\thesis-code\commons-codec-master\src\test\java\org\apache\commons\codec\language\ColognePhoneticTest.java,ColognePhoneticTest.java,ColognePhoneticTest,testEdgeCases,2,0,void,,true,true,true,true
C:\Users\simon\Documents\Code\thesis-code\commons-codec-master\src\test\java\org\apache\commons\codec\language\ColognePhoneticTest.java,ColognePhoneticTest.java,ColognePhoneticTest,testExamples,2,0,void,,true,true,true,true
C:\Users\simon\Documents\Code\thesis-code\commons-codec-master\src\test\java\org\apache\commons\codec\language\ColognePhoneticTest.java,ColognePhoneticTest.java,ColognePhoneticTest,testHyphen,2,0,void,,true,true,true,true
C:\Users\simon\Documents\Code\thesis-code\commons-codec-master\src\test\java\org\apache\commons\codec\language\ColognePhoneticTest.java,ColognePhoneticTest.java,ColognePhoneticTest,testIsEncodeEquals,2,0,void,,true,true,true,true
C:\Users\simon\Documents\Code\thesis-code\commons-codec-master\src\test\java\org\apache\commons\codec\language\ColognePhoneticTest.java,ColognePhoneticTest.java,ColognePhoneticTest,testSpecialCharsBetweenSameLetters,2,0,void,,true,true,true,true
C:\Users\simon\Documents\Code\thesis-code\commons-codec-master\src\test\java\org\apache\commons\codec\language\ColognePhoneticTest.java,ColognePhoneticTest.java,ColognePhoneticTest,testVariationsMella,2,0,void,,true,true,true,true
C:\Users\simon\Documents\Code\thesis-code\commons-codec-master\src\test\java\org\apache\commons\codec\language\ColognePhoneticTest.java,ColognePhoneticTest.java,ColognePhoneticTest,testVariationsMeyer,2,0,void,,true,true,true,true
C:\Users\simon\Documents\Code\thesis-code\commons-codec-master\src\test\java\org\apache\commons\codec\language\DaitchMokotoffSoundexTest.java,DaitchMokotoffSoundexTest.java,DaitchMokotoffSoundexTest,getNonLetters,1,0,IntStream,static,false,false,true,true
C:\Users\simon\Documents\Code\thesis-code\commons-codec-master\src\test\java\org\apache\commons\codec\language\DaitchMokotoffSoundexTest.java,DaitchMokotoffSoundexTest.java,DaitchMokotoffSoundexTest,createStringEncoder,1,0,DaitchMokotoffSoundex,protected,false,false,true,true
C:\Users\simon\Documents\Code\thesis-code\commons-codec-master\src\test\java\org\apache\commons\codec\language\DaitchMokotoffSoundexTest.java,DaitchMokotoffSoundexTest.java,DaitchMokotoffSoundexTest,encode,1,1,String,private,false,false,true,true
C:\Users\simon\Documents\Code\thesis-code\commons-codec-master\src\test\java\org\apache\commons\codec\language\DaitchMokotoffSoundexTest.java,DaitchMokotoffSoundexTest.java,DaitchMokotoffSoundexTest,soundex,1,1,String,private,false,false,true,true
C:\Users\simon\Documents\Code\thesis-code\commons-codec-master\src\test\java\org\apache\commons\codec\language\DaitchMokotoffSoundexTest.java,DaitchMokotoffSoundexTest.java,DaitchMokotoffSoundexTest,testAccentedCharacterFolding,4,0,void,,true,true,true,true
C:\Users\simon\Documents\Code\thesis-code\commons-codec-master\src\test\java\org\apache\commons\codec\language\DaitchMokotoffSoundexTest.java,DaitchMokotoffSoundexTest.java,DaitchMokotoffSoundexTest,testAdjacentCodes,2,0,void,,true,true,true,true
C:\Users\simon\Documents\Code\thesis-code\commons-codec-master\src\test\java\org\apache\commons\codec\language\DaitchMokotoffSoundexTest.java,DaitchMokotoffSoundexTest.java,DaitchMokotoffSoundexTest,testEncodeBasic,8,0,void,,true,true,true,true
C:\Users\simon\Documents\Code\thesis-code\commons-codec-master\src\test\java\org\apache\commons\codec\language\DaitchMokotoffSoundexTest.java,DaitchMokotoffSoundexTest.java,DaitchMokotoffSoundexTest,testEncodeIgnoreApostrophes,1,0,void,,true,true,true,true
C:\Users\simon\Documents\Code\thesis-code\commons-codec-master\src\test\java\org\apache\commons\codec\language\DaitchMokotoffSoundexTest.java,DaitchMokotoffSoundexTest.java,DaitchMokotoffSoundexTest,testEncodeIgnoreHyphens,1,0,void,,true,true,true,true
C:\Users\simon\Documents\Code\thesis-code\commons-codec-master\src\test\java\org\apache\commons\codec\language\DaitchMokotoffSoundexTest.java,DaitchMokotoffSoundexTest.java,DaitchMokotoffSoundexTest,testEncodeIgnoreNonLetters,2,1,void,,false,true,true,true
C:\Users\simon\Documents\Code\thesis-code\commons-codec-master\src\test\java\org\apache\commons\codec\language\DaitchMokotoffSoundexTest.java,DaitchMokotoffSoundexTest.java,DaitchMokotoffSoundexTest,testEncodeIgnoreTrimmable,2,0,void,,true,true,true,true
C:\Users\simon\Documents\Code\thesis-code\commons-codec-master\src\test\java\org\apache\commons\codec\language\DaitchMokotoffSoundexTest.java,DaitchMokotoffSoundexTest.java,DaitchMokotoffSoundexTest,testSoundexBasic,17,0,void,,true,true,true,true
C:\Users\simon\Documents\Code\thesis-code\commons-codec-master\src\test\java\org\apache\commons\codec\language\DaitchMokotoffSoundexTest.java,DaitchMokotoffSoundexTest.java,DaitchMokotoffSoundexTest,testSoundexBasic2,8,0,void,,true,true,true,true
C:\Users\simon\Documents\Code\thesis-code\commons-codec-master\src\test\java\org\apache\commons\codec\language\DaitchMokotoffSoundexTest.java,DaitchMokotoffSoundexTest.java,DaitchMokotoffSoundexTest,testSoundexBasic3,12,0,void,,true,true,true,true
C:\Users\simon\Documents\Code\thesis-code\commons-codec-master\src\test\java\org\apache\commons\codec\language\DaitchMokotoffSoundexTest.java,DaitchMokotoffSoundexTest.java,DaitchMokotoffSoundexTest,testSpecialRomanianCharacters,2,0,void,,true,true,true,true
C:\Users\simon\Documents\Code\thesis-code\commons-codec-master\src\test\java\org\apache\commons\codec\language\DoubleMetaphone2Test.java,DoubleMetaphone2Test.java,DoubleMetaphone2Test,checkDoubleMetaphone,1,2,void,private,false,false,true,true
C:\Users\simon\Documents\Code\thesis-code\commons-codec-master\src\test\java\org\apache\commons\codec\language\DoubleMetaphone2Test.java,DoubleMetaphone2Test.java,DoubleMetaphone2Test,createStringEncoder,1,0,DoubleMetaphone,protected,false,false,true,true
C:\Users\simon\Documents\Code\thesis-code\commons-codec-master\src\test\java\org\apache\commons\codec\language\DoubleMetaphone2Test.java,DoubleMetaphone2Test.java,DoubleMetaphone2Test,testDoubleMetaphoneAlternate,1,0,void,,true,true,true,true
C:\Users\simon\Documents\Code\thesis-code\commons-codec-master\src\test\java\org\apache\commons\codec\language\DoubleMetaphone2Test.java,DoubleMetaphone2Test.java,DoubleMetaphone2Test,testDoubleMetaphonePrimary,1,0,void,,true,true,true,true
C:\Users\simon\Documents\Code\thesis-code\commons-codec-master\src\test\java\org\apache\commons\codec\language\DoubleMetaphoneTest.java,DoubleMetaphoneTest.java,DoubleMetaphoneTest,assertDoubleMetaphone,4,2,void,private,false,false,true,true
C:\Users\simon\Documents\Code\thesis-code\commons-codec-master\src\test\java\org\apache\commons\codec\language\DoubleMetaphoneTest.java,DoubleMetaphoneTest.java,DoubleMetaphoneTest,assertDoubleMetaphoneAlt,1,2,void,public,false,false,true,true
C:\Users\simon\Documents\Code\thesis-code\commons-codec-master\src\test\java\org\apache\commons\codec\language\DoubleMetaphoneTest.java,DoubleMetaphoneTest.java,DoubleMetaphoneTest,createStringEncoder,1,0,DoubleMetaphone,protected,false,false,true,true
C:\Users\simon\Documents\Code\thesis-code\commons-codec-master\src\test\java\org\apache\commons\codec\language\DoubleMetaphoneTest.java,DoubleMetaphoneTest.java,DoubleMetaphoneTest,doubleMetaphoneEqualTest,2,2,void,public,false,false,true,true
C:\Users\simon\Documents\Code\thesis-code\commons-codec-master\src\test\java\org\apache\commons\codec\language\DoubleMetaphoneTest.java,DoubleMetaphoneTest.java,DoubleMetaphoneTest,doubleMetaphoneNotEqualTest,3,1,void,public,false,false,true,true
C:\Users\simon\Documents\Code\thesis-code\commons-codec-master\src\test\java\org\apache\commons\codec\language\DoubleMetaphoneTest.java,DoubleMetaphoneTest.java,DoubleMetaphoneTest,testCCedilla,1,0,void,,true,true,true,true
C:\Users\simon\Documents\Code\thesis-code\commons-codec-master\src\test\java\org\apache\commons\codec\language\DoubleMetaphoneTest.java,DoubleMetaphoneTest.java,DoubleMetaphoneTest,testCodec184,6,0,void,,true,true,true,true
C:\Users\simon\Documents\Code\thesis-code\commons-codec-master\src\test\java\org\apache\commons\codec\language\DoubleMetaphoneTest.java,DoubleMetaphoneTest.java,DoubleMetaphoneTest,testCodec320,1,0,void,,true,true,true,true
C:\Users\simon\Documents\Code\thesis-code\commons-codec-master\src\test\java\org\apache\commons\codec\language\DoubleMetaphoneTest.java,DoubleMetaphoneTest.java,DoubleMetaphoneTest,testDoubleMetaphone,36,0,void,,true,true,true,true
C:\Users\simon\Documents\Code\thesis-code\commons-codec-master\src\test\java\org\apache\commons\codec\language\DoubleMetaphoneTest.java,DoubleMetaphoneTest.java,DoubleMetaphoneTest,testEmpty,4,0,void,,true,true,true,true
C:\Users\simon\Documents\Code\thesis-code\commons-codec-master\src\test\java\org\apache\commons\codec\language\DoubleMetaphoneTest.java,DoubleMetaphoneTest.java,DoubleMetaphoneTest,testIsDoubleMetaphoneEqualBasic,3,0,void,,true,true,true,true
C:\Users\simon\Documents\Code\thesis-code\commons-codec-master\src\test\java\org\apache\commons\codec\language\DoubleMetaphoneTest.java,DoubleMetaphoneTest.java,DoubleMetaphoneTest,testIsDoubleMetaphoneEqualExtended1,0,0,void,,true,true,true,true
C:\Users\simon\Documents\Code\thesis-code\commons-codec-master\src\test\java\org\apache\commons\codec\language\DoubleMetaphoneTest.java,DoubleMetaphoneTest.java,DoubleMetaphoneTest,testIsDoubleMetaphoneEqualExtended2,2,0,void,,true,true,true,true
C:\Users\simon\Documents\Code\thesis-code\commons-codec-master\src\test\java\org\apache\commons\codec\language\DoubleMetaphoneTest.java,DoubleMetaphoneTest.java,DoubleMetaphoneTest,testIsDoubleMetaphoneEqualExtended3,9,0,void,,true,true,true,true
C:\Users\simon\Documents\Code\thesis-code\commons-codec-master\src\test\java\org\apache\commons\codec\language\DoubleMetaphoneTest.java,DoubleMetaphoneTest.java,DoubleMetaphoneTest,testIsDoubleMetaphoneEqualWithMATCHES,2,0,void,,true,true,true,true
C:\Users\simon\Documents\Code\thesis-code\commons-codec-master\src\test\java\org\apache\commons\codec\language\DoubleMetaphoneTest.java,DoubleMetaphoneTest.java,DoubleMetaphoneTest,testIsDoubleMetaphoneNotEqual,2,0,void,,true,true,true,true
C:\Users\simon\Documents\Code\thesis-code\commons-codec-master\src\test\java\org\apache\commons\codec\language\DoubleMetaphoneTest.java,DoubleMetaphoneTest.java,DoubleMetaphoneTest,testNTilde,1,0,void,,true,true,true,true
C:\Users\simon\Documents\Code\thesis-code\commons-codec-master\src\test\java\org\apache\commons\codec\language\DoubleMetaphoneTest.java,DoubleMetaphoneTest.java,DoubleMetaphoneTest,testSetMaxCodeLength,9,0,void,,true,true,true,true
C:\Users\simon\Documents\Code\thesis-code\commons-codec-master\src\test\java\org\apache\commons\codec\language\DoubleMetaphoneTest.java,DoubleMetaphoneTest.java,DoubleMetaphoneTest,validateFixture,2,1,void,public,false,false,true,true
C:\Users\simon\Documents\Code\thesis-code\commons-codec-master\src\test\java\org\apache\commons\codec\language\MatchRatingApproachEncoderTest.java,MatchRatingApproachEncoderTest.java,MatchRatingApproachEncoderTest,createStringEncoder,1,0,MatchRatingApproachEncoder,protected,false,false,true,true
C:\Users\simon\Documents\Code\thesis-code\commons-codec-master\src\test\java\org\apache\commons\codec\language\MatchRatingApproachEncoderTest.java,MatchRatingApproachEncoderTest.java,MatchRatingApproachEncoderTest,testAccentRemoval_AllLower_SuccessfullyRemoved,1,0,void,final,true,true,true,true
C:\Users\simon\Documents\Code\thesis-code\commons-codec-master\src\test\java\org\apache\commons\codec\language\MatchRatingApproachEncoderTest.java,MatchRatingApproachEncoderTest.java,MatchRatingApproachEncoderTest,testAccentRemoval_ComprehensiveAccentMix_AllSuccessfullyRemoved,1,0,void,final,true,true,true,true
C:\Users\simon\Documents\Code\thesis-code\commons-codec-master\src\test\java\org\apache\commons\codec\language\MatchRatingApproachEncoderTest.java,MatchRatingApproachEncoderTest.java,MatchRatingApproachEncoderTest,testAccentRemoval_GerSpanFrenMix_SuccessfullyRemoved,1,0,void,final,true,true,true,true
C:\Users\simon\Documents\Code\thesis-code\commons-codec-master\src\test\java\org\apache\commons\codec\language\MatchRatingApproachEncoderTest.java,MatchRatingApproachEncoderTest.java,MatchRatingApproachEncoderTest,testAccentRemoval_MixedWithUnusualChars_SuccessfullyRemovedAndUnusualCharactersInvariant,1,0,void,final,true,true,true,true
C:\Users\simon\Documents\Code\thesis-code\commons-codec-master\src\test\java\org\apache\commons\codec\language\MatchRatingApproachEncoderTest.java,MatchRatingApproachEncoderTest.java,MatchRatingApproachEncoderTest,testAccentRemoval_NINO_NoChange,1,0,void,final,true,true,true,true
C:\Users\simon\Documents\Code\thesis-code\commons-codec-master\src\test\java\org\apache\commons\codec\language\MatchRatingApproachEncoderTest.java,MatchRatingApproachEncoderTest.java,MatchRatingApproachEncoderTest,testAccentRemoval_NullValue_ReturnNullSuccessfully,1,0,void,final,true,true,true,true
C:\Users\simon\Documents\Code\thesis-code\commons-codec-master\src\test\java\org\apache\commons\codec\language\MatchRatingApproachEncoderTest.java,MatchRatingApproachEncoderTest.java,MatchRatingApproachEncoderTest,testAccentRemoval_UpperAndLower_SuccessfullyRemovedAndCaseInvariant,1,0,void,final,true,true,true,true
C:\Users\simon\Documents\Code\thesis-code\commons-codec-master\src\test\java\org\apache\commons\codec\language\MatchRatingApproachEncoderTest.java,MatchRatingApproachEncoderTest.java,MatchRatingApproachEncoderTest,testAccentRemoval_WithSpaces_SuccessfullyRemovedAndSpacesInvariant,1,0,void,final,true,true,true,true
C:\Users\simon\Documents\Code\thesis-code\commons-codec-master\src\test\java\org\apache\commons\codec\language\MatchRatingApproachEncoderTest.java,MatchRatingApproachEncoderTest.java,MatchRatingApproachEncoderTest,testAccentRemovalNormalString_NoChange,1,0,void,final,true,true,true,true
C:\Users\simon\Documents\Code\thesis-code\commons-codec-master\src\test\java\org\apache\commons\codec\language\MatchRatingApproachEncoderTest.java,MatchRatingApproachEncoderTest.java,MatchRatingApproachEncoderTest,testCleanNameSuccessfullyClean,1,0,void,final,true,true,true,true
C:\Users\simon\Documents\Code\thesis-code\commons-codec-master\src\test\java\org\apache\commons\codec\language\MatchRatingApproachEncoderTest.java,MatchRatingApproachEncoderTest.java,MatchRatingApproachEncoderTest,testCompare_BRIAN_BRYAN_SuccessfullyMatched,1,0,void,final,true,true,true,true
C:\Users\simon\Documents\Code\thesis-code\commons-codec-master\src\test\java\org\apache\commons\codec\language\MatchRatingApproachEncoderTest.java,MatchRatingApproachEncoderTest.java,MatchRatingApproachEncoderTest,testCompare_BURNS_BOURNE_SuccessfullyMatched,1,0,void,final,true,true,true,true
C:\Users\simon\Documents\Code\thesis-code\commons-codec-master\src\test\java\org\apache\commons\codec\language\MatchRatingApproachEncoderTest.java,MatchRatingApproachEncoderTest.java,MatchRatingApproachEncoderTest,testCompare_CATHERINE_KATHRYN_SuccessfullyMatched,1,0,void,final,true,true,true,true
C:\Users\simon\Documents\Code\thesis-code\commons-codec-master\src\test\java\org\apache\commons\codec\language\MatchRatingApproachEncoderTest.java,MatchRatingApproachEncoderTest.java,MatchRatingApproachEncoderTest,testCompare_COLM_COLIN_WithAccentsAndSymbolsAndSpaces_SuccessfullyMatched,1,0,void,final,true,true,true,true
C:\Users\simon\Documents\Code\thesis-code\commons-codec-master\src\test\java\org\apache\commons\codec\language\MatchRatingApproachEncoderTest.java,MatchRatingApproachEncoderTest.java,MatchRatingApproachEncoderTest,testCompare_Forenames_SEAN_JOHN_MatchExpected,1,0,void,final,true,true,true,true
C:\Users\simon\Documents\Code\thesis-code\commons-codec-master\src\test\java\org\apache\commons\codec\language\MatchRatingApproachEncoderTest.java,MatchRatingApproachEncoderTest.java,MatchRatingApproachEncoderTest,testCompare_Forenames_SEAN_PETE_NoMatchExpected,1,0,void,final,true,true,true,true
C:\Users\simon\Documents\Code\thesis-code\commons-codec-master\src\test\java\org\apache\commons\codec\language\MatchRatingApproachEncoderTest.java,MatchRatingApproachEncoderTest.java,MatchRatingApproachEncoderTest,testCompare_Forenames_UNA_OONAGH_ShouldSuccessfullyMatchButDoesNot,1,0,void,final,true,true,true,true
C:\Users\simon\Documents\Code\thesis-code\commons-codec-master\src\test\java\org\apache\commons\codec\language\MatchRatingApproachEncoderTest.java,MatchRatingApproachEncoderTest.java,MatchRatingApproachEncoderTest,testCompare_FRANCISZEK_FRANCES_SuccessfullyMatched,1,0,void,final,true,true,true,true
C:\Users\simon\Documents\Code\thesis-code\commons-codec-master\src\test\java\org\apache\commons\codec\language\MatchRatingApproachEncoderTest.java,MatchRatingApproachEncoderTest.java,MatchRatingApproachEncoderTest,testCompare_KARL_ALESSANDRO_DoesNotMatch,1,0,void,final,true,true,true,true
C:\Users\simon\Documents\Code\thesis-code\commons-codec-master\src\test\java\org\apache\commons\codec\language\MatchRatingApproachEncoderTest.java,MatchRatingApproachEncoderTest.java,MatchRatingApproachEncoderTest,testCompare_LongSurnames_MORIARTY_OMUIRCHEARTAIGH_DoesNotSuccessfulMatch,1,0,void,final,true,true,true,true
C:\Users\simon\Documents\Code\thesis-code\commons-codec-master\src\test\java\org\apache\commons\codec\language\MatchRatingApproachEncoderTest.java,MatchRatingApproachEncoderTest.java,MatchRatingApproachEncoderTest,testCompare_LongSurnames_OMUIRCHEARTAIGH_OMIREADHAIGH_SuccessfulMatch,1,0,void,final,true,true,true,true
C:\Users\simon\Documents\Code\thesis-code\commons-codec-master\src\test\java\org\apache\commons\codec\language\MatchRatingApproachEncoderTest.java,MatchRatingApproachEncoderTest.java,MatchRatingApproachEncoderTest,testCompare_MCGOWAN_MCGEOGHEGAN_SuccessfullyMatched,1,0,void,final,true,true,true,true
C:\Users\simon\Documents\Code\thesis-code\commons-codec-master\src\test\java\org\apache\commons\codec\language\MatchRatingApproachEncoderTest.java,MatchRatingApproachEncoderTest.java,MatchRatingApproachEncoderTest,testCompare_MICKY_MICHAEL_SuccessfullyMatched,1,0,void,final,true,true,true,true
C:\Users\simon\Documents\Code\thesis-code\commons-codec-master\src\test\java\org\apache\commons\codec\language\MatchRatingApproachEncoderTest.java,MatchRatingApproachEncoderTest.java,MatchRatingApproachEncoderTest,testCompare_OONA_OONAGH_SuccessfullyMatched,1,0,void,final,true,true,true,true
C:\Users\simon\Documents\Code\thesis-code\commons-codec-master\src\test\java\org\apache\commons\codec\language\MatchRatingApproachEncoderTest.java,MatchRatingApproachEncoderTest.java,MatchRatingApproachEncoderTest,testCompare_PETERSON_PETERS_SuccessfullyMatched,1,0,void,final,true,true,true,true
C:\Users\simon\Documents\Code\thesis-code\commons-codec-master\src\test\java\org\apache\commons\codec\language\MatchRatingApproachEncoderTest.java,MatchRatingApproachEncoderTest.java,MatchRatingApproachEncoderTest,testCompare_SAM_SAMUEL_SuccessfullyMatched,1,0,void,final,true,true,true,true
C:\Users\simon\Documents\Code\thesis-code\commons-codec-master\src\test\java\org\apache\commons\codec\language\MatchRatingApproachEncoderTest.java,MatchRatingApproachEncoderTest.java,MatchRatingApproachEncoderTest,testCompare_SEAN_SHAUN_SuccessfullyMatched,1,0,void,final,true,true,true,true
C:\Users\simon\Documents\Code\thesis-code\commons-codec-master\src\test\java\org\apache\commons\codec\language\MatchRatingApproachEncoderTest.java,MatchRatingApproachEncoderTest.java,MatchRatingApproachEncoderTest,testCompare_ShortNames_AL_ED_WorksButNoMatch,1,0,void,final,true,true,true,true
C:\Users\simon\Documents\Code\thesis-code\commons-codec-master\src\test\java\org\apache\commons\codec\language\MatchRatingApproachEncoderTest.java,MatchRatingApproachEncoderTest.java,MatchRatingApproachEncoderTest,testCompare_SmallInput_CARK_Kl_SuccessfullyMatched,1,0,void,final,true,true,true,true
C:\Users\simon\Documents\Code\thesis-code\commons-codec-master\src\test\java\org\apache\commons\codec\language\MatchRatingApproachEncoderTest.java,MatchRatingApproachEncoderTest.java,MatchRatingApproachEncoderTest,testCompare_SMITH_SMYTH_SuccessfullyMatched,1,0,void,final,true,true,true,true
C:\Users\simon\Documents\Code\thesis-code\commons-codec-master\src\test\java\org\apache\commons\codec\language\MatchRatingApproachEncoderTest.java,MatchRatingApproachEncoderTest.java,MatchRatingApproachEncoderTest,testCompare_SOPHIE_SOFIA_SuccessfullyMatched,1,0,void,final,true,true,true,true
C:\Users\simon\Documents\Code\thesis-code\commons-codec-master\src\test\java\org\apache\commons\codec\language\MatchRatingApproachEncoderTest.java,MatchRatingApproachEncoderTest.java,MatchRatingApproachEncoderTest,testCompare_STEPHEN_STEFAN_SuccessfullyMatched,1,0,void,final,true,true,true,true
C:\Users\simon\Documents\Code\thesis-code\commons-codec-master\src\test\java\org\apache\commons\codec\language\MatchRatingApproachEncoderTest.java,MatchRatingApproachEncoderTest.java,MatchRatingApproachEncoderTest,testCompare_STEPHEN_STEVEN_SuccessfullyMatched,1,0,void,final,true,true,true,true
C:\Users\simon\Documents\Code\thesis-code\commons-codec-master\src\test\java\org\apache\commons\codec\language\MatchRatingApproachEncoderTest.java,MatchRatingApproachEncoderTest.java,MatchRatingApproachEncoderTest,testCompare_STEVEN_STEFAN_SuccessfullyMatched,1,0,void,final,true,true,true,true
C:\Users\simon\Documents\Code\thesis-code\commons-codec-master\src\test\java\org\apache\commons\codec\language\MatchRatingApproachEncoderTest.java,MatchRatingApproachEncoderTest.java,MatchRatingApproachEncoderTest,testCompare_Surname_AUERBACH_UHRBACH_SuccessfullyMatched,1,0,void,final,true,true,true,true
C:\Users\simon\Documents\Code\thesis-code\commons-codec-master\src\test\java\org\apache\commons\codec\language\MatchRatingApproachEncoderTest.java,MatchRatingApproachEncoderTest.java,MatchRatingApproachEncoderTest,testCompare_Surname_COOPERFLYNN_SUPERLYN_SuccessfullyMatched,1,0,void,final,true,true,true,true
C:\Users\simon\Documents\Code\thesis-code\commons-codec-master\src\test\java\org\apache\commons\codec\language\MatchRatingApproachEncoderTest.java,MatchRatingApproachEncoderTest.java,MatchRatingApproachEncoderTest,testCompare_Surname_HAILEY_HALLEY_SuccessfullyMatched,1,0,void,final,true,true,true,true
C:\Users\simon\Documents\Code\thesis-code\commons-codec-master\src\test\java\org\apache\commons\codec\language\MatchRatingApproachEncoderTest.java,MatchRatingApproachEncoderTest.java,MatchRatingApproachEncoderTest,testCompare_Surname_LEWINSKY_LEVINSKI_SuccessfullyMatched,1,0,void,final,true,true,true,true
C:\Users\simon\Documents\Code\thesis-code\commons-codec-master\src\test\java\org\apache\commons\codec\language\MatchRatingApproachEncoderTest.java,MatchRatingApproachEncoderTest.java,MatchRatingApproachEncoderTest,testCompare_Surname_LIPSHITZ_LIPPSZYC_SuccessfullyMatched,1,0,void,final,true,true,true,true
C:\Users\simon\Documents\Code\thesis-code\commons-codec-master\src\test\java\org\apache\commons\codec\language\MatchRatingApproachEncoderTest.java,MatchRatingApproachEncoderTest.java,MatchRatingApproachEncoderTest,testCompare_Surname_MOSKOWITZ_MOSKOVITZ_SuccessfullyMatched,1,0,void,final,true,true,true,true
C:\Users\simon\Documents\Code\thesis-code\commons-codec-master\src\test\java\org\apache\commons\codec\language\MatchRatingApproachEncoderTest.java,MatchRatingApproachEncoderTest.java,MatchRatingApproachEncoderTest,testCompare_Surname_OSULLIVAN_OSUILLEABHAIN_SuccessfulMatch,1,0,void,final,true,true,true,true
C:\Users\simon\Documents\Code\thesis-code\commons-codec-master\src\test\java\org\apache\commons\codec\language\MatchRatingApproachEncoderTest.java,MatchRatingApproachEncoderTest.java,MatchRatingApproachEncoderTest,testCompare_Surname_PRZEMYSL_PSHEMESHIL_SuccessfullyMatched,1,0,void,final,true,true,true,true
C:\Users\simon\Documents\Code\thesis-code\commons-codec-master\src\test\java\org\apache\commons\codec\language\MatchRatingApproachEncoderTest.java,MatchRatingApproachEncoderTest.java,MatchRatingApproachEncoderTest,testCompare_Surname_ROSOCHOWACIEC_ROSOKHOVATSETS_SuccessfullyMatched,1,0,void,final,true,true,true,true
C:\Users\simon\Documents\Code\thesis-code\commons-codec-master\src\test\java\org\apache\commons\codec\language\MatchRatingApproachEncoderTest.java,MatchRatingApproachEncoderTest.java,MatchRatingApproachEncoderTest,testCompare_Surname_SZLAMAWICZ_SHLAMOVITZ_SuccessfullyMatched,1,0,void,final,true,true,true,true
C:\Users\simon\Documents\Code\thesis-code\commons-codec-master\src\test\java\org\apache\commons\codec\language\MatchRatingApproachEncoderTest.java,MatchRatingApproachEncoderTest.java,MatchRatingApproachEncoderTest,testCompare_SurnameCornerCase_Nulls_NoMatch,1,0,void,final,true,true,true,true
C:\Users\simon\Documents\Code\thesis-code\commons-codec-master\src\test\java\org\apache\commons\codec\language\MatchRatingApproachEncoderTest.java,MatchRatingApproachEncoderTest.java,MatchRatingApproachEncoderTest,testCompare_Surnames_MURPHY_LYNCH_NoMatchExpected,1,0,void,final,true,true,true,true
C:\Users\simon\Documents\Code\thesis-code\commons-codec-master\src\test\java\org\apache\commons\codec\language\MatchRatingApproachEncoderTest.java,MatchRatingApproachEncoderTest.java,MatchRatingApproachEncoderTest,testCompare_SurnamesCornerCase_MURPHY_NoSpace_NoMatch,1,0,void,final,true,true,true,true
C:\Users\simon\Documents\Code\thesis-code\commons-codec-master\src\test\java\org\apache\commons\codec\language\MatchRatingApproachEncoderTest.java,MatchRatingApproachEncoderTest.java,MatchRatingApproachEncoderTest,testCompare_SurnamesCornerCase_MURPHY_Space_NoMatch,1,0,void,final,true,true,true,true
C:\Users\simon\Documents\Code\thesis-code\commons-codec-master\src\test\java\org\apache\commons\codec\language\MatchRatingApproachEncoderTest.java,MatchRatingApproachEncoderTest.java,MatchRatingApproachEncoderTest,testCompare_TOMASZ_TOM_SuccessfullyMatched,1,0,void,final,true,true,true,true
C:\Users\simon\Documents\Code\thesis-code\commons-codec-master\src\test\java\org\apache\commons\codec\language\MatchRatingApproachEncoderTest.java,MatchRatingApproachEncoderTest.java,MatchRatingApproachEncoderTest,testCompare_ZACH_ZAKARIA_SuccessfullyMatched,1,0,void,final,true,true,true,true
C:\Users\simon\Documents\Code\thesis-code\commons-codec-master\src\test\java\org\apache\commons\codec\language\MatchRatingApproachEncoderTest.java,MatchRatingApproachEncoderTest.java,MatchRatingApproachEncoderTest,testCompareNameNullSpace_ReturnsFalseSuccessfully,1,0,void,final,true,true,true,true
C:\Users\simon\Documents\Code\thesis-code\commons-codec-master\src\test\java\org\apache\commons\codec\language\MatchRatingApproachEncoderTest.java,MatchRatingApproachEncoderTest.java,MatchRatingApproachEncoderTest,testCompareNameSameNames_ReturnsFalseSuccessfully,1,0,void,final,true,true,true,true
C:\Users\simon\Documents\Code\thesis-code\commons-codec-master\src\test\java\org\apache\commons\codec\language\MatchRatingApproachEncoderTest.java,MatchRatingApproachEncoderTest.java,MatchRatingApproachEncoderTest,testCompareNameToSingleLetter_KARL_C_DoesNotMatch,1,0,void,final,true,true,true,true
C:\Users\simon\Documents\Code\thesis-code\commons-codec-master\src\test\java\org\apache\commons\codec\language\MatchRatingApproachEncoderTest.java,MatchRatingApproachEncoderTest.java,MatchRatingApproachEncoderTest,testCompareWithWhitespace,7,0,void,final,true,true,true,true
C:\Users\simon\Documents\Code\thesis-code\commons-codec-master\src\test\java\org\apache\commons\codec\language\MatchRatingApproachEncoderTest.java,MatchRatingApproachEncoderTest.java,MatchRatingApproachEncoderTest,testGetEncoding_HARPER_HRPR,1,0,void,final,true,true,true,true
C:\Users\simon\Documents\Code\thesis-code\commons-codec-master\src\test\java\org\apache\commons\codec\language\MatchRatingApproachEncoderTest.java,MatchRatingApproachEncoderTest.java,MatchRatingApproachEncoderTest,testGetEncoding_NoSpace_to_Nothing,1,0,void,final,true,true,true,true
C:\Users\simon\Documents\Code\thesis-code\commons-codec-master\src\test\java\org\apache\commons\codec\language\MatchRatingApproachEncoderTest.java,MatchRatingApproachEncoderTest.java,MatchRatingApproachEncoderTest,testGetEncoding_Null_to_Nothing,1,0,void,final,true,true,true,true
C:\Users\simon\Documents\Code\thesis-code\commons-codec-master\src\test\java\org\apache\commons\codec\language\MatchRatingApproachEncoderTest.java,MatchRatingApproachEncoderTest.java,MatchRatingApproachEncoderTest,testGetEncoding_One_Letter_to_Nothing,1,0,void,final,true,true,true,true
C:\Users\simon\Documents\Code\thesis-code\commons-codec-master\src\test\java\org\apache\commons\codec\language\MatchRatingApproachEncoderTest.java,MatchRatingApproachEncoderTest.java,MatchRatingApproachEncoderTest,testGetEncoding_SMITH_to_SMTH,1,0,void,final,true,true,true,true
C:\Users\simon\Documents\Code\thesis-code\commons-codec-master\src\test\java\org\apache\commons\codec\language\MatchRatingApproachEncoderTest.java,MatchRatingApproachEncoderTest.java,MatchRatingApproachEncoderTest,testGetEncoding_SMYTH_to_SMYTH,1,0,void,final,true,true,true,true
C:\Users\simon\Documents\Code\thesis-code\commons-codec-master\src\test\java\org\apache\commons\codec\language\MatchRatingApproachEncoderTest.java,MatchRatingApproachEncoderTest.java,MatchRatingApproachEncoderTest,testGetEncoding_Space_to_Nothing,1,0,void,final,true,true,true,true
C:\Users\simon\Documents\Code\thesis-code\commons-codec-master\src\test\java\org\apache\commons\codec\language\MatchRatingApproachEncoderTest.java,MatchRatingApproachEncoderTest.java,MatchRatingApproachEncoderTest,testGetFirstLast3__ALEXANDER_Returns_Aleder,1,0,void,final,true,true,true,true
C:\Users\simon\Documents\Code\thesis-code\commons-codec-master\src\test\java\org\apache\commons\codec\language\MatchRatingApproachEncoderTest.java,MatchRatingApproachEncoderTest.java,MatchRatingApproachEncoderTest,testGetFirstLast3_PETE_Returns_PETE,1,0,void,final,true,true,true,true
C:\Users\simon\Documents\Code\thesis-code\commons-codec-master\src\test\java\org\apache\commons\codec\language\MatchRatingApproachEncoderTest.java,MatchRatingApproachEncoderTest.java,MatchRatingApproachEncoderTest,testGetMinRating_1_Returns5_Successfully,1,0,void,final,true,true,true,true
C:\Users\simon\Documents\Code\thesis-code\commons-codec-master\src\test\java\org\apache\commons\codec\language\MatchRatingApproachEncoderTest.java,MatchRatingApproachEncoderTest.java,MatchRatingApproachEncoderTest,testgetMinRating_10_Returns3_Successfully,1,0,void,final,true,true,true,true
C:\Users\simon\Documents\Code\thesis-code\commons-codec-master\src\test\java\org\apache\commons\codec\language\MatchRatingApproachEncoderTest.java,MatchRatingApproachEncoderTest.java,MatchRatingApproachEncoderTest,testgetMinRating_11_Returns_3_Successfully,1,0,void,final,true,true,true,true
C:\Users\simon\Documents\Code\thesis-code\commons-codec-master\src\test\java\org\apache\commons\codec\language\MatchRatingApproachEncoderTest.java,MatchRatingApproachEncoderTest.java,MatchRatingApproachEncoderTest,testGetMinRating_13_Returns_1_Successfully,1,0,void,final,true,true,true,true
C:\Users\simon\Documents\Code\thesis-code\commons-codec-master\src\test\java\org\apache\commons\codec\language\MatchRatingApproachEncoderTest.java,MatchRatingApproachEncoderTest.java,MatchRatingApproachEncoderTest,testGetMinRating_2_Returns5_Successfully,1,0,void,final,true,true,true,true
C:\Users\simon\Documents\Code\thesis-code\commons-codec-master\src\test\java\org\apache\commons\codec\language\MatchRatingApproachEncoderTest.java,MatchRatingApproachEncoderTest.java,MatchRatingApproachEncoderTest,testgetMinRating_5_Returns4_Successfully,1,0,void,final,true,true,true,true
C:\Users\simon\Documents\Code\thesis-code\commons-codec-master\src\test\java\org\apache\commons\codec\language\MatchRatingApproachEncoderTest.java,MatchRatingApproachEncoderTest.java,MatchRatingApproachEncoderTest,testgetMinRating_5_Returns4_Successfully2,1,0,void,final,true,true,true,true
C:\Users\simon\Documents\Code\thesis-code\commons-codec-master\src\test\java\org\apache\commons\codec\language\MatchRatingApproachEncoderTest.java,MatchRatingApproachEncoderTest.java,MatchRatingApproachEncoderTest,testgetMinRating_6_Returns4_Successfully,1,0,void,final,true,true,true,true
C:\Users\simon\Documents\Code\thesis-code\commons-codec-master\src\test\java\org\apache\commons\codec\language\MatchRatingApproachEncoderTest.java,MatchRatingApproachEncoderTest.java,MatchRatingApproachEncoderTest,testGetMinRating_7_Return4_Successfully,1,0,void,final,true,true,true,true
C:\Users\simon\Documents\Code\thesis-code\commons-codec-master\src\test\java\org\apache\commons\codec\language\MatchRatingApproachEncoderTest.java,MatchRatingApproachEncoderTest.java,MatchRatingApproachEncoderTest,testgetMinRating_7_Returns4_Successfully,1,0,void,final,true,true,true,true
C:\Users\simon\Documents\Code\thesis-code\commons-codec-master\src\test\java\org\apache\commons\codec\language\MatchRatingApproachEncoderTest.java,MatchRatingApproachEncoderTest.java,MatchRatingApproachEncoderTest,testgetMinRating_8_Returns3_Successfully,1,0,void,final,true,true,true,true
C:\Users\simon\Documents\Code\thesis-code\commons-codec-master\src\test\java\org\apache\commons\codec\language\MatchRatingApproachEncoderTest.java,MatchRatingApproachEncoderTest.java,MatchRatingApproachEncoderTest,testIsEncodeEquals_CornerCase_FirstNameJust1Letter_ReturnsFalse,1,0,void,final,true,true,true,true
C:\Users\simon\Documents\Code\thesis-code\commons-codec-master\src\test\java\org\apache\commons\codec\language\MatchRatingApproachEncoderTest.java,MatchRatingApproachEncoderTest.java,MatchRatingApproachEncoderTest,testIsEncodeEquals_CornerCase_FirstNameJustSpace_ReturnsFalse,1,0,void,final,true,true,true,true
C:\Users\simon\Documents\Code\thesis-code\commons-codec-master\src\test\java\org\apache\commons\codec\language\MatchRatingApproachEncoderTest.java,MatchRatingApproachEncoderTest.java,MatchRatingApproachEncoderTest,testIsEncodeEquals_CornerCase_FirstNameNothing_ReturnsFalse,1,0,void,final,true,true,true,true
C:\Users\simon\Documents\Code\thesis-code\commons-codec-master\src\test\java\org\apache\commons\codec\language\MatchRatingApproachEncoderTest.java,MatchRatingApproachEncoderTest.java,MatchRatingApproachEncoderTest,testIsEncodeEquals_CornerCase_FirstNameNull_ReturnsFalse,1,0,void,final,true,true,true,true
C:\Users\simon\Documents\Code\thesis-code\commons-codec-master\src\test\java\org\apache\commons\codec\language\MatchRatingApproachEncoderTest.java,MatchRatingApproachEncoderTest.java,MatchRatingApproachEncoderTest,testIsEncodeEquals_CornerCase_SecondNameJustSpace_ReturnsFalse,1,0,void,final,true,true,true,true
C:\Users\simon\Documents\Code\thesis-code\commons-codec-master\src\test\java\org\apache\commons\codec\language\MatchRatingApproachEncoderTest.java,MatchRatingApproachEncoderTest.java,MatchRatingApproachEncoderTest,testIsEncodeEquals_CornerCase_SecondNameNothing_ReturnsFalse,1,0,void,final,true,true,true,true
C:\Users\simon\Documents\Code\thesis-code\commons-codec-master\src\test\java\org\apache\commons\codec\language\MatchRatingApproachEncoderTest.java,MatchRatingApproachEncoderTest.java,MatchRatingApproachEncoderTest,testIsEncodeEquals_CornerCase_SecondNameNull_ReturnsFalse,1,0,void,final,true,true,true,true
C:\Users\simon\Documents\Code\thesis-code\commons-codec-master\src\test\java\org\apache\commons\codec\language\MatchRatingApproachEncoderTest.java,MatchRatingApproachEncoderTest.java,MatchRatingApproachEncoderTest,testIsEncodeEqualsSecondNameJust1Letter_ReturnsFalse,1,0,void,final,true,true,true,true
C:\Users\simon\Documents\Code\thesis-code\commons-codec-master\src\test\java\org\apache\commons\codec\language\MatchRatingApproachEncoderTest.java,MatchRatingApproachEncoderTest.java,MatchRatingApproachEncoderTest,testIsVowel_CapitalA_ReturnsTrue,1,0,void,final,true,true,true,true
C:\Users\simon\Documents\Code\thesis-code\commons-codec-master\src\test\java\org\apache\commons\codec\language\MatchRatingApproachEncoderTest.java,MatchRatingApproachEncoderTest.java,MatchRatingApproachEncoderTest,testIsVowel_SingleVowel_ReturnsTrue,1,0,void,final,true,true,true,true
C:\Users\simon\Documents\Code\thesis-code\commons-codec-master\src\test\java\org\apache\commons\codec\language\MatchRatingApproachEncoderTest.java,MatchRatingApproachEncoderTest.java,MatchRatingApproachEncoderTest,testIsVowel_SmallD_ReturnsFalse,1,0,void,final,true,true,true,true
C:\Users\simon\Documents\Code\thesis-code\commons-codec-master\src\test\java\org\apache\commons\codec\language\MatchRatingApproachEncoderTest.java,MatchRatingApproachEncoderTest.java,MatchRatingApproachEncoderTest,testLeftToRightThenRightToLeft_ALEXANDER_ALEXANDRA_Returns4,1,0,void,final,true,true,true,true
C:\Users\simon\Documents\Code\thesis-code\commons-codec-master\src\test\java\org\apache\commons\codec\language\MatchRatingApproachEncoderTest.java,MatchRatingApproachEncoderTest.java,MatchRatingApproachEncoderTest,testLeftToRightThenRightToLeft_EINSTEIN_MICHAELA_Returns0,1,0,void,final,true,true,true,true
C:\Users\simon\Documents\Code\thesis-code\commons-codec-master\src\test\java\org\apache\commons\codec\language\MatchRatingApproachEncoderTest.java,MatchRatingApproachEncoderTest.java,MatchRatingApproachEncoderTest,testPunctuationOnly,1,0,void,final,true,true,true,true
C:\Users\simon\Documents\Code\thesis-code\commons-codec-master\src\test\java\org\apache\commons\codec\language\MatchRatingApproachEncoderTest.java,MatchRatingApproachEncoderTest.java,MatchRatingApproachEncoderTest,testRemoveDoubleConsonants_MISSISSIPPI_RemovedSuccessfully,1,0,void,final,true,true,true,true
C:\Users\simon\Documents\Code\thesis-code\commons-codec-master\src\test\java\org\apache\commons\codec\language\MatchRatingApproachEncoderTest.java,MatchRatingApproachEncoderTest.java,MatchRatingApproachEncoderTest,testRemoveDoubleDoubleVowel_BEETLE_NotRemoved,1,0,void,final,true,true,true,true
C:\Users\simon\Documents\Code\thesis-code\commons-codec-master\src\test\java\org\apache\commons\codec\language\MatchRatingApproachEncoderTest.java,MatchRatingApproachEncoderTest.java,MatchRatingApproachEncoderTest,testRemoveSingleDoubleConsonants_BUBLE_RemovedSuccessfully,1,0,void,final,true,true,true,true
C:\Users\simon\Documents\Code\thesis-code\commons-codec-master\src\test\java\org\apache\commons\codec\language\MatchRatingApproachEncoderTest.java,MatchRatingApproachEncoderTest.java,MatchRatingApproachEncoderTest,testRemoveVowel__AIDAN_Returns_ADN,1,0,void,final,true,true,true,true
C:\Users\simon\Documents\Code\thesis-code\commons-codec-master\src\test\java\org\apache\commons\codec\language\MatchRatingApproachEncoderTest.java,MatchRatingApproachEncoderTest.java,MatchRatingApproachEncoderTest,testRemoveVowel__DECLAN_Returns_DCLN,1,0,void,final,true,true,true,true
C:\Users\simon\Documents\Code\thesis-code\commons-codec-master\src\test\java\org\apache\commons\codec\language\MatchRatingApproachEncoderTest.java,MatchRatingApproachEncoderTest.java,MatchRatingApproachEncoderTest,testRemoveVowel_ALESSANDRA_Returns_ALSSNDR,1,0,void,final,true,true,true,true
C:\Users\simon\Documents\Code\thesis-code\commons-codec-master\src\test\java\org\apache\commons\codec\language\MatchRatingApproachEncoderTest.java,MatchRatingApproachEncoderTest.java,MatchRatingApproachEncoderTest,testVowelAndPunctuationOnly,1,0,void,final,true,true,true,true
C:\Users\simon\Documents\Code\thesis-code\commons-codec-master\src\test\java\org\apache\commons\codec\language\MatchRatingApproachEncoderTest.java,MatchRatingApproachEncoderTest.java,MatchRatingApproachEncoderTest,testVowelOnly,1,0,void,final,true,true,true,true
C:\Users\simon\Documents\Code\thesis-code\commons-codec-master\src\test\java\org\apache\commons\codec\language\MetaphoneTest.java,MetaphoneTest.java,MetaphoneTest,assertIsMetaphoneEqual,2,2,void,public,false,false,true,true
C:\Users\simon\Documents\Code\thesis-code\commons-codec-master\src\test\java\org\apache\commons\codec\language\MetaphoneTest.java,MetaphoneTest.java,MetaphoneTest,assertMetaphoneEqual,2,1,void,public,false,false,true,true
C:\Users\simon\Documents\Code\thesis-code\commons-codec-master\src\test\java\org\apache\commons\codec\language\MetaphoneTest.java,MetaphoneTest.java,MetaphoneTest,createStringEncoder,1,0,Metaphone,protected,false,false,true,true
C:\Users\simon\Documents\Code\thesis-code\commons-codec-master\src\test\java\org\apache\commons\codec\language\MetaphoneTest.java,MetaphoneTest.java,MetaphoneTest,testDiscardOfSCEOrSCIOrSCY,3,0,void,,true,true,true,true
C:\Users\simon\Documents\Code\thesis-code\commons-codec-master\src\test\java\org\apache\commons\codec\language\MetaphoneTest.java,MetaphoneTest.java,MetaphoneTest,testDiscardOfSilentGN,2,0,void,,true,true,true,true
C:\Users\simon\Documents\Code\thesis-code\commons-codec-master\src\test\java\org\apache\commons\codec\language\MetaphoneTest.java,MetaphoneTest.java,MetaphoneTest,testDiscardOfSilentHAfterG,2,0,void,,true,true,true,true
C:\Users\simon\Documents\Code\thesis-code\commons-codec-master\src\test\java\org\apache\commons\codec\language\MetaphoneTest.java,MetaphoneTest.java,MetaphoneTest,testExceedLength,1,0,void,,true,true,true,true
C:\Users\simon\Documents\Code\thesis-code\commons-codec-master\src\test\java\org\apache\commons\codec\language\MetaphoneTest.java,MetaphoneTest.java,MetaphoneTest,testIsMetaphoneEqual1,1,0,void,,true,true,true,true
C:\Users\simon\Documents\Code\thesis-code\commons-codec-master\src\test\java\org\apache\commons\codec\language\MetaphoneTest.java,MetaphoneTest.java,MetaphoneTest,testIsMetaphoneEqual2,1,0,void,,true,true,true,true
C:\Users\simon\Documents\Code\thesis-code\commons-codec-master\src\test\java\org\apache\commons\codec\language\MetaphoneTest.java,MetaphoneTest.java,MetaphoneTest,testIsMetaphoneEqualAero,1,0,void,,true,true,true,true
C:\Users\simon\Documents\Code\thesis-code\commons-codec-master\src\test\java\org\apache\commons\codec\language\MetaphoneTest.java,MetaphoneTest.java,MetaphoneTest,testIsMetaphoneEqualAlbert,1,0,void,,true,true,true,true
C:\Users\simon\Documents\Code\thesis-code\commons-codec-master\src\test\java\org\apache\commons\codec\language\MetaphoneTest.java,MetaphoneTest.java,MetaphoneTest,testIsMetaphoneEqualGary,1,0,void,,true,true,true,true
C:\Users\simon\Documents\Code\thesis-code\commons-codec-master\src\test\java\org\apache\commons\codec\language\MetaphoneTest.java,MetaphoneTest.java,MetaphoneTest,testIsMetaphoneEqualJohn,1,0,void,,true,true,true,true
C:\Users\simon\Documents\Code\thesis-code\commons-codec-master\src\test\java\org\apache\commons\codec\language\MetaphoneTest.java,MetaphoneTest.java,MetaphoneTest,testIsMetaphoneEqualKnight,1,0,void,,true,true,true,true
C:\Users\simon\Documents\Code\thesis-code\commons-codec-master\src\test\java\org\apache\commons\codec\language\MetaphoneTest.java,MetaphoneTest.java,MetaphoneTest,testIsMetaphoneEqualMary,1,0,void,,true,true,true,true
C:\Users\simon\Documents\Code\thesis-code\commons-codec-master\src\test\java\org\apache\commons\codec\language\MetaphoneTest.java,MetaphoneTest.java,MetaphoneTest,testIsMetaphoneEqualParis,1,0,void,,true,true,true,true
C:\Users\simon\Documents\Code\thesis-code\commons-codec-master\src\test\java\org\apache\commons\codec\language\MetaphoneTest.java,MetaphoneTest.java,MetaphoneTest,testIsMetaphoneEqualPeter,1,0,void,,true,true,true,true
C:\Users\simon\Documents\Code\thesis-code\commons-codec-master\src\test\java\org\apache\commons\codec\language\MetaphoneTest.java,MetaphoneTest.java,MetaphoneTest,testIsMetaphoneEqualRay,1,0,void,,true,true,true,true
C:\Users\simon\Documents\Code\thesis-code\commons-codec-master\src\test\java\org\apache\commons\codec\language\MetaphoneTest.java,MetaphoneTest.java,MetaphoneTest,testIsMetaphoneEqualSusan,1,0,void,,true,true,true,true
C:\Users\simon\Documents\Code\thesis-code\commons-codec-master\src\test\java\org\apache\commons\codec\language\MetaphoneTest.java,MetaphoneTest.java,MetaphoneTest,testIsMetaphoneEqualWhite,1,0,void,,true,true,true,true
C:\Users\simon\Documents\Code\thesis-code\commons-codec-master\src\test\java\org\apache\commons\codec\language\MetaphoneTest.java,MetaphoneTest.java,MetaphoneTest,testIsMetaphoneEqualWright,1,0,void,,true,true,true,true
C:\Users\simon\Documents\Code\thesis-code\commons-codec-master\src\test\java\org\apache\commons\codec\language\MetaphoneTest.java,MetaphoneTest.java,MetaphoneTest,testIsMetaphoneEqualXalan,1,0,void,,true,true,true,true
C:\Users\simon\Documents\Code\thesis-code\commons-codec-master\src\test\java\org\apache\commons\codec\language\MetaphoneTest.java,MetaphoneTest.java,MetaphoneTest,testMetaphone,11,0,void,,true,true,true,true
C:\Users\simon\Documents\Code\thesis-code\commons-codec-master\src\test\java\org\apache\commons\codec\language\MetaphoneTest.java,MetaphoneTest.java,MetaphoneTest,testPHTOF,1,0,void,,true,true,true,true
C:\Users\simon\Documents\Code\thesis-code\commons-codec-master\src\test\java\org\apache\commons\codec\language\MetaphoneTest.java,MetaphoneTest.java,MetaphoneTest,testSetMaxLengthWithTruncation,2,0,void,,true,true,true,true
C:\Users\simon\Documents\Code\thesis-code\commons-codec-master\src\test\java\org\apache\commons\codec\language\MetaphoneTest.java,MetaphoneTest.java,MetaphoneTest,testSHAndSIOAndSIAToX,3,0,void,,true,true,true,true
C:\Users\simon\Documents\Code\thesis-code\commons-codec-master\src\test\java\org\apache\commons\codec\language\MetaphoneTest.java,MetaphoneTest.java,MetaphoneTest,testTCH,2,0,void,,true,true,true,true
C:\Users\simon\Documents\Code\thesis-code\commons-codec-master\src\test\java\org\apache\commons\codec\language\MetaphoneTest.java,MetaphoneTest.java,MetaphoneTest,testTIOAndTIAToX,2,0,void,,true,true,true,true
C:\Users\simon\Documents\Code\thesis-code\commons-codec-master\src\test\java\org\apache\commons\codec\language\MetaphoneTest.java,MetaphoneTest.java,MetaphoneTest,testTranslateOfSCHAndCH,4,0,void,,true,true,true,true
C:\Users\simon\Documents\Code\thesis-code\commons-codec-master\src\test\java\org\apache\commons\codec\language\MetaphoneTest.java,MetaphoneTest.java,MetaphoneTest,testTranslateToJOfDGEOrDGIOrDGY,3,0,void,,true,true,true,true
C:\Users\simon\Documents\Code\thesis-code\commons-codec-master\src\test\java\org\apache\commons\codec\language\MetaphoneTest.java,MetaphoneTest.java,MetaphoneTest,testWhy,1,0,void,,true,true,true,true
C:\Users\simon\Documents\Code\thesis-code\commons-codec-master\src\test\java\org\apache\commons\codec\language\MetaphoneTest.java,MetaphoneTest.java,MetaphoneTest,testWordEndingInMB,3,0,void,,true,true,true,true
C:\Users\simon\Documents\Code\thesis-code\commons-codec-master\src\test\java\org\apache\commons\codec\language\MetaphoneTest.java,MetaphoneTest.java,MetaphoneTest,testWordsWithCIA,1,0,void,,true,true,true,true
C:\Users\simon\Documents\Code\thesis-code\commons-codec-master\src\test\java\org\apache\commons\codec\language\MetaphoneTest.java,MetaphoneTest.java,MetaphoneTest,validateFixture,2,1,void,public,false,false,true,true
C:\Users\simon\Documents\Code\thesis-code\commons-codec-master\src\test\java\org\apache\commons\codec\language\NysiisTest.java,NysiisTest.java,NysiisTest,assertEncodings,1,1,void,private,false,false,true,true
C:\Users\simon\Documents\Code\thesis-code\commons-codec-master\src\test\java\org\apache\commons\codec\language\NysiisTest.java,NysiisTest.java,NysiisTest,createStringEncoder,1,0,Nysiis,protected,false,false,true,true
C:\Users\simon\Documents\Code\thesis-code\commons-codec-master\src\test\java\org\apache\commons\codec\language\NysiisTest.java,NysiisTest.java,NysiisTest,encodeAll,1,2,void,private,false,false,true,true
C:\Users\simon\Documents\Code\thesis-code\commons-codec-master\src\test\java\org\apache\commons\codec\language\NysiisTest.java,NysiisTest.java,NysiisTest,testBran,1,0,void,,true,true,true,true
C:\Users\simon\Documents\Code\thesis-code\commons-codec-master\src\test\java\org\apache\commons\codec\language\NysiisTest.java,NysiisTest.java,NysiisTest,testCap,1,0,void,,true,true,true,true
C:\Users\simon\Documents\Code\thesis-code\commons-codec-master\src\test\java\org\apache\commons\codec\language\NysiisTest.java,NysiisTest.java,NysiisTest,testDad,1,0,void,,true,true,true,true
C:\Users\simon\Documents\Code\thesis-code\commons-codec-master\src\test\java\org\apache\commons\codec\language\NysiisTest.java,NysiisTest.java,NysiisTest,testDan,1,0,void,,true,true,true,true
C:\Users\simon\Documents\Code\thesis-code\commons-codec-master\src\test\java\org\apache\commons\codec\language\NysiisTest.java,NysiisTest.java,NysiisTest,testDropBy,1,0,void,,true,true,true,true
C:\Users\simon\Documents\Code\thesis-code\commons-codec-master\src\test\java\org\apache\commons\codec\language\NysiisTest.java,NysiisTest.java,NysiisTest,testFal,1,0,void,,true,true,true,true
C:\Users\simon\Documents\Code\thesis-code\commons-codec-master\src\test\java\org\apache\commons\codec\language\NysiisTest.java,NysiisTest.java,NysiisTest,testOthers,1,0,void,,true,true,true,true
C:\Users\simon\Documents\Code\thesis-code\commons-codec-master\src\test\java\org\apache\commons\codec\language\NysiisTest.java,NysiisTest.java,NysiisTest,testRule1,1,0,void,,true,true,true,true
C:\Users\simon\Documents\Code\thesis-code\commons-codec-master\src\test\java\org\apache\commons\codec\language\NysiisTest.java,NysiisTest.java,NysiisTest,testRule2,1,0,void,,true,true,true,true
C:\Users\simon\Documents\Code\thesis-code\commons-codec-master\src\test\java\org\apache\commons\codec\language\NysiisTest.java,NysiisTest.java,NysiisTest,testRule4Dot1,1,0,void,,true,true,true,true
C:\Users\simon\Documents\Code\thesis-code\commons-codec-master\src\test\java\org\apache\commons\codec\language\NysiisTest.java,NysiisTest.java,NysiisTest,testRule4Dot2,1,0,void,,true,true,true,true
C:\Users\simon\Documents\Code\thesis-code\commons-codec-master\src\test\java\org\apache\commons\codec\language\NysiisTest.java,NysiisTest.java,NysiisTest,testRule5,1,0,void,,true,true,true,true
C:\Users\simon\Documents\Code\thesis-code\commons-codec-master\src\test\java\org\apache\commons\codec\language\NysiisTest.java,NysiisTest.java,NysiisTest,testRule6,1,0,void,,true,true,true,true
C:\Users\simon\Documents\Code\thesis-code\commons-codec-master\src\test\java\org\apache\commons\codec\language\NysiisTest.java,NysiisTest.java,NysiisTest,testRule7,1,0,void,,true,true,true,true
C:\Users\simon\Documents\Code\thesis-code\commons-codec-master\src\test\java\org\apache\commons\codec\language\NysiisTest.java,NysiisTest.java,NysiisTest,testSnad,1,0,void,,true,true,true,true
C:\Users\simon\Documents\Code\thesis-code\commons-codec-master\src\test\java\org\apache\commons\codec\language\NysiisTest.java,NysiisTest.java,NysiisTest,testSnat,1,0,void,,true,true,true,true
C:\Users\simon\Documents\Code\thesis-code\commons-codec-master\src\test\java\org\apache\commons\codec\language\NysiisTest.java,NysiisTest.java,NysiisTest,testSpecialBranches,7,0,void,,true,true,true,true
C:\Users\simon\Documents\Code\thesis-code\commons-codec-master\src\test\java\org\apache\commons\codec\language\NysiisTest.java,NysiisTest.java,NysiisTest,testTranan,1,0,void,,true,true,true,true
C:\Users\simon\Documents\Code\thesis-code\commons-codec-master\src\test\java\org\apache\commons\codec\language\NysiisTest.java,NysiisTest.java,NysiisTest,testTrueVariant,4,0,void,,true,true,true,true
C:\Users\simon\Documents\Code\thesis-code\commons-codec-master\src\test\java\org\apache\commons\codec\language\RefinedSoundexTest.java,RefinedSoundexTest.java,RefinedSoundexTest,createStringEncoder,1,0,RefinedSoundex,protected,false,false,true,true
C:\Users\simon\Documents\Code\thesis-code\commons-codec-master\src\test\java\org\apache\commons\codec\language\RefinedSoundexTest.java,RefinedSoundexTest.java,RefinedSoundexTest,testDifference,12,0,void,,true,true,true,true
C:\Users\simon\Documents\Code\thesis-code\commons-codec-master\src\test\java\org\apache\commons\codec\language\RefinedSoundexTest.java,RefinedSoundexTest.java,RefinedSoundexTest,testEncode,12,0,void,,true,true,true,true
C:\Users\simon\Documents\Code\thesis-code\commons-codec-master\src\test\java\org\apache\commons\codec\language\RefinedSoundexTest.java,RefinedSoundexTest.java,RefinedSoundexTest,testGetMappingCodeNonLetter,2,0,void,,true,true,true,true
C:\Users\simon\Documents\Code\thesis-code\commons-codec-master\src\test\java\org\apache\commons\codec\language\RefinedSoundexTest.java,RefinedSoundexTest.java,RefinedSoundexTest,testInvalidSoundexCharacter,3,0,void,,true,true,true,true
C:\Users\simon\Documents\Code\thesis-code\commons-codec-master\src\test\java\org\apache\commons\codec\language\RefinedSoundexTest.java,RefinedSoundexTest.java,RefinedSoundexTest,testNewInstance,1,0,void,,true,true,true,true
C:\Users\simon\Documents\Code\thesis-code\commons-codec-master\src\test\java\org\apache\commons\codec\language\RefinedSoundexTest.java,RefinedSoundexTest.java,RefinedSoundexTest,testNewInstance2,1,0,void,,true,true,true,true
C:\Users\simon\Documents\Code\thesis-code\commons-codec-master\src\test\java\org\apache\commons\codec\language\RefinedSoundexTest.java,RefinedSoundexTest.java,RefinedSoundexTest,testNewInstance3,1,0,void,,true,true,true,true
C:\Users\simon\Documents\Code\thesis-code\commons-codec-master\src\test\java\org\apache\commons\codec\language\SoundexTest.java,SoundexTest.java,SoundexTest,createStringEncoder,1,0,Soundex,protected,false,false,true,true
C:\Users\simon\Documents\Code\thesis-code\commons-codec-master\src\test\java\org\apache\commons\codec\language\SoundexTest.java,SoundexTest.java,SoundexTest,testB650,1,0,void,,true,true,true,true
C:\Users\simon\Documents\Code\thesis-code\commons-codec-master\src\test\java\org\apache\commons\codec\language\SoundexTest.java,SoundexTest.java,SoundexTest,testBadCharacters,1,0,void,,true,true,true,true
C:\Users\simon\Documents\Code\thesis-code\commons-codec-master\src\test\java\org\apache\commons\codec\language\SoundexTest.java,SoundexTest.java,SoundexTest,testDifference,12,0,void,,true,true,true,true
C:\Users\simon\Documents\Code\thesis-code\commons-codec-master\src\test\java\org\apache\commons\codec\language\SoundexTest.java,SoundexTest.java,SoundexTest,testEncodeBasic,10,0,void,,true,true,true,true
C:\Users\simon\Documents\Code\thesis-code\commons-codec-master\src\test\java\org\apache\commons\codec\language\SoundexTest.java,SoundexTest.java,SoundexTest,testEncodeBatch2,16,0,void,,true,true,true,true
C:\Users\simon\Documents\Code\thesis-code\commons-codec-master\src\test\java\org\apache\commons\codec\language\SoundexTest.java,SoundexTest.java,SoundexTest,testEncodeBatch3,7,0,void,,true,true,true,true
C:\Users\simon\Documents\Code\thesis-code\commons-codec-master\src\test\java\org\apache\commons\codec\language\SoundexTest.java,SoundexTest.java,SoundexTest,testEncodeBatch4,8,0,void,,true,true,true,true
C:\Users\simon\Documents\Code\thesis-code\commons-codec-master\src\test\java\org\apache\commons\codec\language\SoundexTest.java,SoundexTest.java,SoundexTest,testEncodeIgnoreApostrophes,1,0,void,,true,true,true,true
C:\Users\simon\Documents\Code\thesis-code\commons-codec-master\src\test\java\org\apache\commons\codec\language\SoundexTest.java,SoundexTest.java,SoundexTest,testEncodeIgnoreHyphens,1,0,void,,true,true,true,true
C:\Users\simon\Documents\Code\thesis-code\commons-codec-master\src\test\java\org\apache\commons\codec\language\SoundexTest.java,SoundexTest.java,SoundexTest,testEncodeIgnoreTrimmable,1,0,void,,true,true,true,true
C:\Users\simon\Documents\Code\thesis-code\commons-codec-master\src\test\java\org\apache\commons\codec\language\SoundexTest.java,SoundexTest.java,SoundexTest,testGenealogy,8,0,"// examples and algorithm rules from:  http://www.genealogy.com/articles/research/00000060.html
void",,true,true,true,true
C:\Users\simon\Documents\Code\thesis-code\commons-codec-master\src\test\java\org\apache\commons\codec\language\SoundexTest.java,SoundexTest.java,SoundexTest,testHWRuleEx1,4,0,void,,true,true,true,true
C:\Users\simon\Documents\Code\thesis-code\commons-codec-master\src\test\java\org\apache\commons\codec\language\SoundexTest.java,SoundexTest.java,SoundexTest,testHWRuleEx2,2,0,void,,true,true,true,true
C:\Users\simon\Documents\Code\thesis-code\commons-codec-master\src\test\java\org\apache\commons\codec\language\SoundexTest.java,SoundexTest.java,SoundexTest,testHWRuleEx3,3,0,void,,true,true,true,true
C:\Users\simon\Documents\Code\thesis-code\commons-codec-master\src\test\java\org\apache\commons\codec\language\SoundexTest.java,SoundexTest.java,SoundexTest,testMsSqlServer1,2,0,void,,true,true,true,true
C:\Users\simon\Documents\Code\thesis-code\commons-codec-master\src\test\java\org\apache\commons\codec\language\SoundexTest.java,SoundexTest.java,SoundexTest,testMsSqlServer2,1,0,void,,true,true,true,true
C:\Users\simon\Documents\Code\thesis-code\commons-codec-master\src\test\java\org\apache\commons\codec\language\SoundexTest.java,SoundexTest.java,SoundexTest,testMsSqlServer3,9,0,void,,true,true,true,true
C:\Users\simon\Documents\Code\thesis-code\commons-codec-master\src\test\java\org\apache\commons\codec\language\SoundexTest.java,SoundexTest.java,SoundexTest,testNewInstance,1,0,void,,true,true,true,true
C:\Users\simon\Documents\Code\thesis-code\commons-codec-master\src\test\java\org\apache\commons\codec\language\SoundexTest.java,SoundexTest.java,SoundexTest,testNewInstance2,1,0,void,,true,true,true,true
C:\Users\simon\Documents\Code\thesis-code\commons-codec-master\src\test\java\org\apache\commons\codec\language\SoundexTest.java,SoundexTest.java,SoundexTest,testNewInstance3,1,0,void,,true,true,true,true
C:\Users\simon\Documents\Code\thesis-code\commons-codec-master\src\test\java\org\apache\commons\codec\language\SoundexTest.java,SoundexTest.java,SoundexTest,testSimplifiedSoundex,9,0,"// examples and algorithm rules from:  http://west-penwith.org.uk/misc/soundex.htm
void",,true,true,true,true
C:\Users\simon\Documents\Code\thesis-code\commons-codec-master\src\test\java\org\apache\commons\codec\language\SoundexTest.java,SoundexTest.java,SoundexTest,testSoundexUtilsConstructable,1,0,void,,true,true,true,true
C:\Users\simon\Documents\Code\thesis-code\commons-codec-master\src\test\java\org\apache\commons\codec\language\SoundexTest.java,SoundexTest.java,SoundexTest,testSoundexUtilsNullBehaviour,4,0,void,,true,true,true,true
C:\Users\simon\Documents\Code\thesis-code\commons-codec-master\src\test\java\org\apache\commons\codec\language\SoundexTest.java,SoundexTest.java,SoundexTest,testUsEnglishStatic,1,0,void,,true,true,true,true
C:\Users\simon\Documents\Code\thesis-code\commons-codec-master\src\test\java\org\apache\commons\codec\language\SoundexTest.java,SoundexTest.java,SoundexTest,testUsMappingEWithAcute,2,0,void,,true,true,true,true
C:\Users\simon\Documents\Code\thesis-code\commons-codec-master\src\test\java\org\apache\commons\codec\language\SoundexTest.java,SoundexTest.java,SoundexTest,testUsMappingOWithDiaeresis,2,0,void,,true,true,true,true
C:\Users\simon\Documents\Code\thesis-code\commons-codec-master\src\test\java\org\apache\commons\codec\language\SoundexTest.java,SoundexTest.java,SoundexTest,testWikipediaAmericanSoundex,6,0,void,,true,true,true,true
C:\Users\simon\Documents\Code\thesis-code\commons-codec-master\src\test\java\org\apache\commons\codec\net\BCodecTest.java,BCodecTest.java,BCodecTest,constructString,3,1,String,private,false,false,true,true
C:\Users\simon\Documents\Code\thesis-code\commons-codec-master\src\test\java\org\apache\commons\codec\net\BCodecTest.java,BCodecTest.java,BCodecTest,testBase64ImpossibleSamplesDefault,3,0,void,,true,true,true,true
C:\Users\simon\Documents\Code\thesis-code\commons-codec-master\src\test\java\org\apache\commons\codec\net\BCodecTest.java,BCodecTest.java,BCodecTest,testBase64ImpossibleSamplesLenient,3,0,void,,true,true,true,true
C:\Users\simon\Documents\Code\thesis-code\commons-codec-master\src\test\java\org\apache\commons\codec\net\BCodecTest.java,BCodecTest.java,BCodecTest,testBase64ImpossibleSamplesStrict,3,0,void,,true,true,true,true
C:\Users\simon\Documents\Code\thesis-code\commons-codec-master\src\test\java\org\apache\commons\codec\net\BCodecTest.java,BCodecTest.java,BCodecTest,testBasicEncodeDecode,5,0,void,,true,true,true,true
C:\Users\simon\Documents\Code\thesis-code\commons-codec-master\src\test\java\org\apache\commons\codec\net\BCodecTest.java,BCodecTest.java,BCodecTest,testDecodeObjects,7,0,void,,true,true,true,true
C:\Users\simon\Documents\Code\thesis-code\commons-codec-master\src\test\java\org\apache\commons\codec\net\BCodecTest.java,BCodecTest.java,BCodecTest,testDecodeStringWithNull,4,0,void,,true,true,true,true
C:\Users\simon\Documents\Code\thesis-code\commons-codec-master\src\test\java\org\apache\commons\codec\net\BCodecTest.java,BCodecTest.java,BCodecTest,testEncodeDecodeNull,3,0,void,,true,true,true,true
C:\Users\simon\Documents\Code\thesis-code\commons-codec-master\src\test\java\org\apache\commons\codec\net\BCodecTest.java,BCodecTest.java,BCodecTest,testEncodeObjects,7,0,void,,true,true,true,true
C:\Users\simon\Documents\Code\thesis-code\commons-codec-master\src\test\java\org\apache\commons\codec\net\BCodecTest.java,BCodecTest.java,BCodecTest,testEncodeStringWithNull,4,0,void,,true,true,true,true
C:\Users\simon\Documents\Code\thesis-code\commons-codec-master\src\test\java\org\apache\commons\codec\net\BCodecTest.java,BCodecTest.java,BCodecTest,testInvalidEncoding,1,0,void,,true,true,true,true
C:\Users\simon\Documents\Code\thesis-code\commons-codec-master\src\test\java\org\apache\commons\codec\net\BCodecTest.java,BCodecTest.java,BCodecTest,testNullInput,3,0,void,,true,true,true,true
C:\Users\simon\Documents\Code\thesis-code\commons-codec-master\src\test\java\org\apache\commons\codec\net\BCodecTest.java,BCodecTest.java,BCodecTest,testUTF8RoundTrip,7,0,void,,true,true,true,true
C:\Users\simon\Documents\Code\thesis-code\commons-codec-master\src\test\java\org\apache\commons\codec\net\PercentCodecTest.java,PercentCodecTest.java,PercentCodecTest,testBasicEncodeDecode,8,0,void,,true,true,true,true
C:\Users\simon\Documents\Code\thesis-code\commons-codec-master\src\test\java\org\apache\commons\codec\net\PercentCodecTest.java,PercentCodecTest.java,PercentCodecTest,testBasicSpace,4,0,void,,true,true,true,true
C:\Users\simon\Documents\Code\thesis-code\commons-codec-master\src\test\java\org\apache\commons\codec\net\PercentCodecTest.java,PercentCodecTest.java,PercentCodecTest,testConfigurablePercentEncoder,7,0,void,,true,true,true,true
C:\Users\simon\Documents\Code\thesis-code\commons-codec-master\src\test\java\org\apache\commons\codec\net\PercentCodecTest.java,PercentCodecTest.java,PercentCodecTest,testDecodeInvalidEncodedResultDecoding,4,0,void,,true,true,true,true
C:\Users\simon\Documents\Code\thesis-code\commons-codec-master\src\test\java\org\apache\commons\codec\net\PercentCodecTest.java,PercentCodecTest.java,PercentCodecTest,testDecodeNullObject,2,0,void,,true,true,true,true
C:\Users\simon\Documents\Code\thesis-code\commons-codec-master\src\test\java\org\apache\commons\codec\net\PercentCodecTest.java,PercentCodecTest.java,PercentCodecTest,testDecodeUnsupportedObject,2,0,void,,true,true,true,true
C:\Users\simon\Documents\Code\thesis-code\commons-codec-master\src\test\java\org\apache\commons\codec\net\PercentCodecTest.java,PercentCodecTest.java,PercentCodecTest,testEncodeNullObject,2,0,void,,true,true,true,true
C:\Users\simon\Documents\Code\thesis-code\commons-codec-master\src\test\java\org\apache\commons\codec\net\PercentCodecTest.java,PercentCodecTest.java,PercentCodecTest,testEncodeUnsupportedObject,2,0,void,,true,true,true,true
C:\Users\simon\Documents\Code\thesis-code\commons-codec-master\src\test\java\org\apache\commons\codec\net\PercentCodecTest.java,PercentCodecTest.java,PercentCodecTest,testInvalidByte,2,0,void,,true,true,true,true
C:\Users\simon\Documents\Code\thesis-code\commons-codec-master\src\test\java\org\apache\commons\codec\net\PercentCodecTest.java,PercentCodecTest.java,PercentCodecTest,testPercentEncoderDecoderWithNullOrEmptyInput,6,0,void,,true,true,true,true
C:\Users\simon\Documents\Code\thesis-code\commons-codec-master\src\test\java\org\apache\commons\codec\net\PercentCodecTest.java,PercentCodecTest.java,PercentCodecTest,testPercentEncoderDecoderWithPlusForSpace,7,0,void,,true,true,true,true
C:\Users\simon\Documents\Code\thesis-code\commons-codec-master\src\test\java\org\apache\commons\codec\net\PercentCodecTest.java,PercentCodecTest.java,PercentCodecTest,testSafeCharEncodeDecodeObject,8,0,void,,true,true,true,true
C:\Users\simon\Documents\Code\thesis-code\commons-codec-master\src\test\java\org\apache\commons\codec\net\PercentCodecTest.java,PercentCodecTest.java,PercentCodecTest,testUnsafeCharEncodeDecode,8,0,void,,true,true,true,true
C:\Users\simon\Documents\Code\thesis-code\commons-codec-master\src\test\java\org\apache\commons\codec\net\QCodecTest.java,QCodecTest.java,QCodecTest,constructString,3,1,String,private,false,false,true,true
C:\Users\simon\Documents\Code\thesis-code\commons-codec-master\src\test\java\org\apache\commons\codec\net\QCodecTest.java,QCodecTest.java,QCodecTest,testBasicEncodeDecode,5,0,void,,true,true,true,true
C:\Users\simon\Documents\Code\thesis-code\commons-codec-master\src\test\java\org\apache\commons\codec\net\QCodecTest.java,QCodecTest.java,QCodecTest,testDecodeObjects,7,0,void,,true,true,true,true
C:\Users\simon\Documents\Code\thesis-code\commons-codec-master\src\test\java\org\apache\commons\codec\net\QCodecTest.java,QCodecTest.java,QCodecTest,testDecodeStringWithNull,4,0,void,,true,true,true,true
C:\Users\simon\Documents\Code\thesis-code\commons-codec-master\src\test\java\org\apache\commons\codec\net\QCodecTest.java,QCodecTest.java,QCodecTest,testEncodeDecodeBlanks,14,0,void,,true,true,true,true
C:\Users\simon\Documents\Code\thesis-code\commons-codec-master\src\test\java\org\apache\commons\codec\net\QCodecTest.java,QCodecTest.java,QCodecTest,testEncodeDecodeNull,3,0,void,,true,true,true,true
C:\Users\simon\Documents\Code\thesis-code\commons-codec-master\src\test\java\org\apache\commons\codec\net\QCodecTest.java,QCodecTest.java,QCodecTest,testEncodeObjects,7,0,void,,true,true,true,true
C:\Users\simon\Documents\Code\thesis-code\commons-codec-master\src\test\java\org\apache\commons\codec\net\QCodecTest.java,QCodecTest.java,QCodecTest,testEncodeStringWithNull,4,0,void,,true,true,true,true
C:\Users\simon\Documents\Code\thesis-code\commons-codec-master\src\test\java\org\apache\commons\codec\net\QCodecTest.java,QCodecTest.java,QCodecTest,testInvalidEncoding,1,0,void,,true,true,true,true
C:\Users\simon\Documents\Code\thesis-code\commons-codec-master\src\test\java\org\apache\commons\codec\net\QCodecTest.java,QCodecTest.java,QCodecTest,testLetUsMakeCloverHappy,5,0,void,,true,true,true,true
C:\Users\simon\Documents\Code\thesis-code\commons-codec-master\src\test\java\org\apache\commons\codec\net\QCodecTest.java,QCodecTest.java,QCodecTest,testNullInput,3,0,void,,true,true,true,true
C:\Users\simon\Documents\Code\thesis-code\commons-codec-master\src\test\java\org\apache\commons\codec\net\QCodecTest.java,QCodecTest.java,QCodecTest,testUnsafeEncodeDecode,5,0,void,,true,true,true,true
C:\Users\simon\Documents\Code\thesis-code\commons-codec-master\src\test\java\org\apache\commons\codec\net\QCodecTest.java,QCodecTest.java,QCodecTest,testUTF8RoundTrip,7,0,void,,true,true,true,true
C:\Users\simon\Documents\Code\thesis-code\commons-codec-master\src\test\java\org\apache\commons\codec\net\QuotedPrintableCodecTest.java,QuotedPrintableCodecTest.java,QuotedPrintableCodecTest,constructString,3,1,String,private,false,false,true,true
C:\Users\simon\Documents\Code\thesis-code\commons-codec-master\src\test\java\org\apache\commons\codec\net\QuotedPrintableCodecTest.java,QuotedPrintableCodecTest.java,QuotedPrintableCodecTest,testBasicEncodeDecode,5,0,void,,true,true,true,true
C:\Users\simon\Documents\Code\thesis-code\commons-codec-master\src\test\java\org\apache\commons\codec\net\QuotedPrintableCodecTest.java,QuotedPrintableCodecTest.java,QuotedPrintableCodecTest,testDecodeInvalid,4,0,void,,true,true,true,true
C:\Users\simon\Documents\Code\thesis-code\commons-codec-master\src\test\java\org\apache\commons\codec\net\QuotedPrintableCodecTest.java,QuotedPrintableCodecTest.java,QuotedPrintableCodecTest,testDecodeObjects,11,0,void,,true,true,true,true
C:\Users\simon\Documents\Code\thesis-code\commons-codec-master\src\test\java\org\apache\commons\codec\net\QuotedPrintableCodecTest.java,QuotedPrintableCodecTest.java,QuotedPrintableCodecTest,testDecodeStringWithNull,4,0,void,,true,true,true,true
C:\Users\simon\Documents\Code\thesis-code\commons-codec-master\src\test\java\org\apache\commons\codec\net\QuotedPrintableCodecTest.java,QuotedPrintableCodecTest.java,QuotedPrintableCodecTest,testDecodeWithNullArray,3,0,void,,true,true,true,true
C:\Users\simon\Documents\Code\thesis-code\commons-codec-master\src\test\java\org\apache\commons\codec\net\QuotedPrintableCodecTest.java,QuotedPrintableCodecTest.java,QuotedPrintableCodecTest,testDefaultEncoding,6,0,void,,true,true,true,true
C:\Users\simon\Documents\Code\thesis-code\commons-codec-master\src\test\java\org\apache\commons\codec\net\QuotedPrintableCodecTest.java,QuotedPrintableCodecTest.java,QuotedPrintableCodecTest,testEncodeDecodeNull,3,0,void,,true,true,true,true
C:\Users\simon\Documents\Code\thesis-code\commons-codec-master\src\test\java\org\apache\commons\codec\net\QuotedPrintableCodecTest.java,QuotedPrintableCodecTest.java,QuotedPrintableCodecTest,testEncodeNull,4,0,void,,true,true,true,true
C:\Users\simon\Documents\Code\thesis-code\commons-codec-master\src\test\java\org\apache\commons\codec\net\QuotedPrintableCodecTest.java,QuotedPrintableCodecTest.java,QuotedPrintableCodecTest,testEncodeObjects,11,0,void,,true,true,true,true
C:\Users\simon\Documents\Code\thesis-code\commons-codec-master\src\test\java\org\apache\commons\codec\net\QuotedPrintableCodecTest.java,QuotedPrintableCodecTest.java,QuotedPrintableCodecTest,testEncodeStringWithNull,4,0,void,,true,true,true,true
C:\Users\simon\Documents\Code\thesis-code\commons-codec-master\src\test\java\org\apache\commons\codec\net\QuotedPrintableCodecTest.java,QuotedPrintableCodecTest.java,QuotedPrintableCodecTest,testEncodeUrlWithNullBitSet,5,0,void,,true,true,true,true
C:\Users\simon\Documents\Code\thesis-code\commons-codec-master\src\test\java\org\apache\commons\codec\net\QuotedPrintableCodecTest.java,QuotedPrintableCodecTest.java,QuotedPrintableCodecTest,testFinalBytes,3,0,void,,true,true,true,true
C:\Users\simon\Documents\Code\thesis-code\commons-codec-master\src\test\java\org\apache\commons\codec\net\QuotedPrintableCodecTest.java,QuotedPrintableCodecTest.java,QuotedPrintableCodecTest,testInvalidEncoding,1,0,void,,true,true,true,true
C:\Users\simon\Documents\Code\thesis-code\commons-codec-master\src\test\java\org\apache\commons\codec\net\QuotedPrintableCodecTest.java,QuotedPrintableCodecTest.java,QuotedPrintableCodecTest,testSafeCharEncodeDecode,5,0,void,,true,true,true,true
C:\Users\simon\Documents\Code\thesis-code\commons-codec-master\src\test\java\org\apache\commons\codec\net\QuotedPrintableCodecTest.java,QuotedPrintableCodecTest.java,QuotedPrintableCodecTest,testSkipNotEncodedCRLF,6,0,void,,true,true,true,true
C:\Users\simon\Documents\Code\thesis-code\commons-codec-master\src\test\java\org\apache\commons\codec\net\QuotedPrintableCodecTest.java,QuotedPrintableCodecTest.java,QuotedPrintableCodecTest,testSoftLineBreakDecode,6,0,void,,true,true,true,true
C:\Users\simon\Documents\Code\thesis-code\commons-codec-master\src\test\java\org\apache\commons\codec\net\QuotedPrintableCodecTest.java,QuotedPrintableCodecTest.java,QuotedPrintableCodecTest,testSoftLineBreakEncode,6,0,void,,true,true,true,true
C:\Users\simon\Documents\Code\thesis-code\commons-codec-master\src\test\java\org\apache\commons\codec\net\QuotedPrintableCodecTest.java,QuotedPrintableCodecTest.java,QuotedPrintableCodecTest,testTooShortByteArray,2,0,void,,true,true,true,true
C:\Users\simon\Documents\Code\thesis-code\commons-codec-master\src\test\java\org\apache\commons\codec\net\QuotedPrintableCodecTest.java,QuotedPrintableCodecTest.java,QuotedPrintableCodecTest,testTrailingSpecial,7,0,void,,true,true,true,true
C:\Users\simon\Documents\Code\thesis-code\commons-codec-master\src\test\java\org\apache\commons\codec\net\QuotedPrintableCodecTest.java,QuotedPrintableCodecTest.java,QuotedPrintableCodecTest,testUltimateSoftBreak,13,0,void,,true,true,true,true
C:\Users\simon\Documents\Code\thesis-code\commons-codec-master\src\test\java\org\apache\commons\codec\net\QuotedPrintableCodecTest.java,QuotedPrintableCodecTest.java,QuotedPrintableCodecTest,testUnsafeEncodeDecode,5,0,void,,true,true,true,true
C:\Users\simon\Documents\Code\thesis-code\commons-codec-master\src\test\java\org\apache\commons\codec\net\QuotedPrintableCodecTest.java,QuotedPrintableCodecTest.java,QuotedPrintableCodecTest,testUTF8RoundTrip,7,0,void,,true,true,true,true
C:\Users\simon\Documents\Code\thesis-code\commons-codec-master\src\test\java\org\apache\commons\codec\net\RFC1522CodecTest.java,RFC1522CodecTest.java,RFC1522TestCodec,doDecoding,1,1,byte[],protected,false,false,true,false
C:\Users\simon\Documents\Code\thesis-code\commons-codec-master\src\test\java\org\apache\commons\codec\net\RFC1522CodecTest.java,RFC1522CodecTest.java,RFC1522TestCodec,doEncoding,1,1,byte[],protected,false,false,true,false
C:\Users\simon\Documents\Code\thesis-code\commons-codec-master\src\test\java\org\apache\commons\codec\net\RFC1522CodecTest.java,RFC1522CodecTest.java,RFC1522TestCodec,getEncoding,1,0,String,protected,false,false,true,false
C:\Users\simon\Documents\Code\thesis-code\commons-codec-master\src\test\java\org\apache\commons\codec\net\RFC1522CodecTest.java,RFC1522CodecTest.java,RFC1522TestCodec,assertExpectedDecoderException,1,1,void,private,false,false,true,false
C:\Users\simon\Documents\Code\thesis-code\commons-codec-master\src\test\java\org\apache\commons\codec\net\RFC1522CodecTest.java,RFC1522CodecTest.java,RFC1522TestCodec,testDecodeInvalid,12,0,void,,true,true,true,false
C:\Users\simon\Documents\Code\thesis-code\commons-codec-master\src\test\java\org\apache\commons\codec\net\RFC1522CodecTest.java,RFC1522CodecTest.java,RFC1522TestCodec,testNullInput,3,0,void,,true,true,true,false
C:\Users\simon\Documents\Code\thesis-code\commons-codec-master\src\test\java\org\apache\commons\codec\net\URLCodecTest.java,URLCodecTest.java,URLCodecTest,constructString,3,1,String,private,false,false,true,true
C:\Users\simon\Documents\Code\thesis-code\commons-codec-master\src\test\java\org\apache\commons\codec\net\URLCodecTest.java,URLCodecTest.java,URLCodecTest,testBasicEncodeDecode,6,0,void,,true,true,true,true
C:\Users\simon\Documents\Code\thesis-code\commons-codec-master\src\test\java\org\apache\commons\codec\net\URLCodecTest.java,URLCodecTest.java,URLCodecTest,testDecodeInvalid,6,0,void,,true,true,true,true
C:\Users\simon\Documents\Code\thesis-code\commons-codec-master\src\test\java\org\apache\commons\codec\net\URLCodecTest.java,URLCodecTest.java,URLCodecTest,testDecodeInvalidContent,7,0,void,,true,true,true,true
C:\Users\simon\Documents\Code\thesis-code\commons-codec-master\src\test\java\org\apache\commons\codec\net\URLCodecTest.java,URLCodecTest.java,URLCodecTest,testDecodeObjects,12,0,void,,true,true,true,true
C:\Users\simon\Documents\Code\thesis-code\commons-codec-master\src\test\java\org\apache\commons\codec\net\URLCodecTest.java,URLCodecTest.java,URLCodecTest,testDecodeStringWithNull,4,0,void,,true,true,true,true
C:\Users\simon\Documents\Code\thesis-code\commons-codec-master\src\test\java\org\apache\commons\codec\net\URLCodecTest.java,URLCodecTest.java,URLCodecTest,testDecodeWithNullArray,3,0,void,,true,true,true,true
C:\Users\simon\Documents\Code\thesis-code\commons-codec-master\src\test\java\org\apache\commons\codec\net\URLCodecTest.java,URLCodecTest.java,URLCodecTest,testDefaultEncoding,7,0,void,,true,true,true,true
C:\Users\simon\Documents\Code\thesis-code\commons-codec-master\src\test\java\org\apache\commons\codec\net\URLCodecTest.java,URLCodecTest.java,URLCodecTest,testEncodeDecodeNull,4,0,void,,true,true,true,true
C:\Users\simon\Documents\Code\thesis-code\commons-codec-master\src\test\java\org\apache\commons\codec\net\URLCodecTest.java,URLCodecTest.java,URLCodecTest,testEncodeNull,5,0,void,,true,true,true,true
C:\Users\simon\Documents\Code\thesis-code\commons-codec-master\src\test\java\org\apache\commons\codec\net\URLCodecTest.java,URLCodecTest.java,URLCodecTest,testEncodeObjects,12,0,void,,true,true,true,true
C:\Users\simon\Documents\Code\thesis-code\commons-codec-master\src\test\java\org\apache\commons\codec\net\URLCodecTest.java,URLCodecTest.java,URLCodecTest,testEncodeStringWithNull,4,0,void,,true,true,true,true
C:\Users\simon\Documents\Code\thesis-code\commons-codec-master\src\test\java\org\apache\commons\codec\net\URLCodecTest.java,URLCodecTest.java,URLCodecTest,testEncodeUrlWithNullBitSet,6,0,void,,true,true,true,true
C:\Users\simon\Documents\Code\thesis-code\commons-codec-master\src\test\java\org\apache\commons\codec\net\URLCodecTest.java,URLCodecTest.java,URLCodecTest,testInvalidEncoding,5,0,void,,true,true,true,true
C:\Users\simon\Documents\Code\thesis-code\commons-codec-master\src\test\java\org\apache\commons\codec\net\URLCodecTest.java,URLCodecTest.java,URLCodecTest,testSafeCharEncodeDecode,6,0,void,,true,true,true,true
C:\Users\simon\Documents\Code\thesis-code\commons-codec-master\src\test\java\org\apache\commons\codec\net\URLCodecTest.java,URLCodecTest.java,URLCodecTest,testUnsafeEncodeDecode,6,0,void,,true,true,true,true
C:\Users\simon\Documents\Code\thesis-code\commons-codec-master\src\test\java\org\apache\commons\codec\net\URLCodecTest.java,URLCodecTest.java,URLCodecTest,testUTF8RoundTrip,9,0,void,,true,true,true,true
C:\Users\simon\Documents\Code\thesis-code\commons-codec-master\src\test\java\org\apache\commons\codec\net\URLCodecTest.java,URLCodecTest.java,URLCodecTest,validateState,0,1,void,private,false,false,true,true
C:\Users\simon\Documents\Code\thesis-code\commons-codec-master\src\test\java\org\apache\commons\codec\net\UtilsTest.java,UtilsTest.java,UtilsTest,testConstructor,1,0,void,,true,true,true,true
C:\Users\simon\Documents\Code\thesis-code\commons-codec-master\src\test\java\org\apache\commons\codec\ResourcesTest.java,ResourcesTest.java,ResourcesTest,getResourceNames,1,0,List<String>,static,false,false,true,true
C:\Users\simon\Documents\Code\thesis-code\commons-codec-master\src\test\java\org\apache\commons\codec\ResourcesTest.java,ResourcesTest.java,ResourcesTest,testGetInputStream,1,1,void,,false,true,true,true
C:\Users\simon\Documents\Code\thesis-code\commons-codec-master\src\test\java\org\apache\commons\codec\StringEncoderComparatorTest.java,StringEncoderComparatorTest.java,StringEncoderComparatorTest,testComparatorWithDoubleMetaphone,7,0,void,,true,true,true,true
C:\Users\simon\Documents\Code\thesis-code\commons-codec-master\src\test\java\org\apache\commons\codec\StringEncoderComparatorTest.java,StringEncoderComparatorTest.java,StringEncoderComparatorTest,testComparatorWithDoubleMetaphoneAndInvalidInput,3,0,void,,true,true,true,true
C:\Users\simon\Documents\Code\thesis-code\commons-codec-master\src\test\java\org\apache\commons\codec\StringEncoderComparatorTest.java,StringEncoderComparatorTest.java,StringEncoderComparatorTest,testComparatorWithSoundex,2,0,void,,true,true,true,true
