FilePath,FileName,ClassName,MethodName,TotalStatements,TotalParameters,ReturnType,AccessModifier,MethodHasAnnotation,MethodHasTestInName,FileHasTestInName,ClassHasTestInName
C:\Users\simon\Documents\Code\thesis-code\dubbo-3.3\dubbo-cluster\src\test\java\org\apache\dubbo\rpc\cluster\configurator\absent\AbsentConfiguratorTest.java,AbsentConfiguratorTest.java,AbsentConfiguratorTest,testOverrideApplication,9,0,void,,true,true,true,true
C:\Users\simon\Documents\Code\thesis-code\dubbo-3.3\dubbo-cluster\src\test\java\org\apache\dubbo\rpc\cluster\configurator\absent\AbsentConfiguratorTest.java,AbsentConfiguratorTest.java,AbsentConfiguratorTest,testOverrideHost,10,0,void,,true,true,true,true
C:\Users\simon\Documents\Code\thesis-code\dubbo-3.3\dubbo-cluster\src\test\java\org\apache\dubbo\rpc\cluster\configurator\absent\AbsentConfiguratorTest.java,AbsentConfiguratorTest.java,AbsentConfiguratorTest,testAbsentForVersion27,2,0,void,,true,true,true,true
C:\Users\simon\Documents\Code\thesis-code\dubbo-3.3\dubbo-cluster\src\test\java\org\apache\dubbo\rpc\cluster\configurator\override\OverrideConfiguratorTest.java,OverrideConfiguratorTest.java,OverrideConfiguratorTest,testOverride_Application,9,0,void,,true,true,true,true
C:\Users\simon\Documents\Code\thesis-code\dubbo-3.3\dubbo-cluster\src\test\java\org\apache\dubbo\rpc\cluster\configurator\override\OverrideConfiguratorTest.java,OverrideConfiguratorTest.java,OverrideConfiguratorTest,testOverride_Host,10,0,void,,true,true,true,true
C:\Users\simon\Documents\Code\thesis-code\dubbo-3.3\dubbo-cluster\src\test\java\org\apache\dubbo\rpc\cluster\configurator\override\OverrideConfiguratorTest.java,OverrideConfiguratorTest.java,OverrideConfiguratorTest,testOverrideForVersion27,2,0,void,,true,true,true,true
C:\Users\simon\Documents\Code\thesis-code\dubbo-3.3\dubbo-cluster\src\test\java\org\apache\dubbo\rpc\cluster\configurator\override\OverrideConfiguratorTest.java,OverrideConfiguratorTest.java,OverrideConfiguratorTest,testOverrideForVersion3,2,0,void,,true,true,true,true
C:\Users\simon\Documents\Code\thesis-code\dubbo-3.3\dubbo-cluster\src\test\java\org\apache\dubbo\rpc\cluster\configurator\parser\ConfigParserTest.java,ConfigParserTest.java,ConfigParserTest,streamToString,3,1,String,private,false,false,true,true
C:\Users\simon\Documents\Code\thesis-code\dubbo-3.3\dubbo-cluster\src\test\java\org\apache\dubbo\rpc\cluster\configurator\parser\ConfigParserTest.java,ConfigParserTest.java,ConfigParserTest,snakeYamlBasicTest,1,0,void,,true,false,true,true
C:\Users\simon\Documents\Code\thesis-code\dubbo-3.3\dubbo-cluster\src\test\java\org\apache\dubbo\rpc\cluster\configurator\parser\ConfigParserTest.java,ConfigParserTest.java,ConfigParserTest,parseConfiguratorsServiceNoAppTest,1,0,void,,true,false,true,true
C:\Users\simon\Documents\Code\thesis-code\dubbo-3.3\dubbo-cluster\src\test\java\org\apache\dubbo\rpc\cluster\configurator\parser\ConfigParserTest.java,ConfigParserTest.java,ConfigParserTest,parseConfiguratorsServiceGroupVersionTest,1,0,void,,true,false,true,true
C:\Users\simon\Documents\Code\thesis-code\dubbo-3.3\dubbo-cluster\src\test\java\org\apache\dubbo\rpc\cluster\configurator\parser\ConfigParserTest.java,ConfigParserTest.java,ConfigParserTest,parseConfiguratorsServiceMultiAppsTest,1,0,void,,true,false,true,true
C:\Users\simon\Documents\Code\thesis-code\dubbo-3.3\dubbo-cluster\src\test\java\org\apache\dubbo\rpc\cluster\configurator\parser\ConfigParserTest.java,ConfigParserTest.java,ConfigParserTest,parseConfiguratorsServiceNoRuleTest,1,0,void,,true,false,true,true
C:\Users\simon\Documents\Code\thesis-code\dubbo-3.3\dubbo-cluster\src\test\java\org\apache\dubbo\rpc\cluster\configurator\parser\ConfigParserTest.java,ConfigParserTest.java,ConfigParserTest,parseConfiguratorsAppMultiServicesTest,1,0,void,,true,false,true,true
C:\Users\simon\Documents\Code\thesis-code\dubbo-3.3\dubbo-cluster\src\test\java\org\apache\dubbo\rpc\cluster\configurator\parser\ConfigParserTest.java,ConfigParserTest.java,ConfigParserTest,parseConfiguratorsAppAnyServicesTest,1,0,void,,true,false,true,true
C:\Users\simon\Documents\Code\thesis-code\dubbo-3.3\dubbo-cluster\src\test\java\org\apache\dubbo\rpc\cluster\configurator\parser\ConfigParserTest.java,ConfigParserTest.java,ConfigParserTest,parseConfiguratorsAppNoServiceTest,1,0,void,,true,false,true,true
C:\Users\simon\Documents\Code\thesis-code\dubbo-3.3\dubbo-cluster\src\test\java\org\apache\dubbo\rpc\cluster\configurator\parser\ConfigParserTest.java,ConfigParserTest.java,ConfigParserTest,parseConsumerSpecificProvidersTest,1,0,void,,true,false,true,true
C:\Users\simon\Documents\Code\thesis-code\dubbo-3.3\dubbo-cluster\src\test\java\org\apache\dubbo\rpc\cluster\configurator\parser\ConfigParserTest.java,ConfigParserTest.java,ConfigParserTest,parseProviderConfigurationV3,1,0,void,,true,false,true,true
C:\Users\simon\Documents\Code\thesis-code\dubbo-3.3\dubbo-cluster\src\test\java\org\apache\dubbo\rpc\cluster\configurator\parser\ConfigParserTest.java,ConfigParserTest.java,ConfigParserTest,parseProviderConfigurationV3Compatibility,1,0,void,,true,false,true,true
C:\Users\simon\Documents\Code\thesis-code\dubbo-3.3\dubbo-cluster\src\test\java\org\apache\dubbo\rpc\cluster\configurator\parser\ConfigParserTest.java,ConfigParserTest.java,ConfigParserTest,parseProviderConfigurationV3Conflict,1,0,void,,true,false,true,true
C:\Users\simon\Documents\Code\thesis-code\dubbo-3.3\dubbo-cluster\src\test\java\org\apache\dubbo\rpc\cluster\configurator\parser\ConfigParserTest.java,ConfigParserTest.java,ConfigParserTest,parseURLJsonArrayCompatible,8,0,void,,true,false,true,true
C:\Users\simon\Documents\Code\thesis-code\dubbo-3.3\dubbo-cluster\src\test\java\org\apache\dubbo\rpc\cluster\ConfiguratorTest.java,ConfiguratorTest.java,ConfiguratorTest,test,10,0,void,,true,true,true,true
C:\Users\simon\Documents\Code\thesis-code\dubbo-3.3\dubbo-cluster\src\test\java\org\apache\dubbo\rpc\cluster\directory\StaticDirectoryTest.java,StaticDirectoryTest.java,StaticDirectoryTest,getRouteUrl,1,1,URL,private,false,false,true,true
C:\Users\simon\Documents\Code\thesis-code\dubbo-3.3\dubbo-cluster\src\test\java\org\apache\dubbo\rpc\cluster\directory\StaticDirectoryTest.java,StaticDirectoryTest.java,StaticDirectoryTest,testStaticDirectory,21,0,void,,true,true,true,true
C:\Users\simon\Documents\Code\thesis-code\dubbo-3.3\dubbo-cluster\src\test\java\org\apache\dubbo\rpc\cluster\filter\DefaultFilterChainBuilderTest.java,DefaultFilterChainBuilderTest.java,DefaultFilterChainBuilderTest,testBuildInvokerChainForLocalReference,10,0,void,,true,true,true,true
C:\Users\simon\Documents\Code\thesis-code\dubbo-3.3\dubbo-cluster\src\test\java\org\apache\dubbo\rpc\cluster\filter\DefaultFilterChainBuilderTest.java,DefaultFilterChainBuilderTest.java,DefaultFilterChainBuilderTest,doInvoke,1,1,Result,protected,false,false,true,true
C:\Users\simon\Documents\Code\thesis-code\dubbo-3.3\dubbo-cluster\src\test\java\org\apache\dubbo\rpc\cluster\filter\DefaultFilterChainBuilderTest.java,DefaultFilterChainBuilderTest.java,DefaultFilterChainBuilderTest,doInvoke,1,1,Result,protected,false,false,true,true
C:\Users\simon\Documents\Code\thesis-code\dubbo-3.3\dubbo-cluster\src\test\java\org\apache\dubbo\rpc\cluster\filter\DefaultFilterChainBuilderTest.java,DefaultFilterChainBuilderTest.java,DefaultFilterChainBuilderTest,testBuildInvokerChainForRemoteReference,10,0,void,,true,true,true,true
C:\Users\simon\Documents\Code\thesis-code\dubbo-3.3\dubbo-cluster\src\test\java\org\apache\dubbo\rpc\cluster\filter\DefaultFilterChainBuilderTest.java,DefaultFilterChainBuilderTest.java,DefaultFilterChainBuilderTest,doInvoke,1,1,Result,protected,false,false,true,true
C:\Users\simon\Documents\Code\thesis-code\dubbo-3.3\dubbo-cluster\src\test\java\org\apache\dubbo\rpc\cluster\filter\DefaultFilterChainBuilderTest.java,DefaultFilterChainBuilderTest.java,DefaultFilterChainBuilderTest,doInvoke,1,1,Result,protected,false,false,true,true
C:\Users\simon\Documents\Code\thesis-code\dubbo-3.3\dubbo-cluster\src\test\java\org\apache\dubbo\rpc\cluster\loadbalance\AbstractLoadBalanceTest.java,AbstractLoadBalanceTest.java,AbstractLoadBalanceTest,doSelect,1,3,Invoker<T>,protected,false,false,true,true
C:\Users\simon\Documents\Code\thesis-code\dubbo-3.3\dubbo-cluster\src\test\java\org\apache\dubbo\rpc\cluster\loadbalance\AbstractLoadBalanceTest.java,AbstractLoadBalanceTest.java,AbstractLoadBalanceTest,testGetWeight,11,0,void,,true,true,true,true
C:\Users\simon\Documents\Code\thesis-code\dubbo-3.3\dubbo-cluster\src\test\java\org\apache\dubbo\rpc\cluster\loadbalance\AbstractLoadBalanceTest.java,AbstractLoadBalanceTest.java,AbstractLoadBalanceTest,testGetRegistryWeight,14,0,void,,true,true,true,true
C:\Users\simon\Documents\Code\thesis-code\dubbo-3.3\dubbo-cluster\src\test\java\org\apache\dubbo\rpc\cluster\loadbalance\AdaptiveLoadBalanceTest.java,AdaptiveLoadBalanceTest.java,AdaptiveLoadBalanceTest,testSelectByWeight,8,0,void,,true,true,true,true
C:\Users\simon\Documents\Code\thesis-code\dubbo-3.3\dubbo-cluster\src\test\java\org\apache\dubbo\rpc\cluster\loadbalance\AdaptiveLoadBalanceTest.java,AdaptiveLoadBalanceTest.java,AdaptiveLoadBalanceTest,buildServiceKey,2,1,String,private,false,false,true,true
C:\Users\simon\Documents\Code\thesis-code\dubbo-3.3\dubbo-cluster\src\test\java\org\apache\dubbo\rpc\cluster\loadbalance\AdaptiveLoadBalanceTest.java,AdaptiveLoadBalanceTest.java,AdaptiveLoadBalanceTest,getAdaptiveMetricsInstance,2,0,AdaptiveMetrics,private,false,false,true,true
C:\Users\simon\Documents\Code\thesis-code\dubbo-3.3\dubbo-cluster\src\test\java\org\apache\dubbo\rpc\cluster\loadbalance\AdaptiveLoadBalanceTest.java,AdaptiveLoadBalanceTest.java,AdaptiveLoadBalanceTest,testSelectByAdaptive,24,0,void,,true,true,true,true
C:\Users\simon\Documents\Code\thesis-code\dubbo-3.3\dubbo-cluster\src\test\java\org\apache\dubbo\rpc\cluster\loadbalance\ConsistentHashLoadBalanceTest.java,ConsistentHashLoadBalanceTest.java,ConsistentHashLoadBalanceTest,testConsistentHashLoadBalanceInGenericCall,6,0,void,,true,true,true,true
C:\Users\simon\Documents\Code\thesis-code\dubbo-3.3\dubbo-cluster\src\test\java\org\apache\dubbo\rpc\cluster\loadbalance\ConsistentHashLoadBalanceTest.java,ConsistentHashLoadBalanceTest.java,ConsistentHashLoadBalanceTest,testArgumentMatchAll,6,0,void,,true,true,true,true
C:\Users\simon\Documents\Code\thesis-code\dubbo-3.3\dubbo-cluster\src\test\java\org\apache\dubbo\rpc\cluster\loadbalance\ConsistentHashLoadBalanceTest.java,ConsistentHashLoadBalanceTest.java,ConsistentHashLoadBalanceTest,findHit,4,1,Invoker,private,false,false,true,true
C:\Users\simon\Documents\Code\thesis-code\dubbo-3.3\dubbo-cluster\src\test\java\org\apache\dubbo\rpc\cluster\loadbalance\ConsistentHashLoadBalanceTest.java,ConsistentHashLoadBalanceTest.java,ConsistentHashLoadBalanceTest,testConsistentHashLoadBalance,8,0,void,,true,true,true,true
C:\Users\simon\Documents\Code\thesis-code\dubbo-3.3\dubbo-cluster\src\test\java\org\apache\dubbo\rpc\cluster\loadbalance\ConsistentHashLoadBalanceTest.java,ConsistentHashLoadBalanceTest.java,ConsistentHashLoadBalanceTest,testNormalWhenRouterEnabled,5,0,void,,true,true,true,true
C:\Users\simon\Documents\Code\thesis-code\dubbo-3.3\dubbo-cluster\src\test\java\org\apache\dubbo\rpc\cluster\loadbalance\LeastActiveBalanceTest.java,LeastActiveBalanceTest.java,LeastActiveBalanceTest,testLeastActiveLoadBalance_select,3,0,void,,true,true,true,true
C:\Users\simon\Documents\Code\thesis-code\dubbo-3.3\dubbo-cluster\src\test\java\org\apache\dubbo\rpc\cluster\loadbalance\LeastActiveBalanceTest.java,LeastActiveBalanceTest.java,LeastActiveBalanceTest,testSelectByWeight,6,0,void,,true,true,true,true
C:\Users\simon\Documents\Code\thesis-code\dubbo-3.3\dubbo-cluster\src\test\java\org\apache\dubbo\rpc\cluster\loadbalance\LoadBalanceBaseTest.java,LoadBalanceBaseTest.java,InvokeResult,setUpBeforeClass,0,0,void,public; static,false,false,true,false
C:\Users\simon\Documents\Code\thesis-code\dubbo-3.3\dubbo-cluster\src\test\java\org\apache\dubbo\rpc\cluster\loadbalance\LoadBalanceBaseTest.java,LoadBalanceBaseTest.java,InvokeResult,setUp,40,0,void,public,false,false,true,false
C:\Users\simon\Documents\Code\thesis-code\dubbo-3.3\dubbo-cluster\src\test\java\org\apache\dubbo\rpc\cluster\loadbalance\LoadBalanceBaseTest.java,LoadBalanceBaseTest.java,InvokeResult,getInvokeCounter,6,2,"Map<Invoker, AtomicLong>",public,false,false,true,false
C:\Users\simon\Documents\Code\thesis-code\dubbo-3.3\dubbo-cluster\src\test\java\org\apache\dubbo\rpc\cluster\loadbalance\LoadBalanceBaseTest.java,LoadBalanceBaseTest.java,InvokeResult,getGenericInvokeCounter,6,2,"Map<Invoker, AtomicLong>",public,false,false,true,false
C:\Users\simon\Documents\Code\thesis-code\dubbo-3.3\dubbo-cluster\src\test\java\org\apache\dubbo\rpc\cluster\loadbalance\LoadBalanceBaseTest.java,LoadBalanceBaseTest.java,InvokeResult,getLoadBalance,1,1,AbstractLoadBalance,protected,false,false,true,false
C:\Users\simon\Documents\Code\thesis-code\dubbo-3.3\dubbo-cluster\src\test\java\org\apache\dubbo\rpc\cluster\loadbalance\LoadBalanceBaseTest.java,LoadBalanceBaseTest.java,InvokeResult,testLoadBalanceWarmup,14,0,void,,true,true,true,false
C:\Users\simon\Documents\Code\thesis-code\dubbo-3.3\dubbo-cluster\src\test\java\org\apache\dubbo\rpc\cluster\loadbalance\LoadBalanceBaseTest.java,LoadBalanceBaseTest.java,InvokeResult,calculateDefaultWarmupWeight,1,1,int,private; static,false,false,true,false
C:\Users\simon\Documents\Code\thesis-code\dubbo-3.3\dubbo-cluster\src\test\java\org\apache\dubbo\rpc\cluster\loadbalance\LoadBalanceBaseTest.java,LoadBalanceBaseTest.java,InvokeResult,getCount,1,0,AtomicLong,public,false,false,true,false
C:\Users\simon\Documents\Code\thesis-code\dubbo-3.3\dubbo-cluster\src\test\java\org\apache\dubbo\rpc\cluster\loadbalance\LoadBalanceBaseTest.java,LoadBalanceBaseTest.java,InvokeResult,getWeight,1,0,int,public,false,false,true,false
C:\Users\simon\Documents\Code\thesis-code\dubbo-3.3\dubbo-cluster\src\test\java\org\apache\dubbo\rpc\cluster\loadbalance\LoadBalanceBaseTest.java,LoadBalanceBaseTest.java,InvokeResult,getTotalWeight,1,0,int,public,false,false,true,false
C:\Users\simon\Documents\Code\thesis-code\dubbo-3.3\dubbo-cluster\src\test\java\org\apache\dubbo\rpc\cluster\loadbalance\LoadBalanceBaseTest.java,LoadBalanceBaseTest.java,InvokeResult,setTotalWeight,1,1,void,public,false,false,true,false
C:\Users\simon\Documents\Code\thesis-code\dubbo-3.3\dubbo-cluster\src\test\java\org\apache\dubbo\rpc\cluster\loadbalance\LoadBalanceBaseTest.java,LoadBalanceBaseTest.java,InvokeResult,getExpected,1,1,int,public,false,false,true,false
C:\Users\simon\Documents\Code\thesis-code\dubbo-3.3\dubbo-cluster\src\test\java\org\apache\dubbo\rpc\cluster\loadbalance\LoadBalanceBaseTest.java,LoadBalanceBaseTest.java,InvokeResult,getDeltaPercentage,2,1,float,public,false,false,true,false
C:\Users\simon\Documents\Code\thesis-code\dubbo-3.3\dubbo-cluster\src\test\java\org\apache\dubbo\rpc\cluster\loadbalance\LoadBalanceBaseTest.java,LoadBalanceBaseTest.java,InvokeResult,toString,1,0,String,public,false,false,true,false
C:\Users\simon\Documents\Code\thesis-code\dubbo-3.3\dubbo-cluster\src\test\java\org\apache\dubbo\rpc\cluster\loadbalance\LoadBalanceBaseTest.java,LoadBalanceBaseTest.java,InvokeResult,before,41,0,void,public,false,false,true,false
C:\Users\simon\Documents\Code\thesis-code\dubbo-3.3\dubbo-cluster\src\test\java\org\apache\dubbo\rpc\cluster\loadbalance\LoadBalanceBaseTest.java,LoadBalanceBaseTest.java,InvokeResult,getWeightedInvokeResult,8,2,"Map<Invoker, InvokeResult>",protected,false,false,true,false
C:\Users\simon\Documents\Code\thesis-code\dubbo-3.3\dubbo-cluster\src\test\java\org\apache\dubbo\rpc\cluster\loadbalance\RandomLoadBalanceTest.java,RandomLoadBalanceTest.java,RandomLoadBalanceTest,testRandomLoadBalanceSelect,11,0,void,,true,true,true,true
C:\Users\simon\Documents\Code\thesis-code\dubbo-3.3\dubbo-cluster\src\test\java\org\apache\dubbo\rpc\cluster\loadbalance\RandomLoadBalanceTest.java,RandomLoadBalanceTest.java,RandomLoadBalanceTest,testSelectByWeight,7,0,void,,true,true,true,true
C:\Users\simon\Documents\Code\thesis-code\dubbo-3.3\dubbo-cluster\src\test\java\org\apache\dubbo\rpc\cluster\loadbalance\RoundRobinLoadBalanceTest.java,RoundRobinLoadBalanceTest.java,RoundRobinLoadBalanceTest,assertStrictWRRResult,3,2,void,private,false,false,true,true
C:\Users\simon\Documents\Code\thesis-code\dubbo-3.3\dubbo-cluster\src\test\java\org\apache\dubbo\rpc\cluster\loadbalance\RoundRobinLoadBalanceTest.java,RoundRobinLoadBalanceTest.java,RoundRobinLoadBalanceTest,testRoundRobinLoadBalanceSelect,3,0,void,,true,true,true,true
C:\Users\simon\Documents\Code\thesis-code\dubbo-3.3\dubbo-cluster\src\test\java\org\apache\dubbo\rpc\cluster\loadbalance\RoundRobinLoadBalanceTest.java,RoundRobinLoadBalanceTest.java,RoundRobinLoadBalanceTest,testSelectByWeight,10,0,void,,true,true,true,true
C:\Users\simon\Documents\Code\thesis-code\dubbo-3.3\dubbo-cluster\src\test\java\org\apache\dubbo\rpc\cluster\loadbalance\RoundRobinLoadBalanceTest.java,RoundRobinLoadBalanceTest.java,RoundRobinLoadBalanceTest,testNodeCacheShouldNotRecycle,3,0,void,,true,true,true,true
C:\Users\simon\Documents\Code\thesis-code\dubbo-3.3\dubbo-cluster\src\test\java\org\apache\dubbo\rpc\cluster\loadbalance\RoundRobinLoadBalanceTest.java,RoundRobinLoadBalanceTest.java,RoundRobinLoadBalanceTest,testNodeCacheShouldRecycle,4,0,void,,true,true,true,true
C:\Users\simon\Documents\Code\thesis-code\dubbo-3.3\dubbo-cluster\src\test\java\org\apache\dubbo\rpc\cluster\loadbalance\ShortestResponseLoadBalanceTest.java,ShortestResponseLoadBalanceTest.java,ShortestResponseLoadBalanceTest,testSelectByWeight,7,0,void,public,true,true,true,true
C:\Users\simon\Documents\Code\thesis-code\dubbo-3.3\dubbo-cluster\src\test\java\org\apache\dubbo\rpc\cluster\loadbalance\ShortestResponseLoadBalanceTest.java,ShortestResponseLoadBalanceTest.java,ShortestResponseLoadBalanceTest,testSelectByResponse,19,0,void,public,true,true,true,true
C:\Users\simon\Documents\Code\thesis-code\dubbo-3.3\dubbo-cluster\src\test\java\org\apache\dubbo\rpc\cluster\merger\ResultMergerTest.java,ResultMergerTest.java,ResultMergerTest,setup,2,0,void,public,false,false,true,true
C:\Users\simon\Documents\Code\thesis-code\dubbo-3.3\dubbo-cluster\src\test\java\org\apache\dubbo\rpc\cluster\merger\ResultMergerTest.java,ResultMergerTest.java,ResultMergerTest,testMergerFactoryIllegalArgumentException,1,0,void,,true,true,true,true
C:\Users\simon\Documents\Code\thesis-code\dubbo-3.3\dubbo-cluster\src\test\java\org\apache\dubbo\rpc\cluster\merger\ResultMergerTest.java,ResultMergerTest.java,ResultMergerTest,testArrayMergerIllegalArgumentException,3,0,void,,true,true,true,true
C:\Users\simon\Documents\Code\thesis-code\dubbo-3.3\dubbo-cluster\src\test\java\org\apache\dubbo\rpc\cluster\merger\ResultMergerTest.java,ResultMergerTest.java,ResultMergerTest,testArrayMerger,22,0,void,,true,true,true,true
C:\Users\simon\Documents\Code\thesis-code\dubbo-3.3\dubbo-cluster\src\test\java\org\apache\dubbo\rpc\cluster\merger\ResultMergerTest.java,ResultMergerTest.java,ResultMergerTest,testBooleanArrayMerger,10,0,void,,true,true,true,true
C:\Users\simon\Documents\Code\thesis-code\dubbo-3.3\dubbo-cluster\src\test\java\org\apache\dubbo\rpc\cluster\merger\ResultMergerTest.java,ResultMergerTest.java,ResultMergerTest,testByteArrayMerger,10,0,void,,true,true,true,true
C:\Users\simon\Documents\Code\thesis-code\dubbo-3.3\dubbo-cluster\src\test\java\org\apache\dubbo\rpc\cluster\merger\ResultMergerTest.java,ResultMergerTest.java,ResultMergerTest,testCharArrayMerger,10,0,void,,true,true,true,true
C:\Users\simon\Documents\Code\thesis-code\dubbo-3.3\dubbo-cluster\src\test\java\org\apache\dubbo\rpc\cluster\merger\ResultMergerTest.java,ResultMergerTest.java,ResultMergerTest,testDoubleArrayMerger,10,0,void,,true,true,true,true
C:\Users\simon\Documents\Code\thesis-code\dubbo-3.3\dubbo-cluster\src\test\java\org\apache\dubbo\rpc\cluster\merger\ResultMergerTest.java,ResultMergerTest.java,ResultMergerTest,testFloatArrayMerger,10,0,void,,true,true,true,true
C:\Users\simon\Documents\Code\thesis-code\dubbo-3.3\dubbo-cluster\src\test\java\org\apache\dubbo\rpc\cluster\merger\ResultMergerTest.java,ResultMergerTest.java,ResultMergerTest,testIntArrayMerger,10,0,void,,true,true,true,true
C:\Users\simon\Documents\Code\thesis-code\dubbo-3.3\dubbo-cluster\src\test\java\org\apache\dubbo\rpc\cluster\merger\ResultMergerTest.java,ResultMergerTest.java,ResultMergerTest,testListMerger,10,0,void,,true,true,true,true
C:\Users\simon\Documents\Code\thesis-code\dubbo-3.3\dubbo-cluster\src\test\java\org\apache\dubbo\rpc\cluster\merger\ResultMergerTest.java,ResultMergerTest.java,ResultMergerTest,testMapArrayMerger,10,0,void,,true,true,true,true
C:\Users\simon\Documents\Code\thesis-code\dubbo-3.3\dubbo-cluster\src\test\java\org\apache\dubbo\rpc\cluster\merger\ResultMergerTest.java,ResultMergerTest.java,ResultMergerTest,testLongArrayMerger,10,0,void,,true,true,true,true
C:\Users\simon\Documents\Code\thesis-code\dubbo-3.3\dubbo-cluster\src\test\java\org\apache\dubbo\rpc\cluster\merger\ResultMergerTest.java,ResultMergerTest.java,ResultMergerTest,testSetMerger,9,0,void,,true,true,true,true
C:\Users\simon\Documents\Code\thesis-code\dubbo-3.3\dubbo-cluster\src\test\java\org\apache\dubbo\rpc\cluster\merger\ResultMergerTest.java,ResultMergerTest.java,ResultMergerTest,testShortArrayMerger,10,0,void,,true,true,true,true
C:\Users\simon\Documents\Code\thesis-code\dubbo-3.3\dubbo-cluster\src\test\java\org\apache\dubbo\rpc\cluster\merger\ResultMergerTest.java,ResultMergerTest.java,ResultMergerTest,testIntSumMerger,5,0,void,,true,true,true,true
C:\Users\simon\Documents\Code\thesis-code\dubbo-3.3\dubbo-cluster\src\test\java\org\apache\dubbo\rpc\cluster\merger\ResultMergerTest.java,ResultMergerTest.java,ResultMergerTest,testDoubleSumMerger,5,0,void,,true,true,true,true
C:\Users\simon\Documents\Code\thesis-code\dubbo-3.3\dubbo-cluster\src\test\java\org\apache\dubbo\rpc\cluster\merger\ResultMergerTest.java,ResultMergerTest.java,ResultMergerTest,testFloatSumMerger,5,0,void,,true,true,true,true
C:\Users\simon\Documents\Code\thesis-code\dubbo-3.3\dubbo-cluster\src\test\java\org\apache\dubbo\rpc\cluster\merger\ResultMergerTest.java,ResultMergerTest.java,ResultMergerTest,testLongSumMerger,5,0,void,,true,true,true,true
C:\Users\simon\Documents\Code\thesis-code\dubbo-3.3\dubbo-cluster\src\test\java\org\apache\dubbo\rpc\cluster\merger\ResultMergerTest.java,ResultMergerTest.java,ResultMergerTest,testIntFindAnyMerger,5,0,void,,true,true,true,true
C:\Users\simon\Documents\Code\thesis-code\dubbo-3.3\dubbo-cluster\src\test\java\org\apache\dubbo\rpc\cluster\merger\ResultMergerTest.java,ResultMergerTest.java,ResultMergerTest,testIntFindFirstMerger,5,0,void,,true,true,true,true
C:\Users\simon\Documents\Code\thesis-code\dubbo-3.3\dubbo-cluster\src\test\java\org\apache\dubbo\rpc\cluster\router\affinity\AffinityRouteTest.java,AffinityRouteTest.java,AffinityRouteTest,setUp,3,0,void,public; static,false,false,true,true
C:\Users\simon\Documents\Code\thesis-code\dubbo-3.3\dubbo-cluster\src\test\java\org\apache\dubbo\rpc\cluster\router\affinity\AffinityRouteTest.java,AffinityRouteTest.java,AffinityRouteTest,filtrate,1,2,List<String>,public,false,false,true,true
C:\Users\simon\Documents\Code\thesis-code\dubbo-3.3\dubbo-cluster\src\test\java\org\apache\dubbo\rpc\cluster\router\affinity\AffinityRouteTest.java,AffinityRouteTest.java,AffinityRouteTest,testMetAffinityRoute,9,0,void,,true,true,true,true
C:\Users\simon\Documents\Code\thesis-code\dubbo-3.3\dubbo-cluster\src\test\java\org\apache\dubbo\rpc\cluster\router\affinity\AffinityRouteTest.java,AffinityRouteTest.java,AffinityRouteTest,testUnMetAffinityRoute,9,0,void,,true,true,true,true
C:\Users\simon\Documents\Code\thesis-code\dubbo-3.3\dubbo-cluster\src\test\java\org\apache\dubbo\rpc\cluster\router\affinity\AffinityRouteTest.java,AffinityRouteTest.java,AffinityRouteTest,testRatioEqualsAffinityRoute,9,0,void,,true,true,true,true
C:\Users\simon\Documents\Code\thesis-code\dubbo-3.3\dubbo-cluster\src\test\java\org\apache\dubbo\rpc\cluster\router\affinity\AffinityRouteTest.java,AffinityRouteTest.java,AffinityRouteTest,testRatioNotEqualsAffinityRoute,9,0,void,,true,true,true,true
C:\Users\simon\Documents\Code\thesis-code\dubbo-3.3\dubbo-cluster\src\test\java\org\apache\dubbo\rpc\cluster\router\condition\ConditionStateRouterTest.java,ConditionStateRouterTest.java,ConditionStateRouterTest,setUpBeforeClass,0,0,void,public; static,false,false,true,true
C:\Users\simon\Documents\Code\thesis-code\dubbo-3.3\dubbo-cluster\src\test\java\org\apache\dubbo\rpc\cluster\router\condition\ConditionStateRouterTest.java,ConditionStateRouterTest.java,ConditionStateRouterTest,setUp,0,0,void,public,false,false,true,true
C:\Users\simon\Documents\Code\thesis-code\dubbo-3.3\dubbo-cluster\src\test\java\org\apache\dubbo\rpc\cluster\router\condition\ConditionStateRouterTest.java,ConditionStateRouterTest.java,ConditionStateRouterTest,getRouteUrl,1,1,URL,private,false,false,true,true
C:\Users\simon\Documents\Code\thesis-code\dubbo-3.3\dubbo-cluster\src\test\java\org\apache\dubbo\rpc\cluster\router\condition\ConditionStateRouterTest.java,ConditionStateRouterTest.java,ConditionStateRouterTest,testRoute_matchWhen,22,0,void,,true,true,true,true
C:\Users\simon\Documents\Code\thesis-code\dubbo-3.3\dubbo-cluster\src\test\java\org\apache\dubbo\rpc\cluster\router\condition\ConditionStateRouterTest.java,ConditionStateRouterTest.java,ConditionStateRouterTest,testRoute_matchFilter,28,0,void,,true,true,true,true
C:\Users\simon\Documents\Code\thesis-code\dubbo-3.3\dubbo-cluster\src\test\java\org\apache\dubbo\rpc\cluster\router\condition\ConditionStateRouterTest.java,ConditionStateRouterTest.java,ConditionStateRouterTest,testRoute_methodRoute,26,0,void,,true,true,true,true
C:\Users\simon\Documents\Code\thesis-code\dubbo-3.3\dubbo-cluster\src\test\java\org\apache\dubbo\rpc\cluster\router\condition\ConditionStateRouterTest.java,ConditionStateRouterTest.java,ConditionStateRouterTest,testRoute_ReturnFalse,8,0,void,,true,true,true,true
C:\Users\simon\Documents\Code\thesis-code\dubbo-3.3\dubbo-cluster\src\test\java\org\apache\dubbo\rpc\cluster\router\condition\ConditionStateRouterTest.java,ConditionStateRouterTest.java,ConditionStateRouterTest,testRoute_ReturnEmpty,8,0,void,,true,true,true,true
C:\Users\simon\Documents\Code\thesis-code\dubbo-3.3\dubbo-cluster\src\test\java\org\apache\dubbo\rpc\cluster\router\condition\ConditionStateRouterTest.java,ConditionStateRouterTest.java,ConditionStateRouterTest,testRoute_ReturnAll,8,0,void,,true,true,true,true
C:\Users\simon\Documents\Code\thesis-code\dubbo-3.3\dubbo-cluster\src\test\java\org\apache\dubbo\rpc\cluster\router\condition\ConditionStateRouterTest.java,ConditionStateRouterTest.java,ConditionStateRouterTest,testRoute_HostFilter,13,0,void,,true,true,true,true
C:\Users\simon\Documents\Code\thesis-code\dubbo-3.3\dubbo-cluster\src\test\java\org\apache\dubbo\rpc\cluster\router\condition\ConditionStateRouterTest.java,ConditionStateRouterTest.java,ConditionStateRouterTest,testRoute_Empty_HostFilter,13,0,void,,true,true,true,true
C:\Users\simon\Documents\Code\thesis-code\dubbo-3.3\dubbo-cluster\src\test\java\org\apache\dubbo\rpc\cluster\router\condition\ConditionStateRouterTest.java,ConditionStateRouterTest.java,ConditionStateRouterTest,testRoute_False_HostFilter,13,0,void,,true,true,true,true
C:\Users\simon\Documents\Code\thesis-code\dubbo-3.3\dubbo-cluster\src\test\java\org\apache\dubbo\rpc\cluster\router\condition\ConditionStateRouterTest.java,ConditionStateRouterTest.java,ConditionStateRouterTest,testRoute_Placeholder,13,0,void,,true,true,true,true
C:\Users\simon\Documents\Code\thesis-code\dubbo-3.3\dubbo-cluster\src\test\java\org\apache\dubbo\rpc\cluster\router\condition\ConditionStateRouterTest.java,ConditionStateRouterTest.java,ConditionStateRouterTest,testRoute_NoForce,11,0,void,,true,true,true,true
C:\Users\simon\Documents\Code\thesis-code\dubbo-3.3\dubbo-cluster\src\test\java\org\apache\dubbo\rpc\cluster\router\condition\ConditionStateRouterTest.java,ConditionStateRouterTest.java,ConditionStateRouterTest,testRoute_Force,11,0,void,,true,true,true,true
C:\Users\simon\Documents\Code\thesis-code\dubbo-3.3\dubbo-cluster\src\test\java\org\apache\dubbo\rpc\cluster\router\condition\ConditionStateRouterTest.java,ConditionStateRouterTest.java,ConditionStateRouterTest,testRoute_Arguments,28,0,void,,true,true,true,true
C:\Users\simon\Documents\Code\thesis-code\dubbo-3.3\dubbo-cluster\src\test\java\org\apache\dubbo\rpc\cluster\router\condition\ConditionStateRouterTest.java,ConditionStateRouterTest.java,ConditionStateRouterTest,testRoute_Attachments,21,0,void,,true,true,true,true
C:\Users\simon\Documents\Code\thesis-code\dubbo-3.3\dubbo-cluster\src\test\java\org\apache\dubbo\rpc\cluster\router\condition\ConditionStateRouterTest.java,ConditionStateRouterTest.java,ConditionStateRouterTest,testRoute_Range_Pattern,29,0,void,,true,true,true,true
C:\Users\simon\Documents\Code\thesis-code\dubbo-3.3\dubbo-cluster\src\test\java\org\apache\dubbo\rpc\cluster\router\condition\ConditionStateRouterTest.java,ConditionStateRouterTest.java,ConditionStateRouterTest,testRoute_Key_Not_Exist,15,0,void,,true,true,true,true
C:\Users\simon\Documents\Code\thesis-code\dubbo-3.3\dubbo-cluster\src\test\java\org\apache\dubbo\rpc\cluster\router\condition\ConditionStateRouterTest.java,ConditionStateRouterTest.java,ConditionStateRouterTest,testRoute_Multiple_Conditions,19,0,void,,true,true,true,true
C:\Users\simon\Documents\Code\thesis-code\dubbo-3.3\dubbo-cluster\src\test\java\org\apache\dubbo\rpc\cluster\router\condition\config\ProviderAppConditionStateRouterTest.java,ProviderAppConditionStateRouterTest.java,ProviderAppConditionStateRouterTest,setUpBeforeClass,1,0,void,public; static,false,false,true,true
C:\Users\simon\Documents\Code\thesis-code\dubbo-3.3\dubbo-cluster\src\test\java\org\apache\dubbo\rpc\cluster\router\condition\config\ProviderAppConditionStateRouterTest.java,ProviderAppConditionStateRouterTest.java,ProviderAppConditionStateRouterTest,test,13,0,void,,true,true,true,true
C:\Users\simon\Documents\Code\thesis-code\dubbo-3.3\dubbo-cluster\src\test\java\org\apache\dubbo\rpc\cluster\router\condition\config\ProviderAppConditionStateRouterTest.java,ProviderAppConditionStateRouterTest.java,ProviderAppConditionStateRouterTest,getInvokers,9,0,BitList<Invoker<String>>,private,false,false,true,true
C:\Users\simon\Documents\Code\thesis-code\dubbo-3.3\dubbo-cluster\src\test\java\org\apache\dubbo\rpc\cluster\router\file\FileRouterEngineTest.java,FileRouterEngineTest.java,MockClusterInvoker,setUpBeforeClass,2,0,void,public; static,false,false,true,false
C:\Users\simon\Documents\Code\thesis-code\dubbo-3.3\dubbo-cluster\src\test\java\org\apache\dubbo\rpc\cluster\router\file\FileRouterEngineTest.java,FileRouterEngineTest.java,MockClusterInvoker,setUp,2,0,void,public,false,false,true,false
C:\Users\simon\Documents\Code\thesis-code\dubbo-3.3\dubbo-cluster\src\test\java\org\apache\dubbo\rpc\cluster\router\file\FileRouterEngineTest.java,FileRouterEngineTest.java,MockClusterInvoker,teardown,2,0,void,public,false,false,true,false
C:\Users\simon\Documents\Code\thesis-code\dubbo-3.3\dubbo-cluster\src\test\java\org\apache\dubbo\rpc\cluster\router\file\FileRouterEngineTest.java,FileRouterEngineTest.java,MockClusterInvoker,testRouteNotAvailable,7,0,void,,true,true,true,false
C:\Users\simon\Documents\Code\thesis-code\dubbo-3.3\dubbo-cluster\src\test\java\org\apache\dubbo\rpc\cluster\router\file\FileRouterEngineTest.java,FileRouterEngineTest.java,MockClusterInvoker,testRouteAvailable,7,0,void,,true,true,true,false
C:\Users\simon\Documents\Code\thesis-code\dubbo-3.3\dubbo-cluster\src\test\java\org\apache\dubbo\rpc\cluster\router\file\FileRouterEngineTest.java,FileRouterEngineTest.java,MockClusterInvoker,testRouteByMethodName,4,0,void,,true,true,true,false
C:\Users\simon\Documents\Code\thesis-code\dubbo-3.3\dubbo-cluster\src\test\java\org\apache\dubbo\rpc\cluster\router\file\FileRouterEngineTest.java,FileRouterEngineTest.java,MockClusterInvoker,initUrl,4,1,URL,private,false,false,true,false
C:\Users\simon\Documents\Code\thesis-code\dubbo-3.3\dubbo-cluster\src\test\java\org\apache\dubbo\rpc\cluster\router\file\FileRouterEngineTest.java,FileRouterEngineTest.java,MockClusterInvoker,initInvocation,2,1,void,private,false,false,true,false
C:\Users\simon\Documents\Code\thesis-code\dubbo-3.3\dubbo-cluster\src\test\java\org\apache\dubbo\rpc\cluster\router\file\FileRouterEngineTest.java,FileRouterEngineTest.java,MockClusterInvoker,initInvokers,1,1,void,private,false,false,true,false
C:\Users\simon\Documents\Code\thesis-code\dubbo-3.3\dubbo-cluster\src\test\java\org\apache\dubbo\rpc\cluster\router\file\FileRouterEngineTest.java,FileRouterEngineTest.java,MockClusterInvoker,initInvokers,8,3,void,private,false,false,true,false
C:\Users\simon\Documents\Code\thesis-code\dubbo-3.3\dubbo-cluster\src\test\java\org\apache\dubbo\rpc\cluster\router\file\FileRouterEngineTest.java,FileRouterEngineTest.java,MockClusterInvoker,initDic,4,1,void,private,false,false,true,false
C:\Users\simon\Documents\Code\thesis-code\dubbo-3.3\dubbo-cluster\src\test\java\org\apache\dubbo\rpc\cluster\router\file\FileRouterEngineTest.java,FileRouterEngineTest.java,MockClusterInvoker,doInvoke,3,3,Result,protected,false,false,true,false
C:\Users\simon\Documents\Code\thesis-code\dubbo-3.3\dubbo-cluster\src\test\java\org\apache\dubbo\rpc\cluster\router\file\FileRouterEngineTest.java,FileRouterEngineTest.java,MockClusterInvoker,getSelectedInvoker,1,0,Invoker<T>,public,false,false,true,false
C:\Users\simon\Documents\Code\thesis-code\dubbo-3.3\dubbo-cluster\src\test\java\org\apache\dubbo\rpc\cluster\router\mesh\route\MeshAppRuleListenerTest.java,MeshAppRuleListenerTest.java,MeshAppRuleListenerTest,testStandard,15,0,void,,true,true,true,true
C:\Users\simon\Documents\Code\thesis-code\dubbo-3.3\dubbo-cluster\src\test\java\org\apache\dubbo\rpc\cluster\router\mesh\route\MeshAppRuleListenerTest.java,MeshAppRuleListenerTest.java,MeshAppRuleListenerTest,register,23,0,void,,true,false,true,true
C:\Users\simon\Documents\Code\thesis-code\dubbo-3.3\dubbo-cluster\src\test\java\org\apache\dubbo\rpc\cluster\router\mesh\route\MeshAppRuleListenerTest.java,MeshAppRuleListenerTest.java,MeshAppRuleListenerTest,unregister,12,0,void,,true,false,true,true
C:\Users\simon\Documents\Code\thesis-code\dubbo-3.3\dubbo-cluster\src\test\java\org\apache\dubbo\rpc\cluster\router\mesh\route\MeshAppRuleListenerTest.java,MeshAppRuleListenerTest.java,MeshAppRuleListenerTest,process,23,0,void,,true,false,true,true
C:\Users\simon\Documents\Code\thesis-code\dubbo-3.3\dubbo-cluster\src\test\java\org\apache\dubbo\rpc\cluster\router\mesh\route\MeshAppRuleListenerTest.java,MeshAppRuleListenerTest.java,MeshAppRuleListenerTest,testUnknownRule,18,0,void,,true,true,true,true
C:\Users\simon\Documents\Code\thesis-code\dubbo-3.3\dubbo-cluster\src\test\java\org\apache\dubbo\rpc\cluster\router\mesh\route\MeshAppRuleListenerTest.java,MeshAppRuleListenerTest.java,MeshAppRuleListenerTest,testMultipleRule,21,0,void,,true,true,true,true
C:\Users\simon\Documents\Code\thesis-code\dubbo-3.3\dubbo-cluster\src\test\java\org\apache\dubbo\rpc\cluster\router\mesh\route\MeshAppRuleListenerTest.java,MeshAppRuleListenerTest.java,MeshAppRuleListenerTest,onRuleChange,5,2,void,public,false,false,true,true
C:\Users\simon\Documents\Code\thesis-code\dubbo-3.3\dubbo-cluster\src\test\java\org\apache\dubbo\rpc\cluster\router\mesh\route\MeshAppRuleListenerTest.java,MeshAppRuleListenerTest.java,MeshAppRuleListenerTest,clearRule,0,1,void,public,false,false,true,true
C:\Users\simon\Documents\Code\thesis-code\dubbo-3.3\dubbo-cluster\src\test\java\org\apache\dubbo\rpc\cluster\router\mesh\route\MeshAppRuleListenerTest.java,MeshAppRuleListenerTest.java,MeshAppRuleListenerTest,ruleSuffix,1,0,String,public,false,false,true,true
C:\Users\simon\Documents\Code\thesis-code\dubbo-3.3\dubbo-cluster\src\test\java\org\apache\dubbo\rpc\cluster\router\mesh\route\MeshAppRuleListenerTest.java,MeshAppRuleListenerTest.java,MeshAppRuleListenerTest,onRuleChange,5,2,void,public,false,false,true,true
C:\Users\simon\Documents\Code\thesis-code\dubbo-3.3\dubbo-cluster\src\test\java\org\apache\dubbo\rpc\cluster\router\mesh\route\MeshAppRuleListenerTest.java,MeshAppRuleListenerTest.java,MeshAppRuleListenerTest,clearRule,0,1,void,public,false,false,true,true
C:\Users\simon\Documents\Code\thesis-code\dubbo-3.3\dubbo-cluster\src\test\java\org\apache\dubbo\rpc\cluster\router\mesh\route\MeshAppRuleListenerTest.java,MeshAppRuleListenerTest.java,MeshAppRuleListenerTest,ruleSuffix,1,0,String,public,false,false,true,true
C:\Users\simon\Documents\Code\thesis-code\dubbo-3.3\dubbo-cluster\src\test\java\org\apache\dubbo\rpc\cluster\router\mesh\route\MeshAppRuleListenerTest.java,MeshAppRuleListenerTest.java,MeshAppRuleListenerTest,onRuleChange,1,2,void,public,false,false,true,true
C:\Users\simon\Documents\Code\thesis-code\dubbo-3.3\dubbo-cluster\src\test\java\org\apache\dubbo\rpc\cluster\router\mesh\route\MeshAppRuleListenerTest.java,MeshAppRuleListenerTest.java,MeshAppRuleListenerTest,clearRule,2,1,void,public,false,false,true,true
C:\Users\simon\Documents\Code\thesis-code\dubbo-3.3\dubbo-cluster\src\test\java\org\apache\dubbo\rpc\cluster\router\mesh\route\MeshAppRuleListenerTest.java,MeshAppRuleListenerTest.java,MeshAppRuleListenerTest,ruleSuffix,1,0,String,public,false,false,true,true
C:\Users\simon\Documents\Code\thesis-code\dubbo-3.3\dubbo-cluster\src\test\java\org\apache\dubbo\rpc\cluster\router\mesh\route\MeshRuleCacheTest.java,MeshRuleCacheTest.java,MeshRuleCacheTest,createInvoker,4,1,Invoker<Object>,private,false,false,true,true
C:\Users\simon\Documents\Code\thesis-code\dubbo-3.3\dubbo-cluster\src\test\java\org\apache\dubbo\rpc\cluster\router\mesh\route\MeshRuleCacheTest.java,MeshRuleCacheTest.java,MeshRuleCacheTest,containMapKeyValue,15,0,void,,true,false,true,true
C:\Users\simon\Documents\Code\thesis-code\dubbo-3.3\dubbo-cluster\src\test\java\org\apache\dubbo\rpc\cluster\router\mesh\route\MeshRuleCacheTest.java,MeshRuleCacheTest.java,MeshRuleCacheTest,testBuild,24,0,void,,true,true,true,true
C:\Users\simon\Documents\Code\thesis-code\dubbo-3.3\dubbo-cluster\src\test\java\org\apache\dubbo\rpc\cluster\router\mesh\route\MeshRuleManagerTest.java,MeshRuleManagerTest.java,MeshRuleManagerTest,setup,8,0,void,public,false,false,true,true
C:\Users\simon\Documents\Code\thesis-code\dubbo-3.3\dubbo-cluster\src\test\java\org\apache\dubbo\rpc\cluster\router\mesh\route\MeshRuleManagerTest.java,MeshRuleManagerTest.java,MeshRuleManagerTest,teardown,1,0,void,public,false,false,true,true
C:\Users\simon\Documents\Code\thesis-code\dubbo-3.3\dubbo-cluster\src\test\java\org\apache\dubbo\rpc\cluster\router\mesh\route\MeshRuleManagerTest.java,MeshRuleManagerTest.java,MeshRuleManagerTest,testRegister1,19,0,void,,true,true,true,true
C:\Users\simon\Documents\Code\thesis-code\dubbo-3.3\dubbo-cluster\src\test\java\org\apache\dubbo\rpc\cluster\router\mesh\route\MeshRuleManagerTest.java,MeshRuleManagerTest.java,MeshRuleManagerTest,onRuleChange,1,2,void,public,false,false,true,true
C:\Users\simon\Documents\Code\thesis-code\dubbo-3.3\dubbo-cluster\src\test\java\org\apache\dubbo\rpc\cluster\router\mesh\route\MeshRuleManagerTest.java,MeshRuleManagerTest.java,MeshRuleManagerTest,clearRule,0,1,void,public,false,false,true,true
C:\Users\simon\Documents\Code\thesis-code\dubbo-3.3\dubbo-cluster\src\test\java\org\apache\dubbo\rpc\cluster\router\mesh\route\MeshRuleManagerTest.java,MeshRuleManagerTest.java,MeshRuleManagerTest,ruleSuffix,1,0,String,public,false,false,true,true
C:\Users\simon\Documents\Code\thesis-code\dubbo-3.3\dubbo-cluster\src\test\java\org\apache\dubbo\rpc\cluster\router\mesh\route\MeshRuleManagerTest.java,MeshRuleManagerTest.java,MeshRuleManagerTest,onRuleChange,1,2,void,public,false,false,true,true
C:\Users\simon\Documents\Code\thesis-code\dubbo-3.3\dubbo-cluster\src\test\java\org\apache\dubbo\rpc\cluster\router\mesh\route\MeshRuleManagerTest.java,MeshRuleManagerTest.java,MeshRuleManagerTest,clearRule,0,1,void,public,false,false,true,true
C:\Users\simon\Documents\Code\thesis-code\dubbo-3.3\dubbo-cluster\src\test\java\org\apache\dubbo\rpc\cluster\router\mesh\route\MeshRuleManagerTest.java,MeshRuleManagerTest.java,MeshRuleManagerTest,ruleSuffix,1,0,String,public,false,false,true,true
C:\Users\simon\Documents\Code\thesis-code\dubbo-3.3\dubbo-cluster\src\test\java\org\apache\dubbo\rpc\cluster\router\mesh\route\MeshRuleManagerTest.java,MeshRuleManagerTest.java,MeshRuleManagerTest,testRegister2,11,0,void,,true,true,true,true
C:\Users\simon\Documents\Code\thesis-code\dubbo-3.3\dubbo-cluster\src\test\java\org\apache\dubbo\rpc\cluster\router\mesh\route\MeshRuleManagerTest.java,MeshRuleManagerTest.java,MeshRuleManagerTest,onRuleChange,5,2,void,public,false,false,true,true
C:\Users\simon\Documents\Code\thesis-code\dubbo-3.3\dubbo-cluster\src\test\java\org\apache\dubbo\rpc\cluster\router\mesh\route\MeshRuleManagerTest.java,MeshRuleManagerTest.java,MeshRuleManagerTest,clearRule,0,1,void,public,false,false,true,true
C:\Users\simon\Documents\Code\thesis-code\dubbo-3.3\dubbo-cluster\src\test\java\org\apache\dubbo\rpc\cluster\router\mesh\route\MeshRuleManagerTest.java,MeshRuleManagerTest.java,MeshRuleManagerTest,ruleSuffix,1,0,String,public,false,false,true,true
C:\Users\simon\Documents\Code\thesis-code\dubbo-3.3\dubbo-cluster\src\test\java\org\apache\dubbo\rpc\cluster\router\mesh\route\MeshRuleManagerTest.java,MeshRuleManagerTest.java,MeshRuleManagerTest,testRegister3,31,0,void,,true,true,true,true
C:\Users\simon\Documents\Code\thesis-code\dubbo-3.3\dubbo-cluster\src\test\java\org\apache\dubbo\rpc\cluster\router\mesh\route\MeshRuleManagerTest.java,MeshRuleManagerTest.java,MeshRuleManagerTest,onRuleChange,1,2,void,public,false,false,true,true
C:\Users\simon\Documents\Code\thesis-code\dubbo-3.3\dubbo-cluster\src\test\java\org\apache\dubbo\rpc\cluster\router\mesh\route\MeshRuleManagerTest.java,MeshRuleManagerTest.java,MeshRuleManagerTest,clearRule,0,1,void,public,false,false,true,true
C:\Users\simon\Documents\Code\thesis-code\dubbo-3.3\dubbo-cluster\src\test\java\org\apache\dubbo\rpc\cluster\router\mesh\route\MeshRuleManagerTest.java,MeshRuleManagerTest.java,MeshRuleManagerTest,ruleSuffix,1,0,String,public,false,false,true,true
C:\Users\simon\Documents\Code\thesis-code\dubbo-3.3\dubbo-cluster\src\test\java\org\apache\dubbo\rpc\cluster\router\mesh\route\MeshRuleManagerTest.java,MeshRuleManagerTest.java,MeshRuleManagerTest,onRuleChange,1,2,void,public,false,false,true,true
C:\Users\simon\Documents\Code\thesis-code\dubbo-3.3\dubbo-cluster\src\test\java\org\apache\dubbo\rpc\cluster\router\mesh\route\MeshRuleManagerTest.java,MeshRuleManagerTest.java,MeshRuleManagerTest,clearRule,0,1,void,public,false,false,true,true
C:\Users\simon\Documents\Code\thesis-code\dubbo-3.3\dubbo-cluster\src\test\java\org\apache\dubbo\rpc\cluster\router\mesh\route\MeshRuleManagerTest.java,MeshRuleManagerTest.java,MeshRuleManagerTest,ruleSuffix,1,0,String,public,false,false,true,true
C:\Users\simon\Documents\Code\thesis-code\dubbo-3.3\dubbo-cluster\src\test\java\org\apache\dubbo\rpc\cluster\router\mesh\route\MeshRuleRouterTest.java,MeshRuleRouterTest.java,MeshRuleRouterTest,setup,12,0,void,public,false,false,true,true
C:\Users\simon\Documents\Code\thesis-code\dubbo-3.3\dubbo-cluster\src\test\java\org\apache\dubbo\rpc\cluster\router\mesh\route\MeshRuleRouterTest.java,MeshRuleRouterTest.java,MeshRuleRouterTest,teardown,1,0,void,public,false,false,true,true
C:\Users\simon\Documents\Code\thesis-code\dubbo-3.3\dubbo-cluster\src\test\java\org\apache\dubbo\rpc\cluster\router\mesh\route\MeshRuleRouterTest.java,MeshRuleRouterTest.java,MeshRuleRouterTest,createInvoker,4,1,Invoker<Object>,private,false,false,true,true
C:\Users\simon\Documents\Code\thesis-code\dubbo-3.3\dubbo-cluster\src\test\java\org\apache\dubbo\rpc\cluster\router\mesh\route\MeshRuleRouterTest.java,MeshRuleRouterTest.java,MeshRuleRouterTest,createInvoker,4,1,Invoker<Object>,private,false,false,true,true
C:\Users\simon\Documents\Code\thesis-code\dubbo-3.3\dubbo-cluster\src\test\java\org\apache\dubbo\rpc\cluster\router\mesh\route\MeshRuleRouterTest.java,MeshRuleRouterTest.java,MeshRuleRouterTest,testNotify,16,0,void,,true,true,true,true
C:\Users\simon\Documents\Code\thesis-code\dubbo-3.3\dubbo-cluster\src\test\java\org\apache\dubbo\rpc\cluster\router\mesh\route\MeshRuleRouterTest.java,MeshRuleRouterTest.java,MeshRuleRouterTest,testRuleChange,17,0,void,,true,true,true,true
C:\Users\simon\Documents\Code\thesis-code\dubbo-3.3\dubbo-cluster\src\test\java\org\apache\dubbo\rpc\cluster\router\mesh\route\MeshRuleRouterTest.java,MeshRuleRouterTest.java,MeshRuleRouterTest,testRoute1,6,0,void,,true,true,true,true
C:\Users\simon\Documents\Code\thesis-code\dubbo-3.3\dubbo-cluster\src\test\java\org\apache\dubbo\rpc\cluster\router\mesh\route\MeshRuleRouterTest.java,MeshRuleRouterTest.java,MeshRuleRouterTest,testRoute2,67,0,void,,true,true,true,true
C:\Users\simon\Documents\Code\thesis-code\dubbo-3.3\dubbo-cluster\src\test\java\org\apache\dubbo\rpc\cluster\router\mesh\route\StandardMeshRuleRouterFactoryTest.java,StandardMeshRuleRouterFactoryTest.java,StandardMeshRuleRouterFactoryTest,getRouter,2,0,void,,true,false,true,true
C:\Users\simon\Documents\Code\thesis-code\dubbo-3.3\dubbo-cluster\src\test\java\org\apache\dubbo\rpc\cluster\router\mesh\rule\DestinationRuleTest.java,DestinationRuleTest.java,DestinationRuleTest,parserTest,19,0,void,,true,false,true,true
C:\Users\simon\Documents\Code\thesis-code\dubbo-3.3\dubbo-cluster\src\test\java\org\apache\dubbo\rpc\cluster\router\mesh\rule\DestinationRuleTest.java,DestinationRuleTest.java,DestinationRuleTest,parserMultiRuleTest,4,0,void,,true,false,true,true
C:\Users\simon\Documents\Code\thesis-code\dubbo-3.3\dubbo-cluster\src\test\java\org\apache\dubbo\rpc\cluster\router\mesh\rule\virtualservice\DubboMatchRequestTest.java,DubboMatchRequestTest.java,DubboMatchRequestTest,isMatch,66,0,void,,true,false,true,true
C:\Users\simon\Documents\Code\thesis-code\dubbo-3.3\dubbo-cluster\src\test\java\org\apache\dubbo\rpc\cluster\router\mesh\rule\virtualservice\match\BoolMatchTest.java,BoolMatchTest.java,BoolMatchTest,isMatch,7,0,void,,true,false,true,true
C:\Users\simon\Documents\Code\thesis-code\dubbo-3.3\dubbo-cluster\src\test\java\org\apache\dubbo\rpc\cluster\router\mesh\rule\virtualservice\match\DoubleMatchTest.java,DoubleMatchTest.java,DoubleMatchTest,exactMatch,4,0,void,,true,false,true,true
C:\Users\simon\Documents\Code\thesis-code\dubbo-3.3\dubbo-cluster\src\test\java\org\apache\dubbo\rpc\cluster\router\mesh\rule\virtualservice\match\DoubleMatchTest.java,DoubleMatchTest.java,DoubleMatchTest,rangeStartMatch,6,0,void,,true,false,true,true
C:\Users\simon\Documents\Code\thesis-code\dubbo-3.3\dubbo-cluster\src\test\java\org\apache\dubbo\rpc\cluster\router\mesh\rule\virtualservice\match\DoubleMatchTest.java,DoubleMatchTest.java,DoubleMatchTest,rangeEndMatch,6,0,void,,true,false,true,true
C:\Users\simon\Documents\Code\thesis-code\dubbo-3.3\dubbo-cluster\src\test\java\org\apache\dubbo\rpc\cluster\router\mesh\rule\virtualservice\match\DoubleMatchTest.java,DoubleMatchTest.java,DoubleMatchTest,rangeStartEndMatch,10,0,void,,true,false,true,true
C:\Users\simon\Documents\Code\thesis-code\dubbo-3.3\dubbo-cluster\src\test\java\org\apache\dubbo\rpc\cluster\router\mesh\rule\virtualservice\match\DoubleMatchTest.java,DoubleMatchTest.java,DoubleMatchTest,modMatch,8,0,void,,true,false,true,true
C:\Users\simon\Documents\Code\thesis-code\dubbo-3.3\dubbo-cluster\src\test\java\org\apache\dubbo\rpc\cluster\router\mesh\rule\virtualservice\match\DubboAttachmentMatchTest.java,DubboAttachmentMatchTest.java,DubboAttachmentMatchTest,dubboContextMatch,30,0,void,,true,false,true,true
C:\Users\simon\Documents\Code\thesis-code\dubbo-3.3\dubbo-cluster\src\test\java\org\apache\dubbo\rpc\cluster\router\mesh\rule\virtualservice\match\DubboAttachmentMatchTest.java,DubboAttachmentMatchTest.java,DubboAttachmentMatchTest,tracingContextMatch,27,0,void,,true,false,true,true
C:\Users\simon\Documents\Code\thesis-code\dubbo-3.3\dubbo-cluster\src\test\java\org\apache\dubbo\rpc\cluster\router\mesh\rule\virtualservice\match\DubboAttachmentMatchTest.java,DubboAttachmentMatchTest.java,DubboAttachmentMatchTest,contextMatch,55,0,void,,true,false,true,true
C:\Users\simon\Documents\Code\thesis-code\dubbo-3.3\dubbo-cluster\src\test\java\org\apache\dubbo\rpc\cluster\router\mesh\rule\virtualservice\match\DubboMethodMatchTest.java,DubboMethodMatchTest.java,DubboMethodMatchTest,nameMatch,5,0,void,,true,false,true,true
C:\Users\simon\Documents\Code\thesis-code\dubbo-3.3\dubbo-cluster\src\test\java\org\apache\dubbo\rpc\cluster\router\mesh\rule\virtualservice\match\DubboMethodMatchTest.java,DubboMethodMatchTest.java,DubboMethodMatchTest,argcMatch,4,0,void,,true,false,true,true
C:\Users\simon\Documents\Code\thesis-code\dubbo-3.3\dubbo-cluster\src\test\java\org\apache\dubbo\rpc\cluster\router\mesh\rule\virtualservice\match\DubboMethodMatchTest.java,DubboMethodMatchTest.java,DubboMethodMatchTest,argpMatch,12,0,void,,true,false,true,true
C:\Users\simon\Documents\Code\thesis-code\dubbo-3.3\dubbo-cluster\src\test\java\org\apache\dubbo\rpc\cluster\router\mesh\rule\virtualservice\match\DubboMethodMatchTest.java,DubboMethodMatchTest.java,DubboMethodMatchTest,parametersMatch,10,0,void,,true,false,true,true
C:\Users\simon\Documents\Code\thesis-code\dubbo-3.3\dubbo-cluster\src\test\java\org\apache\dubbo\rpc\cluster\router\mesh\rule\virtualservice\match\ListBoolMatchTest.java,ListBoolMatchTest.java,ListBoolMatchTest,isMatch,13,0,void,,true,false,true,true
C:\Users\simon\Documents\Code\thesis-code\dubbo-3.3\dubbo-cluster\src\test\java\org\apache\dubbo\rpc\cluster\router\mesh\rule\virtualservice\match\ListDoubleMatchTest.java,ListDoubleMatchTest.java,ListDoubleMatchTest,isMatch,12,0,void,,true,false,true,true
C:\Users\simon\Documents\Code\thesis-code\dubbo-3.3\dubbo-cluster\src\test\java\org\apache\dubbo\rpc\cluster\router\mesh\rule\virtualservice\match\ListStringMatchTest.java,ListStringMatchTest.java,ListStringMatchTest,isMatch,12,0,void,,true,false,true,true
C:\Users\simon\Documents\Code\thesis-code\dubbo-3.3\dubbo-cluster\src\test\java\org\apache\dubbo\rpc\cluster\router\mesh\rule\virtualservice\match\StringMatchTest.java,StringMatchTest.java,StringMatchTest,exactMatch,5,0,void,,true,false,true,true
C:\Users\simon\Documents\Code\thesis-code\dubbo-3.3\dubbo-cluster\src\test\java\org\apache\dubbo\rpc\cluster\router\mesh\rule\virtualservice\match\StringMatchTest.java,StringMatchTest.java,StringMatchTest,prefixMatch,5,0,void,,true,false,true,true
C:\Users\simon\Documents\Code\thesis-code\dubbo-3.3\dubbo-cluster\src\test\java\org\apache\dubbo\rpc\cluster\router\mesh\rule\virtualservice\match\StringMatchTest.java,StringMatchTest.java,StringMatchTest,regxMatch,6,0,void,,true,false,true,true
C:\Users\simon\Documents\Code\thesis-code\dubbo-3.3\dubbo-cluster\src\test\java\org\apache\dubbo\rpc\cluster\router\mesh\rule\virtualservice\match\StringMatchTest.java,StringMatchTest.java,StringMatchTest,emptyMatch,5,0,void,,true,false,true,true
C:\Users\simon\Documents\Code\thesis-code\dubbo-3.3\dubbo-cluster\src\test\java\org\apache\dubbo\rpc\cluster\router\mesh\rule\virtualservice\match\StringMatchTest.java,StringMatchTest.java,StringMatchTest,noEmptyMatch,5,0,void,,true,false,true,true
C:\Users\simon\Documents\Code\thesis-code\dubbo-3.3\dubbo-cluster\src\test\java\org\apache\dubbo\rpc\cluster\router\mesh\rule\VirtualServiceRuleTest.java,VirtualServiceRuleTest.java,VirtualServiceRuleTest,parserTest,31,0,void,,true,false,true,true
C:\Users\simon\Documents\Code\thesis-code\dubbo-3.3\dubbo-cluster\src\test\java\org\apache\dubbo\rpc\cluster\router\mesh\util\MeshRuleDispatcherTest.java,MeshRuleDispatcherTest.java,MeshRuleDispatcherTest,post,17,0,void,,true,false,true,true
C:\Users\simon\Documents\Code\thesis-code\dubbo-3.3\dubbo-cluster\src\test\java\org\apache\dubbo\rpc\cluster\router\mesh\util\MeshRuleDispatcherTest.java,MeshRuleDispatcherTest.java,MeshRuleDispatcherTest,onRuleChange,3,2,void,public,false,false,true,true
C:\Users\simon\Documents\Code\thesis-code\dubbo-3.3\dubbo-cluster\src\test\java\org\apache\dubbo\rpc\cluster\router\mesh\util\MeshRuleDispatcherTest.java,MeshRuleDispatcherTest.java,MeshRuleDispatcherTest,clearRule,0,1,void,public,false,false,true,true
C:\Users\simon\Documents\Code\thesis-code\dubbo-3.3\dubbo-cluster\src\test\java\org\apache\dubbo\rpc\cluster\router\mesh\util\MeshRuleDispatcherTest.java,MeshRuleDispatcherTest.java,MeshRuleDispatcherTest,ruleSuffix,1,0,String,public,false,false,true,true
C:\Users\simon\Documents\Code\thesis-code\dubbo-3.3\dubbo-cluster\src\test\java\org\apache\dubbo\rpc\cluster\router\mesh\util\MeshRuleDispatcherTest.java,MeshRuleDispatcherTest.java,MeshRuleDispatcherTest,onRuleChange,3,2,void,public,false,false,true,true
C:\Users\simon\Documents\Code\thesis-code\dubbo-3.3\dubbo-cluster\src\test\java\org\apache\dubbo\rpc\cluster\router\mesh\util\MeshRuleDispatcherTest.java,MeshRuleDispatcherTest.java,MeshRuleDispatcherTest,clearRule,0,1,void,public,false,false,true,true
C:\Users\simon\Documents\Code\thesis-code\dubbo-3.3\dubbo-cluster\src\test\java\org\apache\dubbo\rpc\cluster\router\mesh\util\MeshRuleDispatcherTest.java,MeshRuleDispatcherTest.java,MeshRuleDispatcherTest,ruleSuffix,1,0,String,public,false,false,true,true
C:\Users\simon\Documents\Code\thesis-code\dubbo-3.3\dubbo-cluster\src\test\java\org\apache\dubbo\rpc\cluster\router\mesh\util\MeshRuleDispatcherTest.java,MeshRuleDispatcherTest.java,MeshRuleDispatcherTest,onRuleChange,1,2,void,public,false,false,true,true
C:\Users\simon\Documents\Code\thesis-code\dubbo-3.3\dubbo-cluster\src\test\java\org\apache\dubbo\rpc\cluster\router\mesh\util\MeshRuleDispatcherTest.java,MeshRuleDispatcherTest.java,MeshRuleDispatcherTest,clearRule,2,1,void,public,false,false,true,true
C:\Users\simon\Documents\Code\thesis-code\dubbo-3.3\dubbo-cluster\src\test\java\org\apache\dubbo\rpc\cluster\router\mesh\util\MeshRuleDispatcherTest.java,MeshRuleDispatcherTest.java,MeshRuleDispatcherTest,ruleSuffix,1,0,String,public,false,false,true,true
C:\Users\simon\Documents\Code\thesis-code\dubbo-3.3\dubbo-cluster\src\test\java\org\apache\dubbo\rpc\cluster\router\mesh\util\MeshRuleDispatcherTest.java,MeshRuleDispatcherTest.java,MeshRuleDispatcherTest,register,6,0,void,,true,false,true,true
C:\Users\simon\Documents\Code\thesis-code\dubbo-3.3\dubbo-cluster\src\test\java\org\apache\dubbo\rpc\cluster\router\mesh\util\MeshRuleDispatcherTest.java,MeshRuleDispatcherTest.java,MeshRuleDispatcherTest,onRuleChange,0,2,void,public,false,false,true,true
C:\Users\simon\Documents\Code\thesis-code\dubbo-3.3\dubbo-cluster\src\test\java\org\apache\dubbo\rpc\cluster\router\mesh\util\MeshRuleDispatcherTest.java,MeshRuleDispatcherTest.java,MeshRuleDispatcherTest,clearRule,0,1,void,public,false,false,true,true
C:\Users\simon\Documents\Code\thesis-code\dubbo-3.3\dubbo-cluster\src\test\java\org\apache\dubbo\rpc\cluster\router\mesh\util\MeshRuleDispatcherTest.java,MeshRuleDispatcherTest.java,MeshRuleDispatcherTest,ruleSuffix,1,0,String,public,false,false,true,true
C:\Users\simon\Documents\Code\thesis-code\dubbo-3.3\dubbo-cluster\src\test\java\org\apache\dubbo\rpc\cluster\router\mesh\util\MeshRuleDispatcherTest.java,MeshRuleDispatcherTest.java,MeshRuleDispatcherTest,unregister,24,0,void,,true,false,true,true
C:\Users\simon\Documents\Code\thesis-code\dubbo-3.3\dubbo-cluster\src\test\java\org\apache\dubbo\rpc\cluster\router\mesh\util\MeshRuleDispatcherTest.java,MeshRuleDispatcherTest.java,MeshRuleDispatcherTest,onRuleChange,0,2,void,public,false,false,true,true
C:\Users\simon\Documents\Code\thesis-code\dubbo-3.3\dubbo-cluster\src\test\java\org\apache\dubbo\rpc\cluster\router\mesh\util\MeshRuleDispatcherTest.java,MeshRuleDispatcherTest.java,MeshRuleDispatcherTest,clearRule,0,1,void,public,false,false,true,true
C:\Users\simon\Documents\Code\thesis-code\dubbo-3.3\dubbo-cluster\src\test\java\org\apache\dubbo\rpc\cluster\router\mesh\util\MeshRuleDispatcherTest.java,MeshRuleDispatcherTest.java,MeshRuleDispatcherTest,ruleSuffix,1,0,String,public,false,false,true,true
C:\Users\simon\Documents\Code\thesis-code\dubbo-3.3\dubbo-cluster\src\test\java\org\apache\dubbo\rpc\cluster\router\mesh\util\MeshRuleDispatcherTest.java,MeshRuleDispatcherTest.java,MeshRuleDispatcherTest,onRuleChange,0,2,void,public,false,false,true,true
C:\Users\simon\Documents\Code\thesis-code\dubbo-3.3\dubbo-cluster\src\test\java\org\apache\dubbo\rpc\cluster\router\mesh\util\MeshRuleDispatcherTest.java,MeshRuleDispatcherTest.java,MeshRuleDispatcherTest,clearRule,0,1,void,public,false,false,true,true
C:\Users\simon\Documents\Code\thesis-code\dubbo-3.3\dubbo-cluster\src\test\java\org\apache\dubbo\rpc\cluster\router\mesh\util\MeshRuleDispatcherTest.java,MeshRuleDispatcherTest.java,MeshRuleDispatcherTest,ruleSuffix,1,0,String,public,false,false,true,true
C:\Users\simon\Documents\Code\thesis-code\dubbo-3.3\dubbo-cluster\src\test\java\org\apache\dubbo\rpc\cluster\router\mesh\util\MeshRuleDispatcherTest.java,MeshRuleDispatcherTest.java,MeshRuleDispatcherTest,onRuleChange,0,2,void,public,false,false,true,true
C:\Users\simon\Documents\Code\thesis-code\dubbo-3.3\dubbo-cluster\src\test\java\org\apache\dubbo\rpc\cluster\router\mesh\util\MeshRuleDispatcherTest.java,MeshRuleDispatcherTest.java,MeshRuleDispatcherTest,clearRule,0,1,void,public,false,false,true,true
C:\Users\simon\Documents\Code\thesis-code\dubbo-3.3\dubbo-cluster\src\test\java\org\apache\dubbo\rpc\cluster\router\mesh\util\MeshRuleDispatcherTest.java,MeshRuleDispatcherTest.java,MeshRuleDispatcherTest,ruleSuffix,1,0,String,public,false,false,true,true
C:\Users\simon\Documents\Code\thesis-code\dubbo-3.3\dubbo-cluster\src\test\java\org\apache\dubbo\rpc\cluster\router\mock\MockInvokersSelectorTest.java,MockInvokersSelectorTest.java,DemoService,test,19,0,void,,true,true,true,false
C:\Users\simon\Documents\Code\thesis-code\dubbo-3.3\dubbo-cluster\src\test\java\org\apache\dubbo\rpc\cluster\router\RouterSnapshotFilterTest.java,RouterSnapshotFilterTest.java,RouterSnapshotFilterTest,setUp,1,0,void,static,false,false,true,true
C:\Users\simon\Documents\Code\thesis-code\dubbo-3.3\dubbo-cluster\src\test\java\org\apache\dubbo\rpc\cluster\router\RouterSnapshotFilterTest.java,RouterSnapshotFilterTest.java,RouterSnapshotFilterTest,test,32,0,void,,true,true,true,true
C:\Users\simon\Documents\Code\thesis-code\dubbo-3.3\dubbo-cluster\src\test\java\org\apache\dubbo\rpc\cluster\router\script\config\AppScriptStateRouterTest.java,AppScriptStateRouterTest.java,AppScriptStateRouterTest,setUpBeforeClass,1,0,void,public; static,false,false,true,true
C:\Users\simon\Documents\Code\thesis-code\dubbo-3.3\dubbo-cluster\src\test\java\org\apache\dubbo\rpc\cluster\router\script\config\AppScriptStateRouterTest.java,AppScriptStateRouterTest.java,AppScriptStateRouterTest,testConfigScriptRoute,10,0,void,,true,true,true,true
C:\Users\simon\Documents\Code\thesis-code\dubbo-3.3\dubbo-cluster\src\test\java\org\apache\dubbo\rpc\cluster\router\script\config\AppScriptStateRouterTest.java,AppScriptStateRouterTest.java,AppScriptStateRouterTest,getInvokers,9,0,BitList<Invoker<String>>,private,false,false,true,true
C:\Users\simon\Documents\Code\thesis-code\dubbo-3.3\dubbo-cluster\src\test\java\org\apache\dubbo\rpc\cluster\router\script\ScriptStateRouterTest.java,ScriptStateRouterTest.java,ScriptStateRouterTest,setUpBeforeClass,0,0,void,public; static,false,false,true,true
C:\Users\simon\Documents\Code\thesis-code\dubbo-3.3\dubbo-cluster\src\test\java\org\apache\dubbo\rpc\cluster\router\script\ScriptStateRouterTest.java,ScriptStateRouterTest.java,ScriptStateRouterTest,setUp,0,0,void,public,false,false,true,true
C:\Users\simon\Documents\Code\thesis-code\dubbo-3.3\dubbo-cluster\src\test\java\org\apache\dubbo\rpc\cluster\router\script\ScriptStateRouterTest.java,ScriptStateRouterTest.java,ScriptStateRouterTest,getRouteUrl,1,1,URL,private,false,false,true,true
C:\Users\simon\Documents\Code\thesis-code\dubbo-3.3\dubbo-cluster\src\test\java\org\apache\dubbo\rpc\cluster\router\script\ScriptStateRouterTest.java,ScriptStateRouterTest.java,ScriptStateRouterTest,testRouteReturnAll,8,0,void,,true,true,true,true
C:\Users\simon\Documents\Code\thesis-code\dubbo-3.3\dubbo-cluster\src\test\java\org\apache\dubbo\rpc\cluster\router\script\ScriptStateRouterTest.java,ScriptStateRouterTest.java,ScriptStateRouterTest,testRoutePickInvokers,15,0,void,,true,true,true,true
C:\Users\simon\Documents\Code\thesis-code\dubbo-3.3\dubbo-cluster\src\test\java\org\apache\dubbo\rpc\cluster\router\script\ScriptStateRouterTest.java,ScriptStateRouterTest.java,ScriptStateRouterTest,testRouteHostFilter,13,0,void,,true,true,true,true
C:\Users\simon\Documents\Code\thesis-code\dubbo-3.3\dubbo-cluster\src\test\java\org\apache\dubbo\rpc\cluster\router\script\ScriptStateRouterTest.java,ScriptStateRouterTest.java,ScriptStateRouterTest,testRoute_throwException,12,0,void,,true,true,true,true
C:\Users\simon\Documents\Code\thesis-code\dubbo-3.3\dubbo-cluster\src\test\java\org\apache\dubbo\rpc\cluster\router\state\BitListTest.java,BitListTest.java,BitListTest,test,33,0,void,,true,true,true,true
C:\Users\simon\Documents\Code\thesis-code\dubbo-3.3\dubbo-cluster\src\test\java\org\apache\dubbo\rpc\cluster\router\state\BitListTest.java,BitListTest.java,BitListTest,testIntersect,15,0,void,,true,true,true,true
C:\Users\simon\Documents\Code\thesis-code\dubbo-3.3\dubbo-cluster\src\test\java\org\apache\dubbo\rpc\cluster\router\state\BitListTest.java,BitListTest.java,BitListTest,testIsEmpty,7,0,void,,true,true,true,true
C:\Users\simon\Documents\Code\thesis-code\dubbo-3.3\dubbo-cluster\src\test\java\org\apache\dubbo\rpc\cluster\router\state\BitListTest.java,BitListTest.java,BitListTest,testAdd,15,0,void,,true,true,true,true
C:\Users\simon\Documents\Code\thesis-code\dubbo-3.3\dubbo-cluster\src\test\java\org\apache\dubbo\rpc\cluster\router\state\BitListTest.java,BitListTest.java,BitListTest,testAddAll,10,0,void,,true,true,true,true
C:\Users\simon\Documents\Code\thesis-code\dubbo-3.3\dubbo-cluster\src\test\java\org\apache\dubbo\rpc\cluster\router\state\BitListTest.java,BitListTest.java,BitListTest,testGet,12,0,void,,true,true,true,true
C:\Users\simon\Documents\Code\thesis-code\dubbo-3.3\dubbo-cluster\src\test\java\org\apache\dubbo\rpc\cluster\router\state\BitListTest.java,BitListTest.java,BitListTest,testRemove,20,0,void,,true,true,true,true
C:\Users\simon\Documents\Code\thesis-code\dubbo-3.3\dubbo-cluster\src\test\java\org\apache\dubbo\rpc\cluster\router\state\BitListTest.java,BitListTest.java,BitListTest,testRemoveIndex,19,0,void,,true,true,true,true
C:\Users\simon\Documents\Code\thesis-code\dubbo-3.3\dubbo-cluster\src\test\java\org\apache\dubbo\rpc\cluster\router\state\BitListTest.java,BitListTest.java,BitListTest,testRetain,16,0,void,,true,true,true,true
C:\Users\simon\Documents\Code\thesis-code\dubbo-3.3\dubbo-cluster\src\test\java\org\apache\dubbo\rpc\cluster\router\state\BitListTest.java,BitListTest.java,BitListTest,testIndex,13,0,void,,true,true,true,true
C:\Users\simon\Documents\Code\thesis-code\dubbo-3.3\dubbo-cluster\src\test\java\org\apache\dubbo\rpc\cluster\router\state\BitListTest.java,BitListTest.java,BitListTest,testSubList,32,0,void,,true,true,true,true
C:\Users\simon\Documents\Code\thesis-code\dubbo-3.3\dubbo-cluster\src\test\java\org\apache\dubbo\rpc\cluster\router\state\BitListTest.java,BitListTest.java,BitListTest,testListIterator1,6,0,void,,true,true,true,true
C:\Users\simon\Documents\Code\thesis-code\dubbo-3.3\dubbo-cluster\src\test\java\org\apache\dubbo\rpc\cluster\router\state\BitListTest.java,BitListTest.java,BitListTest,testListIterator2,8,0,void,,true,true,true,true
C:\Users\simon\Documents\Code\thesis-code\dubbo-3.3\dubbo-cluster\src\test\java\org\apache\dubbo\rpc\cluster\router\state\BitListTest.java,BitListTest.java,BitListTest,testListIterator3,8,0,void,,true,true,true,true
C:\Users\simon\Documents\Code\thesis-code\dubbo-3.3\dubbo-cluster\src\test\java\org\apache\dubbo\rpc\cluster\router\state\BitListTest.java,BitListTest.java,BitListTest,testListIterator4,8,0,void,,true,true,true,true
C:\Users\simon\Documents\Code\thesis-code\dubbo-3.3\dubbo-cluster\src\test\java\org\apache\dubbo\rpc\cluster\router\state\BitListTest.java,BitListTest.java,BitListTest,testListIterator5,10,0,void,,true,true,true,true
C:\Users\simon\Documents\Code\thesis-code\dubbo-3.3\dubbo-cluster\src\test\java\org\apache\dubbo\rpc\cluster\router\state\BitListTest.java,BitListTest.java,BitListTest,testListIterator6,10,0,void,,true,true,true,true
C:\Users\simon\Documents\Code\thesis-code\dubbo-3.3\dubbo-cluster\src\test\java\org\apache\dubbo\rpc\cluster\router\state\BitListTest.java,BitListTest.java,BitListTest,testListIterator7,10,0,void,,true,true,true,true
C:\Users\simon\Documents\Code\thesis-code\dubbo-3.3\dubbo-cluster\src\test\java\org\apache\dubbo\rpc\cluster\router\state\BitListTest.java,BitListTest.java,BitListTest,testListIterator8,10,0,void,,true,true,true,true
C:\Users\simon\Documents\Code\thesis-code\dubbo-3.3\dubbo-cluster\src\test\java\org\apache\dubbo\rpc\cluster\router\state\BitListTest.java,BitListTest.java,BitListTest,testClone1,13,0,void,,true,true,true,true
C:\Users\simon\Documents\Code\thesis-code\dubbo-3.3\dubbo-cluster\src\test\java\org\apache\dubbo\rpc\cluster\router\state\BitListTest.java,BitListTest.java,BitListTest,testClone2,14,0,void,,true,true,true,true
C:\Users\simon\Documents\Code\thesis-code\dubbo-3.3\dubbo-cluster\src\test\java\org\apache\dubbo\rpc\cluster\router\state\BitListTest.java,BitListTest.java,BitListTest,testConcurrent,1,0,void,,true,true,true,true
C:\Users\simon\Documents\Code\thesis-code\dubbo-3.3\dubbo-cluster\src\test\java\org\apache\dubbo\rpc\cluster\router\tag\TagStateRouterTest.java,TagStateRouterTest.java,TagStateRouterTest,setup,6,0,void,public,false,false,true,true
C:\Users\simon\Documents\Code\thesis-code\dubbo-3.3\dubbo-cluster\src\test\java\org\apache\dubbo\rpc\cluster\router\tag\TagStateRouterTest.java,TagStateRouterTest.java,TagStateRouterTest,testTagRoutePickInvokers,17,0,void,,true,true,true,true
C:\Users\simon\Documents\Code\thesis-code\dubbo-3.3\dubbo-cluster\src\test\java\org\apache\dubbo\rpc\cluster\router\tag\TagStateRouterTest.java,TagStateRouterTest.java,TagStateRouterTest,testTagRouteWithDynamicRuleV3,21,0,void,,true,true,true,true
C:\Users\simon\Documents\Code\thesis-code\dubbo-3.3\dubbo-cluster\src\test\java\org\apache\dubbo\rpc\cluster\router\tag\TagStateRouterTest.java,TagStateRouterTest.java,TagStateRouterTest,tagRouterRuleParseTest,17,0,void,,true,false,true,true
C:\Users\simon\Documents\Code\thesis-code\dubbo-3.3\dubbo-cluster\src\test\java\org\apache\dubbo\rpc\cluster\router\tag\TagStateRouterTest.java,TagStateRouterTest.java,TagStateRouterTest,tagRouterRuleParseTestV3,18,0,void,,true,false,true,true
C:\Users\simon\Documents\Code\thesis-code\dubbo-3.3\dubbo-cluster\src\test\java\org\apache\dubbo\rpc\cluster\router\tag\TagStateRouterTest.java,TagStateRouterTest.java,TagStateRouterTest,getInvokers,7,0,BitList<Invoker<String>>,public,false,false,true,true
C:\Users\simon\Documents\Code\thesis-code\dubbo-3.3\dubbo-cluster\src\test\java\org\apache\dubbo\rpc\cluster\router\tag\TagStateRouterTest.java,TagStateRouterTest.java,TagStateRouterTest,getTagRule,3,0,TagRouterRule,private,false,false,true,true
C:\Users\simon\Documents\Code\thesis-code\dubbo-3.3\dubbo-cluster\src\test\java\org\apache\dubbo\rpc\cluster\router\tag\TagStateRouterTest.java,TagStateRouterTest.java,TagStateRouterTest,tagMultiLevelTest,23,0,void,public,true,false,true,true
C:\Users\simon\Documents\Code\thesis-code\dubbo-3.3\dubbo-cluster\src\test\java\org\apache\dubbo\rpc\cluster\router\tag\TagStateRouterTest.java,TagStateRouterTest.java,TagStateRouterTest,tagLevelForceTest,5,0,void,public,true,false,true,true
C:\Users\simon\Documents\Code\thesis-code\dubbo-3.3\dubbo-cluster\src\test\java\org\apache\dubbo\rpc\cluster\StickyTest.java,StickyTest.java,StickyClusterInvoker,setUp,9,0,void,public,false,false,true,false
C:\Users\simon\Documents\Code\thesis-code\dubbo-3.3\dubbo-cluster\src\test\java\org\apache\dubbo\rpc\cluster\StickyTest.java,StickyTest.java,StickyClusterInvoker,testStickyNoCheck,2,0,void,,true,true,true,false
C:\Users\simon\Documents\Code\thesis-code\dubbo-3.3\dubbo-cluster\src\test\java\org\apache\dubbo\rpc\cluster\StickyTest.java,StickyTest.java,StickyClusterInvoker,testStickyForceCheck,2,0,void,,true,true,true,false
C:\Users\simon\Documents\Code\thesis-code\dubbo-3.3\dubbo-cluster\src\test\java\org\apache\dubbo\rpc\cluster\StickyTest.java,StickyTest.java,StickyClusterInvoker,testMethodStickyNoCheck,2,0,void,,true,true,true,false
C:\Users\simon\Documents\Code\thesis-code\dubbo-3.3\dubbo-cluster\src\test\java\org\apache\dubbo\rpc\cluster\StickyTest.java,StickyTest.java,StickyClusterInvoker,testMethodStickyForceCheck,2,0,void,,true,true,true,false
C:\Users\simon\Documents\Code\thesis-code\dubbo-3.3\dubbo-cluster\src\test\java\org\apache\dubbo\rpc\cluster\StickyTest.java,StickyTest.java,StickyClusterInvoker,testMethodsSticky,1,0,void,,true,true,true,false
C:\Users\simon\Documents\Code\thesis-code\dubbo-3.3\dubbo-cluster\src\test\java\org\apache\dubbo\rpc\cluster\StickyTest.java,StickyTest.java,StickyClusterInvoker,testSticky,13,2,int,public,false,true,true,false
C:\Users\simon\Documents\Code\thesis-code\dubbo-3.3\dubbo-cluster\src\test\java\org\apache\dubbo\rpc\cluster\StickyTest.java,StickyTest.java,StickyClusterInvoker,doInvoke,3,3,Result,protected,false,false,true,false
C:\Users\simon\Documents\Code\thesis-code\dubbo-3.3\dubbo-cluster\src\test\java\org\apache\dubbo\rpc\cluster\StickyTest.java,StickyTest.java,StickyClusterInvoker,getSelectedInvoker,1,0,Invoker<T>,public,false,false,true,false
C:\Users\simon\Documents\Code\thesis-code\dubbo-3.3\dubbo-cluster\src\test\java\org\apache\dubbo\rpc\cluster\support\AbstractClusterInvokerTest.java,AbstractClusterInvokerTest.java,IHelloService,setUpBeforeClass,1,0,void,public; static,false,false,true,false
C:\Users\simon\Documents\Code\thesis-code\dubbo-3.3\dubbo-cluster\src\test\java\org\apache\dubbo\rpc\cluster\support\AbstractClusterInvokerTest.java,AbstractClusterInvokerTest.java,IHelloService,teardown,1,0,void,public,false,false,true,false
C:\Users\simon\Documents\Code\thesis-code\dubbo-3.3\dubbo-cluster\src\test\java\org\apache\dubbo\rpc\cluster\support\AbstractClusterInvokerTest.java,AbstractClusterInvokerTest.java,IHelloService,afterClass,1,0,void,public; static,false,false,true,false
C:\Users\simon\Documents\Code\thesis-code\dubbo-3.3\dubbo-cluster\src\test\java\org\apache\dubbo\rpc\cluster\support\AbstractClusterInvokerTest.java,AbstractClusterInvokerTest.java,IHelloService,setUp,34,0,void,public,false,false,true,false
C:\Users\simon\Documents\Code\thesis-code\dubbo-3.3\dubbo-cluster\src\test\java\org\apache\dubbo\rpc\cluster\support\AbstractClusterInvokerTest.java,AbstractClusterInvokerTest.java,IHelloService,doInvoke,1,3,Result,protected,false,false,true,false
C:\Users\simon\Documents\Code\thesis-code\dubbo-3.3\dubbo-cluster\src\test\java\org\apache\dubbo\rpc\cluster\support\AbstractClusterInvokerTest.java,AbstractClusterInvokerTest.java,IHelloService,doInvoke,1,3,Result,protected,false,false,true,false
C:\Users\simon\Documents\Code\thesis-code\dubbo-3.3\dubbo-cluster\src\test\java\org\apache\dubbo\rpc\cluster\support\AbstractClusterInvokerTest.java,AbstractClusterInvokerTest.java,IHelloService,testBindingAttachment,7,0,void,,true,true,true,false
C:\Users\simon\Documents\Code\thesis-code\dubbo-3.3\dubbo-cluster\src\test\java\org\apache\dubbo\rpc\cluster\support\AbstractClusterInvokerTest.java,AbstractClusterInvokerTest.java,IHelloService,doInvoke,4,3,Result,protected,false,false,true,false
C:\Users\simon\Documents\Code\thesis-code\dubbo-3.3\dubbo-cluster\src\test\java\org\apache\dubbo\rpc\cluster\support\AbstractClusterInvokerTest.java,AbstractClusterInvokerTest.java,IHelloService,testSelect_Invokersize0,4,0,void,,true,true,true,false
C:\Users\simon\Documents\Code\thesis-code\dubbo-3.3\dubbo-cluster\src\test\java\org\apache\dubbo\rpc\cluster\support\AbstractClusterInvokerTest.java,AbstractClusterInvokerTest.java,IHelloService,testSelectedInvokers,3,0,void,,true,true,true,false
C:\Users\simon\Documents\Code\thesis-code\dubbo-3.3\dubbo-cluster\src\test\java\org\apache\dubbo\rpc\cluster\support\AbstractClusterInvokerTest.java,AbstractClusterInvokerTest.java,IHelloService,doInvoke,3,3,Result,protected,false,false,true,false
C:\Users\simon\Documents\Code\thesis-code\dubbo-3.3\dubbo-cluster\src\test\java\org\apache\dubbo\rpc\cluster\support\AbstractClusterInvokerTest.java,AbstractClusterInvokerTest.java,IHelloService,testSelect_Invokersize1,6,0,void,,true,true,true,false
C:\Users\simon\Documents\Code\thesis-code\dubbo-3.3\dubbo-cluster\src\test\java\org\apache\dubbo\rpc\cluster\support\AbstractClusterInvokerTest.java,AbstractClusterInvokerTest.java,IHelloService,testSelect_Invokersize2AndselectNotNull,7,0,void,,true,true,true,false
C:\Users\simon\Documents\Code\thesis-code\dubbo-3.3\dubbo-cluster\src\test\java\org\apache\dubbo\rpc\cluster\support\AbstractClusterInvokerTest.java,AbstractClusterInvokerTest.java,IHelloService,testSelect_multiInvokers,3,0,void,,true,true,true,false
C:\Users\simon\Documents\Code\thesis-code\dubbo-3.3\dubbo-cluster\src\test\java\org\apache\dubbo\rpc\cluster\support\AbstractClusterInvokerTest.java,AbstractClusterInvokerTest.java,IHelloService,testCloseAvailablecheck,8,0,void,,true,true,true,false
C:\Users\simon\Documents\Code\thesis-code\dubbo-3.3\dubbo-cluster\src\test\java\org\apache\dubbo\rpc\cluster\support\AbstractClusterInvokerTest.java,AbstractClusterInvokerTest.java,IHelloService,turnRegistryUrlToConsumerUrl,5,2,URL,private,false,false,true,false
C:\Users\simon\Documents\Code\thesis-code\dubbo-3.3\dubbo-cluster\src\test\java\org\apache\dubbo\rpc\cluster\support\AbstractClusterInvokerTest.java,AbstractClusterInvokerTest.java,IHelloService,testDonotSelectAgainAndNoCheckAvailable,7,0,void,,true,true,true,false
C:\Users\simon\Documents\Code\thesis-code\dubbo-3.3\dubbo-cluster\src\test\java\org\apache\dubbo\rpc\cluster\support\AbstractClusterInvokerTest.java,AbstractClusterInvokerTest.java,IHelloService,testSelectAgainAndCheckAvailable,7,0,void,,true,true,true,false
C:\Users\simon\Documents\Code\thesis-code\dubbo-3.3\dubbo-cluster\src\test\java\org\apache\dubbo\rpc\cluster\support\AbstractClusterInvokerTest.java,AbstractClusterInvokerTest.java,IHelloService,testSelect_multiInvokers,12,1,void,public,false,true,true,false
C:\Users\simon\Documents\Code\thesis-code\dubbo-3.3\dubbo-cluster\src\test\java\org\apache\dubbo\rpc\cluster\support\AbstractClusterInvokerTest.java,AbstractClusterInvokerTest.java,IHelloService,testSelectBalance,8,0,void,,true,true,true,false
C:\Users\simon\Documents\Code\thesis-code\dubbo-3.3\dubbo-cluster\src\test\java\org\apache\dubbo\rpc\cluster\support\AbstractClusterInvokerTest.java,AbstractClusterInvokerTest.java,IHelloService,initlistsize5,7,0,void,private,false,false,true,false
C:\Users\simon\Documents\Code\thesis-code\dubbo-3.3\dubbo-cluster\src\test\java\org\apache\dubbo\rpc\cluster\support\AbstractClusterInvokerTest.java,AbstractClusterInvokerTest.java,IHelloService,initDic,2,0,void,private,false,false,true,false
C:\Users\simon\Documents\Code\thesis-code\dubbo-3.3\dubbo-cluster\src\test\java\org\apache\dubbo\rpc\cluster\support\AbstractClusterInvokerTest.java,AbstractClusterInvokerTest.java,IHelloService,testTimeoutExceptionCode,12,0,void,,true,true,true,false
C:\Users\simon\Documents\Code\thesis-code\dubbo-3.3\dubbo-cluster\src\test\java\org\apache\dubbo\rpc\cluster\support\AbstractClusterInvokerTest.java,AbstractClusterInvokerTest.java,IHelloService,getInterface,1,0,Class<DemoService>,public,false,false,true,false
C:\Users\simon\Documents\Code\thesis-code\dubbo-3.3\dubbo-cluster\src\test\java\org\apache\dubbo\rpc\cluster\support\AbstractClusterInvokerTest.java,AbstractClusterInvokerTest.java,IHelloService,getUrl,1,0,URL,public,false,false,true,false
C:\Users\simon\Documents\Code\thesis-code\dubbo-3.3\dubbo-cluster\src\test\java\org\apache\dubbo\rpc\cluster\support\AbstractClusterInvokerTest.java,AbstractClusterInvokerTest.java,IHelloService,isAvailable,1,0,boolean,public,false,false,true,false
C:\Users\simon\Documents\Code\thesis-code\dubbo-3.3\dubbo-cluster\src\test\java\org\apache\dubbo\rpc\cluster\support\AbstractClusterInvokerTest.java,AbstractClusterInvokerTest.java,IHelloService,invoke,1,1,Result,public,false,false,true,false
C:\Users\simon\Documents\Code\thesis-code\dubbo-3.3\dubbo-cluster\src\test\java\org\apache\dubbo\rpc\cluster\support\AbstractClusterInvokerTest.java,AbstractClusterInvokerTest.java,IHelloService,destroy,0,0,void,public,false,false,true,false
C:\Users\simon\Documents\Code\thesis-code\dubbo-3.3\dubbo-cluster\src\test\java\org\apache\dubbo\rpc\cluster\support\AvailableClusterInvokerTest.java,AvailableClusterInvokerTest.java,AvailableClusterInvokerTest,setUp,9,0,void,public,false,false,true,true
C:\Users\simon\Documents\Code\thesis-code\dubbo-3.3\dubbo-cluster\src\test\java\org\apache\dubbo\rpc\cluster\support\AvailableClusterInvokerTest.java,AvailableClusterInvokerTest.java,AvailableClusterInvokerTest,resetInvokerToNoException,12,0,void,private,false,false,true,true
C:\Users\simon\Documents\Code\thesis-code\dubbo-3.3\dubbo-cluster\src\test\java\org\apache\dubbo\rpc\cluster\support\AvailableClusterInvokerTest.java,AvailableClusterInvokerTest.java,AvailableClusterInvokerTest,testInvokeNoException,4,0,void,,true,true,true,true
C:\Users\simon\Documents\Code\thesis-code\dubbo-3.3\dubbo-cluster\src\test\java\org\apache\dubbo\rpc\cluster\support\AvailableClusterInvokerTest.java,AvailableClusterInvokerTest.java,AvailableClusterInvokerTest,testInvokeWithException,3,0,void,,true,true,true,true
C:\Users\simon\Documents\Code\thesis-code\dubbo-3.3\dubbo-cluster\src\test\java\org\apache\dubbo\rpc\cluster\support\BroadCastClusterInvokerTest.java,BroadCastClusterInvokerTest.java,MockInvoker,setUp,12,0,void,public,false,false,true,false
C:\Users\simon\Documents\Code\thesis-code\dubbo-3.3\dubbo-cluster\src\test\java\org\apache\dubbo\rpc\cluster\support\BroadCastClusterInvokerTest.java,BroadCastClusterInvokerTest.java,MockInvoker,testNormal,6,0,void,,true,true,true,false
C:\Users\simon\Documents\Code\thesis-code\dubbo-3.3\dubbo-cluster\src\test\java\org\apache\dubbo\rpc\cluster\support\BroadCastClusterInvokerTest.java,BroadCastClusterInvokerTest.java,MockInvoker,testEx,7,0,void,,true,true,true,false
C:\Users\simon\Documents\Code\thesis-code\dubbo-3.3\dubbo-cluster\src\test\java\org\apache\dubbo\rpc\cluster\support\BroadCastClusterInvokerTest.java,BroadCastClusterInvokerTest.java,MockInvoker,testFailPercent,12,0,void,,true,true,true,false
C:\Users\simon\Documents\Code\thesis-code\dubbo-3.3\dubbo-cluster\src\test\java\org\apache\dubbo\rpc\cluster\support\BroadCastClusterInvokerTest.java,BroadCastClusterInvokerTest.java,MockInvoker,getUrl,1,0,URL,public,false,false,true,false
C:\Users\simon\Documents\Code\thesis-code\dubbo-3.3\dubbo-cluster\src\test\java\org\apache\dubbo\rpc\cluster\support\BroadCastClusterInvokerTest.java,BroadCastClusterInvokerTest.java,MockInvoker,isAvailable,1,0,boolean,public,false,false,true,false
C:\Users\simon\Documents\Code\thesis-code\dubbo-3.3\dubbo-cluster\src\test\java\org\apache\dubbo\rpc\cluster\support\BroadCastClusterInvokerTest.java,BroadCastClusterInvokerTest.java,MockInvoker,destroy,0,0,void,public,false,false,true,false
C:\Users\simon\Documents\Code\thesis-code\dubbo-3.3\dubbo-cluster\src\test\java\org\apache\dubbo\rpc\cluster\support\BroadCastClusterInvokerTest.java,BroadCastClusterInvokerTest.java,MockInvoker,getInterface,1,0,Class<DemoService>,public,false,false,true,false
C:\Users\simon\Documents\Code\thesis-code\dubbo-3.3\dubbo-cluster\src\test\java\org\apache\dubbo\rpc\cluster\support\BroadCastClusterInvokerTest.java,BroadCastClusterInvokerTest.java,MockInvoker,invoke,3,1,Result,public,false,false,true,false
C:\Users\simon\Documents\Code\thesis-code\dubbo-3.3\dubbo-cluster\src\test\java\org\apache\dubbo\rpc\cluster\support\BroadCastClusterInvokerTest.java,BroadCastClusterInvokerTest.java,MockInvoker,invokeThrowEx,1,0,void,public,false,false,true,false
C:\Users\simon\Documents\Code\thesis-code\dubbo-3.3\dubbo-cluster\src\test\java\org\apache\dubbo\rpc\cluster\support\BroadCastClusterInvokerTest.java,BroadCastClusterInvokerTest.java,MockInvoker,isInvoked,1,0,boolean,public,false,false,true,false
C:\Users\simon\Documents\Code\thesis-code\dubbo-3.3\dubbo-cluster\src\test\java\org\apache\dubbo\rpc\cluster\support\ClusterUtilsTest.java,ClusterUtilsTest.java,ClusterUtilsTest,setup,2,0,void,public,false,false,true,true
C:\Users\simon\Documents\Code\thesis-code\dubbo-3.3\dubbo-cluster\src\test\java\org\apache\dubbo\rpc\cluster\support\ClusterUtilsTest.java,ClusterUtilsTest.java,ClusterUtilsTest,testMergeUrl,28,0,void,,true,true,true,true
C:\Users\simon\Documents\Code\thesis-code\dubbo-3.3\dubbo-cluster\src\test\java\org\apache\dubbo\rpc\cluster\support\ClusterUtilsTest.java,ClusterUtilsTest.java,ClusterUtilsTest,testMergeLocalParams,14,0,void,,true,true,true,true
C:\Users\simon\Documents\Code\thesis-code\dubbo-3.3\dubbo-cluster\src\test\java\org\apache\dubbo\rpc\cluster\support\ConnectivityValidationTest.java,ConnectivityValidationTest.java,RandomLoadBalance,setup,39,0,void,public,false,false,true,false
C:\Users\simon\Documents\Code\thesis-code\dubbo-3.3\dubbo-cluster\src\test\java\org\apache\dubbo\rpc\cluster\support\ConnectivityValidationTest.java,ConnectivityValidationTest.java,RandomLoadBalance,tearDown,1,0,void,public,false,false,true,false
C:\Users\simon\Documents\Code\thesis-code\dubbo-3.3\dubbo-cluster\src\test\java\org\apache\dubbo\rpc\cluster\support\ConnectivityValidationTest.java,ConnectivityValidationTest.java,RandomLoadBalance,configInvoker,2,1,void,private,false,false,true,false
C:\Users\simon\Documents\Code\thesis-code\dubbo-3.3\dubbo-cluster\src\test\java\org\apache\dubbo\rpc\cluster\support\ConnectivityValidationTest.java,ConnectivityValidationTest.java,RandomLoadBalance,setupClass,1,0,void,public; static,false,false,true,false
C:\Users\simon\Documents\Code\thesis-code\dubbo-3.3\dubbo-cluster\src\test\java\org\apache\dubbo\rpc\cluster\support\ConnectivityValidationTest.java,ConnectivityValidationTest.java,RandomLoadBalance,clearAfterClass,1,0,void,public; static,false,false,true,false
C:\Users\simon\Documents\Code\thesis-code\dubbo-3.3\dubbo-cluster\src\test\java\org\apache\dubbo\rpc\cluster\support\ConnectivityValidationTest.java,ConnectivityValidationTest.java,RandomLoadBalance,testBasic,35,0,void,,true,true,true,false
C:\Users\simon\Documents\Code\thesis-code\dubbo-3.3\dubbo-cluster\src\test\java\org\apache\dubbo\rpc\cluster\support\ConnectivityValidationTest.java,ConnectivityValidationTest.java,RandomLoadBalance,testRetry,15,0,void,,true,true,true,false
C:\Users\simon\Documents\Code\thesis-code\dubbo-3.3\dubbo-cluster\src\test\java\org\apache\dubbo\rpc\cluster\support\ConnectivityValidationTest.java,ConnectivityValidationTest.java,RandomLoadBalance,testRandomSelect,66,0,void,,true,true,true,false
C:\Users\simon\Documents\Code\thesis-code\dubbo-3.3\dubbo-cluster\src\test\java\org\apache\dubbo\rpc\cluster\support\ConnectivityValidationTest.java,ConnectivityValidationTest.java,RandomLoadBalance,select,1,4,Invoker<T>,public,false,false,true,false
C:\Users\simon\Documents\Code\thesis-code\dubbo-3.3\dubbo-cluster\src\test\java\org\apache\dubbo\rpc\cluster\support\ConnectivityValidationTest.java,ConnectivityValidationTest.java,RandomLoadBalance,doInvoke,1,3,Result,protected,false,false,true,false
C:\Users\simon\Documents\Code\thesis-code\dubbo-3.3\dubbo-cluster\src\test\java\org\apache\dubbo\rpc\cluster\support\ConnectivityValidationTest.java,ConnectivityValidationTest.java,RandomLoadBalance,waitRefresh,2,1,void,private,false,false,true,false
C:\Users\simon\Documents\Code\thesis-code\dubbo-3.3\dubbo-cluster\src\test\java\org\apache\dubbo\rpc\cluster\support\ConnectivityValidationTest.java,ConnectivityValidationTest.java,RandomLoadBalance,select,1,3,Invoker<T>,public,false,false,true,false
C:\Users\simon\Documents\Code\thesis-code\dubbo-3.3\dubbo-cluster\src\test\java\org\apache\dubbo\rpc\cluster\support\FailbackClusterInvokerTest.java,FailbackClusterInvokerTest.java,FailbackClusterInvokerTest,setUp,8,0,void,public,false,false,true,true
C:\Users\simon\Documents\Code\thesis-code\dubbo-3.3\dubbo-cluster\src\test\java\org\apache\dubbo\rpc\cluster\support\FailbackClusterInvokerTest.java,FailbackClusterInvokerTest.java,FailbackClusterInvokerTest,tearDown,3,0,void,public,false,false,true,true
C:\Users\simon\Documents\Code\thesis-code\dubbo-3.3\dubbo-cluster\src\test\java\org\apache\dubbo\rpc\cluster\support\FailbackClusterInvokerTest.java,FailbackClusterInvokerTest.java,FailbackClusterInvokerTest,resetInvokerToException,3,0,void,private,false,false,true,true
C:\Users\simon\Documents\Code\thesis-code\dubbo-3.3\dubbo-cluster\src\test\java\org\apache\dubbo\rpc\cluster\support\FailbackClusterInvokerTest.java,FailbackClusterInvokerTest.java,FailbackClusterInvokerTest,resetInvokerToNoException,3,0,void,private,false,false,true,true
C:\Users\simon\Documents\Code\thesis-code\dubbo-3.3\dubbo-cluster\src\test\java\org\apache\dubbo\rpc\cluster\support\FailbackClusterInvokerTest.java,FailbackClusterInvokerTest.java,FailbackClusterInvokerTest,testInvokeWithIllegalRetriesParam,11,0,void,,true,true,true,true
C:\Users\simon\Documents\Code\thesis-code\dubbo-3.3\dubbo-cluster\src\test\java\org\apache\dubbo\rpc\cluster\support\FailbackClusterInvokerTest.java,FailbackClusterInvokerTest.java,FailbackClusterInvokerTest,testInvokeWithIllegalFailbacktasksParam,11,0,void,,true,true,true,true
C:\Users\simon\Documents\Code\thesis-code\dubbo-3.3\dubbo-cluster\src\test\java\org\apache\dubbo\rpc\cluster\support\FailbackClusterInvokerTest.java,FailbackClusterInvokerTest.java,FailbackClusterInvokerTest,testInvokeException,5,0,void,public,true,true,true,true
C:\Users\simon\Documents\Code\thesis-code\dubbo-3.3\dubbo-cluster\src\test\java\org\apache\dubbo\rpc\cluster\support\FailbackClusterInvokerTest.java,FailbackClusterInvokerTest.java,FailbackClusterInvokerTest,testInvokeNoException,4,0,void,public,true,true,true,true
C:\Users\simon\Documents\Code\thesis-code\dubbo-3.3\dubbo-cluster\src\test\java\org\apache\dubbo\rpc\cluster\support\FailbackClusterInvokerTest.java,FailbackClusterInvokerTest.java,FailbackClusterInvokerTest,testNoInvoke,9,0,void,public,true,true,true,true
C:\Users\simon\Documents\Code\thesis-code\dubbo-3.3\dubbo-cluster\src\test\java\org\apache\dubbo\rpc\cluster\support\FailbackClusterInvokerTest.java,FailbackClusterInvokerTest.java,FailbackClusterInvokerTest,testARetryFailed,14,0,void,public,true,true,true,true
C:\Users\simon\Documents\Code\thesis-code\dubbo-3.3\dubbo-cluster\src\test\java\org\apache\dubbo\rpc\cluster\support\FailbackClusterInvokerTest.java,FailbackClusterInvokerTest.java,FailbackClusterInvokerTest,getRetryFailedPeriod,3,0,long,private,false,false,true,true
C:\Users\simon\Documents\Code\thesis-code\dubbo-3.3\dubbo-cluster\src\test\java\org\apache\dubbo\rpc\cluster\support\FailbackClusterInvokerTest.java,FailbackClusterInvokerTest.java,FailbackClusterInvokerTest,testInvokeRetryTimesWithZeroValue,12,0,void,public,true,true,true,true
C:\Users\simon\Documents\Code\thesis-code\dubbo-3.3\dubbo-cluster\src\test\java\org\apache\dubbo\rpc\cluster\support\FailbackClusterInvokerTest.java,FailbackClusterInvokerTest.java,FailbackClusterInvokerTest,testInvokeRetryTimesWithTwoValue,12,0,void,public,true,true,true,true
C:\Users\simon\Documents\Code\thesis-code\dubbo-3.3\dubbo-cluster\src\test\java\org\apache\dubbo\rpc\cluster\support\FailbackClusterInvokerTest.java,FailbackClusterInvokerTest.java,FailbackClusterInvokerTest,testInvokeRetryTimesWithDefaultValue,11,0,void,public,true,true,true,true
C:\Users\simon\Documents\Code\thesis-code\dubbo-3.3\dubbo-cluster\src\test\java\org\apache\dubbo\rpc\cluster\support\FailbackClusterInvokerTest.java,FailbackClusterInvokerTest.java,FailbackClusterInvokerTest,testInvokeRetryTimesWithIllegalValue,11,0,void,public,true,true,true,true
C:\Users\simon\Documents\Code\thesis-code\dubbo-3.3\dubbo-cluster\src\test\java\org\apache\dubbo\rpc\cluster\support\FailfastClusterInvokerTest.java,FailfastClusterInvokerTest.java,FailfastClusterInvokerTest,setUp,7,0,void,public,false,false,true,true
C:\Users\simon\Documents\Code\thesis-code\dubbo-3.3\dubbo-cluster\src\test\java\org\apache\dubbo\rpc\cluster\support\FailfastClusterInvokerTest.java,FailfastClusterInvokerTest.java,FailfastClusterInvokerTest,resetInvoker1ToException,3,0,void,private,false,false,true,true
C:\Users\simon\Documents\Code\thesis-code\dubbo-3.3\dubbo-cluster\src\test\java\org\apache\dubbo\rpc\cluster\support\FailfastClusterInvokerTest.java,FailfastClusterInvokerTest.java,FailfastClusterInvokerTest,resetInvoker1ToNoException,3,0,void,private,false,false,true,true
C:\Users\simon\Documents\Code\thesis-code\dubbo-3.3\dubbo-cluster\src\test\java\org\apache\dubbo\rpc\cluster\support\FailfastClusterInvokerTest.java,FailfastClusterInvokerTest.java,FailfastClusterInvokerTest,testInvokeException,1,0,void,,true,true,true,true
C:\Users\simon\Documents\Code\thesis-code\dubbo-3.3\dubbo-cluster\src\test\java\org\apache\dubbo\rpc\cluster\support\FailfastClusterInvokerTest.java,FailfastClusterInvokerTest.java,FailfastClusterInvokerTest,testInvokeBizException,5,0,void,,true,true,true,true
C:\Users\simon\Documents\Code\thesis-code\dubbo-3.3\dubbo-cluster\src\test\java\org\apache\dubbo\rpc\cluster\support\FailfastClusterInvokerTest.java,FailfastClusterInvokerTest.java,FailfastClusterInvokerTest,testInvokeNoException,4,0,void,,true,true,true,true
C:\Users\simon\Documents\Code\thesis-code\dubbo-3.3\dubbo-cluster\src\test\java\org\apache\dubbo\rpc\cluster\support\FailfastClusterInvokerTest.java,FailfastClusterInvokerTest.java,FailfastClusterInvokerTest,testNoInvoke,10,0,void,,true,true,true,true
C:\Users\simon\Documents\Code\thesis-code\dubbo-3.3\dubbo-cluster\src\test\java\org\apache\dubbo\rpc\cluster\support\FailoverClusterInvokerTest.java,FailoverClusterInvokerTest.java,MockDirectory,setUp,9,0,void,public,false,false,true,false
C:\Users\simon\Documents\Code\thesis-code\dubbo-3.3\dubbo-cluster\src\test\java\org\apache\dubbo\rpc\cluster\support\FailoverClusterInvokerTest.java,FailoverClusterInvokerTest.java,MockDirectory,testInvokeWithRuntimeException,10,0,void,,true,true,true,false
C:\Users\simon\Documents\Code\thesis-code\dubbo-3.3\dubbo-cluster\src\test\java\org\apache\dubbo\rpc\cluster\support\FailoverClusterInvokerTest.java,FailoverClusterInvokerTest.java,MockDirectory,testInvokeWithRPCException,10,0,void,,true,true,true,false
C:\Users\simon\Documents\Code\thesis-code\dubbo-3.3\dubbo-cluster\src\test\java\org\apache\dubbo\rpc\cluster\support\FailoverClusterInvokerTest.java,FailoverClusterInvokerTest.java,MockDirectory,testInvoke_retryTimes,10,0,void,,true,true,true,false
C:\Users\simon\Documents\Code\thesis-code\dubbo-3.3\dubbo-cluster\src\test\java\org\apache\dubbo\rpc\cluster\support\FailoverClusterInvokerTest.java,FailoverClusterInvokerTest.java,MockDirectory,testInvoke_retryTimes2,13,0,void,,true,true,true,false
C:\Users\simon\Documents\Code\thesis-code\dubbo-3.3\dubbo-cluster\src\test\java\org\apache\dubbo\rpc\cluster\support\FailoverClusterInvokerTest.java,FailoverClusterInvokerTest.java,MockDirectory,testInvoke_retryTimes_withBizException,10,0,void,,true,true,true,false
C:\Users\simon\Documents\Code\thesis-code\dubbo-3.3\dubbo-cluster\src\test\java\org\apache\dubbo\rpc\cluster\support\FailoverClusterInvokerTest.java,FailoverClusterInvokerTest.java,MockDirectory,testInvoke_without_retry,11,0,void,,true,true,true,false
C:\Users\simon\Documents\Code\thesis-code\dubbo-3.3\dubbo-cluster\src\test\java\org\apache\dubbo\rpc\cluster\support\FailoverClusterInvokerTest.java,FailoverClusterInvokerTest.java,MockDirectory,testInvoke_when_retry_illegal,11,0,void,,true,true,true,false
C:\Users\simon\Documents\Code\thesis-code\dubbo-3.3\dubbo-cluster\src\test\java\org\apache\dubbo\rpc\cluster\support\FailoverClusterInvokerTest.java,FailoverClusterInvokerTest.java,MockDirectory,testNoInvoke,9,0,void,,true,true,true,false
C:\Users\simon\Documents\Code\thesis-code\dubbo-3.3\dubbo-cluster\src\test\java\org\apache\dubbo\rpc\cluster\support\FailoverClusterInvokerTest.java,FailoverClusterInvokerTest.java,MockDirectory,testInvokerDestroyAndReList,17,0,void,,true,true,true,false
C:\Users\simon\Documents\Code\thesis-code\dubbo-3.3\dubbo-cluster\src\test\java\org\apache\dubbo\rpc\cluster\support\FailoverClusterInvokerTest.java,FailoverClusterInvokerTest.java,MockDirectory,setResult,1,1,void,public,false,false,true,false
C:\Users\simon\Documents\Code\thesis-code\dubbo-3.3\dubbo-cluster\src\test\java\org\apache\dubbo\rpc\cluster\support\FailoverClusterInvokerTest.java,FailoverClusterInvokerTest.java,MockDirectory,setException,1,1,void,public,false,false,true,false
C:\Users\simon\Documents\Code\thesis-code\dubbo-3.3\dubbo-cluster\src\test\java\org\apache\dubbo\rpc\cluster\support\FailoverClusterInvokerTest.java,FailoverClusterInvokerTest.java,MockDirectory,setCallable,1,1,void,public,false,false,true,false
C:\Users\simon\Documents\Code\thesis-code\dubbo-3.3\dubbo-cluster\src\test\java\org\apache\dubbo\rpc\cluster\support\FailoverClusterInvokerTest.java,FailoverClusterInvokerTest.java,MockDirectory,doInvoke,2,1,Result,protected,false,false,true,false
C:\Users\simon\Documents\Code\thesis-code\dubbo-3.3\dubbo-cluster\src\test\java\org\apache\dubbo\rpc\cluster\support\FailoverClusterInvokerTest.java,FailoverClusterInvokerTest.java,MockDirectory,doList,1,3,List<Invoker<T>>,protected,false,false,true,false
C:\Users\simon\Documents\Code\thesis-code\dubbo-3.3\dubbo-cluster\src\test\java\org\apache\dubbo\rpc\cluster\support\FailSafeClusterInvokerTest.java,FailSafeClusterInvokerTest.java,FailSafeClusterInvokerTest,setUp,8,0,void,public,false,false,true,true
C:\Users\simon\Documents\Code\thesis-code\dubbo-3.3\dubbo-cluster\src\test\java\org\apache\dubbo\rpc\cluster\support\FailSafeClusterInvokerTest.java,FailSafeClusterInvokerTest.java,FailSafeClusterInvokerTest,resetInvokerToException,3,0,void,private,false,false,true,true
C:\Users\simon\Documents\Code\thesis-code\dubbo-3.3\dubbo-cluster\src\test\java\org\apache\dubbo\rpc\cluster\support\FailSafeClusterInvokerTest.java,FailSafeClusterInvokerTest.java,FailSafeClusterInvokerTest,resetInvokerToNoException,3,0,void,private,false,false,true,true
C:\Users\simon\Documents\Code\thesis-code\dubbo-3.3\dubbo-cluster\src\test\java\org\apache\dubbo\rpc\cluster\support\FailSafeClusterInvokerTest.java,FailSafeClusterInvokerTest.java,FailSafeClusterInvokerTest,testInvokeException,4,0,void,,true,true,true,true
C:\Users\simon\Documents\Code\thesis-code\dubbo-3.3\dubbo-cluster\src\test\java\org\apache\dubbo\rpc\cluster\support\FailSafeClusterInvokerTest.java,FailSafeClusterInvokerTest.java,FailSafeClusterInvokerTest,testInvokeNoException,4,0,void,,true,true,true,true
C:\Users\simon\Documents\Code\thesis-code\dubbo-3.3\dubbo-cluster\src\test\java\org\apache\dubbo\rpc\cluster\support\FailSafeClusterInvokerTest.java,FailSafeClusterInvokerTest.java,FailSafeClusterInvokerTest,testNoInvoke,9,0,void,,true,true,true,true
C:\Users\simon\Documents\Code\thesis-code\dubbo-3.3\dubbo-cluster\src\test\java\org\apache\dubbo\rpc\cluster\support\ForkingClusterInvokerTest.java,ForkingClusterInvokerTest.java,ForkingClusterInvokerTest,setUp,9,0,void,public,false,false,true,true
C:\Users\simon\Documents\Code\thesis-code\dubbo-3.3\dubbo-cluster\src\test\java\org\apache\dubbo\rpc\cluster\support\ForkingClusterInvokerTest.java,ForkingClusterInvokerTest.java,ForkingClusterInvokerTest,resetInvokerToException,12,0,void,private,false,false,true,true
C:\Users\simon\Documents\Code\thesis-code\dubbo-3.3\dubbo-cluster\src\test\java\org\apache\dubbo\rpc\cluster\support\ForkingClusterInvokerTest.java,ForkingClusterInvokerTest.java,ForkingClusterInvokerTest,resetInvokerToNoException,12,0,void,private,false,false,true,true
C:\Users\simon\Documents\Code\thesis-code\dubbo-3.3\dubbo-cluster\src\test\java\org\apache\dubbo\rpc\cluster\support\ForkingClusterInvokerTest.java,ForkingClusterInvokerTest.java,ForkingClusterInvokerTest,testInvokeException,3,0,void,,true,true,true,true
C:\Users\simon\Documents\Code\thesis-code\dubbo-3.3\dubbo-cluster\src\test\java\org\apache\dubbo\rpc\cluster\support\ForkingClusterInvokerTest.java,ForkingClusterInvokerTest.java,ForkingClusterInvokerTest,testClearRpcContext,10,0,void,,true,true,true,true
C:\Users\simon\Documents\Code\thesis-code\dubbo-3.3\dubbo-cluster\src\test\java\org\apache\dubbo\rpc\cluster\support\ForkingClusterInvokerTest.java,ForkingClusterInvokerTest.java,ForkingClusterInvokerTest,testInvokeNoException,4,0,void,,true,true,true,true
C:\Users\simon\Documents\Code\thesis-code\dubbo-3.3\dubbo-cluster\src\test\java\org\apache\dubbo\rpc\cluster\support\ForkingClusterInvokerTest.java,ForkingClusterInvokerTest.java,ForkingClusterInvokerTest,testInvokeWithIllegalForksParam,10,0,void,,true,true,true,true
C:\Users\simon\Documents\Code\thesis-code\dubbo-3.3\dubbo-cluster\src\test\java\org\apache\dubbo\rpc\cluster\support\MergeableClusterInvokerTest.java,MergeableClusterInvokerTest.java,MergeableClusterInvokerTest,merge,1,2,void,static,false,false,true,true
C:\Users\simon\Documents\Code\thesis-code\dubbo-3.3\dubbo-cluster\src\test\java\org\apache\dubbo\rpc\cluster\support\MergeableClusterInvokerTest.java,MergeableClusterInvokerTest.java,MergeableClusterInvokerTest,setUp,4,0,void,public,false,false,true,true
C:\Users\simon\Documents\Code\thesis-code\dubbo-3.3\dubbo-cluster\src\test\java\org\apache\dubbo\rpc\cluster\support\MergeableClusterInvokerTest.java,MergeableClusterInvokerTest.java,MergeableClusterInvokerTest,testGetMenuSuccessfully,22,0,void,,true,true,true,true
C:\Users\simon\Documents\Code\thesis-code\dubbo-3.3\dubbo-cluster\src\test\java\org\apache\dubbo\rpc\cluster\support\MergeableClusterInvokerTest.java,MergeableClusterInvokerTest.java,MergeableClusterInvokerTest,testAddMenu,23,0,void,,true,true,true,true
C:\Users\simon\Documents\Code\thesis-code\dubbo-3.3\dubbo-cluster\src\test\java\org\apache\dubbo\rpc\cluster\support\MergeableClusterInvokerTest.java,MergeableClusterInvokerTest.java,MergeableClusterInvokerTest,testAddMenu1,18,0,void,,true,true,true,true
C:\Users\simon\Documents\Code\thesis-code\dubbo-3.3\dubbo-cluster\src\test\java\org\apache\dubbo\rpc\cluster\support\MergeableClusterInvokerTest.java,MergeableClusterInvokerTest.java,MergeableClusterInvokerTest,testInvokerToNoInvokerAvailableException,24,0,void,,true,true,true,true
C:\Users\simon\Documents\Code\thesis-code\dubbo-3.3\dubbo-cluster\src\test\java\org\apache\dubbo\rpc\cluster\support\MergeableClusterInvokerTest.java,MergeableClusterInvokerTest.java,MergeableClusterInvokerTest,testInvokerToException,24,0,void,,true,true,true,true
C:\Users\simon\Documents\Code\thesis-code\dubbo-3.3\dubbo-cluster\src\test\java\org\apache\dubbo\rpc\cluster\support\MergeableClusterInvokerTest.java,MergeableClusterInvokerTest.java,MergeableClusterInvokerTest,testGetMenuResultHasException,21,0,void,,true,true,true,true
C:\Users\simon\Documents\Code\thesis-code\dubbo-3.3\dubbo-cluster\src\test\java\org\apache\dubbo\rpc\cluster\support\MergeableClusterInvokerTest.java,MergeableClusterInvokerTest.java,MergeableClusterInvokerTest,testGetMenuWithMergerDefault,17,0,void,,true,true,true,true
C:\Users\simon\Documents\Code\thesis-code\dubbo-3.3\dubbo-cluster\src\test\java\org\apache\dubbo\rpc\cluster\support\MergeableClusterInvokerTest.java,MergeableClusterInvokerTest.java,MergeableClusterInvokerTest,testDestroy,20,0,void,,true,true,true,true
C:\Users\simon\Documents\Code\thesis-code\dubbo-3.3\dubbo-cluster\src\test\java\org\apache\dubbo\rpc\cluster\support\merger\DefaultProviderURLMergeProcessorTest.java,DefaultProviderURLMergeProcessorTest.java,DefaultProviderURLMergeProcessorTest,setup,1,0,void,public,false,false,true,true
C:\Users\simon\Documents\Code\thesis-code\dubbo-3.3\dubbo-cluster\src\test\java\org\apache\dubbo\rpc\cluster\support\merger\DefaultProviderURLMergeProcessorTest.java,DefaultProviderURLMergeProcessorTest.java,DefaultProviderURLMergeProcessorTest,testMergeUrl,25,0,void,,true,true,true,true
C:\Users\simon\Documents\Code\thesis-code\dubbo-3.3\dubbo-cluster\src\test\java\org\apache\dubbo\rpc\cluster\support\merger\DefaultProviderURLMergeProcessorTest.java,DefaultProviderURLMergeProcessorTest.java,DefaultProviderURLMergeProcessorTest,testUseProviderParams,36,0,void,,true,true,true,true
C:\Users\simon\Documents\Code\thesis-code\dubbo-3.3\dubbo-cluster\src\test\java\org\apache\dubbo\rpc\cluster\support\MockAbstractClusterInvokerTest.java,MockAbstractClusterInvokerTest.java,IHelloService,setUpBeforeClass,1,0,void,public; static,false,false,true,false
C:\Users\simon\Documents\Code\thesis-code\dubbo-3.3\dubbo-cluster\src\test\java\org\apache\dubbo\rpc\cluster\support\MockAbstractClusterInvokerTest.java,MockAbstractClusterInvokerTest.java,IHelloService,teardown,1,0,void,public,false,false,true,false
C:\Users\simon\Documents\Code\thesis-code\dubbo-3.3\dubbo-cluster\src\test\java\org\apache\dubbo\rpc\cluster\support\MockAbstractClusterInvokerTest.java,MockAbstractClusterInvokerTest.java,IHelloService,afterClass,1,0,void,public; static,false,false,true,false
C:\Users\simon\Documents\Code\thesis-code\dubbo-3.3\dubbo-cluster\src\test\java\org\apache\dubbo\rpc\cluster\support\MockAbstractClusterInvokerTest.java,MockAbstractClusterInvokerTest.java,IHelloService,setUp,34,0,void,public,false,false,true,false
C:\Users\simon\Documents\Code\thesis-code\dubbo-3.3\dubbo-cluster\src\test\java\org\apache\dubbo\rpc\cluster\support\MockAbstractClusterInvokerTest.java,MockAbstractClusterInvokerTest.java,IHelloService,doInvoke,1,3,Result,protected,false,false,true,false
C:\Users\simon\Documents\Code\thesis-code\dubbo-3.3\dubbo-cluster\src\test\java\org\apache\dubbo\rpc\cluster\support\MockAbstractClusterInvokerTest.java,MockAbstractClusterInvokerTest.java,IHelloService,doInvoke,1,3,Result,protected,false,false,true,false
C:\Users\simon\Documents\Code\thesis-code\dubbo-3.3\dubbo-cluster\src\test\java\org\apache\dubbo\rpc\cluster\support\MockAbstractClusterInvokerTest.java,MockAbstractClusterInvokerTest.java,IHelloService,initlistsize5,7,0,void,private,false,false,true,false
C:\Users\simon\Documents\Code\thesis-code\dubbo-3.3\dubbo-cluster\src\test\java\org\apache\dubbo\rpc\cluster\support\MockAbstractClusterInvokerTest.java,MockAbstractClusterInvokerTest.java,IHelloService,initDic,2,0,void,private,false,false,true,false
C:\Users\simon\Documents\Code\thesis-code\dubbo-3.3\dubbo-cluster\src\test\java\org\apache\dubbo\rpc\cluster\support\MockAbstractClusterInvokerTest.java,MockAbstractClusterInvokerTest.java,IHelloService,testMockedInvokerSelect,10,0,void,,true,true,true,false
C:\Users\simon\Documents\Code\thesis-code\dubbo-3.3\dubbo-cluster\src\test\java\org\apache\dubbo\rpc\cluster\support\MockInvokerTest.java,MockInvokerTest.java,MockInvokerTest,testParseMockValue,11,0,void,,true,true,true,true
C:\Users\simon\Documents\Code\thesis-code\dubbo-3.3\dubbo-cluster\src\test\java\org\apache\dubbo\rpc\cluster\support\MockInvokerTest.java,MockInvokerTest.java,MockInvokerTest,testInvoke,6,0,void,,true,true,true,true
C:\Users\simon\Documents\Code\thesis-code\dubbo-3.3\dubbo-cluster\src\test\java\org\apache\dubbo\rpc\cluster\support\MockInvokerTest.java,MockInvokerTest.java,MockInvokerTest,testGetDefaultObject,14,0,void,,true,true,true,true
C:\Users\simon\Documents\Code\thesis-code\dubbo-3.3\dubbo-cluster\src\test\java\org\apache\dubbo\rpc\cluster\support\MockInvokerTest.java,MockInvokerTest.java,MockInvokerTest,testInvokeThrowsRpcException1,3,0,void,,true,true,true,true
C:\Users\simon\Documents\Code\thesis-code\dubbo-3.3\dubbo-cluster\src\test\java\org\apache\dubbo\rpc\cluster\support\MockInvokerTest.java,MockInvokerTest.java,MockInvokerTest,testInvokeThrowsRpcException2,6,0,void,,true,true,true,true
C:\Users\simon\Documents\Code\thesis-code\dubbo-3.3\dubbo-cluster\src\test\java\org\apache\dubbo\rpc\cluster\support\MockInvokerTest.java,MockInvokerTest.java,MockInvokerTest,testInvokeThrowsRpcException3,6,0,void,,true,true,true,true
C:\Users\simon\Documents\Code\thesis-code\dubbo-3.3\dubbo-cluster\src\test\java\org\apache\dubbo\rpc\cluster\support\MockInvokerTest.java,MockInvokerTest.java,MockInvokerTest,testGetThrowable,1,0,void,,true,true,true,true
C:\Users\simon\Documents\Code\thesis-code\dubbo-3.3\dubbo-cluster\src\test\java\org\apache\dubbo\rpc\cluster\support\MockInvokerTest.java,MockInvokerTest.java,MockInvokerTest,testGetMockObject,5,0,void,,true,true,true,true
C:\Users\simon\Documents\Code\thesis-code\dubbo-3.3\dubbo-cluster\src\test\java\org\apache\dubbo\rpc\cluster\support\MockInvokerTest.java,MockInvokerTest.java,MockInvokerTest,testNormalizeMock,11,0,void,,true,true,true,true
C:\Users\simon\Documents\Code\thesis-code\dubbo-3.3\dubbo-cluster\src\test\java\org\apache\dubbo\rpc\cluster\support\registry\ZoneAwareClusterInvokerTest.java,ZoneAwareClusterInvokerTest.java,ZoneAwareClusterInvokerTest,testPreferredStrategy,12,0,void,,true,true,true,true
C:\Users\simon\Documents\Code\thesis-code\dubbo-3.3\dubbo-cluster\src\test\java\org\apache\dubbo\rpc\cluster\support\registry\ZoneAwareClusterInvokerTest.java,ZoneAwareClusterInvokerTest.java,ZoneAwareClusterInvokerTest,testRegistryZoneStrategy,14,0,void,,true,true,true,true
C:\Users\simon\Documents\Code\thesis-code\dubbo-3.3\dubbo-cluster\src\test\java\org\apache\dubbo\rpc\cluster\support\registry\ZoneAwareClusterInvokerTest.java,ZoneAwareClusterInvokerTest.java,ZoneAwareClusterInvokerTest,testRegistryZoneForceStrategy,14,0,void,,true,true,true,true
C:\Users\simon\Documents\Code\thesis-code\dubbo-3.3\dubbo-cluster\src\test\java\org\apache\dubbo\rpc\cluster\support\registry\ZoneAwareClusterInvokerTest.java,ZoneAwareClusterInvokerTest.java,ZoneAwareClusterInvokerTest,testNoAvailableInvoker,6,0,void,public,true,true,true,true
C:\Users\simon\Documents\Code\thesis-code\dubbo-3.3\dubbo-cluster\src\test\java\org\apache\dubbo\rpc\cluster\support\registry\ZoneAwareClusterInvokerTest.java,ZoneAwareClusterInvokerTest.java,ZoneAwareClusterInvokerTest,newUnexpectedInvoker,1,0,ClusterInvoker,private,false,false,true,true
C:\Users\simon\Documents\Code\thesis-code\dubbo-3.3\dubbo-cluster\src\test\java\org\apache\dubbo\rpc\cluster\support\wrapper\AbstractClusterTest.java,AbstractClusterTest.java,DemoAbstractClusterInvoker,testBuildClusterInvokerChain,14,0,void,,true,true,true,false
C:\Users\simon\Documents\Code\thesis-code\dubbo-3.3\dubbo-cluster\src\test\java\org\apache\dubbo\rpc\cluster\support\wrapper\AbstractClusterTest.java,AbstractClusterTest.java,DemoAbstractClusterInvoker,join,1,2,Invoker<T>,public,false,false,true,false
C:\Users\simon\Documents\Code\thesis-code\dubbo-3.3\dubbo-cluster\src\test\java\org\apache\dubbo\rpc\cluster\support\wrapper\AbstractClusterTest.java,AbstractClusterTest.java,DemoAbstractClusterInvoker,doJoin,1,1,AbstractClusterInvoker<T>,protected,false,false,true,false
C:\Users\simon\Documents\Code\thesis-code\dubbo-3.3\dubbo-cluster\src\test\java\org\apache\dubbo\rpc\cluster\support\wrapper\AbstractClusterTest.java,AbstractClusterTest.java,DemoAbstractClusterInvoker,getUrl,1,0,URL,public,false,false,true,false
C:\Users\simon\Documents\Code\thesis-code\dubbo-3.3\dubbo-cluster\src\test\java\org\apache\dubbo\rpc\cluster\support\wrapper\AbstractClusterTest.java,AbstractClusterTest.java,DemoAbstractClusterInvoker,doInvoke,1,3,Result,protected,false,false,true,false
C:\Users\simon\Documents\Code\thesis-code\dubbo-3.3\dubbo-cluster\src\test\java\org\apache\dubbo\rpc\cluster\support\wrapper\MockClusterInvokerTest.java,MockClusterInvokerTest.java,User,beforeMethod,2,0,void,public,false,false,true,false
C:\Users\simon\Documents\Code\thesis-code\dubbo-3.3\dubbo-cluster\src\test\java\org\apache\dubbo\rpc\cluster\support\wrapper\MockClusterInvokerTest.java,MockClusterInvokerTest.java,User,testMockInvokerInvoke_normal,15,0,void,,true,true,true,false
C:\Users\simon\Documents\Code\thesis-code\dubbo-3.3\dubbo-cluster\src\test\java\org\apache\dubbo\rpc\cluster\support\wrapper\MockClusterInvokerTest.java,MockClusterInvokerTest.java,User,testMockInvokerInvoke_failmock,17,0,void,,true,true,true,false
C:\Users\simon\Documents\Code\thesis-code\dubbo-3.3\dubbo-cluster\src\test\java\org\apache\dubbo\rpc\cluster\support\wrapper\MockClusterInvokerTest.java,MockClusterInvokerTest.java,User,testMockInvokerInvoke_forcemock,17,0,void,,true,true,true,false
C:\Users\simon\Documents\Code\thesis-code\dubbo-3.3\dubbo-cluster\src\test\java\org\apache\dubbo\rpc\cluster\support\wrapper\MockClusterInvokerTest.java,MockClusterInvokerTest.java,User,testMockInvokerInvoke_forcemock_defaultreturn,10,0,void,,true,true,true,false
C:\Users\simon\Documents\Code\thesis-code\dubbo-3.3\dubbo-cluster\src\test\java\org\apache\dubbo\rpc\cluster\support\wrapper\MockClusterInvokerTest.java,MockClusterInvokerTest.java,User,testMockInvokerFromOverride_Invoke_Fock_someMethods,18,0,void,,true,true,true,false
C:\Users\simon\Documents\Code\thesis-code\dubbo-3.3\dubbo-cluster\src\test\java\org\apache\dubbo\rpc\cluster\support\wrapper\MockClusterInvokerTest.java,MockClusterInvokerTest.java,User,testMockInvokerFromOverride_Invoke_Fock_WithOutDefault,13,0,void,,true,true,true,false
C:\Users\simon\Documents\Code\thesis-code\dubbo-3.3\dubbo-cluster\src\test\java\org\apache\dubbo\rpc\cluster\support\wrapper\MockClusterInvokerTest.java,MockClusterInvokerTest.java,User,testMockInvokerFromOverride_Invoke_Fock_WithDefault,18,0,void,,true,true,true,false
C:\Users\simon\Documents\Code\thesis-code\dubbo-3.3\dubbo-cluster\src\test\java\org\apache\dubbo\rpc\cluster\support\wrapper\MockClusterInvokerTest.java,MockClusterInvokerTest.java,User,testMockInvokerFromOverride_Invoke_Fock_WithFailDefault,18,0,void,,true,true,true,false
C:\Users\simon\Documents\Code\thesis-code\dubbo-3.3\dubbo-cluster\src\test\java\org\apache\dubbo\rpc\cluster\support\wrapper\MockClusterInvokerTest.java,MockClusterInvokerTest.java,User,testMockInvokerFromOverride_Invoke_Fock_WithForceDefault,18,0,void,,true,true,true,false
C:\Users\simon\Documents\Code\thesis-code\dubbo-3.3\dubbo-cluster\src\test\java\org\apache\dubbo\rpc\cluster\support\wrapper\MockClusterInvokerTest.java,MockClusterInvokerTest.java,User,testMockInvokerFromOverride_Invoke_Fock_Default,14,0,void,,true,true,true,false
C:\Users\simon\Documents\Code\thesis-code\dubbo-3.3\dubbo-cluster\src\test\java\org\apache\dubbo\rpc\cluster\support\wrapper\MockClusterInvokerTest.java,MockClusterInvokerTest.java,User,testMockInvokerFromOverride_Invoke_checkCompatible_return,9,0,void,,true,true,true,false
C:\Users\simon\Documents\Code\thesis-code\dubbo-3.3\dubbo-cluster\src\test\java\org\apache\dubbo\rpc\cluster\support\wrapper\MockClusterInvokerTest.java,MockClusterInvokerTest.java,User,testMockInvokerFromOverride_Invoke_checkCompatible_ImplMock,6,0,void,,true,true,true,false
C:\Users\simon\Documents\Code\thesis-code\dubbo-3.3\dubbo-cluster\src\test\java\org\apache\dubbo\rpc\cluster\support\wrapper\MockClusterInvokerTest.java,MockClusterInvokerTest.java,User,testMockInvokerFromOverride_Invoke_checkCompatible_ImplMock2,6,0,void,,true,true,true,false
C:\Users\simon\Documents\Code\thesis-code\dubbo-3.3\dubbo-cluster\src\test\java\org\apache\dubbo\rpc\cluster\support\wrapper\MockClusterInvokerTest.java,MockClusterInvokerTest.java,User,testMockInvokerFromOverride_Invoke_checkCompatible_ImplMock3,6,0,void,,true,true,true,false
C:\Users\simon\Documents\Code\thesis-code\dubbo-3.3\dubbo-cluster\src\test\java\org\apache\dubbo\rpc\cluster\support\wrapper\MockClusterInvokerTest.java,MockClusterInvokerTest.java,User,testMockInvokerFromOverride_Invoke_check_String,7,0,void,,true,true,true,false
C:\Users\simon\Documents\Code\thesis-code\dubbo-3.3\dubbo-cluster\src\test\java\org\apache\dubbo\rpc\cluster\support\wrapper\MockClusterInvokerTest.java,MockClusterInvokerTest.java,User,testMockInvokerFromOverride_Invoke_check_int,7,0,void,,true,true,true,false
C:\Users\simon\Documents\Code\thesis-code\dubbo-3.3\dubbo-cluster\src\test\java\org\apache\dubbo\rpc\cluster\support\wrapper\MockClusterInvokerTest.java,MockClusterInvokerTest.java,User,testMockInvokerFromOverride_Invoke_check_boolean,7,0,void,,true,true,true,false
C:\Users\simon\Documents\Code\thesis-code\dubbo-3.3\dubbo-cluster\src\test\java\org\apache\dubbo\rpc\cluster\support\wrapper\MockClusterInvokerTest.java,MockClusterInvokerTest.java,User,testMockInvokerFromOverride_Invoke_check_Boolean,6,0,void,,true,true,true,false
C:\Users\simon\Documents\Code\thesis-code\dubbo-3.3\dubbo-cluster\src\test\java\org\apache\dubbo\rpc\cluster\support\wrapper\MockClusterInvokerTest.java,MockClusterInvokerTest.java,User,testMockInvokerFromOverride_Invoke_check_ListString_empty,6,0,void,,true,true,true,false
C:\Users\simon\Documents\Code\thesis-code\dubbo-3.3\dubbo-cluster\src\test\java\org\apache\dubbo\rpc\cluster\support\wrapper\MockClusterInvokerTest.java,MockClusterInvokerTest.java,User,testMockInvokerFromOverride_Invoke_check_ListString,8,0,void,,true,true,true,false
C:\Users\simon\Documents\Code\thesis-code\dubbo-3.3\dubbo-cluster\src\test\java\org\apache\dubbo\rpc\cluster\support\wrapper\MockClusterInvokerTest.java,MockClusterInvokerTest.java,User,testMockInvokerFromOverride_Invoke_check_ListPojo_empty,6,0,void,,true,true,true,false
C:\Users\simon\Documents\Code\thesis-code\dubbo-3.3\dubbo-cluster\src\test\java\org\apache\dubbo\rpc\cluster\support\wrapper\MockClusterInvokerTest.java,MockClusterInvokerTest.java,User,testMockInvokerFromOverride_Invoke_check_ListPojoAsync,10,0,void,,true,true,true,false
C:\Users\simon\Documents\Code\thesis-code\dubbo-3.3\dubbo-cluster\src\test\java\org\apache\dubbo\rpc\cluster\support\wrapper\MockClusterInvokerTest.java,MockClusterInvokerTest.java,User,testMockInvokerFromOverride_Invoke_check_ListPojo,8,0,void,,true,true,true,false
C:\Users\simon\Documents\Code\thesis-code\dubbo-3.3\dubbo-cluster\src\test\java\org\apache\dubbo\rpc\cluster\support\wrapper\MockClusterInvokerTest.java,MockClusterInvokerTest.java,User,testMockInvokerFromOverride_Invoke_check_ListPojo_error,5,0,void,,true,true,true,false
C:\Users\simon\Documents\Code\thesis-code\dubbo-3.3\dubbo-cluster\src\test\java\org\apache\dubbo\rpc\cluster\support\wrapper\MockClusterInvokerTest.java,MockClusterInvokerTest.java,User,testMockInvokerFromOverride_Invoke_force_throw,5,0,void,,true,true,true,false
C:\Users\simon\Documents\Code\thesis-code\dubbo-3.3\dubbo-cluster\src\test\java\org\apache\dubbo\rpc\cluster\support\wrapper\MockClusterInvokerTest.java,MockClusterInvokerTest.java,User,testMockInvokerFromOverride_Invoke_force_throwCustemException,5,0,void,,true,true,true,false
C:\Users\simon\Documents\Code\thesis-code\dubbo-3.3\dubbo-cluster\src\test\java\org\apache\dubbo\rpc\cluster\support\wrapper\MockClusterInvokerTest.java,MockClusterInvokerTest.java,User,testMockInvokerFromOverride_Invoke_force_throwCustemExceptionNotFound,5,0,void,,true,true,true,false
C:\Users\simon\Documents\Code\thesis-code\dubbo-3.3\dubbo-cluster\src\test\java\org\apache\dubbo\rpc\cluster\support\wrapper\MockClusterInvokerTest.java,MockClusterInvokerTest.java,User,testMockInvokerFromOverride_Invoke_mock_false,5,0,void,,true,true,true,false
C:\Users\simon\Documents\Code\thesis-code\dubbo-3.3\dubbo-cluster\src\test\java\org\apache\dubbo\rpc\cluster\support\wrapper\MockClusterInvokerTest.java,MockClusterInvokerTest.java,User,getClusterInvokerMock,10,2,Invoker<IHelloService>,private,false,false,true,false
C:\Users\simon\Documents\Code\thesis-code\dubbo-3.3\dubbo-cluster\src\test\java\org\apache\dubbo\rpc\cluster\support\wrapper\MockClusterInvokerTest.java,MockClusterInvokerTest.java,User,doInvoke,1,3,Result,protected,false,false,true,false
C:\Users\simon\Documents\Code\thesis-code\dubbo-3.3\dubbo-cluster\src\test\java\org\apache\dubbo\rpc\cluster\support\wrapper\MockClusterInvokerTest.java,MockClusterInvokerTest.java,User,getClusterInvoker,1,1,Invoker<IHelloService>,private,false,false,true,false
C:\Users\simon\Documents\Code\thesis-code\dubbo-3.3\dubbo-cluster\src\test\java\org\apache\dubbo\rpc\cluster\support\wrapper\MockClusterInvokerTest.java,MockClusterInvokerTest.java,User,getSomething,0,0,String,,false,false,true,false
C:\Users\simon\Documents\Code\thesis-code\dubbo-3.3\dubbo-cluster\src\test\java\org\apache\dubbo\rpc\cluster\support\wrapper\MockClusterInvokerTest.java,MockClusterInvokerTest.java,User,getSomething2,0,0,String,,false,false,true,false
C:\Users\simon\Documents\Code\thesis-code\dubbo-3.3\dubbo-cluster\src\test\java\org\apache\dubbo\rpc\cluster\support\wrapper\MockClusterInvokerTest.java,MockClusterInvokerTest.java,User,getSomething3,0,0,String,,false,false,true,false
C:\Users\simon\Documents\Code\thesis-code\dubbo-3.3\dubbo-cluster\src\test\java\org\apache\dubbo\rpc\cluster\support\wrapper\MockClusterInvokerTest.java,MockClusterInvokerTest.java,User,getSomething4,0,0,String,,false,false,true,false
C:\Users\simon\Documents\Code\thesis-code\dubbo-3.3\dubbo-cluster\src\test\java\org\apache\dubbo\rpc\cluster\support\wrapper\MockClusterInvokerTest.java,MockClusterInvokerTest.java,User,getInt1,0,0,int,,false,false,true,false
C:\Users\simon\Documents\Code\thesis-code\dubbo-3.3\dubbo-cluster\src\test\java\org\apache\dubbo\rpc\cluster\support\wrapper\MockClusterInvokerTest.java,MockClusterInvokerTest.java,User,getBoolean1,0,0,boolean,,false,false,true,false
C:\Users\simon\Documents\Code\thesis-code\dubbo-3.3\dubbo-cluster\src\test\java\org\apache\dubbo\rpc\cluster\support\wrapper\MockClusterInvokerTest.java,MockClusterInvokerTest.java,User,getBoolean2,0,0,Boolean,,false,false,true,false
C:\Users\simon\Documents\Code\thesis-code\dubbo-3.3\dubbo-cluster\src\test\java\org\apache\dubbo\rpc\cluster\support\wrapper\MockClusterInvokerTest.java,MockClusterInvokerTest.java,User,getListString,0,0,List<String>,,false,false,true,false
C:\Users\simon\Documents\Code\thesis-code\dubbo-3.3\dubbo-cluster\src\test\java\org\apache\dubbo\rpc\cluster\support\wrapper\MockClusterInvokerTest.java,MockClusterInvokerTest.java,User,getUsers,0,0,List<User>,,false,false,true,false
C:\Users\simon\Documents\Code\thesis-code\dubbo-3.3\dubbo-cluster\src\test\java\org\apache\dubbo\rpc\cluster\support\wrapper\MockClusterInvokerTest.java,MockClusterInvokerTest.java,User,getUsersAsync,0,0,CompletableFuture<List<User>>,,false,false,true,false
C:\Users\simon\Documents\Code\thesis-code\dubbo-3.3\dubbo-cluster\src\test\java\org\apache\dubbo\rpc\cluster\support\wrapper\MockClusterInvokerTest.java,MockClusterInvokerTest.java,User,sayHello,0,0,void,,false,false,true,false
C:\Users\simon\Documents\Code\thesis-code\dubbo-3.3\dubbo-cluster\src\test\java\org\apache\dubbo\rpc\cluster\support\wrapper\MockClusterInvokerTest.java,MockClusterInvokerTest.java,User,getSomething,1,0,String,public,false,false,true,false
C:\Users\simon\Documents\Code\thesis-code\dubbo-3.3\dubbo-cluster\src\test\java\org\apache\dubbo\rpc\cluster\support\wrapper\MockClusterInvokerTest.java,MockClusterInvokerTest.java,User,getSomething2,1,0,String,public,false,false,true,false
C:\Users\simon\Documents\Code\thesis-code\dubbo-3.3\dubbo-cluster\src\test\java\org\apache\dubbo\rpc\cluster\support\wrapper\MockClusterInvokerTest.java,MockClusterInvokerTest.java,User,getSomething3,1,0,String,public,false,false,true,false
C:\Users\simon\Documents\Code\thesis-code\dubbo-3.3\dubbo-cluster\src\test\java\org\apache\dubbo\rpc\cluster\support\wrapper\MockClusterInvokerTest.java,MockClusterInvokerTest.java,User,getSomething4,1,0,String,public,false,false,true,false
C:\Users\simon\Documents\Code\thesis-code\dubbo-3.3\dubbo-cluster\src\test\java\org\apache\dubbo\rpc\cluster\support\wrapper\MockClusterInvokerTest.java,MockClusterInvokerTest.java,User,getInt1,1,0,int,public,false,false,true,false
C:\Users\simon\Documents\Code\thesis-code\dubbo-3.3\dubbo-cluster\src\test\java\org\apache\dubbo\rpc\cluster\support\wrapper\MockClusterInvokerTest.java,MockClusterInvokerTest.java,User,getBoolean1,1,0,boolean,public,false,false,true,false
C:\Users\simon\Documents\Code\thesis-code\dubbo-3.3\dubbo-cluster\src\test\java\org\apache\dubbo\rpc\cluster\support\wrapper\MockClusterInvokerTest.java,MockClusterInvokerTest.java,User,getBoolean2,1,0,Boolean,public,false,false,true,false
C:\Users\simon\Documents\Code\thesis-code\dubbo-3.3\dubbo-cluster\src\test\java\org\apache\dubbo\rpc\cluster\support\wrapper\MockClusterInvokerTest.java,MockClusterInvokerTest.java,User,getListString,1,0,List<String>,public,false,false,true,false
C:\Users\simon\Documents\Code\thesis-code\dubbo-3.3\dubbo-cluster\src\test\java\org\apache\dubbo\rpc\cluster\support\wrapper\MockClusterInvokerTest.java,MockClusterInvokerTest.java,User,getUsers,1,0,List<User>,public,false,false,true,false
C:\Users\simon\Documents\Code\thesis-code\dubbo-3.3\dubbo-cluster\src\test\java\org\apache\dubbo\rpc\cluster\support\wrapper\MockClusterInvokerTest.java,MockClusterInvokerTest.java,User,getUsersAsync,3,0,CompletableFuture<List<User>>,public,false,false,true,false
C:\Users\simon\Documents\Code\thesis-code\dubbo-3.3\dubbo-cluster\src\test\java\org\apache\dubbo\rpc\cluster\support\wrapper\MockClusterInvokerTest.java,MockClusterInvokerTest.java,User,sayHello,1,0,void,public,false,false,true,false
C:\Users\simon\Documents\Code\thesis-code\dubbo-3.3\dubbo-cluster\src\test\java\org\apache\dubbo\rpc\cluster\support\wrapper\MockClusterInvokerTest.java,MockClusterInvokerTest.java,User,getSomething,1,0,String,public,false,false,true,false
C:\Users\simon\Documents\Code\thesis-code\dubbo-3.3\dubbo-cluster\src\test\java\org\apache\dubbo\rpc\cluster\support\wrapper\MockClusterInvokerTest.java,MockClusterInvokerTest.java,User,getSomething2,1,0,String,public,false,false,true,false
C:\Users\simon\Documents\Code\thesis-code\dubbo-3.3\dubbo-cluster\src\test\java\org\apache\dubbo\rpc\cluster\support\wrapper\MockClusterInvokerTest.java,MockClusterInvokerTest.java,User,getSomething3,1,0,String,public,false,false,true,false
C:\Users\simon\Documents\Code\thesis-code\dubbo-3.3\dubbo-cluster\src\test\java\org\apache\dubbo\rpc\cluster\support\wrapper\MockClusterInvokerTest.java,MockClusterInvokerTest.java,User,getSomething4,1,0,String,public,false,false,true,false
C:\Users\simon\Documents\Code\thesis-code\dubbo-3.3\dubbo-cluster\src\test\java\org\apache\dubbo\rpc\cluster\support\wrapper\MockClusterInvokerTest.java,MockClusterInvokerTest.java,User,getListString,1,0,List<String>,public,false,false,true,false
C:\Users\simon\Documents\Code\thesis-code\dubbo-3.3\dubbo-cluster\src\test\java\org\apache\dubbo\rpc\cluster\support\wrapper\MockClusterInvokerTest.java,MockClusterInvokerTest.java,User,getUsers,1,0,List<User>,public,false,false,true,false
C:\Users\simon\Documents\Code\thesis-code\dubbo-3.3\dubbo-cluster\src\test\java\org\apache\dubbo\rpc\cluster\support\wrapper\MockClusterInvokerTest.java,MockClusterInvokerTest.java,User,getUsersAsync,3,0,CompletableFuture<List<User>>,public,false,false,true,false
C:\Users\simon\Documents\Code\thesis-code\dubbo-3.3\dubbo-cluster\src\test\java\org\apache\dubbo\rpc\cluster\support\wrapper\MockClusterInvokerTest.java,MockClusterInvokerTest.java,User,getInt1,1,0,int,public,false,false,true,false
C:\Users\simon\Documents\Code\thesis-code\dubbo-3.3\dubbo-cluster\src\test\java\org\apache\dubbo\rpc\cluster\support\wrapper\MockClusterInvokerTest.java,MockClusterInvokerTest.java,User,getBoolean1,1,0,boolean,public,false,false,true,false
C:\Users\simon\Documents\Code\thesis-code\dubbo-3.3\dubbo-cluster\src\test\java\org\apache\dubbo\rpc\cluster\support\wrapper\MockClusterInvokerTest.java,MockClusterInvokerTest.java,User,getBoolean2,1,0,Boolean,public,false,false,true,false
C:\Users\simon\Documents\Code\thesis-code\dubbo-3.3\dubbo-cluster\src\test\java\org\apache\dubbo\rpc\cluster\support\wrapper\MockClusterInvokerTest.java,MockClusterInvokerTest.java,User,sayHello,1,0,void,public,false,false,true,false
C:\Users\simon\Documents\Code\thesis-code\dubbo-3.3\dubbo-cluster\src\test\java\org\apache\dubbo\rpc\cluster\support\wrapper\MockClusterInvokerTest.java,MockClusterInvokerTest.java,User,getId,1,0,int,public,false,false,true,false
C:\Users\simon\Documents\Code\thesis-code\dubbo-3.3\dubbo-cluster\src\test\java\org\apache\dubbo\rpc\cluster\support\wrapper\MockClusterInvokerTest.java,MockClusterInvokerTest.java,User,setId,1,1,void,public,false,false,true,false
C:\Users\simon\Documents\Code\thesis-code\dubbo-3.3\dubbo-cluster\src\test\java\org\apache\dubbo\rpc\cluster\support\wrapper\MockClusterInvokerTest.java,MockClusterInvokerTest.java,User,getName,1,0,String,public,false,false,true,false
C:\Users\simon\Documents\Code\thesis-code\dubbo-3.3\dubbo-cluster\src\test\java\org\apache\dubbo\rpc\cluster\support\wrapper\MockClusterInvokerTest.java,MockClusterInvokerTest.java,User,setName,1,1,void,public,false,false,true,false
C:\Users\simon\Documents\Code\thesis-code\dubbo-3.3\dubbo-cluster\src\test\java\org\apache\dubbo\rpc\cluster\support\wrapper\MockProviderRpcExceptionTest.java,MockProviderRpcExceptionTest.java,User,beforeMethod,2,0,void,public,false,false,true,false
C:\Users\simon\Documents\Code\thesis-code\dubbo-3.3\dubbo-cluster\src\test\java\org\apache\dubbo\rpc\cluster\support\wrapper\MockProviderRpcExceptionTest.java,MockProviderRpcExceptionTest.java,User,testMockInvokerProviderRpcException,7,0,void,,true,true,true,false
C:\Users\simon\Documents\Code\thesis-code\dubbo-3.3\dubbo-cluster\src\test\java\org\apache\dubbo\rpc\cluster\support\wrapper\MockProviderRpcExceptionTest.java,MockProviderRpcExceptionTest.java,User,getClusterInvokerMock,10,2,Invoker<IHelloRpcService>,private,false,false,true,false
C:\Users\simon\Documents\Code\thesis-code\dubbo-3.3\dubbo-cluster\src\test\java\org\apache\dubbo\rpc\cluster\support\wrapper\MockProviderRpcExceptionTest.java,MockProviderRpcExceptionTest.java,User,doInvoke,1,3,Result,protected,false,false,true,false
C:\Users\simon\Documents\Code\thesis-code\dubbo-3.3\dubbo-cluster\src\test\java\org\apache\dubbo\rpc\cluster\support\wrapper\MockProviderRpcExceptionTest.java,MockProviderRpcExceptionTest.java,User,getClusterInvoker,1,1,Invoker<IHelloRpcService>,private,false,false,true,false
C:\Users\simon\Documents\Code\thesis-code\dubbo-3.3\dubbo-cluster\src\test\java\org\apache\dubbo\rpc\cluster\support\wrapper\MockProviderRpcExceptionTest.java,MockProviderRpcExceptionTest.java,User,getSomething,0,0,String,,false,false,true,false
C:\Users\simon\Documents\Code\thesis-code\dubbo-3.3\dubbo-cluster\src\test\java\org\apache\dubbo\rpc\cluster\support\wrapper\MockProviderRpcExceptionTest.java,MockProviderRpcExceptionTest.java,User,getSomething2,0,0,String,,false,false,true,false
C:\Users\simon\Documents\Code\thesis-code\dubbo-3.3\dubbo-cluster\src\test\java\org\apache\dubbo\rpc\cluster\support\wrapper\MockProviderRpcExceptionTest.java,MockProviderRpcExceptionTest.java,User,getSomething3,0,0,String,,false,false,true,false
C:\Users\simon\Documents\Code\thesis-code\dubbo-3.3\dubbo-cluster\src\test\java\org\apache\dubbo\rpc\cluster\support\wrapper\MockProviderRpcExceptionTest.java,MockProviderRpcExceptionTest.java,User,getSomething4,0,0,String,,false,false,true,false
C:\Users\simon\Documents\Code\thesis-code\dubbo-3.3\dubbo-cluster\src\test\java\org\apache\dubbo\rpc\cluster\support\wrapper\MockProviderRpcExceptionTest.java,MockProviderRpcExceptionTest.java,User,getInt1,0,0,int,,false,false,true,false
C:\Users\simon\Documents\Code\thesis-code\dubbo-3.3\dubbo-cluster\src\test\java\org\apache\dubbo\rpc\cluster\support\wrapper\MockProviderRpcExceptionTest.java,MockProviderRpcExceptionTest.java,User,getBoolean1,0,0,boolean,,false,false,true,false
C:\Users\simon\Documents\Code\thesis-code\dubbo-3.3\dubbo-cluster\src\test\java\org\apache\dubbo\rpc\cluster\support\wrapper\MockProviderRpcExceptionTest.java,MockProviderRpcExceptionTest.java,User,getBoolean2,0,0,Boolean,,false,false,true,false
C:\Users\simon\Documents\Code\thesis-code\dubbo-3.3\dubbo-cluster\src\test\java\org\apache\dubbo\rpc\cluster\support\wrapper\MockProviderRpcExceptionTest.java,MockProviderRpcExceptionTest.java,User,getListString,0,0,List<String>,public,false,false,true,false
C:\Users\simon\Documents\Code\thesis-code\dubbo-3.3\dubbo-cluster\src\test\java\org\apache\dubbo\rpc\cluster\support\wrapper\MockProviderRpcExceptionTest.java,MockProviderRpcExceptionTest.java,User,getUsers,0,0,List<User>,public,false,false,true,false
C:\Users\simon\Documents\Code\thesis-code\dubbo-3.3\dubbo-cluster\src\test\java\org\apache\dubbo\rpc\cluster\support\wrapper\MockProviderRpcExceptionTest.java,MockProviderRpcExceptionTest.java,User,sayHello,0,0,void,,false,false,true,false
C:\Users\simon\Documents\Code\thesis-code\dubbo-3.3\dubbo-cluster\src\test\java\org\apache\dubbo\rpc\cluster\support\wrapper\MockProviderRpcExceptionTest.java,MockProviderRpcExceptionTest.java,User,getSomething,1,0,String,public,false,false,true,false
C:\Users\simon\Documents\Code\thesis-code\dubbo-3.3\dubbo-cluster\src\test\java\org\apache\dubbo\rpc\cluster\support\wrapper\MockProviderRpcExceptionTest.java,MockProviderRpcExceptionTest.java,User,getSomething2,1,0,String,public,false,false,true,false
C:\Users\simon\Documents\Code\thesis-code\dubbo-3.3\dubbo-cluster\src\test\java\org\apache\dubbo\rpc\cluster\support\wrapper\MockProviderRpcExceptionTest.java,MockProviderRpcExceptionTest.java,User,getSomething3,1,0,String,public,false,false,true,false
C:\Users\simon\Documents\Code\thesis-code\dubbo-3.3\dubbo-cluster\src\test\java\org\apache\dubbo\rpc\cluster\support\wrapper\MockProviderRpcExceptionTest.java,MockProviderRpcExceptionTest.java,User,getSomething4,1,0,String,public,false,false,true,false
C:\Users\simon\Documents\Code\thesis-code\dubbo-3.3\dubbo-cluster\src\test\java\org\apache\dubbo\rpc\cluster\support\wrapper\MockProviderRpcExceptionTest.java,MockProviderRpcExceptionTest.java,User,getInt1,1,0,int,public,false,false,true,false
C:\Users\simon\Documents\Code\thesis-code\dubbo-3.3\dubbo-cluster\src\test\java\org\apache\dubbo\rpc\cluster\support\wrapper\MockProviderRpcExceptionTest.java,MockProviderRpcExceptionTest.java,User,getBoolean1,1,0,boolean,public,false,false,true,false
C:\Users\simon\Documents\Code\thesis-code\dubbo-3.3\dubbo-cluster\src\test\java\org\apache\dubbo\rpc\cluster\support\wrapper\MockProviderRpcExceptionTest.java,MockProviderRpcExceptionTest.java,User,getBoolean2,1,0,Boolean,public,false,false,true,false
C:\Users\simon\Documents\Code\thesis-code\dubbo-3.3\dubbo-cluster\src\test\java\org\apache\dubbo\rpc\cluster\support\wrapper\MockProviderRpcExceptionTest.java,MockProviderRpcExceptionTest.java,User,getListString,1,0,List<String>,public,false,false,true,false
C:\Users\simon\Documents\Code\thesis-code\dubbo-3.3\dubbo-cluster\src\test\java\org\apache\dubbo\rpc\cluster\support\wrapper\MockProviderRpcExceptionTest.java,MockProviderRpcExceptionTest.java,User,getUsers,1,0,List<User>,public,false,false,true,false
C:\Users\simon\Documents\Code\thesis-code\dubbo-3.3\dubbo-cluster\src\test\java\org\apache\dubbo\rpc\cluster\support\wrapper\MockProviderRpcExceptionTest.java,MockProviderRpcExceptionTest.java,User,sayHello,1,0,void,public,false,false,true,false
C:\Users\simon\Documents\Code\thesis-code\dubbo-3.3\dubbo-cluster\src\test\java\org\apache\dubbo\rpc\cluster\support\wrapper\MockProviderRpcExceptionTest.java,MockProviderRpcExceptionTest.java,User,getSomething,1,0,String,public,false,false,true,false
C:\Users\simon\Documents\Code\thesis-code\dubbo-3.3\dubbo-cluster\src\test\java\org\apache\dubbo\rpc\cluster\support\wrapper\MockProviderRpcExceptionTest.java,MockProviderRpcExceptionTest.java,User,getSomething2,1,0,String,public,false,false,true,false
C:\Users\simon\Documents\Code\thesis-code\dubbo-3.3\dubbo-cluster\src\test\java\org\apache\dubbo\rpc\cluster\support\wrapper\MockProviderRpcExceptionTest.java,MockProviderRpcExceptionTest.java,User,getSomething3,1,0,String,public,false,false,true,false
C:\Users\simon\Documents\Code\thesis-code\dubbo-3.3\dubbo-cluster\src\test\java\org\apache\dubbo\rpc\cluster\support\wrapper\MockProviderRpcExceptionTest.java,MockProviderRpcExceptionTest.java,User,getSomething4,1,0,String,public,false,false,true,false
C:\Users\simon\Documents\Code\thesis-code\dubbo-3.3\dubbo-cluster\src\test\java\org\apache\dubbo\rpc\cluster\support\wrapper\MockProviderRpcExceptionTest.java,MockProviderRpcExceptionTest.java,User,getListString,1,0,List<String>,public,false,false,true,false
C:\Users\simon\Documents\Code\thesis-code\dubbo-3.3\dubbo-cluster\src\test\java\org\apache\dubbo\rpc\cluster\support\wrapper\MockProviderRpcExceptionTest.java,MockProviderRpcExceptionTest.java,User,getUsers,1,0,List<User>,public,false,false,true,false
C:\Users\simon\Documents\Code\thesis-code\dubbo-3.3\dubbo-cluster\src\test\java\org\apache\dubbo\rpc\cluster\support\wrapper\MockProviderRpcExceptionTest.java,MockProviderRpcExceptionTest.java,User,getInt1,1,0,int,public,false,false,true,false
C:\Users\simon\Documents\Code\thesis-code\dubbo-3.3\dubbo-cluster\src\test\java\org\apache\dubbo\rpc\cluster\support\wrapper\MockProviderRpcExceptionTest.java,MockProviderRpcExceptionTest.java,User,getBoolean1,1,0,boolean,public,false,false,true,false
C:\Users\simon\Documents\Code\thesis-code\dubbo-3.3\dubbo-cluster\src\test\java\org\apache\dubbo\rpc\cluster\support\wrapper\MockProviderRpcExceptionTest.java,MockProviderRpcExceptionTest.java,User,getBoolean2,1,0,Boolean,public,false,false,true,false
C:\Users\simon\Documents\Code\thesis-code\dubbo-3.3\dubbo-cluster\src\test\java\org\apache\dubbo\rpc\cluster\support\wrapper\MockProviderRpcExceptionTest.java,MockProviderRpcExceptionTest.java,User,sayHello,1,0,void,public,false,false,true,false
C:\Users\simon\Documents\Code\thesis-code\dubbo-3.3\dubbo-cluster\src\test\java\org\apache\dubbo\rpc\cluster\support\wrapper\MockProviderRpcExceptionTest.java,MockProviderRpcExceptionTest.java,User,getId,1,0,int,public,false,false,true,false
C:\Users\simon\Documents\Code\thesis-code\dubbo-3.3\dubbo-cluster\src\test\java\org\apache\dubbo\rpc\cluster\support\wrapper\MockProviderRpcExceptionTest.java,MockProviderRpcExceptionTest.java,User,setId,1,1,void,public,false,false,true,false
C:\Users\simon\Documents\Code\thesis-code\dubbo-3.3\dubbo-cluster\src\test\java\org\apache\dubbo\rpc\cluster\support\wrapper\MockProviderRpcExceptionTest.java,MockProviderRpcExceptionTest.java,User,getName,1,0,String,public,false,false,true,false
C:\Users\simon\Documents\Code\thesis-code\dubbo-3.3\dubbo-cluster\src\test\java\org\apache\dubbo\rpc\cluster\support\wrapper\MockProviderRpcExceptionTest.java,MockProviderRpcExceptionTest.java,User,setName,1,1,void,public,false,false,true,false
C:\Users\simon\Documents\Code\thesis-code\dubbo-3.3\dubbo-cluster\src\test\java\org\apache\dubbo\rpc\cluster\support\wrapper\ScopeClusterInvokerTest.java,ScopeClusterInvokerTest.java,DemoServiceImpl,beforeMonth,1,0,void,,false,false,true,false
C:\Users\simon\Documents\Code\thesis-code\dubbo-3.3\dubbo-cluster\src\test\java\org\apache\dubbo\rpc\cluster\support\wrapper\ScopeClusterInvokerTest.java,ScopeClusterInvokerTest.java,DemoServiceImpl,after,4,0,void,,false,false,true,false
C:\Users\simon\Documents\Code\thesis-code\dubbo-3.3\dubbo-cluster\src\test\java\org\apache\dubbo\rpc\cluster\support\wrapper\ScopeClusterInvokerTest.java,ScopeClusterInvokerTest.java,DemoServiceImpl,testScopeNull_RemoteInvoke,9,0,void,,true,true,true,false
C:\Users\simon\Documents\Code\thesis-code\dubbo-3.3\dubbo-cluster\src\test\java\org\apache\dubbo\rpc\cluster\support\wrapper\ScopeClusterInvokerTest.java,ScopeClusterInvokerTest.java,DemoServiceImpl,testScopeNull_LocalInvoke,13,0,void,,true,true,true,false
C:\Users\simon\Documents\Code\thesis-code\dubbo-3.3\dubbo-cluster\src\test\java\org\apache\dubbo\rpc\cluster\support\wrapper\ScopeClusterInvokerTest.java,ScopeClusterInvokerTest.java,DemoServiceImpl,testScopeRemoteInvoke,14,0,void,,true,true,true,false
C:\Users\simon\Documents\Code\thesis-code\dubbo-3.3\dubbo-cluster\src\test\java\org\apache\dubbo\rpc\cluster\support\wrapper\ScopeClusterInvokerTest.java,ScopeClusterInvokerTest.java,DemoServiceImpl,testScopeLocalInvoke,22,0,void,,true,true,true,false
C:\Users\simon\Documents\Code\thesis-code\dubbo-3.3\dubbo-cluster\src\test\java\org\apache\dubbo\rpc\cluster\support\wrapper\ScopeClusterInvokerTest.java,ScopeClusterInvokerTest.java,DemoServiceImpl,testInjvmRefer,14,0,void,,true,true,true,false
C:\Users\simon\Documents\Code\thesis-code\dubbo-3.3\dubbo-cluster\src\test\java\org\apache\dubbo\rpc\cluster\support\wrapper\ScopeClusterInvokerTest.java,ScopeClusterInvokerTest.java,DemoServiceImpl,testListenUnExport,16,0,void,,true,true,true,false
C:\Users\simon\Documents\Code\thesis-code\dubbo-3.3\dubbo-cluster\src\test\java\org\apache\dubbo\rpc\cluster\support\wrapper\ScopeClusterInvokerTest.java,ScopeClusterInvokerTest.java,DemoServiceImpl,testPeerInvoke,13,0,void,,true,true,true,false
C:\Users\simon\Documents\Code\thesis-code\dubbo-3.3\dubbo-cluster\src\test\java\org\apache\dubbo\rpc\cluster\support\wrapper\ScopeClusterInvokerTest.java,ScopeClusterInvokerTest.java,DemoServiceImpl,testInjvmUrlInvoke,10,0,void,,true,true,true,false
C:\Users\simon\Documents\Code\thesis-code\dubbo-3.3\dubbo-cluster\src\test\java\org\apache\dubbo\rpc\cluster\support\wrapper\ScopeClusterInvokerTest.java,ScopeClusterInvokerTest.java,DemoServiceImpl,testDynamicInvoke,30,0,void,,true,true,true,false
C:\Users\simon\Documents\Code\thesis-code\dubbo-3.3\dubbo-cluster\src\test\java\org\apache\dubbo\rpc\cluster\support\wrapper\ScopeClusterInvokerTest.java,ScopeClusterInvokerTest.java,DemoServiceImpl,testBroadcast,11,0,void,,true,true,true,false
C:\Users\simon\Documents\Code\thesis-code\dubbo-3.3\dubbo-cluster\src\test\java\org\apache\dubbo\rpc\cluster\support\wrapper\ScopeClusterInvokerTest.java,ScopeClusterInvokerTest.java,DemoServiceImpl,getClusterInvoker,12,1,Invoker<DemoService>,private,false,false,true,false
C:\Users\simon\Documents\Code\thesis-code\dubbo-3.3\dubbo-cluster\src\test\java\org\apache\dubbo\rpc\cluster\support\wrapper\ScopeClusterInvokerTest.java,ScopeClusterInvokerTest.java,DemoServiceImpl,doInvoke,1,3,Result,protected,false,false,true,false
C:\Users\simon\Documents\Code\thesis-code\dubbo-3.3\dubbo-cluster\src\test\java\org\apache\dubbo\rpc\cluster\support\wrapper\ScopeClusterInvokerTest.java,ScopeClusterInvokerTest.java,DemoServiceImpl,doSomething1,0,0,String,,false,false,true,false
C:\Users\simon\Documents\Code\thesis-code\dubbo-3.3\dubbo-cluster\src\test\java\org\apache\dubbo\rpc\cluster\support\wrapper\ScopeClusterInvokerTest.java,ScopeClusterInvokerTest.java,DemoServiceImpl,doSomething2,0,0,String,,false,false,true,false
C:\Users\simon\Documents\Code\thesis-code\dubbo-3.3\dubbo-cluster\src\test\java\org\apache\dubbo\rpc\cluster\support\wrapper\ScopeClusterInvokerTest.java,ScopeClusterInvokerTest.java,DemoServiceImpl,doSomething3,0,0,String,,false,false,true,false
C:\Users\simon\Documents\Code\thesis-code\dubbo-3.3\dubbo-cluster\src\test\java\org\apache\dubbo\rpc\cluster\support\wrapper\ScopeClusterInvokerTest.java,ScopeClusterInvokerTest.java,DemoServiceImpl,doSomething4,0,0,String,,false,false,true,false
C:\Users\simon\Documents\Code\thesis-code\dubbo-3.3\dubbo-cluster\src\test\java\org\apache\dubbo\rpc\cluster\support\wrapper\ScopeClusterInvokerTest.java,ScopeClusterInvokerTest.java,DemoServiceImpl,doSomething5,0,0,String,,false,false,true,false
C:\Users\simon\Documents\Code\thesis-code\dubbo-3.3\dubbo-cluster\src\test\java\org\apache\dubbo\rpc\cluster\support\wrapper\ScopeClusterInvokerTest.java,ScopeClusterInvokerTest.java,DemoServiceImpl,doSomething6,0,0,String,,false,false,true,false
C:\Users\simon\Documents\Code\thesis-code\dubbo-3.3\dubbo-cluster\src\test\java\org\apache\dubbo\rpc\cluster\support\wrapper\ScopeClusterInvokerTest.java,ScopeClusterInvokerTest.java,DemoServiceImpl,doSomething7,0,0,String,,false,false,true,false
C:\Users\simon\Documents\Code\thesis-code\dubbo-3.3\dubbo-cluster\src\test\java\org\apache\dubbo\rpc\cluster\support\wrapper\ScopeClusterInvokerTest.java,ScopeClusterInvokerTest.java,DemoServiceImpl,doSomething8,0,0,String,,false,false,true,false
C:\Users\simon\Documents\Code\thesis-code\dubbo-3.3\dubbo-cluster\src\test\java\org\apache\dubbo\rpc\cluster\support\wrapper\ScopeClusterInvokerTest.java,ScopeClusterInvokerTest.java,DemoServiceImpl,doSomething1,1,0,String,public,false,false,true,false
C:\Users\simon\Documents\Code\thesis-code\dubbo-3.3\dubbo-cluster\src\test\java\org\apache\dubbo\rpc\cluster\support\wrapper\ScopeClusterInvokerTest.java,ScopeClusterInvokerTest.java,DemoServiceImpl,doSomething2,1,0,String,public,false,false,true,false
C:\Users\simon\Documents\Code\thesis-code\dubbo-3.3\dubbo-cluster\src\test\java\org\apache\dubbo\rpc\cluster\support\wrapper\ScopeClusterInvokerTest.java,ScopeClusterInvokerTest.java,DemoServiceImpl,doSomething3,1,0,String,public,false,false,true,false
C:\Users\simon\Documents\Code\thesis-code\dubbo-3.3\dubbo-cluster\src\test\java\org\apache\dubbo\rpc\cluster\support\wrapper\ScopeClusterInvokerTest.java,ScopeClusterInvokerTest.java,DemoServiceImpl,doSomething4,1,0,String,public,false,false,true,false
C:\Users\simon\Documents\Code\thesis-code\dubbo-3.3\dubbo-cluster\src\test\java\org\apache\dubbo\rpc\cluster\support\wrapper\ScopeClusterInvokerTest.java,ScopeClusterInvokerTest.java,DemoServiceImpl,doSomething5,1,0,String,public,false,false,true,false
C:\Users\simon\Documents\Code\thesis-code\dubbo-3.3\dubbo-cluster\src\test\java\org\apache\dubbo\rpc\cluster\support\wrapper\ScopeClusterInvokerTest.java,ScopeClusterInvokerTest.java,DemoServiceImpl,doSomething6,1,0,String,public,false,false,true,false
C:\Users\simon\Documents\Code\thesis-code\dubbo-3.3\dubbo-cluster\src\test\java\org\apache\dubbo\rpc\cluster\support\wrapper\ScopeClusterInvokerTest.java,ScopeClusterInvokerTest.java,DemoServiceImpl,doSomething7,1,0,String,public,false,false,true,false
C:\Users\simon\Documents\Code\thesis-code\dubbo-3.3\dubbo-cluster\src\test\java\org\apache\dubbo\rpc\cluster\support\wrapper\ScopeClusterInvokerTest.java,ScopeClusterInvokerTest.java,DemoServiceImpl,doSomething8,1,0,String,public,false,false,true,false
