FilePath,FileName,ClassName,MethodName,TotalStatements,TotalParameters,ReturnType,AccessModifier,MethodHasAnnotation,MethodHasTestInName,FileHasTestInName,ClassHasTestInName
C:\Users\simon\Documents\Code\thesis-code\commons-numbers-master\commons-numbers-examples\examples-jmh\src\test\java\org\apache\commons\numbers\examples\jmh\arrays\CompressedIndexSetTest.java,CompressedIndexSetTest.java,CompressedIndexSetTest,testInvalidRangeThrows,11,0,void,,true,true,true,true
C:\Users\simon\Documents\Code\thesis-code\commons-numbers-master\commons-numbers-examples\examples-jmh\src\test\java\org\apache\commons\numbers\examples\jmh\arrays\CompressedIndexSetTest.java,CompressedIndexSetTest.java,CompressedIndexSetTest,testInvalidCompressionThrows,1,0,void,,true,true,true,true
C:\Users\simon\Documents\Code\thesis-code\commons-numbers-master\commons-numbers-examples\examples-jmh\src\test\java\org\apache\commons\numbers\examples\jmh\arrays\CompressedIndexSetTest.java,CompressedIndexSetTest.java,CompressedIndexSetTest,testGetSet,1,2,void,,false,true,true,true
C:\Users\simon\Documents\Code\thesis-code\commons-numbers-master\commons-numbers-examples\examples-jmh\src\test\java\org\apache\commons\numbers\examples\jmh\arrays\CompressedIndexSetTest.java,CompressedIndexSetTest.java,CompressedIndexSetTest,testPreviousIndexOrLeftMinus1,1,2,void,,false,true,true,true
C:\Users\simon\Documents\Code\thesis-code\commons-numbers-master\commons-numbers-examples\examples-jmh\src\test\java\org\apache\commons\numbers\examples\jmh\arrays\CompressedIndexSetTest.java,CompressedIndexSetTest.java,CompressedIndexSetTest,testNextIndexOrRightPlus1,1,2,void,,false,true,true,true
C:\Users\simon\Documents\Code\thesis-code\commons-numbers-master\commons-numbers-examples\examples-jmh\src\test\java\org\apache\commons\numbers\examples\jmh\arrays\CompressedIndexSetTest.java,CompressedIndexSetTest.java,CompressedIndexSetTest,testNextPreviousIndex,1,2,void,,false,true,true,true
C:\Users\simon\Documents\Code\thesis-code\commons-numbers-master\commons-numbers-examples\examples-jmh\src\test\java\org\apache\commons\numbers\examples\jmh\arrays\CompressedIndexSetTest.java,CompressedIndexSetTest.java,CompressedIndexSetTest,testGetSet,9,0,Stream<Arguments>,static,false,true,true,true
C:\Users\simon\Documents\Code\thesis-code\commons-numbers-master\commons-numbers-examples\examples-jmh\src\test\java\org\apache\commons\numbers\examples\jmh\arrays\CompressedIndexSetTest.java,CompressedIndexSetTest.java,CompressedIndexSetTest,testGetSet2,6,2,void,,false,true,true,true
C:\Users\simon\Documents\Code\thesis-code\commons-numbers-master\commons-numbers-examples\examples-jmh\src\test\java\org\apache\commons\numbers\examples\jmh\arrays\CompressedIndexSetTest.java,CompressedIndexSetTest.java,CompressedIndexSetTest,testNextPreviousIndex2,10,2,void,,false,true,true,true
C:\Users\simon\Documents\Code\thesis-code\commons-numbers-master\commons-numbers-examples\examples-jmh\src\test\java\org\apache\commons\numbers\examples\jmh\arrays\CompressedIndexSetTest.java,CompressedIndexSetTest.java,CompressedIndexSetTest,createCompressedIndexSet,6,2,CompressedIndexSet,private; static,false,false,true,true
C:\Users\simon\Documents\Code\thesis-code\commons-numbers-master\commons-numbers-examples\examples-jmh\src\test\java\org\apache\commons\numbers\examples\jmh\arrays\CompressedIndexSetTest.java,CompressedIndexSetTest.java,CompressedIndexSetTest,createCompressedIndexSet2,6,1,CompressedIndexSet2,private; static,false,false,true,true
C:\Users\simon\Documents\Code\thesis-code\commons-numbers-master\commons-numbers-examples\examples-jmh\src\test\java\org\apache\commons\numbers\examples\jmh\arrays\CompressedIndexSetTest.java,CompressedIndexSetTest.java,CompressedIndexSetTest,getCompressedIndexLow,1,3,int,private; static,false,false,true,true
C:\Users\simon\Documents\Code\thesis-code\commons-numbers-master\commons-numbers-examples\examples-jmh\src\test\java\org\apache\commons\numbers\examples\jmh\arrays\CompressedIndexSetTest.java,CompressedIndexSetTest.java,CompressedIndexSetTest,getCompressedIndexHigh,1,4,int,private; static,false,false,true,true
C:\Users\simon\Documents\Code\thesis-code\commons-numbers-master\commons-numbers-examples\examples-jmh\src\test\java\org\apache\commons\numbers\examples\jmh\arrays\DoubleDataTransformersTest.java,DoubleDataTransformersTest.java,DoubleDataTransformersTest,testNaNErrorWithNaN,4,1,void,,false,true,true,true
C:\Users\simon\Documents\Code\thesis-code\commons-numbers-master\commons-numbers-examples\examples-jmh\src\test\java\org\apache\commons\numbers\examples\jmh\arrays\DoubleDataTransformersTest.java,DoubleDataTransformersTest.java,DoubleDataTransformersTest,testNaNError,2,1,void,,false,true,true,true
C:\Users\simon\Documents\Code\thesis-code\commons-numbers-master\commons-numbers-examples\examples-jmh\src\test\java\org\apache\commons\numbers\examples\jmh\arrays\DoubleDataTransformersTest.java,DoubleDataTransformersTest.java,DoubleDataTransformersTest,testNaNInclude,2,1,void,,false,true,true,true
C:\Users\simon\Documents\Code\thesis-code\commons-numbers-master\commons-numbers-examples\examples-jmh\src\test\java\org\apache\commons\numbers\examples\jmh\arrays\DoubleDataTransformersTest.java,DoubleDataTransformersTest.java,DoubleDataTransformersTest,testNaNExclude,2,1,void,,false,true,true,true
C:\Users\simon\Documents\Code\thesis-code\commons-numbers-master\commons-numbers-examples\examples-jmh\src\test\java\org\apache\commons\numbers\examples\jmh\arrays\DoubleDataTransformersTest.java,DoubleDataTransformersTest.java,DoubleDataTransformersTest,assertSortTransformer,10,4,void,private; static,false,false,true,true
C:\Users\simon\Documents\Code\thesis-code\commons-numbers-master\commons-numbers-examples\examples-jmh\src\test\java\org\apache\commons\numbers\examples\jmh\arrays\DoubleDataTransformersTest.java,DoubleDataTransformersTest.java,DoubleDataTransformersTest,nanData,19,0,Stream<double[]>,static,false,false,true,true
C:\Users\simon\Documents\Code\thesis-code\commons-numbers-master\commons-numbers-examples\examples-jmh\src\test\java\org\apache\commons\numbers\examples\jmh\arrays\DoubleDataTransformersTest.java,DoubleDataTransformersTest.java,DoubleDataTransformersTest,nonNanData,14,0,Stream<double[]>,static,false,false,true,true
C:\Users\simon\Documents\Code\thesis-code\commons-numbers-master\commons-numbers-examples\examples-jmh\src\test\java\org\apache\commons\numbers\examples\jmh\arrays\DoubleMathTest.java,DoubleMathTest.java,DoubleMathTest,testGreaterThanLessThan,3,0,void,,true,true,true,true
C:\Users\simon\Documents\Code\thesis-code\commons-numbers-master\commons-numbers-examples\examples-jmh\src\test\java\org\apache\commons\numbers\examples\jmh\arrays\DualPivotingStrategyTest.java,DualPivotingStrategyTest.java,DualPivotingStrategyTest,testMedians,1,1,void,,false,true,true,true
C:\Users\simon\Documents\Code\thesis-code\commons-numbers-master\commons-numbers-examples\examples-jmh\src\test\java\org\apache\commons\numbers\examples\jmh\arrays\DualPivotingStrategyTest.java,DualPivotingStrategyTest.java,DualPivotingStrategyTest,testSort5,1,1,void,,false,true,true,true
C:\Users\simon\Documents\Code\thesis-code\commons-numbers-master\commons-numbers-examples\examples-jmh\src\test\java\org\apache\commons\numbers\examples\jmh\arrays\DualPivotingStrategyTest.java,DualPivotingStrategyTest.java,DualPivotingStrategyTest,testSort5B,1,1,void,,false,true,true,true
C:\Users\simon\Documents\Code\thesis-code\commons-numbers-master\commons-numbers-examples\examples-jmh\src\test\java\org\apache\commons\numbers\examples\jmh\arrays\DualPivotingStrategyTest.java,DualPivotingStrategyTest.java,DualPivotingStrategyTest,testSort5BSP,1,1,void,,false,true,true,true
C:\Users\simon\Documents\Code\thesis-code\commons-numbers-master\commons-numbers-examples\examples-jmh\src\test\java\org\apache\commons\numbers\examples\jmh\arrays\DualPivotingStrategyTest.java,DualPivotingStrategyTest.java,DualPivotingStrategyTest,testSort5C,1,1,void,,false,true,true,true
C:\Users\simon\Documents\Code\thesis-code\commons-numbers-master\commons-numbers-examples\examples-jmh\src\test\java\org\apache\commons\numbers\examples\jmh\arrays\DualPivotingStrategyTest.java,DualPivotingStrategyTest.java,DualPivotingStrategyTest,testSort5of3,2,1,void,,false,true,true,true
C:\Users\simon\Documents\Code\thesis-code\commons-numbers-master\commons-numbers-examples\examples-jmh\src\test\java\org\apache\commons\numbers\examples\jmh\arrays\DualPivotingStrategyTest.java,DualPivotingStrategyTest.java,DualPivotingStrategyTest,testSort4of3,2,1,void,,false,true,true,true
C:\Users\simon\Documents\Code\thesis-code\commons-numbers-master\commons-numbers-examples\examples-jmh\src\test\java\org\apache\commons\numbers\examples\jmh\arrays\DualPivotingStrategyTest.java,DualPivotingStrategyTest.java,DualPivotingStrategyTest,testSort3of3,2,1,void,,false,true,true,true
C:\Users\simon\Documents\Code\thesis-code\commons-numbers-master\commons-numbers-examples\examples-jmh\src\test\java\org\apache\commons\numbers\examples\jmh\arrays\DualPivotingStrategyTest.java,DualPivotingStrategyTest.java,DualPivotingStrategyTest,testSort5of5,2,1,void,,false,true,true,true
C:\Users\simon\Documents\Code\thesis-code\commons-numbers-master\commons-numbers-examples\examples-jmh\src\test\java\org\apache\commons\numbers\examples\jmh\arrays\DualPivotingStrategyTest.java,DualPivotingStrategyTest.java,DualPivotingStrategyTest,testSort7,2,1,void,,false,true,true,true
C:\Users\simon\Documents\Code\thesis-code\commons-numbers-master\commons-numbers-examples\examples-jmh\src\test\java\org\apache\commons\numbers\examples\jmh\arrays\DualPivotingStrategyTest.java,DualPivotingStrategyTest.java,DualPivotingStrategyTest,testSort8,2,1,void,,false,true,true,true
C:\Users\simon\Documents\Code\thesis-code\commons-numbers-master\commons-numbers-examples\examples-jmh\src\test\java\org\apache\commons\numbers\examples\jmh\arrays\DualPivotingStrategyTest.java,DualPivotingStrategyTest.java,DualPivotingStrategyTest,testSort11,2,1,void,,false,true,true,true
C:\Users\simon\Documents\Code\thesis-code\commons-numbers-master\commons-numbers-examples\examples-jmh\src\test\java\org\apache\commons\numbers\examples\jmh\arrays\DualPivotingStrategyTest.java,DualPivotingStrategyTest.java,DualPivotingStrategyTest,assertPivots,17,2,void,private; static,false,false,true,true
C:\Users\simon\Documents\Code\thesis-code\commons-numbers-master\commons-numbers-examples\examples-jmh\src\test\java\org\apache\commons\numbers\examples\jmh\arrays\DualPivotingStrategyTest.java,DualPivotingStrategyTest.java,DualPivotingStrategyTest,testMediansIndexing,1,0,void,,true,true,true,true
C:\Users\simon\Documents\Code\thesis-code\commons-numbers-master\commons-numbers-examples\examples-jmh\src\test\java\org\apache\commons\numbers\examples\jmh\arrays\DualPivotingStrategyTest.java,DualPivotingStrategyTest.java,DualPivotingStrategyTest,testSort5Indexing,1,0,void,,true,true,true,true
C:\Users\simon\Documents\Code\thesis-code\commons-numbers-master\commons-numbers-examples\examples-jmh\src\test\java\org\apache\commons\numbers\examples\jmh\arrays\DualPivotingStrategyTest.java,DualPivotingStrategyTest.java,DualPivotingStrategyTest,testSort5BIndexing,1,0,void,,true,true,true,true
C:\Users\simon\Documents\Code\thesis-code\commons-numbers-master\commons-numbers-examples\examples-jmh\src\test\java\org\apache\commons\numbers\examples\jmh\arrays\DualPivotingStrategyTest.java,DualPivotingStrategyTest.java,DualPivotingStrategyTest,testSort5BSPIndexing,1,0,void,,true,true,true,true
C:\Users\simon\Documents\Code\thesis-code\commons-numbers-master\commons-numbers-examples\examples-jmh\src\test\java\org\apache\commons\numbers\examples\jmh\arrays\DualPivotingStrategyTest.java,DualPivotingStrategyTest.java,DualPivotingStrategyTest,testSort5CIndexing,1,0,void,,true,true,true,true
C:\Users\simon\Documents\Code\thesis-code\commons-numbers-master\commons-numbers-examples\examples-jmh\src\test\java\org\apache\commons\numbers\examples\jmh\arrays\DualPivotingStrategyTest.java,DualPivotingStrategyTest.java,DualPivotingStrategyTest,testSort5of3Indexing,1,0,void,,true,true,true,true
C:\Users\simon\Documents\Code\thesis-code\commons-numbers-master\commons-numbers-examples\examples-jmh\src\test\java\org\apache\commons\numbers\examples\jmh\arrays\DualPivotingStrategyTest.java,DualPivotingStrategyTest.java,DualPivotingStrategyTest,testSort4of3Indexing,1,0,void,,true,true,true,true
C:\Users\simon\Documents\Code\thesis-code\commons-numbers-master\commons-numbers-examples\examples-jmh\src\test\java\org\apache\commons\numbers\examples\jmh\arrays\DualPivotingStrategyTest.java,DualPivotingStrategyTest.java,DualPivotingStrategyTest,testSort3of3Indexing,1,0,void,,true,true,true,true
C:\Users\simon\Documents\Code\thesis-code\commons-numbers-master\commons-numbers-examples\examples-jmh\src\test\java\org\apache\commons\numbers\examples\jmh\arrays\DualPivotingStrategyTest.java,DualPivotingStrategyTest.java,DualPivotingStrategyTest,testSort5of5Indexing,1,0,void,,true,true,true,true
C:\Users\simon\Documents\Code\thesis-code\commons-numbers-master\commons-numbers-examples\examples-jmh\src\test\java\org\apache\commons\numbers\examples\jmh\arrays\DualPivotingStrategyTest.java,DualPivotingStrategyTest.java,DualPivotingStrategyTest,testSort7Indexing,1,0,void,,true,true,true,true
C:\Users\simon\Documents\Code\thesis-code\commons-numbers-master\commons-numbers-examples\examples-jmh\src\test\java\org\apache\commons\numbers\examples\jmh\arrays\DualPivotingStrategyTest.java,DualPivotingStrategyTest.java,DualPivotingStrategyTest,testSort8Indexing,1,0,void,,true,true,true,true
C:\Users\simon\Documents\Code\thesis-code\commons-numbers-master\commons-numbers-examples\examples-jmh\src\test\java\org\apache\commons\numbers\examples\jmh\arrays\DualPivotingStrategyTest.java,DualPivotingStrategyTest.java,DualPivotingStrategyTest,testSort11Indexing,1,0,void,,true,true,true,true
C:\Users\simon\Documents\Code\thesis-code\commons-numbers-master\commons-numbers-examples\examples-jmh\src\test\java\org\apache\commons\numbers\examples\jmh\arrays\DualPivotingStrategyTest.java,DualPivotingStrategyTest.java,DualPivotingStrategyTest,assertIndexing,4,2,void,private; static,false,false,true,true
C:\Users\simon\Documents\Code\thesis-code\commons-numbers-master\commons-numbers-examples\examples-jmh\src\test\java\org\apache\commons\numbers\examples\jmh\arrays\DualPivotingStrategyTest.java,DualPivotingStrategyTest.java,DualPivotingStrategyTest,testMedians,7,0,Stream<double[]>,static,false,true,true,true
C:\Users\simon\Documents\Code\thesis-code\commons-numbers-master\commons-numbers-examples\examples-jmh\src\test\java\org\apache\commons\numbers\examples\jmh\arrays\DualPivotingStrategyTest.java,DualPivotingStrategyTest.java,DualPivotingStrategyTest,testSort5,5,0,Stream<double[]>,static,false,true,true,true
C:\Users\simon\Documents\Code\thesis-code\commons-numbers-master\commons-numbers-examples\examples-jmh\src\test\java\org\apache\commons\numbers\examples\jmh\arrays\DualPivotingStrategyTest.java,DualPivotingStrategyTest.java,DualPivotingStrategyTest,testSort5IsSorted,4,0,Stream<double[]>,static,false,true,true,true
C:\Users\simon\Documents\Code\thesis-code\commons-numbers-master\commons-numbers-examples\examples-jmh\src\test\java\org\apache\commons\numbers\examples\jmh\arrays\DualPivotingStrategyTest.java,DualPivotingStrategyTest.java,DualPivotingStrategyTest,testDistribution,4,3,void,,false,true,true,true
C:\Users\simon\Documents\Code\thesis-code\commons-numbers-master\commons-numbers-examples\examples-jmh\src\test\java\org\apache\commons\numbers\examples\jmh\arrays\DualPivotingStrategyTest.java,DualPivotingStrategyTest.java,DualPivotingStrategyTest,testDistribution,3,0,Stream<Arguments>,static,false,true,true,true
C:\Users\simon\Documents\Code\thesis-code\commons-numbers-master\commons-numbers-examples\examples-jmh\src\test\java\org\apache\commons\numbers\examples\jmh\arrays\DualPivotingStrategyTest.java,DualPivotingStrategyTest.java,DualPivotingStrategyTest,testSampledIndices,3,1,void,,false,true,true,true
C:\Users\simon\Documents\Code\thesis-code\commons-numbers-master\commons-numbers-examples\examples-jmh\src\test\java\org\apache\commons\numbers\examples\jmh\arrays\HashIndexSetTest.java,HashIndexSetTest.java,HashIndexSetTest,testInvalidCapacityThrows,3,0,void,,true,true,true,true
C:\Users\simon\Documents\Code\thesis-code\commons-numbers-master\commons-numbers-examples\examples-jmh\src\test\java\org\apache\commons\numbers\examples\jmh\arrays\HashIndexSetTest.java,HashIndexSetTest.java,HashIndexSetTest,testInvalidIndexThrows,5,0,void,,true,true,true,true
C:\Users\simon\Documents\Code\thesis-code\commons-numbers-master\commons-numbers-examples\examples-jmh\src\test\java\org\apache\commons\numbers\examples\jmh\arrays\HashIndexSetTest.java,HashIndexSetTest.java,HashIndexSetTest,testCapacityExceededThrows,4,1,void,,false,true,true,true
C:\Users\simon\Documents\Code\thesis-code\commons-numbers-master\commons-numbers-examples\examples-jmh\src\test\java\org\apache\commons\numbers\examples\jmh\arrays\HashIndexSetTest.java,HashIndexSetTest.java,HashIndexSetTest,testMemoryFootprint,12,0,void,,true,true,true,true
C:\Users\simon\Documents\Code\thesis-code\commons-numbers-master\commons-numbers-examples\examples-jmh\src\test\java\org\apache\commons\numbers\examples\jmh\arrays\HashIndexSetTest.java,HashIndexSetTest.java,HashIndexSetTest,testAddContains,4,2,void,,false,true,true,true
C:\Users\simon\Documents\Code\thesis-code\commons-numbers-master\commons-numbers-examples\examples-jmh\src\test\java\org\apache\commons\numbers\examples\jmh\arrays\HashIndexSetTest.java,HashIndexSetTest.java,HashIndexSetTest,testToArray,15,2,void,,false,true,true,true
C:\Users\simon\Documents\Code\thesis-code\commons-numbers-master\commons-numbers-examples\examples-jmh\src\test\java\org\apache\commons\numbers\examples\jmh\arrays\HashIndexSetTest.java,HashIndexSetTest.java,HashIndexSetTest,testIndices,10,0,Stream<Arguments>,static,false,true,true,true
C:\Users\simon\Documents\Code\thesis-code\commons-numbers-master\commons-numbers-examples\examples-jmh\src\test\java\org\apache\commons\numbers\examples\jmh\arrays\IndexIteratorTest.java,IndexIteratorTest.java,IndexIteratorTest,testSingleIndex,11,1,void,,false,true,true,true
C:\Users\simon\Documents\Code\thesis-code\commons-numbers-master\commons-numbers-examples\examples-jmh\src\test\java\org\apache\commons\numbers\examples\jmh\arrays\IndexIteratorTest.java,IndexIteratorTest.java,IndexIteratorTest,testSingleInterval,13,2,void,,false,true,true,true
C:\Users\simon\Documents\Code\thesis-code\commons-numbers-master\commons-numbers-examples\examples-jmh\src\test\java\org\apache\commons\numbers\examples\jmh\arrays\IndexIteratorTest.java,IndexIteratorTest.java,IndexIteratorTest,testKeyIndexIteratorInvalidIndicesThrows,3,0,void,,true,true,true,true
C:\Users\simon\Documents\Code\thesis-code\commons-numbers-master\commons-numbers-examples\examples-jmh\src\test\java\org\apache\commons\numbers\examples\jmh\arrays\IndexIteratorTest.java,IndexIteratorTest.java,IndexIteratorTest,assertInvalidIndicesThrows,4,1,void,private; static,false,false,true,true
C:\Users\simon\Documents\Code\thesis-code\commons-numbers-master\commons-numbers-examples\examples-jmh\src\test\java\org\apache\commons\numbers\examples\jmh\arrays\IndexIteratorTest.java,IndexIteratorTest.java,IndexIteratorTest,testKeyIndexIterator,1,1,void,,false,true,true,true
C:\Users\simon\Documents\Code\thesis-code\commons-numbers-master\commons-numbers-examples\examples-jmh\src\test\java\org\apache\commons\numbers\examples\jmh\arrays\IndexIteratorTest.java,IndexIteratorTest.java,IndexIteratorTest,testCompressedIndexIterator1,1,1,void,,false,true,true,true
C:\Users\simon\Documents\Code\thesis-code\commons-numbers-master\commons-numbers-examples\examples-jmh\src\test\java\org\apache\commons\numbers\examples\jmh\arrays\IndexIteratorTest.java,IndexIteratorTest.java,IndexIteratorTest,testCompressedIndexIterator2,1,1,void,,false,true,true,true
C:\Users\simon\Documents\Code\thesis-code\commons-numbers-master\commons-numbers-examples\examples-jmh\src\test\java\org\apache\commons\numbers\examples\jmh\arrays\IndexIteratorTest.java,IndexIteratorTest.java,IndexIteratorTest,testCompressedIndexIterator3,1,1,void,,false,true,true,true
C:\Users\simon\Documents\Code\thesis-code\commons-numbers-master\commons-numbers-examples\examples-jmh\src\test\java\org\apache\commons\numbers\examples\jmh\arrays\IndexIteratorTest.java,IndexIteratorTest.java,IndexIteratorTest,testCompressedIndexIterator5,1,1,void,,false,true,true,true
C:\Users\simon\Documents\Code\thesis-code\commons-numbers-master\commons-numbers-examples\examples-jmh\src\test\java\org\apache\commons\numbers\examples\jmh\arrays\IndexIteratorTest.java,IndexIteratorTest.java,IndexIteratorTest,assertIterator,21,4,void,private; static,false,false,true,true
C:\Users\simon\Documents\Code\thesis-code\commons-numbers-master\commons-numbers-examples\examples-jmh\src\test\java\org\apache\commons\numbers\examples\jmh\arrays\IndexIteratorTest.java,IndexIteratorTest.java,IndexIteratorTest,testIterator,9,0,Stream<int[]>,static,false,true,true,true
C:\Users\simon\Documents\Code\thesis-code\commons-numbers-master\commons-numbers-examples\examples-jmh\src\test\java\org\apache\commons\numbers\examples\jmh\arrays\IndexIteratorTest.java,IndexIteratorTest.java,IndexIteratorTest,createBitSet,4,2,BitSet,private; static,false,false,true,true
C:\Users\simon\Documents\Code\thesis-code\commons-numbers-master\commons-numbers-examples\examples-jmh\src\test\java\org\apache\commons\numbers\examples\jmh\arrays\IndexIteratorTest.java,IndexIteratorTest.java,IndexIteratorTest,testIntervals,4,2,void,,false,true,true,true
C:\Users\simon\Documents\Code\thesis-code\commons-numbers-master\commons-numbers-examples\examples-jmh\src\test\java\org\apache\commons\numbers\examples\jmh\arrays\IndexIteratorTest.java,IndexIteratorTest.java,IndexIteratorTest,testIntervals,10,0,Stream<Arguments>,static,false,true,true,true
C:\Users\simon\Documents\Code\thesis-code\commons-numbers-master\commons-numbers-examples\examples-jmh\src\test\java\org\apache\commons\numbers\examples\jmh\arrays\IndexSetTest.java,IndexSetTest.java,IndexSetTest,testInvalidRangeThrows,4,0,void,,true,true,true,true
C:\Users\simon\Documents\Code\thesis-code\commons-numbers-master\commons-numbers-examples\examples-jmh\src\test\java\org\apache\commons\numbers\examples\jmh\arrays\IndexSetTest.java,IndexSetTest.java,IndexSetTest,testInvalidPivotCacheRangeThrows,14,0,void,,true,true,true,true
C:\Users\simon\Documents\Code\thesis-code\commons-numbers-master\commons-numbers-examples\examples-jmh\src\test\java\org\apache\commons\numbers\examples\jmh\arrays\IndexSetTest.java,IndexSetTest.java,IndexSetTest,testMemoryFootprint,15,0,void,,true,true,true,true
C:\Users\simon\Documents\Code\thesis-code\commons-numbers-master\commons-numbers-examples\examples-jmh\src\test\java\org\apache\commons\numbers\examples\jmh\arrays\IndexSetTest.java,IndexSetTest.java,IndexSetTest,testGetSet,3,2,void,,false,true,true,true
C:\Users\simon\Documents\Code\thesis-code\commons-numbers-master\commons-numbers-examples\examples-jmh\src\test\java\org\apache\commons\numbers\examples\jmh\arrays\IndexSetTest.java,IndexSetTest.java,IndexSetTest,testSetRange1,3,2,void,,false,true,true,true
C:\Users\simon\Documents\Code\thesis-code\commons-numbers-master\commons-numbers-examples\examples-jmh\src\test\java\org\apache\commons\numbers\examples\jmh\arrays\IndexSetTest.java,IndexSetTest.java,IndexSetTest,testSetRange,3,2,void,,false,true,true,true
C:\Users\simon\Documents\Code\thesis-code\commons-numbers-master\commons-numbers-examples\examples-jmh\src\test\java\org\apache\commons\numbers\examples\jmh\arrays\IndexSetTest.java,IndexSetTest.java,IndexSetTest,testPreviousNextSetBit,9,2,void,,false,true,true,true
C:\Users\simon\Documents\Code\thesis-code\commons-numbers-master\commons-numbers-examples\examples-jmh\src\test\java\org\apache\commons\numbers\examples\jmh\arrays\IndexSetTest.java,IndexSetTest.java,IndexSetTest,testPreviousNextClearBit,13,2,void,,false,true,true,true
C:\Users\simon\Documents\Code\thesis-code\commons-numbers-master\commons-numbers-examples\examples-jmh\src\test\java\org\apache\commons\numbers\examples\jmh\arrays\IndexSetTest.java,IndexSetTest.java,IndexSetTest,testForEachToArray,17,2,void,,false,true,true,true
C:\Users\simon\Documents\Code\thesis-code\commons-numbers-master\commons-numbers-examples\examples-jmh\src\test\java\org\apache\commons\numbers\examples\jmh\arrays\IndexSetTest.java,IndexSetTest.java,IndexSetTest,testForEachToArray,6,0,Stream<Arguments>,static,false,true,true,true
C:\Users\simon\Documents\Code\thesis-code\commons-numbers-master\commons-numbers-examples\examples-jmh\src\test\java\org\apache\commons\numbers\examples\jmh\arrays\IndexSetTest.java,IndexSetTest.java,IndexSetTest,testOfIndices,1,1,void,,false,true,true,true
C:\Users\simon\Documents\Code\thesis-code\commons-numbers-master\commons-numbers-examples\examples-jmh\src\test\java\org\apache\commons\numbers\examples\jmh\arrays\IndexSetTest.java,IndexSetTest.java,IndexSetTest,testOfIndicesTruncated,3,1,void,,false,true,true,true
C:\Users\simon\Documents\Code\thesis-code\commons-numbers-master\commons-numbers-examples\examples-jmh\src\test\java\org\apache\commons\numbers\examples\jmh\arrays\IndexSetTest.java,IndexSetTest.java,IndexSetTest,assertOfIndices,9,2,void,private; static,false,false,true,true
C:\Users\simon\Documents\Code\thesis-code\commons-numbers-master\commons-numbers-examples\examples-jmh\src\test\java\org\apache\commons\numbers\examples\jmh\arrays\IndexSetTest.java,IndexSetTest.java,IndexSetTest,testGetSet,9,0,Stream<Arguments>,static,false,true,true,true
C:\Users\simon\Documents\Code\thesis-code\commons-numbers-master\commons-numbers-examples\examples-jmh\src\test\java\org\apache\commons\numbers\examples\jmh\arrays\IndexSetTest.java,IndexSetTest.java,IndexSetTest,createIndexSet,3,1,IndexSet,private; static,false,false,true,true
C:\Users\simon\Documents\Code\thesis-code\commons-numbers-master\commons-numbers-examples\examples-jmh\src\test\java\org\apache\commons\numbers\examples\jmh\arrays\IndexSetTest.java,IndexSetTest.java,IndexSetTest,testCardinalityEmpty,8,0,void,,true,true,true,true
C:\Users\simon\Documents\Code\thesis-code\commons-numbers-master\commons-numbers-examples\examples-jmh\src\test\java\org\apache\commons\numbers\examples\jmh\arrays\IndexSetTest.java,IndexSetTest.java,IndexSetTest,testCardinality,1,1,void,,false,true,true,true
C:\Users\simon\Documents\Code\thesis-code\commons-numbers-master\commons-numbers-examples\examples-jmh\src\test\java\org\apache\commons\numbers\examples\jmh\arrays\IndexSetTest.java,IndexSetTest.java,IndexSetTest,testCardinality2,1,1,void,,false,true,true,true
C:\Users\simon\Documents\Code\thesis-code\commons-numbers-master\commons-numbers-examples\examples-jmh\src\test\java\org\apache\commons\numbers\examples\jmh\arrays\IndexSetTest.java,IndexSetTest.java,IndexSetTest,testCardinality4,1,1,void,,false,true,true,true
C:\Users\simon\Documents\Code\thesis-code\commons-numbers-master\commons-numbers-examples\examples-jmh\src\test\java\org\apache\commons\numbers\examples\jmh\arrays\IndexSetTest.java,IndexSetTest.java,IndexSetTest,testCardinality8,1,1,void,,false,true,true,true
C:\Users\simon\Documents\Code\thesis-code\commons-numbers-master\commons-numbers-examples\examples-jmh\src\test\java\org\apache\commons\numbers\examples\jmh\arrays\IndexSetTest.java,IndexSetTest.java,IndexSetTest,testCardinality16,1,1,void,,false,true,true,true
C:\Users\simon\Documents\Code\thesis-code\commons-numbers-master\commons-numbers-examples\examples-jmh\src\test\java\org\apache\commons\numbers\examples\jmh\arrays\IndexSetTest.java,IndexSetTest.java,IndexSetTest,testCardinality32,1,1,void,,false,true,true,true
C:\Users\simon\Documents\Code\thesis-code\commons-numbers-master\commons-numbers-examples\examples-jmh\src\test\java\org\apache\commons\numbers\examples\jmh\arrays\IndexSetTest.java,IndexSetTest.java,IndexSetTest,testCardinality64,1,1,void,,false,true,true,true
C:\Users\simon\Documents\Code\thesis-code\commons-numbers-master\commons-numbers-examples\examples-jmh\src\test\java\org\apache\commons\numbers\examples\jmh\arrays\IndexSetTest.java,IndexSetTest.java,IndexSetTest,compressedCardinality,5,2,int,private; static,false,false,true,true
C:\Users\simon\Documents\Code\thesis-code\commons-numbers-master\commons-numbers-examples\examples-jmh\src\test\java\org\apache\commons\numbers\examples\jmh\arrays\IndexSetTest.java,IndexSetTest.java,IndexSetTest,testCardinality,6,0,Stream<int[]>,static,false,true,true,true
C:\Users\simon\Documents\Code\thesis-code\commons-numbers-master\commons-numbers-examples\examples-jmh\src\test\java\org\apache\commons\numbers\examples\jmh\arrays\KthSelectorTest.java,KthSelectorTest.java,KthSelectorTest,testPartitionMin,6,3,void,,false,true,true,true
C:\Users\simon\Documents\Code\thesis-code\commons-numbers-master\commons-numbers-examples\examples-jmh\src\test\java\org\apache\commons\numbers\examples\jmh\arrays\KthSelectorTest.java,KthSelectorTest.java,KthSelectorTest,testPartitionMin,4,0,Stream<Arguments>,static,false,true,true,true
C:\Users\simon\Documents\Code\thesis-code\commons-numbers-master\commons-numbers-examples\examples-jmh\src\test\java\org\apache\commons\numbers\examples\jmh\arrays\KthSelectorTest.java,KthSelectorTest.java,KthSelectorTest,testPartitionMax,6,3,void,,false,true,true,true
C:\Users\simon\Documents\Code\thesis-code\commons-numbers-master\commons-numbers-examples\examples-jmh\src\test\java\org\apache\commons\numbers\examples\jmh\arrays\KthSelectorTest.java,KthSelectorTest.java,KthSelectorTest,testPartitionMax,4,0,Stream<Arguments>,static,false,true,true,true
C:\Users\simon\Documents\Code\thesis-code\commons-numbers-master\commons-numbers-examples\examples-jmh\src\test\java\org\apache\commons\numbers\examples\jmh\arrays\KthSelectorTest.java,KthSelectorTest.java,KthSelectorTest,testSelect,5,1,void,,false,true,true,true
C:\Users\simon\Documents\Code\thesis-code\commons-numbers-master\commons-numbers-examples\examples-jmh\src\test\java\org\apache\commons\numbers\examples\jmh\arrays\KthSelectorTest.java,KthSelectorTest.java,KthSelectorTest,testSelectSPN,5,1,void,,false,true,true,true
C:\Users\simon\Documents\Code\thesis-code\commons-numbers-master\commons-numbers-examples\examples-jmh\src\test\java\org\apache\commons\numbers\examples\jmh\arrays\KthSelectorTest.java,KthSelectorTest.java,KthSelectorTest,testSelectSPWithHeap,7,1,void,,false,true,true,true
C:\Users\simon\Documents\Code\thesis-code\commons-numbers-master\commons-numbers-examples\examples-jmh\src\test\java\org\apache\commons\numbers\examples\jmh\arrays\KthSelectorTest.java,KthSelectorTest.java,KthSelectorTest,testSelect,4,0,Stream<double[]>,static,false,true,true,true
C:\Users\simon\Documents\Code\thesis-code\commons-numbers-master\commons-numbers-examples\examples-jmh\src\test\java\org\apache\commons\numbers\examples\jmh\arrays\KthSelectorTest.java,KthSelectorTest.java,KthSelectorTest,testPartitionSP,1,2,void,,false,true,true,true
C:\Users\simon\Documents\Code\thesis-code\commons-numbers-master\commons-numbers-examples\examples-jmh\src\test\java\org\apache\commons\numbers\examples\jmh\arrays\KthSelectorTest.java,KthSelectorTest.java,KthSelectorTest,testPartitionSPN,1,2,void,,false,true,true,true
C:\Users\simon\Documents\Code\thesis-code\commons-numbers-master\commons-numbers-examples\examples-jmh\src\test\java\org\apache\commons\numbers\examples\jmh\arrays\KthSelectorTest.java,KthSelectorTest.java,KthSelectorTest,testPartitionSBM,1,2,void,,false,true,true,true
C:\Users\simon\Documents\Code\thesis-code\commons-numbers-master\commons-numbers-examples\examples-jmh\src\test\java\org\apache\commons\numbers\examples\jmh\arrays\KthSelectorTest.java,KthSelectorTest.java,KthSelectorTest,testPartitionBM,1,2,void,,false,true,true,true
C:\Users\simon\Documents\Code\thesis-code\commons-numbers-master\commons-numbers-examples\examples-jmh\src\test\java\org\apache\commons\numbers\examples\jmh\arrays\KthSelectorTest.java,KthSelectorTest.java,KthSelectorTest,testPartitionDP,1,2,void,,false,true,true,true
C:\Users\simon\Documents\Code\thesis-code\commons-numbers-master\commons-numbers-examples\examples-jmh\src\test\java\org\apache\commons\numbers\examples\jmh\arrays\KthSelectorTest.java,KthSelectorTest.java,KthSelectorTest,testPartitionDP5,1,2,void,,false,true,true,true
C:\Users\simon\Documents\Code\thesis-code\commons-numbers-master\commons-numbers-examples\examples-jmh\src\test\java\org\apache\commons\numbers\examples\jmh\arrays\KthSelectorTest.java,KthSelectorTest.java,KthSelectorTest,assertPartition,14,3,void,static,false,false,true,true
C:\Users\simon\Documents\Code\thesis-code\commons-numbers-master\commons-numbers-examples\examples-jmh\src\test\java\org\apache\commons\numbers\examples\jmh\arrays\KthSelectorTest.java,KthSelectorTest.java,KthSelectorTest,testPartition,10,0,Stream<Arguments>,static,false,true,true,true
C:\Users\simon\Documents\Code\thesis-code\commons-numbers-master\commons-numbers-examples\examples-jmh\src\test\java\org\apache\commons\numbers\examples\jmh\arrays\KthSelectorTest.java,KthSelectorTest.java,KthSelectorTest,testSortSP,1,1,void,,false,true,true,true
C:\Users\simon\Documents\Code\thesis-code\commons-numbers-master\commons-numbers-examples\examples-jmh\src\test\java\org\apache\commons\numbers\examples\jmh\arrays\KthSelectorTest.java,KthSelectorTest.java,KthSelectorTest,testSortBM,1,1,void,,false,true,true,true
C:\Users\simon\Documents\Code\thesis-code\commons-numbers-master\commons-numbers-examples\examples-jmh\src\test\java\org\apache\commons\numbers\examples\jmh\arrays\KthSelectorTest.java,KthSelectorTest.java,KthSelectorTest,testSortSBM,1,1,void,,false,true,true,true
C:\Users\simon\Documents\Code\thesis-code\commons-numbers-master\commons-numbers-examples\examples-jmh\src\test\java\org\apache\commons\numbers\examples\jmh\arrays\KthSelectorTest.java,KthSelectorTest.java,KthSelectorTest,testSortDP,1,1,void,,false,true,true,true
C:\Users\simon\Documents\Code\thesis-code\commons-numbers-master\commons-numbers-examples\examples-jmh\src\test\java\org\apache\commons\numbers\examples\jmh\arrays\KthSelectorTest.java,KthSelectorTest.java,KthSelectorTest,testSortDP5,1,1,void,,false,true,true,true
C:\Users\simon\Documents\Code\thesis-code\commons-numbers-master\commons-numbers-examples\examples-jmh\src\test\java\org\apache\commons\numbers\examples\jmh\arrays\KthSelectorTest.java,KthSelectorTest.java,KthSelectorTest,testSortZero,4,0,void,,true,true,true,true
C:\Users\simon\Documents\Code\thesis-code\commons-numbers-master\commons-numbers-examples\examples-jmh\src\test\java\org\apache\commons\numbers\examples\jmh\arrays\KthSelectorTest.java,KthSelectorTest.java,KthSelectorTest,assertSort,5,2,void,private; static,false,false,true,true
C:\Users\simon\Documents\Code\thesis-code\commons-numbers-master\commons-numbers-examples\examples-jmh\src\test\java\org\apache\commons\numbers\examples\jmh\arrays\KthSelectorTest.java,KthSelectorTest.java,KthSelectorTest,testSort,10,0,Stream<double[]>,static,false,true,true,true
C:\Users\simon\Documents\Code\thesis-code\commons-numbers-master\commons-numbers-examples\examples-jmh\src\test\java\org\apache\commons\numbers\examples\jmh\arrays\PartitionFactoryTest.java,PartitionFactoryTest.java,PartitionFactoryTest,testGetMinQuickSelectSize,1,0,void,,true,true,true,true
C:\Users\simon\Documents\Code\thesis-code\commons-numbers-master\commons-numbers-examples\examples-jmh\src\test\java\org\apache\commons\numbers\examples\jmh\arrays\PartitionFactoryTest.java,PartitionFactoryTest.java,PartitionFactoryTest,testGetEdgeSelectConstant,1,0,void,,true,true,true,true
C:\Users\simon\Documents\Code\thesis-code\commons-numbers-master\commons-numbers-examples\examples-jmh\src\test\java\org\apache\commons\numbers\examples\jmh\arrays\PartitionFactoryTest.java,PartitionFactoryTest.java,PartitionFactoryTest,testGetLinearSortSelectConstant,1,0,void,,true,true,true,true
C:\Users\simon\Documents\Code\thesis-code\commons-numbers-master\commons-numbers-examples\examples-jmh\src\test\java\org\apache\commons\numbers\examples\jmh\arrays\PartitionFactoryTest.java,PartitionFactoryTest.java,PartitionFactoryTest,testGetSubSamplingSize,1,0,void,,true,true,true,true
C:\Users\simon\Documents\Code\thesis-code\commons-numbers-master\commons-numbers-examples\examples-jmh\src\test\java\org\apache\commons\numbers\examples\jmh\arrays\PartitionFactoryTest.java,PartitionFactoryTest.java,PartitionFactoryTest,testGetRecursionMultiple,1,0,void,,true,true,true,true
C:\Users\simon\Documents\Code\thesis-code\commons-numbers-master\commons-numbers-examples\examples-jmh\src\test\java\org\apache\commons\numbers\examples\jmh\arrays\PartitionFactoryTest.java,PartitionFactoryTest.java,PartitionFactoryTest,testGetRecursionConstant,1,0,void,,true,true,true,true
C:\Users\simon\Documents\Code\thesis-code\commons-numbers-master\commons-numbers-examples\examples-jmh\src\test\java\org\apache\commons\numbers\examples\jmh\arrays\PartitionFactoryTest.java,PartitionFactoryTest.java,PartitionFactoryTest,testGetCompressionLevel,1,0,void,,true,true,true,true
C:\Users\simon\Documents\Code\thesis-code\commons-numbers-master\commons-numbers-examples\examples-jmh\src\test\java\org\apache\commons\numbers\examples\jmh\arrays\PartitionFactoryTest.java,PartitionFactoryTest.java,PartitionFactoryTest,testGetControlFlags,4,0,void,,true,true,true,true
C:\Users\simon\Documents\Code\thesis-code\commons-numbers-master\commons-numbers-examples\examples-jmh\src\test\java\org\apache\commons\numbers\examples\jmh\arrays\PartitionFactoryTest.java,PartitionFactoryTest.java,PartitionFactoryTest,testGetOptionFlags,4,0,void,,true,true,true,true
C:\Users\simon\Documents\Code\thesis-code\commons-numbers-master\commons-numbers-examples\examples-jmh\src\test\java\org\apache\commons\numbers\examples\jmh\arrays\PartitionFactoryTest.java,PartitionFactoryTest.java,PartitionFactoryTest,testGetPivotingStrategy,1,0,void,,true,true,true,true
C:\Users\simon\Documents\Code\thesis-code\commons-numbers-master\commons-numbers-examples\examples-jmh\src\test\java\org\apache\commons\numbers\examples\jmh\arrays\PartitionFactoryTest.java,PartitionFactoryTest.java,PartitionFactoryTest,testGetDualPivotingStrategy,1,0,void,,true,true,true,true
C:\Users\simon\Documents\Code\thesis-code\commons-numbers-master\commons-numbers-examples\examples-jmh\src\test\java\org\apache\commons\numbers\examples\jmh\arrays\PartitionFactoryTest.java,PartitionFactoryTest.java,PartitionFactoryTest,testGetKeyStrategy,1,0,void,,true,true,true,true
C:\Users\simon\Documents\Code\thesis-code\commons-numbers-master\commons-numbers-examples\examples-jmh\src\test\java\org\apache\commons\numbers\examples\jmh\arrays\PartitionFactoryTest.java,PartitionFactoryTest.java,PartitionFactoryTest,testGetPairedKeyStrategy,1,0,void,,true,true,true,true
C:\Users\simon\Documents\Code\thesis-code\commons-numbers-master\commons-numbers-examples\examples-jmh\src\test\java\org\apache\commons\numbers\examples\jmh\arrays\PartitionFactoryTest.java,PartitionFactoryTest.java,PartitionFactoryTest,testGetSPStrategy,1,0,void,,true,true,true,true
C:\Users\simon\Documents\Code\thesis-code\commons-numbers-master\commons-numbers-examples\examples-jmh\src\test\java\org\apache\commons\numbers\examples\jmh\arrays\PartitionFactoryTest.java,PartitionFactoryTest.java,PartitionFactoryTest,testGetAdaptMode,1,0,void,,true,true,true,true
C:\Users\simon\Documents\Code\thesis-code\commons-numbers-master\commons-numbers-examples\examples-jmh\src\test\java\org\apache\commons\numbers\examples\jmh\arrays\PartitionFactoryTest.java,PartitionFactoryTest.java,PartitionFactoryTest,testInvalidPrefix,1,0,void,,true,true,true,true
C:\Users\simon\Documents\Code\thesis-code\commons-numbers-master\commons-numbers-examples\examples-jmh\src\test\java\org\apache\commons\numbers\examples\jmh\arrays\PartitionFactoryTest.java,PartitionFactoryTest.java,PartitionFactoryTest,assertIntParameter,16,3,void,private; static,false,false,true,true
C:\Users\simon\Documents\Code\thesis-code\commons-numbers-master\commons-numbers-examples\examples-jmh\src\test\java\org\apache\commons\numbers\examples\jmh\arrays\PartitionFactoryTest.java,PartitionFactoryTest.java,PartitionFactoryTest,assertDoubleParameter,15,3,void,private; static,false,false,true,true
C:\Users\simon\Documents\Code\thesis-code\commons-numbers-master\commons-numbers-examples\examples-jmh\src\test\java\org\apache\commons\numbers\examples\jmh\arrays\PartitionFactoryTest.java,PartitionFactoryTest.java,PartitionFactoryTest,assertEnumParameter,4,2,void,private; static,false,false,true,true
C:\Users\simon\Documents\Code\thesis-code\commons-numbers-master\commons-numbers-examples\examples-jmh\src\test\java\org\apache\commons\numbers\examples\jmh\arrays\PartitionTest.java,PartitionTest.java,DoublePartitionFunction2,partition,0,5,void,,false,false,true,false
C:\Users\simon\Documents\Code\thesis-code\commons-numbers-master\commons-numbers-examples\examples-jmh\src\test\java\org\apache\commons\numbers\examples\jmh\arrays\PartitionTest.java,PartitionTest.java,DoublePartitionFunction2,partition,0,3,void,,false,false,true,false
C:\Users\simon\Documents\Code\thesis-code\commons-numbers-master\commons-numbers-examples\examples-jmh\src\test\java\org\apache\commons\numbers\examples\jmh\arrays\PartitionTest.java,PartitionTest.java,DoublePartitionFunction2,partition,0,2,void,,false,false,true,false
C:\Users\simon\Documents\Code\thesis-code\commons-numbers-master\commons-numbers-examples\examples-jmh\src\test\java\org\apache\commons\numbers\examples\jmh\arrays\PartitionTest.java,PartitionTest.java,DoublePartitionFunction2,testSortNaN,7,1,void,,false,true,true,false
C:\Users\simon\Documents\Code\thesis-code\commons-numbers-master\commons-numbers-examples\examples-jmh\src\test\java\org\apache\commons\numbers\examples\jmh\arrays\PartitionTest.java,PartitionTest.java,DoublePartitionFunction2,testSortNaN,10,0,Stream<double[]>,static,false,true,true,false
C:\Users\simon\Documents\Code\thesis-code\commons-numbers-master\commons-numbers-examples\examples-jmh\src\test\java\org\apache\commons\numbers\examples\jmh\arrays\PartitionTest.java,PartitionTest.java,DoublePartitionFunction2,testSelectMin,1,3,void,,false,true,true,false
C:\Users\simon\Documents\Code\thesis-code\commons-numbers-master\commons-numbers-examples\examples-jmh\src\test\java\org\apache\commons\numbers\examples\jmh\arrays\PartitionTest.java,PartitionTest.java,DoublePartitionFunction2,testSelectMax,1,3,void,,false,true,true,false
C:\Users\simon\Documents\Code\thesis-code\commons-numbers-master\commons-numbers-examples\examples-jmh\src\test\java\org\apache\commons\numbers\examples\jmh\arrays\PartitionTest.java,PartitionTest.java,DoublePartitionFunction2,testSelectMinMax,14,0,Stream<Arguments>,static,false,true,true,false
C:\Users\simon\Documents\Code\thesis-code\commons-numbers-master\commons-numbers-examples\examples-jmh\src\test\java\org\apache\commons\numbers\examples\jmh\arrays\PartitionTest.java,PartitionTest.java,DoublePartitionFunction2,testSelectMin2IgnoreZeros,1,3,void,,false,true,true,false
C:\Users\simon\Documents\Code\thesis-code\commons-numbers-master\commons-numbers-examples\examples-jmh\src\test\java\org\apache\commons\numbers\examples\jmh\arrays\PartitionTest.java,PartitionTest.java,DoublePartitionFunction2,testSelectMax2IgnoreZeros,1,3,void,,false,true,true,false
C:\Users\simon\Documents\Code\thesis-code\commons-numbers-master\commons-numbers-examples\examples-jmh\src\test\java\org\apache\commons\numbers\examples\jmh\arrays\PartitionTest.java,PartitionTest.java,DoublePartitionFunction2,testSelectMinMax2,19,0,Stream<Arguments>,static,false,true,true,false
C:\Users\simon\Documents\Code\thesis-code\commons-numbers-master\commons-numbers-examples\examples-jmh\src\test\java\org\apache\commons\numbers\examples\jmh\arrays\PartitionTest.java,PartitionTest.java,DoublePartitionFunction2,testHeapSelectLeft,5,3,void,,false,true,true,false
C:\Users\simon\Documents\Code\thesis-code\commons-numbers-master\commons-numbers-examples\examples-jmh\src\test\java\org\apache\commons\numbers\examples\jmh\arrays\PartitionTest.java,PartitionTest.java,DoublePartitionFunction2,testHeapSelectRight,5,3,void,,false,true,true,false
C:\Users\simon\Documents\Code\thesis-code\commons-numbers-master\commons-numbers-examples\examples-jmh\src\test\java\org\apache\commons\numbers\examples\jmh\arrays\PartitionTest.java,PartitionTest.java,DoublePartitionFunction2,testHeapSelect,10,0,Stream<Arguments>,static,false,true,true,false
C:\Users\simon\Documents\Code\thesis-code\commons-numbers-master\commons-numbers-examples\examples-jmh\src\test\java\org\apache\commons\numbers\examples\jmh\arrays\PartitionTest.java,PartitionTest.java,DoublePartitionFunction2,testHeapSelectLeft2,5,3,void,,false,true,true,false
C:\Users\simon\Documents\Code\thesis-code\commons-numbers-master\commons-numbers-examples\examples-jmh\src\test\java\org\apache\commons\numbers\examples\jmh\arrays\PartitionTest.java,PartitionTest.java,DoublePartitionFunction2,testHeapSelectRight2,5,3,void,,false,true,true,false
C:\Users\simon\Documents\Code\thesis-code\commons-numbers-master\commons-numbers-examples\examples-jmh\src\test\java\org\apache\commons\numbers\examples\jmh\arrays\PartitionTest.java,PartitionTest.java,DoublePartitionFunction2,testHeapSelectPair,6,5,void,,false,true,true,false
C:\Users\simon\Documents\Code\thesis-code\commons-numbers-master\commons-numbers-examples\examples-jmh\src\test\java\org\apache\commons\numbers\examples\jmh\arrays\PartitionTest.java,PartitionTest.java,DoublePartitionFunction2,testHeapSelectPair,7,0,Stream<Arguments>,static,false,true,true,false
C:\Users\simon\Documents\Code\thesis-code\commons-numbers-master\commons-numbers-examples\examples-jmh\src\test\java\org\apache\commons\numbers\examples\jmh\arrays\PartitionTest.java,PartitionTest.java,DoublePartitionFunction2,testHeapSelectRange,1,5,void,,false,true,true,false
C:\Users\simon\Documents\Code\thesis-code\commons-numbers-master\commons-numbers-examples\examples-jmh\src\test\java\org\apache\commons\numbers\examples\jmh\arrays\PartitionTest.java,PartitionTest.java,DoublePartitionFunction2,testHeapSelectRange2,1,5,void,,false,true,true,false
C:\Users\simon\Documents\Code\thesis-code\commons-numbers-master\commons-numbers-examples\examples-jmh\src\test\java\org\apache\commons\numbers\examples\jmh\arrays\PartitionTest.java,PartitionTest.java,DoublePartitionFunction2,testHeapSelectRange,8,0,Stream<Arguments>,static,false,true,true,false
C:\Users\simon\Documents\Code\thesis-code\commons-numbers-master\commons-numbers-examples\examples-jmh\src\test\java\org\apache\commons\numbers\examples\jmh\arrays\PartitionTest.java,PartitionTest.java,DoublePartitionFunction2,testSortSelectLeft,5,3,void,,false,true,true,false
C:\Users\simon\Documents\Code\thesis-code\commons-numbers-master\commons-numbers-examples\examples-jmh\src\test\java\org\apache\commons\numbers\examples\jmh\arrays\PartitionTest.java,PartitionTest.java,DoublePartitionFunction2,testSortSelectRight,5,3,void,,false,true,true,false
C:\Users\simon\Documents\Code\thesis-code\commons-numbers-master\commons-numbers-examples\examples-jmh\src\test\java\org\apache\commons\numbers\examples\jmh\arrays\PartitionTest.java,PartitionTest.java,DoublePartitionFunction2,testSortSelectRange,1,5,void,,false,true,true,false
C:\Users\simon\Documents\Code\thesis-code\commons-numbers-master\commons-numbers-examples\examples-jmh\src\test\java\org\apache\commons\numbers\examples\jmh\arrays\PartitionTest.java,PartitionTest.java,DoublePartitionFunction2,testSortSelectRange2,1,5,void,,false,true,true,false
C:\Users\simon\Documents\Code\thesis-code\commons-numbers-master\commons-numbers-examples\examples-jmh\src\test\java\org\apache\commons\numbers\examples\jmh\arrays\PartitionTest.java,PartitionTest.java,DoublePartitionFunction2,sort,3,1,double[],private; static,false,false,true,false
C:\Users\simon\Documents\Code\thesis-code\commons-numbers-master\commons-numbers-examples\examples-jmh\src\test\java\org\apache\commons\numbers\examples\jmh\arrays\PartitionTest.java,PartitionTest.java,DoublePartitionFunction2,sort,3,3,double[],private; static,false,false,true,false
C:\Users\simon\Documents\Code\thesis-code\commons-numbers-master\commons-numbers-examples\examples-jmh\src\test\java\org\apache\commons\numbers\examples\jmh\arrays\PartitionTest.java,PartitionTest.java,DoublePartitionFunction2,assertPartitionRange,7,7,void,private; static,false,false,true,false
C:\Users\simon\Documents\Code\thesis-code\commons-numbers-master\commons-numbers-examples\examples-jmh\src\test\java\org\apache\commons\numbers\examples\jmh\arrays\PartitionTest.java,PartitionTest.java,DoublePartitionFunction2,testFloorLog2,4,0,void,,true,true,true,false
C:\Users\simon\Documents\Code\thesis-code\commons-numbers-master\commons-numbers-examples\examples-jmh\src\test\java\org\apache\commons\numbers\examples\jmh\arrays\PartitionTest.java,PartitionTest.java,DoublePartitionFunction2,testLog3,12,0,void,,true,true,true,false
C:\Users\simon\Documents\Code\thesis-code\commons-numbers-master\commons-numbers-examples\examples-jmh\src\test\java\org\apache\commons\numbers\examples\jmh\arrays\PartitionTest.java,PartitionTest.java,DoublePartitionFunction2,testPartitionSBMIndexSet,1,2,void,,false,true,true,false
C:\Users\simon\Documents\Code\thesis-code\commons-numbers-master\commons-numbers-examples\examples-jmh\src\test\java\org\apache\commons\numbers\examples\jmh\arrays\PartitionTest.java,PartitionTest.java,DoublePartitionFunction2,testPartitionSBMPivotCache,1,2,void,,false,true,true,false
C:\Users\simon\Documents\Code\thesis-code\commons-numbers-master\commons-numbers-examples\examples-jmh\src\test\java\org\apache\commons\numbers\examples\jmh\arrays\PartitionTest.java,PartitionTest.java,DoublePartitionFunction2,testPartitionSBMSequential,1,2,void,,false,true,true,false
C:\Users\simon\Documents\Code\thesis-code\commons-numbers-master\commons-numbers-examples\examples-jmh\src\test\java\org\apache\commons\numbers\examples\jmh\arrays\PartitionTest.java,PartitionTest.java,DoublePartitionFunction2,testPartitionISP,1,2,void,,false,true,true,false
C:\Users\simon\Documents\Code\thesis-code\commons-numbers-master\commons-numbers-examples\examples-jmh\src\test\java\org\apache\commons\numbers\examples\jmh\arrays\PartitionTest.java,PartitionTest.java,DoublePartitionFunction2,testPartitionIBM,1,2,void,,false,true,true,false
C:\Users\simon\Documents\Code\thesis-code\commons-numbers-master\commons-numbers-examples\examples-jmh\src\test\java\org\apache\commons\numbers\examples\jmh\arrays\PartitionTest.java,PartitionTest.java,DoublePartitionFunction2,testPartitionISBM,1,2,void,,false,true,true,false
C:\Users\simon\Documents\Code\thesis-code\commons-numbers-master\commons-numbers-examples\examples-jmh\src\test\java\org\apache\commons\numbers\examples\jmh\arrays\PartitionTest.java,PartitionTest.java,DoublePartitionFunction2,testPartitionISBMScanningKey,1,2,void,,false,true,true,false
C:\Users\simon\Documents\Code\thesis-code\commons-numbers-master\commons-numbers-examples\examples-jmh\src\test\java\org\apache\commons\numbers\examples\jmh\arrays\PartitionTest.java,PartitionTest.java,DoublePartitionFunction2,testPartitionISBMSearchKey,1,2,void,,false,true,true,false
C:\Users\simon\Documents\Code\thesis-code\commons-numbers-master\commons-numbers-examples\examples-jmh\src\test\java\org\apache\commons\numbers\examples\jmh\arrays\PartitionTest.java,PartitionTest.java,DoublePartitionFunction2,testPartitionISBMIndexSet,1,2,void,,false,true,true,false
C:\Users\simon\Documents\Code\thesis-code\commons-numbers-master\commons-numbers-examples\examples-jmh\src\test\java\org\apache\commons\numbers\examples\jmh\arrays\PartitionTest.java,PartitionTest.java,DoublePartitionFunction2,testPartitionISBMKeyUpdating,1,2,void,,false,true,true,false
C:\Users\simon\Documents\Code\thesis-code\commons-numbers-master\commons-numbers-examples\examples-jmh\src\test\java\org\apache\commons\numbers\examples\jmh\arrays\PartitionTest.java,PartitionTest.java,DoublePartitionFunction2,testPartitionISBMIndexSetUpdating,1,2,void,,false,true,true,false
C:\Users\simon\Documents\Code\thesis-code\commons-numbers-master\commons-numbers-examples\examples-jmh\src\test\java\org\apache\commons\numbers\examples\jmh\arrays\PartitionTest.java,PartitionTest.java,DoublePartitionFunction2,testPartitionISBMKeySplitting,1,2,void,,false,true,true,false
C:\Users\simon\Documents\Code\thesis-code\commons-numbers-master\commons-numbers-examples\examples-jmh\src\test\java\org\apache\commons\numbers\examples\jmh\arrays\PartitionTest.java,PartitionTest.java,DoublePartitionFunction2,testPartitionISBMIndexSetSplitting,1,2,void,,false,true,true,false
C:\Users\simon\Documents\Code\thesis-code\commons-numbers-master\commons-numbers-examples\examples-jmh\src\test\java\org\apache\commons\numbers\examples\jmh\arrays\PartitionTest.java,PartitionTest.java,DoublePartitionFunction2,testPartitionISBMCompressedIndexSet,1,2,void,,false,true,true,false
C:\Users\simon\Documents\Code\thesis-code\commons-numbers-master\commons-numbers-examples\examples-jmh\src\test\java\org\apache\commons\numbers\examples\jmh\arrays\PartitionTest.java,PartitionTest.java,DoublePartitionFunction2,testPartitionISBMCompressedIndexSet2,1,2,void,,false,true,true,false
C:\Users\simon\Documents\Code\thesis-code\commons-numbers-master\commons-numbers-examples\examples-jmh\src\test\java\org\apache\commons\numbers\examples\jmh\arrays\PartitionTest.java,PartitionTest.java,DoublePartitionFunction2,testPartitionISBMIndexIterator,1,2,void,,false,true,true,false
C:\Users\simon\Documents\Code\thesis-code\commons-numbers-master\commons-numbers-examples\examples-jmh\src\test\java\org\apache\commons\numbers\examples\jmh\arrays\PartitionTest.java,PartitionTest.java,DoublePartitionFunction2,testPartitionISBMCompressedIndexIterator,1,2,void,,false,true,true,false
C:\Users\simon\Documents\Code\thesis-code\commons-numbers-master\commons-numbers-examples\examples-jmh\src\test\java\org\apache\commons\numbers\examples\jmh\arrays\PartitionTest.java,PartitionTest.java,DoublePartitionFunction2,testPartitionISBMCompressedIndexIterator4,1,2,void,,false,true,true,false
C:\Users\simon\Documents\Code\thesis-code\commons-numbers-master\commons-numbers-examples\examples-jmh\src\test\java\org\apache\commons\numbers\examples\jmh\arrays\PartitionTest.java,PartitionTest.java,DoublePartitionFunction2,testPartitionIKBM,1,2,void,,false,true,true,false
C:\Users\simon\Documents\Code\thesis-code\commons-numbers-master\commons-numbers-examples\examples-jmh\src\test\java\org\apache\commons\numbers\examples\jmh\arrays\PartitionTest.java,PartitionTest.java,DoublePartitionFunction2,testPartitionIDNF1,1,2,void,,false,true,true,false
C:\Users\simon\Documents\Code\thesis-code\commons-numbers-master\commons-numbers-examples\examples-jmh\src\test\java\org\apache\commons\numbers\examples\jmh\arrays\PartitionTest.java,PartitionTest.java,DoublePartitionFunction2,testPartitionIDPScanningKey,1,2,void,,false,true,true,false
C:\Users\simon\Documents\Code\thesis-code\commons-numbers-master\commons-numbers-examples\examples-jmh\src\test\java\org\apache\commons\numbers\examples\jmh\arrays\PartitionTest.java,PartitionTest.java,DoublePartitionFunction2,testPartitionIDPSearchKey,1,2,void,,false,true,true,false
C:\Users\simon\Documents\Code\thesis-code\commons-numbers-master\commons-numbers-examples\examples-jmh\src\test\java\org\apache\commons\numbers\examples\jmh\arrays\PartitionTest.java,PartitionTest.java,DoublePartitionFunction2,testPartitionIDPIndexSet,1,2,void,,false,true,true,false
C:\Users\simon\Documents\Code\thesis-code\commons-numbers-master\commons-numbers-examples\examples-jmh\src\test\java\org\apache\commons\numbers\examples\jmh\arrays\PartitionTest.java,PartitionTest.java,DoublePartitionFunction2,testPartitionIDPKeyUpdating,1,2,void,,false,true,true,false
C:\Users\simon\Documents\Code\thesis-code\commons-numbers-master\commons-numbers-examples\examples-jmh\src\test\java\org\apache\commons\numbers\examples\jmh\arrays\PartitionTest.java,PartitionTest.java,DoublePartitionFunction2,testPartitionIDPIndexSetUpdating,1,2,void,,false,true,true,false
C:\Users\simon\Documents\Code\thesis-code\commons-numbers-master\commons-numbers-examples\examples-jmh\src\test\java\org\apache\commons\numbers\examples\jmh\arrays\PartitionTest.java,PartitionTest.java,DoublePartitionFunction2,testPartitionIDPKeySplitting,1,2,void,,false,true,true,false
C:\Users\simon\Documents\Code\thesis-code\commons-numbers-master\commons-numbers-examples\examples-jmh\src\test\java\org\apache\commons\numbers\examples\jmh\arrays\PartitionTest.java,PartitionTest.java,DoublePartitionFunction2,testPartitionIDPIndexSetSplitting,1,2,void,,false,true,true,false
C:\Users\simon\Documents\Code\thesis-code\commons-numbers-master\commons-numbers-examples\examples-jmh\src\test\java\org\apache\commons\numbers\examples\jmh\arrays\PartitionTest.java,PartitionTest.java,DoublePartitionFunction2,testPartitionIDPCompressedIndexSet,1,2,void,,false,true,true,false
C:\Users\simon\Documents\Code\thesis-code\commons-numbers-master\commons-numbers-examples\examples-jmh\src\test\java\org\apache\commons\numbers\examples\jmh\arrays\PartitionTest.java,PartitionTest.java,DoublePartitionFunction2,testPartitionIDPCompressedIndexSet2,1,2,void,,false,true,true,false
C:\Users\simon\Documents\Code\thesis-code\commons-numbers-master\commons-numbers-examples\examples-jmh\src\test\java\org\apache\commons\numbers\examples\jmh\arrays\PartitionTest.java,PartitionTest.java,DoublePartitionFunction2,testPartitionIDPIndexIterator,1,2,void,,false,true,true,false
C:\Users\simon\Documents\Code\thesis-code\commons-numbers-master\commons-numbers-examples\examples-jmh\src\test\java\org\apache\commons\numbers\examples\jmh\arrays\PartitionTest.java,PartitionTest.java,DoublePartitionFunction2,testPartitionIDPCompressedIndexIterator,1,2,void,,false,true,true,false
C:\Users\simon\Documents\Code\thesis-code\commons-numbers-master\commons-numbers-examples\examples-jmh\src\test\java\org\apache\commons\numbers\examples\jmh\arrays\PartitionTest.java,PartitionTest.java,DoublePartitionFunction2,testPartitionFR,2,2,void,,false,true,true,false
C:\Users\simon\Documents\Code\thesis-code\commons-numbers-master\commons-numbers-examples\examples-jmh\src\test\java\org\apache\commons\numbers\examples\jmh\arrays\PartitionTest.java,PartitionTest.java,DoublePartitionFunction2,testPartitionFRPivotingStrategy,2,2,void,,false,true,true,false
C:\Users\simon\Documents\Code\thesis-code\commons-numbers-master\commons-numbers-examples\examples-jmh\src\test\java\org\apache\commons\numbers\examples\jmh\arrays\PartitionTest.java,PartitionTest.java,DoublePartitionFunction2,testPartitionFRRandomSampling,2,2,void,,false,true,true,false
C:\Users\simon\Documents\Code\thesis-code\commons-numbers-master\commons-numbers-examples\examples-jmh\src\test\java\org\apache\commons\numbers\examples\jmh\arrays\PartitionTest.java,PartitionTest.java,DoublePartitionFunction2,testPartitionFRMoveSample,2,2,void,,false,true,true,false
C:\Users\simon\Documents\Code\thesis-code\commons-numbers-master\commons-numbers-examples\examples-jmh\src\test\java\org\apache\commons\numbers\examples\jmh\arrays\PartitionTest.java,PartitionTest.java,DoublePartitionFunction2,testPartitionFRSubsetSampling,2,2,void,,false,true,true,false
C:\Users\simon\Documents\Code\thesis-code\commons-numbers-master\commons-numbers-examples\examples-jmh\src\test\java\org\apache\commons\numbers\examples\jmh\arrays\PartitionTest.java,PartitionTest.java,DoublePartitionFunction2,testPartitionKFR,2,2,void,,false,true,true,false
C:\Users\simon\Documents\Code\thesis-code\commons-numbers-master\commons-numbers-examples\examples-jmh\src\test\java\org\apache\commons\numbers\examples\jmh\arrays\PartitionTest.java,PartitionTest.java,DoublePartitionFunction2,testPartitionLSP,2,2,void,,false,true,true,false
C:\Users\simon\Documents\Code\thesis-code\commons-numbers-master\commons-numbers-examples\examples-jmh\src\test\java\org\apache\commons\numbers\examples\jmh\arrays\PartitionTest.java,PartitionTest.java,DoublePartitionFunction2,testPartitionLSPMoveSample,2,2,void,,false,true,true,false
C:\Users\simon\Documents\Code\thesis-code\commons-numbers-master\commons-numbers-examples\examples-jmh\src\test\java\org\apache\commons\numbers\examples\jmh\arrays\PartitionTest.java,PartitionTest.java,DoublePartitionFunction2,testPartitionLinearBFPRTPER,2,2,void,,false,true,true,false
C:\Users\simon\Documents\Code\thesis-code\commons-numbers-master\commons-numbers-examples\examples-jmh\src\test\java\org\apache\commons\numbers\examples\jmh\arrays\PartitionTest.java,PartitionTest.java,DoublePartitionFunction2,testPartitionLinearBFPRTT1,2,2,void,,false,true,true,false
C:\Users\simon\Documents\Code\thesis-code\commons-numbers-master\commons-numbers-examples\examples-jmh\src\test\java\org\apache\commons\numbers\examples\jmh\arrays\PartitionTest.java,PartitionTest.java,DoublePartitionFunction2,testPartitionLinearBFPRTB1,2,2,void,,false,true,true,false
C:\Users\simon\Documents\Code\thesis-code\commons-numbers-master\commons-numbers-examples\examples-jmh\src\test\java\org\apache\commons\numbers\examples\jmh\arrays\PartitionTest.java,PartitionTest.java,DoublePartitionFunction2,testPartitionLinearBFPRTT2,2,2,void,,false,true,true,false
C:\Users\simon\Documents\Code\thesis-code\commons-numbers-master\commons-numbers-examples\examples-jmh\src\test\java\org\apache\commons\numbers\examples\jmh\arrays\PartitionTest.java,PartitionTest.java,DoublePartitionFunction2,testPartitionLinearBFPRTB2,2,2,void,,false,true,true,false
C:\Users\simon\Documents\Code\thesis-code\commons-numbers-master\commons-numbers-examples\examples-jmh\src\test\java\org\apache\commons\numbers\examples\jmh\arrays\PartitionTest.java,PartitionTest.java,DoublePartitionFunction2,testPartitionLinearRS,2,2,void,,false,true,true,false
C:\Users\simon\Documents\Code\thesis-code\commons-numbers-master\commons-numbers-examples\examples-jmh\src\test\java\org\apache\commons\numbers\examples\jmh\arrays\PartitionTest.java,PartitionTest.java,DoublePartitionFunction2,testPartitionLinearBFPRTImprovedT2,2,2,void,,false,true,true,false
C:\Users\simon\Documents\Code\thesis-code\commons-numbers-master\commons-numbers-examples\examples-jmh\src\test\java\org\apache\commons\numbers\examples\jmh\arrays\PartitionTest.java,PartitionTest.java,DoublePartitionFunction2,testPartitionLinearRSImproved,2,2,void,,false,true,true,false
C:\Users\simon\Documents\Code\thesis-code\commons-numbers-master\commons-numbers-examples\examples-jmh\src\test\java\org\apache\commons\numbers\examples\jmh\arrays\PartitionTest.java,PartitionTest.java,DoublePartitionFunction2,testPartitionLinearRSAdaptive,2,2,void,,false,true,true,false
C:\Users\simon\Documents\Code\thesis-code\commons-numbers-master\commons-numbers-examples\examples-jmh\src\test\java\org\apache\commons\numbers\examples\jmh\arrays\PartitionTest.java,PartitionTest.java,DoublePartitionFunction2,testPartitionQA,2,2,void,,false,true,true,false
C:\Users\simon\Documents\Code\thesis-code\commons-numbers-master\commons-numbers-examples\examples-jmh\src\test\java\org\apache\commons\numbers\examples\jmh\arrays\PartitionTest.java,PartitionTest.java,DoublePartitionFunction2,testPartitionQAAlwaysAdapt,2,2,void,,false,true,true,false
C:\Users\simon\Documents\Code\thesis-code\commons-numbers-master\commons-numbers-examples\examples-jmh\src\test\java\org\apache\commons\numbers\examples\jmh\arrays\PartitionTest.java,PartitionTest.java,DoublePartitionFunction2,testPartitionQANoSampling,2,2,void,,false,true,true,false
C:\Users\simon\Documents\Code\thesis-code\commons-numbers-master\commons-numbers-examples\examples-jmh\src\test\java\org\apache\commons\numbers\examples\jmh\arrays\PartitionTest.java,PartitionTest.java,DoublePartitionFunction2,testPartitionQAFarStepAndMiddle12,2,2,void,,false,true,true,false
C:\Users\simon\Documents\Code\thesis-code\commons-numbers-master\commons-numbers-examples\examples-jmh\src\test\java\org\apache\commons\numbers\examples\jmh\arrays\PartitionTest.java,PartitionTest.java,DoublePartitionFunction2,testPartitionQAFarStepAdaptOriginal,2,2,void,,false,true,true,false
C:\Users\simon\Documents\Code\thesis-code\commons-numbers-master\commons-numbers-examples\examples-jmh\src\test\java\org\apache\commons\numbers\examples\jmh\arrays\PartitionTest.java,PartitionTest.java,DoublePartitionFunction2,testPartitionQASampleK,2,2,void,,false,true,true,false
C:\Users\simon\Documents\Code\thesis-code\commons-numbers-master\commons-numbers-examples\examples-jmh\src\test\java\org\apache\commons\numbers\examples\jmh\arrays\PartitionTest.java,PartitionTest.java,DoublePartitionFunction2,testPartitionQASampleStep,2,2,void,,false,true,true,false
C:\Users\simon\Documents\Code\thesis-code\commons-numbers-master\commons-numbers-examples\examples-jmh\src\test\java\org\apache\commons\numbers\examples\jmh\arrays\PartitionTest.java,PartitionTest.java,DoublePartitionFunction2,testPartitionQASampleStepRandom1,2,2,void,,false,true,true,false
C:\Users\simon\Documents\Code\thesis-code\commons-numbers-master\commons-numbers-examples\examples-jmh\src\test\java\org\apache\commons\numbers\examples\jmh\arrays\PartitionTest.java,PartitionTest.java,DoublePartitionFunction2,testPartitionQASampleStepRandom2,2,2,void,,false,true,true,false
C:\Users\simon\Documents\Code\thesis-code\commons-numbers-master\commons-numbers-examples\examples-jmh\src\test\java\org\apache\commons\numbers\examples\jmh\arrays\PartitionTest.java,PartitionTest.java,DoublePartitionFunction2,testPartitionQA2FRSampling,1,2,void,,false,true,true,false
C:\Users\simon\Documents\Code\thesis-code\commons-numbers-master\commons-numbers-examples\examples-jmh\src\test\java\org\apache\commons\numbers\examples\jmh\arrays\PartitionTest.java,PartitionTest.java,DoublePartitionFunction2,testPartitionQA2Sampling,1,2,void,,false,true,true,false
C:\Users\simon\Documents\Code\thesis-code\commons-numbers-master\commons-numbers-examples\examples-jmh\src\test\java\org\apache\commons\numbers\examples\jmh\arrays\PartitionTest.java,PartitionTest.java,DoublePartitionFunction2,testPartitionQA2Adaption,1,2,void,,false,true,true,false
C:\Users\simon\Documents\Code\thesis-code\commons-numbers-master\commons-numbers-examples\examples-jmh\src\test\java\org\apache\commons\numbers\examples\jmh\arrays\PartitionTest.java,PartitionTest.java,DoublePartitionFunction2,testPartitionQA2Strict,1,2,void,,false,true,true,false
C:\Users\simon\Documents\Code\thesis-code\commons-numbers-master\commons-numbers-examples\examples-jmh\src\test\java\org\apache\commons\numbers\examples\jmh\arrays\PartitionTest.java,PartitionTest.java,DoublePartitionFunction2,assertPartitionQA2,3,3,void,private; static,false,false,true,false
C:\Users\simon\Documents\Code\thesis-code\commons-numbers-master\commons-numbers-examples\examples-jmh\src\test\java\org\apache\commons\numbers\examples\jmh\arrays\PartitionTest.java,PartitionTest.java,DoublePartitionFunction2,assertPartitionPaired,8,3,void,static,false,false,true,false
C:\Users\simon\Documents\Code\thesis-code\commons-numbers-master\commons-numbers-examples\examples-jmh\src\test\java\org\apache\commons\numbers\examples\jmh\arrays\PartitionTest.java,PartitionTest.java,DoublePartitionFunction2,assertPartition,14,3,void,static,false,false,true,false
C:\Users\simon\Documents\Code\thesis-code\commons-numbers-master\commons-numbers-examples\examples-jmh\src\test\java\org\apache\commons\numbers\examples\jmh\arrays\PartitionTest.java,PartitionTest.java,DoublePartitionFunction2,testPartition,28,0,Stream<Arguments>,static,false,true,true,false
C:\Users\simon\Documents\Code\thesis-code\commons-numbers-master\commons-numbers-examples\examples-jmh\src\test\java\org\apache\commons\numbers\examples\jmh\arrays\PartitionTest.java,PartitionTest.java,DoublePartitionFunction2,testPartitionBigData,8,0,Stream<Arguments>,static,false,true,true,false
C:\Users\simon\Documents\Code\thesis-code\commons-numbers-master\commons-numbers-examples\examples-jmh\src\test\java\org\apache\commons\numbers\examples\jmh\arrays\PartitionTest.java,PartitionTest.java,DoublePartitionFunction2,testSortSBM,1,1,void,,false,true,true,false
C:\Users\simon\Documents\Code\thesis-code\commons-numbers-master\commons-numbers-examples\examples-jmh\src\test\java\org\apache\commons\numbers\examples\jmh\arrays\PartitionTest.java,PartitionTest.java,DoublePartitionFunction2,testHeapSortUsingHeapSelectRange,3,1,void,,false,true,true,false
C:\Users\simon\Documents\Code\thesis-code\commons-numbers-master\commons-numbers-examples\examples-jmh\src\test\java\org\apache\commons\numbers\examples\jmh\arrays\PartitionTest.java,PartitionTest.java,DoublePartitionFunction2,testHeapSort,3,1,void,,false,true,true,false
C:\Users\simon\Documents\Code\thesis-code\commons-numbers-master\commons-numbers-examples\examples-jmh\src\test\java\org\apache\commons\numbers\examples\jmh\arrays\PartitionTest.java,PartitionTest.java,DoublePartitionFunction2,testSortISP,1,1,void,,false,true,true,false
C:\Users\simon\Documents\Code\thesis-code\commons-numbers-master\commons-numbers-examples\examples-jmh\src\test\java\org\apache\commons\numbers\examples\jmh\arrays\PartitionTest.java,PartitionTest.java,DoublePartitionFunction2,testSortIBM,1,1,void,,false,true,true,false
C:\Users\simon\Documents\Code\thesis-code\commons-numbers-master\commons-numbers-examples\examples-jmh\src\test\java\org\apache\commons\numbers\examples\jmh\arrays\PartitionTest.java,PartitionTest.java,DoublePartitionFunction2,testSortISBM,1,1,void,,false,true,true,false
C:\Users\simon\Documents\Code\thesis-code\commons-numbers-master\commons-numbers-examples\examples-jmh\src\test\java\org\apache\commons\numbers\examples\jmh\arrays\PartitionTest.java,PartitionTest.java,DoublePartitionFunction2,testSortIKBM,1,1,void,,false,true,true,false
C:\Users\simon\Documents\Code\thesis-code\commons-numbers-master\commons-numbers-examples\examples-jmh\src\test\java\org\apache\commons\numbers\examples\jmh\arrays\PartitionTest.java,PartitionTest.java,DoublePartitionFunction2,testSortIDNF1,1,1,void,,false,true,true,false
C:\Users\simon\Documents\Code\thesis-code\commons-numbers-master\commons-numbers-examples\examples-jmh\src\test\java\org\apache\commons\numbers\examples\jmh\arrays\PartitionTest.java,PartitionTest.java,DoublePartitionFunction2,testSortIDNF2,1,1,void,,false,true,true,false
C:\Users\simon\Documents\Code\thesis-code\commons-numbers-master\commons-numbers-examples\examples-jmh\src\test\java\org\apache\commons\numbers\examples\jmh\arrays\PartitionTest.java,PartitionTest.java,DoublePartitionFunction2,testSortIDNF3,1,1,void,,false,true,true,false
C:\Users\simon\Documents\Code\thesis-code\commons-numbers-master\commons-numbers-examples\examples-jmh\src\test\java\org\apache\commons\numbers\examples\jmh\arrays\PartitionTest.java,PartitionTest.java,DoublePartitionFunction2,testSortIDP,1,1,void,,false,true,true,false
C:\Users\simon\Documents\Code\thesis-code\commons-numbers-master\commons-numbers-examples\examples-jmh\src\test\java\org\apache\commons\numbers\examples\jmh\arrays\PartitionTest.java,PartitionTest.java,DoublePartitionFunction2,testInsertionSort,5,1,void,,false,true,true,false
C:\Users\simon\Documents\Code\thesis-code\commons-numbers-master\commons-numbers-examples\examples-jmh\src\test\java\org\apache\commons\numbers\examples\jmh\arrays\PartitionTest.java,PartitionTest.java,DoublePartitionFunction2,testInsertionSort5,3,1,void,,false,true,true,false
C:\Users\simon\Documents\Code\thesis-code\commons-numbers-master\commons-numbers-examples\examples-jmh\src\test\java\org\apache\commons\numbers\examples\jmh\arrays\PartitionTest.java,PartitionTest.java,DoublePartitionFunction2,testSortZero,4,0,void,,true,true,true,false
C:\Users\simon\Documents\Code\thesis-code\commons-numbers-master\commons-numbers-examples\examples-jmh\src\test\java\org\apache\commons\numbers\examples\jmh\arrays\PartitionTest.java,PartitionTest.java,DoublePartitionFunction2,assertSort,5,2,void,private; static,false,false,true,false
C:\Users\simon\Documents\Code\thesis-code\commons-numbers-master\commons-numbers-examples\examples-jmh\src\test\java\org\apache\commons\numbers\examples\jmh\arrays\PartitionTest.java,PartitionTest.java,DoublePartitionFunction2,testSort,13,0,Stream<double[]>,static,false,true,true,false
C:\Users\simon\Documents\Code\thesis-code\commons-numbers-master\commons-numbers-examples\examples-jmh\src\test\java\org\apache\commons\numbers\examples\jmh\arrays\PartitionTest.java,PartitionTest.java,DoublePartitionFunction2,testKeyAnalysis,6,7,void,,false,true,true,false
C:\Users\simon\Documents\Code\thesis-code\commons-numbers-master\commons-numbers-examples\examples-jmh\src\test\java\org\apache\commons\numbers\examples\jmh\arrays\PartitionTest.java,PartitionTest.java,DoublePartitionFunction2,testKeyAnalysis,25,0,Stream<Arguments>,static,false,true,true,false
C:\Users\simon\Documents\Code\thesis-code\commons-numbers-master\commons-numbers-examples\examples-jmh\src\test\java\org\apache\commons\numbers\examples\jmh\arrays\PartitionTest.java,PartitionTest.java,DoublePartitionFunction2,assumeNonNaN,1,1,void,private,false,false,true,false
C:\Users\simon\Documents\Code\thesis-code\commons-numbers-master\commons-numbers-examples\examples-jmh\src\test\java\org\apache\commons\numbers\examples\jmh\arrays\PartitionTest.java,PartitionTest.java,DoublePartitionFunction2,replaceNegativeZeros,1,3,void,private; static,false,false,true,false
C:\Users\simon\Documents\Code\thesis-code\commons-numbers-master\commons-numbers-examples\examples-jmh\src\test\java\org\apache\commons\numbers\examples\jmh\arrays\PartitionTest.java,PartitionTest.java,DoublePartitionFunction2,restoreNegativeZeros,1,3,void,private; static,false,false,true,false
C:\Users\simon\Documents\Code\thesis-code\commons-numbers-master\commons-numbers-examples\examples-jmh\src\test\java\org\apache\commons\numbers\examples\jmh\arrays\PartitionTest.java,PartitionTest.java,DoublePartitionFunction2,testSearch,8,3,void,,false,true,true,false
C:\Users\simon\Documents\Code\thesis-code\commons-numbers-master\commons-numbers-examples\examples-jmh\src\test\java\org\apache\commons\numbers\examples\jmh\arrays\PartitionTest.java,PartitionTest.java,DoublePartitionFunction2,testSearch,14,0,Stream<Arguments>,static,false,true,true,false
C:\Users\simon\Documents\Code\thesis-code\commons-numbers-master\commons-numbers-examples\examples-jmh\src\test\java\org\apache\commons\numbers\examples\jmh\arrays\PartitionTest.java,PartitionTest.java,DoublePartitionFunction2,testPartitionDP,4,5,void,,false,true,true,false
C:\Users\simon\Documents\Code\thesis-code\commons-numbers-master\commons-numbers-examples\examples-jmh\src\test\java\org\apache\commons\numbers\examples\jmh\arrays\PartitionTest.java,PartitionTest.java,DoublePartitionFunction2,testPartitionDP,4,0,Stream<Arguments>,static,false,true,true,false
C:\Users\simon\Documents\Code\thesis-code\commons-numbers-master\commons-numbers-examples\examples-jmh\src\test\java\org\apache\commons\numbers\examples\jmh\arrays\PartitionTest.java,PartitionTest.java,DoublePartitionFunction2,testRNG,7,5,void,,false,true,true,false
C:\Users\simon\Documents\Code\thesis-code\commons-numbers-master\commons-numbers-examples\examples-jmh\src\test\java\org\apache\commons\numbers\examples\jmh\arrays\PartitionTest.java,PartitionTest.java,DoublePartitionFunction2,testRNG,4,0,Stream<Arguments>,static,false,true,true,false
C:\Users\simon\Documents\Code\thesis-code\commons-numbers-master\commons-numbers-examples\examples-jmh\src\test\java\org\apache\commons\numbers\examples\jmh\arrays\PartitionTest.java,PartitionTest.java,DoublePartitionFunction2,testRecursion,29,5,void,,false,true,true,false
C:\Users\simon\Documents\Code\thesis-code\commons-numbers-master\commons-numbers-examples\examples-jmh\src\test\java\org\apache\commons\numbers\examples\jmh\arrays\PartitionTest.java,PartitionTest.java,DoublePartitionFunction2,getLength,1,0,int,protected,false,false,true,false
C:\Users\simon\Documents\Code\thesis-code\commons-numbers-master\commons-numbers-examples\examples-jmh\src\test\java\org\apache\commons\numbers\examples\jmh\arrays\PartitionTest.java,PartitionTest.java,DoublePartitionFunction2,testRecursion,6,0,Stream<Arguments>,static,false,true,true,false
C:\Users\simon\Documents\Code\thesis-code\commons-numbers-master\commons-numbers-examples\examples-jmh\src\test\java\org\apache\commons\numbers\examples\jmh\arrays\PartitionTest.java,PartitionTest.java,DoublePartitionFunction2,testData,17,3,void,,false,true,true,false
C:\Users\simon\Documents\Code\thesis-code\commons-numbers-master\commons-numbers-examples\examples-jmh\src\test\java\org\apache\commons\numbers\examples\jmh\arrays\PartitionTest.java,PartitionTest.java,DoublePartitionFunction2,getLength,1,0,int,protected,false,false,true,false
C:\Users\simon\Documents\Code\thesis-code\commons-numbers-master\commons-numbers-examples\examples-jmh\src\test\java\org\apache\commons\numbers\examples\jmh\arrays\PartitionTest.java,PartitionTest.java,DoublePartitionFunction2,formatPivotRange,1,2,String,private; static,false,false,true,false
C:\Users\simon\Documents\Code\thesis-code\commons-numbers-master\commons-numbers-examples\examples-jmh\src\test\java\org\apache\commons\numbers\examples\jmh\arrays\PartitionTest.java,PartitionTest.java,DoublePartitionFunction2,testData,3,0,Stream<Arguments>,static,false,true,true,false
C:\Users\simon\Documents\Code\thesis-code\commons-numbers-master\commons-numbers-examples\examples-jmh\src\test\java\org\apache\commons\numbers\examples\jmh\arrays\PartitionTest.java,PartitionTest.java,DoublePartitionFunction2,printSubSamplingSize,2,3,void,static,false,false,true,false
C:\Users\simon\Documents\Code\thesis-code\commons-numbers-master\commons-numbers-examples\examples-jmh\src\test\java\org\apache\commons\numbers\examples\jmh\arrays\PartitionTest.java,PartitionTest.java,DoublePartitionFunction2,printKSubSamplingSize,2,3,void,static,false,false,true,false
C:\Users\simon\Documents\Code\thesis-code\commons-numbers-master\commons-numbers-examples\examples-jmh\src\test\java\org\apache\commons\numbers\examples\jmh\arrays\PartitionTest.java,PartitionTest.java,DoublePartitionFunction2,testFloydRivestRecursion,9,7,void,,false,true,true,false
C:\Users\simon\Documents\Code\thesis-code\commons-numbers-master\commons-numbers-examples\examples-jmh\src\test\java\org\apache\commons\numbers\examples\jmh\arrays\PartitionTest.java,PartitionTest.java,DoublePartitionFunction2,getLength,1,0,int,protected,false,false,true,false
C:\Users\simon\Documents\Code\thesis-code\commons-numbers-master\commons-numbers-examples\examples-jmh\src\test\java\org\apache\commons\numbers\examples\jmh\arrays\PartitionTest.java,PartitionTest.java,DoublePartitionFunction2,testFloydRivestRecursion,30,0,Stream<Arguments>,static,false,true,true,false
C:\Users\simon\Documents\Code\thesis-code\commons-numbers-master\commons-numbers-examples\examples-jmh\src\test\java\org\apache\commons\numbers\examples\jmh\arrays\PartitionTest.java,PartitionTest.java,DoublePartitionFunction2,testConfiguredPartition,11,0,void,,true,true,true,false
C:\Users\simon\Documents\Code\thesis-code\commons-numbers-master\commons-numbers-examples\examples-jmh\src\test\java\org\apache\commons\numbers\examples\jmh\arrays\PartitionTest.java,PartitionTest.java,DoublePartitionFunction2,getLength,1,0,int,protected,false,false,true,false
C:\Users\simon\Documents\Code\thesis-code\commons-numbers-master\commons-numbers-examples\examples-jmh\src\test\java\org\apache\commons\numbers\examples\jmh\arrays\PartitionTest.java,PartitionTest.java,DoublePartitionFunction2,testQAAndSelect,4,0,void,,true,true,true,false
C:\Users\simon\Documents\Code\thesis-code\commons-numbers-master\commons-numbers-examples\examples-jmh\src\test\java\org\apache\commons\numbers\examples\jmh\arrays\PartitionTest.java,PartitionTest.java,DoublePartitionFunction2,getLength,1,0,int,protected,false,false,true,false
C:\Users\simon\Documents\Code\thesis-code\commons-numbers-master\commons-numbers-examples\examples-jmh\src\test\java\org\apache\commons\numbers\examples\jmh\arrays\PivotCacheTest.java,PivotCacheTest.java,PivotCacheTest,testSingleRangeUsingFilledIndexSetAsScanningPivotCache,7,3,void,,false,true,true,true
C:\Users\simon\Documents\Code\thesis-code\commons-numbers-master\commons-numbers-examples\examples-jmh\src\test\java\org\apache\commons\numbers\examples\jmh\arrays\PivotCacheTest.java,PivotCacheTest.java,PivotCacheTest,testSingleRangeUsingScanningPivotCache,1,3,void,,false,true,true,true
C:\Users\simon\Documents\Code\thesis-code\commons-numbers-master\commons-numbers-examples\examples-jmh\src\test\java\org\apache\commons\numbers\examples\jmh\arrays\PivotCacheTest.java,PivotCacheTest.java,PivotCacheTest,testSingleRangeUsingIndexSet,1,3,void,,false,true,true,true
C:\Users\simon\Documents\Code\thesis-code\commons-numbers-master\commons-numbers-examples\examples-jmh\src\test\java\org\apache\commons\numbers\examples\jmh\arrays\PivotCacheTest.java,PivotCacheTest.java,PivotCacheTest,testSinglePoint,2,3,void,,false,true,true,true
C:\Users\simon\Documents\Code\thesis-code\commons-numbers-master\commons-numbers-examples\examples-jmh\src\test\java\org\apache\commons\numbers\examples\jmh\arrays\PivotCacheTest.java,PivotCacheTest.java,PivotCacheTest,testSingleRange,1,3,void,,false,true,true,true
C:\Users\simon\Documents\Code\thesis-code\commons-numbers-master\commons-numbers-examples\examples-jmh\src\test\java\org\apache\commons\numbers\examples\jmh\arrays\PivotCacheTest.java,PivotCacheTest.java,PivotCacheTest,testPairedIndex,1,3,void,,false,true,true,true
C:\Users\simon\Documents\Code\thesis-code\commons-numbers-master\commons-numbers-examples\examples-jmh\src\test\java\org\apache\commons\numbers\examples\jmh\arrays\PivotCacheTest.java,PivotCacheTest.java,PivotCacheTest,assertSingleRange,7,4,void,private; static,false,false,true,true
C:\Users\simon\Documents\Code\thesis-code\commons-numbers-master\commons-numbers-examples\examples-jmh\src\test\java\org\apache\commons\numbers\examples\jmh\arrays\PivotCacheTest.java,PivotCacheTest.java,PivotCacheTest,testSinglePoint,4,0,Stream<Arguments>,static,false,true,true,true
C:\Users\simon\Documents\Code\thesis-code\commons-numbers-master\commons-numbers-examples\examples-jmh\src\test\java\org\apache\commons\numbers\examples\jmh\arrays\PivotCacheTest.java,PivotCacheTest.java,PivotCacheTest,testSingleRange,16,0,Stream<Arguments>,static,false,true,true,true
C:\Users\simon\Documents\Code\thesis-code\commons-numbers-master\commons-numbers-examples\examples-jmh\src\test\java\org\apache\commons\numbers\examples\jmh\arrays\PivotCacheTest.java,PivotCacheTest.java,PivotCacheTest,testSetRangeUsingFilledIndexSetAsScanningPivotCache,7,3,void,,false,true,true,true
C:\Users\simon\Documents\Code\thesis-code\commons-numbers-master\commons-numbers-examples\examples-jmh\src\test\java\org\apache\commons\numbers\examples\jmh\arrays\PivotCacheTest.java,PivotCacheTest.java,PivotCacheTest,testSetRangeUsingScanningPivotCache,1,3,void,,false,true,true,true
C:\Users\simon\Documents\Code\thesis-code\commons-numbers-master\commons-numbers-examples\examples-jmh\src\test\java\org\apache\commons\numbers\examples\jmh\arrays\PivotCacheTest.java,PivotCacheTest.java,PivotCacheTest,testSetRangeUsingIndexSet,1,3,void,,false,true,true,true
C:\Users\simon\Documents\Code\thesis-code\commons-numbers-master\commons-numbers-examples\examples-jmh\src\test\java\org\apache\commons\numbers\examples\jmh\arrays\PivotCacheTest.java,PivotCacheTest.java,PivotCacheTest,testSetRangeSinglePoint,2,3,void,,false,true,true,true
C:\Users\simon\Documents\Code\thesis-code\commons-numbers-master\commons-numbers-examples\examples-jmh\src\test\java\org\apache\commons\numbers\examples\jmh\arrays\PivotCacheTest.java,PivotCacheTest.java,PivotCacheTest,testSetRangeUsingRange,2,3,void,,false,true,true,true
C:\Users\simon\Documents\Code\thesis-code\commons-numbers-master\commons-numbers-examples\examples-jmh\src\test\java\org\apache\commons\numbers\examples\jmh\arrays\PivotCacheTest.java,PivotCacheTest.java,PivotCacheTest,testSetRangeUsingPairedIndex,1,3,void,,false,true,true,true
C:\Users\simon\Documents\Code\thesis-code\commons-numbers-master\commons-numbers-examples\examples-jmh\src\test\java\org\apache\commons\numbers\examples\jmh\arrays\PivotCacheTest.java,PivotCacheTest.java,PivotCacheTest,assertSetRange,7,4,void,private; static,false,false,true,true
C:\Users\simon\Documents\Code\thesis-code\commons-numbers-master\commons-numbers-examples\examples-jmh\src\test\java\org\apache\commons\numbers\examples\jmh\arrays\PivotCacheTest.java,PivotCacheTest.java,PivotCacheTest,testSetRangeSinglePoint,11,0,Stream<Arguments>,static,false,true,true,true
C:\Users\simon\Documents\Code\thesis-code\commons-numbers-master\commons-numbers-examples\examples-jmh\src\test\java\org\apache\commons\numbers\examples\jmh\arrays\PivotCacheTest.java,PivotCacheTest.java,PivotCacheTest,testSetRange,10,0,Stream<Arguments>,static,false,true,true,true
C:\Users\simon\Documents\Code\thesis-code\commons-numbers-master\commons-numbers-examples\examples-jmh\src\test\java\org\apache\commons\numbers\examples\jmh\arrays\PivotingStrategyTest.java,PivotingStrategyTest.java,PivotingStrategyTest,testCentral,1,1,void,,false,true,true,true
C:\Users\simon\Documents\Code\thesis-code\commons-numbers-master\commons-numbers-examples\examples-jmh\src\test\java\org\apache\commons\numbers\examples\jmh\arrays\PivotingStrategyTest.java,PivotingStrategyTest.java,PivotingStrategyTest,testMedianOf3,1,1,void,,false,true,true,true
C:\Users\simon\Documents\Code\thesis-code\commons-numbers-master\commons-numbers-examples\examples-jmh\src\test\java\org\apache\commons\numbers\examples\jmh\arrays\PivotingStrategyTest.java,PivotingStrategyTest.java,PivotingStrategyTest,testMedianOf9,1,1,void,,false,true,true,true
C:\Users\simon\Documents\Code\thesis-code\commons-numbers-master\commons-numbers-examples\examples-jmh\src\test\java\org\apache\commons\numbers\examples\jmh\arrays\PivotingStrategyTest.java,PivotingStrategyTest.java,PivotingStrategyTest,testMedianOf5,1,1,void,,false,true,true,true
C:\Users\simon\Documents\Code\thesis-code\commons-numbers-master\commons-numbers-examples\examples-jmh\src\test\java\org\apache\commons\numbers\examples\jmh\arrays\PivotingStrategyTest.java,PivotingStrategyTest.java,PivotingStrategyTest,testMedianOf5B,1,1,void,,false,true,true,true
C:\Users\simon\Documents\Code\thesis-code\commons-numbers-master\commons-numbers-examples\examples-jmh\src\test\java\org\apache\commons\numbers\examples\jmh\arrays\PivotingStrategyTest.java,PivotingStrategyTest.java,PivotingStrategyTest,testDynamic,4,1,void,,false,true,true,true
C:\Users\simon\Documents\Code\thesis-code\commons-numbers-master\commons-numbers-examples\examples-jmh\src\test\java\org\apache\commons\numbers\examples\jmh\arrays\PivotingStrategyTest.java,PivotingStrategyTest.java,PivotingStrategyTest,testTarget,2,1,void,,false,true,true,true
C:\Users\simon\Documents\Code\thesis-code\commons-numbers-master\commons-numbers-examples\examples-jmh\src\test\java\org\apache\commons\numbers\examples\jmh\arrays\PivotingStrategyTest.java,PivotingStrategyTest.java,PivotingStrategyTest,assertPivot,14,4,void,private; static,false,false,true,true
C:\Users\simon\Documents\Code\thesis-code\commons-numbers-master\commons-numbers-examples\examples-jmh\src\test\java\org\apache\commons\numbers\examples\jmh\arrays\PivotingStrategyTest.java,PivotingStrategyTest.java,PivotingStrategyTest,testMedianOf5Indexing,1,0,void,,true,true,true,true
C:\Users\simon\Documents\Code\thesis-code\commons-numbers-master\commons-numbers-examples\examples-jmh\src\test\java\org\apache\commons\numbers\examples\jmh\arrays\PivotingStrategyTest.java,PivotingStrategyTest.java,PivotingStrategyTest,testMedianOf5BIndexing,1,0,void,,true,true,true,true
C:\Users\simon\Documents\Code\thesis-code\commons-numbers-master\commons-numbers-examples\examples-jmh\src\test\java\org\apache\commons\numbers\examples\jmh\arrays\PivotingStrategyTest.java,PivotingStrategyTest.java,PivotingStrategyTest,assertIndexing,3,3,void,private; static,false,false,true,true
C:\Users\simon\Documents\Code\thesis-code\commons-numbers-master\commons-numbers-examples\examples-jmh\src\test\java\org\apache\commons\numbers\examples\jmh\arrays\PivotingStrategyTest.java,PivotingStrategyTest.java,PivotingStrategyTest,testPivot,5,0,Stream<double[]>,static,false,true,true,true
C:\Users\simon\Documents\Code\thesis-code\commons-numbers-master\commons-numbers-examples\examples-jmh\src\test\java\org\apache\commons\numbers\examples\jmh\arrays\PivotingStrategyTest.java,PivotingStrategyTest.java,PivotingStrategyTest,testMedianOf5,5,0,Stream<Arguments>,static,false,true,true,true
C:\Users\simon\Documents\Code\thesis-code\commons-numbers-master\commons-numbers-examples\examples-jmh\src\test\java\org\apache\commons\numbers\examples\jmh\arrays\QuantilePerformanceTest.java,QuantilePerformanceTest.java,SelectionPerformanceTest,testGetDistribution,1,0,void,,true,true,true,true
C:\Users\simon\Documents\Code\thesis-code\commons-numbers-master\commons-numbers-examples\examples-jmh\src\test\java\org\apache\commons\numbers\examples\jmh\arrays\QuantilePerformanceTest.java,QuantilePerformanceTest.java,SelectionPerformanceTest,testGetModification,1,0,void,,true,true,true,true
C:\Users\simon\Documents\Code\thesis-code\commons-numbers-master\commons-numbers-examples\examples-jmh\src\test\java\org\apache\commons\numbers\examples\jmh\arrays\QuantilePerformanceTest.java,QuantilePerformanceTest.java,SelectionPerformanceTest,assertGetEnumFromParam,3,1,void,static,false,false,true,true
C:\Users\simon\Documents\Code\thesis-code\commons-numbers-master\commons-numbers-examples\examples-jmh\src\test\java\org\apache\commons\numbers\examples\jmh\arrays\SearchableIntervalTest.java,SearchableIntervalTest.java,SearchableIntervalTest,testAnyIndex,5,0,void,,true,true,true,true
C:\Users\simon\Documents\Code\thesis-code\commons-numbers-master\commons-numbers-examples\examples-jmh\src\test\java\org\apache\commons\numbers\examples\jmh\arrays\SearchableIntervalTest.java,SearchableIntervalTest.java,SearchableIntervalTest,testAnyIndex2,5,0,void,,true,true,true,true
C:\Users\simon\Documents\Code\thesis-code\commons-numbers-master\commons-numbers-examples\examples-jmh\src\test\java\org\apache\commons\numbers\examples\jmh\arrays\SearchableIntervalTest.java,SearchableIntervalTest.java,SearchableIntervalTest,testScanningKeySearchableIntervalInvalidIndicesThrows,3,0,void,,true,true,true,true
C:\Users\simon\Documents\Code\thesis-code\commons-numbers-master\commons-numbers-examples\examples-jmh\src\test\java\org\apache\commons\numbers\examples\jmh\arrays\SearchableIntervalTest.java,SearchableIntervalTest.java,SearchableIntervalTest,testBinarySearchKeySearchableIntervalInvalidIndicesThrows,1,0,void,,true,true,true,true
C:\Users\simon\Documents\Code\thesis-code\commons-numbers-master\commons-numbers-examples\examples-jmh\src\test\java\org\apache\commons\numbers\examples\jmh\arrays\SearchableIntervalTest.java,SearchableIntervalTest.java,SearchableIntervalTest,assertInvalidIndicesThrows,4,1,void,private; static,false,false,true,true
C:\Users\simon\Documents\Code\thesis-code\commons-numbers-master\commons-numbers-examples\examples-jmh\src\test\java\org\apache\commons\numbers\examples\jmh\arrays\SearchableIntervalTest.java,SearchableIntervalTest.java,SearchableIntervalTest,testPreviousNextScanningKeySearchableInterval,1,1,void,,false,true,true,true
C:\Users\simon\Documents\Code\thesis-code\commons-numbers-master\commons-numbers-examples\examples-jmh\src\test\java\org\apache\commons\numbers\examples\jmh\arrays\SearchableIntervalTest.java,SearchableIntervalTest.java,SearchableIntervalTest,testPreviousNextBinarySearchKeySearchableInterval,1,1,void,,false,true,true,true
C:\Users\simon\Documents\Code\thesis-code\commons-numbers-master\commons-numbers-examples\examples-jmh\src\test\java\org\apache\commons\numbers\examples\jmh\arrays\SearchableIntervalTest.java,SearchableIntervalTest.java,SearchableIntervalTest,testPreviousNextIndexSet,2,1,void,,false,true,true,true
C:\Users\simon\Documents\Code\thesis-code\commons-numbers-master\commons-numbers-examples\examples-jmh\src\test\java\org\apache\commons\numbers\examples\jmh\arrays\SearchableIntervalTest.java,SearchableIntervalTest.java,SearchableIntervalTest,testPreviousNextSearchableInterval,1,1,void,,false,true,true,true
C:\Users\simon\Documents\Code\thesis-code\commons-numbers-master\commons-numbers-examples\examples-jmh\src\test\java\org\apache\commons\numbers\examples\jmh\arrays\SearchableIntervalTest.java,SearchableIntervalTest.java,SearchableIntervalTest,testPreviousNextCompressedIndexSet,3,1,void,,false,true,true,true
C:\Users\simon\Documents\Code\thesis-code\commons-numbers-master\commons-numbers-examples\examples-jmh\src\test\java\org\apache\commons\numbers\examples\jmh\arrays\SearchableIntervalTest.java,SearchableIntervalTest.java,SearchableIntervalTest,assertPreviousNextIndex,5,2,void,private; static,false,false,true,true
C:\Users\simon\Documents\Code\thesis-code\commons-numbers-master\commons-numbers-examples\examples-jmh\src\test\java\org\apache\commons\numbers\examples\jmh\arrays\SearchableIntervalTest.java,SearchableIntervalTest.java,SearchableIntervalTest,testPreviousNextIndex,9,0,Stream<int[]>,static,false,true,true,true
C:\Users\simon\Documents\Code\thesis-code\commons-numbers-master\commons-numbers-examples\examples-jmh\src\test\java\org\apache\commons\numbers\examples\jmh\arrays\SearchableIntervalTest.java,SearchableIntervalTest.java,SearchableIntervalTest,testSearchableIntervalCreate,11,0,void,,true,true,true,true
C:\Users\simon\Documents\Code\thesis-code\commons-numbers-master\commons-numbers-examples\examples-jmh\src\test\java\org\apache\commons\numbers\examples\jmh\arrays\SortingTest.java,SortingTest.java,IndexSort,sort,0,2,int,,false,false,true,false
C:\Users\simon\Documents\Code\thesis-code\commons-numbers-master\commons-numbers-examples\examples-jmh\src\test\java\org\apache\commons\numbers\examples\jmh\arrays\SortingTest.java,SortingTest.java,IndexSort,testDoubleInsertionSortInternal,4,1,void,,false,true,true,false
C:\Users\simon\Documents\Code\thesis-code\commons-numbers-master\commons-numbers-examples\examples-jmh\src\test\java\org\apache\commons\numbers\examples\jmh\arrays\SortingTest.java,SortingTest.java,IndexSort,testDoublePairedInsertionSortInternal,6,1,void,,false,true,true,false
C:\Users\simon\Documents\Code\thesis-code\commons-numbers-master\commons-numbers-examples\examples-jmh\src\test\java\org\apache\commons\numbers\examples\jmh\arrays\SortingTest.java,SortingTest.java,IndexSort,testDoubleInsertionSort,1,1,void,,false,true,true,false
C:\Users\simon\Documents\Code\thesis-code\commons-numbers-master\commons-numbers-examples\examples-jmh\src\test\java\org\apache\commons\numbers\examples\jmh\arrays\SortingTest.java,SortingTest.java,IndexSort,testDoubleInsertionSortB,1,1,void,,false,true,true,false
C:\Users\simon\Documents\Code\thesis-code\commons-numbers-master\commons-numbers-examples\examples-jmh\src\test\java\org\apache\commons\numbers\examples\jmh\arrays\SortingTest.java,SortingTest.java,IndexSort,testDoubleSort3,2,1,void,,false,true,true,false
C:\Users\simon\Documents\Code\thesis-code\commons-numbers-master\commons-numbers-examples\examples-jmh\src\test\java\org\apache\commons\numbers\examples\jmh\arrays\SortingTest.java,SortingTest.java,IndexSort,testDoubleSort3b,2,1,void,,false,true,true,false
C:\Users\simon\Documents\Code\thesis-code\commons-numbers-master\commons-numbers-examples\examples-jmh\src\test\java\org\apache\commons\numbers\examples\jmh\arrays\SortingTest.java,SortingTest.java,IndexSort,testDoubleSort3c,2,1,void,,false,true,true,false
C:\Users\simon\Documents\Code\thesis-code\commons-numbers-master\commons-numbers-examples\examples-jmh\src\test\java\org\apache\commons\numbers\examples\jmh\arrays\SortingTest.java,SortingTest.java,IndexSort,testDoubleSort4,2,1,void,,false,true,true,false
C:\Users\simon\Documents\Code\thesis-code\commons-numbers-master\commons-numbers-examples\examples-jmh\src\test\java\org\apache\commons\numbers\examples\jmh\arrays\SortingTest.java,SortingTest.java,IndexSort,testDoubleSort5,2,1,void,,false,true,true,false
C:\Users\simon\Documents\Code\thesis-code\commons-numbers-master\commons-numbers-examples\examples-jmh\src\test\java\org\apache\commons\numbers\examples\jmh\arrays\SortingTest.java,SortingTest.java,IndexSort,testDoubleSort5b,2,1,void,,false,true,true,false
C:\Users\simon\Documents\Code\thesis-code\commons-numbers-master\commons-numbers-examples\examples-jmh\src\test\java\org\apache\commons\numbers\examples\jmh\arrays\SortingTest.java,SortingTest.java,IndexSort,testDoubleSort5c,2,1,void,,false,true,true,false
C:\Users\simon\Documents\Code\thesis-code\commons-numbers-master\commons-numbers-examples\examples-jmh\src\test\java\org\apache\commons\numbers\examples\jmh\arrays\SortingTest.java,SortingTest.java,IndexSort,testDoubleSort7,2,1,void,,false,true,true,false
C:\Users\simon\Documents\Code\thesis-code\commons-numbers-master\commons-numbers-examples\examples-jmh\src\test\java\org\apache\commons\numbers\examples\jmh\arrays\SortingTest.java,SortingTest.java,IndexSort,testDoubleSort8,2,1,void,,false,true,true,false
C:\Users\simon\Documents\Code\thesis-code\commons-numbers-master\commons-numbers-examples\examples-jmh\src\test\java\org\apache\commons\numbers\examples\jmh\arrays\SortingTest.java,SortingTest.java,IndexSort,testDoubleSort11,2,1,void,,false,true,true,false
C:\Users\simon\Documents\Code\thesis-code\commons-numbers-master\commons-numbers-examples\examples-jmh\src\test\java\org\apache\commons\numbers\examples\jmh\arrays\SortingTest.java,SortingTest.java,IndexSort,testDoubleSort3Internal,4,2,void,,false,true,true,false
C:\Users\simon\Documents\Code\thesis-code\commons-numbers-master\commons-numbers-examples\examples-jmh\src\test\java\org\apache\commons\numbers\examples\jmh\arrays\SortingTest.java,SortingTest.java,IndexSort,testDoubleSort3bInternal,4,2,void,,false,true,true,false
C:\Users\simon\Documents\Code\thesis-code\commons-numbers-master\commons-numbers-examples\examples-jmh\src\test\java\org\apache\commons\numbers\examples\jmh\arrays\SortingTest.java,SortingTest.java,IndexSort,testDoubleSort3cInternal,4,2,void,,false,true,true,false
C:\Users\simon\Documents\Code\thesis-code\commons-numbers-master\commons-numbers-examples\examples-jmh\src\test\java\org\apache\commons\numbers\examples\jmh\arrays\SortingTest.java,SortingTest.java,IndexSort,testDoubleSort4Internal,5,2,void,,false,true,true,false
C:\Users\simon\Documents\Code\thesis-code\commons-numbers-master\commons-numbers-examples\examples-jmh\src\test\java\org\apache\commons\numbers\examples\jmh\arrays\SortingTest.java,SortingTest.java,IndexSort,testDoubleSort5Internal,6,2,void,,false,true,true,false
C:\Users\simon\Documents\Code\thesis-code\commons-numbers-master\commons-numbers-examples\examples-jmh\src\test\java\org\apache\commons\numbers\examples\jmh\arrays\SortingTest.java,SortingTest.java,IndexSort,testDoubleSort5bInternal,6,2,void,,false,true,true,false
C:\Users\simon\Documents\Code\thesis-code\commons-numbers-master\commons-numbers-examples\examples-jmh\src\test\java\org\apache\commons\numbers\examples\jmh\arrays\SortingTest.java,SortingTest.java,IndexSort,testDoubleSort5cInternal,6,2,void,,false,true,true,false
C:\Users\simon\Documents\Code\thesis-code\commons-numbers-master\commons-numbers-examples\examples-jmh\src\test\java\org\apache\commons\numbers\examples\jmh\arrays\SortingTest.java,SortingTest.java,IndexSort,testDoubleSort7Internal,8,2,void,,false,true,true,false
C:\Users\simon\Documents\Code\thesis-code\commons-numbers-master\commons-numbers-examples\examples-jmh\src\test\java\org\apache\commons\numbers\examples\jmh\arrays\SortingTest.java,SortingTest.java,IndexSort,testDoubleSort8Internal,9,2,void,,false,true,true,false
C:\Users\simon\Documents\Code\thesis-code\commons-numbers-master\commons-numbers-examples\examples-jmh\src\test\java\org\apache\commons\numbers\examples\jmh\arrays\SortingTest.java,SortingTest.java,IndexSort,testDoubleSort11Internal,12,2,void,,false,true,true,false
C:\Users\simon\Documents\Code\thesis-code\commons-numbers-master\commons-numbers-examples\examples-jmh\src\test\java\org\apache\commons\numbers\examples\jmh\arrays\SortingTest.java,SortingTest.java,IndexSort,assertDoubleSort,5,2,void,private; static,false,false,true,false
C:\Users\simon\Documents\Code\thesis-code\commons-numbers-master\commons-numbers-examples\examples-jmh\src\test\java\org\apache\commons\numbers\examples\jmh\arrays\SortingTest.java,SortingTest.java,IndexSort,assertDoubleSort,3,2,void,private; static,false,false,true,false
C:\Users\simon\Documents\Code\thesis-code\commons-numbers-master\commons-numbers-examples\examples-jmh\src\test\java\org\apache\commons\numbers\examples\jmh\arrays\SortingTest.java,SortingTest.java,IndexSort,assertDoubleSortInternal,8,3,void,private; static,false,false,true,false
C:\Users\simon\Documents\Code\thesis-code\commons-numbers-master\commons-numbers-examples\examples-jmh\src\test\java\org\apache\commons\numbers\examples\jmh\arrays\SortingTest.java,SortingTest.java,IndexSort,testDoubleSort,4,0,Stream<double[]>,static,false,true,true,false
C:\Users\simon\Documents\Code\thesis-code\commons-numbers-master\commons-numbers-examples\examples-jmh\src\test\java\org\apache\commons\numbers\examples\jmh\arrays\SortingTest.java,SortingTest.java,IndexSort,testDoubleInsertionSortInternal,5,0,Stream<double[]>,static,false,true,true,false
C:\Users\simon\Documents\Code\thesis-code\commons-numbers-master\commons-numbers-examples\examples-jmh\src\test\java\org\apache\commons\numbers\examples\jmh\arrays\SortingTest.java,SortingTest.java,IndexSort,testDoubleSort3,5,0,Stream<double[]>,static,false,true,true,false
C:\Users\simon\Documents\Code\thesis-code\commons-numbers-master\commons-numbers-examples\examples-jmh\src\test\java\org\apache\commons\numbers\examples\jmh\arrays\SortingTest.java,SortingTest.java,IndexSort,testDoubleSort4,5,0,Stream<double[]>,static,false,true,true,false
C:\Users\simon\Documents\Code\thesis-code\commons-numbers-master\commons-numbers-examples\examples-jmh\src\test\java\org\apache\commons\numbers\examples\jmh\arrays\SortingTest.java,SortingTest.java,IndexSort,testDoubleSort5,5,0,Stream<double[]>,static,false,true,true,false
C:\Users\simon\Documents\Code\thesis-code\commons-numbers-master\commons-numbers-examples\examples-jmh\src\test\java\org\apache\commons\numbers\examples\jmh\arrays\SortingTest.java,SortingTest.java,IndexSort,testDoubleSort3Internal,1,0,Stream<Arguments>,static,false,true,true,false
C:\Users\simon\Documents\Code\thesis-code\commons-numbers-master\commons-numbers-examples\examples-jmh\src\test\java\org\apache\commons\numbers\examples\jmh\arrays\SortingTest.java,SortingTest.java,IndexSort,testDoubleSort4Internal,1,0,Stream<Arguments>,static,false,true,true,false
C:\Users\simon\Documents\Code\thesis-code\commons-numbers-master\commons-numbers-examples\examples-jmh\src\test\java\org\apache\commons\numbers\examples\jmh\arrays\SortingTest.java,SortingTest.java,IndexSort,testDoubleSort5Internal,1,0,Stream<Arguments>,static,false,true,true,false
C:\Users\simon\Documents\Code\thesis-code\commons-numbers-master\commons-numbers-examples\examples-jmh\src\test\java\org\apache\commons\numbers\examples\jmh\arrays\SortingTest.java,SortingTest.java,IndexSort,testDoubleSort7Internal,1,0,Stream<Arguments>,static,false,true,true,false
C:\Users\simon\Documents\Code\thesis-code\commons-numbers-master\commons-numbers-examples\examples-jmh\src\test\java\org\apache\commons\numbers\examples\jmh\arrays\SortingTest.java,SortingTest.java,IndexSort,testDoubleSort8Internal,1,0,Stream<Arguments>,static,false,true,true,false
C:\Users\simon\Documents\Code\thesis-code\commons-numbers-master\commons-numbers-examples\examples-jmh\src\test\java\org\apache\commons\numbers\examples\jmh\arrays\SortingTest.java,SortingTest.java,IndexSort,testDoubleSort11Internal,1,0,Stream<Arguments>,static,false,true,true,false
C:\Users\simon\Documents\Code\thesis-code\commons-numbers-master\commons-numbers-examples\examples-jmh\src\test\java\org\apache\commons\numbers\examples\jmh\arrays\SortingTest.java,SortingTest.java,IndexSort,testDoubleSortInternal,4,1,Stream<Arguments>,static,false,true,true,false
C:\Users\simon\Documents\Code\thesis-code\commons-numbers-master\commons-numbers-examples\examples-jmh\src\test\java\org\apache\commons\numbers\examples\jmh\arrays\SortingTest.java,SortingTest.java,IndexSort,extractIndices,3,2,double[],private; static,false,false,true,false
C:\Users\simon\Documents\Code\thesis-code\commons-numbers-master\commons-numbers-examples\examples-jmh\src\test\java\org\apache\commons\numbers\examples\jmh\arrays\SortingTest.java,SortingTest.java,IndexSort,testLowerMedian4Internal,5,2,void,,false,true,true,false
C:\Users\simon\Documents\Code\thesis-code\commons-numbers-master\commons-numbers-examples\examples-jmh\src\test\java\org\apache\commons\numbers\examples\jmh\arrays\SortingTest.java,SortingTest.java,IndexSort,testLowerMedian4bInternal,5,2,void,,false,true,true,false
C:\Users\simon\Documents\Code\thesis-code\commons-numbers-master\commons-numbers-examples\examples-jmh\src\test\java\org\apache\commons\numbers\examples\jmh\arrays\SortingTest.java,SortingTest.java,IndexSort,testLowerMedian4cInternal,5,2,void,,false,true,true,false
C:\Users\simon\Documents\Code\thesis-code\commons-numbers-master\commons-numbers-examples\examples-jmh\src\test\java\org\apache\commons\numbers\examples\jmh\arrays\SortingTest.java,SortingTest.java,IndexSort,testLowerMedian4dInternal,5,2,void,,false,true,true,false
C:\Users\simon\Documents\Code\thesis-code\commons-numbers-master\commons-numbers-examples\examples-jmh\src\test\java\org\apache\commons\numbers\examples\jmh\arrays\SortingTest.java,SortingTest.java,IndexSort,testLowerMedian4eInternal,5,2,void,,false,true,true,false
C:\Users\simon\Documents\Code\thesis-code\commons-numbers-master\commons-numbers-examples\examples-jmh\src\test\java\org\apache\commons\numbers\examples\jmh\arrays\SortingTest.java,SortingTest.java,IndexSort,testUpperMedian4Internal,5,2,void,,false,true,true,false
C:\Users\simon\Documents\Code\thesis-code\commons-numbers-master\commons-numbers-examples\examples-jmh\src\test\java\org\apache\commons\numbers\examples\jmh\arrays\SortingTest.java,SortingTest.java,IndexSort,testUpperMedian4cInternal,5,2,void,,false,true,true,false
C:\Users\simon\Documents\Code\thesis-code\commons-numbers-master\commons-numbers-examples\examples-jmh\src\test\java\org\apache\commons\numbers\examples\jmh\arrays\SortingTest.java,SortingTest.java,IndexSort,testUpperMedian4dInternal,5,2,void,,false,true,true,false
C:\Users\simon\Documents\Code\thesis-code\commons-numbers-master\commons-numbers-examples\examples-jmh\src\test\java\org\apache\commons\numbers\examples\jmh\arrays\SortingTest.java,SortingTest.java,IndexSort,testLowerMedian4,1,1,void,,false,true,true,false
C:\Users\simon\Documents\Code\thesis-code\commons-numbers-master\commons-numbers-examples\examples-jmh\src\test\java\org\apache\commons\numbers\examples\jmh\arrays\SortingTest.java,SortingTest.java,IndexSort,testLowerMedian4b,1,1,void,,false,true,true,false
C:\Users\simon\Documents\Code\thesis-code\commons-numbers-master\commons-numbers-examples\examples-jmh\src\test\java\org\apache\commons\numbers\examples\jmh\arrays\SortingTest.java,SortingTest.java,IndexSort,testLowerMedian4c,1,1,void,,false,true,true,false
C:\Users\simon\Documents\Code\thesis-code\commons-numbers-master\commons-numbers-examples\examples-jmh\src\test\java\org\apache\commons\numbers\examples\jmh\arrays\SortingTest.java,SortingTest.java,IndexSort,testLowerMedian4d,1,1,void,,false,true,true,false
C:\Users\simon\Documents\Code\thesis-code\commons-numbers-master\commons-numbers-examples\examples-jmh\src\test\java\org\apache\commons\numbers\examples\jmh\arrays\SortingTest.java,SortingTest.java,IndexSort,testLowerMedian4e,1,1,void,,false,true,true,false
C:\Users\simon\Documents\Code\thesis-code\commons-numbers-master\commons-numbers-examples\examples-jmh\src\test\java\org\apache\commons\numbers\examples\jmh\arrays\SortingTest.java,SortingTest.java,IndexSort,testUpperMedian4,1,1,void,,false,true,true,false
C:\Users\simon\Documents\Code\thesis-code\commons-numbers-master\commons-numbers-examples\examples-jmh\src\test\java\org\apache\commons\numbers\examples\jmh\arrays\SortingTest.java,SortingTest.java,IndexSort,testUpperMedian4c,1,1,void,,false,true,true,false
C:\Users\simon\Documents\Code\thesis-code\commons-numbers-master\commons-numbers-examples\examples-jmh\src\test\java\org\apache\commons\numbers\examples\jmh\arrays\SortingTest.java,SortingTest.java,IndexSort,testUpperMedian4d,1,1,void,,false,true,true,false
C:\Users\simon\Documents\Code\thesis-code\commons-numbers-master\commons-numbers-examples\examples-jmh\src\test\java\org\apache\commons\numbers\examples\jmh\arrays\SortingTest.java,SortingTest.java,IndexSort,testMedian5Internal,6,2,void,,false,true,true,false
C:\Users\simon\Documents\Code\thesis-code\commons-numbers-master\commons-numbers-examples\examples-jmh\src\test\java\org\apache\commons\numbers\examples\jmh\arrays\SortingTest.java,SortingTest.java,IndexSort,testMedian5,1,1,void,,false,true,true,false
C:\Users\simon\Documents\Code\thesis-code\commons-numbers-master\commons-numbers-examples\examples-jmh\src\test\java\org\apache\commons\numbers\examples\jmh\arrays\SortingTest.java,SortingTest.java,IndexSort,testMedian5b,1,1,void,,false,true,true,false
C:\Users\simon\Documents\Code\thesis-code\commons-numbers-master\commons-numbers-examples\examples-jmh\src\test\java\org\apache\commons\numbers\examples\jmh\arrays\SortingTest.java,SortingTest.java,IndexSort,testMedian5c,1,1,void,,false,true,true,false
C:\Users\simon\Documents\Code\thesis-code\commons-numbers-master\commons-numbers-examples\examples-jmh\src\test\java\org\apache\commons\numbers\examples\jmh\arrays\SortingTest.java,SortingTest.java,IndexSort,testMedian5d,1,1,void,,false,true,true,false
C:\Users\simon\Documents\Code\thesis-code\commons-numbers-master\commons-numbers-examples\examples-jmh\src\test\java\org\apache\commons\numbers\examples\jmh\arrays\SortingTest.java,SortingTest.java,IndexSort,assertDoubleMedian,8,5,void,private; static,false,false,true,false
C:\Users\simon\Documents\Code\thesis-code\commons-numbers-master\commons-numbers-examples\examples-jmh\src\test\java\org\apache\commons\numbers\examples\jmh\arrays\SortingTest.java,SortingTest.java,IndexSort,testMin3,1,1,void,,false,true,true,false
C:\Users\simon\Documents\Code\thesis-code\commons-numbers-master\commons-numbers-examples\examples-jmh\src\test\java\org\apache\commons\numbers\examples\jmh\arrays\SortingTest.java,SortingTest.java,IndexSort,testMax3,1,1,void,,false,true,true,false
C:\Users\simon\Documents\Code\thesis-code\commons-numbers-master\commons-numbers-examples\examples-jmh\src\test\java\org\apache\commons\numbers\examples\jmh\arrays\SortingTest.java,SortingTest.java,IndexSort,testMin3Internal,4,2,void,,false,true,true,false
C:\Users\simon\Documents\Code\thesis-code\commons-numbers-master\commons-numbers-examples\examples-jmh\src\test\java\org\apache\commons\numbers\examples\jmh\arrays\SortingTest.java,SortingTest.java,IndexSort,testMax3Internal,4,2,void,,false,true,true,false
C:\Users\simon\Documents\Code\thesis-code\commons-numbers-master\commons-numbers-examples\examples-jmh\src\test\java\org\apache\commons\numbers\examples\jmh\arrays\SortingTest.java,SortingTest.java,IndexSort,assertDoubleMinMax,8,4,void,private; static,false,false,true,false
C:\Users\simon\Documents\Code\thesis-code\commons-numbers-master\commons-numbers-examples\examples-jmh\src\test\java\org\apache\commons\numbers\examples\jmh\arrays\SortingTest.java,SortingTest.java,IndexSort,assertDoubleMedian5,1,4,void,private; static,false,false,true,false
C:\Users\simon\Documents\Code\thesis-code\commons-numbers-master\commons-numbers-examples\examples-jmh\src\test\java\org\apache\commons\numbers\examples\jmh\arrays\SortingTest.java,SortingTest.java,IndexSort,testSortUniqueArray,1,2,void,,false,true,true,false
C:\Users\simon\Documents\Code\thesis-code\commons-numbers-master\commons-numbers-examples\examples-jmh\src\test\java\org\apache\commons\numbers\examples\jmh\arrays\SortingTest.java,SortingTest.java,IndexSort,testSortUniqueIndexSet,1,2,void,,false,true,true,false
C:\Users\simon\Documents\Code\thesis-code\commons-numbers-master\commons-numbers-examples\examples-jmh\src\test\java\org\apache\commons\numbers\examples\jmh\arrays\SortingTest.java,SortingTest.java,IndexSort,assertSortUnique,7,3,void,private; static,false,false,true,false
C:\Users\simon\Documents\Code\thesis-code\commons-numbers-master\commons-numbers-examples\examples-jmh\src\test\java\org\apache\commons\numbers\examples\jmh\arrays\SortingTest.java,SortingTest.java,IndexSort,testSortUnique,11,0,Stream<Arguments>,static,false,true,true,false
C:\Users\simon\Documents\Code\thesis-code\commons-numbers-master\commons-numbers-examples\examples-jmh\src\test\java\org\apache\commons\numbers\examples\jmh\arrays\SortingTest.java,SortingTest.java,IndexSort,testSortIndicesInsertionSort,1,2,void,,false,true,true,false
C:\Users\simon\Documents\Code\thesis-code\commons-numbers-master\commons-numbers-examples\examples-jmh\src\test\java\org\apache\commons\numbers\examples\jmh\arrays\SortingTest.java,SortingTest.java,IndexSort,testSortIndicesBinarySearch,1,2,void,,false,true,true,false
C:\Users\simon\Documents\Code\thesis-code\commons-numbers-master\commons-numbers-examples\examples-jmh\src\test\java\org\apache\commons\numbers\examples\jmh\arrays\SortingTest.java,SortingTest.java,IndexSort,testSortIndicesHeapSort,1,2,void,,false,true,true,false
C:\Users\simon\Documents\Code\thesis-code\commons-numbers-master\commons-numbers-examples\examples-jmh\src\test\java\org\apache\commons\numbers\examples\jmh\arrays\SortingTest.java,SortingTest.java,IndexSort,testSortIndicesSort,1,2,void,,false,true,true,false
C:\Users\simon\Documents\Code\thesis-code\commons-numbers-master\commons-numbers-examples\examples-jmh\src\test\java\org\apache\commons\numbers\examples\jmh\arrays\SortingTest.java,SortingTest.java,IndexSort,testSortIndicesIndexSet,1,2,void,,false,true,true,false
C:\Users\simon\Documents\Code\thesis-code\commons-numbers-master\commons-numbers-examples\examples-jmh\src\test\java\org\apache\commons\numbers\examples\jmh\arrays\SortingTest.java,SortingTest.java,IndexSort,testSortIndicesHashIndexSet,1,2,void,,false,true,true,false
C:\Users\simon\Documents\Code\thesis-code\commons-numbers-master\commons-numbers-examples\examples-jmh\src\test\java\org\apache\commons\numbers\examples\jmh\arrays\SortingTest.java,SortingTest.java,IndexSort,testSortIndices,1,2,void,,false,true,true,false
C:\Users\simon\Documents\Code\thesis-code\commons-numbers-master\commons-numbers-examples\examples-jmh\src\test\java\org\apache\commons\numbers\examples\jmh\arrays\SortingTest.java,SortingTest.java,IndexSort,assertSortIndices,11,4,void,private; static,false,false,true,false
C:\Users\simon\Documents\Code\thesis-code\commons-numbers-master\commons-numbers-examples\examples-jmh\src\test\java\org\apache\commons\numbers\examples\jmh\arrays\SortingTest.java,SortingTest.java,IndexSort,testSortIndices,29,0,Stream<Arguments>,static,false,true,true,false
C:\Users\simon\Documents\Code\thesis-code\commons-numbers-master\commons-numbers-examples\examples-jmh\src\test\java\org\apache\commons\numbers\examples\jmh\arrays\SortingTest.java,SortingTest.java,IndexSort,containsDuplicates,2,1,boolean,private; static,false,false,true,false
C:\Users\simon\Documents\Code\thesis-code\commons-numbers-master\commons-numbers-examples\examples-jmh\src\test\java\org\apache\commons\numbers\examples\jmh\arrays\SortingTest.java,SortingTest.java,IndexSort,replaceSignedZeros,2,1,double[],private; static,false,false,true,false
C:\Users\simon\Documents\Code\thesis-code\commons-numbers-master\commons-numbers-examples\examples-jmh\src\test\java\org\apache\commons\numbers\examples\jmh\arrays\SplittingIntervalTest.java,SplittingIntervalTest.java,SplittingIntervalTest,testKeyIntervalInvalidIndicesThrows,6,0,void,,true,true,true,true
C:\Users\simon\Documents\Code\thesis-code\commons-numbers-master\commons-numbers-examples\examples-jmh\src\test\java\org\apache\commons\numbers\examples\jmh\arrays\SplittingIntervalTest.java,SplittingIntervalTest.java,SplittingIntervalTest,testBitIndexUpdatingIntervalInvalidIndicesThrows,4,0,void,,true,true,true,true
C:\Users\simon\Documents\Code\thesis-code\commons-numbers-master\commons-numbers-examples\examples-jmh\src\test\java\org\apache\commons\numbers\examples\jmh\arrays\SplittingIntervalTest.java,SplittingIntervalTest.java,SplittingIntervalTest,testSplitKeyInterval,1,1,void,,false,true,true,true
C:\Users\simon\Documents\Code\thesis-code\commons-numbers-master\commons-numbers-examples\examples-jmh\src\test\java\org\apache\commons\numbers\examples\jmh\arrays\SplittingIntervalTest.java,SplittingIntervalTest.java,SplittingIntervalTest,testSplitBitIndexUpdatingInterval,2,1,void,,false,true,true,true
C:\Users\simon\Documents\Code\thesis-code\commons-numbers-master\commons-numbers-examples\examples-jmh\src\test\java\org\apache\commons\numbers\examples\jmh\arrays\SplittingIntervalTest.java,SplittingIntervalTest.java,SplittingIntervalTest,assertSplit,2,2,void,private; static,false,false,true,true
C:\Users\simon\Documents\Code\thesis-code\commons-numbers-master\commons-numbers-examples\examples-jmh\src\test\java\org\apache\commons\numbers\examples\jmh\arrays\SplittingIntervalTest.java,SplittingIntervalTest.java,SplittingIntervalTest,assertSplitMedian,15,4,void,private; static,false,false,true,true
C:\Users\simon\Documents\Code\thesis-code\commons-numbers-master\commons-numbers-examples\examples-jmh\src\test\java\org\apache\commons\numbers\examples\jmh\arrays\SplittingIntervalTest.java,SplittingIntervalTest.java,SplittingIntervalTest,assertSplitMiddleIndices,12,4,void,private; static,false,false,true,true
C:\Users\simon\Documents\Code\thesis-code\commons-numbers-master\commons-numbers-examples\examples-jmh\src\test\java\org\apache\commons\numbers\examples\jmh\arrays\SplittingIntervalTest.java,SplittingIntervalTest.java,SplittingIntervalTest,testIndices,1,0,Stream<int[]>,static,false,true,true,true
C:\Users\simon\Documents\Code\thesis-code\commons-numbers-master\commons-numbers-examples\examples-jmh\src\test\java\org\apache\commons\numbers\examples\jmh\arrays\TestUtils.java,TestUtils.java,TestUtils,assertEquals,1,4,double,static,false,false,true,true
C:\Users\simon\Documents\Code\thesis-code\commons-numbers-master\commons-numbers-examples\examples-jmh\src\test\java\org\apache\commons\numbers\examples\jmh\arrays\TestUtils.java,TestUtils.java,TestUtils,assertEquals,7,4,double,static,false,false,true,true
C:\Users\simon\Documents\Code\thesis-code\commons-numbers-master\commons-numbers-examples\examples-jmh\src\test\java\org\apache\commons\numbers\examples\jmh\arrays\TestUtils.java,TestUtils.java,TestUtils,printf,1,2,void,static,false,false,true,true
C:\Users\simon\Documents\Code\thesis-code\commons-numbers-master\commons-numbers-examples\examples-jmh\src\test\java\org\apache\commons\numbers\examples\jmh\arrays\TestUtils.java,TestUtils.java,TestUtils,prefix,1,1,String,static,false,false,true,true
C:\Users\simon\Documents\Code\thesis-code\commons-numbers-master\commons-numbers-examples\examples-jmh\src\test\java\org\apache\commons\numbers\examples\jmh\arrays\UpdatingIntervalTest.java,UpdatingIntervalTest.java,UpdatingIntervalTest,testPointInterval,7,1,void,,false,true,true,true
C:\Users\simon\Documents\Code\thesis-code\commons-numbers-master\commons-numbers-examples\examples-jmh\src\test\java\org\apache\commons\numbers\examples\jmh\arrays\UpdatingIntervalTest.java,UpdatingIntervalTest.java,UpdatingIntervalTest,testRangeInterval,8,2,void,,false,true,true,true
C:\Users\simon\Documents\Code\thesis-code\commons-numbers-master\commons-numbers-examples\examples-jmh\src\test\java\org\apache\commons\numbers\examples\jmh\arrays\UpdatingIntervalTest.java,UpdatingIntervalTest.java,UpdatingIntervalTest,testKeyIntervalInvalidIndicesThrows,6,0,void,,true,true,true,true
C:\Users\simon\Documents\Code\thesis-code\commons-numbers-master\commons-numbers-examples\examples-jmh\src\test\java\org\apache\commons\numbers\examples\jmh\arrays\UpdatingIntervalTest.java,UpdatingIntervalTest.java,UpdatingIntervalTest,testBitIndexUpdatingIntervalInvalidIndicesThrows,4,0,void,,true,true,true,true
C:\Users\simon\Documents\Code\thesis-code\commons-numbers-master\commons-numbers-examples\examples-jmh\src\test\java\org\apache\commons\numbers\examples\jmh\arrays\UpdatingIntervalTest.java,UpdatingIntervalTest.java,UpdatingIntervalTest,testUpdateKeyInterval,1,1,void,,false,true,true,true
C:\Users\simon\Documents\Code\thesis-code\commons-numbers-master\commons-numbers-examples\examples-jmh\src\test\java\org\apache\commons\numbers\examples\jmh\arrays\UpdatingIntervalTest.java,UpdatingIntervalTest.java,UpdatingIntervalTest,testUpdateIndexSetInterval,2,1,void,,false,true,true,true
C:\Users\simon\Documents\Code\thesis-code\commons-numbers-master\commons-numbers-examples\examples-jmh\src\test\java\org\apache\commons\numbers\examples\jmh\arrays\UpdatingIntervalTest.java,UpdatingIntervalTest.java,UpdatingIntervalTest,testUpdateBitIndexUpdatingInterval,2,1,void,,false,true,true,true
C:\Users\simon\Documents\Code\thesis-code\commons-numbers-master\commons-numbers-examples\examples-jmh\src\test\java\org\apache\commons\numbers\examples\jmh\arrays\UpdatingIntervalTest.java,UpdatingIntervalTest.java,UpdatingIntervalTest,testUpdateIndexInterval,1,1,void,,false,true,true,true
C:\Users\simon\Documents\Code\thesis-code\commons-numbers-master\commons-numbers-examples\examples-jmh\src\test\java\org\apache\commons\numbers\examples\jmh\arrays\UpdatingIntervalTest.java,UpdatingIntervalTest.java,UpdatingIntervalTest,testSplitKeyInterval,1,1,void,,false,true,true,true
C:\Users\simon\Documents\Code\thesis-code\commons-numbers-master\commons-numbers-examples\examples-jmh\src\test\java\org\apache\commons\numbers\examples\jmh\arrays\UpdatingIntervalTest.java,UpdatingIntervalTest.java,UpdatingIntervalTest,testSplitIndexSetInterval,2,1,void,,false,true,true,true
C:\Users\simon\Documents\Code\thesis-code\commons-numbers-master\commons-numbers-examples\examples-jmh\src\test\java\org\apache\commons\numbers\examples\jmh\arrays\UpdatingIntervalTest.java,UpdatingIntervalTest.java,UpdatingIntervalTest,testSplitBitIndexUpdatingInterval,2,1,void,,false,true,true,true
C:\Users\simon\Documents\Code\thesis-code\commons-numbers-master\commons-numbers-examples\examples-jmh\src\test\java\org\apache\commons\numbers\examples\jmh\arrays\UpdatingIntervalTest.java,UpdatingIntervalTest.java,UpdatingIntervalTest,testSplitIndexInterval,1,1,void,,false,true,true,true
C:\Users\simon\Documents\Code\thesis-code\commons-numbers-master\commons-numbers-examples\examples-jmh\src\test\java\org\apache\commons\numbers\examples\jmh\arrays\UpdatingIntervalTest.java,UpdatingIntervalTest.java,UpdatingIntervalTest,assertUpdate,9,2,void,private; static,false,false,true,true
C:\Users\simon\Documents\Code\thesis-code\commons-numbers-master\commons-numbers-examples\examples-jmh\src\test\java\org\apache\commons\numbers\examples\jmh\arrays\UpdatingIntervalTest.java,UpdatingIntervalTest.java,UpdatingIntervalTest,assertSplit,4,2,void,private; static,false,false,true,true
C:\Users\simon\Documents\Code\thesis-code\commons-numbers-master\commons-numbers-examples\examples-jmh\src\test\java\org\apache\commons\numbers\examples\jmh\arrays\UpdatingIntervalTest.java,UpdatingIntervalTest.java,UpdatingIntervalTest,assertSplitMedian,16,5,void,private; static,false,false,true,true
C:\Users\simon\Documents\Code\thesis-code\commons-numbers-master\commons-numbers-examples\examples-jmh\src\test\java\org\apache\commons\numbers\examples\jmh\arrays\UpdatingIntervalTest.java,UpdatingIntervalTest.java,UpdatingIntervalTest,assertSplitMiddleIndices,13,5,void,private; static,false,false,true,true
C:\Users\simon\Documents\Code\thesis-code\commons-numbers-master\commons-numbers-examples\examples-jmh\src\test\java\org\apache\commons\numbers\examples\jmh\arrays\UpdatingIntervalTest.java,UpdatingIntervalTest.java,UpdatingIntervalTest,testIndices,1,0,Stream<int[]>,static,false,true,true,true
C:\Users\simon\Documents\Code\thesis-code\commons-numbers-master\commons-numbers-examples\examples-jmh\src\test\java\org\apache\commons\numbers\examples\jmh\arrays\UpdatingIntervalTest.java,UpdatingIntervalTest.java,UpdatingIntervalTest,testIndexIntervalCreate,19,0,void,,true,true,true,true
C:\Users\simon\Documents\Code\thesis-code\commons-numbers-master\commons-numbers-examples\examples-jmh\src\test\java\org\apache\commons\numbers\examples\jmh\arrays\UpdatingIntervalTest.java,UpdatingIntervalTest.java,UpdatingIntervalTest,reverse,1,3,void,private; static,false,false,true,true
C:\Users\simon\Documents\Code\thesis-code\commons-numbers-master\commons-numbers-examples\examples-jmh\src\test\java\org\apache\commons\numbers\examples\jmh\core\DDPerformanceTest.java,DDPerformanceTest.java,DDPerformanceTest,testKSFunction,4,4,void,,false,true,true,true
C:\Users\simon\Documents\Code\thesis-code\commons-numbers-master\commons-numbers-examples\examples-jmh\src\test\java\org\apache\commons\numbers\examples\jmh\core\DoublePrecisionTest.java,DoublePrecisionTest.java,DoublePrecisionTest,testSplitAssumptions,7,0,void,,true,true,true,true
C:\Users\simon\Documents\Code\thesis-code\commons-numbers-master\commons-numbers-examples\examples-jmh\src\test\java\org\apache\commons\numbers\examples\jmh\core\DoublePrecisionTest.java,DoublePrecisionTest.java,DoublePrecisionTest,testHighPart,5,0,void,,true,true,true,true
C:\Users\simon\Documents\Code\thesis-code\commons-numbers-master\commons-numbers-examples\examples-jmh\src\test\java\org\apache\commons\numbers\examples\jmh\core\DoublePrecisionTest.java,DoublePrecisionTest.java,DoublePrecisionTest,testHighPartUnscaled,5,0,void,,true,true,true,true
C:\Users\simon\Documents\Code\thesis-code\commons-numbers-master\commons-numbers-examples\examples-jmh\src\test\java\org\apache\commons\numbers\examples\jmh\core\DoublePrecisionTest.java,DoublePrecisionTest.java,DoublePrecisionTest,testProductLow,7,0,void,,true,true,true,true
C:\Users\simon\Documents\Code\thesis-code\commons-numbers-master\commons-numbers-examples\examples-jmh\src\test\java\org\apache\commons\numbers\examples\jmh\core\DoublePrecisionTest.java,DoublePrecisionTest.java,DoublePrecisionTest,assertProductLow,1,3,void,private; static,false,false,true,true
C:\Users\simon\Documents\Code\thesis-code\commons-numbers-master\commons-numbers-examples\examples-jmh\src\test\java\org\apache\commons\numbers\examples\jmh\core\DoublePrecisionTest.java,DoublePrecisionTest.java,DoublePrecisionTest,testIsNotNormal,2,0,void,,true,true,true,true
C:\Users\simon\Documents\Code\thesis-code\commons-numbers-master\commons-numbers-examples\examples-jmh\src\test\java\org\apache\commons\numbers\examples\jmh\core\EuclideanNormAccuracyTest.java,EuclideanNormAccuracyTest.java,EuclideanNormAccuracyTest,reportUlpErrors,4,0,void,,true,false,true,true
C:\Users\simon\Documents\Code\thesis-code\commons-numbers-master\commons-numbers-examples\examples-jmh\src\test\java\org\apache\commons\numbers\examples\jmh\core\EuclideanNormAccuracyTest.java,EuclideanNormAccuracyTest.java,EuclideanNormAccuracyTest,evaluate,2,4,void,private; static,false,false,true,true
C:\Users\simon\Documents\Code\thesis-code\commons-numbers-master\commons-numbers-examples\examples-jmh\src\test\java\org\apache\commons\numbers\examples\jmh\core\EuclideanNormAccuracyTest.java,EuclideanNormAccuracyTest.java,EuclideanNormAccuracyTest,writeResults,1,3,void,private; static,false,false,true,true
C:\Users\simon\Documents\Code\thesis-code\commons-numbers-master\commons-numbers-examples\examples-jmh\src\test\java\org\apache\commons\numbers\examples\jmh\core\EuclideanNormAccuracyTest.java,EuclideanNormAccuracyTest.java,EuclideanNormAccuracyTest,createInputVectors,3,3,double[][],private; static,false,false,true,true
C:\Users\simon\Documents\Code\thesis-code\commons-numbers-master\commons-numbers-examples\examples-jmh\src\test\java\org\apache\commons\numbers\examples\jmh\core\EuclideanNormAccuracyTest.java,EuclideanNormAccuracyTest.java,EuclideanNormAccuracyTest,scaleInputVectors,3,2,double[][],private; static,false,false,true,true
C:\Users\simon\Documents\Code\thesis-code\commons-numbers-master\commons-numbers-examples\examples-jmh\src\test\java\org\apache\commons\numbers\examples\jmh\core\LinearCombinationAccuracyTest.java,LinearCombinationAccuracyTest.java,LinearCombinationAccuracyTest,provideLinearCombination,1,0,Stream<Arguments>,static,false,false,true,true
C:\Users\simon\Documents\Code\thesis-code\commons-numbers-master\commons-numbers-examples\examples-jmh\src\test\java\org\apache\commons\numbers\examples\jmh\core\LinearCombinationAccuracyTest.java,LinearCombinationAccuracyTest.java,LinearCombinationAccuracyTest,testDotProduct,12,3,void,,false,true,true,true
C:\Users\simon\Documents\Code\thesis-code\commons-numbers-master\commons-numbers-examples\examples-jmh\src\test\java\org\apache\commons\numbers\examples\jmh\core\LinearCombinationAccuracyTest.java,LinearCombinationAccuracyTest.java,LinearCombinationAccuracyTest,reportRelativeError,24,0,void,,true,false,true,true
C:\Users\simon\Documents\Code\thesis-code\commons-numbers-master\commons-numbers-examples\examples-jmh\src\test\java\org\apache\commons\numbers\examples\jmh\core\LinearCombinationAccuracyTest.java,LinearCombinationAccuracyTest.java,LinearCombinationAccuracyTest,addMethod,2,4,void,private; static,false,false,true,true
C:\Users\simon\Documents\Code\thesis-code\commons-numbers-master\commons-numbers-examples\examples-jmh\src\test\java\org\apache\commons\numbers\examples\jmh\core\LinearCombinationAccuracyTest.java,LinearCombinationAccuracyTest.java,LinearCombinationAccuracyTest,compute,1,4,double,private; static,false,false,true,true
C:\Users\simon\Documents\Code\thesis-code\commons-numbers-master\commons-numbers-examples\examples-jmh\src\test\java\org\apache\commons\numbers\examples\jmh\core\LinearCombinationAccuracyTest.java,LinearCombinationAccuracyTest.java,LinearCombinationAccuracyTest,relativeError,1,2,double,private; static,false,false,true,true
C:\Users\simon\Documents\Code\thesis-code\commons-numbers-master\commons-numbers-examples\examples-jmh\src\test\java\org\apache\commons\numbers\examples\jmh\core\LinearCombinationsTest.java,LinearCombinationsTest.java,LinearCombinationsTest,provideLinearCombination,1,0,Stream<Arguments>,static,false,false,true,true
C:\Users\simon\Documents\Code\thesis-code\commons-numbers-master\commons-numbers-examples\examples-jmh\src\test\java\org\apache\commons\numbers\examples\jmh\core\LinearCombinationsTest.java,LinearCombinationsTest.java,LinearCombinationsTest,testSingleElementArray,3,1,void,,false,true,true,true
C:\Users\simon\Documents\Code\thesis-code\commons-numbers-master\commons-numbers-examples\examples-jmh\src\test\java\org\apache\commons\numbers\examples\jmh\core\LinearCombinationsTest.java,LinearCombinationsTest.java,LinearCombinationsTest,testTwoSums,16,1,void,,false,true,true,true
C:\Users\simon\Documents\Code\thesis-code\commons-numbers-master\commons-numbers-examples\examples-jmh\src\test\java\org\apache\commons\numbers\examples\jmh\core\LinearCombinationsTest.java,LinearCombinationsTest.java,LinearCombinationsTest,testHuge,14,1,void,,false,true,true,true
C:\Users\simon\Documents\Code\thesis-code\commons-numbers-master\commons-numbers-examples\examples-jmh\src\test\java\org\apache\commons\numbers\examples\jmh\core\LinearCombinationsTest.java,LinearCombinationsTest.java,LinearCombinationsTest,testArrayVsInline,8,1,void,,false,true,true,true
C:\Users\simon\Documents\Code\thesis-code\commons-numbers-master\commons-numbers-examples\examples-jmh\src\test\java\org\apache\commons\numbers\examples\jmh\core\LinearCombinationsTest.java,LinearCombinationsTest.java,LinearCombinationsTest,testNonFinite,49,1,void,,false,true,true,true
C:\Users\simon\Documents\Code\thesis-code\commons-numbers-master\commons-numbers-examples\examples-jmh\src\test\java\org\apache\commons\numbers\examples\jmh\core\LinearCombinationsTest.java,LinearCombinationsTest.java,LinearCombinationsTest,testOverflow,39,0,void,,true,true,true,true
C:\Users\simon\Documents\Code\thesis-code\commons-numbers-master\commons-numbers-examples\examples-jmh\src\test\java\org\apache\commons\numbers\examples\jmh\core\LinearCombinationsTest.java,LinearCombinationsTest.java,LinearCombinationsTest,testCisNumber,4,0,void,,true,true,true,true
C:\Users\simon\Documents\Code\thesis-code\commons-numbers-master\commons-numbers-examples\examples-jmh\src\test\java\org\apache\commons\numbers\examples\jmh\core\LinearCombinationsTest.java,LinearCombinationsTest.java,LinearCombinationsTest,testSumZero,3,0,void,,true,true,true,true
C:\Users\simon\Documents\Code\thesis-code\commons-numbers-master\commons-numbers-examples\examples-jmh\src\test\java\org\apache\commons\numbers\examples\jmh\core\LinearCombinationsTest.java,LinearCombinationsTest.java,LinearCombinationsTest,assertValue,2,3,void,private; static,false,false,true,true
C:\Users\simon\Documents\Code\thesis-code\commons-numbers-master\commons-numbers-examples\examples-jmh\src\test\java\org\apache\commons\numbers\examples\jmh\core\LinearCombinationsTest.java,LinearCombinationsTest.java,LinearCombinationsTest,computeValue,3,2,double,private; static,false,false,true,true
C:\Users\simon\Documents\Code\thesis-code\commons-numbers-master\commons-numbers-examples\examples-jmh\src\test\java\org\apache\commons\numbers\examples\jmh\core\LinearCombinationsTest.java,LinearCombinationsTest.java,LinearCombinationsTest,ulps,4,2,long,private; static,false,false,true,true
C:\Users\simon\Documents\Code\thesis-code\commons-numbers-master\commons-numbers-examples\examples-jmh\src\test\java\org\apache\commons\numbers\examples\jmh\core\LinearCombinationsTest.java,LinearCombinationsTest.java,LinearCombinationsTest,clip,5,1,BigDecimal,private; static,false,false,true,true
C:\Users\simon\Documents\Code\thesis-code\commons-numbers-master\commons-numbers-examples\examples-jmh\src\test\java\org\apache\commons\numbers\examples\jmh\core\LinearCombinationsTest.java,LinearCombinationsTest.java,LinearCombinationsTest,testClip,9,0,void,,true,true,true,true
C:\Users\simon\Documents\Code\thesis-code\commons-numbers-master\commons-numbers-examples\examples-jmh\src\test\java\org\apache\commons\numbers\examples\jmh\gamma\GammaContinuedFractionTest.java,GammaContinuedFractionTest.java,GammaContinuedFractionTest,testContinuedFraction,3,1,void,,false,true,true,true
