FilePath,FileName,ClassName,MethodName,TotalStatements,TotalParameters,ReturnType,AccessModifier,MethodHasAnnotation,MethodHasTestInName,FileHasTestInName,ClassHasTestInName
C:\Users\simon\Documents\Code\thesis-code\commons-numbers-master\commons-numbers-examples\examples-jmh\src\test\java\org\apache\commons\numbers\examples\jmh\arrays\CompressedIndexSetTest.java,CompressedIndexSetTest.java,CompressedIndexSetTest,testInvalidRangeThrows,11,0,void,,true,true,true,true
C:\Users\simon\Documents\Code\thesis-code\commons-numbers-master\commons-numbers-examples\examples-jmh\src\test\java\org\apache\commons\numbers\examples\jmh\arrays\CompressedIndexSetTest.java,CompressedIndexSetTest.java,CompressedIndexSetTest,testInvalidCompressionThrows,1,0,void,,true,true,true,true
C:\Users\simon\Documents\Code\thesis-code\commons-numbers-master\commons-numbers-examples\examples-jmh\src\test\java\org\apache\commons\numbers\examples\jmh\arrays\CompressedIndexSetTest.java,CompressedIndexSetTest.java,CompressedIndexSetTest,testGetSet,1,2,void,,false,true,true,true
C:\Users\simon\Documents\Code\thesis-code\commons-numbers-master\commons-numbers-examples\examples-jmh\src\test\java\org\apache\commons\numbers\examples\jmh\arrays\CompressedIndexSetTest.java,CompressedIndexSetTest.java,CompressedIndexSetTest,testPreviousIndexOrLeftMinus1,1,2,void,,false,true,true,true
C:\Users\simon\Documents\Code\thesis-code\commons-numbers-master\commons-numbers-examples\examples-jmh\src\test\java\org\apache\commons\numbers\examples\jmh\arrays\CompressedIndexSetTest.java,CompressedIndexSetTest.java,CompressedIndexSetTest,testNextIndexOrRightPlus1,1,2,void,,false,true,true,true
C:\Users\simon\Documents\Code\thesis-code\commons-numbers-master\commons-numbers-examples\examples-jmh\src\test\java\org\apache\commons\numbers\examples\jmh\arrays\CompressedIndexSetTest.java,CompressedIndexSetTest.java,CompressedIndexSetTest,testNextPreviousIndex,1,2,void,,false,true,true,true
C:\Users\simon\Documents\Code\thesis-code\commons-numbers-master\commons-numbers-examples\examples-jmh\src\test\java\org\apache\commons\numbers\examples\jmh\arrays\CompressedIndexSetTest.java,CompressedIndexSetTest.java,CompressedIndexSetTest,testGetSet,9,0,Stream<Arguments>,static,false,true,true,true
C:\Users\simon\Documents\Code\thesis-code\commons-numbers-master\commons-numbers-examples\examples-jmh\src\test\java\org\apache\commons\numbers\examples\jmh\arrays\CompressedIndexSetTest.java,CompressedIndexSetTest.java,CompressedIndexSetTest,testGetSet2,6,2,void,,false,true,true,true
C:\Users\simon\Documents\Code\thesis-code\commons-numbers-master\commons-numbers-examples\examples-jmh\src\test\java\org\apache\commons\numbers\examples\jmh\arrays\CompressedIndexSetTest.java,CompressedIndexSetTest.java,CompressedIndexSetTest,testNextPreviousIndex2,10,2,void,,false,true,true,true
C:\Users\simon\Documents\Code\thesis-code\commons-numbers-master\commons-numbers-examples\examples-jmh\src\test\java\org\apache\commons\numbers\examples\jmh\arrays\CompressedIndexSetTest.java,CompressedIndexSetTest.java,CompressedIndexSetTest,createCompressedIndexSet,6,2,CompressedIndexSet,private; static,false,false,true,true
C:\Users\simon\Documents\Code\thesis-code\commons-numbers-master\commons-numbers-examples\examples-jmh\src\test\java\org\apache\commons\numbers\examples\jmh\arrays\CompressedIndexSetTest.java,CompressedIndexSetTest.java,CompressedIndexSetTest,createCompressedIndexSet2,6,1,CompressedIndexSet2,private; static,false,false,true,true
C:\Users\simon\Documents\Code\thesis-code\commons-numbers-master\commons-numbers-examples\examples-jmh\src\test\java\org\apache\commons\numbers\examples\jmh\arrays\CompressedIndexSetTest.java,CompressedIndexSetTest.java,CompressedIndexSetTest,getCompressedIndexLow,1,3,int,private; static,false,false,true,true
C:\Users\simon\Documents\Code\thesis-code\commons-numbers-master\commons-numbers-examples\examples-jmh\src\test\java\org\apache\commons\numbers\examples\jmh\arrays\CompressedIndexSetTest.java,CompressedIndexSetTest.java,CompressedIndexSetTest,getCompressedIndexHigh,1,4,int,private; static,false,false,true,true
C:\Users\simon\Documents\Code\thesis-code\commons-numbers-master\commons-numbers-examples\examples-jmh\src\test\java\org\apache\commons\numbers\examples\jmh\arrays\DoubleDataTransformersTest.java,DoubleDataTransformersTest.java,DoubleDataTransformersTest,testNaNErrorWithNaN,4,1,void,,false,true,true,true
C:\Users\simon\Documents\Code\thesis-code\commons-numbers-master\commons-numbers-examples\examples-jmh\src\test\java\org\apache\commons\numbers\examples\jmh\arrays\DoubleDataTransformersTest.java,DoubleDataTransformersTest.java,DoubleDataTransformersTest,testNaNError,2,1,void,,false,true,true,true
C:\Users\simon\Documents\Code\thesis-code\commons-numbers-master\commons-numbers-examples\examples-jmh\src\test\java\org\apache\commons\numbers\examples\jmh\arrays\DoubleDataTransformersTest.java,DoubleDataTransformersTest.java,DoubleDataTransformersTest,testNaNInclude,2,1,void,,false,true,true,true
C:\Users\simon\Documents\Code\thesis-code\commons-numbers-master\commons-numbers-examples\examples-jmh\src\test\java\org\apache\commons\numbers\examples\jmh\arrays\DoubleDataTransformersTest.java,DoubleDataTransformersTest.java,DoubleDataTransformersTest,testNaNExclude,2,1,void,,false,true,true,true
C:\Users\simon\Documents\Code\thesis-code\commons-numbers-master\commons-numbers-examples\examples-jmh\src\test\java\org\apache\commons\numbers\examples\jmh\arrays\DoubleDataTransformersTest.java,DoubleDataTransformersTest.java,DoubleDataTransformersTest,assertSortTransformer,10,4,void,private; static,false,false,true,true
C:\Users\simon\Documents\Code\thesis-code\commons-numbers-master\commons-numbers-examples\examples-jmh\src\test\java\org\apache\commons\numbers\examples\jmh\arrays\DoubleDataTransformersTest.java,DoubleDataTransformersTest.java,DoubleDataTransformersTest,nanData,19,0,Stream<double[]>,static,false,false,true,true
C:\Users\simon\Documents\Code\thesis-code\commons-numbers-master\commons-numbers-examples\examples-jmh\src\test\java\org\apache\commons\numbers\examples\jmh\arrays\DoubleDataTransformersTest.java,DoubleDataTransformersTest.java,DoubleDataTransformersTest,nonNanData,14,0,Stream<double[]>,static,false,false,true,true
C:\Users\simon\Documents\Code\thesis-code\commons-numbers-master\commons-numbers-examples\examples-jmh\src\test\java\org\apache\commons\numbers\examples\jmh\arrays\DoubleMathTest.java,DoubleMathTest.java,DoubleMathTest,testGreaterThanLessThan,3,0,void,,true,true,true,true
C:\Users\simon\Documents\Code\thesis-code\commons-numbers-master\commons-numbers-examples\examples-jmh\src\test\java\org\apache\commons\numbers\examples\jmh\arrays\DualPivotingStrategyTest.java,DualPivotingStrategyTest.java,DualPivotingStrategyTest,testMedians,1,1,void,,false,true,true,true
C:\Users\simon\Documents\Code\thesis-code\commons-numbers-master\commons-numbers-examples\examples-jmh\src\test\java\org\apache\commons\numbers\examples\jmh\arrays\DualPivotingStrategyTest.java,DualPivotingStrategyTest.java,DualPivotingStrategyTest,testSort5,1,1,void,,false,true,true,true
C:\Users\simon\Documents\Code\thesis-code\commons-numbers-master\commons-numbers-examples\examples-jmh\src\test\java\org\apache\commons\numbers\examples\jmh\arrays\DualPivotingStrategyTest.java,DualPivotingStrategyTest.java,DualPivotingStrategyTest,testSort5B,1,1,void,,false,true,true,true
C:\Users\simon\Documents\Code\thesis-code\commons-numbers-master\commons-numbers-examples\examples-jmh\src\test\java\org\apache\commons\numbers\examples\jmh\arrays\DualPivotingStrategyTest.java,DualPivotingStrategyTest.java,DualPivotingStrategyTest,testSort5BSP,1,1,void,,false,true,true,true
C:\Users\simon\Documents\Code\thesis-code\commons-numbers-master\commons-numbers-examples\examples-jmh\src\test\java\org\apache\commons\numbers\examples\jmh\arrays\DualPivotingStrategyTest.java,DualPivotingStrategyTest.java,DualPivotingStrategyTest,testSort5C,1,1,void,,false,true,true,true
C:\Users\simon\Documents\Code\thesis-code\commons-numbers-master\commons-numbers-examples\examples-jmh\src\test\java\org\apache\commons\numbers\examples\jmh\arrays\DualPivotingStrategyTest.java,DualPivotingStrategyTest.java,DualPivotingStrategyTest,testSort5of3,2,1,void,,false,true,true,true
C:\Users\simon\Documents\Code\thesis-code\commons-numbers-master\commons-numbers-examples\examples-jmh\src\test\java\org\apache\commons\numbers\examples\jmh\arrays\DualPivotingStrategyTest.java,DualPivotingStrategyTest.java,DualPivotingStrategyTest,testSort4of3,2,1,void,,false,true,true,true
C:\Users\simon\Documents\Code\thesis-code\commons-numbers-master\commons-numbers-examples\examples-jmh\src\test\java\org\apache\commons\numbers\examples\jmh\arrays\DualPivotingStrategyTest.java,DualPivotingStrategyTest.java,DualPivotingStrategyTest,testSort3of3,2,1,void,,false,true,true,true
C:\Users\simon\Documents\Code\thesis-code\commons-numbers-master\commons-numbers-examples\examples-jmh\src\test\java\org\apache\commons\numbers\examples\jmh\arrays\DualPivotingStrategyTest.java,DualPivotingStrategyTest.java,DualPivotingStrategyTest,testSort5of5,2,1,void,,false,true,true,true
C:\Users\simon\Documents\Code\thesis-code\commons-numbers-master\commons-numbers-examples\examples-jmh\src\test\java\org\apache\commons\numbers\examples\jmh\arrays\DualPivotingStrategyTest.java,DualPivotingStrategyTest.java,DualPivotingStrategyTest,testSort7,2,1,void,,false,true,true,true
C:\Users\simon\Documents\Code\thesis-code\commons-numbers-master\commons-numbers-examples\examples-jmh\src\test\java\org\apache\commons\numbers\examples\jmh\arrays\DualPivotingStrategyTest.java,DualPivotingStrategyTest.java,DualPivotingStrategyTest,testSort8,2,1,void,,false,true,true,true
C:\Users\simon\Documents\Code\thesis-code\commons-numbers-master\commons-numbers-examples\examples-jmh\src\test\java\org\apache\commons\numbers\examples\jmh\arrays\DualPivotingStrategyTest.java,DualPivotingStrategyTest.java,DualPivotingStrategyTest,testSort11,2,1,void,,false,true,true,true
C:\Users\simon\Documents\Code\thesis-code\commons-numbers-master\commons-numbers-examples\examples-jmh\src\test\java\org\apache\commons\numbers\examples\jmh\arrays\DualPivotingStrategyTest.java,DualPivotingStrategyTest.java,DualPivotingStrategyTest,assertPivots,17,2,void,private; static,false,false,true,true
C:\Users\simon\Documents\Code\thesis-code\commons-numbers-master\commons-numbers-examples\examples-jmh\src\test\java\org\apache\commons\numbers\examples\jmh\arrays\DualPivotingStrategyTest.java,DualPivotingStrategyTest.java,DualPivotingStrategyTest,testMediansIndexing,1,0,void,,true,true,true,true
C:\Users\simon\Documents\Code\thesis-code\commons-numbers-master\commons-numbers-examples\examples-jmh\src\test\java\org\apache\commons\numbers\examples\jmh\arrays\DualPivotingStrategyTest.java,DualPivotingStrategyTest.java,DualPivotingStrategyTest,testSort5Indexing,1,0,void,,true,true,true,true
C:\Users\simon\Documents\Code\thesis-code\commons-numbers-master\commons-numbers-examples\examples-jmh\src\test\java\org\apache\commons\numbers\examples\jmh\arrays\DualPivotingStrategyTest.java,DualPivotingStrategyTest.java,DualPivotingStrategyTest,testSort5BIndexing,1,0,void,,true,true,true,true
C:\Users\simon\Documents\Code\thesis-code\commons-numbers-master\commons-numbers-examples\examples-jmh\src\test\java\org\apache\commons\numbers\examples\jmh\arrays\DualPivotingStrategyTest.java,DualPivotingStrategyTest.java,DualPivotingStrategyTest,testSort5BSPIndexing,1,0,void,,true,true,true,true
C:\Users\simon\Documents\Code\thesis-code\commons-numbers-master\commons-numbers-examples\examples-jmh\src\test\java\org\apache\commons\numbers\examples\jmh\arrays\DualPivotingStrategyTest.java,DualPivotingStrategyTest.java,DualPivotingStrategyTest,testSort5CIndexing,1,0,void,,true,true,true,true
C:\Users\simon\Documents\Code\thesis-code\commons-numbers-master\commons-numbers-examples\examples-jmh\src\test\java\org\apache\commons\numbers\examples\jmh\arrays\DualPivotingStrategyTest.java,DualPivotingStrategyTest.java,DualPivotingStrategyTest,testSort5of3Indexing,1,0,void,,true,true,true,true
C:\Users\simon\Documents\Code\thesis-code\commons-numbers-master\commons-numbers-examples\examples-jmh\src\test\java\org\apache\commons\numbers\examples\jmh\arrays\DualPivotingStrategyTest.java,DualPivotingStrategyTest.java,DualPivotingStrategyTest,testSort4of3Indexing,1,0,void,,true,true,true,true
C:\Users\simon\Documents\Code\thesis-code\commons-numbers-master\commons-numbers-examples\examples-jmh\src\test\java\org\apache\commons\numbers\examples\jmh\arrays\DualPivotingStrategyTest.java,DualPivotingStrategyTest.java,DualPivotingStrategyTest,testSort3of3Indexing,1,0,void,,true,true,true,true
C:\Users\simon\Documents\Code\thesis-code\commons-numbers-master\commons-numbers-examples\examples-jmh\src\test\java\org\apache\commons\numbers\examples\jmh\arrays\DualPivotingStrategyTest.java,DualPivotingStrategyTest.java,DualPivotingStrategyTest,testSort5of5Indexing,1,0,void,,true,true,true,true
C:\Users\simon\Documents\Code\thesis-code\commons-numbers-master\commons-numbers-examples\examples-jmh\src\test\java\org\apache\commons\numbers\examples\jmh\arrays\DualPivotingStrategyTest.java,DualPivotingStrategyTest.java,DualPivotingStrategyTest,testSort7Indexing,1,0,void,,true,true,true,true
C:\Users\simon\Documents\Code\thesis-code\commons-numbers-master\commons-numbers-examples\examples-jmh\src\test\java\org\apache\commons\numbers\examples\jmh\arrays\DualPivotingStrategyTest.java,DualPivotingStrategyTest.java,DualPivotingStrategyTest,testSort8Indexing,1,0,void,,true,true,true,true
C:\Users\simon\Documents\Code\thesis-code\commons-numbers-master\commons-numbers-examples\examples-jmh\src\test\java\org\apache\commons\numbers\examples\jmh\arrays\DualPivotingStrategyTest.java,DualPivotingStrategyTest.java,DualPivotingStrategyTest,testSort11Indexing,1,0,void,,true,true,true,true
C:\Users\simon\Documents\Code\thesis-code\commons-numbers-master\commons-numbers-examples\examples-jmh\src\test\java\org\apache\commons\numbers\examples\jmh\arrays\DualPivotingStrategyTest.java,DualPivotingStrategyTest.java,DualPivotingStrategyTest,assertIndexing,4,2,void,private; static,false,false,true,true
C:\Users\simon\Documents\Code\thesis-code\commons-numbers-master\commons-numbers-examples\examples-jmh\src\test\java\org\apache\commons\numbers\examples\jmh\arrays\DualPivotingStrategyTest.java,DualPivotingStrategyTest.java,DualPivotingStrategyTest,testMedians,7,0,Stream<double[]>,static,false,true,true,true
C:\Users\simon\Documents\Code\thesis-code\commons-numbers-master\commons-numbers-examples\examples-jmh\src\test\java\org\apache\commons\numbers\examples\jmh\arrays\DualPivotingStrategyTest.java,DualPivotingStrategyTest.java,DualPivotingStrategyTest,testSort5,5,0,Stream<double[]>,static,false,true,true,true
C:\Users\simon\Documents\Code\thesis-code\commons-numbers-master\commons-numbers-examples\examples-jmh\src\test\java\org\apache\commons\numbers\examples\jmh\arrays\DualPivotingStrategyTest.java,DualPivotingStrategyTest.java,DualPivotingStrategyTest,testSort5IsSorted,4,0,Stream<double[]>,static,false,true,true,true
C:\Users\simon\Documents\Code\thesis-code\commons-numbers-master\commons-numbers-examples\examples-jmh\src\test\java\org\apache\commons\numbers\examples\jmh\arrays\DualPivotingStrategyTest.java,DualPivotingStrategyTest.java,DualPivotingStrategyTest,testDistribution,4,3,void,,false,true,true,true
C:\Users\simon\Documents\Code\thesis-code\commons-numbers-master\commons-numbers-examples\examples-jmh\src\test\java\org\apache\commons\numbers\examples\jmh\arrays\DualPivotingStrategyTest.java,DualPivotingStrategyTest.java,DualPivotingStrategyTest,testDistribution,3,0,Stream<Arguments>,static,false,true,true,true
C:\Users\simon\Documents\Code\thesis-code\commons-numbers-master\commons-numbers-examples\examples-jmh\src\test\java\org\apache\commons\numbers\examples\jmh\arrays\DualPivotingStrategyTest.java,DualPivotingStrategyTest.java,DualPivotingStrategyTest,testSampledIndices,3,1,void,,false,true,true,true
C:\Users\simon\Documents\Code\thesis-code\commons-numbers-master\commons-numbers-examples\examples-jmh\src\test\java\org\apache\commons\numbers\examples\jmh\arrays\HashIndexSetTest.java,HashIndexSetTest.java,HashIndexSetTest,testInvalidCapacityThrows,3,0,void,,true,true,true,true
C:\Users\simon\Documents\Code\thesis-code\commons-numbers-master\commons-numbers-examples\examples-jmh\src\test\java\org\apache\commons\numbers\examples\jmh\arrays\HashIndexSetTest.java,HashIndexSetTest.java,HashIndexSetTest,testInvalidIndexThrows,5,0,void,,true,true,true,true
C:\Users\simon\Documents\Code\thesis-code\commons-numbers-master\commons-numbers-examples\examples-jmh\src\test\java\org\apache\commons\numbers\examples\jmh\arrays\HashIndexSetTest.java,HashIndexSetTest.java,HashIndexSetTest,testCapacityExceededThrows,4,1,void,,false,true,true,true
C:\Users\simon\Documents\Code\thesis-code\commons-numbers-master\commons-numbers-examples\examples-jmh\src\test\java\org\apache\commons\numbers\examples\jmh\arrays\HashIndexSetTest.java,HashIndexSetTest.java,HashIndexSetTest,testMemoryFootprint,12,0,void,,true,true,true,true
C:\Users\simon\Documents\Code\thesis-code\commons-numbers-master\commons-numbers-examples\examples-jmh\src\test\java\org\apache\commons\numbers\examples\jmh\arrays\HashIndexSetTest.java,HashIndexSetTest.java,HashIndexSetTest,testAddContains,4,2,void,,false,true,true,true
C:\Users\simon\Documents\Code\thesis-code\commons-numbers-master\commons-numbers-examples\examples-jmh\src\test\java\org\apache\commons\numbers\examples\jmh\arrays\HashIndexSetTest.java,HashIndexSetTest.java,HashIndexSetTest,testToArray,15,2,void,,false,true,true,true
C:\Users\simon\Documents\Code\thesis-code\commons-numbers-master\commons-numbers-examples\examples-jmh\src\test\java\org\apache\commons\numbers\examples\jmh\arrays\HashIndexSetTest.java,HashIndexSetTest.java,HashIndexSetTest,testIndices,10,0,Stream<Arguments>,static,false,true,true,true
C:\Users\simon\Documents\Code\thesis-code\commons-numbers-master\commons-numbers-examples\examples-jmh\src\test\java\org\apache\commons\numbers\examples\jmh\arrays\IndexIteratorTest.java,IndexIteratorTest.java,IndexIteratorTest,testSingleIndex,11,1,void,,false,true,true,true
C:\Users\simon\Documents\Code\thesis-code\commons-numbers-master\commons-numbers-examples\examples-jmh\src\test\java\org\apache\commons\numbers\examples\jmh\arrays\IndexIteratorTest.java,IndexIteratorTest.java,IndexIteratorTest,testSingleInterval,13,2,void,,false,true,true,true
C:\Users\simon\Documents\Code\thesis-code\commons-numbers-master\commons-numbers-examples\examples-jmh\src\test\java\org\apache\commons\numbers\examples\jmh\arrays\IndexIteratorTest.java,IndexIteratorTest.java,IndexIteratorTest,testKeyIndexIteratorInvalidIndicesThrows,3,0,void,,true,true,true,true
C:\Users\simon\Documents\Code\thesis-code\commons-numbers-master\commons-numbers-examples\examples-jmh\src\test\java\org\apache\commons\numbers\examples\jmh\arrays\IndexIteratorTest.java,IndexIteratorTest.java,IndexIteratorTest,assertInvalidIndicesThrows,4,1,void,private; static,false,false,true,true
C:\Users\simon\Documents\Code\thesis-code\commons-numbers-master\commons-numbers-examples\examples-jmh\src\test\java\org\apache\commons\numbers\examples\jmh\arrays\IndexIteratorTest.java,IndexIteratorTest.java,IndexIteratorTest,testKeyIndexIterator,1,1,void,,false,true,true,true
C:\Users\simon\Documents\Code\thesis-code\commons-numbers-master\commons-numbers-examples\examples-jmh\src\test\java\org\apache\commons\numbers\examples\jmh\arrays\IndexIteratorTest.java,IndexIteratorTest.java,IndexIteratorTest,testCompressedIndexIterator1,1,1,void,,false,true,true,true
C:\Users\simon\Documents\Code\thesis-code\commons-numbers-master\commons-numbers-examples\examples-jmh\src\test\java\org\apache\commons\numbers\examples\jmh\arrays\IndexIteratorTest.java,IndexIteratorTest.java,IndexIteratorTest,testCompressedIndexIterator2,1,1,void,,false,true,true,true
C:\Users\simon\Documents\Code\thesis-code\commons-numbers-master\commons-numbers-examples\examples-jmh\src\test\java\org\apache\commons\numbers\examples\jmh\arrays\IndexIteratorTest.java,IndexIteratorTest.java,IndexIteratorTest,testCompressedIndexIterator3,1,1,void,,false,true,true,true
C:\Users\simon\Documents\Code\thesis-code\commons-numbers-master\commons-numbers-examples\examples-jmh\src\test\java\org\apache\commons\numbers\examples\jmh\arrays\IndexIteratorTest.java,IndexIteratorTest.java,IndexIteratorTest,testCompressedIndexIterator5,1,1,void,,false,true,true,true
C:\Users\simon\Documents\Code\thesis-code\commons-numbers-master\commons-numbers-examples\examples-jmh\src\test\java\org\apache\commons\numbers\examples\jmh\arrays\IndexIteratorTest.java,IndexIteratorTest.java,IndexIteratorTest,assertIterator,21,4,void,private; static,false,false,true,true
C:\Users\simon\Documents\Code\thesis-code\commons-numbers-master\commons-numbers-examples\examples-jmh\src\test\java\org\apache\commons\numbers\examples\jmh\arrays\IndexIteratorTest.java,IndexIteratorTest.java,IndexIteratorTest,testIterator,9,0,Stream<int[]>,static,false,true,true,true
C:\Users\simon\Documents\Code\thesis-code\commons-numbers-master\commons-numbers-examples\examples-jmh\src\test\java\org\apache\commons\numbers\examples\jmh\arrays\IndexIteratorTest.java,IndexIteratorTest.java,IndexIteratorTest,createBitSet,4,2,BitSet,private; static,false,false,true,true
C:\Users\simon\Documents\Code\thesis-code\commons-numbers-master\commons-numbers-examples\examples-jmh\src\test\java\org\apache\commons\numbers\examples\jmh\arrays\IndexIteratorTest.java,IndexIteratorTest.java,IndexIteratorTest,testIntervals,4,2,void,,false,true,true,true
C:\Users\simon\Documents\Code\thesis-code\commons-numbers-master\commons-numbers-examples\examples-jmh\src\test\java\org\apache\commons\numbers\examples\jmh\arrays\IndexIteratorTest.java,IndexIteratorTest.java,IndexIteratorTest,testIntervals,10,0,Stream<Arguments>,static,false,true,true,true
C:\Users\simon\Documents\Code\thesis-code\commons-numbers-master\commons-numbers-examples\examples-jmh\src\test\java\org\apache\commons\numbers\examples\jmh\arrays\IndexSetTest.java,IndexSetTest.java,IndexSetTest,testInvalidRangeThrows,4,0,void,,true,true,true,true
C:\Users\simon\Documents\Code\thesis-code\commons-numbers-master\commons-numbers-examples\examples-jmh\src\test\java\org\apache\commons\numbers\examples\jmh\arrays\IndexSetTest.java,IndexSetTest.java,IndexSetTest,testInvalidPivotCacheRangeThrows,14,0,void,,true,true,true,true
C:\Users\simon\Documents\Code\thesis-code\commons-numbers-master\commons-numbers-examples\examples-jmh\src\test\java\org\apache\commons\numbers\examples\jmh\arrays\IndexSetTest.java,IndexSetTest.java,IndexSetTest,testMemoryFootprint,15,0,void,,true,true,true,true
C:\Users\simon\Documents\Code\thesis-code\commons-numbers-master\commons-numbers-examples\examples-jmh\src\test\java\org\apache\commons\numbers\examples\jmh\arrays\IndexSetTest.java,IndexSetTest.java,IndexSetTest,testGetSet,3,2,void,,false,true,true,true
C:\Users\simon\Documents\Code\thesis-code\commons-numbers-master\commons-numbers-examples\examples-jmh\src\test\java\org\apache\commons\numbers\examples\jmh\arrays\IndexSetTest.java,IndexSetTest.java,IndexSetTest,testSetRange1,3,2,void,,false,true,true,true
C:\Users\simon\Documents\Code\thesis-code\commons-numbers-master\commons-numbers-examples\examples-jmh\src\test\java\org\apache\commons\numbers\examples\jmh\arrays\IndexSetTest.java,IndexSetTest.java,IndexSetTest,testSetRange,3,2,void,,false,true,true,true
C:\Users\simon\Documents\Code\thesis-code\commons-numbers-master\commons-numbers-examples\examples-jmh\src\test\java\org\apache\commons\numbers\examples\jmh\arrays\IndexSetTest.java,IndexSetTest.java,IndexSetTest,testPreviousNextSetBit,9,2,void,,false,true,true,true
C:\Users\simon\Documents\Code\thesis-code\commons-numbers-master\commons-numbers-examples\examples-jmh\src\test\java\org\apache\commons\numbers\examples\jmh\arrays\IndexSetTest.java,IndexSetTest.java,IndexSetTest,testPreviousNextClearBit,13,2,void,,false,true,true,true
C:\Users\simon\Documents\Code\thesis-code\commons-numbers-master\commons-numbers-examples\examples-jmh\src\test\java\org\apache\commons\numbers\examples\jmh\arrays\IndexSetTest.java,IndexSetTest.java,IndexSetTest,testForEachToArray,17,2,void,,false,true,true,true
C:\Users\simon\Documents\Code\thesis-code\commons-numbers-master\commons-numbers-examples\examples-jmh\src\test\java\org\apache\commons\numbers\examples\jmh\arrays\IndexSetTest.java,IndexSetTest.java,IndexSetTest,testForEachToArray,6,0,Stream<Arguments>,static,false,true,true,true
C:\Users\simon\Documents\Code\thesis-code\commons-numbers-master\commons-numbers-examples\examples-jmh\src\test\java\org\apache\commons\numbers\examples\jmh\arrays\IndexSetTest.java,IndexSetTest.java,IndexSetTest,testOfIndices,1,1,void,,false,true,true,true
C:\Users\simon\Documents\Code\thesis-code\commons-numbers-master\commons-numbers-examples\examples-jmh\src\test\java\org\apache\commons\numbers\examples\jmh\arrays\IndexSetTest.java,IndexSetTest.java,IndexSetTest,testOfIndicesTruncated,3,1,void,,false,true,true,true
C:\Users\simon\Documents\Code\thesis-code\commons-numbers-master\commons-numbers-examples\examples-jmh\src\test\java\org\apache\commons\numbers\examples\jmh\arrays\IndexSetTest.java,IndexSetTest.java,IndexSetTest,assertOfIndices,9,2,void,private; static,false,false,true,true
C:\Users\simon\Documents\Code\thesis-code\commons-numbers-master\commons-numbers-examples\examples-jmh\src\test\java\org\apache\commons\numbers\examples\jmh\arrays\IndexSetTest.java,IndexSetTest.java,IndexSetTest,testGetSet,9,0,Stream<Arguments>,static,false,true,true,true
C:\Users\simon\Documents\Code\thesis-code\commons-numbers-master\commons-numbers-examples\examples-jmh\src\test\java\org\apache\commons\numbers\examples\jmh\arrays\IndexSetTest.java,IndexSetTest.java,IndexSetTest,createIndexSet,3,1,IndexSet,private; static,false,false,true,true
C:\Users\simon\Documents\Code\thesis-code\commons-numbers-master\commons-numbers-examples\examples-jmh\src\test\java\org\apache\commons\numbers\examples\jmh\arrays\IndexSetTest.java,IndexSetTest.java,IndexSetTest,testCardinalityEmpty,8,0,void,,true,true,true,true
C:\Users\simon\Documents\Code\thesis-code\commons-numbers-master\commons-numbers-examples\examples-jmh\src\test\java\org\apache\commons\numbers\examples\jmh\arrays\IndexSetTest.java,IndexSetTest.java,IndexSetTest,testCardinality,1,1,void,,false,true,true,true
C:\Users\simon\Documents\Code\thesis-code\commons-numbers-master\commons-numbers-examples\examples-jmh\src\test\java\org\apache\commons\numbers\examples\jmh\arrays\IndexSetTest.java,IndexSetTest.java,IndexSetTest,testCardinality2,1,1,void,,false,true,true,true
C:\Users\simon\Documents\Code\thesis-code\commons-numbers-master\commons-numbers-examples\examples-jmh\src\test\java\org\apache\commons\numbers\examples\jmh\arrays\IndexSetTest.java,IndexSetTest.java,IndexSetTest,testCardinality4,1,1,void,,false,true,true,true
C:\Users\simon\Documents\Code\thesis-code\commons-numbers-master\commons-numbers-examples\examples-jmh\src\test\java\org\apache\commons\numbers\examples\jmh\arrays\IndexSetTest.java,IndexSetTest.java,IndexSetTest,testCardinality8,1,1,void,,false,true,true,true
C:\Users\simon\Documents\Code\thesis-code\commons-numbers-master\commons-numbers-examples\examples-jmh\src\test\java\org\apache\commons\numbers\examples\jmh\arrays\IndexSetTest.java,IndexSetTest.java,IndexSetTest,testCardinality16,1,1,void,,false,true,true,true
C:\Users\simon\Documents\Code\thesis-code\commons-numbers-master\commons-numbers-examples\examples-jmh\src\test\java\org\apache\commons\numbers\examples\jmh\arrays\IndexSetTest.java,IndexSetTest.java,IndexSetTest,testCardinality32,1,1,void,,false,true,true,true
C:\Users\simon\Documents\Code\thesis-code\commons-numbers-master\commons-numbers-examples\examples-jmh\src\test\java\org\apache\commons\numbers\examples\jmh\arrays\IndexSetTest.java,IndexSetTest.java,IndexSetTest,testCardinality64,1,1,void,,false,true,true,true
C:\Users\simon\Documents\Code\thesis-code\commons-numbers-master\commons-numbers-examples\examples-jmh\src\test\java\org\apache\commons\numbers\examples\jmh\arrays\IndexSetTest.java,IndexSetTest.java,IndexSetTest,compressedCardinality,5,2,int,private; static,false,false,true,true
C:\Users\simon\Documents\Code\thesis-code\commons-numbers-master\commons-numbers-examples\examples-jmh\src\test\java\org\apache\commons\numbers\examples\jmh\arrays\IndexSetTest.java,IndexSetTest.java,IndexSetTest,testCardinality,6,0,Stream<int[]>,static,false,true,true,true
C:\Users\simon\Documents\Code\thesis-code\commons-numbers-master\commons-numbers-examples\examples-jmh\src\test\java\org\apache\commons\numbers\examples\jmh\arrays\KthSelectorTest.java,KthSelectorTest.java,KthSelectorTest,testPartitionMin,6,3,void,,false,true,true,true
C:\Users\simon\Documents\Code\thesis-code\commons-numbers-master\commons-numbers-examples\examples-jmh\src\test\java\org\apache\commons\numbers\examples\jmh\arrays\KthSelectorTest.java,KthSelectorTest.java,KthSelectorTest,testPartitionMin,4,0,Stream<Arguments>,static,false,true,true,true
C:\Users\simon\Documents\Code\thesis-code\commons-numbers-master\commons-numbers-examples\examples-jmh\src\test\java\org\apache\commons\numbers\examples\jmh\arrays\KthSelectorTest.java,KthSelectorTest.java,KthSelectorTest,testPartitionMax,6,3,void,,false,true,true,true
C:\Users\simon\Documents\Code\thesis-code\commons-numbers-master\commons-numbers-examples\examples-jmh\src\test\java\org\apache\commons\numbers\examples\jmh\arrays\KthSelectorTest.java,KthSelectorTest.java,KthSelectorTest,testPartitionMax,4,0,Stream<Arguments>,static,false,true,true,true
C:\Users\simon\Documents\Code\thesis-code\commons-numbers-master\commons-numbers-examples\examples-jmh\src\test\java\org\apache\commons\numbers\examples\jmh\arrays\KthSelectorTest.java,KthSelectorTest.java,KthSelectorTest,testSelect,5,1,void,,false,true,true,true
C:\Users\simon\Documents\Code\thesis-code\commons-numbers-master\commons-numbers-examples\examples-jmh\src\test\java\org\apache\commons\numbers\examples\jmh\arrays\KthSelectorTest.java,KthSelectorTest.java,KthSelectorTest,testSelectSPN,5,1,void,,false,true,true,true
C:\Users\simon\Documents\Code\thesis-code\commons-numbers-master\commons-numbers-examples\examples-jmh\src\test\java\org\apache\commons\numbers\examples\jmh\arrays\KthSelectorTest.java,KthSelectorTest.java,KthSelectorTest,testSelectSPWithHeap,7,1,void,,false,true,true,true
C:\Users\simon\Documents\Code\thesis-code\commons-numbers-master\commons-numbers-examples\examples-jmh\src\test\java\org\apache\commons\numbers\examples\jmh\arrays\KthSelectorTest.java,KthSelectorTest.java,KthSelectorTest,testSelect,4,0,Stream<double[]>,static,false,true,true,true
C:\Users\simon\Documents\Code\thesis-code\commons-numbers-master\commons-numbers-examples\examples-jmh\src\test\java\org\apache\commons\numbers\examples\jmh\arrays\KthSelectorTest.java,KthSelectorTest.java,KthSelectorTest,testPartitionSP,1,2,void,,false,true,true,true
C:\Users\simon\Documents\Code\thesis-code\commons-numbers-master\commons-numbers-examples\examples-jmh\src\test\java\org\apache\commons\numbers\examples\jmh\arrays\KthSelectorTest.java,KthSelectorTest.java,KthSelectorTest,testPartitionSPN,1,2,void,,false,true,true,true
C:\Users\simon\Documents\Code\thesis-code\commons-numbers-master\commons-numbers-examples\examples-jmh\src\test\java\org\apache\commons\numbers\examples\jmh\arrays\KthSelectorTest.java,KthSelectorTest.java,KthSelectorTest,testPartitionSBM,1,2,void,,false,true,true,true
C:\Users\simon\Documents\Code\thesis-code\commons-numbers-master\commons-numbers-examples\examples-jmh\src\test\java\org\apache\commons\numbers\examples\jmh\arrays\KthSelectorTest.java,KthSelectorTest.java,KthSelectorTest,testPartitionBM,1,2,void,,false,true,true,true
C:\Users\simon\Documents\Code\thesis-code\commons-numbers-master\commons-numbers-examples\examples-jmh\src\test\java\org\apache\commons\numbers\examples\jmh\arrays\KthSelectorTest.java,KthSelectorTest.java,KthSelectorTest,testPartitionDP,1,2,void,,false,true,true,true
C:\Users\simon\Documents\Code\thesis-code\commons-numbers-master\commons-numbers-examples\examples-jmh\src\test\java\org\apache\commons\numbers\examples\jmh\arrays\KthSelectorTest.java,KthSelectorTest.java,KthSelectorTest,testPartitionDP5,1,2,void,,false,true,true,true
C:\Users\simon\Documents\Code\thesis-code\commons-numbers-master\commons-numbers-examples\examples-jmh\src\test\java\org\apache\commons\numbers\examples\jmh\arrays\KthSelectorTest.java,KthSelectorTest.java,KthSelectorTest,assertPartition,14,3,void,static,false,false,true,true
C:\Users\simon\Documents\Code\thesis-code\commons-numbers-master\commons-numbers-examples\examples-jmh\src\test\java\org\apache\commons\numbers\examples\jmh\arrays\KthSelectorTest.java,KthSelectorTest.java,KthSelectorTest,testPartition,10,0,Stream<Arguments>,static,false,true,true,true
C:\Users\simon\Documents\Code\thesis-code\commons-numbers-master\commons-numbers-examples\examples-jmh\src\test\java\org\apache\commons\numbers\examples\jmh\arrays\KthSelectorTest.java,KthSelectorTest.java,KthSelectorTest,testSortSP,1,1,void,,false,true,true,true
C:\Users\simon\Documents\Code\thesis-code\commons-numbers-master\commons-numbers-examples\examples-jmh\src\test\java\org\apache\commons\numbers\examples\jmh\arrays\KthSelectorTest.java,KthSelectorTest.java,KthSelectorTest,testSortBM,1,1,void,,false,true,true,true
C:\Users\simon\Documents\Code\thesis-code\commons-numbers-master\commons-numbers-examples\examples-jmh\src\test\java\org\apache\commons\numbers\examples\jmh\arrays\KthSelectorTest.java,KthSelectorTest.java,KthSelectorTest,testSortSBM,1,1,void,,false,true,true,true
C:\Users\simon\Documents\Code\thesis-code\commons-numbers-master\commons-numbers-examples\examples-jmh\src\test\java\org\apache\commons\numbers\examples\jmh\arrays\KthSelectorTest.java,KthSelectorTest.java,KthSelectorTest,testSortDP,1,1,void,,false,true,true,true
C:\Users\simon\Documents\Code\thesis-code\commons-numbers-master\commons-numbers-examples\examples-jmh\src\test\java\org\apache\commons\numbers\examples\jmh\arrays\KthSelectorTest.java,KthSelectorTest.java,KthSelectorTest,testSortDP5,1,1,void,,false,true,true,true
C:\Users\simon\Documents\Code\thesis-code\commons-numbers-master\commons-numbers-examples\examples-jmh\src\test\java\org\apache\commons\numbers\examples\jmh\arrays\KthSelectorTest.java,KthSelectorTest.java,KthSelectorTest,testSortZero,4,0,void,,true,true,true,true
C:\Users\simon\Documents\Code\thesis-code\commons-numbers-master\commons-numbers-examples\examples-jmh\src\test\java\org\apache\commons\numbers\examples\jmh\arrays\KthSelectorTest.java,KthSelectorTest.java,KthSelectorTest,assertSort,5,2,void,private; static,false,false,true,true
C:\Users\simon\Documents\Code\thesis-code\commons-numbers-master\commons-numbers-examples\examples-jmh\src\test\java\org\apache\commons\numbers\examples\jmh\arrays\KthSelectorTest.java,KthSelectorTest.java,KthSelectorTest,testSort,10,0,Stream<double[]>,static,false,true,true,true
C:\Users\simon\Documents\Code\thesis-code\commons-numbers-master\commons-numbers-examples\examples-jmh\src\test\java\org\apache\commons\numbers\examples\jmh\arrays\PartitionFactoryTest.java,PartitionFactoryTest.java,PartitionFactoryTest,testGetMinQuickSelectSize,1,0,void,,true,true,true,true
C:\Users\simon\Documents\Code\thesis-code\commons-numbers-master\commons-numbers-examples\examples-jmh\src\test\java\org\apache\commons\numbers\examples\jmh\arrays\PartitionFactoryTest.java,PartitionFactoryTest.java,PartitionFactoryTest,testGetEdgeSelectConstant,1,0,void,,true,true,true,true
C:\Users\simon\Documents\Code\thesis-code\commons-numbers-master\commons-numbers-examples\examples-jmh\src\test\java\org\apache\commons\numbers\examples\jmh\arrays\PartitionFactoryTest.java,PartitionFactoryTest.java,PartitionFactoryTest,testGetLinearSortSelectConstant,1,0,void,,true,true,true,true
C:\Users\simon\Documents\Code\thesis-code\commons-numbers-master\commons-numbers-examples\examples-jmh\src\test\java\org\apache\commons\numbers\examples\jmh\arrays\PartitionFactoryTest.java,PartitionFactoryTest.java,PartitionFactoryTest,testGetSubSamplingSize,1,0,void,,true,true,true,true
C:\Users\simon\Documents\Code\thesis-code\commons-numbers-master\commons-numbers-examples\examples-jmh\src\test\java\org\apache\commons\numbers\examples\jmh\arrays\PartitionFactoryTest.java,PartitionFactoryTest.java,PartitionFactoryTest,testGetRecursionMultiple,1,0,void,,true,true,true,true
C:\Users\simon\Documents\Code\thesis-code\commons-numbers-master\commons-numbers-examples\examples-jmh\src\test\java\org\apache\commons\numbers\examples\jmh\arrays\PartitionFactoryTest.java,PartitionFactoryTest.java,PartitionFactoryTest,testGetRecursionConstant,1,0,void,,true,true,true,true
C:\Users\simon\Documents\Code\thesis-code\commons-numbers-master\commons-numbers-examples\examples-jmh\src\test\java\org\apache\commons\numbers\examples\jmh\arrays\PartitionFactoryTest.java,PartitionFactoryTest.java,PartitionFactoryTest,testGetCompressionLevel,1,0,void,,true,true,true,true
C:\Users\simon\Documents\Code\thesis-code\commons-numbers-master\commons-numbers-examples\examples-jmh\src\test\java\org\apache\commons\numbers\examples\jmh\arrays\PartitionFactoryTest.java,PartitionFactoryTest.java,PartitionFactoryTest,testGetControlFlags,4,0,void,,true,true,true,true
C:\Users\simon\Documents\Code\thesis-code\commons-numbers-master\commons-numbers-examples\examples-jmh\src\test\java\org\apache\commons\numbers\examples\jmh\arrays\PartitionFactoryTest.java,PartitionFactoryTest.java,PartitionFactoryTest,testGetOptionFlags,4,0,void,,true,true,true,true
C:\Users\simon\Documents\Code\thesis-code\commons-numbers-master\commons-numbers-examples\examples-jmh\src\test\java\org\apache\commons\numbers\examples\jmh\arrays\PartitionFactoryTest.java,PartitionFactoryTest.java,PartitionFactoryTest,testGetPivotingStrategy,1,0,void,,true,true,true,true
C:\Users\simon\Documents\Code\thesis-code\commons-numbers-master\commons-numbers-examples\examples-jmh\src\test\java\org\apache\commons\numbers\examples\jmh\arrays\PartitionFactoryTest.java,PartitionFactoryTest.java,PartitionFactoryTest,testGetDualPivotingStrategy,1,0,void,,true,true,true,true
C:\Users\simon\Documents\Code\thesis-code\commons-numbers-master\commons-numbers-examples\examples-jmh\src\test\java\org\apache\commons\numbers\examples\jmh\arrays\PartitionFactoryTest.java,PartitionFactoryTest.java,PartitionFactoryTest,testGetKeyStrategy,1,0,void,,true,true,true,true
C:\Users\simon\Documents\Code\thesis-code\commons-numbers-master\commons-numbers-examples\examples-jmh\src\test\java\org\apache\commons\numbers\examples\jmh\arrays\PartitionFactoryTest.java,PartitionFactoryTest.java,PartitionFactoryTest,testGetPairedKeyStrategy,1,0,void,,true,true,true,true
C:\Users\simon\Documents\Code\thesis-code\commons-numbers-master\commons-numbers-examples\examples-jmh\src\test\java\org\apache\commons\numbers\examples\jmh\arrays\PartitionFactoryTest.java,PartitionFactoryTest.java,PartitionFactoryTest,testGetSPStrategy,1,0,void,,true,true,true,true
C:\Users\simon\Documents\Code\thesis-code\commons-numbers-master\commons-numbers-examples\examples-jmh\src\test\java\org\apache\commons\numbers\examples\jmh\arrays\PartitionFactoryTest.java,PartitionFactoryTest.java,PartitionFactoryTest,testGetAdaptMode,1,0,void,,true,true,true,true
C:\Users\simon\Documents\Code\thesis-code\commons-numbers-master\commons-numbers-examples\examples-jmh\src\test\java\org\apache\commons\numbers\examples\jmh\arrays\PartitionFactoryTest.java,PartitionFactoryTest.java,PartitionFactoryTest,testInvalidPrefix,1,0,void,,true,true,true,true
C:\Users\simon\Documents\Code\thesis-code\commons-numbers-master\commons-numbers-examples\examples-jmh\src\test\java\org\apache\commons\numbers\examples\jmh\arrays\PartitionFactoryTest.java,PartitionFactoryTest.java,PartitionFactoryTest,assertIntParameter,16,3,void,private; static,false,false,true,true
C:\Users\simon\Documents\Code\thesis-code\commons-numbers-master\commons-numbers-examples\examples-jmh\src\test\java\org\apache\commons\numbers\examples\jmh\arrays\PartitionFactoryTest.java,PartitionFactoryTest.java,PartitionFactoryTest,assertDoubleParameter,15,3,void,private; static,false,false,true,true
C:\Users\simon\Documents\Code\thesis-code\commons-numbers-master\commons-numbers-examples\examples-jmh\src\test\java\org\apache\commons\numbers\examples\jmh\arrays\PartitionFactoryTest.java,PartitionFactoryTest.java,PartitionFactoryTest,assertEnumParameter,4,2,void,private; static,false,false,true,true
C:\Users\simon\Documents\Code\thesis-code\commons-numbers-master\commons-numbers-examples\examples-jmh\src\test\java\org\apache\commons\numbers\examples\jmh\arrays\PartitionTest.java,PartitionTest.java,DoublePartitionFunction2,partition,0,5,void,,false,false,true,false
C:\Users\simon\Documents\Code\thesis-code\commons-numbers-master\commons-numbers-examples\examples-jmh\src\test\java\org\apache\commons\numbers\examples\jmh\arrays\PartitionTest.java,PartitionTest.java,DoublePartitionFunction2,partition,0,3,void,,false,false,true,false
C:\Users\simon\Documents\Code\thesis-code\commons-numbers-master\commons-numbers-examples\examples-jmh\src\test\java\org\apache\commons\numbers\examples\jmh\arrays\PartitionTest.java,PartitionTest.java,DoublePartitionFunction2,partition,0,2,void,,false,false,true,false
C:\Users\simon\Documents\Code\thesis-code\commons-numbers-master\commons-numbers-examples\examples-jmh\src\test\java\org\apache\commons\numbers\examples\jmh\arrays\PartitionTest.java,PartitionTest.java,DoublePartitionFunction2,testSortNaN,7,1,void,,false,true,true,false
C:\Users\simon\Documents\Code\thesis-code\commons-numbers-master\commons-numbers-examples\examples-jmh\src\test\java\org\apache\commons\numbers\examples\jmh\arrays\PartitionTest.java,PartitionTest.java,DoublePartitionFunction2,testSortNaN,10,0,Stream<double[]>,static,false,true,true,false
C:\Users\simon\Documents\Code\thesis-code\commons-numbers-master\commons-numbers-examples\examples-jmh\src\test\java\org\apache\commons\numbers\examples\jmh\arrays\PartitionTest.java,PartitionTest.java,DoublePartitionFunction2,testSelectMin,1,3,void,,false,true,true,false
C:\Users\simon\Documents\Code\thesis-code\commons-numbers-master\commons-numbers-examples\examples-jmh\src\test\java\org\apache\commons\numbers\examples\jmh\arrays\PartitionTest.java,PartitionTest.java,DoublePartitionFunction2,testSelectMax,1,3,void,,false,true,true,false
C:\Users\simon\Documents\Code\thesis-code\commons-numbers-master\commons-numbers-examples\examples-jmh\src\test\java\org\apache\commons\numbers\examples\jmh\arrays\PartitionTest.java,PartitionTest.java,DoublePartitionFunction2,testSelectMinMax,14,0,Stream<Arguments>,static,false,true,true,false
C:\Users\simon\Documents\Code\thesis-code\commons-numbers-master\commons-numbers-examples\examples-jmh\src\test\java\org\apache\commons\numbers\examples\jmh\arrays\PartitionTest.java,PartitionTest.java,DoublePartitionFunction2,testSelectMin2IgnoreZeros,1,3,void,,false,true,true,false
C:\Users\simon\Documents\Code\thesis-code\commons-numbers-master\commons-numbers-examples\examples-jmh\src\test\java\org\apache\commons\numbers\examples\jmh\arrays\PartitionTest.java,PartitionTest.java,DoublePartitionFunction2,testSelectMax2IgnoreZeros,1,3,void,,false,true,true,false
C:\Users\simon\Documents\Code\thesis-code\commons-numbers-master\commons-numbers-examples\examples-jmh\src\test\java\org\apache\commons\numbers\examples\jmh\arrays\PartitionTest.java,PartitionTest.java,DoublePartitionFunction2,testSelectMinMax2,19,0,Stream<Arguments>,static,false,true,true,false
C:\Users\simon\Documents\Code\thesis-code\commons-numbers-master\commons-numbers-examples\examples-jmh\src\test\java\org\apache\commons\numbers\examples\jmh\arrays\PartitionTest.java,PartitionTest.java,DoublePartitionFunction2,testHeapSelectLeft,5,3,void,,false,true,true,false
C:\Users\simon\Documents\Code\thesis-code\commons-numbers-master\commons-numbers-examples\examples-jmh\src\test\java\org\apache\commons\numbers\examples\jmh\arrays\PartitionTest.java,PartitionTest.java,DoublePartitionFunction2,testHeapSelectRight,5,3,void,,false,true,true,false
C:\Users\simon\Documents\Code\thesis-code\commons-numbers-master\commons-numbers-examples\examples-jmh\src\test\java\org\apache\commons\numbers\examples\jmh\arrays\PartitionTest.java,PartitionTest.java,DoublePartitionFunction2,testHeapSelect,10,0,Stream<Arguments>,static,false,true,true,false
C:\Users\simon\Documents\Code\thesis-code\commons-numbers-master\commons-numbers-examples\examples-jmh\src\test\java\org\apache\commons\numbers\examples\jmh\arrays\PartitionTest.java,PartitionTest.java,DoublePartitionFunction2,testHeapSelectLeft2,5,3,void,,false,true,true,false
C:\Users\simon\Documents\Code\thesis-code\commons-numbers-master\commons-numbers-examples\examples-jmh\src\test\java\org\apache\commons\numbers\examples\jmh\arrays\PartitionTest.java,PartitionTest.java,DoublePartitionFunction2,testHeapSelectRight2,5,3,void,,false,true,true,false
C:\Users\simon\Documents\Code\thesis-code\commons-numbers-master\commons-numbers-examples\examples-jmh\src\test\java\org\apache\commons\numbers\examples\jmh\arrays\PartitionTest.java,PartitionTest.java,DoublePartitionFunction2,testHeapSelectPair,6,5,void,,false,true,true,false
C:\Users\simon\Documents\Code\thesis-code\commons-numbers-master\commons-numbers-examples\examples-jmh\src\test\java\org\apache\commons\numbers\examples\jmh\arrays\PartitionTest.java,PartitionTest.java,DoublePartitionFunction2,testHeapSelectPair,7,0,Stream<Arguments>,static,false,true,true,false
C:\Users\simon\Documents\Code\thesis-code\commons-numbers-master\commons-numbers-examples\examples-jmh\src\test\java\org\apache\commons\numbers\examples\jmh\arrays\PartitionTest.java,PartitionTest.java,DoublePartitionFunction2,testHeapSelectRange,1,5,void,,false,true,true,false
C:\Users\simon\Documents\Code\thesis-code\commons-numbers-master\commons-numbers-examples\examples-jmh\src\test\java\org\apache\commons\numbers\examples\jmh\arrays\PartitionTest.java,PartitionTest.java,DoublePartitionFunction2,testHeapSelectRange2,1,5,void,,false,true,true,false
C:\Users\simon\Documents\Code\thesis-code\commons-numbers-master\commons-numbers-examples\examples-jmh\src\test\java\org\apache\commons\numbers\examples\jmh\arrays\PartitionTest.java,PartitionTest.java,DoublePartitionFunction2,testHeapSelectRange,8,0,Stream<Arguments>,static,false,true,true,false
C:\Users\simon\Documents\Code\thesis-code\commons-numbers-master\commons-numbers-examples\examples-jmh\src\test\java\org\apache\commons\numbers\examples\jmh\arrays\PartitionTest.java,PartitionTest.java,DoublePartitionFunction2,testSortSelectLeft,5,3,void,,false,true,true,false
C:\Users\simon\Documents\Code\thesis-code\commons-numbers-master\commons-numbers-examples\examples-jmh\src\test\java\org\apache\commons\numbers\examples\jmh\arrays\PartitionTest.java,PartitionTest.java,DoublePartitionFunction2,testSortSelectRight,5,3,void,,false,true,true,false
C:\Users\simon\Documents\Code\thesis-code\commons-numbers-master\commons-numbers-examples\examples-jmh\src\test\java\org\apache\commons\numbers\examples\jmh\arrays\PartitionTest.java,PartitionTest.java,DoublePartitionFunction2,testSortSelectRange,1,5,void,,false,true,true,false
C:\Users\simon\Documents\Code\thesis-code\commons-numbers-master\commons-numbers-examples\examples-jmh\src\test\java\org\apache\commons\numbers\examples\jmh\arrays\PartitionTest.java,PartitionTest.java,DoublePartitionFunction2,testSortSelectRange2,1,5,void,,false,true,true,false
C:\Users\simon\Documents\Code\thesis-code\commons-numbers-master\commons-numbers-examples\examples-jmh\src\test\java\org\apache\commons\numbers\examples\jmh\arrays\PartitionTest.java,PartitionTest.java,DoublePartitionFunction2,sort,3,1,double[],private; static,false,false,true,false
C:\Users\simon\Documents\Code\thesis-code\commons-numbers-master\commons-numbers-examples\examples-jmh\src\test\java\org\apache\commons\numbers\examples\jmh\arrays\PartitionTest.java,PartitionTest.java,DoublePartitionFunction2,sort,3,3,double[],private; static,false,false,true,false
C:\Users\simon\Documents\Code\thesis-code\commons-numbers-master\commons-numbers-examples\examples-jmh\src\test\java\org\apache\commons\numbers\examples\jmh\arrays\PartitionTest.java,PartitionTest.java,DoublePartitionFunction2,assertPartitionRange,7,7,void,private; static,false,false,true,false
C:\Users\simon\Documents\Code\thesis-code\commons-numbers-master\commons-numbers-examples\examples-jmh\src\test\java\org\apache\commons\numbers\examples\jmh\arrays\PartitionTest.java,PartitionTest.java,DoublePartitionFunction2,testFloorLog2,4,0,void,,true,true,true,false
C:\Users\simon\Documents\Code\thesis-code\commons-numbers-master\commons-numbers-examples\examples-jmh\src\test\java\org\apache\commons\numbers\examples\jmh\arrays\PartitionTest.java,PartitionTest.java,DoublePartitionFunction2,testLog3,12,0,void,,true,true,true,false
C:\Users\simon\Documents\Code\thesis-code\commons-numbers-master\commons-numbers-examples\examples-jmh\src\test\java\org\apache\commons\numbers\examples\jmh\arrays\PartitionTest.java,PartitionTest.java,DoublePartitionFunction2,testPartitionSBMIndexSet,1,2,void,,false,true,true,false
C:\Users\simon\Documents\Code\thesis-code\commons-numbers-master\commons-numbers-examples\examples-jmh\src\test\java\org\apache\commons\numbers\examples\jmh\arrays\PartitionTest.java,PartitionTest.java,DoublePartitionFunction2,testPartitionSBMPivotCache,1,2,void,,false,true,true,false
C:\Users\simon\Documents\Code\thesis-code\commons-numbers-master\commons-numbers-examples\examples-jmh\src\test\java\org\apache\commons\numbers\examples\jmh\arrays\PartitionTest.java,PartitionTest.java,DoublePartitionFunction2,testPartitionSBMSequential,1,2,void,,false,true,true,false
C:\Users\simon\Documents\Code\thesis-code\commons-numbers-master\commons-numbers-examples\examples-jmh\src\test\java\org\apache\commons\numbers\examples\jmh\arrays\PartitionTest.java,PartitionTest.java,DoublePartitionFunction2,testPartitionISP,1,2,void,,false,true,true,false
C:\Users\simon\Documents\Code\thesis-code\commons-numbers-master\commons-numbers-examples\examples-jmh\src\test\java\org\apache\commons\numbers\examples\jmh\arrays\PartitionTest.java,PartitionTest.java,DoublePartitionFunction2,testPartitionIBM,1,2,void,,false,true,true,false
C:\Users\simon\Documents\Code\thesis-code\commons-numbers-master\commons-numbers-examples\examples-jmh\src\test\java\org\apache\commons\numbers\examples\jmh\arrays\PartitionTest.java,PartitionTest.java,DoublePartitionFunction2,testPartitionISBM,1,2,void,,false,true,true,false
C:\Users\simon\Documents\Code\thesis-code\commons-numbers-master\commons-numbers-examples\examples-jmh\src\test\java\org\apache\commons\numbers\examples\jmh\arrays\PartitionTest.java,PartitionTest.java,DoublePartitionFunction2,testPartitionISBMScanningKey,1,2,void,,false,true,true,false
C:\Users\simon\Documents\Code\thesis-code\commons-numbers-master\commons-numbers-examples\examples-jmh\src\test\java\org\apache\commons\numbers\examples\jmh\arrays\PartitionTest.java,PartitionTest.java,DoublePartitionFunction2,testPartitionISBMSearchKey,1,2,void,,false,true,true,false
C:\Users\simon\Documents\Code\thesis-code\commons-numbers-master\commons-numbers-examples\examples-jmh\src\test\java\org\apache\commons\numbers\examples\jmh\arrays\PartitionTest.java,PartitionTest.java,DoublePartitionFunction2,testPartitionISBMIndexSet,1,2,void,,false,true,true,false
C:\Users\simon\Documents\Code\thesis-code\commons-numbers-master\commons-numbers-examples\examples-jmh\src\test\java\org\apache\commons\numbers\examples\jmh\arrays\PartitionTest.java,PartitionTest.java,DoublePartitionFunction2,testPartitionISBMKeyUpdating,1,2,void,,false,true,true,false
C:\Users\simon\Documents\Code\thesis-code\commons-numbers-master\commons-numbers-examples\examples-jmh\src\test\java\org\apache\commons\numbers\examples\jmh\arrays\PartitionTest.java,PartitionTest.java,DoublePartitionFunction2,testPartitionISBMIndexSetUpdating,1,2,void,,false,true,true,false
C:\Users\simon\Documents\Code\thesis-code\commons-numbers-master\commons-numbers-examples\examples-jmh\src\test\java\org\apache\commons\numbers\examples\jmh\arrays\PartitionTest.java,PartitionTest.java,DoublePartitionFunction2,testPartitionISBMKeySplitting,1,2,void,,false,true,true,false
C:\Users\simon\Documents\Code\thesis-code\commons-numbers-master\commons-numbers-examples\examples-jmh\src\test\java\org\apache\commons\numbers\examples\jmh\arrays\PartitionTest.java,PartitionTest.java,DoublePartitionFunction2,testPartitionISBMIndexSetSplitting,1,2,void,,false,true,true,false
C:\Users\simon\Documents\Code\thesis-code\commons-numbers-master\commons-numbers-examples\examples-jmh\src\test\java\org\apache\commons\numbers\examples\jmh\arrays\PartitionTest.java,PartitionTest.java,DoublePartitionFunction2,testPartitionISBMCompressedIndexSet,1,2,void,,false,true,true,false
C:\Users\simon\Documents\Code\thesis-code\commons-numbers-master\commons-numbers-examples\examples-jmh\src\test\java\org\apache\commons\numbers\examples\jmh\arrays\PartitionTest.java,PartitionTest.java,DoublePartitionFunction2,testPartitionISBMCompressedIndexSet2,1,2,void,,false,true,true,false
C:\Users\simon\Documents\Code\thesis-code\commons-numbers-master\commons-numbers-examples\examples-jmh\src\test\java\org\apache\commons\numbers\examples\jmh\arrays\PartitionTest.java,PartitionTest.java,DoublePartitionFunction2,testPartitionISBMIndexIterator,1,2,void,,false,true,true,false
C:\Users\simon\Documents\Code\thesis-code\commons-numbers-master\commons-numbers-examples\examples-jmh\src\test\java\org\apache\commons\numbers\examples\jmh\arrays\PartitionTest.java,PartitionTest.java,DoublePartitionFunction2,testPartitionISBMCompressedIndexIterator,1,2,void,,false,true,true,false
C:\Users\simon\Documents\Code\thesis-code\commons-numbers-master\commons-numbers-examples\examples-jmh\src\test\java\org\apache\commons\numbers\examples\jmh\arrays\PartitionTest.java,PartitionTest.java,DoublePartitionFunction2,testPartitionISBMCompressedIndexIterator4,1,2,void,,false,true,true,false
C:\Users\simon\Documents\Code\thesis-code\commons-numbers-master\commons-numbers-examples\examples-jmh\src\test\java\org\apache\commons\numbers\examples\jmh\arrays\PartitionTest.java,PartitionTest.java,DoublePartitionFunction2,testPartitionIKBM,1,2,void,,false,true,true,false
C:\Users\simon\Documents\Code\thesis-code\commons-numbers-master\commons-numbers-examples\examples-jmh\src\test\java\org\apache\commons\numbers\examples\jmh\arrays\PartitionTest.java,PartitionTest.java,DoublePartitionFunction2,testPartitionIDNF1,1,2,void,,false,true,true,false
C:\Users\simon\Documents\Code\thesis-code\commons-numbers-master\commons-numbers-examples\examples-jmh\src\test\java\org\apache\commons\numbers\examples\jmh\arrays\PartitionTest.java,PartitionTest.java,DoublePartitionFunction2,testPartitionIDPScanningKey,1,2,void,,false,true,true,false
C:\Users\simon\Documents\Code\thesis-code\commons-numbers-master\commons-numbers-examples\examples-jmh\src\test\java\org\apache\commons\numbers\examples\jmh\arrays\PartitionTest.java,PartitionTest.java,DoublePartitionFunction2,testPartitionIDPSearchKey,1,2,void,,false,true,true,false
C:\Users\simon\Documents\Code\thesis-code\commons-numbers-master\commons-numbers-examples\examples-jmh\src\test\java\org\apache\commons\numbers\examples\jmh\arrays\PartitionTest.java,PartitionTest.java,DoublePartitionFunction2,testPartitionIDPIndexSet,1,2,void,,false,true,true,false
C:\Users\simon\Documents\Code\thesis-code\commons-numbers-master\commons-numbers-examples\examples-jmh\src\test\java\org\apache\commons\numbers\examples\jmh\arrays\PartitionTest.java,PartitionTest.java,DoublePartitionFunction2,testPartitionIDPKeyUpdating,1,2,void,,false,true,true,false
C:\Users\simon\Documents\Code\thesis-code\commons-numbers-master\commons-numbers-examples\examples-jmh\src\test\java\org\apache\commons\numbers\examples\jmh\arrays\PartitionTest.java,PartitionTest.java,DoublePartitionFunction2,testPartitionIDPIndexSetUpdating,1,2,void,,false,true,true,false
C:\Users\simon\Documents\Code\thesis-code\commons-numbers-master\commons-numbers-examples\examples-jmh\src\test\java\org\apache\commons\numbers\examples\jmh\arrays\PartitionTest.java,PartitionTest.java,DoublePartitionFunction2,testPartitionIDPKeySplitting,1,2,void,,false,true,true,false
C:\Users\simon\Documents\Code\thesis-code\commons-numbers-master\commons-numbers-examples\examples-jmh\src\test\java\org\apache\commons\numbers\examples\jmh\arrays\PartitionTest.java,PartitionTest.java,DoublePartitionFunction2,testPartitionIDPIndexSetSplitting,1,2,void,,false,true,true,false
C:\Users\simon\Documents\Code\thesis-code\commons-numbers-master\commons-numbers-examples\examples-jmh\src\test\java\org\apache\commons\numbers\examples\jmh\arrays\PartitionTest.java,PartitionTest.java,DoublePartitionFunction2,testPartitionIDPCompressedIndexSet,1,2,void,,false,true,true,false
C:\Users\simon\Documents\Code\thesis-code\commons-numbers-master\commons-numbers-examples\examples-jmh\src\test\java\org\apache\commons\numbers\examples\jmh\arrays\PartitionTest.java,PartitionTest.java,DoublePartitionFunction2,testPartitionIDPCompressedIndexSet2,1,2,void,,false,true,true,false
C:\Users\simon\Documents\Code\thesis-code\commons-numbers-master\commons-numbers-examples\examples-jmh\src\test\java\org\apache\commons\numbers\examples\jmh\arrays\PartitionTest.java,PartitionTest.java,DoublePartitionFunction2,testPartitionIDPIndexIterator,1,2,void,,false,true,true,false
C:\Users\simon\Documents\Code\thesis-code\commons-numbers-master\commons-numbers-examples\examples-jmh\src\test\java\org\apache\commons\numbers\examples\jmh\arrays\PartitionTest.java,PartitionTest.java,DoublePartitionFunction2,testPartitionIDPCompressedIndexIterator,1,2,void,,false,true,true,false
C:\Users\simon\Documents\Code\thesis-code\commons-numbers-master\commons-numbers-examples\examples-jmh\src\test\java\org\apache\commons\numbers\examples\jmh\arrays\PartitionTest.java,PartitionTest.java,DoublePartitionFunction2,testPartitionFR,2,2,void,,false,true,true,false
C:\Users\simon\Documents\Code\thesis-code\commons-numbers-master\commons-numbers-examples\examples-jmh\src\test\java\org\apache\commons\numbers\examples\jmh\arrays\PartitionTest.java,PartitionTest.java,DoublePartitionFunction2,testPartitionFRPivotingStrategy,2,2,void,,false,true,true,false
C:\Users\simon\Documents\Code\thesis-code\commons-numbers-master\commons-numbers-examples\examples-jmh\src\test\java\org\apache\commons\numbers\examples\jmh\arrays\PartitionTest.java,PartitionTest.java,DoublePartitionFunction2,testPartitionFRRandomSampling,2,2,void,,false,true,true,false
C:\Users\simon\Documents\Code\thesis-code\commons-numbers-master\commons-numbers-examples\examples-jmh\src\test\java\org\apache\commons\numbers\examples\jmh\arrays\PartitionTest.java,PartitionTest.java,DoublePartitionFunction2,testPartitionFRMoveSample,2,2,void,,false,true,true,false
C:\Users\simon\Documents\Code\thesis-code\commons-numbers-master\commons-numbers-examples\examples-jmh\src\test\java\org\apache\commons\numbers\examples\jmh\arrays\PartitionTest.java,PartitionTest.java,DoublePartitionFunction2,testPartitionFRSubsetSampling,2,2,void,,false,true,true,false
C:\Users\simon\Documents\Code\thesis-code\commons-numbers-master\commons-numbers-examples\examples-jmh\src\test\java\org\apache\commons\numbers\examples\jmh\arrays\PartitionTest.java,PartitionTest.java,DoublePartitionFunction2,testPartitionKFR,2,2,void,,false,true,true,false
C:\Users\simon\Documents\Code\thesis-code\commons-numbers-master\commons-numbers-examples\examples-jmh\src\test\java\org\apache\commons\numbers\examples\jmh\arrays\PartitionTest.java,PartitionTest.java,DoublePartitionFunction2,testPartitionLSP,2,2,void,,false,true,true,false
C:\Users\simon\Documents\Code\thesis-code\commons-numbers-master\commons-numbers-examples\examples-jmh\src\test\java\org\apache\commons\numbers\examples\jmh\arrays\PartitionTest.java,PartitionTest.java,DoublePartitionFunction2,testPartitionLSPMoveSample,2,2,void,,false,true,true,false
C:\Users\simon\Documents\Code\thesis-code\commons-numbers-master\commons-numbers-examples\examples-jmh\src\test\java\org\apache\commons\numbers\examples\jmh\arrays\PartitionTest.java,PartitionTest.java,DoublePartitionFunction2,testPartitionLinearBFPRTPER,2,2,void,,false,true,true,false
C:\Users\simon\Documents\Code\thesis-code\commons-numbers-master\commons-numbers-examples\examples-jmh\src\test\java\org\apache\commons\numbers\examples\jmh\arrays\PartitionTest.java,PartitionTest.java,DoublePartitionFunction2,testPartitionLinearBFPRTT1,2,2,void,,false,true,true,false
C:\Users\simon\Documents\Code\thesis-code\commons-numbers-master\commons-numbers-examples\examples-jmh\src\test\java\org\apache\commons\numbers\examples\jmh\arrays\PartitionTest.java,PartitionTest.java,DoublePartitionFunction2,testPartitionLinearBFPRTB1,2,2,void,,false,true,true,false
C:\Users\simon\Documents\Code\thesis-code\commons-numbers-master\commons-numbers-examples\examples-jmh\src\test\java\org\apache\commons\numbers\examples\jmh\arrays\PartitionTest.java,PartitionTest.java,DoublePartitionFunction2,testPartitionLinearBFPRTT2,2,2,void,,false,true,true,false
C:\Users\simon\Documents\Code\thesis-code\commons-numbers-master\commons-numbers-examples\examples-jmh\src\test\java\org\apache\commons\numbers\examples\jmh\arrays\PartitionTest.java,PartitionTest.java,DoublePartitionFunction2,testPartitionLinearBFPRTB2,2,2,void,,false,true,true,false
C:\Users\simon\Documents\Code\thesis-code\commons-numbers-master\commons-numbers-examples\examples-jmh\src\test\java\org\apache\commons\numbers\examples\jmh\arrays\PartitionTest.java,PartitionTest.java,DoublePartitionFunction2,testPartitionLinearRS,2,2,void,,false,true,true,false
C:\Users\simon\Documents\Code\thesis-code\commons-numbers-master\commons-numbers-examples\examples-jmh\src\test\java\org\apache\commons\numbers\examples\jmh\arrays\PartitionTest.java,PartitionTest.java,DoublePartitionFunction2,testPartitionLinearBFPRTImprovedT2,2,2,void,,false,true,true,false
C:\Users\simon\Documents\Code\thesis-code\commons-numbers-master\commons-numbers-examples\examples-jmh\src\test\java\org\apache\commons\numbers\examples\jmh\arrays\PartitionTest.java,PartitionTest.java,DoublePartitionFunction2,testPartitionLinearRSImproved,2,2,void,,false,true,true,false
C:\Users\simon\Documents\Code\thesis-code\commons-numbers-master\commons-numbers-examples\examples-jmh\src\test\java\org\apache\commons\numbers\examples\jmh\arrays\PartitionTest.java,PartitionTest.java,DoublePartitionFunction2,testPartitionLinearRSAdaptive,2,2,void,,false,true,true,false
C:\Users\simon\Documents\Code\thesis-code\commons-numbers-master\commons-numbers-examples\examples-jmh\src\test\java\org\apache\commons\numbers\examples\jmh\arrays\PartitionTest.java,PartitionTest.java,DoublePartitionFunction2,testPartitionQA,2,2,void,,false,true,true,false
C:\Users\simon\Documents\Code\thesis-code\commons-numbers-master\commons-numbers-examples\examples-jmh\src\test\java\org\apache\commons\numbers\examples\jmh\arrays\PartitionTest.java,PartitionTest.java,DoublePartitionFunction2,testPartitionQAAlwaysAdapt,2,2,void,,false,true,true,false
C:\Users\simon\Documents\Code\thesis-code\commons-numbers-master\commons-numbers-examples\examples-jmh\src\test\java\org\apache\commons\numbers\examples\jmh\arrays\PartitionTest.java,PartitionTest.java,DoublePartitionFunction2,testPartitionQANoSampling,2,2,void,,false,true,true,false
C:\Users\simon\Documents\Code\thesis-code\commons-numbers-master\commons-numbers-examples\examples-jmh\src\test\java\org\apache\commons\numbers\examples\jmh\arrays\PartitionTest.java,PartitionTest.java,DoublePartitionFunction2,testPartitionQAFarStepAndMiddle12,2,2,void,,false,true,true,false
C:\Users\simon\Documents\Code\thesis-code\commons-numbers-master\commons-numbers-examples\examples-jmh\src\test\java\org\apache\commons\numbers\examples\jmh\arrays\PartitionTest.java,PartitionTest.java,DoublePartitionFunction2,testPartitionQAFarStepAdaptOriginal,2,2,void,,false,true,true,false
C:\Users\simon\Documents\Code\thesis-code\commons-numbers-master\commons-numbers-examples\examples-jmh\src\test\java\org\apache\commons\numbers\examples\jmh\arrays\PartitionTest.java,PartitionTest.java,DoublePartitionFunction2,testPartitionQASampleK,2,2,void,,false,true,true,false
C:\Users\simon\Documents\Code\thesis-code\commons-numbers-master\commons-numbers-examples\examples-jmh\src\test\java\org\apache\commons\numbers\examples\jmh\arrays\PartitionTest.java,PartitionTest.java,DoublePartitionFunction2,testPartitionQASampleStep,2,2,void,,false,true,true,false
C:\Users\simon\Documents\Code\thesis-code\commons-numbers-master\commons-numbers-examples\examples-jmh\src\test\java\org\apache\commons\numbers\examples\jmh\arrays\PartitionTest.java,PartitionTest.java,DoublePartitionFunction2,testPartitionQASampleStepRandom1,2,2,void,,false,true,true,false
C:\Users\simon\Documents\Code\thesis-code\commons-numbers-master\commons-numbers-examples\examples-jmh\src\test\java\org\apache\commons\numbers\examples\jmh\arrays\PartitionTest.java,PartitionTest.java,DoublePartitionFunction2,testPartitionQASampleStepRandom2,2,2,void,,false,true,true,false
C:\Users\simon\Documents\Code\thesis-code\commons-numbers-master\commons-numbers-examples\examples-jmh\src\test\java\org\apache\commons\numbers\examples\jmh\arrays\PartitionTest.java,PartitionTest.java,DoublePartitionFunction2,testPartitionQA2FRSampling,1,2,void,,false,true,true,false
C:\Users\simon\Documents\Code\thesis-code\commons-numbers-master\commons-numbers-examples\examples-jmh\src\test\java\org\apache\commons\numbers\examples\jmh\arrays\PartitionTest.java,PartitionTest.java,DoublePartitionFunction2,testPartitionQA2Sampling,1,2,void,,false,true,true,false
C:\Users\simon\Documents\Code\thesis-code\commons-numbers-master\commons-numbers-examples\examples-jmh\src\test\java\org\apache\commons\numbers\examples\jmh\arrays\PartitionTest.java,PartitionTest.java,DoublePartitionFunction2,testPartitionQA2Adaption,1,2,void,,false,true,true,false
C:\Users\simon\Documents\Code\thesis-code\commons-numbers-master\commons-numbers-examples\examples-jmh\src\test\java\org\apache\commons\numbers\examples\jmh\arrays\PartitionTest.java,PartitionTest.java,DoublePartitionFunction2,testPartitionQA2Strict,1,2,void,,false,true,true,false
C:\Users\simon\Documents\Code\thesis-code\commons-numbers-master\commons-numbers-examples\examples-jmh\src\test\java\org\apache\commons\numbers\examples\jmh\arrays\PartitionTest.java,PartitionTest.java,DoublePartitionFunction2,assertPartitionQA2,3,3,void,private; static,false,false,true,false
C:\Users\simon\Documents\Code\thesis-code\commons-numbers-master\commons-numbers-examples\examples-jmh\src\test\java\org\apache\commons\numbers\examples\jmh\arrays\PartitionTest.java,PartitionTest.java,DoublePartitionFunction2,assertPartitionPaired,8,3,void,static,false,false,true,false
C:\Users\simon\Documents\Code\thesis-code\commons-numbers-master\commons-numbers-examples\examples-jmh\src\test\java\org\apache\commons\numbers\examples\jmh\arrays\PartitionTest.java,PartitionTest.java,DoublePartitionFunction2,assertPartition,14,3,void,static,false,false,true,false
C:\Users\simon\Documents\Code\thesis-code\commons-numbers-master\commons-numbers-examples\examples-jmh\src\test\java\org\apache\commons\numbers\examples\jmh\arrays\PartitionTest.java,PartitionTest.java,DoublePartitionFunction2,testPartition,28,0,Stream<Arguments>,static,false,true,true,false
C:\Users\simon\Documents\Code\thesis-code\commons-numbers-master\commons-numbers-examples\examples-jmh\src\test\java\org\apache\commons\numbers\examples\jmh\arrays\PartitionTest.java,PartitionTest.java,DoublePartitionFunction2,testPartitionBigData,8,0,Stream<Arguments>,static,false,true,true,false
C:\Users\simon\Documents\Code\thesis-code\commons-numbers-master\commons-numbers-examples\examples-jmh\src\test\java\org\apache\commons\numbers\examples\jmh\arrays\PartitionTest.java,PartitionTest.java,DoublePartitionFunction2,testSortSBM,1,1,void,,false,true,true,false
C:\Users\simon\Documents\Code\thesis-code\commons-numbers-master\commons-numbers-examples\examples-jmh\src\test\java\org\apache\commons\numbers\examples\jmh\arrays\PartitionTest.java,PartitionTest.java,DoublePartitionFunction2,testHeapSortUsingHeapSelectRange,3,1,void,,false,true,true,false
C:\Users\simon\Documents\Code\thesis-code\commons-numbers-master\commons-numbers-examples\examples-jmh\src\test\java\org\apache\commons\numbers\examples\jmh\arrays\PartitionTest.java,PartitionTest.java,DoublePartitionFunction2,testHeapSort,3,1,void,,false,true,true,false
C:\Users\simon\Documents\Code\thesis-code\commons-numbers-master\commons-numbers-examples\examples-jmh\src\test\java\org\apache\commons\numbers\examples\jmh\arrays\PartitionTest.java,PartitionTest.java,DoublePartitionFunction2,testSortISP,1,1,void,,false,true,true,false
C:\Users\simon\Documents\Code\thesis-code\commons-numbers-master\commons-numbers-examples\examples-jmh\src\test\java\org\apache\commons\numbers\examples\jmh\arrays\PartitionTest.java,PartitionTest.java,DoublePartitionFunction2,testSortIBM,1,1,void,,false,true,true,false
C:\Users\simon\Documents\Code\thesis-code\commons-numbers-master\commons-numbers-examples\examples-jmh\src\test\java\org\apache\commons\numbers\examples\jmh\arrays\PartitionTest.java,PartitionTest.java,DoublePartitionFunction2,testSortISBM,1,1,void,,false,true,true,false
C:\Users\simon\Documents\Code\thesis-code\commons-numbers-master\commons-numbers-examples\examples-jmh\src\test\java\org\apache\commons\numbers\examples\jmh\arrays\PartitionTest.java,PartitionTest.java,DoublePartitionFunction2,testSortIKBM,1,1,void,,false,true,true,false
C:\Users\simon\Documents\Code\thesis-code\commons-numbers-master\commons-numbers-examples\examples-jmh\src\test\java\org\apache\commons\numbers\examples\jmh\arrays\PartitionTest.java,PartitionTest.java,DoublePartitionFunction2,testSortIDNF1,1,1,void,,false,true,true,false
C:\Users\simon\Documents\Code\thesis-code\commons-numbers-master\commons-numbers-examples\examples-jmh\src\test\java\org\apache\commons\numbers\examples\jmh\arrays\PartitionTest.java,PartitionTest.java,DoublePartitionFunction2,testSortIDNF2,1,1,void,,false,true,true,false
C:\Users\simon\Documents\Code\thesis-code\commons-numbers-master\commons-numbers-examples\examples-jmh\src\test\java\org\apache\commons\numbers\examples\jmh\arrays\PartitionTest.java,PartitionTest.java,DoublePartitionFunction2,testSortIDNF3,1,1,void,,false,true,true,false
C:\Users\simon\Documents\Code\thesis-code\commons-numbers-master\commons-numbers-examples\examples-jmh\src\test\java\org\apache\commons\numbers\examples\jmh\arrays\PartitionTest.java,PartitionTest.java,DoublePartitionFunction2,testSortIDP,1,1,void,,false,true,true,false
C:\Users\simon\Documents\Code\thesis-code\commons-numbers-master\commons-numbers-examples\examples-jmh\src\test\java\org\apache\commons\numbers\examples\jmh\arrays\PartitionTest.java,PartitionTest.java,DoublePartitionFunction2,testInsertionSort,5,1,void,,false,true,true,false
C:\Users\simon\Documents\Code\thesis-code\commons-numbers-master\commons-numbers-examples\examples-jmh\src\test\java\org\apache\commons\numbers\examples\jmh\arrays\PartitionTest.java,PartitionTest.java,DoublePartitionFunction2,testInsertionSort5,3,1,void,,false,true,true,false
C:\Users\simon\Documents\Code\thesis-code\commons-numbers-master\commons-numbers-examples\examples-jmh\src\test\java\org\apache\commons\numbers\examples\jmh\arrays\PartitionTest.java,PartitionTest.java,DoublePartitionFunction2,testSortZero,4,0,void,,true,true,true,false
C:\Users\simon\Documents\Code\thesis-code\commons-numbers-master\commons-numbers-examples\examples-jmh\src\test\java\org\apache\commons\numbers\examples\jmh\arrays\PartitionTest.java,PartitionTest.java,DoublePartitionFunction2,assertSort,5,2,void,private; static,false,false,true,false
C:\Users\simon\Documents\Code\thesis-code\commons-numbers-master\commons-numbers-examples\examples-jmh\src\test\java\org\apache\commons\numbers\examples\jmh\arrays\PartitionTest.java,PartitionTest.java,DoublePartitionFunction2,testSort,13,0,Stream<double[]>,static,false,true,true,false
C:\Users\simon\Documents\Code\thesis-code\commons-numbers-master\commons-numbers-examples\examples-jmh\src\test\java\org\apache\commons\numbers\examples\jmh\arrays\PartitionTest.java,PartitionTest.java,DoublePartitionFunction2,testKeyAnalysis,6,7,void,,false,true,true,false
C:\Users\simon\Documents\Code\thesis-code\commons-numbers-master\commons-numbers-examples\examples-jmh\src\test\java\org\apache\commons\numbers\examples\jmh\arrays\PartitionTest.java,PartitionTest.java,DoublePartitionFunction2,testKeyAnalysis,25,0,Stream<Arguments>,static,false,true,true,false
C:\Users\simon\Documents\Code\thesis-code\commons-numbers-master\commons-numbers-examples\examples-jmh\src\test\java\org\apache\commons\numbers\examples\jmh\arrays\PartitionTest.java,PartitionTest.java,DoublePartitionFunction2,assumeNonNaN,1,1,void,private,false,false,true,false
C:\Users\simon\Documents\Code\thesis-code\commons-numbers-master\commons-numbers-examples\examples-jmh\src\test\java\org\apache\commons\numbers\examples\jmh\arrays\PartitionTest.java,PartitionTest.java,DoublePartitionFunction2,replaceNegativeZeros,1,3,void,private; static,false,false,true,false
C:\Users\simon\Documents\Code\thesis-code\commons-numbers-master\commons-numbers-examples\examples-jmh\src\test\java\org\apache\commons\numbers\examples\jmh\arrays\PartitionTest.java,PartitionTest.java,DoublePartitionFunction2,restoreNegativeZeros,1,3,void,private; static,false,false,true,false
C:\Users\simon\Documents\Code\thesis-code\commons-numbers-master\commons-numbers-examples\examples-jmh\src\test\java\org\apache\commons\numbers\examples\jmh\arrays\PartitionTest.java,PartitionTest.java,DoublePartitionFunction2,testSearch,8,3,void,,false,true,true,false
C:\Users\simon\Documents\Code\thesis-code\commons-numbers-master\commons-numbers-examples\examples-jmh\src\test\java\org\apache\commons\numbers\examples\jmh\arrays\PartitionTest.java,PartitionTest.java,DoublePartitionFunction2,testSearch,14,0,Stream<Arguments>,static,false,true,true,false
C:\Users\simon\Documents\Code\thesis-code\commons-numbers-master\commons-numbers-examples\examples-jmh\src\test\java\org\apache\commons\numbers\examples\jmh\arrays\PartitionTest.java,PartitionTest.java,DoublePartitionFunction2,testPartitionDP,4,5,void,,false,true,true,false
C:\Users\simon\Documents\Code\thesis-code\commons-numbers-master\commons-numbers-examples\examples-jmh\src\test\java\org\apache\commons\numbers\examples\jmh\arrays\PartitionTest.java,PartitionTest.java,DoublePartitionFunction2,testPartitionDP,4,0,Stream<Arguments>,static,false,true,true,false
C:\Users\simon\Documents\Code\thesis-code\commons-numbers-master\commons-numbers-examples\examples-jmh\src\test\java\org\apache\commons\numbers\examples\jmh\arrays\PartitionTest.java,PartitionTest.java,DoublePartitionFunction2,testRNG,7,5,void,,false,true,true,false
C:\Users\simon\Documents\Code\thesis-code\commons-numbers-master\commons-numbers-examples\examples-jmh\src\test\java\org\apache\commons\numbers\examples\jmh\arrays\PartitionTest.java,PartitionTest.java,DoublePartitionFunction2,testRNG,4,0,Stream<Arguments>,static,false,true,true,false
C:\Users\simon\Documents\Code\thesis-code\commons-numbers-master\commons-numbers-examples\examples-jmh\src\test\java\org\apache\commons\numbers\examples\jmh\arrays\PartitionTest.java,PartitionTest.java,DoublePartitionFunction2,testRecursion,29,5,void,,false,true,true,false
C:\Users\simon\Documents\Code\thesis-code\commons-numbers-master\commons-numbers-examples\examples-jmh\src\test\java\org\apache\commons\numbers\examples\jmh\arrays\PartitionTest.java,PartitionTest.java,DoublePartitionFunction2,getLength,1,0,int,protected,false,false,true,false
C:\Users\simon\Documents\Code\thesis-code\commons-numbers-master\commons-numbers-examples\examples-jmh\src\test\java\org\apache\commons\numbers\examples\jmh\arrays\PartitionTest.java,PartitionTest.java,DoublePartitionFunction2,testRecursion,6,0,Stream<Arguments>,static,false,true,true,false
C:\Users\simon\Documents\Code\thesis-code\commons-numbers-master\commons-numbers-examples\examples-jmh\src\test\java\org\apache\commons\numbers\examples\jmh\arrays\PartitionTest.java,PartitionTest.java,DoublePartitionFunction2,testData,17,3,void,,false,true,true,false
C:\Users\simon\Documents\Code\thesis-code\commons-numbers-master\commons-numbers-examples\examples-jmh\src\test\java\org\apache\commons\numbers\examples\jmh\arrays\PartitionTest.java,PartitionTest.java,DoublePartitionFunction2,getLength,1,0,int,protected,false,false,true,false
C:\Users\simon\Documents\Code\thesis-code\commons-numbers-master\commons-numbers-examples\examples-jmh\src\test\java\org\apache\commons\numbers\examples\jmh\arrays\PartitionTest.java,PartitionTest.java,DoublePartitionFunction2,formatPivotRange,1,2,String,private; static,false,false,true,false
C:\Users\simon\Documents\Code\thesis-code\commons-numbers-master\commons-numbers-examples\examples-jmh\src\test\java\org\apache\commons\numbers\examples\jmh\arrays\PartitionTest.java,PartitionTest.java,DoublePartitionFunction2,testData,3,0,Stream<Arguments>,static,false,true,true,false
C:\Users\simon\Documents\Code\thesis-code\commons-numbers-master\commons-numbers-examples\examples-jmh\src\test\java\org\apache\commons\numbers\examples\jmh\arrays\PartitionTest.java,PartitionTest.java,DoublePartitionFunction2,printSubSamplingSize,2,3,void,static,false,false,true,false
C:\Users\simon\Documents\Code\thesis-code\commons-numbers-master\commons-numbers-examples\examples-jmh\src\test\java\org\apache\commons\numbers\examples\jmh\arrays\PartitionTest.java,PartitionTest.java,DoublePartitionFunction2,printKSubSamplingSize,2,3,void,static,false,false,true,false
C:\Users\simon\Documents\Code\thesis-code\commons-numbers-master\commons-numbers-examples\examples-jmh\src\test\java\org\apache\commons\numbers\examples\jmh\arrays\PartitionTest.java,PartitionTest.java,DoublePartitionFunction2,testFloydRivestRecursion,9,7,void,,false,true,true,false
C:\Users\simon\Documents\Code\thesis-code\commons-numbers-master\commons-numbers-examples\examples-jmh\src\test\java\org\apache\commons\numbers\examples\jmh\arrays\PartitionTest.java,PartitionTest.java,DoublePartitionFunction2,getLength,1,0,int,protected,false,false,true,false
C:\Users\simon\Documents\Code\thesis-code\commons-numbers-master\commons-numbers-examples\examples-jmh\src\test\java\org\apache\commons\numbers\examples\jmh\arrays\PartitionTest.java,PartitionTest.java,DoublePartitionFunction2,testFloydRivestRecursion,30,0,Stream<Arguments>,static,false,true,true,false
C:\Users\simon\Documents\Code\thesis-code\commons-numbers-master\commons-numbers-examples\examples-jmh\src\test\java\org\apache\commons\numbers\examples\jmh\arrays\PartitionTest.java,PartitionTest.java,DoublePartitionFunction2,testConfiguredPartition,11,0,void,,true,true,true,false
C:\Users\simon\Documents\Code\thesis-code\commons-numbers-master\commons-numbers-examples\examples-jmh\src\test\java\org\apache\commons\numbers\examples\jmh\arrays\PartitionTest.java,PartitionTest.java,DoublePartitionFunction2,getLength,1,0,int,protected,false,false,true,false
C:\Users\simon\Documents\Code\thesis-code\commons-numbers-master\commons-numbers-examples\examples-jmh\src\test\java\org\apache\commons\numbers\examples\jmh\arrays\PartitionTest.java,PartitionTest.java,DoublePartitionFunction2,testQAAndSelect,4,0,void,,true,true,true,false
C:\Users\simon\Documents\Code\thesis-code\commons-numbers-master\commons-numbers-examples\examples-jmh\src\test\java\org\apache\commons\numbers\examples\jmh\arrays\PartitionTest.java,PartitionTest.java,DoublePartitionFunction2,getLength,1,0,int,protected,false,false,true,false
C:\Users\simon\Documents\Code\thesis-code\commons-numbers-master\commons-numbers-examples\examples-jmh\src\test\java\org\apache\commons\numbers\examples\jmh\arrays\PivotCacheTest.java,PivotCacheTest.java,PivotCacheTest,testSingleRangeUsingFilledIndexSetAsScanningPivotCache,7,3,void,,false,true,true,true
C:\Users\simon\Documents\Code\thesis-code\commons-numbers-master\commons-numbers-examples\examples-jmh\src\test\java\org\apache\commons\numbers\examples\jmh\arrays\PivotCacheTest.java,PivotCacheTest.java,PivotCacheTest,testSingleRangeUsingScanningPivotCache,1,3,void,,false,true,true,true
C:\Users\simon\Documents\Code\thesis-code\commons-numbers-master\commons-numbers-examples\examples-jmh\src\test\java\org\apache\commons\numbers\examples\jmh\arrays\PivotCacheTest.java,PivotCacheTest.java,PivotCacheTest,testSingleRangeUsingIndexSet,1,3,void,,false,true,true,true
C:\Users\simon\Documents\Code\thesis-code\commons-numbers-master\commons-numbers-examples\examples-jmh\src\test\java\org\apache\commons\numbers\examples\jmh\arrays\PivotCacheTest.java,PivotCacheTest.java,PivotCacheTest,testSinglePoint,2,3,void,,false,true,true,true
C:\Users\simon\Documents\Code\thesis-code\commons-numbers-master\commons-numbers-examples\examples-jmh\src\test\java\org\apache\commons\numbers\examples\jmh\arrays\PivotCacheTest.java,PivotCacheTest.java,PivotCacheTest,testSingleRange,1,3,void,,false,true,true,true
C:\Users\simon\Documents\Code\thesis-code\commons-numbers-master\commons-numbers-examples\examples-jmh\src\test\java\org\apache\commons\numbers\examples\jmh\arrays\PivotCacheTest.java,PivotCacheTest.java,PivotCacheTest,testPairedIndex,1,3,void,,false,true,true,true
C:\Users\simon\Documents\Code\thesis-code\commons-numbers-master\commons-numbers-examples\examples-jmh\src\test\java\org\apache\commons\numbers\examples\jmh\arrays\PivotCacheTest.java,PivotCacheTest.java,PivotCacheTest,assertSingleRange,7,4,void,private; static,false,false,true,true
C:\Users\simon\Documents\Code\thesis-code\commons-numbers-master\commons-numbers-examples\examples-jmh\src\test\java\org\apache\commons\numbers\examples\jmh\arrays\PivotCacheTest.java,PivotCacheTest.java,PivotCacheTest,testSinglePoint,4,0,Stream<Arguments>,static,false,true,true,true
C:\Users\simon\Documents\Code\thesis-code\commons-numbers-master\commons-numbers-examples\examples-jmh\src\test\java\org\apache\commons\numbers\examples\jmh\arrays\PivotCacheTest.java,PivotCacheTest.java,PivotCacheTest,testSingleRange,16,0,Stream<Arguments>,static,false,true,true,true
C:\Users\simon\Documents\Code\thesis-code\commons-numbers-master\commons-numbers-examples\examples-jmh\src\test\java\org\apache\commons\numbers\examples\jmh\arrays\PivotCacheTest.java,PivotCacheTest.java,PivotCacheTest,testSetRangeUsingFilledIndexSetAsScanningPivotCache,7,3,void,,false,true,true,true
C:\Users\simon\Documents\Code\thesis-code\commons-numbers-master\commons-numbers-examples\examples-jmh\src\test\java\org\apache\commons\numbers\examples\jmh\arrays\PivotCacheTest.java,PivotCacheTest.java,PivotCacheTest,testSetRangeUsingScanningPivotCache,1,3,void,,false,true,true,true
C:\Users\simon\Documents\Code\thesis-code\commons-numbers-master\commons-numbers-examples\examples-jmh\src\test\java\org\apache\commons\numbers\examples\jmh\arrays\PivotCacheTest.java,PivotCacheTest.java,PivotCacheTest,testSetRangeUsingIndexSet,1,3,void,,false,true,true,true
C:\Users\simon\Documents\Code\thesis-code\commons-numbers-master\commons-numbers-examples\examples-jmh\src\test\java\org\apache\commons\numbers\examples\jmh\arrays\PivotCacheTest.java,PivotCacheTest.java,PivotCacheTest,testSetRangeSinglePoint,2,3,void,,false,true,true,true
C:\Users\simon\Documents\Code\thesis-code\commons-numbers-master\commons-numbers-examples\examples-jmh\src\test\java\org\apache\commons\numbers\examples\jmh\arrays\PivotCacheTest.java,PivotCacheTest.java,PivotCacheTest,testSetRangeUsingRange,2,3,void,,false,true,true,true
C:\Users\simon\Documents\Code\thesis-code\commons-numbers-master\commons-numbers-examples\examples-jmh\src\test\java\org\apache\commons\numbers\examples\jmh\arrays\PivotCacheTest.java,PivotCacheTest.java,PivotCacheTest,testSetRangeUsingPairedIndex,1,3,void,,false,true,true,true
C:\Users\simon\Documents\Code\thesis-code\commons-numbers-master\commons-numbers-examples\examples-jmh\src\test\java\org\apache\commons\numbers\examples\jmh\arrays\PivotCacheTest.java,PivotCacheTest.java,PivotCacheTest,assertSetRange,7,4,void,private; static,false,false,true,true
C:\Users\simon\Documents\Code\thesis-code\commons-numbers-master\commons-numbers-examples\examples-jmh\src\test\java\org\apache\commons\numbers\examples\jmh\arrays\PivotCacheTest.java,PivotCacheTest.java,PivotCacheTest,testSetRangeSinglePoint,11,0,Stream<Arguments>,static,false,true,true,true
C:\Users\simon\Documents\Code\thesis-code\commons-numbers-master\commons-numbers-examples\examples-jmh\src\test\java\org\apache\commons\numbers\examples\jmh\arrays\PivotCacheTest.java,PivotCacheTest.java,PivotCacheTest,testSetRange,10,0,Stream<Arguments>,static,false,true,true,true
C:\Users\simon\Documents\Code\thesis-code\commons-numbers-master\commons-numbers-examples\examples-jmh\src\test\java\org\apache\commons\numbers\examples\jmh\arrays\PivotingStrategyTest.java,PivotingStrategyTest.java,PivotingStrategyTest,testCentral,1,1,void,,false,true,true,true
C:\Users\simon\Documents\Code\thesis-code\commons-numbers-master\commons-numbers-examples\examples-jmh\src\test\java\org\apache\commons\numbers\examples\jmh\arrays\PivotingStrategyTest.java,PivotingStrategyTest.java,PivotingStrategyTest,testMedianOf3,1,1,void,,false,true,true,true
C:\Users\simon\Documents\Code\thesis-code\commons-numbers-master\commons-numbers-examples\examples-jmh\src\test\java\org\apache\commons\numbers\examples\jmh\arrays\PivotingStrategyTest.java,PivotingStrategyTest.java,PivotingStrategyTest,testMedianOf9,1,1,void,,false,true,true,true
C:\Users\simon\Documents\Code\thesis-code\commons-numbers-master\commons-numbers-examples\examples-jmh\src\test\java\org\apache\commons\numbers\examples\jmh\arrays\PivotingStrategyTest.java,PivotingStrategyTest.java,PivotingStrategyTest,testMedianOf5,1,1,void,,false,true,true,true
C:\Users\simon\Documents\Code\thesis-code\commons-numbers-master\commons-numbers-examples\examples-jmh\src\test\java\org\apache\commons\numbers\examples\jmh\arrays\PivotingStrategyTest.java,PivotingStrategyTest.java,PivotingStrategyTest,testMedianOf5B,1,1,void,,false,true,true,true
C:\Users\simon\Documents\Code\thesis-code\commons-numbers-master\commons-numbers-examples\examples-jmh\src\test\java\org\apache\commons\numbers\examples\jmh\arrays\PivotingStrategyTest.java,PivotingStrategyTest.java,PivotingStrategyTest,testDynamic,4,1,void,,false,true,true,true
C:\Users\simon\Documents\Code\thesis-code\commons-numbers-master\commons-numbers-examples\examples-jmh\src\test\java\org\apache\commons\numbers\examples\jmh\arrays\PivotingStrategyTest.java,PivotingStrategyTest.java,PivotingStrategyTest,testTarget,2,1,void,,false,true,true,true
C:\Users\simon\Documents\Code\thesis-code\commons-numbers-master\commons-numbers-examples\examples-jmh\src\test\java\org\apache\commons\numbers\examples\jmh\arrays\PivotingStrategyTest.java,PivotingStrategyTest.java,PivotingStrategyTest,assertPivot,14,4,void,private; static,false,false,true,true
C:\Users\simon\Documents\Code\thesis-code\commons-numbers-master\commons-numbers-examples\examples-jmh\src\test\java\org\apache\commons\numbers\examples\jmh\arrays\PivotingStrategyTest.java,PivotingStrategyTest.java,PivotingStrategyTest,testMedianOf5Indexing,1,0,void,,true,true,true,true
C:\Users\simon\Documents\Code\thesis-code\commons-numbers-master\commons-numbers-examples\examples-jmh\src\test\java\org\apache\commons\numbers\examples\jmh\arrays\PivotingStrategyTest.java,PivotingStrategyTest.java,PivotingStrategyTest,testMedianOf5BIndexing,1,0,void,,true,true,true,true
C:\Users\simon\Documents\Code\thesis-code\commons-numbers-master\commons-numbers-examples\examples-jmh\src\test\java\org\apache\commons\numbers\examples\jmh\arrays\PivotingStrategyTest.java,PivotingStrategyTest.java,PivotingStrategyTest,assertIndexing,3,3,void,private; static,false,false,true,true
C:\Users\simon\Documents\Code\thesis-code\commons-numbers-master\commons-numbers-examples\examples-jmh\src\test\java\org\apache\commons\numbers\examples\jmh\arrays\PivotingStrategyTest.java,PivotingStrategyTest.java,PivotingStrategyTest,testPivot,5,0,Stream<double[]>,static,false,true,true,true
C:\Users\simon\Documents\Code\thesis-code\commons-numbers-master\commons-numbers-examples\examples-jmh\src\test\java\org\apache\commons\numbers\examples\jmh\arrays\PivotingStrategyTest.java,PivotingStrategyTest.java,PivotingStrategyTest,testMedianOf5,5,0,Stream<Arguments>,static,false,true,true,true
C:\Users\simon\Documents\Code\thesis-code\commons-numbers-master\commons-numbers-examples\examples-jmh\src\test\java\org\apache\commons\numbers\examples\jmh\arrays\QuantilePerformanceTest.java,QuantilePerformanceTest.java,SelectionPerformanceTest,testGetDistribution,1,0,void,,true,true,true,true
C:\Users\simon\Documents\Code\thesis-code\commons-numbers-master\commons-numbers-examples\examples-jmh\src\test\java\org\apache\commons\numbers\examples\jmh\arrays\QuantilePerformanceTest.java,QuantilePerformanceTest.java,SelectionPerformanceTest,testGetModification,1,0,void,,true,true,true,true
C:\Users\simon\Documents\Code\thesis-code\commons-numbers-master\commons-numbers-examples\examples-jmh\src\test\java\org\apache\commons\numbers\examples\jmh\arrays\QuantilePerformanceTest.java,QuantilePerformanceTest.java,SelectionPerformanceTest,assertGetEnumFromParam,3,1,void,static,false,false,true,true
C:\Users\simon\Documents\Code\thesis-code\commons-numbers-master\commons-numbers-examples\examples-jmh\src\test\java\org\apache\commons\numbers\examples\jmh\arrays\SearchableIntervalTest.java,SearchableIntervalTest.java,SearchableIntervalTest,testAnyIndex,5,0,void,,true,true,true,true
C:\Users\simon\Documents\Code\thesis-code\commons-numbers-master\commons-numbers-examples\examples-jmh\src\test\java\org\apache\commons\numbers\examples\jmh\arrays\SearchableIntervalTest.java,SearchableIntervalTest.java,SearchableIntervalTest,testAnyIndex2,5,0,void,,true,true,true,true
C:\Users\simon\Documents\Code\thesis-code\commons-numbers-master\commons-numbers-examples\examples-jmh\src\test\java\org\apache\commons\numbers\examples\jmh\arrays\SearchableIntervalTest.java,SearchableIntervalTest.java,SearchableIntervalTest,testScanningKeySearchableIntervalInvalidIndicesThrows,3,0,void,,true,true,true,true
C:\Users\simon\Documents\Code\thesis-code\commons-numbers-master\commons-numbers-examples\examples-jmh\src\test\java\org\apache\commons\numbers\examples\jmh\arrays\SearchableIntervalTest.java,SearchableIntervalTest.java,SearchableIntervalTest,testBinarySearchKeySearchableIntervalInvalidIndicesThrows,1,0,void,,true,true,true,true
C:\Users\simon\Documents\Code\thesis-code\commons-numbers-master\commons-numbers-examples\examples-jmh\src\test\java\org\apache\commons\numbers\examples\jmh\arrays\SearchableIntervalTest.java,SearchableIntervalTest.java,SearchableIntervalTest,assertInvalidIndicesThrows,4,1,void,private; static,false,false,true,true
C:\Users\simon\Documents\Code\thesis-code\commons-numbers-master\commons-numbers-examples\examples-jmh\src\test\java\org\apache\commons\numbers\examples\jmh\arrays\SearchableIntervalTest.java,SearchableIntervalTest.java,SearchableIntervalTest,testPreviousNextScanningKeySearchableInterval,1,1,void,,false,true,true,true
C:\Users\simon\Documents\Code\thesis-code\commons-numbers-master\commons-numbers-examples\examples-jmh\src\test\java\org\apache\commons\numbers\examples\jmh\arrays\SearchableIntervalTest.java,SearchableIntervalTest.java,SearchableIntervalTest,testPreviousNextBinarySearchKeySearchableInterval,1,1,void,,false,true,true,true
C:\Users\simon\Documents\Code\thesis-code\commons-numbers-master\commons-numbers-examples\examples-jmh\src\test\java\org\apache\commons\numbers\examples\jmh\arrays\SearchableIntervalTest.java,SearchableIntervalTest.java,SearchableIntervalTest,testPreviousNextIndexSet,2,1,void,,false,true,true,true
C:\Users\simon\Documents\Code\thesis-code\commons-numbers-master\commons-numbers-examples\examples-jmh\src\test\java\org\apache\commons\numbers\examples\jmh\arrays\SearchableIntervalTest.java,SearchableIntervalTest.java,SearchableIntervalTest,testPreviousNextSearchableInterval,1,1,void,,false,true,true,true
C:\Users\simon\Documents\Code\thesis-code\commons-numbers-master\commons-numbers-examples\examples-jmh\src\test\java\org\apache\commons\numbers\examples\jmh\arrays\SearchableIntervalTest.java,SearchableIntervalTest.java,SearchableIntervalTest,testPreviousNextCompressedIndexSet,3,1,void,,false,true,true,true
C:\Users\simon\Documents\Code\thesis-code\commons-numbers-master\commons-numbers-examples\examples-jmh\src\test\java\org\apache\commons\numbers\examples\jmh\arrays\SearchableIntervalTest.java,SearchableIntervalTest.java,SearchableIntervalTest,assertPreviousNextIndex,5,2,void,private; static,false,false,true,true
C:\Users\simon\Documents\Code\thesis-code\commons-numbers-master\commons-numbers-examples\examples-jmh\src\test\java\org\apache\commons\numbers\examples\jmh\arrays\SearchableIntervalTest.java,SearchableIntervalTest.java,SearchableIntervalTest,testPreviousNextIndex,9,0,Stream<int[]>,static,false,true,true,true
C:\Users\simon\Documents\Code\thesis-code\commons-numbers-master\commons-numbers-examples\examples-jmh\src\test\java\org\apache\commons\numbers\examples\jmh\arrays\SearchableIntervalTest.java,SearchableIntervalTest.java,SearchableIntervalTest,testSearchableIntervalCreate,11,0,void,,true,true,true,true
C:\Users\simon\Documents\Code\thesis-code\commons-numbers-master\commons-numbers-examples\examples-jmh\src\test\java\org\apache\commons\numbers\examples\jmh\arrays\SortingTest.java,SortingTest.java,IndexSort,sort,0,2,int,,false,false,true,false
C:\Users\simon\Documents\Code\thesis-code\commons-numbers-master\commons-numbers-examples\examples-jmh\src\test\java\org\apache\commons\numbers\examples\jmh\arrays\SortingTest.java,SortingTest.java,IndexSort,testDoubleInsertionSortInternal,4,1,void,,false,true,true,false
C:\Users\simon\Documents\Code\thesis-code\commons-numbers-master\commons-numbers-examples\examples-jmh\src\test\java\org\apache\commons\numbers\examples\jmh\arrays\SortingTest.java,SortingTest.java,IndexSort,testDoublePairedInsertionSortInternal,6,1,void,,false,true,true,false
C:\Users\simon\Documents\Code\thesis-code\commons-numbers-master\commons-numbers-examples\examples-jmh\src\test\java\org\apache\commons\numbers\examples\jmh\arrays\SortingTest.java,SortingTest.java,IndexSort,testDoubleInsertionSort,1,1,void,,false,true,true,false
C:\Users\simon\Documents\Code\thesis-code\commons-numbers-master\commons-numbers-examples\examples-jmh\src\test\java\org\apache\commons\numbers\examples\jmh\arrays\SortingTest.java,SortingTest.java,IndexSort,testDoubleInsertionSortB,1,1,void,,false,true,true,false
C:\Users\simon\Documents\Code\thesis-code\commons-numbers-master\commons-numbers-examples\examples-jmh\src\test\java\org\apache\commons\numbers\examples\jmh\arrays\SortingTest.java,SortingTest.java,IndexSort,testDoubleSort3,2,1,void,,false,true,true,false
C:\Users\simon\Documents\Code\thesis-code\commons-numbers-master\commons-numbers-examples\examples-jmh\src\test\java\org\apache\commons\numbers\examples\jmh\arrays\SortingTest.java,SortingTest.java,IndexSort,testDoubleSort3b,2,1,void,,false,true,true,false
C:\Users\simon\Documents\Code\thesis-code\commons-numbers-master\commons-numbers-examples\examples-jmh\src\test\java\org\apache\commons\numbers\examples\jmh\arrays\SortingTest.java,SortingTest.java,IndexSort,testDoubleSort3c,2,1,void,,false,true,true,false
C:\Users\simon\Documents\Code\thesis-code\commons-numbers-master\commons-numbers-examples\examples-jmh\src\test\java\org\apache\commons\numbers\examples\jmh\arrays\SortingTest.java,SortingTest.java,IndexSort,testDoubleSort4,2,1,void,,false,true,true,false
C:\Users\simon\Documents\Code\thesis-code\commons-numbers-master\commons-numbers-examples\examples-jmh\src\test\java\org\apache\commons\numbers\examples\jmh\arrays\SortingTest.java,SortingTest.java,IndexSort,testDoubleSort5,2,1,void,,false,true,true,false
C:\Users\simon\Documents\Code\thesis-code\commons-numbers-master\commons-numbers-examples\examples-jmh\src\test\java\org\apache\commons\numbers\examples\jmh\arrays\SortingTest.java,SortingTest.java,IndexSort,testDoubleSort5b,2,1,void,,false,true,true,false
C:\Users\simon\Documents\Code\thesis-code\commons-numbers-master\commons-numbers-examples\examples-jmh\src\test\java\org\apache\commons\numbers\examples\jmh\arrays\SortingTest.java,SortingTest.java,IndexSort,testDoubleSort5c,2,1,void,,false,true,true,false
C:\Users\simon\Documents\Code\thesis-code\commons-numbers-master\commons-numbers-examples\examples-jmh\src\test\java\org\apache\commons\numbers\examples\jmh\arrays\SortingTest.java,SortingTest.java,IndexSort,testDoubleSort7,2,1,void,,false,true,true,false
C:\Users\simon\Documents\Code\thesis-code\commons-numbers-master\commons-numbers-examples\examples-jmh\src\test\java\org\apache\commons\numbers\examples\jmh\arrays\SortingTest.java,SortingTest.java,IndexSort,testDoubleSort8,2,1,void,,false,true,true,false
C:\Users\simon\Documents\Code\thesis-code\commons-numbers-master\commons-numbers-examples\examples-jmh\src\test\java\org\apache\commons\numbers\examples\jmh\arrays\SortingTest.java,SortingTest.java,IndexSort,testDoubleSort11,2,1,void,,false,true,true,false
C:\Users\simon\Documents\Code\thesis-code\commons-numbers-master\commons-numbers-examples\examples-jmh\src\test\java\org\apache\commons\numbers\examples\jmh\arrays\SortingTest.java,SortingTest.java,IndexSort,testDoubleSort3Internal,4,2,void,,false,true,true,false
C:\Users\simon\Documents\Code\thesis-code\commons-numbers-master\commons-numbers-examples\examples-jmh\src\test\java\org\apache\commons\numbers\examples\jmh\arrays\SortingTest.java,SortingTest.java,IndexSort,testDoubleSort3bInternal,4,2,void,,false,true,true,false
C:\Users\simon\Documents\Code\thesis-code\commons-numbers-master\commons-numbers-examples\examples-jmh\src\test\java\org\apache\commons\numbers\examples\jmh\arrays\SortingTest.java,SortingTest.java,IndexSort,testDoubleSort3cInternal,4,2,void,,false,true,true,false
C:\Users\simon\Documents\Code\thesis-code\commons-numbers-master\commons-numbers-examples\examples-jmh\src\test\java\org\apache\commons\numbers\examples\jmh\arrays\SortingTest.java,SortingTest.java,IndexSort,testDoubleSort4Internal,5,2,void,,false,true,true,false
C:\Users\simon\Documents\Code\thesis-code\commons-numbers-master\commons-numbers-examples\examples-jmh\src\test\java\org\apache\commons\numbers\examples\jmh\arrays\SortingTest.java,SortingTest.java,IndexSort,testDoubleSort5Internal,6,2,void,,false,true,true,false
C:\Users\simon\Documents\Code\thesis-code\commons-numbers-master\commons-numbers-examples\examples-jmh\src\test\java\org\apache\commons\numbers\examples\jmh\arrays\SortingTest.java,SortingTest.java,IndexSort,testDoubleSort5bInternal,6,2,void,,false,true,true,false
C:\Users\simon\Documents\Code\thesis-code\commons-numbers-master\commons-numbers-examples\examples-jmh\src\test\java\org\apache\commons\numbers\examples\jmh\arrays\SortingTest.java,SortingTest.java,IndexSort,testDoubleSort5cInternal,6,2,void,,false,true,true,false
C:\Users\simon\Documents\Code\thesis-code\commons-numbers-master\commons-numbers-examples\examples-jmh\src\test\java\org\apache\commons\numbers\examples\jmh\arrays\SortingTest.java,SortingTest.java,IndexSort,testDoubleSort7Internal,8,2,void,,false,true,true,false
C:\Users\simon\Documents\Code\thesis-code\commons-numbers-master\commons-numbers-examples\examples-jmh\src\test\java\org\apache\commons\numbers\examples\jmh\arrays\SortingTest.java,SortingTest.java,IndexSort,testDoubleSort8Internal,9,2,void,,false,true,true,false
C:\Users\simon\Documents\Code\thesis-code\commons-numbers-master\commons-numbers-examples\examples-jmh\src\test\java\org\apache\commons\numbers\examples\jmh\arrays\SortingTest.java,SortingTest.java,IndexSort,testDoubleSort11Internal,12,2,void,,false,true,true,false
C:\Users\simon\Documents\Code\thesis-code\commons-numbers-master\commons-numbers-examples\examples-jmh\src\test\java\org\apache\commons\numbers\examples\jmh\arrays\SortingTest.java,SortingTest.java,IndexSort,assertDoubleSort,5,2,void,private; static,false,false,true,false
C:\Users\simon\Documents\Code\thesis-code\commons-numbers-master\commons-numbers-examples\examples-jmh\src\test\java\org\apache\commons\numbers\examples\jmh\arrays\SortingTest.java,SortingTest.java,IndexSort,assertDoubleSort,3,2,void,private; static,false,false,true,false
C:\Users\simon\Documents\Code\thesis-code\commons-numbers-master\commons-numbers-examples\examples-jmh\src\test\java\org\apache\commons\numbers\examples\jmh\arrays\SortingTest.java,SortingTest.java,IndexSort,assertDoubleSortInternal,8,3,void,private; static,false,false,true,false
C:\Users\simon\Documents\Code\thesis-code\commons-numbers-master\commons-numbers-examples\examples-jmh\src\test\java\org\apache\commons\numbers\examples\jmh\arrays\SortingTest.java,SortingTest.java,IndexSort,testDoubleSort,4,0,Stream<double[]>,static,false,true,true,false
C:\Users\simon\Documents\Code\thesis-code\commons-numbers-master\commons-numbers-examples\examples-jmh\src\test\java\org\apache\commons\numbers\examples\jmh\arrays\SortingTest.java,SortingTest.java,IndexSort,testDoubleInsertionSortInternal,5,0,Stream<double[]>,static,false,true,true,false
C:\Users\simon\Documents\Code\thesis-code\commons-numbers-master\commons-numbers-examples\examples-jmh\src\test\java\org\apache\commons\numbers\examples\jmh\arrays\SortingTest.java,SortingTest.java,IndexSort,testDoubleSort3,5,0,Stream<double[]>,static,false,true,true,false
C:\Users\simon\Documents\Code\thesis-code\commons-numbers-master\commons-numbers-examples\examples-jmh\src\test\java\org\apache\commons\numbers\examples\jmh\arrays\SortingTest.java,SortingTest.java,IndexSort,testDoubleSort4,5,0,Stream<double[]>,static,false,true,true,false
C:\Users\simon\Documents\Code\thesis-code\commons-numbers-master\commons-numbers-examples\examples-jmh\src\test\java\org\apache\commons\numbers\examples\jmh\arrays\SortingTest.java,SortingTest.java,IndexSort,testDoubleSort5,5,0,Stream<double[]>,static,false,true,true,false
C:\Users\simon\Documents\Code\thesis-code\commons-numbers-master\commons-numbers-examples\examples-jmh\src\test\java\org\apache\commons\numbers\examples\jmh\arrays\SortingTest.java,SortingTest.java,IndexSort,testDoubleSort3Internal,1,0,Stream<Arguments>,static,false,true,true,false
C:\Users\simon\Documents\Code\thesis-code\commons-numbers-master\commons-numbers-examples\examples-jmh\src\test\java\org\apache\commons\numbers\examples\jmh\arrays\SortingTest.java,SortingTest.java,IndexSort,testDoubleSort4Internal,1,0,Stream<Arguments>,static,false,true,true,false
C:\Users\simon\Documents\Code\thesis-code\commons-numbers-master\commons-numbers-examples\examples-jmh\src\test\java\org\apache\commons\numbers\examples\jmh\arrays\SortingTest.java,SortingTest.java,IndexSort,testDoubleSort5Internal,1,0,Stream<Arguments>,static,false,true,true,false
C:\Users\simon\Documents\Code\thesis-code\commons-numbers-master\commons-numbers-examples\examples-jmh\src\test\java\org\apache\commons\numbers\examples\jmh\arrays\SortingTest.java,SortingTest.java,IndexSort,testDoubleSort7Internal,1,0,Stream<Arguments>,static,false,true,true,false
C:\Users\simon\Documents\Code\thesis-code\commons-numbers-master\commons-numbers-examples\examples-jmh\src\test\java\org\apache\commons\numbers\examples\jmh\arrays\SortingTest.java,SortingTest.java,IndexSort,testDoubleSort8Internal,1,0,Stream<Arguments>,static,false,true,true,false
C:\Users\simon\Documents\Code\thesis-code\commons-numbers-master\commons-numbers-examples\examples-jmh\src\test\java\org\apache\commons\numbers\examples\jmh\arrays\SortingTest.java,SortingTest.java,IndexSort,testDoubleSort11Internal,1,0,Stream<Arguments>,static,false,true,true,false
C:\Users\simon\Documents\Code\thesis-code\commons-numbers-master\commons-numbers-examples\examples-jmh\src\test\java\org\apache\commons\numbers\examples\jmh\arrays\SortingTest.java,SortingTest.java,IndexSort,testDoubleSortInternal,4,1,Stream<Arguments>,static,false,true,true,false
C:\Users\simon\Documents\Code\thesis-code\commons-numbers-master\commons-numbers-examples\examples-jmh\src\test\java\org\apache\commons\numbers\examples\jmh\arrays\SortingTest.java,SortingTest.java,IndexSort,extractIndices,3,2,double[],private; static,false,false,true,false
C:\Users\simon\Documents\Code\thesis-code\commons-numbers-master\commons-numbers-examples\examples-jmh\src\test\java\org\apache\commons\numbers\examples\jmh\arrays\SortingTest.java,SortingTest.java,IndexSort,testLowerMedian4Internal,5,2,void,,false,true,true,false
C:\Users\simon\Documents\Code\thesis-code\commons-numbers-master\commons-numbers-examples\examples-jmh\src\test\java\org\apache\commons\numbers\examples\jmh\arrays\SortingTest.java,SortingTest.java,IndexSort,testLowerMedian4bInternal,5,2,void,,false,true,true,false
C:\Users\simon\Documents\Code\thesis-code\commons-numbers-master\commons-numbers-examples\examples-jmh\src\test\java\org\apache\commons\numbers\examples\jmh\arrays\SortingTest.java,SortingTest.java,IndexSort,testLowerMedian4cInternal,5,2,void,,false,true,true,false
C:\Users\simon\Documents\Code\thesis-code\commons-numbers-master\commons-numbers-examples\examples-jmh\src\test\java\org\apache\commons\numbers\examples\jmh\arrays\SortingTest.java,SortingTest.java,IndexSort,testLowerMedian4dInternal,5,2,void,,false,true,true,false
C:\Users\simon\Documents\Code\thesis-code\commons-numbers-master\commons-numbers-examples\examples-jmh\src\test\java\org\apache\commons\numbers\examples\jmh\arrays\SortingTest.java,SortingTest.java,IndexSort,testLowerMedian4eInternal,5,2,void,,false,true,true,false
C:\Users\simon\Documents\Code\thesis-code\commons-numbers-master\commons-numbers-examples\examples-jmh\src\test\java\org\apache\commons\numbers\examples\jmh\arrays\SortingTest.java,SortingTest.java,IndexSort,testUpperMedian4Internal,5,2,void,,false,true,true,false
C:\Users\simon\Documents\Code\thesis-code\commons-numbers-master\commons-numbers-examples\examples-jmh\src\test\java\org\apache\commons\numbers\examples\jmh\arrays\SortingTest.java,SortingTest.java,IndexSort,testUpperMedian4cInternal,5,2,void,,false,true,true,false
C:\Users\simon\Documents\Code\thesis-code\commons-numbers-master\commons-numbers-examples\examples-jmh\src\test\java\org\apache\commons\numbers\examples\jmh\arrays\SortingTest.java,SortingTest.java,IndexSort,testUpperMedian4dInternal,5,2,void,,false,true,true,false
C:\Users\simon\Documents\Code\thesis-code\commons-numbers-master\commons-numbers-examples\examples-jmh\src\test\java\org\apache\commons\numbers\examples\jmh\arrays\SortingTest.java,SortingTest.java,IndexSort,testLowerMedian4,1,1,void,,false,true,true,false
C:\Users\simon\Documents\Code\thesis-code\commons-numbers-master\commons-numbers-examples\examples-jmh\src\test\java\org\apache\commons\numbers\examples\jmh\arrays\SortingTest.java,SortingTest.java,IndexSort,testLowerMedian4b,1,1,void,,false,true,true,false
C:\Users\simon\Documents\Code\thesis-code\commons-numbers-master\commons-numbers-examples\examples-jmh\src\test\java\org\apache\commons\numbers\examples\jmh\arrays\SortingTest.java,SortingTest.java,IndexSort,testLowerMedian4c,1,1,void,,false,true,true,false
C:\Users\simon\Documents\Code\thesis-code\commons-numbers-master\commons-numbers-examples\examples-jmh\src\test\java\org\apache\commons\numbers\examples\jmh\arrays\SortingTest.java,SortingTest.java,IndexSort,testLowerMedian4d,1,1,void,,false,true,true,false
C:\Users\simon\Documents\Code\thesis-code\commons-numbers-master\commons-numbers-examples\examples-jmh\src\test\java\org\apache\commons\numbers\examples\jmh\arrays\SortingTest.java,SortingTest.java,IndexSort,testLowerMedian4e,1,1,void,,false,true,true,false
C:\Users\simon\Documents\Code\thesis-code\commons-numbers-master\commons-numbers-examples\examples-jmh\src\test\java\org\apache\commons\numbers\examples\jmh\arrays\SortingTest.java,SortingTest.java,IndexSort,testUpperMedian4,1,1,void,,false,true,true,false
C:\Users\simon\Documents\Code\thesis-code\commons-numbers-master\commons-numbers-examples\examples-jmh\src\test\java\org\apache\commons\numbers\examples\jmh\arrays\SortingTest.java,SortingTest.java,IndexSort,testUpperMedian4c,1,1,void,,false,true,true,false
C:\Users\simon\Documents\Code\thesis-code\commons-numbers-master\commons-numbers-examples\examples-jmh\src\test\java\org\apache\commons\numbers\examples\jmh\arrays\SortingTest.java,SortingTest.java,IndexSort,testUpperMedian4d,1,1,void,,false,true,true,false
C:\Users\simon\Documents\Code\thesis-code\commons-numbers-master\commons-numbers-examples\examples-jmh\src\test\java\org\apache\commons\numbers\examples\jmh\arrays\SortingTest.java,SortingTest.java,IndexSort,testMedian5Internal,6,2,void,,false,true,true,false
C:\Users\simon\Documents\Code\thesis-code\commons-numbers-master\commons-numbers-examples\examples-jmh\src\test\java\org\apache\commons\numbers\examples\jmh\arrays\SortingTest.java,SortingTest.java,IndexSort,testMedian5,1,1,void,,false,true,true,false
C:\Users\simon\Documents\Code\thesis-code\commons-numbers-master\commons-numbers-examples\examples-jmh\src\test\java\org\apache\commons\numbers\examples\jmh\arrays\SortingTest.java,SortingTest.java,IndexSort,testMedian5b,1,1,void,,false,true,true,false
C:\Users\simon\Documents\Code\thesis-code\commons-numbers-master\commons-numbers-examples\examples-jmh\src\test\java\org\apache\commons\numbers\examples\jmh\arrays\SortingTest.java,SortingTest.java,IndexSort,testMedian5c,1,1,void,,false,true,true,false
C:\Users\simon\Documents\Code\thesis-code\commons-numbers-master\commons-numbers-examples\examples-jmh\src\test\java\org\apache\commons\numbers\examples\jmh\arrays\SortingTest.java,SortingTest.java,IndexSort,testMedian5d,1,1,void,,false,true,true,false
C:\Users\simon\Documents\Code\thesis-code\commons-numbers-master\commons-numbers-examples\examples-jmh\src\test\java\org\apache\commons\numbers\examples\jmh\arrays\SortingTest.java,SortingTest.java,IndexSort,assertDoubleMedian,8,5,void,private; static,false,false,true,false
C:\Users\simon\Documents\Code\thesis-code\commons-numbers-master\commons-numbers-examples\examples-jmh\src\test\java\org\apache\commons\numbers\examples\jmh\arrays\SortingTest.java,SortingTest.java,IndexSort,testMin3,1,1,void,,false,true,true,false
C:\Users\simon\Documents\Code\thesis-code\commons-numbers-master\commons-numbers-examples\examples-jmh\src\test\java\org\apache\commons\numbers\examples\jmh\arrays\SortingTest.java,SortingTest.java,IndexSort,testMax3,1,1,void,,false,true,true,false
C:\Users\simon\Documents\Code\thesis-code\commons-numbers-master\commons-numbers-examples\examples-jmh\src\test\java\org\apache\commons\numbers\examples\jmh\arrays\SortingTest.java,SortingTest.java,IndexSort,testMin3Internal,4,2,void,,false,true,true,false
C:\Users\simon\Documents\Code\thesis-code\commons-numbers-master\commons-numbers-examples\examples-jmh\src\test\java\org\apache\commons\numbers\examples\jmh\arrays\SortingTest.java,SortingTest.java,IndexSort,testMax3Internal,4,2,void,,false,true,true,false
C:\Users\simon\Documents\Code\thesis-code\commons-numbers-master\commons-numbers-examples\examples-jmh\src\test\java\org\apache\commons\numbers\examples\jmh\arrays\SortingTest.java,SortingTest.java,IndexSort,assertDoubleMinMax,8,4,void,private; static,false,false,true,false
C:\Users\simon\Documents\Code\thesis-code\commons-numbers-master\commons-numbers-examples\examples-jmh\src\test\java\org\apache\commons\numbers\examples\jmh\arrays\SortingTest.java,SortingTest.java,IndexSort,assertDoubleMedian5,1,4,void,private; static,false,false,true,false
C:\Users\simon\Documents\Code\thesis-code\commons-numbers-master\commons-numbers-examples\examples-jmh\src\test\java\org\apache\commons\numbers\examples\jmh\arrays\SortingTest.java,SortingTest.java,IndexSort,testSortUniqueArray,1,2,void,,false,true,true,false
C:\Users\simon\Documents\Code\thesis-code\commons-numbers-master\commons-numbers-examples\examples-jmh\src\test\java\org\apache\commons\numbers\examples\jmh\arrays\SortingTest.java,SortingTest.java,IndexSort,testSortUniqueIndexSet,1,2,void,,false,true,true,false
C:\Users\simon\Documents\Code\thesis-code\commons-numbers-master\commons-numbers-examples\examples-jmh\src\test\java\org\apache\commons\numbers\examples\jmh\arrays\SortingTest.java,SortingTest.java,IndexSort,assertSortUnique,7,3,void,private; static,false,false,true,false
C:\Users\simon\Documents\Code\thesis-code\commons-numbers-master\commons-numbers-examples\examples-jmh\src\test\java\org\apache\commons\numbers\examples\jmh\arrays\SortingTest.java,SortingTest.java,IndexSort,testSortUnique,11,0,Stream<Arguments>,static,false,true,true,false
C:\Users\simon\Documents\Code\thesis-code\commons-numbers-master\commons-numbers-examples\examples-jmh\src\test\java\org\apache\commons\numbers\examples\jmh\arrays\SortingTest.java,SortingTest.java,IndexSort,testSortIndicesInsertionSort,1,2,void,,false,true,true,false
C:\Users\simon\Documents\Code\thesis-code\commons-numbers-master\commons-numbers-examples\examples-jmh\src\test\java\org\apache\commons\numbers\examples\jmh\arrays\SortingTest.java,SortingTest.java,IndexSort,testSortIndicesBinarySearch,1,2,void,,false,true,true,false
C:\Users\simon\Documents\Code\thesis-code\commons-numbers-master\commons-numbers-examples\examples-jmh\src\test\java\org\apache\commons\numbers\examples\jmh\arrays\SortingTest.java,SortingTest.java,IndexSort,testSortIndicesHeapSort,1,2,void,,false,true,true,false
C:\Users\simon\Documents\Code\thesis-code\commons-numbers-master\commons-numbers-examples\examples-jmh\src\test\java\org\apache\commons\numbers\examples\jmh\arrays\SortingTest.java,SortingTest.java,IndexSort,testSortIndicesSort,1,2,void,,false,true,true,false
C:\Users\simon\Documents\Code\thesis-code\commons-numbers-master\commons-numbers-examples\examples-jmh\src\test\java\org\apache\commons\numbers\examples\jmh\arrays\SortingTest.java,SortingTest.java,IndexSort,testSortIndicesIndexSet,1,2,void,,false,true,true,false
C:\Users\simon\Documents\Code\thesis-code\commons-numbers-master\commons-numbers-examples\examples-jmh\src\test\java\org\apache\commons\numbers\examples\jmh\arrays\SortingTest.java,SortingTest.java,IndexSort,testSortIndicesHashIndexSet,1,2,void,,false,true,true,false
C:\Users\simon\Documents\Code\thesis-code\commons-numbers-master\commons-numbers-examples\examples-jmh\src\test\java\org\apache\commons\numbers\examples\jmh\arrays\SortingTest.java,SortingTest.java,IndexSort,testSortIndices,1,2,void,,false,true,true,false
C:\Users\simon\Documents\Code\thesis-code\commons-numbers-master\commons-numbers-examples\examples-jmh\src\test\java\org\apache\commons\numbers\examples\jmh\arrays\SortingTest.java,SortingTest.java,IndexSort,assertSortIndices,11,4,void,private; static,false,false,true,false
C:\Users\simon\Documents\Code\thesis-code\commons-numbers-master\commons-numbers-examples\examples-jmh\src\test\java\org\apache\commons\numbers\examples\jmh\arrays\SortingTest.java,SortingTest.java,IndexSort,testSortIndices,29,0,Stream<Arguments>,static,false,true,true,false
C:\Users\simon\Documents\Code\thesis-code\commons-numbers-master\commons-numbers-examples\examples-jmh\src\test\java\org\apache\commons\numbers\examples\jmh\arrays\SortingTest.java,SortingTest.java,IndexSort,containsDuplicates,2,1,boolean,private; static,false,false,true,false
C:\Users\simon\Documents\Code\thesis-code\commons-numbers-master\commons-numbers-examples\examples-jmh\src\test\java\org\apache\commons\numbers\examples\jmh\arrays\SortingTest.java,SortingTest.java,IndexSort,replaceSignedZeros,2,1,double[],private; static,false,false,true,false
C:\Users\simon\Documents\Code\thesis-code\commons-numbers-master\commons-numbers-examples\examples-jmh\src\test\java\org\apache\commons\numbers\examples\jmh\arrays\SplittingIntervalTest.java,SplittingIntervalTest.java,SplittingIntervalTest,testKeyIntervalInvalidIndicesThrows,6,0,void,,true,true,true,true
C:\Users\simon\Documents\Code\thesis-code\commons-numbers-master\commons-numbers-examples\examples-jmh\src\test\java\org\apache\commons\numbers\examples\jmh\arrays\SplittingIntervalTest.java,SplittingIntervalTest.java,SplittingIntervalTest,testBitIndexUpdatingIntervalInvalidIndicesThrows,4,0,void,,true,true,true,true
C:\Users\simon\Documents\Code\thesis-code\commons-numbers-master\commons-numbers-examples\examples-jmh\src\test\java\org\apache\commons\numbers\examples\jmh\arrays\SplittingIntervalTest.java,SplittingIntervalTest.java,SplittingIntervalTest,testSplitKeyInterval,1,1,void,,false,true,true,true
C:\Users\simon\Documents\Code\thesis-code\commons-numbers-master\commons-numbers-examples\examples-jmh\src\test\java\org\apache\commons\numbers\examples\jmh\arrays\SplittingIntervalTest.java,SplittingIntervalTest.java,SplittingIntervalTest,testSplitBitIndexUpdatingInterval,2,1,void,,false,true,true,true
C:\Users\simon\Documents\Code\thesis-code\commons-numbers-master\commons-numbers-examples\examples-jmh\src\test\java\org\apache\commons\numbers\examples\jmh\arrays\SplittingIntervalTest.java,SplittingIntervalTest.java,SplittingIntervalTest,assertSplit,2,2,void,private; static,false,false,true,true
C:\Users\simon\Documents\Code\thesis-code\commons-numbers-master\commons-numbers-examples\examples-jmh\src\test\java\org\apache\commons\numbers\examples\jmh\arrays\SplittingIntervalTest.java,SplittingIntervalTest.java,SplittingIntervalTest,assertSplitMedian,15,4,void,private; static,false,false,true,true
C:\Users\simon\Documents\Code\thesis-code\commons-numbers-master\commons-numbers-examples\examples-jmh\src\test\java\org\apache\commons\numbers\examples\jmh\arrays\SplittingIntervalTest.java,SplittingIntervalTest.java,SplittingIntervalTest,assertSplitMiddleIndices,12,4,void,private; static,false,false,true,true
C:\Users\simon\Documents\Code\thesis-code\commons-numbers-master\commons-numbers-examples\examples-jmh\src\test\java\org\apache\commons\numbers\examples\jmh\arrays\SplittingIntervalTest.java,SplittingIntervalTest.java,SplittingIntervalTest,testIndices,1,0,Stream<int[]>,static,false,true,true,true
C:\Users\simon\Documents\Code\thesis-code\commons-numbers-master\commons-numbers-examples\examples-jmh\src\test\java\org\apache\commons\numbers\examples\jmh\arrays\TestUtils.java,TestUtils.java,TestUtils,assertEquals,1,4,double,static,false,false,true,true
C:\Users\simon\Documents\Code\thesis-code\commons-numbers-master\commons-numbers-examples\examples-jmh\src\test\java\org\apache\commons\numbers\examples\jmh\arrays\TestUtils.java,TestUtils.java,TestUtils,assertEquals,7,4,double,static,false,false,true,true
C:\Users\simon\Documents\Code\thesis-code\commons-numbers-master\commons-numbers-examples\examples-jmh\src\test\java\org\apache\commons\numbers\examples\jmh\arrays\TestUtils.java,TestUtils.java,TestUtils,printf,1,2,void,static,false,false,true,true
C:\Users\simon\Documents\Code\thesis-code\commons-numbers-master\commons-numbers-examples\examples-jmh\src\test\java\org\apache\commons\numbers\examples\jmh\arrays\TestUtils.java,TestUtils.java,TestUtils,prefix,1,1,String,static,false,false,true,true
C:\Users\simon\Documents\Code\thesis-code\commons-numbers-master\commons-numbers-examples\examples-jmh\src\test\java\org\apache\commons\numbers\examples\jmh\arrays\UpdatingIntervalTest.java,UpdatingIntervalTest.java,UpdatingIntervalTest,testPointInterval,7,1,void,,false,true,true,true
C:\Users\simon\Documents\Code\thesis-code\commons-numbers-master\commons-numbers-examples\examples-jmh\src\test\java\org\apache\commons\numbers\examples\jmh\arrays\UpdatingIntervalTest.java,UpdatingIntervalTest.java,UpdatingIntervalTest,testRangeInterval,8,2,void,,false,true,true,true
C:\Users\simon\Documents\Code\thesis-code\commons-numbers-master\commons-numbers-examples\examples-jmh\src\test\java\org\apache\commons\numbers\examples\jmh\arrays\UpdatingIntervalTest.java,UpdatingIntervalTest.java,UpdatingIntervalTest,testKeyIntervalInvalidIndicesThrows,6,0,void,,true,true,true,true
C:\Users\simon\Documents\Code\thesis-code\commons-numbers-master\commons-numbers-examples\examples-jmh\src\test\java\org\apache\commons\numbers\examples\jmh\arrays\UpdatingIntervalTest.java,UpdatingIntervalTest.java,UpdatingIntervalTest,testBitIndexUpdatingIntervalInvalidIndicesThrows,4,0,void,,true,true,true,true
C:\Users\simon\Documents\Code\thesis-code\commons-numbers-master\commons-numbers-examples\examples-jmh\src\test\java\org\apache\commons\numbers\examples\jmh\arrays\UpdatingIntervalTest.java,UpdatingIntervalTest.java,UpdatingIntervalTest,testUpdateKeyInterval,1,1,void,,false,true,true,true
C:\Users\simon\Documents\Code\thesis-code\commons-numbers-master\commons-numbers-examples\examples-jmh\src\test\java\org\apache\commons\numbers\examples\jmh\arrays\UpdatingIntervalTest.java,UpdatingIntervalTest.java,UpdatingIntervalTest,testUpdateIndexSetInterval,2,1,void,,false,true,true,true
C:\Users\simon\Documents\Code\thesis-code\commons-numbers-master\commons-numbers-examples\examples-jmh\src\test\java\org\apache\commons\numbers\examples\jmh\arrays\UpdatingIntervalTest.java,UpdatingIntervalTest.java,UpdatingIntervalTest,testUpdateBitIndexUpdatingInterval,2,1,void,,false,true,true,true
C:\Users\simon\Documents\Code\thesis-code\commons-numbers-master\commons-numbers-examples\examples-jmh\src\test\java\org\apache\commons\numbers\examples\jmh\arrays\UpdatingIntervalTest.java,UpdatingIntervalTest.java,UpdatingIntervalTest,testUpdateIndexInterval,1,1,void,,false,true,true,true
C:\Users\simon\Documents\Code\thesis-code\commons-numbers-master\commons-numbers-examples\examples-jmh\src\test\java\org\apache\commons\numbers\examples\jmh\arrays\UpdatingIntervalTest.java,UpdatingIntervalTest.java,UpdatingIntervalTest,testSplitKeyInterval,1,1,void,,false,true,true,true
C:\Users\simon\Documents\Code\thesis-code\commons-numbers-master\commons-numbers-examples\examples-jmh\src\test\java\org\apache\commons\numbers\examples\jmh\arrays\UpdatingIntervalTest.java,UpdatingIntervalTest.java,UpdatingIntervalTest,testSplitIndexSetInterval,2,1,void,,false,true,true,true
C:\Users\simon\Documents\Code\thesis-code\commons-numbers-master\commons-numbers-examples\examples-jmh\src\test\java\org\apache\commons\numbers\examples\jmh\arrays\UpdatingIntervalTest.java,UpdatingIntervalTest.java,UpdatingIntervalTest,testSplitBitIndexUpdatingInterval,2,1,void,,false,true,true,true
C:\Users\simon\Documents\Code\thesis-code\commons-numbers-master\commons-numbers-examples\examples-jmh\src\test\java\org\apache\commons\numbers\examples\jmh\arrays\UpdatingIntervalTest.java,UpdatingIntervalTest.java,UpdatingIntervalTest,testSplitIndexInterval,1,1,void,,false,true,true,true
C:\Users\simon\Documents\Code\thesis-code\commons-numbers-master\commons-numbers-examples\examples-jmh\src\test\java\org\apache\commons\numbers\examples\jmh\arrays\UpdatingIntervalTest.java,UpdatingIntervalTest.java,UpdatingIntervalTest,assertUpdate,9,2,void,private; static,false,false,true,true
C:\Users\simon\Documents\Code\thesis-code\commons-numbers-master\commons-numbers-examples\examples-jmh\src\test\java\org\apache\commons\numbers\examples\jmh\arrays\UpdatingIntervalTest.java,UpdatingIntervalTest.java,UpdatingIntervalTest,assertSplit,4,2,void,private; static,false,false,true,true
C:\Users\simon\Documents\Code\thesis-code\commons-numbers-master\commons-numbers-examples\examples-jmh\src\test\java\org\apache\commons\numbers\examples\jmh\arrays\UpdatingIntervalTest.java,UpdatingIntervalTest.java,UpdatingIntervalTest,assertSplitMedian,16,5,void,private; static,false,false,true,true
C:\Users\simon\Documents\Code\thesis-code\commons-numbers-master\commons-numbers-examples\examples-jmh\src\test\java\org\apache\commons\numbers\examples\jmh\arrays\UpdatingIntervalTest.java,UpdatingIntervalTest.java,UpdatingIntervalTest,assertSplitMiddleIndices,13,5,void,private; static,false,false,true,true
C:\Users\simon\Documents\Code\thesis-code\commons-numbers-master\commons-numbers-examples\examples-jmh\src\test\java\org\apache\commons\numbers\examples\jmh\arrays\UpdatingIntervalTest.java,UpdatingIntervalTest.java,UpdatingIntervalTest,testIndices,1,0,Stream<int[]>,static,false,true,true,true
C:\Users\simon\Documents\Code\thesis-code\commons-numbers-master\commons-numbers-examples\examples-jmh\src\test\java\org\apache\commons\numbers\examples\jmh\arrays\UpdatingIntervalTest.java,UpdatingIntervalTest.java,UpdatingIntervalTest,testIndexIntervalCreate,19,0,void,,true,true,true,true
C:\Users\simon\Documents\Code\thesis-code\commons-numbers-master\commons-numbers-examples\examples-jmh\src\test\java\org\apache\commons\numbers\examples\jmh\arrays\UpdatingIntervalTest.java,UpdatingIntervalTest.java,UpdatingIntervalTest,reverse,1,3,void,private; static,false,false,true,true
C:\Users\simon\Documents\Code\thesis-code\commons-numbers-master\commons-numbers-examples\examples-jmh\src\test\java\org\apache\commons\numbers\examples\jmh\core\DDPerformanceTest.java,DDPerformanceTest.java,DDPerformanceTest,testKSFunction,4,4,void,,false,true,true,true
C:\Users\simon\Documents\Code\thesis-code\commons-numbers-master\commons-numbers-examples\examples-jmh\src\test\java\org\apache\commons\numbers\examples\jmh\core\DoublePrecisionTest.java,DoublePrecisionTest.java,DoublePrecisionTest,testSplitAssumptions,7,0,void,,true,true,true,true
C:\Users\simon\Documents\Code\thesis-code\commons-numbers-master\commons-numbers-examples\examples-jmh\src\test\java\org\apache\commons\numbers\examples\jmh\core\DoublePrecisionTest.java,DoublePrecisionTest.java,DoublePrecisionTest,testHighPart,5,0,void,,true,true,true,true
C:\Users\simon\Documents\Code\thesis-code\commons-numbers-master\commons-numbers-examples\examples-jmh\src\test\java\org\apache\commons\numbers\examples\jmh\core\DoublePrecisionTest.java,DoublePrecisionTest.java,DoublePrecisionTest,testHighPartUnscaled,5,0,void,,true,true,true,true
C:\Users\simon\Documents\Code\thesis-code\commons-numbers-master\commons-numbers-examples\examples-jmh\src\test\java\org\apache\commons\numbers\examples\jmh\core\DoublePrecisionTest.java,DoublePrecisionTest.java,DoublePrecisionTest,testProductLow,7,0,void,,true,true,true,true
C:\Users\simon\Documents\Code\thesis-code\commons-numbers-master\commons-numbers-examples\examples-jmh\src\test\java\org\apache\commons\numbers\examples\jmh\core\DoublePrecisionTest.java,DoublePrecisionTest.java,DoublePrecisionTest,assertProductLow,1,3,void,private; static,false,false,true,true
C:\Users\simon\Documents\Code\thesis-code\commons-numbers-master\commons-numbers-examples\examples-jmh\src\test\java\org\apache\commons\numbers\examples\jmh\core\DoublePrecisionTest.java,DoublePrecisionTest.java,DoublePrecisionTest,testIsNotNormal,2,0,void,,true,true,true,true
C:\Users\simon\Documents\Code\thesis-code\commons-numbers-master\commons-numbers-examples\examples-jmh\src\test\java\org\apache\commons\numbers\examples\jmh\core\EuclideanNormAccuracyTest.java,EuclideanNormAccuracyTest.java,EuclideanNormAccuracyTest,reportUlpErrors,4,0,void,,true,false,true,true
C:\Users\simon\Documents\Code\thesis-code\commons-numbers-master\commons-numbers-examples\examples-jmh\src\test\java\org\apache\commons\numbers\examples\jmh\core\EuclideanNormAccuracyTest.java,EuclideanNormAccuracyTest.java,EuclideanNormAccuracyTest,evaluate,2,4,void,private; static,false,false,true,true
C:\Users\simon\Documents\Code\thesis-code\commons-numbers-master\commons-numbers-examples\examples-jmh\src\test\java\org\apache\commons\numbers\examples\jmh\core\EuclideanNormAccuracyTest.java,EuclideanNormAccuracyTest.java,EuclideanNormAccuracyTest,writeResults,1,3,void,private; static,false,false,true,true
C:\Users\simon\Documents\Code\thesis-code\commons-numbers-master\commons-numbers-examples\examples-jmh\src\test\java\org\apache\commons\numbers\examples\jmh\core\EuclideanNormAccuracyTest.java,EuclideanNormAccuracyTest.java,EuclideanNormAccuracyTest,createInputVectors,3,3,double[][],private; static,false,false,true,true
C:\Users\simon\Documents\Code\thesis-code\commons-numbers-master\commons-numbers-examples\examples-jmh\src\test\java\org\apache\commons\numbers\examples\jmh\core\EuclideanNormAccuracyTest.java,EuclideanNormAccuracyTest.java,EuclideanNormAccuracyTest,scaleInputVectors,3,2,double[][],private; static,false,false,true,true
C:\Users\simon\Documents\Code\thesis-code\commons-numbers-master\commons-numbers-examples\examples-jmh\src\test\java\org\apache\commons\numbers\examples\jmh\core\LinearCombinationAccuracyTest.java,LinearCombinationAccuracyTest.java,LinearCombinationAccuracyTest,provideLinearCombination,1,0,Stream<Arguments>,static,false,false,true,true
C:\Users\simon\Documents\Code\thesis-code\commons-numbers-master\commons-numbers-examples\examples-jmh\src\test\java\org\apache\commons\numbers\examples\jmh\core\LinearCombinationAccuracyTest.java,LinearCombinationAccuracyTest.java,LinearCombinationAccuracyTest,testDotProduct,12,3,void,,false,true,true,true
C:\Users\simon\Documents\Code\thesis-code\commons-numbers-master\commons-numbers-examples\examples-jmh\src\test\java\org\apache\commons\numbers\examples\jmh\core\LinearCombinationAccuracyTest.java,LinearCombinationAccuracyTest.java,LinearCombinationAccuracyTest,reportRelativeError,24,0,void,,true,false,true,true
C:\Users\simon\Documents\Code\thesis-code\commons-numbers-master\commons-numbers-examples\examples-jmh\src\test\java\org\apache\commons\numbers\examples\jmh\core\LinearCombinationAccuracyTest.java,LinearCombinationAccuracyTest.java,LinearCombinationAccuracyTest,addMethod,2,4,void,private; static,false,false,true,true
C:\Users\simon\Documents\Code\thesis-code\commons-numbers-master\commons-numbers-examples\examples-jmh\src\test\java\org\apache\commons\numbers\examples\jmh\core\LinearCombinationAccuracyTest.java,LinearCombinationAccuracyTest.java,LinearCombinationAccuracyTest,compute,1,4,double,private; static,false,false,true,true
C:\Users\simon\Documents\Code\thesis-code\commons-numbers-master\commons-numbers-examples\examples-jmh\src\test\java\org\apache\commons\numbers\examples\jmh\core\LinearCombinationAccuracyTest.java,LinearCombinationAccuracyTest.java,LinearCombinationAccuracyTest,relativeError,1,2,double,private; static,false,false,true,true
C:\Users\simon\Documents\Code\thesis-code\commons-numbers-master\commons-numbers-examples\examples-jmh\src\test\java\org\apache\commons\numbers\examples\jmh\core\LinearCombinationsTest.java,LinearCombinationsTest.java,LinearCombinationsTest,provideLinearCombination,1,0,Stream<Arguments>,static,false,false,true,true
C:\Users\simon\Documents\Code\thesis-code\commons-numbers-master\commons-numbers-examples\examples-jmh\src\test\java\org\apache\commons\numbers\examples\jmh\core\LinearCombinationsTest.java,LinearCombinationsTest.java,LinearCombinationsTest,testSingleElementArray,3,1,void,,false,true,true,true
C:\Users\simon\Documents\Code\thesis-code\commons-numbers-master\commons-numbers-examples\examples-jmh\src\test\java\org\apache\commons\numbers\examples\jmh\core\LinearCombinationsTest.java,LinearCombinationsTest.java,LinearCombinationsTest,testTwoSums,16,1,void,,false,true,true,true
C:\Users\simon\Documents\Code\thesis-code\commons-numbers-master\commons-numbers-examples\examples-jmh\src\test\java\org\apache\commons\numbers\examples\jmh\core\LinearCombinationsTest.java,LinearCombinationsTest.java,LinearCombinationsTest,testHuge,14,1,void,,false,true,true,true
C:\Users\simon\Documents\Code\thesis-code\commons-numbers-master\commons-numbers-examples\examples-jmh\src\test\java\org\apache\commons\numbers\examples\jmh\core\LinearCombinationsTest.java,LinearCombinationsTest.java,LinearCombinationsTest,testArrayVsInline,8,1,void,,false,true,true,true
C:\Users\simon\Documents\Code\thesis-code\commons-numbers-master\commons-numbers-examples\examples-jmh\src\test\java\org\apache\commons\numbers\examples\jmh\core\LinearCombinationsTest.java,LinearCombinationsTest.java,LinearCombinationsTest,testNonFinite,49,1,void,,false,true,true,true
C:\Users\simon\Documents\Code\thesis-code\commons-numbers-master\commons-numbers-examples\examples-jmh\src\test\java\org\apache\commons\numbers\examples\jmh\core\LinearCombinationsTest.java,LinearCombinationsTest.java,LinearCombinationsTest,testOverflow,39,0,void,,true,true,true,true
C:\Users\simon\Documents\Code\thesis-code\commons-numbers-master\commons-numbers-examples\examples-jmh\src\test\java\org\apache\commons\numbers\examples\jmh\core\LinearCombinationsTest.java,LinearCombinationsTest.java,LinearCombinationsTest,testCisNumber,4,0,void,,true,true,true,true
C:\Users\simon\Documents\Code\thesis-code\commons-numbers-master\commons-numbers-examples\examples-jmh\src\test\java\org\apache\commons\numbers\examples\jmh\core\LinearCombinationsTest.java,LinearCombinationsTest.java,LinearCombinationsTest,testSumZero,3,0,void,,true,true,true,true
C:\Users\simon\Documents\Code\thesis-code\commons-numbers-master\commons-numbers-examples\examples-jmh\src\test\java\org\apache\commons\numbers\examples\jmh\core\LinearCombinationsTest.java,LinearCombinationsTest.java,LinearCombinationsTest,assertValue,2,3,void,private; static,false,false,true,true
C:\Users\simon\Documents\Code\thesis-code\commons-numbers-master\commons-numbers-examples\examples-jmh\src\test\java\org\apache\commons\numbers\examples\jmh\core\LinearCombinationsTest.java,LinearCombinationsTest.java,LinearCombinationsTest,computeValue,3,2,double,private; static,false,false,true,true
C:\Users\simon\Documents\Code\thesis-code\commons-numbers-master\commons-numbers-examples\examples-jmh\src\test\java\org\apache\commons\numbers\examples\jmh\core\LinearCombinationsTest.java,LinearCombinationsTest.java,LinearCombinationsTest,ulps,4,2,long,private; static,false,false,true,true
C:\Users\simon\Documents\Code\thesis-code\commons-numbers-master\commons-numbers-examples\examples-jmh\src\test\java\org\apache\commons\numbers\examples\jmh\core\LinearCombinationsTest.java,LinearCombinationsTest.java,LinearCombinationsTest,clip,5,1,BigDecimal,private; static,false,false,true,true
C:\Users\simon\Documents\Code\thesis-code\commons-numbers-master\commons-numbers-examples\examples-jmh\src\test\java\org\apache\commons\numbers\examples\jmh\core\LinearCombinationsTest.java,LinearCombinationsTest.java,LinearCombinationsTest,testClip,9,0,void,,true,true,true,true
C:\Users\simon\Documents\Code\thesis-code\commons-numbers-master\commons-numbers-examples\examples-jmh\src\test\java\org\apache\commons\numbers\examples\jmh\gamma\GammaContinuedFractionTest.java,GammaContinuedFractionTest.java,GammaContinuedFractionTest,testContinuedFraction,3,1,void,,false,true,true,true
C:\Users\simon\Documents\Code\thesis-code\commons-numbers-master\commons-numbers-examples\examples-jmh\target\generated-sources\annotations\org\apache\commons\numbers\examples\jmh\arrays\jmh_generated\IndexSortingPerformance_indexSort_jmhTest.java,IndexSortingPerformance_indexSort_jmhTest.java,IndexSortingPerformance_indexSort_jmhTest,indexSort_Throughput,6,2,BenchmarkTaskResult,public,false,false,true,true
C:\Users\simon\Documents\Code\thesis-code\commons-numbers-master\commons-numbers-examples\examples-jmh\target\generated-sources\annotations\org\apache\commons\numbers\examples\jmh\arrays\jmh_generated\IndexSortingPerformance_indexSort_jmhTest.java,IndexSortingPerformance_indexSort_jmhTest.java,IndexSortingPerformance_indexSort_jmhTest,indexSort_thrpt_jmhStub,7,11,void,public; static,false,false,true,true
C:\Users\simon\Documents\Code\thesis-code\commons-numbers-master\commons-numbers-examples\examples-jmh\target\generated-sources\annotations\org\apache\commons\numbers\examples\jmh\arrays\jmh_generated\IndexSortingPerformance_indexSort_jmhTest.java,IndexSortingPerformance_indexSort_jmhTest.java,IndexSortingPerformance_indexSort_jmhTest,indexSort_AverageTime,6,2,BenchmarkTaskResult,public,false,false,true,true
C:\Users\simon\Documents\Code\thesis-code\commons-numbers-master\commons-numbers-examples\examples-jmh\target\generated-sources\annotations\org\apache\commons\numbers\examples\jmh\arrays\jmh_generated\IndexSortingPerformance_indexSort_jmhTest.java,IndexSortingPerformance_indexSort_jmhTest.java,IndexSortingPerformance_indexSort_jmhTest,indexSort_avgt_jmhStub,7,11,void,public; static,false,false,true,true
C:\Users\simon\Documents\Code\thesis-code\commons-numbers-master\commons-numbers-examples\examples-jmh\target\generated-sources\annotations\org\apache\commons\numbers\examples\jmh\arrays\jmh_generated\IndexSortingPerformance_indexSort_jmhTest.java,IndexSortingPerformance_indexSort_jmhTest.java,IndexSortingPerformance_indexSort_jmhTest,indexSort_SampleTime,6,2,BenchmarkTaskResult,public,false,false,true,true
C:\Users\simon\Documents\Code\thesis-code\commons-numbers-master\commons-numbers-examples\examples-jmh\target\generated-sources\annotations\org\apache\commons\numbers\examples\jmh\arrays\jmh_generated\IndexSortingPerformance_indexSort_jmhTest.java,IndexSortingPerformance_indexSort_jmhTest.java,IndexSortingPerformance_indexSort_jmhTest,indexSort_sample_jmhStub,10,15,void,public; static,false,false,true,true
C:\Users\simon\Documents\Code\thesis-code\commons-numbers-master\commons-numbers-examples\examples-jmh\target\generated-sources\annotations\org\apache\commons\numbers\examples\jmh\arrays\jmh_generated\IndexSortingPerformance_indexSort_jmhTest.java,IndexSortingPerformance_indexSort_jmhTest.java,IndexSortingPerformance_indexSort_jmhTest,indexSort_SingleShotTime,6,2,BenchmarkTaskResult,public,false,false,true,true
C:\Users\simon\Documents\Code\thesis-code\commons-numbers-master\commons-numbers-examples\examples-jmh\target\generated-sources\annotations\org\apache\commons\numbers\examples\jmh\arrays\jmh_generated\IndexSortingPerformance_indexSort_jmhTest.java,IndexSortingPerformance_indexSort_jmhTest.java,IndexSortingPerformance_indexSort_jmhTest,indexSort_ss_jmhStub,5,12,void,public; static,false,false,true,true
C:\Users\simon\Documents\Code\thesis-code\commons-numbers-master\commons-numbers-examples\examples-jmh\target\generated-sources\annotations\org\apache\commons\numbers\examples\jmh\arrays\jmh_generated\IndexSortingPerformance_indexSort_jmhTest.java,IndexSortingPerformance_indexSort_jmhTest.java,IndexSortingPerformance_indexSort_jmhTest,_jmh_tryInit_f_indexdatasource2_G,4,1,IndexSortingPerformance_IndexDataSource_jmhType,,false,false,true,true
C:\Users\simon\Documents\Code\thesis-code\commons-numbers-master\commons-numbers-examples\examples-jmh\target\generated-sources\annotations\org\apache\commons\numbers\examples\jmh\arrays\jmh_generated\IndexSortingPerformance_indexSort_jmhTest.java,IndexSortingPerformance_indexSort_jmhTest.java,IndexSortingPerformance_indexSort_jmhTest,_jmh_tryInit_f_indexsortingperformance0_G,4,1,IndexSortingPerformance_jmhType,,false,false,true,true
C:\Users\simon\Documents\Code\thesis-code\commons-numbers-master\commons-numbers-examples\examples-jmh\target\generated-sources\annotations\org\apache\commons\numbers\examples\jmh\arrays\jmh_generated\IndexSortingPerformance_indexSort_jmhTest.java,IndexSortingPerformance_indexSort_jmhTest.java,IndexSortingPerformance_indexSort_jmhTest,_jmh_tryInit_f_indexsortsource1_G,4,1,IndexSortingPerformance_IndexSortSource_jmhType,,false,false,true,true
C:\Users\simon\Documents\Code\thesis-code\commons-numbers-master\commons-numbers-examples\examples-jmh\target\generated-sources\annotations\org\apache\commons\numbers\examples\jmh\arrays\jmh_generated\SelectionPerformance_createSearchableInterval_jmhTest.java,SelectionPerformance_createSearchableInterval_jmhTest.java,SelectionPerformance_createSearchableInterval_jmhTest,createSearchableInterval_Throughput,6,2,BenchmarkTaskResult,public,false,false,true,true
C:\Users\simon\Documents\Code\thesis-code\commons-numbers-master\commons-numbers-examples\examples-jmh\target\generated-sources\annotations\org\apache\commons\numbers\examples\jmh\arrays\jmh_generated\SelectionPerformance_createSearchableInterval_jmhTest.java,SelectionPerformance_createSearchableInterval_jmhTest.java,SelectionPerformance_createSearchableInterval_jmhTest,createSearchableInterval_thrpt_jmhStub,7,11,void,public; static,false,false,true,true
C:\Users\simon\Documents\Code\thesis-code\commons-numbers-master\commons-numbers-examples\examples-jmh\target\generated-sources\annotations\org\apache\commons\numbers\examples\jmh\arrays\jmh_generated\SelectionPerformance_createSearchableInterval_jmhTest.java,SelectionPerformance_createSearchableInterval_jmhTest.java,SelectionPerformance_createSearchableInterval_jmhTest,createSearchableInterval_AverageTime,6,2,BenchmarkTaskResult,public,false,false,true,true
C:\Users\simon\Documents\Code\thesis-code\commons-numbers-master\commons-numbers-examples\examples-jmh\target\generated-sources\annotations\org\apache\commons\numbers\examples\jmh\arrays\jmh_generated\SelectionPerformance_createSearchableInterval_jmhTest.java,SelectionPerformance_createSearchableInterval_jmhTest.java,SelectionPerformance_createSearchableInterval_jmhTest,createSearchableInterval_avgt_jmhStub,7,11,void,public; static,false,false,true,true
C:\Users\simon\Documents\Code\thesis-code\commons-numbers-master\commons-numbers-examples\examples-jmh\target\generated-sources\annotations\org\apache\commons\numbers\examples\jmh\arrays\jmh_generated\SelectionPerformance_createSearchableInterval_jmhTest.java,SelectionPerformance_createSearchableInterval_jmhTest.java,SelectionPerformance_createSearchableInterval_jmhTest,createSearchableInterval_SampleTime,6,2,BenchmarkTaskResult,public,false,false,true,true
C:\Users\simon\Documents\Code\thesis-code\commons-numbers-master\commons-numbers-examples\examples-jmh\target\generated-sources\annotations\org\apache\commons\numbers\examples\jmh\arrays\jmh_generated\SelectionPerformance_createSearchableInterval_jmhTest.java,SelectionPerformance_createSearchableInterval_jmhTest.java,SelectionPerformance_createSearchableInterval_jmhTest,createSearchableInterval_sample_jmhStub,10,15,void,public; static,false,false,true,true
C:\Users\simon\Documents\Code\thesis-code\commons-numbers-master\commons-numbers-examples\examples-jmh\target\generated-sources\annotations\org\apache\commons\numbers\examples\jmh\arrays\jmh_generated\SelectionPerformance_createSearchableInterval_jmhTest.java,SelectionPerformance_createSearchableInterval_jmhTest.java,SelectionPerformance_createSearchableInterval_jmhTest,createSearchableInterval_SingleShotTime,6,2,BenchmarkTaskResult,public,false,false,true,true
C:\Users\simon\Documents\Code\thesis-code\commons-numbers-master\commons-numbers-examples\examples-jmh\target\generated-sources\annotations\org\apache\commons\numbers\examples\jmh\arrays\jmh_generated\SelectionPerformance_createSearchableInterval_jmhTest.java,SelectionPerformance_createSearchableInterval_jmhTest.java,SelectionPerformance_createSearchableInterval_jmhTest,createSearchableInterval_ss_jmhStub,5,12,void,public; static,false,false,true,true
C:\Users\simon\Documents\Code\thesis-code\commons-numbers-master\commons-numbers-examples\examples-jmh\target\generated-sources\annotations\org\apache\commons\numbers\examples\jmh\arrays\jmh_generated\SelectionPerformance_createSearchableInterval_jmhTest.java,SelectionPerformance_createSearchableInterval_jmhTest.java,SelectionPerformance_createSearchableInterval_jmhTest,_jmh_tryInit_f_indexsource2_G,4,1,SelectionPerformance_IndexSource_jmhType,,false,false,true,true
C:\Users\simon\Documents\Code\thesis-code\commons-numbers-master\commons-numbers-examples\examples-jmh\target\generated-sources\annotations\org\apache\commons\numbers\examples\jmh\arrays\jmh_generated\SelectionPerformance_createSearchableInterval_jmhTest.java,SelectionPerformance_createSearchableInterval_jmhTest.java,SelectionPerformance_createSearchableInterval_jmhTest,_jmh_tryInit_f_searchableintervalsource1_G,4,1,SelectionPerformance_SearchableIntervalSource_jmhType,,false,false,true,true
C:\Users\simon\Documents\Code\thesis-code\commons-numbers-master\commons-numbers-examples\examples-jmh\target\generated-sources\annotations\org\apache\commons\numbers\examples\jmh\arrays\jmh_generated\SelectionPerformance_createSearchableInterval_jmhTest.java,SelectionPerformance_createSearchableInterval_jmhTest.java,SelectionPerformance_createSearchableInterval_jmhTest,_jmh_tryInit_f_selectionperformance0_G,4,1,SelectionPerformance_jmhType,,false,false,true,true
C:\Users\simon\Documents\Code\thesis-code\commons-numbers-master\commons-numbers-examples\examples-jmh\target\generated-sources\annotations\org\apache\commons\numbers\examples\jmh\arrays\jmh_generated\SelectionPerformance_doublePartition_jmhTest.java,SelectionPerformance_doublePartition_jmhTest.java,SelectionPerformance_doublePartition_jmhTest,doublePartition_Throughput,6,2,BenchmarkTaskResult,public,false,false,true,true
C:\Users\simon\Documents\Code\thesis-code\commons-numbers-master\commons-numbers-examples\examples-jmh\target\generated-sources\annotations\org\apache\commons\numbers\examples\jmh\arrays\jmh_generated\SelectionPerformance_doublePartition_jmhTest.java,SelectionPerformance_doublePartition_jmhTest.java,SelectionPerformance_doublePartition_jmhTest,doublePartition_thrpt_jmhStub,7,11,void,public; static,false,false,true,true
C:\Users\simon\Documents\Code\thesis-code\commons-numbers-master\commons-numbers-examples\examples-jmh\target\generated-sources\annotations\org\apache\commons\numbers\examples\jmh\arrays\jmh_generated\SelectionPerformance_doublePartition_jmhTest.java,SelectionPerformance_doublePartition_jmhTest.java,SelectionPerformance_doublePartition_jmhTest,doublePartition_AverageTime,6,2,BenchmarkTaskResult,public,false,false,true,true
C:\Users\simon\Documents\Code\thesis-code\commons-numbers-master\commons-numbers-examples\examples-jmh\target\generated-sources\annotations\org\apache\commons\numbers\examples\jmh\arrays\jmh_generated\SelectionPerformance_doublePartition_jmhTest.java,SelectionPerformance_doublePartition_jmhTest.java,SelectionPerformance_doublePartition_jmhTest,doublePartition_avgt_jmhStub,7,11,void,public; static,false,false,true,true
C:\Users\simon\Documents\Code\thesis-code\commons-numbers-master\commons-numbers-examples\examples-jmh\target\generated-sources\annotations\org\apache\commons\numbers\examples\jmh\arrays\jmh_generated\SelectionPerformance_doublePartition_jmhTest.java,SelectionPerformance_doublePartition_jmhTest.java,SelectionPerformance_doublePartition_jmhTest,doublePartition_SampleTime,6,2,BenchmarkTaskResult,public,false,false,true,true
C:\Users\simon\Documents\Code\thesis-code\commons-numbers-master\commons-numbers-examples\examples-jmh\target\generated-sources\annotations\org\apache\commons\numbers\examples\jmh\arrays\jmh_generated\SelectionPerformance_doublePartition_jmhTest.java,SelectionPerformance_doublePartition_jmhTest.java,SelectionPerformance_doublePartition_jmhTest,doublePartition_sample_jmhStub,10,15,void,public; static,false,false,true,true
C:\Users\simon\Documents\Code\thesis-code\commons-numbers-master\commons-numbers-examples\examples-jmh\target\generated-sources\annotations\org\apache\commons\numbers\examples\jmh\arrays\jmh_generated\SelectionPerformance_doublePartition_jmhTest.java,SelectionPerformance_doublePartition_jmhTest.java,SelectionPerformance_doublePartition_jmhTest,doublePartition_SingleShotTime,6,2,BenchmarkTaskResult,public,false,false,true,true
C:\Users\simon\Documents\Code\thesis-code\commons-numbers-master\commons-numbers-examples\examples-jmh\target\generated-sources\annotations\org\apache\commons\numbers\examples\jmh\arrays\jmh_generated\SelectionPerformance_doublePartition_jmhTest.java,SelectionPerformance_doublePartition_jmhTest.java,SelectionPerformance_doublePartition_jmhTest,doublePartition_ss_jmhStub,5,12,void,public; static,false,false,true,true
C:\Users\simon\Documents\Code\thesis-code\commons-numbers-master\commons-numbers-examples\examples-jmh\target\generated-sources\annotations\org\apache\commons\numbers\examples\jmh\arrays\jmh_generated\SelectionPerformance_doublePartition_jmhTest.java,SelectionPerformance_doublePartition_jmhTest.java,SelectionPerformance_doublePartition_jmhTest,_jmh_tryInit_f_doublekfunctionsource1_G,4,1,SelectionPerformance_DoubleKFunctionSource_jmhType,,false,false,true,true
C:\Users\simon\Documents\Code\thesis-code\commons-numbers-master\commons-numbers-examples\examples-jmh\target\generated-sources\annotations\org\apache\commons\numbers\examples\jmh\arrays\jmh_generated\SelectionPerformance_doublePartition_jmhTest.java,SelectionPerformance_doublePartition_jmhTest.java,SelectionPerformance_doublePartition_jmhTest,_jmh_tryInit_f_ksource2_G,4,1,SelectionPerformance_KSource_jmhType,,false,false,true,true
C:\Users\simon\Documents\Code\thesis-code\commons-numbers-master\commons-numbers-examples\examples-jmh\target\generated-sources\annotations\org\apache\commons\numbers\examples\jmh\arrays\jmh_generated\SelectionPerformance_doublePartition_jmhTest.java,SelectionPerformance_doublePartition_jmhTest.java,SelectionPerformance_doublePartition_jmhTest,_jmh_tryInit_f_selectionperformance0_G,4,1,SelectionPerformance_jmhType,,false,false,true,true
C:\Users\simon\Documents\Code\thesis-code\commons-numbers-master\commons-numbers-examples\examples-jmh\target\generated-sources\annotations\org\apache\commons\numbers\examples\jmh\arrays\jmh_generated\SelectionPerformance_edgeSelect_jmhTest.java,SelectionPerformance_edgeSelect_jmhTest.java,SelectionPerformance_edgeSelect_jmhTest,edgeSelect_Throughput,6,2,BenchmarkTaskResult,public,false,false,true,true
C:\Users\simon\Documents\Code\thesis-code\commons-numbers-master\commons-numbers-examples\examples-jmh\target\generated-sources\annotations\org\apache\commons\numbers\examples\jmh\arrays\jmh_generated\SelectionPerformance_edgeSelect_jmhTest.java,SelectionPerformance_edgeSelect_jmhTest.java,SelectionPerformance_edgeSelect_jmhTest,edgeSelect_thrpt_jmhStub,7,11,void,public; static,false,false,true,true
C:\Users\simon\Documents\Code\thesis-code\commons-numbers-master\commons-numbers-examples\examples-jmh\target\generated-sources\annotations\org\apache\commons\numbers\examples\jmh\arrays\jmh_generated\SelectionPerformance_edgeSelect_jmhTest.java,SelectionPerformance_edgeSelect_jmhTest.java,SelectionPerformance_edgeSelect_jmhTest,edgeSelect_AverageTime,6,2,BenchmarkTaskResult,public,false,false,true,true
C:\Users\simon\Documents\Code\thesis-code\commons-numbers-master\commons-numbers-examples\examples-jmh\target\generated-sources\annotations\org\apache\commons\numbers\examples\jmh\arrays\jmh_generated\SelectionPerformance_edgeSelect_jmhTest.java,SelectionPerformance_edgeSelect_jmhTest.java,SelectionPerformance_edgeSelect_jmhTest,edgeSelect_avgt_jmhStub,7,11,void,public; static,false,false,true,true
C:\Users\simon\Documents\Code\thesis-code\commons-numbers-master\commons-numbers-examples\examples-jmh\target\generated-sources\annotations\org\apache\commons\numbers\examples\jmh\arrays\jmh_generated\SelectionPerformance_edgeSelect_jmhTest.java,SelectionPerformance_edgeSelect_jmhTest.java,SelectionPerformance_edgeSelect_jmhTest,edgeSelect_SampleTime,6,2,BenchmarkTaskResult,public,false,false,true,true
C:\Users\simon\Documents\Code\thesis-code\commons-numbers-master\commons-numbers-examples\examples-jmh\target\generated-sources\annotations\org\apache\commons\numbers\examples\jmh\arrays\jmh_generated\SelectionPerformance_edgeSelect_jmhTest.java,SelectionPerformance_edgeSelect_jmhTest.java,SelectionPerformance_edgeSelect_jmhTest,edgeSelect_sample_jmhStub,10,15,void,public; static,false,false,true,true
C:\Users\simon\Documents\Code\thesis-code\commons-numbers-master\commons-numbers-examples\examples-jmh\target\generated-sources\annotations\org\apache\commons\numbers\examples\jmh\arrays\jmh_generated\SelectionPerformance_edgeSelect_jmhTest.java,SelectionPerformance_edgeSelect_jmhTest.java,SelectionPerformance_edgeSelect_jmhTest,edgeSelect_SingleShotTime,6,2,BenchmarkTaskResult,public,false,false,true,true
C:\Users\simon\Documents\Code\thesis-code\commons-numbers-master\commons-numbers-examples\examples-jmh\target\generated-sources\annotations\org\apache\commons\numbers\examples\jmh\arrays\jmh_generated\SelectionPerformance_edgeSelect_jmhTest.java,SelectionPerformance_edgeSelect_jmhTest.java,SelectionPerformance_edgeSelect_jmhTest,edgeSelect_ss_jmhStub,5,12,void,public; static,false,false,true,true
C:\Users\simon\Documents\Code\thesis-code\commons-numbers-master\commons-numbers-examples\examples-jmh\target\generated-sources\annotations\org\apache\commons\numbers\examples\jmh\arrays\jmh_generated\SelectionPerformance_edgeSelect_jmhTest.java,SelectionPerformance_edgeSelect_jmhTest.java,SelectionPerformance_edgeSelect_jmhTest,_jmh_tryInit_f_edgefunctionsource1_G,4,1,SelectionPerformance_EdgeFunctionSource_jmhType,,false,false,true,true
C:\Users\simon\Documents\Code\thesis-code\commons-numbers-master\commons-numbers-examples\examples-jmh\target\generated-sources\annotations\org\apache\commons\numbers\examples\jmh\arrays\jmh_generated\SelectionPerformance_edgeSelect_jmhTest.java,SelectionPerformance_edgeSelect_jmhTest.java,SelectionPerformance_edgeSelect_jmhTest,_jmh_tryInit_f_edgesource2_G,4,1,SelectionPerformance_EdgeSource_jmhType,,false,false,true,true
C:\Users\simon\Documents\Code\thesis-code\commons-numbers-master\commons-numbers-examples\examples-jmh\target\generated-sources\annotations\org\apache\commons\numbers\examples\jmh\arrays\jmh_generated\SelectionPerformance_edgeSelect_jmhTest.java,SelectionPerformance_edgeSelect_jmhTest.java,SelectionPerformance_edgeSelect_jmhTest,_jmh_tryInit_f_selectionperformance0_G,4,1,SelectionPerformance_jmhType,,false,false,true,true
C:\Users\simon\Documents\Code\thesis-code\commons-numbers-master\commons-numbers-examples\examples-jmh\target\generated-sources\annotations\org\apache\commons\numbers\examples\jmh\arrays\jmh_generated\SelectionPerformance_fiveSort_jmhTest.java,SelectionPerformance_fiveSort_jmhTest.java,SelectionPerformance_fiveSort_jmhTest,fiveSort_Throughput,6,2,BenchmarkTaskResult,public,false,false,true,true
C:\Users\simon\Documents\Code\thesis-code\commons-numbers-master\commons-numbers-examples\examples-jmh\target\generated-sources\annotations\org\apache\commons\numbers\examples\jmh\arrays\jmh_generated\SelectionPerformance_fiveSort_jmhTest.java,SelectionPerformance_fiveSort_jmhTest.java,SelectionPerformance_fiveSort_jmhTest,fiveSort_thrpt_jmhStub,7,11,void,public; static,false,false,true,true
C:\Users\simon\Documents\Code\thesis-code\commons-numbers-master\commons-numbers-examples\examples-jmh\target\generated-sources\annotations\org\apache\commons\numbers\examples\jmh\arrays\jmh_generated\SelectionPerformance_fiveSort_jmhTest.java,SelectionPerformance_fiveSort_jmhTest.java,SelectionPerformance_fiveSort_jmhTest,fiveSort_AverageTime,6,2,BenchmarkTaskResult,public,false,false,true,true
C:\Users\simon\Documents\Code\thesis-code\commons-numbers-master\commons-numbers-examples\examples-jmh\target\generated-sources\annotations\org\apache\commons\numbers\examples\jmh\arrays\jmh_generated\SelectionPerformance_fiveSort_jmhTest.java,SelectionPerformance_fiveSort_jmhTest.java,SelectionPerformance_fiveSort_jmhTest,fiveSort_avgt_jmhStub,7,11,void,public; static,false,false,true,true
C:\Users\simon\Documents\Code\thesis-code\commons-numbers-master\commons-numbers-examples\examples-jmh\target\generated-sources\annotations\org\apache\commons\numbers\examples\jmh\arrays\jmh_generated\SelectionPerformance_fiveSort_jmhTest.java,SelectionPerformance_fiveSort_jmhTest.java,SelectionPerformance_fiveSort_jmhTest,fiveSort_SampleTime,6,2,BenchmarkTaskResult,public,false,false,true,true
C:\Users\simon\Documents\Code\thesis-code\commons-numbers-master\commons-numbers-examples\examples-jmh\target\generated-sources\annotations\org\apache\commons\numbers\examples\jmh\arrays\jmh_generated\SelectionPerformance_fiveSort_jmhTest.java,SelectionPerformance_fiveSort_jmhTest.java,SelectionPerformance_fiveSort_jmhTest,fiveSort_sample_jmhStub,10,15,void,public; static,false,false,true,true
C:\Users\simon\Documents\Code\thesis-code\commons-numbers-master\commons-numbers-examples\examples-jmh\target\generated-sources\annotations\org\apache\commons\numbers\examples\jmh\arrays\jmh_generated\SelectionPerformance_fiveSort_jmhTest.java,SelectionPerformance_fiveSort_jmhTest.java,SelectionPerformance_fiveSort_jmhTest,fiveSort_SingleShotTime,6,2,BenchmarkTaskResult,public,false,false,true,true
C:\Users\simon\Documents\Code\thesis-code\commons-numbers-master\commons-numbers-examples\examples-jmh\target\generated-sources\annotations\org\apache\commons\numbers\examples\jmh\arrays\jmh_generated\SelectionPerformance_fiveSort_jmhTest.java,SelectionPerformance_fiveSort_jmhTest.java,SelectionPerformance_fiveSort_jmhTest,fiveSort_ss_jmhStub,5,12,void,public; static,false,false,true,true
C:\Users\simon\Documents\Code\thesis-code\commons-numbers-master\commons-numbers-examples\examples-jmh\target\generated-sources\annotations\org\apache\commons\numbers\examples\jmh\arrays\jmh_generated\SelectionPerformance_fiveSort_jmhTest.java,SelectionPerformance_fiveSort_jmhTest.java,SelectionPerformance_fiveSort_jmhTest,_jmh_tryInit_f_selectionperformance0_G,4,1,SelectionPerformance_jmhType,,false,false,true,true
C:\Users\simon\Documents\Code\thesis-code\commons-numbers-master\commons-numbers-examples\examples-jmh\target\generated-sources\annotations\org\apache\commons\numbers\examples\jmh\arrays\jmh_generated\SelectionPerformance_fiveSort_jmhTest.java,SelectionPerformance_fiveSort_jmhTest.java,SelectionPerformance_fiveSort_jmhTest,_jmh_tryInit_f_sort5functionsource1_G,4,1,SelectionPerformance_Sort5FunctionSource_jmhType,,false,false,true,true
C:\Users\simon\Documents\Code\thesis-code\commons-numbers-master\commons-numbers-examples\examples-jmh\target\generated-sources\annotations\org\apache\commons\numbers\examples\jmh\arrays\jmh_generated\SelectionPerformance_fiveSort_jmhTest.java,SelectionPerformance_fiveSort_jmhTest.java,SelectionPerformance_fiveSort_jmhTest,_jmh_tryInit_f_sortsource2_G,4,1,SelectionPerformance_SortSource_jmhType,,false,false,true,true
C:\Users\simon\Documents\Code\thesis-code\commons-numbers-master\commons-numbers-examples\examples-jmh\target\generated-sources\annotations\org\apache\commons\numbers\examples\jmh\arrays\jmh_generated\SelectionPerformance_fourMedian_jmhTest.java,SelectionPerformance_fourMedian_jmhTest.java,SelectionPerformance_fourMedian_jmhTest,fourMedian_Throughput,6,2,BenchmarkTaskResult,public,false,false,true,true
C:\Users\simon\Documents\Code\thesis-code\commons-numbers-master\commons-numbers-examples\examples-jmh\target\generated-sources\annotations\org\apache\commons\numbers\examples\jmh\arrays\jmh_generated\SelectionPerformance_fourMedian_jmhTest.java,SelectionPerformance_fourMedian_jmhTest.java,SelectionPerformance_fourMedian_jmhTest,fourMedian_thrpt_jmhStub,7,11,void,public; static,false,false,true,true
C:\Users\simon\Documents\Code\thesis-code\commons-numbers-master\commons-numbers-examples\examples-jmh\target\generated-sources\annotations\org\apache\commons\numbers\examples\jmh\arrays\jmh_generated\SelectionPerformance_fourMedian_jmhTest.java,SelectionPerformance_fourMedian_jmhTest.java,SelectionPerformance_fourMedian_jmhTest,fourMedian_AverageTime,6,2,BenchmarkTaskResult,public,false,false,true,true
C:\Users\simon\Documents\Code\thesis-code\commons-numbers-master\commons-numbers-examples\examples-jmh\target\generated-sources\annotations\org\apache\commons\numbers\examples\jmh\arrays\jmh_generated\SelectionPerformance_fourMedian_jmhTest.java,SelectionPerformance_fourMedian_jmhTest.java,SelectionPerformance_fourMedian_jmhTest,fourMedian_avgt_jmhStub,7,11,void,public; static,false,false,true,true
C:\Users\simon\Documents\Code\thesis-code\commons-numbers-master\commons-numbers-examples\examples-jmh\target\generated-sources\annotations\org\apache\commons\numbers\examples\jmh\arrays\jmh_generated\SelectionPerformance_fourMedian_jmhTest.java,SelectionPerformance_fourMedian_jmhTest.java,SelectionPerformance_fourMedian_jmhTest,fourMedian_SampleTime,6,2,BenchmarkTaskResult,public,false,false,true,true
C:\Users\simon\Documents\Code\thesis-code\commons-numbers-master\commons-numbers-examples\examples-jmh\target\generated-sources\annotations\org\apache\commons\numbers\examples\jmh\arrays\jmh_generated\SelectionPerformance_fourMedian_jmhTest.java,SelectionPerformance_fourMedian_jmhTest.java,SelectionPerformance_fourMedian_jmhTest,fourMedian_sample_jmhStub,10,15,void,public; static,false,false,true,true
C:\Users\simon\Documents\Code\thesis-code\commons-numbers-master\commons-numbers-examples\examples-jmh\target\generated-sources\annotations\org\apache\commons\numbers\examples\jmh\arrays\jmh_generated\SelectionPerformance_fourMedian_jmhTest.java,SelectionPerformance_fourMedian_jmhTest.java,SelectionPerformance_fourMedian_jmhTest,fourMedian_SingleShotTime,6,2,BenchmarkTaskResult,public,false,false,true,true
C:\Users\simon\Documents\Code\thesis-code\commons-numbers-master\commons-numbers-examples\examples-jmh\target\generated-sources\annotations\org\apache\commons\numbers\examples\jmh\arrays\jmh_generated\SelectionPerformance_fourMedian_jmhTest.java,SelectionPerformance_fourMedian_jmhTest.java,SelectionPerformance_fourMedian_jmhTest,fourMedian_ss_jmhStub,5,12,void,public; static,false,false,true,true
C:\Users\simon\Documents\Code\thesis-code\commons-numbers-master\commons-numbers-examples\examples-jmh\target\generated-sources\annotations\org\apache\commons\numbers\examples\jmh\arrays\jmh_generated\SelectionPerformance_fourMedian_jmhTest.java,SelectionPerformance_fourMedian_jmhTest.java,SelectionPerformance_fourMedian_jmhTest,_jmh_tryInit_f_median4functionsource1_G,4,1,SelectionPerformance_Median4FunctionSource_jmhType,,false,false,true,true
C:\Users\simon\Documents\Code\thesis-code\commons-numbers-master\commons-numbers-examples\examples-jmh\target\generated-sources\annotations\org\apache\commons\numbers\examples\jmh\arrays\jmh_generated\SelectionPerformance_fourMedian_jmhTest.java,SelectionPerformance_fourMedian_jmhTest.java,SelectionPerformance_fourMedian_jmhTest,_jmh_tryInit_f_selectionperformance0_G,4,1,SelectionPerformance_jmhType,,false,false,true,true
C:\Users\simon\Documents\Code\thesis-code\commons-numbers-master\commons-numbers-examples\examples-jmh\target\generated-sources\annotations\org\apache\commons\numbers\examples\jmh\arrays\jmh_generated\SelectionPerformance_fourMedian_jmhTest.java,SelectionPerformance_fourMedian_jmhTest.java,SelectionPerformance_fourMedian_jmhTest,_jmh_tryInit_f_sortsource2_G,4,1,SelectionPerformance_SortSource_jmhType,,false,false,true,true
C:\Users\simon\Documents\Code\thesis-code\commons-numbers-master\commons-numbers-examples\examples-jmh\target\generated-sources\annotations\org\apache\commons\numbers\examples\jmh\arrays\jmh_generated\SelectionPerformance_indexSearch_jmhTest.java,SelectionPerformance_indexSearch_jmhTest.java,SelectionPerformance_indexSearch_jmhTest,indexSearch_Throughput,6,2,BenchmarkTaskResult,public,false,false,true,true
C:\Users\simon\Documents\Code\thesis-code\commons-numbers-master\commons-numbers-examples\examples-jmh\target\generated-sources\annotations\org\apache\commons\numbers\examples\jmh\arrays\jmh_generated\SelectionPerformance_indexSearch_jmhTest.java,SelectionPerformance_indexSearch_jmhTest.java,SelectionPerformance_indexSearch_jmhTest,indexSearch_thrpt_jmhStub,7,11,void,public; static,false,false,true,true
C:\Users\simon\Documents\Code\thesis-code\commons-numbers-master\commons-numbers-examples\examples-jmh\target\generated-sources\annotations\org\apache\commons\numbers\examples\jmh\arrays\jmh_generated\SelectionPerformance_indexSearch_jmhTest.java,SelectionPerformance_indexSearch_jmhTest.java,SelectionPerformance_indexSearch_jmhTest,indexSearch_AverageTime,6,2,BenchmarkTaskResult,public,false,false,true,true
C:\Users\simon\Documents\Code\thesis-code\commons-numbers-master\commons-numbers-examples\examples-jmh\target\generated-sources\annotations\org\apache\commons\numbers\examples\jmh\arrays\jmh_generated\SelectionPerformance_indexSearch_jmhTest.java,SelectionPerformance_indexSearch_jmhTest.java,SelectionPerformance_indexSearch_jmhTest,indexSearch_avgt_jmhStub,7,11,void,public; static,false,false,true,true
C:\Users\simon\Documents\Code\thesis-code\commons-numbers-master\commons-numbers-examples\examples-jmh\target\generated-sources\annotations\org\apache\commons\numbers\examples\jmh\arrays\jmh_generated\SelectionPerformance_indexSearch_jmhTest.java,SelectionPerformance_indexSearch_jmhTest.java,SelectionPerformance_indexSearch_jmhTest,indexSearch_SampleTime,6,2,BenchmarkTaskResult,public,false,false,true,true
C:\Users\simon\Documents\Code\thesis-code\commons-numbers-master\commons-numbers-examples\examples-jmh\target\generated-sources\annotations\org\apache\commons\numbers\examples\jmh\arrays\jmh_generated\SelectionPerformance_indexSearch_jmhTest.java,SelectionPerformance_indexSearch_jmhTest.java,SelectionPerformance_indexSearch_jmhTest,indexSearch_sample_jmhStub,10,15,void,public; static,false,false,true,true
C:\Users\simon\Documents\Code\thesis-code\commons-numbers-master\commons-numbers-examples\examples-jmh\target\generated-sources\annotations\org\apache\commons\numbers\examples\jmh\arrays\jmh_generated\SelectionPerformance_indexSearch_jmhTest.java,SelectionPerformance_indexSearch_jmhTest.java,SelectionPerformance_indexSearch_jmhTest,indexSearch_SingleShotTime,6,2,BenchmarkTaskResult,public,false,false,true,true
C:\Users\simon\Documents\Code\thesis-code\commons-numbers-master\commons-numbers-examples\examples-jmh\target\generated-sources\annotations\org\apache\commons\numbers\examples\jmh\arrays\jmh_generated\SelectionPerformance_indexSearch_jmhTest.java,SelectionPerformance_indexSearch_jmhTest.java,SelectionPerformance_indexSearch_jmhTest,indexSearch_ss_jmhStub,5,12,void,public; static,false,false,true,true
C:\Users\simon\Documents\Code\thesis-code\commons-numbers-master\commons-numbers-examples\examples-jmh\target\generated-sources\annotations\org\apache\commons\numbers\examples\jmh\arrays\jmh_generated\SelectionPerformance_indexSearch_jmhTest.java,SelectionPerformance_indexSearch_jmhTest.java,SelectionPerformance_indexSearch_jmhTest,_jmh_tryInit_f_indexsearchfunctionsource1_G,4,1,SelectionPerformance_IndexSearchFunctionSource_jmhType,,false,false,true,true
C:\Users\simon\Documents\Code\thesis-code\commons-numbers-master\commons-numbers-examples\examples-jmh\target\generated-sources\annotations\org\apache\commons\numbers\examples\jmh\arrays\jmh_generated\SelectionPerformance_indexSearch_jmhTest.java,SelectionPerformance_indexSearch_jmhTest.java,SelectionPerformance_indexSearch_jmhTest,_jmh_tryInit_f_selectionperformance0_G,4,1,SelectionPerformance_jmhType,,false,false,true,true
C:\Users\simon\Documents\Code\thesis-code\commons-numbers-master\commons-numbers-examples\examples-jmh\target\generated-sources\annotations\org\apache\commons\numbers\examples\jmh\arrays\jmh_generated\SelectionPerformance_indexSearch_jmhTest.java,SelectionPerformance_indexSearch_jmhTest.java,SelectionPerformance_indexSearch_jmhTest,_jmh_tryInit_f_splitindexsource2_G,4,1,SelectionPerformance_SplitIndexSource_jmhType,,false,false,true,true
C:\Users\simon\Documents\Code\thesis-code\commons-numbers-master\commons-numbers-examples\examples-jmh\target\generated-sources\annotations\org\apache\commons\numbers\examples\jmh\arrays\jmh_generated\SelectionPerformance_intPartition_jmhTest.java,SelectionPerformance_intPartition_jmhTest.java,SelectionPerformance_intPartition_jmhTest,intPartition_Throughput,6,2,BenchmarkTaskResult,public,false,false,true,true
C:\Users\simon\Documents\Code\thesis-code\commons-numbers-master\commons-numbers-examples\examples-jmh\target\generated-sources\annotations\org\apache\commons\numbers\examples\jmh\arrays\jmh_generated\SelectionPerformance_intPartition_jmhTest.java,SelectionPerformance_intPartition_jmhTest.java,SelectionPerformance_intPartition_jmhTest,intPartition_thrpt_jmhStub,7,11,void,public; static,false,false,true,true
C:\Users\simon\Documents\Code\thesis-code\commons-numbers-master\commons-numbers-examples\examples-jmh\target\generated-sources\annotations\org\apache\commons\numbers\examples\jmh\arrays\jmh_generated\SelectionPerformance_intPartition_jmhTest.java,SelectionPerformance_intPartition_jmhTest.java,SelectionPerformance_intPartition_jmhTest,intPartition_AverageTime,6,2,BenchmarkTaskResult,public,false,false,true,true
C:\Users\simon\Documents\Code\thesis-code\commons-numbers-master\commons-numbers-examples\examples-jmh\target\generated-sources\annotations\org\apache\commons\numbers\examples\jmh\arrays\jmh_generated\SelectionPerformance_intPartition_jmhTest.java,SelectionPerformance_intPartition_jmhTest.java,SelectionPerformance_intPartition_jmhTest,intPartition_avgt_jmhStub,7,11,void,public; static,false,false,true,true
C:\Users\simon\Documents\Code\thesis-code\commons-numbers-master\commons-numbers-examples\examples-jmh\target\generated-sources\annotations\org\apache\commons\numbers\examples\jmh\arrays\jmh_generated\SelectionPerformance_intPartition_jmhTest.java,SelectionPerformance_intPartition_jmhTest.java,SelectionPerformance_intPartition_jmhTest,intPartition_SampleTime,6,2,BenchmarkTaskResult,public,false,false,true,true
C:\Users\simon\Documents\Code\thesis-code\commons-numbers-master\commons-numbers-examples\examples-jmh\target\generated-sources\annotations\org\apache\commons\numbers\examples\jmh\arrays\jmh_generated\SelectionPerformance_intPartition_jmhTest.java,SelectionPerformance_intPartition_jmhTest.java,SelectionPerformance_intPartition_jmhTest,intPartition_sample_jmhStub,10,15,void,public; static,false,false,true,true
C:\Users\simon\Documents\Code\thesis-code\commons-numbers-master\commons-numbers-examples\examples-jmh\target\generated-sources\annotations\org\apache\commons\numbers\examples\jmh\arrays\jmh_generated\SelectionPerformance_intPartition_jmhTest.java,SelectionPerformance_intPartition_jmhTest.java,SelectionPerformance_intPartition_jmhTest,intPartition_SingleShotTime,6,2,BenchmarkTaskResult,public,false,false,true,true
C:\Users\simon\Documents\Code\thesis-code\commons-numbers-master\commons-numbers-examples\examples-jmh\target\generated-sources\annotations\org\apache\commons\numbers\examples\jmh\arrays\jmh_generated\SelectionPerformance_intPartition_jmhTest.java,SelectionPerformance_intPartition_jmhTest.java,SelectionPerformance_intPartition_jmhTest,intPartition_ss_jmhStub,5,12,void,public; static,false,false,true,true
C:\Users\simon\Documents\Code\thesis-code\commons-numbers-master\commons-numbers-examples\examples-jmh\target\generated-sources\annotations\org\apache\commons\numbers\examples\jmh\arrays\jmh_generated\SelectionPerformance_intPartition_jmhTest.java,SelectionPerformance_intPartition_jmhTest.java,SelectionPerformance_intPartition_jmhTest,_jmh_tryInit_f_intkfunctionsource1_G,4,1,SelectionPerformance_IntKFunctionSource_jmhType,,false,false,true,true
C:\Users\simon\Documents\Code\thesis-code\commons-numbers-master\commons-numbers-examples\examples-jmh\target\generated-sources\annotations\org\apache\commons\numbers\examples\jmh\arrays\jmh_generated\SelectionPerformance_intPartition_jmhTest.java,SelectionPerformance_intPartition_jmhTest.java,SelectionPerformance_intPartition_jmhTest,_jmh_tryInit_f_ksource2_G,4,1,SelectionPerformance_KSource_jmhType,,false,false,true,true
C:\Users\simon\Documents\Code\thesis-code\commons-numbers-master\commons-numbers-examples\examples-jmh\target\generated-sources\annotations\org\apache\commons\numbers\examples\jmh\arrays\jmh_generated\SelectionPerformance_intPartition_jmhTest.java,SelectionPerformance_intPartition_jmhTest.java,SelectionPerformance_intPartition_jmhTest,_jmh_tryInit_f_selectionperformance0_G,4,1,SelectionPerformance_jmhType,,false,false,true,true
C:\Users\simon\Documents\Code\thesis-code\commons-numbers-master\commons-numbers-examples\examples-jmh\target\generated-sources\annotations\org\apache\commons\numbers\examples\jmh\arrays\jmh_generated\SelectionPerformance_nanZero_jmhTest.java,SelectionPerformance_nanZero_jmhTest.java,SelectionPerformance_nanZero_jmhTest,nanZero_Throughput,6,2,BenchmarkTaskResult,public,false,false,true,true
C:\Users\simon\Documents\Code\thesis-code\commons-numbers-master\commons-numbers-examples\examples-jmh\target\generated-sources\annotations\org\apache\commons\numbers\examples\jmh\arrays\jmh_generated\SelectionPerformance_nanZero_jmhTest.java,SelectionPerformance_nanZero_jmhTest.java,SelectionPerformance_nanZero_jmhTest,nanZero_thrpt_jmhStub,7,11,void,public; static,false,false,true,true
C:\Users\simon\Documents\Code\thesis-code\commons-numbers-master\commons-numbers-examples\examples-jmh\target\generated-sources\annotations\org\apache\commons\numbers\examples\jmh\arrays\jmh_generated\SelectionPerformance_nanZero_jmhTest.java,SelectionPerformance_nanZero_jmhTest.java,SelectionPerformance_nanZero_jmhTest,nanZero_AverageTime,6,2,BenchmarkTaskResult,public,false,false,true,true
C:\Users\simon\Documents\Code\thesis-code\commons-numbers-master\commons-numbers-examples\examples-jmh\target\generated-sources\annotations\org\apache\commons\numbers\examples\jmh\arrays\jmh_generated\SelectionPerformance_nanZero_jmhTest.java,SelectionPerformance_nanZero_jmhTest.java,SelectionPerformance_nanZero_jmhTest,nanZero_avgt_jmhStub,7,11,void,public; static,false,false,true,true
C:\Users\simon\Documents\Code\thesis-code\commons-numbers-master\commons-numbers-examples\examples-jmh\target\generated-sources\annotations\org\apache\commons\numbers\examples\jmh\arrays\jmh_generated\SelectionPerformance_nanZero_jmhTest.java,SelectionPerformance_nanZero_jmhTest.java,SelectionPerformance_nanZero_jmhTest,nanZero_SampleTime,6,2,BenchmarkTaskResult,public,false,false,true,true
C:\Users\simon\Documents\Code\thesis-code\commons-numbers-master\commons-numbers-examples\examples-jmh\target\generated-sources\annotations\org\apache\commons\numbers\examples\jmh\arrays\jmh_generated\SelectionPerformance_nanZero_jmhTest.java,SelectionPerformance_nanZero_jmhTest.java,SelectionPerformance_nanZero_jmhTest,nanZero_sample_jmhStub,10,15,void,public; static,false,false,true,true
C:\Users\simon\Documents\Code\thesis-code\commons-numbers-master\commons-numbers-examples\examples-jmh\target\generated-sources\annotations\org\apache\commons\numbers\examples\jmh\arrays\jmh_generated\SelectionPerformance_nanZero_jmhTest.java,SelectionPerformance_nanZero_jmhTest.java,SelectionPerformance_nanZero_jmhTest,nanZero_SingleShotTime,6,2,BenchmarkTaskResult,public,false,false,true,true
C:\Users\simon\Documents\Code\thesis-code\commons-numbers-master\commons-numbers-examples\examples-jmh\target\generated-sources\annotations\org\apache\commons\numbers\examples\jmh\arrays\jmh_generated\SelectionPerformance_nanZero_jmhTest.java,SelectionPerformance_nanZero_jmhTest.java,SelectionPerformance_nanZero_jmhTest,nanZero_ss_jmhStub,5,12,void,public; static,false,false,true,true
C:\Users\simon\Documents\Code\thesis-code\commons-numbers-master\commons-numbers-examples\examples-jmh\target\generated-sources\annotations\org\apache\commons\numbers\examples\jmh\arrays\jmh_generated\SelectionPerformance_nanZero_jmhTest.java,SelectionPerformance_nanZero_jmhTest.java,SelectionPerformance_nanZero_jmhTest,_jmh_tryInit_f_selectionperformance0_G,4,1,SelectionPerformance_jmhType,,false,false,true,true
C:\Users\simon\Documents\Code\thesis-code\commons-numbers-master\commons-numbers-examples\examples-jmh\target\generated-sources\annotations\org\apache\commons\numbers\examples\jmh\arrays\jmh_generated\SelectionPerformance_nanZero_jmhTest.java,SelectionPerformance_nanZero_jmhTest.java,SelectionPerformance_nanZero_jmhTest,_jmh_tryInit_f_sortnanfunctionsource1_G,4,1,SelectionPerformance_SortNaNFunctionSource_jmhType,,false,false,true,true
C:\Users\simon\Documents\Code\thesis-code\commons-numbers-master\commons-numbers-examples\examples-jmh\target\generated-sources\annotations\org\apache\commons\numbers\examples\jmh\arrays\jmh_generated\SelectionPerformance_nanZero_jmhTest.java,SelectionPerformance_nanZero_jmhTest.java,SelectionPerformance_nanZero_jmhTest,_jmh_tryInit_f_sortsource2_G,4,1,SelectionPerformance_SortSource_jmhType,,false,false,true,true
C:\Users\simon\Documents\Code\thesis-code\commons-numbers-master\commons-numbers-examples\examples-jmh\target\generated-sources\annotations\org\apache\commons\numbers\examples\jmh\arrays\jmh_generated\SelectionPerformance_searchableIntervalNextPrevious_jmhTest.java,SelectionPerformance_searchableIntervalNextPrevious_jmhTest.java,SelectionPerformance_searchableIntervalNextPrevious_jmhTest,searchableIntervalNextPrevious_Throughput,6,2,BenchmarkTaskResult,public,false,false,true,true
C:\Users\simon\Documents\Code\thesis-code\commons-numbers-master\commons-numbers-examples\examples-jmh\target\generated-sources\annotations\org\apache\commons\numbers\examples\jmh\arrays\jmh_generated\SelectionPerformance_searchableIntervalNextPrevious_jmhTest.java,SelectionPerformance_searchableIntervalNextPrevious_jmhTest.java,SelectionPerformance_searchableIntervalNextPrevious_jmhTest,searchableIntervalNextPrevious_thrpt_jmhStub,7,11,void,public; static,false,false,true,true
C:\Users\simon\Documents\Code\thesis-code\commons-numbers-master\commons-numbers-examples\examples-jmh\target\generated-sources\annotations\org\apache\commons\numbers\examples\jmh\arrays\jmh_generated\SelectionPerformance_searchableIntervalNextPrevious_jmhTest.java,SelectionPerformance_searchableIntervalNextPrevious_jmhTest.java,SelectionPerformance_searchableIntervalNextPrevious_jmhTest,searchableIntervalNextPrevious_AverageTime,6,2,BenchmarkTaskResult,public,false,false,true,true
C:\Users\simon\Documents\Code\thesis-code\commons-numbers-master\commons-numbers-examples\examples-jmh\target\generated-sources\annotations\org\apache\commons\numbers\examples\jmh\arrays\jmh_generated\SelectionPerformance_searchableIntervalNextPrevious_jmhTest.java,SelectionPerformance_searchableIntervalNextPrevious_jmhTest.java,SelectionPerformance_searchableIntervalNextPrevious_jmhTest,searchableIntervalNextPrevious_avgt_jmhStub,7,11,void,public; static,false,false,true,true
C:\Users\simon\Documents\Code\thesis-code\commons-numbers-master\commons-numbers-examples\examples-jmh\target\generated-sources\annotations\org\apache\commons\numbers\examples\jmh\arrays\jmh_generated\SelectionPerformance_searchableIntervalNextPrevious_jmhTest.java,SelectionPerformance_searchableIntervalNextPrevious_jmhTest.java,SelectionPerformance_searchableIntervalNextPrevious_jmhTest,searchableIntervalNextPrevious_SampleTime,6,2,BenchmarkTaskResult,public,false,false,true,true
C:\Users\simon\Documents\Code\thesis-code\commons-numbers-master\commons-numbers-examples\examples-jmh\target\generated-sources\annotations\org\apache\commons\numbers\examples\jmh\arrays\jmh_generated\SelectionPerformance_searchableIntervalNextPrevious_jmhTest.java,SelectionPerformance_searchableIntervalNextPrevious_jmhTest.java,SelectionPerformance_searchableIntervalNextPrevious_jmhTest,searchableIntervalNextPrevious_sample_jmhStub,10,15,void,public; static,false,false,true,true
C:\Users\simon\Documents\Code\thesis-code\commons-numbers-master\commons-numbers-examples\examples-jmh\target\generated-sources\annotations\org\apache\commons\numbers\examples\jmh\arrays\jmh_generated\SelectionPerformance_searchableIntervalNextPrevious_jmhTest.java,SelectionPerformance_searchableIntervalNextPrevious_jmhTest.java,SelectionPerformance_searchableIntervalNextPrevious_jmhTest,searchableIntervalNextPrevious_SingleShotTime,6,2,BenchmarkTaskResult,public,false,false,true,true
C:\Users\simon\Documents\Code\thesis-code\commons-numbers-master\commons-numbers-examples\examples-jmh\target\generated-sources\annotations\org\apache\commons\numbers\examples\jmh\arrays\jmh_generated\SelectionPerformance_searchableIntervalNextPrevious_jmhTest.java,SelectionPerformance_searchableIntervalNextPrevious_jmhTest.java,SelectionPerformance_searchableIntervalNextPrevious_jmhTest,searchableIntervalNextPrevious_ss_jmhStub,5,12,void,public; static,false,false,true,true
C:\Users\simon\Documents\Code\thesis-code\commons-numbers-master\commons-numbers-examples\examples-jmh\target\generated-sources\annotations\org\apache\commons\numbers\examples\jmh\arrays\jmh_generated\SelectionPerformance_searchableIntervalNextPrevious_jmhTest.java,SelectionPerformance_searchableIntervalNextPrevious_jmhTest.java,SelectionPerformance_searchableIntervalNextPrevious_jmhTest,_jmh_tryInit_f_searchableintervalsource1_G,4,1,SelectionPerformance_SearchableIntervalSource_jmhType,,false,false,true,true
C:\Users\simon\Documents\Code\thesis-code\commons-numbers-master\commons-numbers-examples\examples-jmh\target\generated-sources\annotations\org\apache\commons\numbers\examples\jmh\arrays\jmh_generated\SelectionPerformance_searchableIntervalNextPrevious_jmhTest.java,SelectionPerformance_searchableIntervalNextPrevious_jmhTest.java,SelectionPerformance_searchableIntervalNextPrevious_jmhTest,_jmh_tryInit_f_selectionperformance0_G,4,1,SelectionPerformance_jmhType,,false,false,true,true
C:\Users\simon\Documents\Code\thesis-code\commons-numbers-master\commons-numbers-examples\examples-jmh\target\generated-sources\annotations\org\apache\commons\numbers\examples\jmh\arrays\jmh_generated\SelectionPerformance_searchableIntervalNextPrevious_jmhTest.java,SelectionPerformance_searchableIntervalNextPrevious_jmhTest.java,SelectionPerformance_searchableIntervalNextPrevious_jmhTest,_jmh_tryInit_f_splitindexsource2_G,4,1,SelectionPerformance_SplitIndexSource_jmhType,,false,false,true,true
C:\Users\simon\Documents\Code\thesis-code\commons-numbers-master\commons-numbers-examples\examples-jmh\target\generated-sources\annotations\org\apache\commons\numbers\examples\jmh\arrays\jmh_generated\SelectionPerformance_searchableIntervalSplit_jmhTest.java,SelectionPerformance_searchableIntervalSplit_jmhTest.java,SelectionPerformance_searchableIntervalSplit_jmhTest,searchableIntervalSplit_Throughput,6,2,BenchmarkTaskResult,public,false,false,true,true
C:\Users\simon\Documents\Code\thesis-code\commons-numbers-master\commons-numbers-examples\examples-jmh\target\generated-sources\annotations\org\apache\commons\numbers\examples\jmh\arrays\jmh_generated\SelectionPerformance_searchableIntervalSplit_jmhTest.java,SelectionPerformance_searchableIntervalSplit_jmhTest.java,SelectionPerformance_searchableIntervalSplit_jmhTest,searchableIntervalSplit_thrpt_jmhStub,7,11,void,public; static,false,false,true,true
C:\Users\simon\Documents\Code\thesis-code\commons-numbers-master\commons-numbers-examples\examples-jmh\target\generated-sources\annotations\org\apache\commons\numbers\examples\jmh\arrays\jmh_generated\SelectionPerformance_searchableIntervalSplit_jmhTest.java,SelectionPerformance_searchableIntervalSplit_jmhTest.java,SelectionPerformance_searchableIntervalSplit_jmhTest,searchableIntervalSplit_AverageTime,6,2,BenchmarkTaskResult,public,false,false,true,true
C:\Users\simon\Documents\Code\thesis-code\commons-numbers-master\commons-numbers-examples\examples-jmh\target\generated-sources\annotations\org\apache\commons\numbers\examples\jmh\arrays\jmh_generated\SelectionPerformance_searchableIntervalSplit_jmhTest.java,SelectionPerformance_searchableIntervalSplit_jmhTest.java,SelectionPerformance_searchableIntervalSplit_jmhTest,searchableIntervalSplit_avgt_jmhStub,7,11,void,public; static,false,false,true,true
C:\Users\simon\Documents\Code\thesis-code\commons-numbers-master\commons-numbers-examples\examples-jmh\target\generated-sources\annotations\org\apache\commons\numbers\examples\jmh\arrays\jmh_generated\SelectionPerformance_searchableIntervalSplit_jmhTest.java,SelectionPerformance_searchableIntervalSplit_jmhTest.java,SelectionPerformance_searchableIntervalSplit_jmhTest,searchableIntervalSplit_SampleTime,6,2,BenchmarkTaskResult,public,false,false,true,true
C:\Users\simon\Documents\Code\thesis-code\commons-numbers-master\commons-numbers-examples\examples-jmh\target\generated-sources\annotations\org\apache\commons\numbers\examples\jmh\arrays\jmh_generated\SelectionPerformance_searchableIntervalSplit_jmhTest.java,SelectionPerformance_searchableIntervalSplit_jmhTest.java,SelectionPerformance_searchableIntervalSplit_jmhTest,searchableIntervalSplit_sample_jmhStub,10,15,void,public; static,false,false,true,true
C:\Users\simon\Documents\Code\thesis-code\commons-numbers-master\commons-numbers-examples\examples-jmh\target\generated-sources\annotations\org\apache\commons\numbers\examples\jmh\arrays\jmh_generated\SelectionPerformance_searchableIntervalSplit_jmhTest.java,SelectionPerformance_searchableIntervalSplit_jmhTest.java,SelectionPerformance_searchableIntervalSplit_jmhTest,searchableIntervalSplit_SingleShotTime,6,2,BenchmarkTaskResult,public,false,false,true,true
C:\Users\simon\Documents\Code\thesis-code\commons-numbers-master\commons-numbers-examples\examples-jmh\target\generated-sources\annotations\org\apache\commons\numbers\examples\jmh\arrays\jmh_generated\SelectionPerformance_searchableIntervalSplit_jmhTest.java,SelectionPerformance_searchableIntervalSplit_jmhTest.java,SelectionPerformance_searchableIntervalSplit_jmhTest,searchableIntervalSplit_ss_jmhStub,5,12,void,public; static,false,false,true,true
C:\Users\simon\Documents\Code\thesis-code\commons-numbers-master\commons-numbers-examples\examples-jmh\target\generated-sources\annotations\org\apache\commons\numbers\examples\jmh\arrays\jmh_generated\SelectionPerformance_searchableIntervalSplit_jmhTest.java,SelectionPerformance_searchableIntervalSplit_jmhTest.java,SelectionPerformance_searchableIntervalSplit_jmhTest,_jmh_tryInit_f_searchableintervalsource1_G,4,1,SelectionPerformance_SearchableIntervalSource_jmhType,,false,false,true,true
C:\Users\simon\Documents\Code\thesis-code\commons-numbers-master\commons-numbers-examples\examples-jmh\target\generated-sources\annotations\org\apache\commons\numbers\examples\jmh\arrays\jmh_generated\SelectionPerformance_searchableIntervalSplit_jmhTest.java,SelectionPerformance_searchableIntervalSplit_jmhTest.java,SelectionPerformance_searchableIntervalSplit_jmhTest,_jmh_tryInit_f_selectionperformance0_G,4,1,SelectionPerformance_jmhType,,false,false,true,true
C:\Users\simon\Documents\Code\thesis-code\commons-numbers-master\commons-numbers-examples\examples-jmh\target\generated-sources\annotations\org\apache\commons\numbers\examples\jmh\arrays\jmh_generated\SelectionPerformance_searchableIntervalSplit_jmhTest.java,SelectionPerformance_searchableIntervalSplit_jmhTest.java,SelectionPerformance_searchableIntervalSplit_jmhTest,_jmh_tryInit_f_splitindexsource2_G,4,1,SelectionPerformance_SplitIndexSource_jmhType,,false,false,true,true
C:\Users\simon\Documents\Code\thesis-code\commons-numbers-master\commons-numbers-examples\examples-jmh\target\generated-sources\annotations\org\apache\commons\numbers\examples\jmh\arrays\jmh_generated\SelectionPerformance_sort_jmhTest.java,SelectionPerformance_sort_jmhTest.java,SelectionPerformance_sort_jmhTest,sort_Throughput,6,2,BenchmarkTaskResult,public,false,false,true,true
C:\Users\simon\Documents\Code\thesis-code\commons-numbers-master\commons-numbers-examples\examples-jmh\target\generated-sources\annotations\org\apache\commons\numbers\examples\jmh\arrays\jmh_generated\SelectionPerformance_sort_jmhTest.java,SelectionPerformance_sort_jmhTest.java,SelectionPerformance_sort_jmhTest,sort_thrpt_jmhStub,7,11,void,public; static,false,false,true,true
C:\Users\simon\Documents\Code\thesis-code\commons-numbers-master\commons-numbers-examples\examples-jmh\target\generated-sources\annotations\org\apache\commons\numbers\examples\jmh\arrays\jmh_generated\SelectionPerformance_sort_jmhTest.java,SelectionPerformance_sort_jmhTest.java,SelectionPerformance_sort_jmhTest,sort_AverageTime,6,2,BenchmarkTaskResult,public,false,false,true,true
C:\Users\simon\Documents\Code\thesis-code\commons-numbers-master\commons-numbers-examples\examples-jmh\target\generated-sources\annotations\org\apache\commons\numbers\examples\jmh\arrays\jmh_generated\SelectionPerformance_sort_jmhTest.java,SelectionPerformance_sort_jmhTest.java,SelectionPerformance_sort_jmhTest,sort_avgt_jmhStub,7,11,void,public; static,false,false,true,true
C:\Users\simon\Documents\Code\thesis-code\commons-numbers-master\commons-numbers-examples\examples-jmh\target\generated-sources\annotations\org\apache\commons\numbers\examples\jmh\arrays\jmh_generated\SelectionPerformance_sort_jmhTest.java,SelectionPerformance_sort_jmhTest.java,SelectionPerformance_sort_jmhTest,sort_SampleTime,6,2,BenchmarkTaskResult,public,false,false,true,true
C:\Users\simon\Documents\Code\thesis-code\commons-numbers-master\commons-numbers-examples\examples-jmh\target\generated-sources\annotations\org\apache\commons\numbers\examples\jmh\arrays\jmh_generated\SelectionPerformance_sort_jmhTest.java,SelectionPerformance_sort_jmhTest.java,SelectionPerformance_sort_jmhTest,sort_sample_jmhStub,10,15,void,public; static,false,false,true,true
C:\Users\simon\Documents\Code\thesis-code\commons-numbers-master\commons-numbers-examples\examples-jmh\target\generated-sources\annotations\org\apache\commons\numbers\examples\jmh\arrays\jmh_generated\SelectionPerformance_sort_jmhTest.java,SelectionPerformance_sort_jmhTest.java,SelectionPerformance_sort_jmhTest,sort_SingleShotTime,6,2,BenchmarkTaskResult,public,false,false,true,true
C:\Users\simon\Documents\Code\thesis-code\commons-numbers-master\commons-numbers-examples\examples-jmh\target\generated-sources\annotations\org\apache\commons\numbers\examples\jmh\arrays\jmh_generated\SelectionPerformance_sort_jmhTest.java,SelectionPerformance_sort_jmhTest.java,SelectionPerformance_sort_jmhTest,sort_ss_jmhStub,5,12,void,public; static,false,false,true,true
C:\Users\simon\Documents\Code\thesis-code\commons-numbers-master\commons-numbers-examples\examples-jmh\target\generated-sources\annotations\org\apache\commons\numbers\examples\jmh\arrays\jmh_generated\SelectionPerformance_sort_jmhTest.java,SelectionPerformance_sort_jmhTest.java,SelectionPerformance_sort_jmhTest,_jmh_tryInit_f_selectionperformance0_G,4,1,SelectionPerformance_jmhType,,false,false,true,true
C:\Users\simon\Documents\Code\thesis-code\commons-numbers-master\commons-numbers-examples\examples-jmh\target\generated-sources\annotations\org\apache\commons\numbers\examples\jmh\arrays\jmh_generated\SelectionPerformance_sort_jmhTest.java,SelectionPerformance_sort_jmhTest.java,SelectionPerformance_sort_jmhTest,_jmh_tryInit_f_sortfunctionsource1_G,4,1,SelectionPerformance_SortFunctionSource_jmhType,,false,false,true,true
C:\Users\simon\Documents\Code\thesis-code\commons-numbers-master\commons-numbers-examples\examples-jmh\target\generated-sources\annotations\org\apache\commons\numbers\examples\jmh\arrays\jmh_generated\SelectionPerformance_sort_jmhTest.java,SelectionPerformance_sort_jmhTest.java,SelectionPerformance_sort_jmhTest,_jmh_tryInit_f_sortsource2_G,4,1,SelectionPerformance_SortSource_jmhType,,false,false,true,true
C:\Users\simon\Documents\Code\thesis-code\commons-numbers-master\commons-numbers-examples\examples-jmh\target\generated-sources\annotations\org\apache\commons\numbers\examples\jmh\arrays\jmh_generated\SelectionPerformance_threeMedian_jmhTest.java,SelectionPerformance_threeMedian_jmhTest.java,SelectionPerformance_threeMedian_jmhTest,threeMedian_Throughput,6,2,BenchmarkTaskResult,public,false,false,true,true
C:\Users\simon\Documents\Code\thesis-code\commons-numbers-master\commons-numbers-examples\examples-jmh\target\generated-sources\annotations\org\apache\commons\numbers\examples\jmh\arrays\jmh_generated\SelectionPerformance_threeMedian_jmhTest.java,SelectionPerformance_threeMedian_jmhTest.java,SelectionPerformance_threeMedian_jmhTest,threeMedian_thrpt_jmhStub,7,11,void,public; static,false,false,true,true
C:\Users\simon\Documents\Code\thesis-code\commons-numbers-master\commons-numbers-examples\examples-jmh\target\generated-sources\annotations\org\apache\commons\numbers\examples\jmh\arrays\jmh_generated\SelectionPerformance_threeMedian_jmhTest.java,SelectionPerformance_threeMedian_jmhTest.java,SelectionPerformance_threeMedian_jmhTest,threeMedian_AverageTime,6,2,BenchmarkTaskResult,public,false,false,true,true
C:\Users\simon\Documents\Code\thesis-code\commons-numbers-master\commons-numbers-examples\examples-jmh\target\generated-sources\annotations\org\apache\commons\numbers\examples\jmh\arrays\jmh_generated\SelectionPerformance_threeMedian_jmhTest.java,SelectionPerformance_threeMedian_jmhTest.java,SelectionPerformance_threeMedian_jmhTest,threeMedian_avgt_jmhStub,7,11,void,public; static,false,false,true,true
C:\Users\simon\Documents\Code\thesis-code\commons-numbers-master\commons-numbers-examples\examples-jmh\target\generated-sources\annotations\org\apache\commons\numbers\examples\jmh\arrays\jmh_generated\SelectionPerformance_threeMedian_jmhTest.java,SelectionPerformance_threeMedian_jmhTest.java,SelectionPerformance_threeMedian_jmhTest,threeMedian_SampleTime,6,2,BenchmarkTaskResult,public,false,false,true,true
C:\Users\simon\Documents\Code\thesis-code\commons-numbers-master\commons-numbers-examples\examples-jmh\target\generated-sources\annotations\org\apache\commons\numbers\examples\jmh\arrays\jmh_generated\SelectionPerformance_threeMedian_jmhTest.java,SelectionPerformance_threeMedian_jmhTest.java,SelectionPerformance_threeMedian_jmhTest,threeMedian_sample_jmhStub,10,15,void,public; static,false,false,true,true
C:\Users\simon\Documents\Code\thesis-code\commons-numbers-master\commons-numbers-examples\examples-jmh\target\generated-sources\annotations\org\apache\commons\numbers\examples\jmh\arrays\jmh_generated\SelectionPerformance_threeMedian_jmhTest.java,SelectionPerformance_threeMedian_jmhTest.java,SelectionPerformance_threeMedian_jmhTest,threeMedian_SingleShotTime,6,2,BenchmarkTaskResult,public,false,false,true,true
C:\Users\simon\Documents\Code\thesis-code\commons-numbers-master\commons-numbers-examples\examples-jmh\target\generated-sources\annotations\org\apache\commons\numbers\examples\jmh\arrays\jmh_generated\SelectionPerformance_threeMedian_jmhTest.java,SelectionPerformance_threeMedian_jmhTest.java,SelectionPerformance_threeMedian_jmhTest,threeMedian_ss_jmhStub,5,12,void,public; static,false,false,true,true
C:\Users\simon\Documents\Code\thesis-code\commons-numbers-master\commons-numbers-examples\examples-jmh\target\generated-sources\annotations\org\apache\commons\numbers\examples\jmh\arrays\jmh_generated\SelectionPerformance_threeMedian_jmhTest.java,SelectionPerformance_threeMedian_jmhTest.java,SelectionPerformance_threeMedian_jmhTest,_jmh_tryInit_f_median3functionsource1_G,4,1,SelectionPerformance_Median3FunctionSource_jmhType,,false,false,true,true
C:\Users\simon\Documents\Code\thesis-code\commons-numbers-master\commons-numbers-examples\examples-jmh\target\generated-sources\annotations\org\apache\commons\numbers\examples\jmh\arrays\jmh_generated\SelectionPerformance_threeMedian_jmhTest.java,SelectionPerformance_threeMedian_jmhTest.java,SelectionPerformance_threeMedian_jmhTest,_jmh_tryInit_f_selectionperformance0_G,4,1,SelectionPerformance_jmhType,,false,false,true,true
C:\Users\simon\Documents\Code\thesis-code\commons-numbers-master\commons-numbers-examples\examples-jmh\target\generated-sources\annotations\org\apache\commons\numbers\examples\jmh\arrays\jmh_generated\SelectionPerformance_threeMedian_jmhTest.java,SelectionPerformance_threeMedian_jmhTest.java,SelectionPerformance_threeMedian_jmhTest,_jmh_tryInit_f_sortsource2_G,4,1,SelectionPerformance_SortSource_jmhType,,false,false,true,true
C:\Users\simon\Documents\Code\thesis-code\commons-numbers-master\commons-numbers-examples\examples-jmh\target\generated-sources\annotations\org\apache\commons\numbers\examples\jmh\arrays\jmh_generated\SelectionPerformance_updatingIntervalSplit_jmhTest.java,SelectionPerformance_updatingIntervalSplit_jmhTest.java,SelectionPerformance_updatingIntervalSplit_jmhTest,updatingIntervalSplit_Throughput,6,2,BenchmarkTaskResult,public,false,false,true,true
C:\Users\simon\Documents\Code\thesis-code\commons-numbers-master\commons-numbers-examples\examples-jmh\target\generated-sources\annotations\org\apache\commons\numbers\examples\jmh\arrays\jmh_generated\SelectionPerformance_updatingIntervalSplit_jmhTest.java,SelectionPerformance_updatingIntervalSplit_jmhTest.java,SelectionPerformance_updatingIntervalSplit_jmhTest,updatingIntervalSplit_thrpt_jmhStub,7,11,void,public; static,false,false,true,true
C:\Users\simon\Documents\Code\thesis-code\commons-numbers-master\commons-numbers-examples\examples-jmh\target\generated-sources\annotations\org\apache\commons\numbers\examples\jmh\arrays\jmh_generated\SelectionPerformance_updatingIntervalSplit_jmhTest.java,SelectionPerformance_updatingIntervalSplit_jmhTest.java,SelectionPerformance_updatingIntervalSplit_jmhTest,updatingIntervalSplit_AverageTime,6,2,BenchmarkTaskResult,public,false,false,true,true
C:\Users\simon\Documents\Code\thesis-code\commons-numbers-master\commons-numbers-examples\examples-jmh\target\generated-sources\annotations\org\apache\commons\numbers\examples\jmh\arrays\jmh_generated\SelectionPerformance_updatingIntervalSplit_jmhTest.java,SelectionPerformance_updatingIntervalSplit_jmhTest.java,SelectionPerformance_updatingIntervalSplit_jmhTest,updatingIntervalSplit_avgt_jmhStub,7,11,void,public; static,false,false,true,true
C:\Users\simon\Documents\Code\thesis-code\commons-numbers-master\commons-numbers-examples\examples-jmh\target\generated-sources\annotations\org\apache\commons\numbers\examples\jmh\arrays\jmh_generated\SelectionPerformance_updatingIntervalSplit_jmhTest.java,SelectionPerformance_updatingIntervalSplit_jmhTest.java,SelectionPerformance_updatingIntervalSplit_jmhTest,updatingIntervalSplit_SampleTime,6,2,BenchmarkTaskResult,public,false,false,true,true
C:\Users\simon\Documents\Code\thesis-code\commons-numbers-master\commons-numbers-examples\examples-jmh\target\generated-sources\annotations\org\apache\commons\numbers\examples\jmh\arrays\jmh_generated\SelectionPerformance_updatingIntervalSplit_jmhTest.java,SelectionPerformance_updatingIntervalSplit_jmhTest.java,SelectionPerformance_updatingIntervalSplit_jmhTest,updatingIntervalSplit_sample_jmhStub,10,15,void,public; static,false,false,true,true
C:\Users\simon\Documents\Code\thesis-code\commons-numbers-master\commons-numbers-examples\examples-jmh\target\generated-sources\annotations\org\apache\commons\numbers\examples\jmh\arrays\jmh_generated\SelectionPerformance_updatingIntervalSplit_jmhTest.java,SelectionPerformance_updatingIntervalSplit_jmhTest.java,SelectionPerformance_updatingIntervalSplit_jmhTest,updatingIntervalSplit_SingleShotTime,6,2,BenchmarkTaskResult,public,false,false,true,true
C:\Users\simon\Documents\Code\thesis-code\commons-numbers-master\commons-numbers-examples\examples-jmh\target\generated-sources\annotations\org\apache\commons\numbers\examples\jmh\arrays\jmh_generated\SelectionPerformance_updatingIntervalSplit_jmhTest.java,SelectionPerformance_updatingIntervalSplit_jmhTest.java,SelectionPerformance_updatingIntervalSplit_jmhTest,updatingIntervalSplit_ss_jmhStub,5,12,void,public; static,false,false,true,true
C:\Users\simon\Documents\Code\thesis-code\commons-numbers-master\commons-numbers-examples\examples-jmh\target\generated-sources\annotations\org\apache\commons\numbers\examples\jmh\arrays\jmh_generated\SelectionPerformance_updatingIntervalSplit_jmhTest.java,SelectionPerformance_updatingIntervalSplit_jmhTest.java,SelectionPerformance_updatingIntervalSplit_jmhTest,_jmh_tryInit_f_indexsource2_G,4,1,SelectionPerformance_IndexSource_jmhType,,false,false,true,true
C:\Users\simon\Documents\Code\thesis-code\commons-numbers-master\commons-numbers-examples\examples-jmh\target\generated-sources\annotations\org\apache\commons\numbers\examples\jmh\arrays\jmh_generated\SelectionPerformance_updatingIntervalSplit_jmhTest.java,SelectionPerformance_updatingIntervalSplit_jmhTest.java,SelectionPerformance_updatingIntervalSplit_jmhTest,_jmh_tryInit_f_selectionperformance0_G,4,1,SelectionPerformance_jmhType,,false,false,true,true
C:\Users\simon\Documents\Code\thesis-code\commons-numbers-master\commons-numbers-examples\examples-jmh\target\generated-sources\annotations\org\apache\commons\numbers\examples\jmh\arrays\jmh_generated\SelectionPerformance_updatingIntervalSplit_jmhTest.java,SelectionPerformance_updatingIntervalSplit_jmhTest.java,SelectionPerformance_updatingIntervalSplit_jmhTest,_jmh_tryInit_f_updatingintervalsource1_G,4,1,SelectionPerformance_UpdatingIntervalSource_jmhType,,false,false,true,true
C:\Users\simon\Documents\Code\thesis-code\commons-numbers-master\commons-numbers-examples\examples-jmh\target\generated-sources\annotations\org\apache\commons\numbers\examples\jmh\complex\jmh_generated\ComplexPerformance_absMathHypot_jmhTest.java,ComplexPerformance_absMathHypot_jmhTest.java,ComplexPerformance_absMathHypot_jmhTest,absMathHypot_Throughput,6,2,BenchmarkTaskResult,public,false,false,true,true
C:\Users\simon\Documents\Code\thesis-code\commons-numbers-master\commons-numbers-examples\examples-jmh\target\generated-sources\annotations\org\apache\commons\numbers\examples\jmh\complex\jmh_generated\ComplexPerformance_absMathHypot_jmhTest.java,ComplexPerformance_absMathHypot_jmhTest.java,ComplexPerformance_absMathHypot_jmhTest,absMathHypot_thrpt_jmhStub,7,10,void,public; static,false,false,true,true
C:\Users\simon\Documents\Code\thesis-code\commons-numbers-master\commons-numbers-examples\examples-jmh\target\generated-sources\annotations\org\apache\commons\numbers\examples\jmh\complex\jmh_generated\ComplexPerformance_absMathHypot_jmhTest.java,ComplexPerformance_absMathHypot_jmhTest.java,ComplexPerformance_absMathHypot_jmhTest,absMathHypot_AverageTime,6,2,BenchmarkTaskResult,public,false,false,true,true
C:\Users\simon\Documents\Code\thesis-code\commons-numbers-master\commons-numbers-examples\examples-jmh\target\generated-sources\annotations\org\apache\commons\numbers\examples\jmh\complex\jmh_generated\ComplexPerformance_absMathHypot_jmhTest.java,ComplexPerformance_absMathHypot_jmhTest.java,ComplexPerformance_absMathHypot_jmhTest,absMathHypot_avgt_jmhStub,7,10,void,public; static,false,false,true,true
C:\Users\simon\Documents\Code\thesis-code\commons-numbers-master\commons-numbers-examples\examples-jmh\target\generated-sources\annotations\org\apache\commons\numbers\examples\jmh\complex\jmh_generated\ComplexPerformance_absMathHypot_jmhTest.java,ComplexPerformance_absMathHypot_jmhTest.java,ComplexPerformance_absMathHypot_jmhTest,absMathHypot_SampleTime,6,2,BenchmarkTaskResult,public,false,false,true,true
C:\Users\simon\Documents\Code\thesis-code\commons-numbers-master\commons-numbers-examples\examples-jmh\target\generated-sources\annotations\org\apache\commons\numbers\examples\jmh\complex\jmh_generated\ComplexPerformance_absMathHypot_jmhTest.java,ComplexPerformance_absMathHypot_jmhTest.java,ComplexPerformance_absMathHypot_jmhTest,absMathHypot_sample_jmhStub,10,14,void,public; static,false,false,true,true
C:\Users\simon\Documents\Code\thesis-code\commons-numbers-master\commons-numbers-examples\examples-jmh\target\generated-sources\annotations\org\apache\commons\numbers\examples\jmh\complex\jmh_generated\ComplexPerformance_absMathHypot_jmhTest.java,ComplexPerformance_absMathHypot_jmhTest.java,ComplexPerformance_absMathHypot_jmhTest,absMathHypot_SingleShotTime,6,2,BenchmarkTaskResult,public,false,false,true,true
C:\Users\simon\Documents\Code\thesis-code\commons-numbers-master\commons-numbers-examples\examples-jmh\target\generated-sources\annotations\org\apache\commons\numbers\examples\jmh\complex\jmh_generated\ComplexPerformance_absMathHypot_jmhTest.java,ComplexPerformance_absMathHypot_jmhTest.java,ComplexPerformance_absMathHypot_jmhTest,absMathHypot_ss_jmhStub,5,11,void,public; static,false,false,true,true
C:\Users\simon\Documents\Code\thesis-code\commons-numbers-master\commons-numbers-examples\examples-jmh\target\generated-sources\annotations\org\apache\commons\numbers\examples\jmh\complex\jmh_generated\ComplexPerformance_absMathHypot_jmhTest.java,ComplexPerformance_absMathHypot_jmhTest.java,ComplexPerformance_absMathHypot_jmhTest,_jmh_tryInit_f_complexnumbers1_G,4,1,ComplexPerformance_ComplexNumbers_jmhType,,false,false,true,true
C:\Users\simon\Documents\Code\thesis-code\commons-numbers-master\commons-numbers-examples\examples-jmh\target\generated-sources\annotations\org\apache\commons\numbers\examples\jmh\complex\jmh_generated\ComplexPerformance_absMathHypot_jmhTest.java,ComplexPerformance_absMathHypot_jmhTest.java,ComplexPerformance_absMathHypot_jmhTest,_jmh_tryInit_f_complexperformance0_G,4,1,ComplexPerformance_jmhType,,false,false,true,true
C:\Users\simon\Documents\Code\thesis-code\commons-numbers-master\commons-numbers-examples\examples-jmh\target\generated-sources\annotations\org\apache\commons\numbers\examples\jmh\complex\jmh_generated\ComplexPerformance_abs_jmhTest.java,ComplexPerformance_abs_jmhTest.java,ComplexPerformance_abs_jmhTest,abs_Throughput,6,2,BenchmarkTaskResult,public,false,false,true,true
C:\Users\simon\Documents\Code\thesis-code\commons-numbers-master\commons-numbers-examples\examples-jmh\target\generated-sources\annotations\org\apache\commons\numbers\examples\jmh\complex\jmh_generated\ComplexPerformance_abs_jmhTest.java,ComplexPerformance_abs_jmhTest.java,ComplexPerformance_abs_jmhTest,abs_thrpt_jmhStub,7,10,void,public; static,false,false,true,true
C:\Users\simon\Documents\Code\thesis-code\commons-numbers-master\commons-numbers-examples\examples-jmh\target\generated-sources\annotations\org\apache\commons\numbers\examples\jmh\complex\jmh_generated\ComplexPerformance_abs_jmhTest.java,ComplexPerformance_abs_jmhTest.java,ComplexPerformance_abs_jmhTest,abs_AverageTime,6,2,BenchmarkTaskResult,public,false,false,true,true
C:\Users\simon\Documents\Code\thesis-code\commons-numbers-master\commons-numbers-examples\examples-jmh\target\generated-sources\annotations\org\apache\commons\numbers\examples\jmh\complex\jmh_generated\ComplexPerformance_abs_jmhTest.java,ComplexPerformance_abs_jmhTest.java,ComplexPerformance_abs_jmhTest,abs_avgt_jmhStub,7,10,void,public; static,false,false,true,true
C:\Users\simon\Documents\Code\thesis-code\commons-numbers-master\commons-numbers-examples\examples-jmh\target\generated-sources\annotations\org\apache\commons\numbers\examples\jmh\complex\jmh_generated\ComplexPerformance_abs_jmhTest.java,ComplexPerformance_abs_jmhTest.java,ComplexPerformance_abs_jmhTest,abs_SampleTime,6,2,BenchmarkTaskResult,public,false,false,true,true
C:\Users\simon\Documents\Code\thesis-code\commons-numbers-master\commons-numbers-examples\examples-jmh\target\generated-sources\annotations\org\apache\commons\numbers\examples\jmh\complex\jmh_generated\ComplexPerformance_abs_jmhTest.java,ComplexPerformance_abs_jmhTest.java,ComplexPerformance_abs_jmhTest,abs_sample_jmhStub,10,14,void,public; static,false,false,true,true
C:\Users\simon\Documents\Code\thesis-code\commons-numbers-master\commons-numbers-examples\examples-jmh\target\generated-sources\annotations\org\apache\commons\numbers\examples\jmh\complex\jmh_generated\ComplexPerformance_abs_jmhTest.java,ComplexPerformance_abs_jmhTest.java,ComplexPerformance_abs_jmhTest,abs_SingleShotTime,6,2,BenchmarkTaskResult,public,false,false,true,true
C:\Users\simon\Documents\Code\thesis-code\commons-numbers-master\commons-numbers-examples\examples-jmh\target\generated-sources\annotations\org\apache\commons\numbers\examples\jmh\complex\jmh_generated\ComplexPerformance_abs_jmhTest.java,ComplexPerformance_abs_jmhTest.java,ComplexPerformance_abs_jmhTest,abs_ss_jmhStub,5,11,void,public; static,false,false,true,true
C:\Users\simon\Documents\Code\thesis-code\commons-numbers-master\commons-numbers-examples\examples-jmh\target\generated-sources\annotations\org\apache\commons\numbers\examples\jmh\complex\jmh_generated\ComplexPerformance_abs_jmhTest.java,ComplexPerformance_abs_jmhTest.java,ComplexPerformance_abs_jmhTest,_jmh_tryInit_f_complexnumbers1_G,4,1,ComplexPerformance_ComplexNumbers_jmhType,,false,false,true,true
C:\Users\simon\Documents\Code\thesis-code\commons-numbers-master\commons-numbers-examples\examples-jmh\target\generated-sources\annotations\org\apache\commons\numbers\examples\jmh\complex\jmh_generated\ComplexPerformance_abs_jmhTest.java,ComplexPerformance_abs_jmhTest.java,ComplexPerformance_abs_jmhTest,_jmh_tryInit_f_complexperformance0_G,4,1,ComplexPerformance_jmhType,,false,false,true,true
C:\Users\simon\Documents\Code\thesis-code\commons-numbers-master\commons-numbers-examples\examples-jmh\target\generated-sources\annotations\org\apache\commons\numbers\examples\jmh\complex\jmh_generated\ComplexPerformance_acosh_jmhTest.java,ComplexPerformance_acosh_jmhTest.java,ComplexPerformance_acosh_jmhTest,acosh_Throughput,6,2,BenchmarkTaskResult,public,false,false,true,true
C:\Users\simon\Documents\Code\thesis-code\commons-numbers-master\commons-numbers-examples\examples-jmh\target\generated-sources\annotations\org\apache\commons\numbers\examples\jmh\complex\jmh_generated\ComplexPerformance_acosh_jmhTest.java,ComplexPerformance_acosh_jmhTest.java,ComplexPerformance_acosh_jmhTest,acosh_thrpt_jmhStub,7,10,void,public; static,false,false,true,true
C:\Users\simon\Documents\Code\thesis-code\commons-numbers-master\commons-numbers-examples\examples-jmh\target\generated-sources\annotations\org\apache\commons\numbers\examples\jmh\complex\jmh_generated\ComplexPerformance_acosh_jmhTest.java,ComplexPerformance_acosh_jmhTest.java,ComplexPerformance_acosh_jmhTest,acosh_AverageTime,6,2,BenchmarkTaskResult,public,false,false,true,true
C:\Users\simon\Documents\Code\thesis-code\commons-numbers-master\commons-numbers-examples\examples-jmh\target\generated-sources\annotations\org\apache\commons\numbers\examples\jmh\complex\jmh_generated\ComplexPerformance_acosh_jmhTest.java,ComplexPerformance_acosh_jmhTest.java,ComplexPerformance_acosh_jmhTest,acosh_avgt_jmhStub,7,10,void,public; static,false,false,true,true
C:\Users\simon\Documents\Code\thesis-code\commons-numbers-master\commons-numbers-examples\examples-jmh\target\generated-sources\annotations\org\apache\commons\numbers\examples\jmh\complex\jmh_generated\ComplexPerformance_acosh_jmhTest.java,ComplexPerformance_acosh_jmhTest.java,ComplexPerformance_acosh_jmhTest,acosh_SampleTime,6,2,BenchmarkTaskResult,public,false,false,true,true
C:\Users\simon\Documents\Code\thesis-code\commons-numbers-master\commons-numbers-examples\examples-jmh\target\generated-sources\annotations\org\apache\commons\numbers\examples\jmh\complex\jmh_generated\ComplexPerformance_acosh_jmhTest.java,ComplexPerformance_acosh_jmhTest.java,ComplexPerformance_acosh_jmhTest,acosh_sample_jmhStub,10,14,void,public; static,false,false,true,true
C:\Users\simon\Documents\Code\thesis-code\commons-numbers-master\commons-numbers-examples\examples-jmh\target\generated-sources\annotations\org\apache\commons\numbers\examples\jmh\complex\jmh_generated\ComplexPerformance_acosh_jmhTest.java,ComplexPerformance_acosh_jmhTest.java,ComplexPerformance_acosh_jmhTest,acosh_SingleShotTime,6,2,BenchmarkTaskResult,public,false,false,true,true
C:\Users\simon\Documents\Code\thesis-code\commons-numbers-master\commons-numbers-examples\examples-jmh\target\generated-sources\annotations\org\apache\commons\numbers\examples\jmh\complex\jmh_generated\ComplexPerformance_acosh_jmhTest.java,ComplexPerformance_acosh_jmhTest.java,ComplexPerformance_acosh_jmhTest,acosh_ss_jmhStub,5,11,void,public; static,false,false,true,true
C:\Users\simon\Documents\Code\thesis-code\commons-numbers-master\commons-numbers-examples\examples-jmh\target\generated-sources\annotations\org\apache\commons\numbers\examples\jmh\complex\jmh_generated\ComplexPerformance_acosh_jmhTest.java,ComplexPerformance_acosh_jmhTest.java,ComplexPerformance_acosh_jmhTest,_jmh_tryInit_f_complexnumbers1_G,4,1,ComplexPerformance_ComplexNumbers_jmhType,,false,false,true,true
C:\Users\simon\Documents\Code\thesis-code\commons-numbers-master\commons-numbers-examples\examples-jmh\target\generated-sources\annotations\org\apache\commons\numbers\examples\jmh\complex\jmh_generated\ComplexPerformance_acosh_jmhTest.java,ComplexPerformance_acosh_jmhTest.java,ComplexPerformance_acosh_jmhTest,_jmh_tryInit_f_complexperformance0_G,4,1,ComplexPerformance_jmhType,,false,false,true,true
C:\Users\simon\Documents\Code\thesis-code\commons-numbers-master\commons-numbers-examples\examples-jmh\target\generated-sources\annotations\org\apache\commons\numbers\examples\jmh\complex\jmh_generated\ComplexPerformance_acos_jmhTest.java,ComplexPerformance_acos_jmhTest.java,ComplexPerformance_acos_jmhTest,acos_Throughput,6,2,BenchmarkTaskResult,public,false,false,true,true
C:\Users\simon\Documents\Code\thesis-code\commons-numbers-master\commons-numbers-examples\examples-jmh\target\generated-sources\annotations\org\apache\commons\numbers\examples\jmh\complex\jmh_generated\ComplexPerformance_acos_jmhTest.java,ComplexPerformance_acos_jmhTest.java,ComplexPerformance_acos_jmhTest,acos_thrpt_jmhStub,7,10,void,public; static,false,false,true,true
C:\Users\simon\Documents\Code\thesis-code\commons-numbers-master\commons-numbers-examples\examples-jmh\target\generated-sources\annotations\org\apache\commons\numbers\examples\jmh\complex\jmh_generated\ComplexPerformance_acos_jmhTest.java,ComplexPerformance_acos_jmhTest.java,ComplexPerformance_acos_jmhTest,acos_AverageTime,6,2,BenchmarkTaskResult,public,false,false,true,true
C:\Users\simon\Documents\Code\thesis-code\commons-numbers-master\commons-numbers-examples\examples-jmh\target\generated-sources\annotations\org\apache\commons\numbers\examples\jmh\complex\jmh_generated\ComplexPerformance_acos_jmhTest.java,ComplexPerformance_acos_jmhTest.java,ComplexPerformance_acos_jmhTest,acos_avgt_jmhStub,7,10,void,public; static,false,false,true,true
C:\Users\simon\Documents\Code\thesis-code\commons-numbers-master\commons-numbers-examples\examples-jmh\target\generated-sources\annotations\org\apache\commons\numbers\examples\jmh\complex\jmh_generated\ComplexPerformance_acos_jmhTest.java,ComplexPerformance_acos_jmhTest.java,ComplexPerformance_acos_jmhTest,acos_SampleTime,6,2,BenchmarkTaskResult,public,false,false,true,true
C:\Users\simon\Documents\Code\thesis-code\commons-numbers-master\commons-numbers-examples\examples-jmh\target\generated-sources\annotations\org\apache\commons\numbers\examples\jmh\complex\jmh_generated\ComplexPerformance_acos_jmhTest.java,ComplexPerformance_acos_jmhTest.java,ComplexPerformance_acos_jmhTest,acos_sample_jmhStub,10,14,void,public; static,false,false,true,true
C:\Users\simon\Documents\Code\thesis-code\commons-numbers-master\commons-numbers-examples\examples-jmh\target\generated-sources\annotations\org\apache\commons\numbers\examples\jmh\complex\jmh_generated\ComplexPerformance_acos_jmhTest.java,ComplexPerformance_acos_jmhTest.java,ComplexPerformance_acos_jmhTest,acos_SingleShotTime,6,2,BenchmarkTaskResult,public,false,false,true,true
C:\Users\simon\Documents\Code\thesis-code\commons-numbers-master\commons-numbers-examples\examples-jmh\target\generated-sources\annotations\org\apache\commons\numbers\examples\jmh\complex\jmh_generated\ComplexPerformance_acos_jmhTest.java,ComplexPerformance_acos_jmhTest.java,ComplexPerformance_acos_jmhTest,acos_ss_jmhStub,5,11,void,public; static,false,false,true,true
C:\Users\simon\Documents\Code\thesis-code\commons-numbers-master\commons-numbers-examples\examples-jmh\target\generated-sources\annotations\org\apache\commons\numbers\examples\jmh\complex\jmh_generated\ComplexPerformance_acos_jmhTest.java,ComplexPerformance_acos_jmhTest.java,ComplexPerformance_acos_jmhTest,_jmh_tryInit_f_complexnumbers1_G,4,1,ComplexPerformance_ComplexNumbers_jmhType,,false,false,true,true
C:\Users\simon\Documents\Code\thesis-code\commons-numbers-master\commons-numbers-examples\examples-jmh\target\generated-sources\annotations\org\apache\commons\numbers\examples\jmh\complex\jmh_generated\ComplexPerformance_acos_jmhTest.java,ComplexPerformance_acos_jmhTest.java,ComplexPerformance_acos_jmhTest,_jmh_tryInit_f_complexperformance0_G,4,1,ComplexPerformance_jmhType,,false,false,true,true
C:\Users\simon\Documents\Code\thesis-code\commons-numbers-master\commons-numbers-examples\examples-jmh\target\generated-sources\annotations\org\apache\commons\numbers\examples\jmh\complex\jmh_generated\ComplexPerformance_addReal_jmhTest.java,ComplexPerformance_addReal_jmhTest.java,ComplexPerformance_addReal_jmhTest,addReal_Throughput,6,2,BenchmarkTaskResult,public,false,false,true,true
C:\Users\simon\Documents\Code\thesis-code\commons-numbers-master\commons-numbers-examples\examples-jmh\target\generated-sources\annotations\org\apache\commons\numbers\examples\jmh\complex\jmh_generated\ComplexPerformance_addReal_jmhTest.java,ComplexPerformance_addReal_jmhTest.java,ComplexPerformance_addReal_jmhTest,addReal_thrpt_jmhStub,7,10,void,public; static,false,false,true,true
C:\Users\simon\Documents\Code\thesis-code\commons-numbers-master\commons-numbers-examples\examples-jmh\target\generated-sources\annotations\org\apache\commons\numbers\examples\jmh\complex\jmh_generated\ComplexPerformance_addReal_jmhTest.java,ComplexPerformance_addReal_jmhTest.java,ComplexPerformance_addReal_jmhTest,addReal_AverageTime,6,2,BenchmarkTaskResult,public,false,false,true,true
C:\Users\simon\Documents\Code\thesis-code\commons-numbers-master\commons-numbers-examples\examples-jmh\target\generated-sources\annotations\org\apache\commons\numbers\examples\jmh\complex\jmh_generated\ComplexPerformance_addReal_jmhTest.java,ComplexPerformance_addReal_jmhTest.java,ComplexPerformance_addReal_jmhTest,addReal_avgt_jmhStub,7,10,void,public; static,false,false,true,true
C:\Users\simon\Documents\Code\thesis-code\commons-numbers-master\commons-numbers-examples\examples-jmh\target\generated-sources\annotations\org\apache\commons\numbers\examples\jmh\complex\jmh_generated\ComplexPerformance_addReal_jmhTest.java,ComplexPerformance_addReal_jmhTest.java,ComplexPerformance_addReal_jmhTest,addReal_SampleTime,6,2,BenchmarkTaskResult,public,false,false,true,true
C:\Users\simon\Documents\Code\thesis-code\commons-numbers-master\commons-numbers-examples\examples-jmh\target\generated-sources\annotations\org\apache\commons\numbers\examples\jmh\complex\jmh_generated\ComplexPerformance_addReal_jmhTest.java,ComplexPerformance_addReal_jmhTest.java,ComplexPerformance_addReal_jmhTest,addReal_sample_jmhStub,10,14,void,public; static,false,false,true,true
C:\Users\simon\Documents\Code\thesis-code\commons-numbers-master\commons-numbers-examples\examples-jmh\target\generated-sources\annotations\org\apache\commons\numbers\examples\jmh\complex\jmh_generated\ComplexPerformance_addReal_jmhTest.java,ComplexPerformance_addReal_jmhTest.java,ComplexPerformance_addReal_jmhTest,addReal_SingleShotTime,6,2,BenchmarkTaskResult,public,false,false,true,true
C:\Users\simon\Documents\Code\thesis-code\commons-numbers-master\commons-numbers-examples\examples-jmh\target\generated-sources\annotations\org\apache\commons\numbers\examples\jmh\complex\jmh_generated\ComplexPerformance_addReal_jmhTest.java,ComplexPerformance_addReal_jmhTest.java,ComplexPerformance_addReal_jmhTest,addReal_ss_jmhStub,5,11,void,public; static,false,false,true,true
C:\Users\simon\Documents\Code\thesis-code\commons-numbers-master\commons-numbers-examples\examples-jmh\target\generated-sources\annotations\org\apache\commons\numbers\examples\jmh\complex\jmh_generated\ComplexPerformance_addReal_jmhTest.java,ComplexPerformance_addReal_jmhTest.java,ComplexPerformance_addReal_jmhTest,_jmh_tryInit_f_complexandrealnumbers1_G,4,1,ComplexPerformance_ComplexAndRealNumbers_jmhType,,false,false,true,true
C:\Users\simon\Documents\Code\thesis-code\commons-numbers-master\commons-numbers-examples\examples-jmh\target\generated-sources\annotations\org\apache\commons\numbers\examples\jmh\complex\jmh_generated\ComplexPerformance_addReal_jmhTest.java,ComplexPerformance_addReal_jmhTest.java,ComplexPerformance_addReal_jmhTest,_jmh_tryInit_f_complexperformance0_G,4,1,ComplexPerformance_jmhType,,false,false,true,true
C:\Users\simon\Documents\Code\thesis-code\commons-numbers-master\commons-numbers-examples\examples-jmh\target\generated-sources\annotations\org\apache\commons\numbers\examples\jmh\complex\jmh_generated\ComplexPerformance_add_jmhTest.java,ComplexPerformance_add_jmhTest.java,ComplexPerformance_add_jmhTest,add_Throughput,6,2,BenchmarkTaskResult,public,false,false,true,true
C:\Users\simon\Documents\Code\thesis-code\commons-numbers-master\commons-numbers-examples\examples-jmh\target\generated-sources\annotations\org\apache\commons\numbers\examples\jmh\complex\jmh_generated\ComplexPerformance_add_jmhTest.java,ComplexPerformance_add_jmhTest.java,ComplexPerformance_add_jmhTest,add_thrpt_jmhStub,7,10,void,public; static,false,false,true,true
C:\Users\simon\Documents\Code\thesis-code\commons-numbers-master\commons-numbers-examples\examples-jmh\target\generated-sources\annotations\org\apache\commons\numbers\examples\jmh\complex\jmh_generated\ComplexPerformance_add_jmhTest.java,ComplexPerformance_add_jmhTest.java,ComplexPerformance_add_jmhTest,add_AverageTime,6,2,BenchmarkTaskResult,public,false,false,true,true
C:\Users\simon\Documents\Code\thesis-code\commons-numbers-master\commons-numbers-examples\examples-jmh\target\generated-sources\annotations\org\apache\commons\numbers\examples\jmh\complex\jmh_generated\ComplexPerformance_add_jmhTest.java,ComplexPerformance_add_jmhTest.java,ComplexPerformance_add_jmhTest,add_avgt_jmhStub,7,10,void,public; static,false,false,true,true
C:\Users\simon\Documents\Code\thesis-code\commons-numbers-master\commons-numbers-examples\examples-jmh\target\generated-sources\annotations\org\apache\commons\numbers\examples\jmh\complex\jmh_generated\ComplexPerformance_add_jmhTest.java,ComplexPerformance_add_jmhTest.java,ComplexPerformance_add_jmhTest,add_SampleTime,6,2,BenchmarkTaskResult,public,false,false,true,true
C:\Users\simon\Documents\Code\thesis-code\commons-numbers-master\commons-numbers-examples\examples-jmh\target\generated-sources\annotations\org\apache\commons\numbers\examples\jmh\complex\jmh_generated\ComplexPerformance_add_jmhTest.java,ComplexPerformance_add_jmhTest.java,ComplexPerformance_add_jmhTest,add_sample_jmhStub,10,14,void,public; static,false,false,true,true
C:\Users\simon\Documents\Code\thesis-code\commons-numbers-master\commons-numbers-examples\examples-jmh\target\generated-sources\annotations\org\apache\commons\numbers\examples\jmh\complex\jmh_generated\ComplexPerformance_add_jmhTest.java,ComplexPerformance_add_jmhTest.java,ComplexPerformance_add_jmhTest,add_SingleShotTime,6,2,BenchmarkTaskResult,public,false,false,true,true
C:\Users\simon\Documents\Code\thesis-code\commons-numbers-master\commons-numbers-examples\examples-jmh\target\generated-sources\annotations\org\apache\commons\numbers\examples\jmh\complex\jmh_generated\ComplexPerformance_add_jmhTest.java,ComplexPerformance_add_jmhTest.java,ComplexPerformance_add_jmhTest,add_ss_jmhStub,5,11,void,public; static,false,false,true,true
C:\Users\simon\Documents\Code\thesis-code\commons-numbers-master\commons-numbers-examples\examples-jmh\target\generated-sources\annotations\org\apache\commons\numbers\examples\jmh\complex\jmh_generated\ComplexPerformance_add_jmhTest.java,ComplexPerformance_add_jmhTest.java,ComplexPerformance_add_jmhTest,_jmh_tryInit_f_complexperformance0_G,4,1,ComplexPerformance_jmhType,,false,false,true,true
C:\Users\simon\Documents\Code\thesis-code\commons-numbers-master\commons-numbers-examples\examples-jmh\target\generated-sources\annotations\org\apache\commons\numbers\examples\jmh\complex\jmh_generated\ComplexPerformance_add_jmhTest.java,ComplexPerformance_add_jmhTest.java,ComplexPerformance_add_jmhTest,_jmh_tryInit_f_twocomplexnumbers1_G,4,1,ComplexPerformance_TwoComplexNumbers_jmhType,,false,false,true,true
C:\Users\simon\Documents\Code\thesis-code\commons-numbers-master\commons-numbers-examples\examples-jmh\target\generated-sources\annotations\org\apache\commons\numbers\examples\jmh\complex\jmh_generated\ComplexPerformance_arg_jmhTest.java,ComplexPerformance_arg_jmhTest.java,ComplexPerformance_arg_jmhTest,arg_Throughput,6,2,BenchmarkTaskResult,public,false,false,true,true
C:\Users\simon\Documents\Code\thesis-code\commons-numbers-master\commons-numbers-examples\examples-jmh\target\generated-sources\annotations\org\apache\commons\numbers\examples\jmh\complex\jmh_generated\ComplexPerformance_arg_jmhTest.java,ComplexPerformance_arg_jmhTest.java,ComplexPerformance_arg_jmhTest,arg_thrpt_jmhStub,7,10,void,public; static,false,false,true,true
C:\Users\simon\Documents\Code\thesis-code\commons-numbers-master\commons-numbers-examples\examples-jmh\target\generated-sources\annotations\org\apache\commons\numbers\examples\jmh\complex\jmh_generated\ComplexPerformance_arg_jmhTest.java,ComplexPerformance_arg_jmhTest.java,ComplexPerformance_arg_jmhTest,arg_AverageTime,6,2,BenchmarkTaskResult,public,false,false,true,true
C:\Users\simon\Documents\Code\thesis-code\commons-numbers-master\commons-numbers-examples\examples-jmh\target\generated-sources\annotations\org\apache\commons\numbers\examples\jmh\complex\jmh_generated\ComplexPerformance_arg_jmhTest.java,ComplexPerformance_arg_jmhTest.java,ComplexPerformance_arg_jmhTest,arg_avgt_jmhStub,7,10,void,public; static,false,false,true,true
C:\Users\simon\Documents\Code\thesis-code\commons-numbers-master\commons-numbers-examples\examples-jmh\target\generated-sources\annotations\org\apache\commons\numbers\examples\jmh\complex\jmh_generated\ComplexPerformance_arg_jmhTest.java,ComplexPerformance_arg_jmhTest.java,ComplexPerformance_arg_jmhTest,arg_SampleTime,6,2,BenchmarkTaskResult,public,false,false,true,true
C:\Users\simon\Documents\Code\thesis-code\commons-numbers-master\commons-numbers-examples\examples-jmh\target\generated-sources\annotations\org\apache\commons\numbers\examples\jmh\complex\jmh_generated\ComplexPerformance_arg_jmhTest.java,ComplexPerformance_arg_jmhTest.java,ComplexPerformance_arg_jmhTest,arg_sample_jmhStub,10,14,void,public; static,false,false,true,true
C:\Users\simon\Documents\Code\thesis-code\commons-numbers-master\commons-numbers-examples\examples-jmh\target\generated-sources\annotations\org\apache\commons\numbers\examples\jmh\complex\jmh_generated\ComplexPerformance_arg_jmhTest.java,ComplexPerformance_arg_jmhTest.java,ComplexPerformance_arg_jmhTest,arg_SingleShotTime,6,2,BenchmarkTaskResult,public,false,false,true,true
C:\Users\simon\Documents\Code\thesis-code\commons-numbers-master\commons-numbers-examples\examples-jmh\target\generated-sources\annotations\org\apache\commons\numbers\examples\jmh\complex\jmh_generated\ComplexPerformance_arg_jmhTest.java,ComplexPerformance_arg_jmhTest.java,ComplexPerformance_arg_jmhTest,arg_ss_jmhStub,5,11,void,public; static,false,false,true,true
C:\Users\simon\Documents\Code\thesis-code\commons-numbers-master\commons-numbers-examples\examples-jmh\target\generated-sources\annotations\org\apache\commons\numbers\examples\jmh\complex\jmh_generated\ComplexPerformance_arg_jmhTest.java,ComplexPerformance_arg_jmhTest.java,ComplexPerformance_arg_jmhTest,_jmh_tryInit_f_complexnumbers1_G,4,1,ComplexPerformance_ComplexNumbers_jmhType,,false,false,true,true
C:\Users\simon\Documents\Code\thesis-code\commons-numbers-master\commons-numbers-examples\examples-jmh\target\generated-sources\annotations\org\apache\commons\numbers\examples\jmh\complex\jmh_generated\ComplexPerformance_arg_jmhTest.java,ComplexPerformance_arg_jmhTest.java,ComplexPerformance_arg_jmhTest,_jmh_tryInit_f_complexperformance0_G,4,1,ComplexPerformance_jmhType,,false,false,true,true
C:\Users\simon\Documents\Code\thesis-code\commons-numbers-master\commons-numbers-examples\examples-jmh\target\generated-sources\annotations\org\apache\commons\numbers\examples\jmh\complex\jmh_generated\ComplexPerformance_asinh_jmhTest.java,ComplexPerformance_asinh_jmhTest.java,ComplexPerformance_asinh_jmhTest,asinh_Throughput,6,2,BenchmarkTaskResult,public,false,false,true,true
C:\Users\simon\Documents\Code\thesis-code\commons-numbers-master\commons-numbers-examples\examples-jmh\target\generated-sources\annotations\org\apache\commons\numbers\examples\jmh\complex\jmh_generated\ComplexPerformance_asinh_jmhTest.java,ComplexPerformance_asinh_jmhTest.java,ComplexPerformance_asinh_jmhTest,asinh_thrpt_jmhStub,7,10,void,public; static,false,false,true,true
C:\Users\simon\Documents\Code\thesis-code\commons-numbers-master\commons-numbers-examples\examples-jmh\target\generated-sources\annotations\org\apache\commons\numbers\examples\jmh\complex\jmh_generated\ComplexPerformance_asinh_jmhTest.java,ComplexPerformance_asinh_jmhTest.java,ComplexPerformance_asinh_jmhTest,asinh_AverageTime,6,2,BenchmarkTaskResult,public,false,false,true,true
C:\Users\simon\Documents\Code\thesis-code\commons-numbers-master\commons-numbers-examples\examples-jmh\target\generated-sources\annotations\org\apache\commons\numbers\examples\jmh\complex\jmh_generated\ComplexPerformance_asinh_jmhTest.java,ComplexPerformance_asinh_jmhTest.java,ComplexPerformance_asinh_jmhTest,asinh_avgt_jmhStub,7,10,void,public; static,false,false,true,true
C:\Users\simon\Documents\Code\thesis-code\commons-numbers-master\commons-numbers-examples\examples-jmh\target\generated-sources\annotations\org\apache\commons\numbers\examples\jmh\complex\jmh_generated\ComplexPerformance_asinh_jmhTest.java,ComplexPerformance_asinh_jmhTest.java,ComplexPerformance_asinh_jmhTest,asinh_SampleTime,6,2,BenchmarkTaskResult,public,false,false,true,true
C:\Users\simon\Documents\Code\thesis-code\commons-numbers-master\commons-numbers-examples\examples-jmh\target\generated-sources\annotations\org\apache\commons\numbers\examples\jmh\complex\jmh_generated\ComplexPerformance_asinh_jmhTest.java,ComplexPerformance_asinh_jmhTest.java,ComplexPerformance_asinh_jmhTest,asinh_sample_jmhStub,10,14,void,public; static,false,false,true,true
C:\Users\simon\Documents\Code\thesis-code\commons-numbers-master\commons-numbers-examples\examples-jmh\target\generated-sources\annotations\org\apache\commons\numbers\examples\jmh\complex\jmh_generated\ComplexPerformance_asinh_jmhTest.java,ComplexPerformance_asinh_jmhTest.java,ComplexPerformance_asinh_jmhTest,asinh_SingleShotTime,6,2,BenchmarkTaskResult,public,false,false,true,true
C:\Users\simon\Documents\Code\thesis-code\commons-numbers-master\commons-numbers-examples\examples-jmh\target\generated-sources\annotations\org\apache\commons\numbers\examples\jmh\complex\jmh_generated\ComplexPerformance_asinh_jmhTest.java,ComplexPerformance_asinh_jmhTest.java,ComplexPerformance_asinh_jmhTest,asinh_ss_jmhStub,5,11,void,public; static,false,false,true,true
C:\Users\simon\Documents\Code\thesis-code\commons-numbers-master\commons-numbers-examples\examples-jmh\target\generated-sources\annotations\org\apache\commons\numbers\examples\jmh\complex\jmh_generated\ComplexPerformance_asinh_jmhTest.java,ComplexPerformance_asinh_jmhTest.java,ComplexPerformance_asinh_jmhTest,_jmh_tryInit_f_complexnumbers1_G,4,1,ComplexPerformance_ComplexNumbers_jmhType,,false,false,true,true
C:\Users\simon\Documents\Code\thesis-code\commons-numbers-master\commons-numbers-examples\examples-jmh\target\generated-sources\annotations\org\apache\commons\numbers\examples\jmh\complex\jmh_generated\ComplexPerformance_asinh_jmhTest.java,ComplexPerformance_asinh_jmhTest.java,ComplexPerformance_asinh_jmhTest,_jmh_tryInit_f_complexperformance0_G,4,1,ComplexPerformance_jmhType,,false,false,true,true
C:\Users\simon\Documents\Code\thesis-code\commons-numbers-master\commons-numbers-examples\examples-jmh\target\generated-sources\annotations\org\apache\commons\numbers\examples\jmh\complex\jmh_generated\ComplexPerformance_asin_jmhTest.java,ComplexPerformance_asin_jmhTest.java,ComplexPerformance_asin_jmhTest,asin_Throughput,6,2,BenchmarkTaskResult,public,false,false,true,true
C:\Users\simon\Documents\Code\thesis-code\commons-numbers-master\commons-numbers-examples\examples-jmh\target\generated-sources\annotations\org\apache\commons\numbers\examples\jmh\complex\jmh_generated\ComplexPerformance_asin_jmhTest.java,ComplexPerformance_asin_jmhTest.java,ComplexPerformance_asin_jmhTest,asin_thrpt_jmhStub,7,10,void,public; static,false,false,true,true
C:\Users\simon\Documents\Code\thesis-code\commons-numbers-master\commons-numbers-examples\examples-jmh\target\generated-sources\annotations\org\apache\commons\numbers\examples\jmh\complex\jmh_generated\ComplexPerformance_asin_jmhTest.java,ComplexPerformance_asin_jmhTest.java,ComplexPerformance_asin_jmhTest,asin_AverageTime,6,2,BenchmarkTaskResult,public,false,false,true,true
C:\Users\simon\Documents\Code\thesis-code\commons-numbers-master\commons-numbers-examples\examples-jmh\target\generated-sources\annotations\org\apache\commons\numbers\examples\jmh\complex\jmh_generated\ComplexPerformance_asin_jmhTest.java,ComplexPerformance_asin_jmhTest.java,ComplexPerformance_asin_jmhTest,asin_avgt_jmhStub,7,10,void,public; static,false,false,true,true
C:\Users\simon\Documents\Code\thesis-code\commons-numbers-master\commons-numbers-examples\examples-jmh\target\generated-sources\annotations\org\apache\commons\numbers\examples\jmh\complex\jmh_generated\ComplexPerformance_asin_jmhTest.java,ComplexPerformance_asin_jmhTest.java,ComplexPerformance_asin_jmhTest,asin_SampleTime,6,2,BenchmarkTaskResult,public,false,false,true,true
C:\Users\simon\Documents\Code\thesis-code\commons-numbers-master\commons-numbers-examples\examples-jmh\target\generated-sources\annotations\org\apache\commons\numbers\examples\jmh\complex\jmh_generated\ComplexPerformance_asin_jmhTest.java,ComplexPerformance_asin_jmhTest.java,ComplexPerformance_asin_jmhTest,asin_sample_jmhStub,10,14,void,public; static,false,false,true,true
C:\Users\simon\Documents\Code\thesis-code\commons-numbers-master\commons-numbers-examples\examples-jmh\target\generated-sources\annotations\org\apache\commons\numbers\examples\jmh\complex\jmh_generated\ComplexPerformance_asin_jmhTest.java,ComplexPerformance_asin_jmhTest.java,ComplexPerformance_asin_jmhTest,asin_SingleShotTime,6,2,BenchmarkTaskResult,public,false,false,true,true
C:\Users\simon\Documents\Code\thesis-code\commons-numbers-master\commons-numbers-examples\examples-jmh\target\generated-sources\annotations\org\apache\commons\numbers\examples\jmh\complex\jmh_generated\ComplexPerformance_asin_jmhTest.java,ComplexPerformance_asin_jmhTest.java,ComplexPerformance_asin_jmhTest,asin_ss_jmhStub,5,11,void,public; static,false,false,true,true
C:\Users\simon\Documents\Code\thesis-code\commons-numbers-master\commons-numbers-examples\examples-jmh\target\generated-sources\annotations\org\apache\commons\numbers\examples\jmh\complex\jmh_generated\ComplexPerformance_asin_jmhTest.java,ComplexPerformance_asin_jmhTest.java,ComplexPerformance_asin_jmhTest,_jmh_tryInit_f_complexnumbers1_G,4,1,ComplexPerformance_ComplexNumbers_jmhType,,false,false,true,true
C:\Users\simon\Documents\Code\thesis-code\commons-numbers-master\commons-numbers-examples\examples-jmh\target\generated-sources\annotations\org\apache\commons\numbers\examples\jmh\complex\jmh_generated\ComplexPerformance_asin_jmhTest.java,ComplexPerformance_asin_jmhTest.java,ComplexPerformance_asin_jmhTest,_jmh_tryInit_f_complexperformance0_G,4,1,ComplexPerformance_jmhType,,false,false,true,true
C:\Users\simon\Documents\Code\thesis-code\commons-numbers-master\commons-numbers-examples\examples-jmh\target\generated-sources\annotations\org\apache\commons\numbers\examples\jmh\complex\jmh_generated\ComplexPerformance_atanh_jmhTest.java,ComplexPerformance_atanh_jmhTest.java,ComplexPerformance_atanh_jmhTest,atanh_Throughput,6,2,BenchmarkTaskResult,public,false,false,true,true
C:\Users\simon\Documents\Code\thesis-code\commons-numbers-master\commons-numbers-examples\examples-jmh\target\generated-sources\annotations\org\apache\commons\numbers\examples\jmh\complex\jmh_generated\ComplexPerformance_atanh_jmhTest.java,ComplexPerformance_atanh_jmhTest.java,ComplexPerformance_atanh_jmhTest,atanh_thrpt_jmhStub,7,10,void,public; static,false,false,true,true
C:\Users\simon\Documents\Code\thesis-code\commons-numbers-master\commons-numbers-examples\examples-jmh\target\generated-sources\annotations\org\apache\commons\numbers\examples\jmh\complex\jmh_generated\ComplexPerformance_atanh_jmhTest.java,ComplexPerformance_atanh_jmhTest.java,ComplexPerformance_atanh_jmhTest,atanh_AverageTime,6,2,BenchmarkTaskResult,public,false,false,true,true
C:\Users\simon\Documents\Code\thesis-code\commons-numbers-master\commons-numbers-examples\examples-jmh\target\generated-sources\annotations\org\apache\commons\numbers\examples\jmh\complex\jmh_generated\ComplexPerformance_atanh_jmhTest.java,ComplexPerformance_atanh_jmhTest.java,ComplexPerformance_atanh_jmhTest,atanh_avgt_jmhStub,7,10,void,public; static,false,false,true,true
C:\Users\simon\Documents\Code\thesis-code\commons-numbers-master\commons-numbers-examples\examples-jmh\target\generated-sources\annotations\org\apache\commons\numbers\examples\jmh\complex\jmh_generated\ComplexPerformance_atanh_jmhTest.java,ComplexPerformance_atanh_jmhTest.java,ComplexPerformance_atanh_jmhTest,atanh_SampleTime,6,2,BenchmarkTaskResult,public,false,false,true,true
C:\Users\simon\Documents\Code\thesis-code\commons-numbers-master\commons-numbers-examples\examples-jmh\target\generated-sources\annotations\org\apache\commons\numbers\examples\jmh\complex\jmh_generated\ComplexPerformance_atanh_jmhTest.java,ComplexPerformance_atanh_jmhTest.java,ComplexPerformance_atanh_jmhTest,atanh_sample_jmhStub,10,14,void,public; static,false,false,true,true
C:\Users\simon\Documents\Code\thesis-code\commons-numbers-master\commons-numbers-examples\examples-jmh\target\generated-sources\annotations\org\apache\commons\numbers\examples\jmh\complex\jmh_generated\ComplexPerformance_atanh_jmhTest.java,ComplexPerformance_atanh_jmhTest.java,ComplexPerformance_atanh_jmhTest,atanh_SingleShotTime,6,2,BenchmarkTaskResult,public,false,false,true,true
C:\Users\simon\Documents\Code\thesis-code\commons-numbers-master\commons-numbers-examples\examples-jmh\target\generated-sources\annotations\org\apache\commons\numbers\examples\jmh\complex\jmh_generated\ComplexPerformance_atanh_jmhTest.java,ComplexPerformance_atanh_jmhTest.java,ComplexPerformance_atanh_jmhTest,atanh_ss_jmhStub,5,11,void,public; static,false,false,true,true
C:\Users\simon\Documents\Code\thesis-code\commons-numbers-master\commons-numbers-examples\examples-jmh\target\generated-sources\annotations\org\apache\commons\numbers\examples\jmh\complex\jmh_generated\ComplexPerformance_atanh_jmhTest.java,ComplexPerformance_atanh_jmhTest.java,ComplexPerformance_atanh_jmhTest,_jmh_tryInit_f_complexnumbers1_G,4,1,ComplexPerformance_ComplexNumbers_jmhType,,false,false,true,true
C:\Users\simon\Documents\Code\thesis-code\commons-numbers-master\commons-numbers-examples\examples-jmh\target\generated-sources\annotations\org\apache\commons\numbers\examples\jmh\complex\jmh_generated\ComplexPerformance_atanh_jmhTest.java,ComplexPerformance_atanh_jmhTest.java,ComplexPerformance_atanh_jmhTest,_jmh_tryInit_f_complexperformance0_G,4,1,ComplexPerformance_jmhType,,false,false,true,true
C:\Users\simon\Documents\Code\thesis-code\commons-numbers-master\commons-numbers-examples\examples-jmh\target\generated-sources\annotations\org\apache\commons\numbers\examples\jmh\complex\jmh_generated\ComplexPerformance_atan_jmhTest.java,ComplexPerformance_atan_jmhTest.java,ComplexPerformance_atan_jmhTest,atan_Throughput,6,2,BenchmarkTaskResult,public,false,false,true,true
C:\Users\simon\Documents\Code\thesis-code\commons-numbers-master\commons-numbers-examples\examples-jmh\target\generated-sources\annotations\org\apache\commons\numbers\examples\jmh\complex\jmh_generated\ComplexPerformance_atan_jmhTest.java,ComplexPerformance_atan_jmhTest.java,ComplexPerformance_atan_jmhTest,atan_thrpt_jmhStub,7,10,void,public; static,false,false,true,true
C:\Users\simon\Documents\Code\thesis-code\commons-numbers-master\commons-numbers-examples\examples-jmh\target\generated-sources\annotations\org\apache\commons\numbers\examples\jmh\complex\jmh_generated\ComplexPerformance_atan_jmhTest.java,ComplexPerformance_atan_jmhTest.java,ComplexPerformance_atan_jmhTest,atan_AverageTime,6,2,BenchmarkTaskResult,public,false,false,true,true
C:\Users\simon\Documents\Code\thesis-code\commons-numbers-master\commons-numbers-examples\examples-jmh\target\generated-sources\annotations\org\apache\commons\numbers\examples\jmh\complex\jmh_generated\ComplexPerformance_atan_jmhTest.java,ComplexPerformance_atan_jmhTest.java,ComplexPerformance_atan_jmhTest,atan_avgt_jmhStub,7,10,void,public; static,false,false,true,true
C:\Users\simon\Documents\Code\thesis-code\commons-numbers-master\commons-numbers-examples\examples-jmh\target\generated-sources\annotations\org\apache\commons\numbers\examples\jmh\complex\jmh_generated\ComplexPerformance_atan_jmhTest.java,ComplexPerformance_atan_jmhTest.java,ComplexPerformance_atan_jmhTest,atan_SampleTime,6,2,BenchmarkTaskResult,public,false,false,true,true
C:\Users\simon\Documents\Code\thesis-code\commons-numbers-master\commons-numbers-examples\examples-jmh\target\generated-sources\annotations\org\apache\commons\numbers\examples\jmh\complex\jmh_generated\ComplexPerformance_atan_jmhTest.java,ComplexPerformance_atan_jmhTest.java,ComplexPerformance_atan_jmhTest,atan_sample_jmhStub,10,14,void,public; static,false,false,true,true
C:\Users\simon\Documents\Code\thesis-code\commons-numbers-master\commons-numbers-examples\examples-jmh\target\generated-sources\annotations\org\apache\commons\numbers\examples\jmh\complex\jmh_generated\ComplexPerformance_atan_jmhTest.java,ComplexPerformance_atan_jmhTest.java,ComplexPerformance_atan_jmhTest,atan_SingleShotTime,6,2,BenchmarkTaskResult,public,false,false,true,true
C:\Users\simon\Documents\Code\thesis-code\commons-numbers-master\commons-numbers-examples\examples-jmh\target\generated-sources\annotations\org\apache\commons\numbers\examples\jmh\complex\jmh_generated\ComplexPerformance_atan_jmhTest.java,ComplexPerformance_atan_jmhTest.java,ComplexPerformance_atan_jmhTest,atan_ss_jmhStub,5,11,void,public; static,false,false,true,true
C:\Users\simon\Documents\Code\thesis-code\commons-numbers-master\commons-numbers-examples\examples-jmh\target\generated-sources\annotations\org\apache\commons\numbers\examples\jmh\complex\jmh_generated\ComplexPerformance_atan_jmhTest.java,ComplexPerformance_atan_jmhTest.java,ComplexPerformance_atan_jmhTest,_jmh_tryInit_f_complexnumbers1_G,4,1,ComplexPerformance_ComplexNumbers_jmhType,,false,false,true,true
C:\Users\simon\Documents\Code\thesis-code\commons-numbers-master\commons-numbers-examples\examples-jmh\target\generated-sources\annotations\org\apache\commons\numbers\examples\jmh\complex\jmh_generated\ComplexPerformance_atan_jmhTest.java,ComplexPerformance_atan_jmhTest.java,ComplexPerformance_atan_jmhTest,_jmh_tryInit_f_complexperformance0_G,4,1,ComplexPerformance_jmhType,,false,false,true,true
C:\Users\simon\Documents\Code\thesis-code\commons-numbers-master\commons-numbers-examples\examples-jmh\target\generated-sources\annotations\org\apache\commons\numbers\examples\jmh\complex\jmh_generated\ComplexPerformance_baselineCopy_jmhTest.java,ComplexPerformance_baselineCopy_jmhTest.java,ComplexPerformance_baselineCopy_jmhTest,baselineCopy_Throughput,6,2,BenchmarkTaskResult,public,false,false,true,true
C:\Users\simon\Documents\Code\thesis-code\commons-numbers-master\commons-numbers-examples\examples-jmh\target\generated-sources\annotations\org\apache\commons\numbers\examples\jmh\complex\jmh_generated\ComplexPerformance_baselineCopy_jmhTest.java,ComplexPerformance_baselineCopy_jmhTest.java,ComplexPerformance_baselineCopy_jmhTest,baselineCopy_thrpt_jmhStub,7,10,void,public; static,false,false,true,true
C:\Users\simon\Documents\Code\thesis-code\commons-numbers-master\commons-numbers-examples\examples-jmh\target\generated-sources\annotations\org\apache\commons\numbers\examples\jmh\complex\jmh_generated\ComplexPerformance_baselineCopy_jmhTest.java,ComplexPerformance_baselineCopy_jmhTest.java,ComplexPerformance_baselineCopy_jmhTest,baselineCopy_AverageTime,6,2,BenchmarkTaskResult,public,false,false,true,true
C:\Users\simon\Documents\Code\thesis-code\commons-numbers-master\commons-numbers-examples\examples-jmh\target\generated-sources\annotations\org\apache\commons\numbers\examples\jmh\complex\jmh_generated\ComplexPerformance_baselineCopy_jmhTest.java,ComplexPerformance_baselineCopy_jmhTest.java,ComplexPerformance_baselineCopy_jmhTest,baselineCopy_avgt_jmhStub,7,10,void,public; static,false,false,true,true
C:\Users\simon\Documents\Code\thesis-code\commons-numbers-master\commons-numbers-examples\examples-jmh\target\generated-sources\annotations\org\apache\commons\numbers\examples\jmh\complex\jmh_generated\ComplexPerformance_baselineCopy_jmhTest.java,ComplexPerformance_baselineCopy_jmhTest.java,ComplexPerformance_baselineCopy_jmhTest,baselineCopy_SampleTime,6,2,BenchmarkTaskResult,public,false,false,true,true
C:\Users\simon\Documents\Code\thesis-code\commons-numbers-master\commons-numbers-examples\examples-jmh\target\generated-sources\annotations\org\apache\commons\numbers\examples\jmh\complex\jmh_generated\ComplexPerformance_baselineCopy_jmhTest.java,ComplexPerformance_baselineCopy_jmhTest.java,ComplexPerformance_baselineCopy_jmhTest,baselineCopy_sample_jmhStub,10,14,void,public; static,false,false,true,true
C:\Users\simon\Documents\Code\thesis-code\commons-numbers-master\commons-numbers-examples\examples-jmh\target\generated-sources\annotations\org\apache\commons\numbers\examples\jmh\complex\jmh_generated\ComplexPerformance_baselineCopy_jmhTest.java,ComplexPerformance_baselineCopy_jmhTest.java,ComplexPerformance_baselineCopy_jmhTest,baselineCopy_SingleShotTime,6,2,BenchmarkTaskResult,public,false,false,true,true
C:\Users\simon\Documents\Code\thesis-code\commons-numbers-master\commons-numbers-examples\examples-jmh\target\generated-sources\annotations\org\apache\commons\numbers\examples\jmh\complex\jmh_generated\ComplexPerformance_baselineCopy_jmhTest.java,ComplexPerformance_baselineCopy_jmhTest.java,ComplexPerformance_baselineCopy_jmhTest,baselineCopy_ss_jmhStub,5,11,void,public; static,false,false,true,true
C:\Users\simon\Documents\Code\thesis-code\commons-numbers-master\commons-numbers-examples\examples-jmh\target\generated-sources\annotations\org\apache\commons\numbers\examples\jmh\complex\jmh_generated\ComplexPerformance_baselineCopy_jmhTest.java,ComplexPerformance_baselineCopy_jmhTest.java,ComplexPerformance_baselineCopy_jmhTest,_jmh_tryInit_f_complexnumbers1_G,4,1,ComplexPerformance_ComplexNumbers_jmhType,,false,false,true,true
C:\Users\simon\Documents\Code\thesis-code\commons-numbers-master\commons-numbers-examples\examples-jmh\target\generated-sources\annotations\org\apache\commons\numbers\examples\jmh\complex\jmh_generated\ComplexPerformance_baselineCopy_jmhTest.java,ComplexPerformance_baselineCopy_jmhTest.java,ComplexPerformance_baselineCopy_jmhTest,_jmh_tryInit_f_complexperformance0_G,4,1,ComplexPerformance_jmhType,,false,false,true,true
C:\Users\simon\Documents\Code\thesis-code\commons-numbers-master\commons-numbers-examples\examples-jmh\target\generated-sources\annotations\org\apache\commons\numbers\examples\jmh\complex\jmh_generated\ComplexPerformance_baselineIdentity_jmhTest.java,ComplexPerformance_baselineIdentity_jmhTest.java,ComplexPerformance_baselineIdentity_jmhTest,baselineIdentity_Throughput,6,2,BenchmarkTaskResult,public,false,false,true,true
C:\Users\simon\Documents\Code\thesis-code\commons-numbers-master\commons-numbers-examples\examples-jmh\target\generated-sources\annotations\org\apache\commons\numbers\examples\jmh\complex\jmh_generated\ComplexPerformance_baselineIdentity_jmhTest.java,ComplexPerformance_baselineIdentity_jmhTest.java,ComplexPerformance_baselineIdentity_jmhTest,baselineIdentity_thrpt_jmhStub,7,10,void,public; static,false,false,true,true
C:\Users\simon\Documents\Code\thesis-code\commons-numbers-master\commons-numbers-examples\examples-jmh\target\generated-sources\annotations\org\apache\commons\numbers\examples\jmh\complex\jmh_generated\ComplexPerformance_baselineIdentity_jmhTest.java,ComplexPerformance_baselineIdentity_jmhTest.java,ComplexPerformance_baselineIdentity_jmhTest,baselineIdentity_AverageTime,6,2,BenchmarkTaskResult,public,false,false,true,true
C:\Users\simon\Documents\Code\thesis-code\commons-numbers-master\commons-numbers-examples\examples-jmh\target\generated-sources\annotations\org\apache\commons\numbers\examples\jmh\complex\jmh_generated\ComplexPerformance_baselineIdentity_jmhTest.java,ComplexPerformance_baselineIdentity_jmhTest.java,ComplexPerformance_baselineIdentity_jmhTest,baselineIdentity_avgt_jmhStub,7,10,void,public; static,false,false,true,true
C:\Users\simon\Documents\Code\thesis-code\commons-numbers-master\commons-numbers-examples\examples-jmh\target\generated-sources\annotations\org\apache\commons\numbers\examples\jmh\complex\jmh_generated\ComplexPerformance_baselineIdentity_jmhTest.java,ComplexPerformance_baselineIdentity_jmhTest.java,ComplexPerformance_baselineIdentity_jmhTest,baselineIdentity_SampleTime,6,2,BenchmarkTaskResult,public,false,false,true,true
C:\Users\simon\Documents\Code\thesis-code\commons-numbers-master\commons-numbers-examples\examples-jmh\target\generated-sources\annotations\org\apache\commons\numbers\examples\jmh\complex\jmh_generated\ComplexPerformance_baselineIdentity_jmhTest.java,ComplexPerformance_baselineIdentity_jmhTest.java,ComplexPerformance_baselineIdentity_jmhTest,baselineIdentity_sample_jmhStub,10,14,void,public; static,false,false,true,true
C:\Users\simon\Documents\Code\thesis-code\commons-numbers-master\commons-numbers-examples\examples-jmh\target\generated-sources\annotations\org\apache\commons\numbers\examples\jmh\complex\jmh_generated\ComplexPerformance_baselineIdentity_jmhTest.java,ComplexPerformance_baselineIdentity_jmhTest.java,ComplexPerformance_baselineIdentity_jmhTest,baselineIdentity_SingleShotTime,6,2,BenchmarkTaskResult,public,false,false,true,true
C:\Users\simon\Documents\Code\thesis-code\commons-numbers-master\commons-numbers-examples\examples-jmh\target\generated-sources\annotations\org\apache\commons\numbers\examples\jmh\complex\jmh_generated\ComplexPerformance_baselineIdentity_jmhTest.java,ComplexPerformance_baselineIdentity_jmhTest.java,ComplexPerformance_baselineIdentity_jmhTest,baselineIdentity_ss_jmhStub,5,11,void,public; static,false,false,true,true
C:\Users\simon\Documents\Code\thesis-code\commons-numbers-master\commons-numbers-examples\examples-jmh\target\generated-sources\annotations\org\apache\commons\numbers\examples\jmh\complex\jmh_generated\ComplexPerformance_baselineIdentity_jmhTest.java,ComplexPerformance_baselineIdentity_jmhTest.java,ComplexPerformance_baselineIdentity_jmhTest,_jmh_tryInit_f_complexnumbers1_G,4,1,ComplexPerformance_ComplexNumbers_jmhType,,false,false,true,true
C:\Users\simon\Documents\Code\thesis-code\commons-numbers-master\commons-numbers-examples\examples-jmh\target\generated-sources\annotations\org\apache\commons\numbers\examples\jmh\complex\jmh_generated\ComplexPerformance_baselineIdentity_jmhTest.java,ComplexPerformance_baselineIdentity_jmhTest.java,ComplexPerformance_baselineIdentity_jmhTest,_jmh_tryInit_f_complexperformance0_G,4,1,ComplexPerformance_jmhType,,false,false,true,true
C:\Users\simon\Documents\Code\thesis-code\commons-numbers-master\commons-numbers-examples\examples-jmh\target\generated-sources\annotations\org\apache\commons\numbers\examples\jmh\complex\jmh_generated\ComplexPerformance_conj_jmhTest.java,ComplexPerformance_conj_jmhTest.java,ComplexPerformance_conj_jmhTest,conj_Throughput,6,2,BenchmarkTaskResult,public,false,false,true,true
C:\Users\simon\Documents\Code\thesis-code\commons-numbers-master\commons-numbers-examples\examples-jmh\target\generated-sources\annotations\org\apache\commons\numbers\examples\jmh\complex\jmh_generated\ComplexPerformance_conj_jmhTest.java,ComplexPerformance_conj_jmhTest.java,ComplexPerformance_conj_jmhTest,conj_thrpt_jmhStub,7,10,void,public; static,false,false,true,true
C:\Users\simon\Documents\Code\thesis-code\commons-numbers-master\commons-numbers-examples\examples-jmh\target\generated-sources\annotations\org\apache\commons\numbers\examples\jmh\complex\jmh_generated\ComplexPerformance_conj_jmhTest.java,ComplexPerformance_conj_jmhTest.java,ComplexPerformance_conj_jmhTest,conj_AverageTime,6,2,BenchmarkTaskResult,public,false,false,true,true
C:\Users\simon\Documents\Code\thesis-code\commons-numbers-master\commons-numbers-examples\examples-jmh\target\generated-sources\annotations\org\apache\commons\numbers\examples\jmh\complex\jmh_generated\ComplexPerformance_conj_jmhTest.java,ComplexPerformance_conj_jmhTest.java,ComplexPerformance_conj_jmhTest,conj_avgt_jmhStub,7,10,void,public; static,false,false,true,true
C:\Users\simon\Documents\Code\thesis-code\commons-numbers-master\commons-numbers-examples\examples-jmh\target\generated-sources\annotations\org\apache\commons\numbers\examples\jmh\complex\jmh_generated\ComplexPerformance_conj_jmhTest.java,ComplexPerformance_conj_jmhTest.java,ComplexPerformance_conj_jmhTest,conj_SampleTime,6,2,BenchmarkTaskResult,public,false,false,true,true
C:\Users\simon\Documents\Code\thesis-code\commons-numbers-master\commons-numbers-examples\examples-jmh\target\generated-sources\annotations\org\apache\commons\numbers\examples\jmh\complex\jmh_generated\ComplexPerformance_conj_jmhTest.java,ComplexPerformance_conj_jmhTest.java,ComplexPerformance_conj_jmhTest,conj_sample_jmhStub,10,14,void,public; static,false,false,true,true
C:\Users\simon\Documents\Code\thesis-code\commons-numbers-master\commons-numbers-examples\examples-jmh\target\generated-sources\annotations\org\apache\commons\numbers\examples\jmh\complex\jmh_generated\ComplexPerformance_conj_jmhTest.java,ComplexPerformance_conj_jmhTest.java,ComplexPerformance_conj_jmhTest,conj_SingleShotTime,6,2,BenchmarkTaskResult,public,false,false,true,true
C:\Users\simon\Documents\Code\thesis-code\commons-numbers-master\commons-numbers-examples\examples-jmh\target\generated-sources\annotations\org\apache\commons\numbers\examples\jmh\complex\jmh_generated\ComplexPerformance_conj_jmhTest.java,ComplexPerformance_conj_jmhTest.java,ComplexPerformance_conj_jmhTest,conj_ss_jmhStub,5,11,void,public; static,false,false,true,true
C:\Users\simon\Documents\Code\thesis-code\commons-numbers-master\commons-numbers-examples\examples-jmh\target\generated-sources\annotations\org\apache\commons\numbers\examples\jmh\complex\jmh_generated\ComplexPerformance_conj_jmhTest.java,ComplexPerformance_conj_jmhTest.java,ComplexPerformance_conj_jmhTest,_jmh_tryInit_f_complexnumbers1_G,4,1,ComplexPerformance_ComplexNumbers_jmhType,,false,false,true,true
C:\Users\simon\Documents\Code\thesis-code\commons-numbers-master\commons-numbers-examples\examples-jmh\target\generated-sources\annotations\org\apache\commons\numbers\examples\jmh\complex\jmh_generated\ComplexPerformance_conj_jmhTest.java,ComplexPerformance_conj_jmhTest.java,ComplexPerformance_conj_jmhTest,_jmh_tryInit_f_complexperformance0_G,4,1,ComplexPerformance_jmhType,,false,false,true,true
C:\Users\simon\Documents\Code\thesis-code\commons-numbers-master\commons-numbers-examples\examples-jmh\target\generated-sources\annotations\org\apache\commons\numbers\examples\jmh\complex\jmh_generated\ComplexPerformance_cosh_jmhTest.java,ComplexPerformance_cosh_jmhTest.java,ComplexPerformance_cosh_jmhTest,cosh_Throughput,6,2,BenchmarkTaskResult,public,false,false,true,true
C:\Users\simon\Documents\Code\thesis-code\commons-numbers-master\commons-numbers-examples\examples-jmh\target\generated-sources\annotations\org\apache\commons\numbers\examples\jmh\complex\jmh_generated\ComplexPerformance_cosh_jmhTest.java,ComplexPerformance_cosh_jmhTest.java,ComplexPerformance_cosh_jmhTest,cosh_thrpt_jmhStub,7,10,void,public; static,false,false,true,true
C:\Users\simon\Documents\Code\thesis-code\commons-numbers-master\commons-numbers-examples\examples-jmh\target\generated-sources\annotations\org\apache\commons\numbers\examples\jmh\complex\jmh_generated\ComplexPerformance_cosh_jmhTest.java,ComplexPerformance_cosh_jmhTest.java,ComplexPerformance_cosh_jmhTest,cosh_AverageTime,6,2,BenchmarkTaskResult,public,false,false,true,true
C:\Users\simon\Documents\Code\thesis-code\commons-numbers-master\commons-numbers-examples\examples-jmh\target\generated-sources\annotations\org\apache\commons\numbers\examples\jmh\complex\jmh_generated\ComplexPerformance_cosh_jmhTest.java,ComplexPerformance_cosh_jmhTest.java,ComplexPerformance_cosh_jmhTest,cosh_avgt_jmhStub,7,10,void,public; static,false,false,true,true
C:\Users\simon\Documents\Code\thesis-code\commons-numbers-master\commons-numbers-examples\examples-jmh\target\generated-sources\annotations\org\apache\commons\numbers\examples\jmh\complex\jmh_generated\ComplexPerformance_cosh_jmhTest.java,ComplexPerformance_cosh_jmhTest.java,ComplexPerformance_cosh_jmhTest,cosh_SampleTime,6,2,BenchmarkTaskResult,public,false,false,true,true
C:\Users\simon\Documents\Code\thesis-code\commons-numbers-master\commons-numbers-examples\examples-jmh\target\generated-sources\annotations\org\apache\commons\numbers\examples\jmh\complex\jmh_generated\ComplexPerformance_cosh_jmhTest.java,ComplexPerformance_cosh_jmhTest.java,ComplexPerformance_cosh_jmhTest,cosh_sample_jmhStub,10,14,void,public; static,false,false,true,true
C:\Users\simon\Documents\Code\thesis-code\commons-numbers-master\commons-numbers-examples\examples-jmh\target\generated-sources\annotations\org\apache\commons\numbers\examples\jmh\complex\jmh_generated\ComplexPerformance_cosh_jmhTest.java,ComplexPerformance_cosh_jmhTest.java,ComplexPerformance_cosh_jmhTest,cosh_SingleShotTime,6,2,BenchmarkTaskResult,public,false,false,true,true
C:\Users\simon\Documents\Code\thesis-code\commons-numbers-master\commons-numbers-examples\examples-jmh\target\generated-sources\annotations\org\apache\commons\numbers\examples\jmh\complex\jmh_generated\ComplexPerformance_cosh_jmhTest.java,ComplexPerformance_cosh_jmhTest.java,ComplexPerformance_cosh_jmhTest,cosh_ss_jmhStub,5,11,void,public; static,false,false,true,true
C:\Users\simon\Documents\Code\thesis-code\commons-numbers-master\commons-numbers-examples\examples-jmh\target\generated-sources\annotations\org\apache\commons\numbers\examples\jmh\complex\jmh_generated\ComplexPerformance_cosh_jmhTest.java,ComplexPerformance_cosh_jmhTest.java,ComplexPerformance_cosh_jmhTest,_jmh_tryInit_f_complexnumbers1_G,4,1,ComplexPerformance_ComplexNumbers_jmhType,,false,false,true,true
C:\Users\simon\Documents\Code\thesis-code\commons-numbers-master\commons-numbers-examples\examples-jmh\target\generated-sources\annotations\org\apache\commons\numbers\examples\jmh\complex\jmh_generated\ComplexPerformance_cosh_jmhTest.java,ComplexPerformance_cosh_jmhTest.java,ComplexPerformance_cosh_jmhTest,_jmh_tryInit_f_complexperformance0_G,4,1,ComplexPerformance_jmhType,,false,false,true,true
C:\Users\simon\Documents\Code\thesis-code\commons-numbers-master\commons-numbers-examples\examples-jmh\target\generated-sources\annotations\org\apache\commons\numbers\examples\jmh\complex\jmh_generated\ComplexPerformance_cos_jmhTest.java,ComplexPerformance_cos_jmhTest.java,ComplexPerformance_cos_jmhTest,cos_Throughput,6,2,BenchmarkTaskResult,public,false,false,true,true
C:\Users\simon\Documents\Code\thesis-code\commons-numbers-master\commons-numbers-examples\examples-jmh\target\generated-sources\annotations\org\apache\commons\numbers\examples\jmh\complex\jmh_generated\ComplexPerformance_cos_jmhTest.java,ComplexPerformance_cos_jmhTest.java,ComplexPerformance_cos_jmhTest,cos_thrpt_jmhStub,7,10,void,public; static,false,false,true,true
C:\Users\simon\Documents\Code\thesis-code\commons-numbers-master\commons-numbers-examples\examples-jmh\target\generated-sources\annotations\org\apache\commons\numbers\examples\jmh\complex\jmh_generated\ComplexPerformance_cos_jmhTest.java,ComplexPerformance_cos_jmhTest.java,ComplexPerformance_cos_jmhTest,cos_AverageTime,6,2,BenchmarkTaskResult,public,false,false,true,true
C:\Users\simon\Documents\Code\thesis-code\commons-numbers-master\commons-numbers-examples\examples-jmh\target\generated-sources\annotations\org\apache\commons\numbers\examples\jmh\complex\jmh_generated\ComplexPerformance_cos_jmhTest.java,ComplexPerformance_cos_jmhTest.java,ComplexPerformance_cos_jmhTest,cos_avgt_jmhStub,7,10,void,public; static,false,false,true,true
C:\Users\simon\Documents\Code\thesis-code\commons-numbers-master\commons-numbers-examples\examples-jmh\target\generated-sources\annotations\org\apache\commons\numbers\examples\jmh\complex\jmh_generated\ComplexPerformance_cos_jmhTest.java,ComplexPerformance_cos_jmhTest.java,ComplexPerformance_cos_jmhTest,cos_SampleTime,6,2,BenchmarkTaskResult,public,false,false,true,true
C:\Users\simon\Documents\Code\thesis-code\commons-numbers-master\commons-numbers-examples\examples-jmh\target\generated-sources\annotations\org\apache\commons\numbers\examples\jmh\complex\jmh_generated\ComplexPerformance_cos_jmhTest.java,ComplexPerformance_cos_jmhTest.java,ComplexPerformance_cos_jmhTest,cos_sample_jmhStub,10,14,void,public; static,false,false,true,true
C:\Users\simon\Documents\Code\thesis-code\commons-numbers-master\commons-numbers-examples\examples-jmh\target\generated-sources\annotations\org\apache\commons\numbers\examples\jmh\complex\jmh_generated\ComplexPerformance_cos_jmhTest.java,ComplexPerformance_cos_jmhTest.java,ComplexPerformance_cos_jmhTest,cos_SingleShotTime,6,2,BenchmarkTaskResult,public,false,false,true,true
C:\Users\simon\Documents\Code\thesis-code\commons-numbers-master\commons-numbers-examples\examples-jmh\target\generated-sources\annotations\org\apache\commons\numbers\examples\jmh\complex\jmh_generated\ComplexPerformance_cos_jmhTest.java,ComplexPerformance_cos_jmhTest.java,ComplexPerformance_cos_jmhTest,cos_ss_jmhStub,5,11,void,public; static,false,false,true,true
C:\Users\simon\Documents\Code\thesis-code\commons-numbers-master\commons-numbers-examples\examples-jmh\target\generated-sources\annotations\org\apache\commons\numbers\examples\jmh\complex\jmh_generated\ComplexPerformance_cos_jmhTest.java,ComplexPerformance_cos_jmhTest.java,ComplexPerformance_cos_jmhTest,_jmh_tryInit_f_complexnumbers1_G,4,1,ComplexPerformance_ComplexNumbers_jmhType,,false,false,true,true
C:\Users\simon\Documents\Code\thesis-code\commons-numbers-master\commons-numbers-examples\examples-jmh\target\generated-sources\annotations\org\apache\commons\numbers\examples\jmh\complex\jmh_generated\ComplexPerformance_cos_jmhTest.java,ComplexPerformance_cos_jmhTest.java,ComplexPerformance_cos_jmhTest,_jmh_tryInit_f_complexperformance0_G,4,1,ComplexPerformance_jmhType,,false,false,true,true
C:\Users\simon\Documents\Code\thesis-code\commons-numbers-master\commons-numbers-examples\examples-jmh\target\generated-sources\annotations\org\apache\commons\numbers\examples\jmh\complex\jmh_generated\ComplexPerformance_divideReal_jmhTest.java,ComplexPerformance_divideReal_jmhTest.java,ComplexPerformance_divideReal_jmhTest,divideReal_Throughput,6,2,BenchmarkTaskResult,public,false,false,true,true
C:\Users\simon\Documents\Code\thesis-code\commons-numbers-master\commons-numbers-examples\examples-jmh\target\generated-sources\annotations\org\apache\commons\numbers\examples\jmh\complex\jmh_generated\ComplexPerformance_divideReal_jmhTest.java,ComplexPerformance_divideReal_jmhTest.java,ComplexPerformance_divideReal_jmhTest,divideReal_thrpt_jmhStub,7,10,void,public; static,false,false,true,true
C:\Users\simon\Documents\Code\thesis-code\commons-numbers-master\commons-numbers-examples\examples-jmh\target\generated-sources\annotations\org\apache\commons\numbers\examples\jmh\complex\jmh_generated\ComplexPerformance_divideReal_jmhTest.java,ComplexPerformance_divideReal_jmhTest.java,ComplexPerformance_divideReal_jmhTest,divideReal_AverageTime,6,2,BenchmarkTaskResult,public,false,false,true,true
C:\Users\simon\Documents\Code\thesis-code\commons-numbers-master\commons-numbers-examples\examples-jmh\target\generated-sources\annotations\org\apache\commons\numbers\examples\jmh\complex\jmh_generated\ComplexPerformance_divideReal_jmhTest.java,ComplexPerformance_divideReal_jmhTest.java,ComplexPerformance_divideReal_jmhTest,divideReal_avgt_jmhStub,7,10,void,public; static,false,false,true,true
C:\Users\simon\Documents\Code\thesis-code\commons-numbers-master\commons-numbers-examples\examples-jmh\target\generated-sources\annotations\org\apache\commons\numbers\examples\jmh\complex\jmh_generated\ComplexPerformance_divideReal_jmhTest.java,ComplexPerformance_divideReal_jmhTest.java,ComplexPerformance_divideReal_jmhTest,divideReal_SampleTime,6,2,BenchmarkTaskResult,public,false,false,true,true
C:\Users\simon\Documents\Code\thesis-code\commons-numbers-master\commons-numbers-examples\examples-jmh\target\generated-sources\annotations\org\apache\commons\numbers\examples\jmh\complex\jmh_generated\ComplexPerformance_divideReal_jmhTest.java,ComplexPerformance_divideReal_jmhTest.java,ComplexPerformance_divideReal_jmhTest,divideReal_sample_jmhStub,10,14,void,public; static,false,false,true,true
C:\Users\simon\Documents\Code\thesis-code\commons-numbers-master\commons-numbers-examples\examples-jmh\target\generated-sources\annotations\org\apache\commons\numbers\examples\jmh\complex\jmh_generated\ComplexPerformance_divideReal_jmhTest.java,ComplexPerformance_divideReal_jmhTest.java,ComplexPerformance_divideReal_jmhTest,divideReal_SingleShotTime,6,2,BenchmarkTaskResult,public,false,false,true,true
C:\Users\simon\Documents\Code\thesis-code\commons-numbers-master\commons-numbers-examples\examples-jmh\target\generated-sources\annotations\org\apache\commons\numbers\examples\jmh\complex\jmh_generated\ComplexPerformance_divideReal_jmhTest.java,ComplexPerformance_divideReal_jmhTest.java,ComplexPerformance_divideReal_jmhTest,divideReal_ss_jmhStub,5,11,void,public; static,false,false,true,true
C:\Users\simon\Documents\Code\thesis-code\commons-numbers-master\commons-numbers-examples\examples-jmh\target\generated-sources\annotations\org\apache\commons\numbers\examples\jmh\complex\jmh_generated\ComplexPerformance_divideReal_jmhTest.java,ComplexPerformance_divideReal_jmhTest.java,ComplexPerformance_divideReal_jmhTest,_jmh_tryInit_f_complexandrealnumbers1_G,4,1,ComplexPerformance_ComplexAndRealNumbers_jmhType,,false,false,true,true
C:\Users\simon\Documents\Code\thesis-code\commons-numbers-master\commons-numbers-examples\examples-jmh\target\generated-sources\annotations\org\apache\commons\numbers\examples\jmh\complex\jmh_generated\ComplexPerformance_divideReal_jmhTest.java,ComplexPerformance_divideReal_jmhTest.java,ComplexPerformance_divideReal_jmhTest,_jmh_tryInit_f_complexperformance0_G,4,1,ComplexPerformance_jmhType,,false,false,true,true
C:\Users\simon\Documents\Code\thesis-code\commons-numbers-master\commons-numbers-examples\examples-jmh\target\generated-sources\annotations\org\apache\commons\numbers\examples\jmh\complex\jmh_generated\ComplexPerformance_divide_jmhTest.java,ComplexPerformance_divide_jmhTest.java,ComplexPerformance_divide_jmhTest,divide_Throughput,6,2,BenchmarkTaskResult,public,false,false,true,true
C:\Users\simon\Documents\Code\thesis-code\commons-numbers-master\commons-numbers-examples\examples-jmh\target\generated-sources\annotations\org\apache\commons\numbers\examples\jmh\complex\jmh_generated\ComplexPerformance_divide_jmhTest.java,ComplexPerformance_divide_jmhTest.java,ComplexPerformance_divide_jmhTest,divide_thrpt_jmhStub,7,10,void,public; static,false,false,true,true
C:\Users\simon\Documents\Code\thesis-code\commons-numbers-master\commons-numbers-examples\examples-jmh\target\generated-sources\annotations\org\apache\commons\numbers\examples\jmh\complex\jmh_generated\ComplexPerformance_divide_jmhTest.java,ComplexPerformance_divide_jmhTest.java,ComplexPerformance_divide_jmhTest,divide_AverageTime,6,2,BenchmarkTaskResult,public,false,false,true,true
C:\Users\simon\Documents\Code\thesis-code\commons-numbers-master\commons-numbers-examples\examples-jmh\target\generated-sources\annotations\org\apache\commons\numbers\examples\jmh\complex\jmh_generated\ComplexPerformance_divide_jmhTest.java,ComplexPerformance_divide_jmhTest.java,ComplexPerformance_divide_jmhTest,divide_avgt_jmhStub,7,10,void,public; static,false,false,true,true
C:\Users\simon\Documents\Code\thesis-code\commons-numbers-master\commons-numbers-examples\examples-jmh\target\generated-sources\annotations\org\apache\commons\numbers\examples\jmh\complex\jmh_generated\ComplexPerformance_divide_jmhTest.java,ComplexPerformance_divide_jmhTest.java,ComplexPerformance_divide_jmhTest,divide_SampleTime,6,2,BenchmarkTaskResult,public,false,false,true,true
C:\Users\simon\Documents\Code\thesis-code\commons-numbers-master\commons-numbers-examples\examples-jmh\target\generated-sources\annotations\org\apache\commons\numbers\examples\jmh\complex\jmh_generated\ComplexPerformance_divide_jmhTest.java,ComplexPerformance_divide_jmhTest.java,ComplexPerformance_divide_jmhTest,divide_sample_jmhStub,10,14,void,public; static,false,false,true,true
C:\Users\simon\Documents\Code\thesis-code\commons-numbers-master\commons-numbers-examples\examples-jmh\target\generated-sources\annotations\org\apache\commons\numbers\examples\jmh\complex\jmh_generated\ComplexPerformance_divide_jmhTest.java,ComplexPerformance_divide_jmhTest.java,ComplexPerformance_divide_jmhTest,divide_SingleShotTime,6,2,BenchmarkTaskResult,public,false,false,true,true
C:\Users\simon\Documents\Code\thesis-code\commons-numbers-master\commons-numbers-examples\examples-jmh\target\generated-sources\annotations\org\apache\commons\numbers\examples\jmh\complex\jmh_generated\ComplexPerformance_divide_jmhTest.java,ComplexPerformance_divide_jmhTest.java,ComplexPerformance_divide_jmhTest,divide_ss_jmhStub,5,11,void,public; static,false,false,true,true
C:\Users\simon\Documents\Code\thesis-code\commons-numbers-master\commons-numbers-examples\examples-jmh\target\generated-sources\annotations\org\apache\commons\numbers\examples\jmh\complex\jmh_generated\ComplexPerformance_divide_jmhTest.java,ComplexPerformance_divide_jmhTest.java,ComplexPerformance_divide_jmhTest,_jmh_tryInit_f_complexperformance0_G,4,1,ComplexPerformance_jmhType,,false,false,true,true
C:\Users\simon\Documents\Code\thesis-code\commons-numbers-master\commons-numbers-examples\examples-jmh\target\generated-sources\annotations\org\apache\commons\numbers\examples\jmh\complex\jmh_generated\ComplexPerformance_divide_jmhTest.java,ComplexPerformance_divide_jmhTest.java,ComplexPerformance_divide_jmhTest,_jmh_tryInit_f_twocomplexnumbers1_G,4,1,ComplexPerformance_TwoComplexNumbers_jmhType,,false,false,true,true
C:\Users\simon\Documents\Code\thesis-code\commons-numbers-master\commons-numbers-examples\examples-jmh\target\generated-sources\annotations\org\apache\commons\numbers\examples\jmh\complex\jmh_generated\ComplexPerformance_exp_jmhTest.java,ComplexPerformance_exp_jmhTest.java,ComplexPerformance_exp_jmhTest,exp_Throughput,6,2,BenchmarkTaskResult,public,false,false,true,true
C:\Users\simon\Documents\Code\thesis-code\commons-numbers-master\commons-numbers-examples\examples-jmh\target\generated-sources\annotations\org\apache\commons\numbers\examples\jmh\complex\jmh_generated\ComplexPerformance_exp_jmhTest.java,ComplexPerformance_exp_jmhTest.java,ComplexPerformance_exp_jmhTest,exp_thrpt_jmhStub,7,10,void,public; static,false,false,true,true
C:\Users\simon\Documents\Code\thesis-code\commons-numbers-master\commons-numbers-examples\examples-jmh\target\generated-sources\annotations\org\apache\commons\numbers\examples\jmh\complex\jmh_generated\ComplexPerformance_exp_jmhTest.java,ComplexPerformance_exp_jmhTest.java,ComplexPerformance_exp_jmhTest,exp_AverageTime,6,2,BenchmarkTaskResult,public,false,false,true,true
C:\Users\simon\Documents\Code\thesis-code\commons-numbers-master\commons-numbers-examples\examples-jmh\target\generated-sources\annotations\org\apache\commons\numbers\examples\jmh\complex\jmh_generated\ComplexPerformance_exp_jmhTest.java,ComplexPerformance_exp_jmhTest.java,ComplexPerformance_exp_jmhTest,exp_avgt_jmhStub,7,10,void,public; static,false,false,true,true
C:\Users\simon\Documents\Code\thesis-code\commons-numbers-master\commons-numbers-examples\examples-jmh\target\generated-sources\annotations\org\apache\commons\numbers\examples\jmh\complex\jmh_generated\ComplexPerformance_exp_jmhTest.java,ComplexPerformance_exp_jmhTest.java,ComplexPerformance_exp_jmhTest,exp_SampleTime,6,2,BenchmarkTaskResult,public,false,false,true,true
C:\Users\simon\Documents\Code\thesis-code\commons-numbers-master\commons-numbers-examples\examples-jmh\target\generated-sources\annotations\org\apache\commons\numbers\examples\jmh\complex\jmh_generated\ComplexPerformance_exp_jmhTest.java,ComplexPerformance_exp_jmhTest.java,ComplexPerformance_exp_jmhTest,exp_sample_jmhStub,10,14,void,public; static,false,false,true,true
C:\Users\simon\Documents\Code\thesis-code\commons-numbers-master\commons-numbers-examples\examples-jmh\target\generated-sources\annotations\org\apache\commons\numbers\examples\jmh\complex\jmh_generated\ComplexPerformance_exp_jmhTest.java,ComplexPerformance_exp_jmhTest.java,ComplexPerformance_exp_jmhTest,exp_SingleShotTime,6,2,BenchmarkTaskResult,public,false,false,true,true
C:\Users\simon\Documents\Code\thesis-code\commons-numbers-master\commons-numbers-examples\examples-jmh\target\generated-sources\annotations\org\apache\commons\numbers\examples\jmh\complex\jmh_generated\ComplexPerformance_exp_jmhTest.java,ComplexPerformance_exp_jmhTest.java,ComplexPerformance_exp_jmhTest,exp_ss_jmhStub,5,11,void,public; static,false,false,true,true
C:\Users\simon\Documents\Code\thesis-code\commons-numbers-master\commons-numbers-examples\examples-jmh\target\generated-sources\annotations\org\apache\commons\numbers\examples\jmh\complex\jmh_generated\ComplexPerformance_exp_jmhTest.java,ComplexPerformance_exp_jmhTest.java,ComplexPerformance_exp_jmhTest,_jmh_tryInit_f_complexnumbers1_G,4,1,ComplexPerformance_ComplexNumbers_jmhType,,false,false,true,true
C:\Users\simon\Documents\Code\thesis-code\commons-numbers-master\commons-numbers-examples\examples-jmh\target\generated-sources\annotations\org\apache\commons\numbers\examples\jmh\complex\jmh_generated\ComplexPerformance_exp_jmhTest.java,ComplexPerformance_exp_jmhTest.java,ComplexPerformance_exp_jmhTest,_jmh_tryInit_f_complexperformance0_G,4,1,ComplexPerformance_jmhType,,false,false,true,true
C:\Users\simon\Documents\Code\thesis-code\commons-numbers-master\commons-numbers-examples\examples-jmh\target\generated-sources\annotations\org\apache\commons\numbers\examples\jmh\complex\jmh_generated\ComplexPerformance_imag_jmhTest.java,ComplexPerformance_imag_jmhTest.java,ComplexPerformance_imag_jmhTest,imag_Throughput,6,2,BenchmarkTaskResult,public,false,false,true,true
C:\Users\simon\Documents\Code\thesis-code\commons-numbers-master\commons-numbers-examples\examples-jmh\target\generated-sources\annotations\org\apache\commons\numbers\examples\jmh\complex\jmh_generated\ComplexPerformance_imag_jmhTest.java,ComplexPerformance_imag_jmhTest.java,ComplexPerformance_imag_jmhTest,imag_thrpt_jmhStub,7,10,void,public; static,false,false,true,true
C:\Users\simon\Documents\Code\thesis-code\commons-numbers-master\commons-numbers-examples\examples-jmh\target\generated-sources\annotations\org\apache\commons\numbers\examples\jmh\complex\jmh_generated\ComplexPerformance_imag_jmhTest.java,ComplexPerformance_imag_jmhTest.java,ComplexPerformance_imag_jmhTest,imag_AverageTime,6,2,BenchmarkTaskResult,public,false,false,true,true
C:\Users\simon\Documents\Code\thesis-code\commons-numbers-master\commons-numbers-examples\examples-jmh\target\generated-sources\annotations\org\apache\commons\numbers\examples\jmh\complex\jmh_generated\ComplexPerformance_imag_jmhTest.java,ComplexPerformance_imag_jmhTest.java,ComplexPerformance_imag_jmhTest,imag_avgt_jmhStub,7,10,void,public; static,false,false,true,true
C:\Users\simon\Documents\Code\thesis-code\commons-numbers-master\commons-numbers-examples\examples-jmh\target\generated-sources\annotations\org\apache\commons\numbers\examples\jmh\complex\jmh_generated\ComplexPerformance_imag_jmhTest.java,ComplexPerformance_imag_jmhTest.java,ComplexPerformance_imag_jmhTest,imag_SampleTime,6,2,BenchmarkTaskResult,public,false,false,true,true
C:\Users\simon\Documents\Code\thesis-code\commons-numbers-master\commons-numbers-examples\examples-jmh\target\generated-sources\annotations\org\apache\commons\numbers\examples\jmh\complex\jmh_generated\ComplexPerformance_imag_jmhTest.java,ComplexPerformance_imag_jmhTest.java,ComplexPerformance_imag_jmhTest,imag_sample_jmhStub,10,14,void,public; static,false,false,true,true
C:\Users\simon\Documents\Code\thesis-code\commons-numbers-master\commons-numbers-examples\examples-jmh\target\generated-sources\annotations\org\apache\commons\numbers\examples\jmh\complex\jmh_generated\ComplexPerformance_imag_jmhTest.java,ComplexPerformance_imag_jmhTest.java,ComplexPerformance_imag_jmhTest,imag_SingleShotTime,6,2,BenchmarkTaskResult,public,false,false,true,true
C:\Users\simon\Documents\Code\thesis-code\commons-numbers-master\commons-numbers-examples\examples-jmh\target\generated-sources\annotations\org\apache\commons\numbers\examples\jmh\complex\jmh_generated\ComplexPerformance_imag_jmhTest.java,ComplexPerformance_imag_jmhTest.java,ComplexPerformance_imag_jmhTest,imag_ss_jmhStub,5,11,void,public; static,false,false,true,true
C:\Users\simon\Documents\Code\thesis-code\commons-numbers-master\commons-numbers-examples\examples-jmh\target\generated-sources\annotations\org\apache\commons\numbers\examples\jmh\complex\jmh_generated\ComplexPerformance_imag_jmhTest.java,ComplexPerformance_imag_jmhTest.java,ComplexPerformance_imag_jmhTest,_jmh_tryInit_f_complexnumbers1_G,4,1,ComplexPerformance_ComplexNumbers_jmhType,,false,false,true,true
C:\Users\simon\Documents\Code\thesis-code\commons-numbers-master\commons-numbers-examples\examples-jmh\target\generated-sources\annotations\org\apache\commons\numbers\examples\jmh\complex\jmh_generated\ComplexPerformance_imag_jmhTest.java,ComplexPerformance_imag_jmhTest.java,ComplexPerformance_imag_jmhTest,_jmh_tryInit_f_complexperformance0_G,4,1,ComplexPerformance_jmhType,,false,false,true,true
C:\Users\simon\Documents\Code\thesis-code\commons-numbers-master\commons-numbers-examples\examples-jmh\target\generated-sources\annotations\org\apache\commons\numbers\examples\jmh\complex\jmh_generated\ComplexPerformance_isFinite_jmhTest.java,ComplexPerformance_isFinite_jmhTest.java,ComplexPerformance_isFinite_jmhTest,isFinite_Throughput,6,2,BenchmarkTaskResult,public,false,false,true,true
C:\Users\simon\Documents\Code\thesis-code\commons-numbers-master\commons-numbers-examples\examples-jmh\target\generated-sources\annotations\org\apache\commons\numbers\examples\jmh\complex\jmh_generated\ComplexPerformance_isFinite_jmhTest.java,ComplexPerformance_isFinite_jmhTest.java,ComplexPerformance_isFinite_jmhTest,isFinite_thrpt_jmhStub,7,10,void,public; static,false,false,true,true
C:\Users\simon\Documents\Code\thesis-code\commons-numbers-master\commons-numbers-examples\examples-jmh\target\generated-sources\annotations\org\apache\commons\numbers\examples\jmh\complex\jmh_generated\ComplexPerformance_isFinite_jmhTest.java,ComplexPerformance_isFinite_jmhTest.java,ComplexPerformance_isFinite_jmhTest,isFinite_AverageTime,6,2,BenchmarkTaskResult,public,false,false,true,true
C:\Users\simon\Documents\Code\thesis-code\commons-numbers-master\commons-numbers-examples\examples-jmh\target\generated-sources\annotations\org\apache\commons\numbers\examples\jmh\complex\jmh_generated\ComplexPerformance_isFinite_jmhTest.java,ComplexPerformance_isFinite_jmhTest.java,ComplexPerformance_isFinite_jmhTest,isFinite_avgt_jmhStub,7,10,void,public; static,false,false,true,true
C:\Users\simon\Documents\Code\thesis-code\commons-numbers-master\commons-numbers-examples\examples-jmh\target\generated-sources\annotations\org\apache\commons\numbers\examples\jmh\complex\jmh_generated\ComplexPerformance_isFinite_jmhTest.java,ComplexPerformance_isFinite_jmhTest.java,ComplexPerformance_isFinite_jmhTest,isFinite_SampleTime,6,2,BenchmarkTaskResult,public,false,false,true,true
C:\Users\simon\Documents\Code\thesis-code\commons-numbers-master\commons-numbers-examples\examples-jmh\target\generated-sources\annotations\org\apache\commons\numbers\examples\jmh\complex\jmh_generated\ComplexPerformance_isFinite_jmhTest.java,ComplexPerformance_isFinite_jmhTest.java,ComplexPerformance_isFinite_jmhTest,isFinite_sample_jmhStub,10,14,void,public; static,false,false,true,true
C:\Users\simon\Documents\Code\thesis-code\commons-numbers-master\commons-numbers-examples\examples-jmh\target\generated-sources\annotations\org\apache\commons\numbers\examples\jmh\complex\jmh_generated\ComplexPerformance_isFinite_jmhTest.java,ComplexPerformance_isFinite_jmhTest.java,ComplexPerformance_isFinite_jmhTest,isFinite_SingleShotTime,6,2,BenchmarkTaskResult,public,false,false,true,true
C:\Users\simon\Documents\Code\thesis-code\commons-numbers-master\commons-numbers-examples\examples-jmh\target\generated-sources\annotations\org\apache\commons\numbers\examples\jmh\complex\jmh_generated\ComplexPerformance_isFinite_jmhTest.java,ComplexPerformance_isFinite_jmhTest.java,ComplexPerformance_isFinite_jmhTest,isFinite_ss_jmhStub,5,11,void,public; static,false,false,true,true
C:\Users\simon\Documents\Code\thesis-code\commons-numbers-master\commons-numbers-examples\examples-jmh\target\generated-sources\annotations\org\apache\commons\numbers\examples\jmh\complex\jmh_generated\ComplexPerformance_isFinite_jmhTest.java,ComplexPerformance_isFinite_jmhTest.java,ComplexPerformance_isFinite_jmhTest,_jmh_tryInit_f_complexnumbers1_G,4,1,ComplexPerformance_ComplexNumbers_jmhType,,false,false,true,true
C:\Users\simon\Documents\Code\thesis-code\commons-numbers-master\commons-numbers-examples\examples-jmh\target\generated-sources\annotations\org\apache\commons\numbers\examples\jmh\complex\jmh_generated\ComplexPerformance_isFinite_jmhTest.java,ComplexPerformance_isFinite_jmhTest.java,ComplexPerformance_isFinite_jmhTest,_jmh_tryInit_f_complexperformance0_G,4,1,ComplexPerformance_jmhType,,false,false,true,true
C:\Users\simon\Documents\Code\thesis-code\commons-numbers-master\commons-numbers-examples\examples-jmh\target\generated-sources\annotations\org\apache\commons\numbers\examples\jmh\complex\jmh_generated\ComplexPerformance_isInfinite_jmhTest.java,ComplexPerformance_isInfinite_jmhTest.java,ComplexPerformance_isInfinite_jmhTest,isInfinite_Throughput,6,2,BenchmarkTaskResult,public,false,false,true,true
C:\Users\simon\Documents\Code\thesis-code\commons-numbers-master\commons-numbers-examples\examples-jmh\target\generated-sources\annotations\org\apache\commons\numbers\examples\jmh\complex\jmh_generated\ComplexPerformance_isInfinite_jmhTest.java,ComplexPerformance_isInfinite_jmhTest.java,ComplexPerformance_isInfinite_jmhTest,isInfinite_thrpt_jmhStub,7,10,void,public; static,false,false,true,true
C:\Users\simon\Documents\Code\thesis-code\commons-numbers-master\commons-numbers-examples\examples-jmh\target\generated-sources\annotations\org\apache\commons\numbers\examples\jmh\complex\jmh_generated\ComplexPerformance_isInfinite_jmhTest.java,ComplexPerformance_isInfinite_jmhTest.java,ComplexPerformance_isInfinite_jmhTest,isInfinite_AverageTime,6,2,BenchmarkTaskResult,public,false,false,true,true
C:\Users\simon\Documents\Code\thesis-code\commons-numbers-master\commons-numbers-examples\examples-jmh\target\generated-sources\annotations\org\apache\commons\numbers\examples\jmh\complex\jmh_generated\ComplexPerformance_isInfinite_jmhTest.java,ComplexPerformance_isInfinite_jmhTest.java,ComplexPerformance_isInfinite_jmhTest,isInfinite_avgt_jmhStub,7,10,void,public; static,false,false,true,true
C:\Users\simon\Documents\Code\thesis-code\commons-numbers-master\commons-numbers-examples\examples-jmh\target\generated-sources\annotations\org\apache\commons\numbers\examples\jmh\complex\jmh_generated\ComplexPerformance_isInfinite_jmhTest.java,ComplexPerformance_isInfinite_jmhTest.java,ComplexPerformance_isInfinite_jmhTest,isInfinite_SampleTime,6,2,BenchmarkTaskResult,public,false,false,true,true
C:\Users\simon\Documents\Code\thesis-code\commons-numbers-master\commons-numbers-examples\examples-jmh\target\generated-sources\annotations\org\apache\commons\numbers\examples\jmh\complex\jmh_generated\ComplexPerformance_isInfinite_jmhTest.java,ComplexPerformance_isInfinite_jmhTest.java,ComplexPerformance_isInfinite_jmhTest,isInfinite_sample_jmhStub,10,14,void,public; static,false,false,true,true
C:\Users\simon\Documents\Code\thesis-code\commons-numbers-master\commons-numbers-examples\examples-jmh\target\generated-sources\annotations\org\apache\commons\numbers\examples\jmh\complex\jmh_generated\ComplexPerformance_isInfinite_jmhTest.java,ComplexPerformance_isInfinite_jmhTest.java,ComplexPerformance_isInfinite_jmhTest,isInfinite_SingleShotTime,6,2,BenchmarkTaskResult,public,false,false,true,true
C:\Users\simon\Documents\Code\thesis-code\commons-numbers-master\commons-numbers-examples\examples-jmh\target\generated-sources\annotations\org\apache\commons\numbers\examples\jmh\complex\jmh_generated\ComplexPerformance_isInfinite_jmhTest.java,ComplexPerformance_isInfinite_jmhTest.java,ComplexPerformance_isInfinite_jmhTest,isInfinite_ss_jmhStub,5,11,void,public; static,false,false,true,true
C:\Users\simon\Documents\Code\thesis-code\commons-numbers-master\commons-numbers-examples\examples-jmh\target\generated-sources\annotations\org\apache\commons\numbers\examples\jmh\complex\jmh_generated\ComplexPerformance_isInfinite_jmhTest.java,ComplexPerformance_isInfinite_jmhTest.java,ComplexPerformance_isInfinite_jmhTest,_jmh_tryInit_f_complexnumbers1_G,4,1,ComplexPerformance_ComplexNumbers_jmhType,,false,false,true,true
C:\Users\simon\Documents\Code\thesis-code\commons-numbers-master\commons-numbers-examples\examples-jmh\target\generated-sources\annotations\org\apache\commons\numbers\examples\jmh\complex\jmh_generated\ComplexPerformance_isInfinite_jmhTest.java,ComplexPerformance_isInfinite_jmhTest.java,ComplexPerformance_isInfinite_jmhTest,_jmh_tryInit_f_complexperformance0_G,4,1,ComplexPerformance_jmhType,,false,false,true,true
C:\Users\simon\Documents\Code\thesis-code\commons-numbers-master\commons-numbers-examples\examples-jmh\target\generated-sources\annotations\org\apache\commons\numbers\examples\jmh\complex\jmh_generated\ComplexPerformance_isNaN_jmhTest.java,ComplexPerformance_isNaN_jmhTest.java,ComplexPerformance_isNaN_jmhTest,isNaN_Throughput,6,2,BenchmarkTaskResult,public,false,false,true,true
C:\Users\simon\Documents\Code\thesis-code\commons-numbers-master\commons-numbers-examples\examples-jmh\target\generated-sources\annotations\org\apache\commons\numbers\examples\jmh\complex\jmh_generated\ComplexPerformance_isNaN_jmhTest.java,ComplexPerformance_isNaN_jmhTest.java,ComplexPerformance_isNaN_jmhTest,isNaN_thrpt_jmhStub,7,10,void,public; static,false,false,true,true
C:\Users\simon\Documents\Code\thesis-code\commons-numbers-master\commons-numbers-examples\examples-jmh\target\generated-sources\annotations\org\apache\commons\numbers\examples\jmh\complex\jmh_generated\ComplexPerformance_isNaN_jmhTest.java,ComplexPerformance_isNaN_jmhTest.java,ComplexPerformance_isNaN_jmhTest,isNaN_AverageTime,6,2,BenchmarkTaskResult,public,false,false,true,true
C:\Users\simon\Documents\Code\thesis-code\commons-numbers-master\commons-numbers-examples\examples-jmh\target\generated-sources\annotations\org\apache\commons\numbers\examples\jmh\complex\jmh_generated\ComplexPerformance_isNaN_jmhTest.java,ComplexPerformance_isNaN_jmhTest.java,ComplexPerformance_isNaN_jmhTest,isNaN_avgt_jmhStub,7,10,void,public; static,false,false,true,true
C:\Users\simon\Documents\Code\thesis-code\commons-numbers-master\commons-numbers-examples\examples-jmh\target\generated-sources\annotations\org\apache\commons\numbers\examples\jmh\complex\jmh_generated\ComplexPerformance_isNaN_jmhTest.java,ComplexPerformance_isNaN_jmhTest.java,ComplexPerformance_isNaN_jmhTest,isNaN_SampleTime,6,2,BenchmarkTaskResult,public,false,false,true,true
C:\Users\simon\Documents\Code\thesis-code\commons-numbers-master\commons-numbers-examples\examples-jmh\target\generated-sources\annotations\org\apache\commons\numbers\examples\jmh\complex\jmh_generated\ComplexPerformance_isNaN_jmhTest.java,ComplexPerformance_isNaN_jmhTest.java,ComplexPerformance_isNaN_jmhTest,isNaN_sample_jmhStub,10,14,void,public; static,false,false,true,true
C:\Users\simon\Documents\Code\thesis-code\commons-numbers-master\commons-numbers-examples\examples-jmh\target\generated-sources\annotations\org\apache\commons\numbers\examples\jmh\complex\jmh_generated\ComplexPerformance_isNaN_jmhTest.java,ComplexPerformance_isNaN_jmhTest.java,ComplexPerformance_isNaN_jmhTest,isNaN_SingleShotTime,6,2,BenchmarkTaskResult,public,false,false,true,true
C:\Users\simon\Documents\Code\thesis-code\commons-numbers-master\commons-numbers-examples\examples-jmh\target\generated-sources\annotations\org\apache\commons\numbers\examples\jmh\complex\jmh_generated\ComplexPerformance_isNaN_jmhTest.java,ComplexPerformance_isNaN_jmhTest.java,ComplexPerformance_isNaN_jmhTest,isNaN_ss_jmhStub,5,11,void,public; static,false,false,true,true
C:\Users\simon\Documents\Code\thesis-code\commons-numbers-master\commons-numbers-examples\examples-jmh\target\generated-sources\annotations\org\apache\commons\numbers\examples\jmh\complex\jmh_generated\ComplexPerformance_isNaN_jmhTest.java,ComplexPerformance_isNaN_jmhTest.java,ComplexPerformance_isNaN_jmhTest,_jmh_tryInit_f_complexnumbers1_G,4,1,ComplexPerformance_ComplexNumbers_jmhType,,false,false,true,true
C:\Users\simon\Documents\Code\thesis-code\commons-numbers-master\commons-numbers-examples\examples-jmh\target\generated-sources\annotations\org\apache\commons\numbers\examples\jmh\complex\jmh_generated\ComplexPerformance_isNaN_jmhTest.java,ComplexPerformance_isNaN_jmhTest.java,ComplexPerformance_isNaN_jmhTest,_jmh_tryInit_f_complexperformance0_G,4,1,ComplexPerformance_jmhType,,false,false,true,true
C:\Users\simon\Documents\Code\thesis-code\commons-numbers-master\commons-numbers-examples\examples-jmh\target\generated-sources\annotations\org\apache\commons\numbers\examples\jmh\complex\jmh_generated\ComplexPerformance_log10_jmhTest.java,ComplexPerformance_log10_jmhTest.java,ComplexPerformance_log10_jmhTest,log10_Throughput,6,2,BenchmarkTaskResult,public,false,false,true,true
C:\Users\simon\Documents\Code\thesis-code\commons-numbers-master\commons-numbers-examples\examples-jmh\target\generated-sources\annotations\org\apache\commons\numbers\examples\jmh\complex\jmh_generated\ComplexPerformance_log10_jmhTest.java,ComplexPerformance_log10_jmhTest.java,ComplexPerformance_log10_jmhTest,log10_thrpt_jmhStub,7,10,void,public; static,false,false,true,true
C:\Users\simon\Documents\Code\thesis-code\commons-numbers-master\commons-numbers-examples\examples-jmh\target\generated-sources\annotations\org\apache\commons\numbers\examples\jmh\complex\jmh_generated\ComplexPerformance_log10_jmhTest.java,ComplexPerformance_log10_jmhTest.java,ComplexPerformance_log10_jmhTest,log10_AverageTime,6,2,BenchmarkTaskResult,public,false,false,true,true
C:\Users\simon\Documents\Code\thesis-code\commons-numbers-master\commons-numbers-examples\examples-jmh\target\generated-sources\annotations\org\apache\commons\numbers\examples\jmh\complex\jmh_generated\ComplexPerformance_log10_jmhTest.java,ComplexPerformance_log10_jmhTest.java,ComplexPerformance_log10_jmhTest,log10_avgt_jmhStub,7,10,void,public; static,false,false,true,true
C:\Users\simon\Documents\Code\thesis-code\commons-numbers-master\commons-numbers-examples\examples-jmh\target\generated-sources\annotations\org\apache\commons\numbers\examples\jmh\complex\jmh_generated\ComplexPerformance_log10_jmhTest.java,ComplexPerformance_log10_jmhTest.java,ComplexPerformance_log10_jmhTest,log10_SampleTime,6,2,BenchmarkTaskResult,public,false,false,true,true
C:\Users\simon\Documents\Code\thesis-code\commons-numbers-master\commons-numbers-examples\examples-jmh\target\generated-sources\annotations\org\apache\commons\numbers\examples\jmh\complex\jmh_generated\ComplexPerformance_log10_jmhTest.java,ComplexPerformance_log10_jmhTest.java,ComplexPerformance_log10_jmhTest,log10_sample_jmhStub,10,14,void,public; static,false,false,true,true
C:\Users\simon\Documents\Code\thesis-code\commons-numbers-master\commons-numbers-examples\examples-jmh\target\generated-sources\annotations\org\apache\commons\numbers\examples\jmh\complex\jmh_generated\ComplexPerformance_log10_jmhTest.java,ComplexPerformance_log10_jmhTest.java,ComplexPerformance_log10_jmhTest,log10_SingleShotTime,6,2,BenchmarkTaskResult,public,false,false,true,true
C:\Users\simon\Documents\Code\thesis-code\commons-numbers-master\commons-numbers-examples\examples-jmh\target\generated-sources\annotations\org\apache\commons\numbers\examples\jmh\complex\jmh_generated\ComplexPerformance_log10_jmhTest.java,ComplexPerformance_log10_jmhTest.java,ComplexPerformance_log10_jmhTest,log10_ss_jmhStub,5,11,void,public; static,false,false,true,true
C:\Users\simon\Documents\Code\thesis-code\commons-numbers-master\commons-numbers-examples\examples-jmh\target\generated-sources\annotations\org\apache\commons\numbers\examples\jmh\complex\jmh_generated\ComplexPerformance_log10_jmhTest.java,ComplexPerformance_log10_jmhTest.java,ComplexPerformance_log10_jmhTest,_jmh_tryInit_f_complexnumbers1_G,4,1,ComplexPerformance_ComplexNumbers_jmhType,,false,false,true,true
C:\Users\simon\Documents\Code\thesis-code\commons-numbers-master\commons-numbers-examples\examples-jmh\target\generated-sources\annotations\org\apache\commons\numbers\examples\jmh\complex\jmh_generated\ComplexPerformance_log10_jmhTest.java,ComplexPerformance_log10_jmhTest.java,ComplexPerformance_log10_jmhTest,_jmh_tryInit_f_complexperformance0_G,4,1,ComplexPerformance_jmhType,,false,false,true,true
C:\Users\simon\Documents\Code\thesis-code\commons-numbers-master\commons-numbers-examples\examples-jmh\target\generated-sources\annotations\org\apache\commons\numbers\examples\jmh\complex\jmh_generated\ComplexPerformance_log_jmhTest.java,ComplexPerformance_log_jmhTest.java,ComplexPerformance_log_jmhTest,log_Throughput,6,2,BenchmarkTaskResult,public,false,false,true,true
C:\Users\simon\Documents\Code\thesis-code\commons-numbers-master\commons-numbers-examples\examples-jmh\target\generated-sources\annotations\org\apache\commons\numbers\examples\jmh\complex\jmh_generated\ComplexPerformance_log_jmhTest.java,ComplexPerformance_log_jmhTest.java,ComplexPerformance_log_jmhTest,log_thrpt_jmhStub,7,10,void,public; static,false,false,true,true
C:\Users\simon\Documents\Code\thesis-code\commons-numbers-master\commons-numbers-examples\examples-jmh\target\generated-sources\annotations\org\apache\commons\numbers\examples\jmh\complex\jmh_generated\ComplexPerformance_log_jmhTest.java,ComplexPerformance_log_jmhTest.java,ComplexPerformance_log_jmhTest,log_AverageTime,6,2,BenchmarkTaskResult,public,false,false,true,true
C:\Users\simon\Documents\Code\thesis-code\commons-numbers-master\commons-numbers-examples\examples-jmh\target\generated-sources\annotations\org\apache\commons\numbers\examples\jmh\complex\jmh_generated\ComplexPerformance_log_jmhTest.java,ComplexPerformance_log_jmhTest.java,ComplexPerformance_log_jmhTest,log_avgt_jmhStub,7,10,void,public; static,false,false,true,true
C:\Users\simon\Documents\Code\thesis-code\commons-numbers-master\commons-numbers-examples\examples-jmh\target\generated-sources\annotations\org\apache\commons\numbers\examples\jmh\complex\jmh_generated\ComplexPerformance_log_jmhTest.java,ComplexPerformance_log_jmhTest.java,ComplexPerformance_log_jmhTest,log_SampleTime,6,2,BenchmarkTaskResult,public,false,false,true,true
C:\Users\simon\Documents\Code\thesis-code\commons-numbers-master\commons-numbers-examples\examples-jmh\target\generated-sources\annotations\org\apache\commons\numbers\examples\jmh\complex\jmh_generated\ComplexPerformance_log_jmhTest.java,ComplexPerformance_log_jmhTest.java,ComplexPerformance_log_jmhTest,log_sample_jmhStub,10,14,void,public; static,false,false,true,true
C:\Users\simon\Documents\Code\thesis-code\commons-numbers-master\commons-numbers-examples\examples-jmh\target\generated-sources\annotations\org\apache\commons\numbers\examples\jmh\complex\jmh_generated\ComplexPerformance_log_jmhTest.java,ComplexPerformance_log_jmhTest.java,ComplexPerformance_log_jmhTest,log_SingleShotTime,6,2,BenchmarkTaskResult,public,false,false,true,true
C:\Users\simon\Documents\Code\thesis-code\commons-numbers-master\commons-numbers-examples\examples-jmh\target\generated-sources\annotations\org\apache\commons\numbers\examples\jmh\complex\jmh_generated\ComplexPerformance_log_jmhTest.java,ComplexPerformance_log_jmhTest.java,ComplexPerformance_log_jmhTest,log_ss_jmhStub,5,11,void,public; static,false,false,true,true
C:\Users\simon\Documents\Code\thesis-code\commons-numbers-master\commons-numbers-examples\examples-jmh\target\generated-sources\annotations\org\apache\commons\numbers\examples\jmh\complex\jmh_generated\ComplexPerformance_log_jmhTest.java,ComplexPerformance_log_jmhTest.java,ComplexPerformance_log_jmhTest,_jmh_tryInit_f_complexnumbers1_G,4,1,ComplexPerformance_ComplexNumbers_jmhType,,false,false,true,true
C:\Users\simon\Documents\Code\thesis-code\commons-numbers-master\commons-numbers-examples\examples-jmh\target\generated-sources\annotations\org\apache\commons\numbers\examples\jmh\complex\jmh_generated\ComplexPerformance_log_jmhTest.java,ComplexPerformance_log_jmhTest.java,ComplexPerformance_log_jmhTest,_jmh_tryInit_f_complexperformance0_G,4,1,ComplexPerformance_jmhType,,false,false,true,true
C:\Users\simon\Documents\Code\thesis-code\commons-numbers-master\commons-numbers-examples\examples-jmh\target\generated-sources\annotations\org\apache\commons\numbers\examples\jmh\complex\jmh_generated\ComplexPerformance_multiplyReal_jmhTest.java,ComplexPerformance_multiplyReal_jmhTest.java,ComplexPerformance_multiplyReal_jmhTest,multiplyReal_Throughput,6,2,BenchmarkTaskResult,public,false,false,true,true
C:\Users\simon\Documents\Code\thesis-code\commons-numbers-master\commons-numbers-examples\examples-jmh\target\generated-sources\annotations\org\apache\commons\numbers\examples\jmh\complex\jmh_generated\ComplexPerformance_multiplyReal_jmhTest.java,ComplexPerformance_multiplyReal_jmhTest.java,ComplexPerformance_multiplyReal_jmhTest,multiplyReal_thrpt_jmhStub,7,10,void,public; static,false,false,true,true
C:\Users\simon\Documents\Code\thesis-code\commons-numbers-master\commons-numbers-examples\examples-jmh\target\generated-sources\annotations\org\apache\commons\numbers\examples\jmh\complex\jmh_generated\ComplexPerformance_multiplyReal_jmhTest.java,ComplexPerformance_multiplyReal_jmhTest.java,ComplexPerformance_multiplyReal_jmhTest,multiplyReal_AverageTime,6,2,BenchmarkTaskResult,public,false,false,true,true
C:\Users\simon\Documents\Code\thesis-code\commons-numbers-master\commons-numbers-examples\examples-jmh\target\generated-sources\annotations\org\apache\commons\numbers\examples\jmh\complex\jmh_generated\ComplexPerformance_multiplyReal_jmhTest.java,ComplexPerformance_multiplyReal_jmhTest.java,ComplexPerformance_multiplyReal_jmhTest,multiplyReal_avgt_jmhStub,7,10,void,public; static,false,false,true,true
C:\Users\simon\Documents\Code\thesis-code\commons-numbers-master\commons-numbers-examples\examples-jmh\target\generated-sources\annotations\org\apache\commons\numbers\examples\jmh\complex\jmh_generated\ComplexPerformance_multiplyReal_jmhTest.java,ComplexPerformance_multiplyReal_jmhTest.java,ComplexPerformance_multiplyReal_jmhTest,multiplyReal_SampleTime,6,2,BenchmarkTaskResult,public,false,false,true,true
C:\Users\simon\Documents\Code\thesis-code\commons-numbers-master\commons-numbers-examples\examples-jmh\target\generated-sources\annotations\org\apache\commons\numbers\examples\jmh\complex\jmh_generated\ComplexPerformance_multiplyReal_jmhTest.java,ComplexPerformance_multiplyReal_jmhTest.java,ComplexPerformance_multiplyReal_jmhTest,multiplyReal_sample_jmhStub,10,14,void,public; static,false,false,true,true
C:\Users\simon\Documents\Code\thesis-code\commons-numbers-master\commons-numbers-examples\examples-jmh\target\generated-sources\annotations\org\apache\commons\numbers\examples\jmh\complex\jmh_generated\ComplexPerformance_multiplyReal_jmhTest.java,ComplexPerformance_multiplyReal_jmhTest.java,ComplexPerformance_multiplyReal_jmhTest,multiplyReal_SingleShotTime,6,2,BenchmarkTaskResult,public,false,false,true,true
C:\Users\simon\Documents\Code\thesis-code\commons-numbers-master\commons-numbers-examples\examples-jmh\target\generated-sources\annotations\org\apache\commons\numbers\examples\jmh\complex\jmh_generated\ComplexPerformance_multiplyReal_jmhTest.java,ComplexPerformance_multiplyReal_jmhTest.java,ComplexPerformance_multiplyReal_jmhTest,multiplyReal_ss_jmhStub,5,11,void,public; static,false,false,true,true
C:\Users\simon\Documents\Code\thesis-code\commons-numbers-master\commons-numbers-examples\examples-jmh\target\generated-sources\annotations\org\apache\commons\numbers\examples\jmh\complex\jmh_generated\ComplexPerformance_multiplyReal_jmhTest.java,ComplexPerformance_multiplyReal_jmhTest.java,ComplexPerformance_multiplyReal_jmhTest,_jmh_tryInit_f_complexandrealnumbers1_G,4,1,ComplexPerformance_ComplexAndRealNumbers_jmhType,,false,false,true,true
C:\Users\simon\Documents\Code\thesis-code\commons-numbers-master\commons-numbers-examples\examples-jmh\target\generated-sources\annotations\org\apache\commons\numbers\examples\jmh\complex\jmh_generated\ComplexPerformance_multiplyReal_jmhTest.java,ComplexPerformance_multiplyReal_jmhTest.java,ComplexPerformance_multiplyReal_jmhTest,_jmh_tryInit_f_complexperformance0_G,4,1,ComplexPerformance_jmhType,,false,false,true,true
C:\Users\simon\Documents\Code\thesis-code\commons-numbers-master\commons-numbers-examples\examples-jmh\target\generated-sources\annotations\org\apache\commons\numbers\examples\jmh\complex\jmh_generated\ComplexPerformance_multiply_jmhTest.java,ComplexPerformance_multiply_jmhTest.java,ComplexPerformance_multiply_jmhTest,multiply_Throughput,6,2,BenchmarkTaskResult,public,false,false,true,true
C:\Users\simon\Documents\Code\thesis-code\commons-numbers-master\commons-numbers-examples\examples-jmh\target\generated-sources\annotations\org\apache\commons\numbers\examples\jmh\complex\jmh_generated\ComplexPerformance_multiply_jmhTest.java,ComplexPerformance_multiply_jmhTest.java,ComplexPerformance_multiply_jmhTest,multiply_thrpt_jmhStub,7,10,void,public; static,false,false,true,true
C:\Users\simon\Documents\Code\thesis-code\commons-numbers-master\commons-numbers-examples\examples-jmh\target\generated-sources\annotations\org\apache\commons\numbers\examples\jmh\complex\jmh_generated\ComplexPerformance_multiply_jmhTest.java,ComplexPerformance_multiply_jmhTest.java,ComplexPerformance_multiply_jmhTest,multiply_AverageTime,6,2,BenchmarkTaskResult,public,false,false,true,true
C:\Users\simon\Documents\Code\thesis-code\commons-numbers-master\commons-numbers-examples\examples-jmh\target\generated-sources\annotations\org\apache\commons\numbers\examples\jmh\complex\jmh_generated\ComplexPerformance_multiply_jmhTest.java,ComplexPerformance_multiply_jmhTest.java,ComplexPerformance_multiply_jmhTest,multiply_avgt_jmhStub,7,10,void,public; static,false,false,true,true
C:\Users\simon\Documents\Code\thesis-code\commons-numbers-master\commons-numbers-examples\examples-jmh\target\generated-sources\annotations\org\apache\commons\numbers\examples\jmh\complex\jmh_generated\ComplexPerformance_multiply_jmhTest.java,ComplexPerformance_multiply_jmhTest.java,ComplexPerformance_multiply_jmhTest,multiply_SampleTime,6,2,BenchmarkTaskResult,public,false,false,true,true
C:\Users\simon\Documents\Code\thesis-code\commons-numbers-master\commons-numbers-examples\examples-jmh\target\generated-sources\annotations\org\apache\commons\numbers\examples\jmh\complex\jmh_generated\ComplexPerformance_multiply_jmhTest.java,ComplexPerformance_multiply_jmhTest.java,ComplexPerformance_multiply_jmhTest,multiply_sample_jmhStub,10,14,void,public; static,false,false,true,true
C:\Users\simon\Documents\Code\thesis-code\commons-numbers-master\commons-numbers-examples\examples-jmh\target\generated-sources\annotations\org\apache\commons\numbers\examples\jmh\complex\jmh_generated\ComplexPerformance_multiply_jmhTest.java,ComplexPerformance_multiply_jmhTest.java,ComplexPerformance_multiply_jmhTest,multiply_SingleShotTime,6,2,BenchmarkTaskResult,public,false,false,true,true
C:\Users\simon\Documents\Code\thesis-code\commons-numbers-master\commons-numbers-examples\examples-jmh\target\generated-sources\annotations\org\apache\commons\numbers\examples\jmh\complex\jmh_generated\ComplexPerformance_multiply_jmhTest.java,ComplexPerformance_multiply_jmhTest.java,ComplexPerformance_multiply_jmhTest,multiply_ss_jmhStub,5,11,void,public; static,false,false,true,true
C:\Users\simon\Documents\Code\thesis-code\commons-numbers-master\commons-numbers-examples\examples-jmh\target\generated-sources\annotations\org\apache\commons\numbers\examples\jmh\complex\jmh_generated\ComplexPerformance_multiply_jmhTest.java,ComplexPerformance_multiply_jmhTest.java,ComplexPerformance_multiply_jmhTest,_jmh_tryInit_f_complexperformance0_G,4,1,ComplexPerformance_jmhType,,false,false,true,true
C:\Users\simon\Documents\Code\thesis-code\commons-numbers-master\commons-numbers-examples\examples-jmh\target\generated-sources\annotations\org\apache\commons\numbers\examples\jmh\complex\jmh_generated\ComplexPerformance_multiply_jmhTest.java,ComplexPerformance_multiply_jmhTest.java,ComplexPerformance_multiply_jmhTest,_jmh_tryInit_f_twocomplexnumbers1_G,4,1,ComplexPerformance_TwoComplexNumbers_jmhType,,false,false,true,true
C:\Users\simon\Documents\Code\thesis-code\commons-numbers-master\commons-numbers-examples\examples-jmh\target\generated-sources\annotations\org\apache\commons\numbers\examples\jmh\complex\jmh_generated\ComplexPerformance_negate_jmhTest.java,ComplexPerformance_negate_jmhTest.java,ComplexPerformance_negate_jmhTest,negate_Throughput,6,2,BenchmarkTaskResult,public,false,false,true,true
C:\Users\simon\Documents\Code\thesis-code\commons-numbers-master\commons-numbers-examples\examples-jmh\target\generated-sources\annotations\org\apache\commons\numbers\examples\jmh\complex\jmh_generated\ComplexPerformance_negate_jmhTest.java,ComplexPerformance_negate_jmhTest.java,ComplexPerformance_negate_jmhTest,negate_thrpt_jmhStub,7,10,void,public; static,false,false,true,true
C:\Users\simon\Documents\Code\thesis-code\commons-numbers-master\commons-numbers-examples\examples-jmh\target\generated-sources\annotations\org\apache\commons\numbers\examples\jmh\complex\jmh_generated\ComplexPerformance_negate_jmhTest.java,ComplexPerformance_negate_jmhTest.java,ComplexPerformance_negate_jmhTest,negate_AverageTime,6,2,BenchmarkTaskResult,public,false,false,true,true
C:\Users\simon\Documents\Code\thesis-code\commons-numbers-master\commons-numbers-examples\examples-jmh\target\generated-sources\annotations\org\apache\commons\numbers\examples\jmh\complex\jmh_generated\ComplexPerformance_negate_jmhTest.java,ComplexPerformance_negate_jmhTest.java,ComplexPerformance_negate_jmhTest,negate_avgt_jmhStub,7,10,void,public; static,false,false,true,true
C:\Users\simon\Documents\Code\thesis-code\commons-numbers-master\commons-numbers-examples\examples-jmh\target\generated-sources\annotations\org\apache\commons\numbers\examples\jmh\complex\jmh_generated\ComplexPerformance_negate_jmhTest.java,ComplexPerformance_negate_jmhTest.java,ComplexPerformance_negate_jmhTest,negate_SampleTime,6,2,BenchmarkTaskResult,public,false,false,true,true
C:\Users\simon\Documents\Code\thesis-code\commons-numbers-master\commons-numbers-examples\examples-jmh\target\generated-sources\annotations\org\apache\commons\numbers\examples\jmh\complex\jmh_generated\ComplexPerformance_negate_jmhTest.java,ComplexPerformance_negate_jmhTest.java,ComplexPerformance_negate_jmhTest,negate_sample_jmhStub,10,14,void,public; static,false,false,true,true
C:\Users\simon\Documents\Code\thesis-code\commons-numbers-master\commons-numbers-examples\examples-jmh\target\generated-sources\annotations\org\apache\commons\numbers\examples\jmh\complex\jmh_generated\ComplexPerformance_negate_jmhTest.java,ComplexPerformance_negate_jmhTest.java,ComplexPerformance_negate_jmhTest,negate_SingleShotTime,6,2,BenchmarkTaskResult,public,false,false,true,true
C:\Users\simon\Documents\Code\thesis-code\commons-numbers-master\commons-numbers-examples\examples-jmh\target\generated-sources\annotations\org\apache\commons\numbers\examples\jmh\complex\jmh_generated\ComplexPerformance_negate_jmhTest.java,ComplexPerformance_negate_jmhTest.java,ComplexPerformance_negate_jmhTest,negate_ss_jmhStub,5,11,void,public; static,false,false,true,true
C:\Users\simon\Documents\Code\thesis-code\commons-numbers-master\commons-numbers-examples\examples-jmh\target\generated-sources\annotations\org\apache\commons\numbers\examples\jmh\complex\jmh_generated\ComplexPerformance_negate_jmhTest.java,ComplexPerformance_negate_jmhTest.java,ComplexPerformance_negate_jmhTest,_jmh_tryInit_f_complexnumbers1_G,4,1,ComplexPerformance_ComplexNumbers_jmhType,,false,false,true,true
C:\Users\simon\Documents\Code\thesis-code\commons-numbers-master\commons-numbers-examples\examples-jmh\target\generated-sources\annotations\org\apache\commons\numbers\examples\jmh\complex\jmh_generated\ComplexPerformance_negate_jmhTest.java,ComplexPerformance_negate_jmhTest.java,ComplexPerformance_negate_jmhTest,_jmh_tryInit_f_complexperformance0_G,4,1,ComplexPerformance_jmhType,,false,false,true,true
C:\Users\simon\Documents\Code\thesis-code\commons-numbers-master\commons-numbers-examples\examples-jmh\target\generated-sources\annotations\org\apache\commons\numbers\examples\jmh\complex\jmh_generated\ComplexPerformance_norm_jmhTest.java,ComplexPerformance_norm_jmhTest.java,ComplexPerformance_norm_jmhTest,norm_Throughput,6,2,BenchmarkTaskResult,public,false,false,true,true
C:\Users\simon\Documents\Code\thesis-code\commons-numbers-master\commons-numbers-examples\examples-jmh\target\generated-sources\annotations\org\apache\commons\numbers\examples\jmh\complex\jmh_generated\ComplexPerformance_norm_jmhTest.java,ComplexPerformance_norm_jmhTest.java,ComplexPerformance_norm_jmhTest,norm_thrpt_jmhStub,7,10,void,public; static,false,false,true,true
C:\Users\simon\Documents\Code\thesis-code\commons-numbers-master\commons-numbers-examples\examples-jmh\target\generated-sources\annotations\org\apache\commons\numbers\examples\jmh\complex\jmh_generated\ComplexPerformance_norm_jmhTest.java,ComplexPerformance_norm_jmhTest.java,ComplexPerformance_norm_jmhTest,norm_AverageTime,6,2,BenchmarkTaskResult,public,false,false,true,true
C:\Users\simon\Documents\Code\thesis-code\commons-numbers-master\commons-numbers-examples\examples-jmh\target\generated-sources\annotations\org\apache\commons\numbers\examples\jmh\complex\jmh_generated\ComplexPerformance_norm_jmhTest.java,ComplexPerformance_norm_jmhTest.java,ComplexPerformance_norm_jmhTest,norm_avgt_jmhStub,7,10,void,public; static,false,false,true,true
C:\Users\simon\Documents\Code\thesis-code\commons-numbers-master\commons-numbers-examples\examples-jmh\target\generated-sources\annotations\org\apache\commons\numbers\examples\jmh\complex\jmh_generated\ComplexPerformance_norm_jmhTest.java,ComplexPerformance_norm_jmhTest.java,ComplexPerformance_norm_jmhTest,norm_SampleTime,6,2,BenchmarkTaskResult,public,false,false,true,true
C:\Users\simon\Documents\Code\thesis-code\commons-numbers-master\commons-numbers-examples\examples-jmh\target\generated-sources\annotations\org\apache\commons\numbers\examples\jmh\complex\jmh_generated\ComplexPerformance_norm_jmhTest.java,ComplexPerformance_norm_jmhTest.java,ComplexPerformance_norm_jmhTest,norm_sample_jmhStub,10,14,void,public; static,false,false,true,true
C:\Users\simon\Documents\Code\thesis-code\commons-numbers-master\commons-numbers-examples\examples-jmh\target\generated-sources\annotations\org\apache\commons\numbers\examples\jmh\complex\jmh_generated\ComplexPerformance_norm_jmhTest.java,ComplexPerformance_norm_jmhTest.java,ComplexPerformance_norm_jmhTest,norm_SingleShotTime,6,2,BenchmarkTaskResult,public,false,false,true,true
C:\Users\simon\Documents\Code\thesis-code\commons-numbers-master\commons-numbers-examples\examples-jmh\target\generated-sources\annotations\org\apache\commons\numbers\examples\jmh\complex\jmh_generated\ComplexPerformance_norm_jmhTest.java,ComplexPerformance_norm_jmhTest.java,ComplexPerformance_norm_jmhTest,norm_ss_jmhStub,5,11,void,public; static,false,false,true,true
C:\Users\simon\Documents\Code\thesis-code\commons-numbers-master\commons-numbers-examples\examples-jmh\target\generated-sources\annotations\org\apache\commons\numbers\examples\jmh\complex\jmh_generated\ComplexPerformance_norm_jmhTest.java,ComplexPerformance_norm_jmhTest.java,ComplexPerformance_norm_jmhTest,_jmh_tryInit_f_complexnumbers1_G,4,1,ComplexPerformance_ComplexNumbers_jmhType,,false,false,true,true
C:\Users\simon\Documents\Code\thesis-code\commons-numbers-master\commons-numbers-examples\examples-jmh\target\generated-sources\annotations\org\apache\commons\numbers\examples\jmh\complex\jmh_generated\ComplexPerformance_norm_jmhTest.java,ComplexPerformance_norm_jmhTest.java,ComplexPerformance_norm_jmhTest,_jmh_tryInit_f_complexperformance0_G,4,1,ComplexPerformance_jmhType,,false,false,true,true
C:\Users\simon\Documents\Code\thesis-code\commons-numbers-master\commons-numbers-examples\examples-jmh\target\generated-sources\annotations\org\apache\commons\numbers\examples\jmh\complex\jmh_generated\ComplexPerformance_powReal_jmhTest.java,ComplexPerformance_powReal_jmhTest.java,ComplexPerformance_powReal_jmhTest,powReal_Throughput,6,2,BenchmarkTaskResult,public,false,false,true,true
C:\Users\simon\Documents\Code\thesis-code\commons-numbers-master\commons-numbers-examples\examples-jmh\target\generated-sources\annotations\org\apache\commons\numbers\examples\jmh\complex\jmh_generated\ComplexPerformance_powReal_jmhTest.java,ComplexPerformance_powReal_jmhTest.java,ComplexPerformance_powReal_jmhTest,powReal_thrpt_jmhStub,7,10,void,public; static,false,false,true,true
C:\Users\simon\Documents\Code\thesis-code\commons-numbers-master\commons-numbers-examples\examples-jmh\target\generated-sources\annotations\org\apache\commons\numbers\examples\jmh\complex\jmh_generated\ComplexPerformance_powReal_jmhTest.java,ComplexPerformance_powReal_jmhTest.java,ComplexPerformance_powReal_jmhTest,powReal_AverageTime,6,2,BenchmarkTaskResult,public,false,false,true,true
C:\Users\simon\Documents\Code\thesis-code\commons-numbers-master\commons-numbers-examples\examples-jmh\target\generated-sources\annotations\org\apache\commons\numbers\examples\jmh\complex\jmh_generated\ComplexPerformance_powReal_jmhTest.java,ComplexPerformance_powReal_jmhTest.java,ComplexPerformance_powReal_jmhTest,powReal_avgt_jmhStub,7,10,void,public; static,false,false,true,true
C:\Users\simon\Documents\Code\thesis-code\commons-numbers-master\commons-numbers-examples\examples-jmh\target\generated-sources\annotations\org\apache\commons\numbers\examples\jmh\complex\jmh_generated\ComplexPerformance_powReal_jmhTest.java,ComplexPerformance_powReal_jmhTest.java,ComplexPerformance_powReal_jmhTest,powReal_SampleTime,6,2,BenchmarkTaskResult,public,false,false,true,true
C:\Users\simon\Documents\Code\thesis-code\commons-numbers-master\commons-numbers-examples\examples-jmh\target\generated-sources\annotations\org\apache\commons\numbers\examples\jmh\complex\jmh_generated\ComplexPerformance_powReal_jmhTest.java,ComplexPerformance_powReal_jmhTest.java,ComplexPerformance_powReal_jmhTest,powReal_sample_jmhStub,10,14,void,public; static,false,false,true,true
C:\Users\simon\Documents\Code\thesis-code\commons-numbers-master\commons-numbers-examples\examples-jmh\target\generated-sources\annotations\org\apache\commons\numbers\examples\jmh\complex\jmh_generated\ComplexPerformance_powReal_jmhTest.java,ComplexPerformance_powReal_jmhTest.java,ComplexPerformance_powReal_jmhTest,powReal_SingleShotTime,6,2,BenchmarkTaskResult,public,false,false,true,true
C:\Users\simon\Documents\Code\thesis-code\commons-numbers-master\commons-numbers-examples\examples-jmh\target\generated-sources\annotations\org\apache\commons\numbers\examples\jmh\complex\jmh_generated\ComplexPerformance_powReal_jmhTest.java,ComplexPerformance_powReal_jmhTest.java,ComplexPerformance_powReal_jmhTest,powReal_ss_jmhStub,5,11,void,public; static,false,false,true,true
C:\Users\simon\Documents\Code\thesis-code\commons-numbers-master\commons-numbers-examples\examples-jmh\target\generated-sources\annotations\org\apache\commons\numbers\examples\jmh\complex\jmh_generated\ComplexPerformance_powReal_jmhTest.java,ComplexPerformance_powReal_jmhTest.java,ComplexPerformance_powReal_jmhTest,_jmh_tryInit_f_complexandrealnumbers1_G,4,1,ComplexPerformance_ComplexAndRealNumbers_jmhType,,false,false,true,true
C:\Users\simon\Documents\Code\thesis-code\commons-numbers-master\commons-numbers-examples\examples-jmh\target\generated-sources\annotations\org\apache\commons\numbers\examples\jmh\complex\jmh_generated\ComplexPerformance_powReal_jmhTest.java,ComplexPerformance_powReal_jmhTest.java,ComplexPerformance_powReal_jmhTest,_jmh_tryInit_f_complexperformance0_G,4,1,ComplexPerformance_jmhType,,false,false,true,true
C:\Users\simon\Documents\Code\thesis-code\commons-numbers-master\commons-numbers-examples\examples-jmh\target\generated-sources\annotations\org\apache\commons\numbers\examples\jmh\complex\jmh_generated\ComplexPerformance_pow_jmhTest.java,ComplexPerformance_pow_jmhTest.java,ComplexPerformance_pow_jmhTest,pow_Throughput,6,2,BenchmarkTaskResult,public,false,false,true,true
C:\Users\simon\Documents\Code\thesis-code\commons-numbers-master\commons-numbers-examples\examples-jmh\target\generated-sources\annotations\org\apache\commons\numbers\examples\jmh\complex\jmh_generated\ComplexPerformance_pow_jmhTest.java,ComplexPerformance_pow_jmhTest.java,ComplexPerformance_pow_jmhTest,pow_thrpt_jmhStub,7,10,void,public; static,false,false,true,true
C:\Users\simon\Documents\Code\thesis-code\commons-numbers-master\commons-numbers-examples\examples-jmh\target\generated-sources\annotations\org\apache\commons\numbers\examples\jmh\complex\jmh_generated\ComplexPerformance_pow_jmhTest.java,ComplexPerformance_pow_jmhTest.java,ComplexPerformance_pow_jmhTest,pow_AverageTime,6,2,BenchmarkTaskResult,public,false,false,true,true
C:\Users\simon\Documents\Code\thesis-code\commons-numbers-master\commons-numbers-examples\examples-jmh\target\generated-sources\annotations\org\apache\commons\numbers\examples\jmh\complex\jmh_generated\ComplexPerformance_pow_jmhTest.java,ComplexPerformance_pow_jmhTest.java,ComplexPerformance_pow_jmhTest,pow_avgt_jmhStub,7,10,void,public; static,false,false,true,true
C:\Users\simon\Documents\Code\thesis-code\commons-numbers-master\commons-numbers-examples\examples-jmh\target\generated-sources\annotations\org\apache\commons\numbers\examples\jmh\complex\jmh_generated\ComplexPerformance_pow_jmhTest.java,ComplexPerformance_pow_jmhTest.java,ComplexPerformance_pow_jmhTest,pow_SampleTime,6,2,BenchmarkTaskResult,public,false,false,true,true
C:\Users\simon\Documents\Code\thesis-code\commons-numbers-master\commons-numbers-examples\examples-jmh\target\generated-sources\annotations\org\apache\commons\numbers\examples\jmh\complex\jmh_generated\ComplexPerformance_pow_jmhTest.java,ComplexPerformance_pow_jmhTest.java,ComplexPerformance_pow_jmhTest,pow_sample_jmhStub,10,14,void,public; static,false,false,true,true
C:\Users\simon\Documents\Code\thesis-code\commons-numbers-master\commons-numbers-examples\examples-jmh\target\generated-sources\annotations\org\apache\commons\numbers\examples\jmh\complex\jmh_generated\ComplexPerformance_pow_jmhTest.java,ComplexPerformance_pow_jmhTest.java,ComplexPerformance_pow_jmhTest,pow_SingleShotTime,6,2,BenchmarkTaskResult,public,false,false,true,true
C:\Users\simon\Documents\Code\thesis-code\commons-numbers-master\commons-numbers-examples\examples-jmh\target\generated-sources\annotations\org\apache\commons\numbers\examples\jmh\complex\jmh_generated\ComplexPerformance_pow_jmhTest.java,ComplexPerformance_pow_jmhTest.java,ComplexPerformance_pow_jmhTest,pow_ss_jmhStub,5,11,void,public; static,false,false,true,true
C:\Users\simon\Documents\Code\thesis-code\commons-numbers-master\commons-numbers-examples\examples-jmh\target\generated-sources\annotations\org\apache\commons\numbers\examples\jmh\complex\jmh_generated\ComplexPerformance_pow_jmhTest.java,ComplexPerformance_pow_jmhTest.java,ComplexPerformance_pow_jmhTest,_jmh_tryInit_f_complexperformance0_G,4,1,ComplexPerformance_jmhType,,false,false,true,true
C:\Users\simon\Documents\Code\thesis-code\commons-numbers-master\commons-numbers-examples\examples-jmh\target\generated-sources\annotations\org\apache\commons\numbers\examples\jmh\complex\jmh_generated\ComplexPerformance_pow_jmhTest.java,ComplexPerformance_pow_jmhTest.java,ComplexPerformance_pow_jmhTest,_jmh_tryInit_f_twocomplexnumbers1_G,4,1,ComplexPerformance_TwoComplexNumbers_jmhType,,false,false,true,true
C:\Users\simon\Documents\Code\thesis-code\commons-numbers-master\commons-numbers-examples\examples-jmh\target\generated-sources\annotations\org\apache\commons\numbers\examples\jmh\complex\jmh_generated\ComplexPerformance_proj_jmhTest.java,ComplexPerformance_proj_jmhTest.java,ComplexPerformance_proj_jmhTest,proj_Throughput,6,2,BenchmarkTaskResult,public,false,false,true,true
C:\Users\simon\Documents\Code\thesis-code\commons-numbers-master\commons-numbers-examples\examples-jmh\target\generated-sources\annotations\org\apache\commons\numbers\examples\jmh\complex\jmh_generated\ComplexPerformance_proj_jmhTest.java,ComplexPerformance_proj_jmhTest.java,ComplexPerformance_proj_jmhTest,proj_thrpt_jmhStub,7,10,void,public; static,false,false,true,true
C:\Users\simon\Documents\Code\thesis-code\commons-numbers-master\commons-numbers-examples\examples-jmh\target\generated-sources\annotations\org\apache\commons\numbers\examples\jmh\complex\jmh_generated\ComplexPerformance_proj_jmhTest.java,ComplexPerformance_proj_jmhTest.java,ComplexPerformance_proj_jmhTest,proj_AverageTime,6,2,BenchmarkTaskResult,public,false,false,true,true
C:\Users\simon\Documents\Code\thesis-code\commons-numbers-master\commons-numbers-examples\examples-jmh\target\generated-sources\annotations\org\apache\commons\numbers\examples\jmh\complex\jmh_generated\ComplexPerformance_proj_jmhTest.java,ComplexPerformance_proj_jmhTest.java,ComplexPerformance_proj_jmhTest,proj_avgt_jmhStub,7,10,void,public; static,false,false,true,true
C:\Users\simon\Documents\Code\thesis-code\commons-numbers-master\commons-numbers-examples\examples-jmh\target\generated-sources\annotations\org\apache\commons\numbers\examples\jmh\complex\jmh_generated\ComplexPerformance_proj_jmhTest.java,ComplexPerformance_proj_jmhTest.java,ComplexPerformance_proj_jmhTest,proj_SampleTime,6,2,BenchmarkTaskResult,public,false,false,true,true
C:\Users\simon\Documents\Code\thesis-code\commons-numbers-master\commons-numbers-examples\examples-jmh\target\generated-sources\annotations\org\apache\commons\numbers\examples\jmh\complex\jmh_generated\ComplexPerformance_proj_jmhTest.java,ComplexPerformance_proj_jmhTest.java,ComplexPerformance_proj_jmhTest,proj_sample_jmhStub,10,14,void,public; static,false,false,true,true
C:\Users\simon\Documents\Code\thesis-code\commons-numbers-master\commons-numbers-examples\examples-jmh\target\generated-sources\annotations\org\apache\commons\numbers\examples\jmh\complex\jmh_generated\ComplexPerformance_proj_jmhTest.java,ComplexPerformance_proj_jmhTest.java,ComplexPerformance_proj_jmhTest,proj_SingleShotTime,6,2,BenchmarkTaskResult,public,false,false,true,true
C:\Users\simon\Documents\Code\thesis-code\commons-numbers-master\commons-numbers-examples\examples-jmh\target\generated-sources\annotations\org\apache\commons\numbers\examples\jmh\complex\jmh_generated\ComplexPerformance_proj_jmhTest.java,ComplexPerformance_proj_jmhTest.java,ComplexPerformance_proj_jmhTest,proj_ss_jmhStub,5,11,void,public; static,false,false,true,true
C:\Users\simon\Documents\Code\thesis-code\commons-numbers-master\commons-numbers-examples\examples-jmh\target\generated-sources\annotations\org\apache\commons\numbers\examples\jmh\complex\jmh_generated\ComplexPerformance_proj_jmhTest.java,ComplexPerformance_proj_jmhTest.java,ComplexPerformance_proj_jmhTest,_jmh_tryInit_f_complexnumbers1_G,4,1,ComplexPerformance_ComplexNumbers_jmhType,,false,false,true,true
C:\Users\simon\Documents\Code\thesis-code\commons-numbers-master\commons-numbers-examples\examples-jmh\target\generated-sources\annotations\org\apache\commons\numbers\examples\jmh\complex\jmh_generated\ComplexPerformance_proj_jmhTest.java,ComplexPerformance_proj_jmhTest.java,ComplexPerformance_proj_jmhTest,_jmh_tryInit_f_complexperformance0_G,4,1,ComplexPerformance_jmhType,,false,false,true,true
C:\Users\simon\Documents\Code\thesis-code\commons-numbers-master\commons-numbers-examples\examples-jmh\target\generated-sources\annotations\org\apache\commons\numbers\examples\jmh\complex\jmh_generated\ComplexPerformance_real_jmhTest.java,ComplexPerformance_real_jmhTest.java,ComplexPerformance_real_jmhTest,real_Throughput,6,2,BenchmarkTaskResult,public,false,false,true,true
C:\Users\simon\Documents\Code\thesis-code\commons-numbers-master\commons-numbers-examples\examples-jmh\target\generated-sources\annotations\org\apache\commons\numbers\examples\jmh\complex\jmh_generated\ComplexPerformance_real_jmhTest.java,ComplexPerformance_real_jmhTest.java,ComplexPerformance_real_jmhTest,real_thrpt_jmhStub,7,10,void,public; static,false,false,true,true
C:\Users\simon\Documents\Code\thesis-code\commons-numbers-master\commons-numbers-examples\examples-jmh\target\generated-sources\annotations\org\apache\commons\numbers\examples\jmh\complex\jmh_generated\ComplexPerformance_real_jmhTest.java,ComplexPerformance_real_jmhTest.java,ComplexPerformance_real_jmhTest,real_AverageTime,6,2,BenchmarkTaskResult,public,false,false,true,true
C:\Users\simon\Documents\Code\thesis-code\commons-numbers-master\commons-numbers-examples\examples-jmh\target\generated-sources\annotations\org\apache\commons\numbers\examples\jmh\complex\jmh_generated\ComplexPerformance_real_jmhTest.java,ComplexPerformance_real_jmhTest.java,ComplexPerformance_real_jmhTest,real_avgt_jmhStub,7,10,void,public; static,false,false,true,true
C:\Users\simon\Documents\Code\thesis-code\commons-numbers-master\commons-numbers-examples\examples-jmh\target\generated-sources\annotations\org\apache\commons\numbers\examples\jmh\complex\jmh_generated\ComplexPerformance_real_jmhTest.java,ComplexPerformance_real_jmhTest.java,ComplexPerformance_real_jmhTest,real_SampleTime,6,2,BenchmarkTaskResult,public,false,false,true,true
C:\Users\simon\Documents\Code\thesis-code\commons-numbers-master\commons-numbers-examples\examples-jmh\target\generated-sources\annotations\org\apache\commons\numbers\examples\jmh\complex\jmh_generated\ComplexPerformance_real_jmhTest.java,ComplexPerformance_real_jmhTest.java,ComplexPerformance_real_jmhTest,real_sample_jmhStub,10,14,void,public; static,false,false,true,true
C:\Users\simon\Documents\Code\thesis-code\commons-numbers-master\commons-numbers-examples\examples-jmh\target\generated-sources\annotations\org\apache\commons\numbers\examples\jmh\complex\jmh_generated\ComplexPerformance_real_jmhTest.java,ComplexPerformance_real_jmhTest.java,ComplexPerformance_real_jmhTest,real_SingleShotTime,6,2,BenchmarkTaskResult,public,false,false,true,true
C:\Users\simon\Documents\Code\thesis-code\commons-numbers-master\commons-numbers-examples\examples-jmh\target\generated-sources\annotations\org\apache\commons\numbers\examples\jmh\complex\jmh_generated\ComplexPerformance_real_jmhTest.java,ComplexPerformance_real_jmhTest.java,ComplexPerformance_real_jmhTest,real_ss_jmhStub,5,11,void,public; static,false,false,true,true
C:\Users\simon\Documents\Code\thesis-code\commons-numbers-master\commons-numbers-examples\examples-jmh\target\generated-sources\annotations\org\apache\commons\numbers\examples\jmh\complex\jmh_generated\ComplexPerformance_real_jmhTest.java,ComplexPerformance_real_jmhTest.java,ComplexPerformance_real_jmhTest,_jmh_tryInit_f_complexnumbers1_G,4,1,ComplexPerformance_ComplexNumbers_jmhType,,false,false,true,true
C:\Users\simon\Documents\Code\thesis-code\commons-numbers-master\commons-numbers-examples\examples-jmh\target\generated-sources\annotations\org\apache\commons\numbers\examples\jmh\complex\jmh_generated\ComplexPerformance_real_jmhTest.java,ComplexPerformance_real_jmhTest.java,ComplexPerformance_real_jmhTest,_jmh_tryInit_f_complexperformance0_G,4,1,ComplexPerformance_jmhType,,false,false,true,true
C:\Users\simon\Documents\Code\thesis-code\commons-numbers-master\commons-numbers-examples\examples-jmh\target\generated-sources\annotations\org\apache\commons\numbers\examples\jmh\complex\jmh_generated\ComplexPerformance_sinh_jmhTest.java,ComplexPerformance_sinh_jmhTest.java,ComplexPerformance_sinh_jmhTest,sinh_Throughput,6,2,BenchmarkTaskResult,public,false,false,true,true
C:\Users\simon\Documents\Code\thesis-code\commons-numbers-master\commons-numbers-examples\examples-jmh\target\generated-sources\annotations\org\apache\commons\numbers\examples\jmh\complex\jmh_generated\ComplexPerformance_sinh_jmhTest.java,ComplexPerformance_sinh_jmhTest.java,ComplexPerformance_sinh_jmhTest,sinh_thrpt_jmhStub,7,10,void,public; static,false,false,true,true
C:\Users\simon\Documents\Code\thesis-code\commons-numbers-master\commons-numbers-examples\examples-jmh\target\generated-sources\annotations\org\apache\commons\numbers\examples\jmh\complex\jmh_generated\ComplexPerformance_sinh_jmhTest.java,ComplexPerformance_sinh_jmhTest.java,ComplexPerformance_sinh_jmhTest,sinh_AverageTime,6,2,BenchmarkTaskResult,public,false,false,true,true
C:\Users\simon\Documents\Code\thesis-code\commons-numbers-master\commons-numbers-examples\examples-jmh\target\generated-sources\annotations\org\apache\commons\numbers\examples\jmh\complex\jmh_generated\ComplexPerformance_sinh_jmhTest.java,ComplexPerformance_sinh_jmhTest.java,ComplexPerformance_sinh_jmhTest,sinh_avgt_jmhStub,7,10,void,public; static,false,false,true,true
C:\Users\simon\Documents\Code\thesis-code\commons-numbers-master\commons-numbers-examples\examples-jmh\target\generated-sources\annotations\org\apache\commons\numbers\examples\jmh\complex\jmh_generated\ComplexPerformance_sinh_jmhTest.java,ComplexPerformance_sinh_jmhTest.java,ComplexPerformance_sinh_jmhTest,sinh_SampleTime,6,2,BenchmarkTaskResult,public,false,false,true,true
C:\Users\simon\Documents\Code\thesis-code\commons-numbers-master\commons-numbers-examples\examples-jmh\target\generated-sources\annotations\org\apache\commons\numbers\examples\jmh\complex\jmh_generated\ComplexPerformance_sinh_jmhTest.java,ComplexPerformance_sinh_jmhTest.java,ComplexPerformance_sinh_jmhTest,sinh_sample_jmhStub,10,14,void,public; static,false,false,true,true
C:\Users\simon\Documents\Code\thesis-code\commons-numbers-master\commons-numbers-examples\examples-jmh\target\generated-sources\annotations\org\apache\commons\numbers\examples\jmh\complex\jmh_generated\ComplexPerformance_sinh_jmhTest.java,ComplexPerformance_sinh_jmhTest.java,ComplexPerformance_sinh_jmhTest,sinh_SingleShotTime,6,2,BenchmarkTaskResult,public,false,false,true,true
C:\Users\simon\Documents\Code\thesis-code\commons-numbers-master\commons-numbers-examples\examples-jmh\target\generated-sources\annotations\org\apache\commons\numbers\examples\jmh\complex\jmh_generated\ComplexPerformance_sinh_jmhTest.java,ComplexPerformance_sinh_jmhTest.java,ComplexPerformance_sinh_jmhTest,sinh_ss_jmhStub,5,11,void,public; static,false,false,true,true
C:\Users\simon\Documents\Code\thesis-code\commons-numbers-master\commons-numbers-examples\examples-jmh\target\generated-sources\annotations\org\apache\commons\numbers\examples\jmh\complex\jmh_generated\ComplexPerformance_sinh_jmhTest.java,ComplexPerformance_sinh_jmhTest.java,ComplexPerformance_sinh_jmhTest,_jmh_tryInit_f_complexnumbers1_G,4,1,ComplexPerformance_ComplexNumbers_jmhType,,false,false,true,true
C:\Users\simon\Documents\Code\thesis-code\commons-numbers-master\commons-numbers-examples\examples-jmh\target\generated-sources\annotations\org\apache\commons\numbers\examples\jmh\complex\jmh_generated\ComplexPerformance_sinh_jmhTest.java,ComplexPerformance_sinh_jmhTest.java,ComplexPerformance_sinh_jmhTest,_jmh_tryInit_f_complexperformance0_G,4,1,ComplexPerformance_jmhType,,false,false,true,true
C:\Users\simon\Documents\Code\thesis-code\commons-numbers-master\commons-numbers-examples\examples-jmh\target\generated-sources\annotations\org\apache\commons\numbers\examples\jmh\complex\jmh_generated\ComplexPerformance_sin_jmhTest.java,ComplexPerformance_sin_jmhTest.java,ComplexPerformance_sin_jmhTest,sin_Throughput,6,2,BenchmarkTaskResult,public,false,false,true,true
C:\Users\simon\Documents\Code\thesis-code\commons-numbers-master\commons-numbers-examples\examples-jmh\target\generated-sources\annotations\org\apache\commons\numbers\examples\jmh\complex\jmh_generated\ComplexPerformance_sin_jmhTest.java,ComplexPerformance_sin_jmhTest.java,ComplexPerformance_sin_jmhTest,sin_thrpt_jmhStub,7,10,void,public; static,false,false,true,true
C:\Users\simon\Documents\Code\thesis-code\commons-numbers-master\commons-numbers-examples\examples-jmh\target\generated-sources\annotations\org\apache\commons\numbers\examples\jmh\complex\jmh_generated\ComplexPerformance_sin_jmhTest.java,ComplexPerformance_sin_jmhTest.java,ComplexPerformance_sin_jmhTest,sin_AverageTime,6,2,BenchmarkTaskResult,public,false,false,true,true
C:\Users\simon\Documents\Code\thesis-code\commons-numbers-master\commons-numbers-examples\examples-jmh\target\generated-sources\annotations\org\apache\commons\numbers\examples\jmh\complex\jmh_generated\ComplexPerformance_sin_jmhTest.java,ComplexPerformance_sin_jmhTest.java,ComplexPerformance_sin_jmhTest,sin_avgt_jmhStub,7,10,void,public; static,false,false,true,true
C:\Users\simon\Documents\Code\thesis-code\commons-numbers-master\commons-numbers-examples\examples-jmh\target\generated-sources\annotations\org\apache\commons\numbers\examples\jmh\complex\jmh_generated\ComplexPerformance_sin_jmhTest.java,ComplexPerformance_sin_jmhTest.java,ComplexPerformance_sin_jmhTest,sin_SampleTime,6,2,BenchmarkTaskResult,public,false,false,true,true
C:\Users\simon\Documents\Code\thesis-code\commons-numbers-master\commons-numbers-examples\examples-jmh\target\generated-sources\annotations\org\apache\commons\numbers\examples\jmh\complex\jmh_generated\ComplexPerformance_sin_jmhTest.java,ComplexPerformance_sin_jmhTest.java,ComplexPerformance_sin_jmhTest,sin_sample_jmhStub,10,14,void,public; static,false,false,true,true
C:\Users\simon\Documents\Code\thesis-code\commons-numbers-master\commons-numbers-examples\examples-jmh\target\generated-sources\annotations\org\apache\commons\numbers\examples\jmh\complex\jmh_generated\ComplexPerformance_sin_jmhTest.java,ComplexPerformance_sin_jmhTest.java,ComplexPerformance_sin_jmhTest,sin_SingleShotTime,6,2,BenchmarkTaskResult,public,false,false,true,true
C:\Users\simon\Documents\Code\thesis-code\commons-numbers-master\commons-numbers-examples\examples-jmh\target\generated-sources\annotations\org\apache\commons\numbers\examples\jmh\complex\jmh_generated\ComplexPerformance_sin_jmhTest.java,ComplexPerformance_sin_jmhTest.java,ComplexPerformance_sin_jmhTest,sin_ss_jmhStub,5,11,void,public; static,false,false,true,true
C:\Users\simon\Documents\Code\thesis-code\commons-numbers-master\commons-numbers-examples\examples-jmh\target\generated-sources\annotations\org\apache\commons\numbers\examples\jmh\complex\jmh_generated\ComplexPerformance_sin_jmhTest.java,ComplexPerformance_sin_jmhTest.java,ComplexPerformance_sin_jmhTest,_jmh_tryInit_f_complexnumbers1_G,4,1,ComplexPerformance_ComplexNumbers_jmhType,,false,false,true,true
C:\Users\simon\Documents\Code\thesis-code\commons-numbers-master\commons-numbers-examples\examples-jmh\target\generated-sources\annotations\org\apache\commons\numbers\examples\jmh\complex\jmh_generated\ComplexPerformance_sin_jmhTest.java,ComplexPerformance_sin_jmhTest.java,ComplexPerformance_sin_jmhTest,_jmh_tryInit_f_complexperformance0_G,4,1,ComplexPerformance_jmhType,,false,false,true,true
C:\Users\simon\Documents\Code\thesis-code\commons-numbers-master\commons-numbers-examples\examples-jmh\target\generated-sources\annotations\org\apache\commons\numbers\examples\jmh\complex\jmh_generated\ComplexPerformance_sqrtNorm_jmhTest.java,ComplexPerformance_sqrtNorm_jmhTest.java,ComplexPerformance_sqrtNorm_jmhTest,sqrtNorm_Throughput,6,2,BenchmarkTaskResult,public,false,false,true,true
C:\Users\simon\Documents\Code\thesis-code\commons-numbers-master\commons-numbers-examples\examples-jmh\target\generated-sources\annotations\org\apache\commons\numbers\examples\jmh\complex\jmh_generated\ComplexPerformance_sqrtNorm_jmhTest.java,ComplexPerformance_sqrtNorm_jmhTest.java,ComplexPerformance_sqrtNorm_jmhTest,sqrtNorm_thrpt_jmhStub,7,10,void,public; static,false,false,true,true
C:\Users\simon\Documents\Code\thesis-code\commons-numbers-master\commons-numbers-examples\examples-jmh\target\generated-sources\annotations\org\apache\commons\numbers\examples\jmh\complex\jmh_generated\ComplexPerformance_sqrtNorm_jmhTest.java,ComplexPerformance_sqrtNorm_jmhTest.java,ComplexPerformance_sqrtNorm_jmhTest,sqrtNorm_AverageTime,6,2,BenchmarkTaskResult,public,false,false,true,true
C:\Users\simon\Documents\Code\thesis-code\commons-numbers-master\commons-numbers-examples\examples-jmh\target\generated-sources\annotations\org\apache\commons\numbers\examples\jmh\complex\jmh_generated\ComplexPerformance_sqrtNorm_jmhTest.java,ComplexPerformance_sqrtNorm_jmhTest.java,ComplexPerformance_sqrtNorm_jmhTest,sqrtNorm_avgt_jmhStub,7,10,void,public; static,false,false,true,true
C:\Users\simon\Documents\Code\thesis-code\commons-numbers-master\commons-numbers-examples\examples-jmh\target\generated-sources\annotations\org\apache\commons\numbers\examples\jmh\complex\jmh_generated\ComplexPerformance_sqrtNorm_jmhTest.java,ComplexPerformance_sqrtNorm_jmhTest.java,ComplexPerformance_sqrtNorm_jmhTest,sqrtNorm_SampleTime,6,2,BenchmarkTaskResult,public,false,false,true,true
C:\Users\simon\Documents\Code\thesis-code\commons-numbers-master\commons-numbers-examples\examples-jmh\target\generated-sources\annotations\org\apache\commons\numbers\examples\jmh\complex\jmh_generated\ComplexPerformance_sqrtNorm_jmhTest.java,ComplexPerformance_sqrtNorm_jmhTest.java,ComplexPerformance_sqrtNorm_jmhTest,sqrtNorm_sample_jmhStub,10,14,void,public; static,false,false,true,true
C:\Users\simon\Documents\Code\thesis-code\commons-numbers-master\commons-numbers-examples\examples-jmh\target\generated-sources\annotations\org\apache\commons\numbers\examples\jmh\complex\jmh_generated\ComplexPerformance_sqrtNorm_jmhTest.java,ComplexPerformance_sqrtNorm_jmhTest.java,ComplexPerformance_sqrtNorm_jmhTest,sqrtNorm_SingleShotTime,6,2,BenchmarkTaskResult,public,false,false,true,true
C:\Users\simon\Documents\Code\thesis-code\commons-numbers-master\commons-numbers-examples\examples-jmh\target\generated-sources\annotations\org\apache\commons\numbers\examples\jmh\complex\jmh_generated\ComplexPerformance_sqrtNorm_jmhTest.java,ComplexPerformance_sqrtNorm_jmhTest.java,ComplexPerformance_sqrtNorm_jmhTest,sqrtNorm_ss_jmhStub,5,11,void,public; static,false,false,true,true
C:\Users\simon\Documents\Code\thesis-code\commons-numbers-master\commons-numbers-examples\examples-jmh\target\generated-sources\annotations\org\apache\commons\numbers\examples\jmh\complex\jmh_generated\ComplexPerformance_sqrtNorm_jmhTest.java,ComplexPerformance_sqrtNorm_jmhTest.java,ComplexPerformance_sqrtNorm_jmhTest,_jmh_tryInit_f_complexnumbers1_G,4,1,ComplexPerformance_ComplexNumbers_jmhType,,false,false,true,true
C:\Users\simon\Documents\Code\thesis-code\commons-numbers-master\commons-numbers-examples\examples-jmh\target\generated-sources\annotations\org\apache\commons\numbers\examples\jmh\complex\jmh_generated\ComplexPerformance_sqrtNorm_jmhTest.java,ComplexPerformance_sqrtNorm_jmhTest.java,ComplexPerformance_sqrtNorm_jmhTest,_jmh_tryInit_f_complexperformance0_G,4,1,ComplexPerformance_jmhType,,false,false,true,true
C:\Users\simon\Documents\Code\thesis-code\commons-numbers-master\commons-numbers-examples\examples-jmh\target\generated-sources\annotations\org\apache\commons\numbers\examples\jmh\complex\jmh_generated\ComplexPerformance_sqrt_jmhTest.java,ComplexPerformance_sqrt_jmhTest.java,ComplexPerformance_sqrt_jmhTest,sqrt_Throughput,6,2,BenchmarkTaskResult,public,false,false,true,true
C:\Users\simon\Documents\Code\thesis-code\commons-numbers-master\commons-numbers-examples\examples-jmh\target\generated-sources\annotations\org\apache\commons\numbers\examples\jmh\complex\jmh_generated\ComplexPerformance_sqrt_jmhTest.java,ComplexPerformance_sqrt_jmhTest.java,ComplexPerformance_sqrt_jmhTest,sqrt_thrpt_jmhStub,7,10,void,public; static,false,false,true,true
C:\Users\simon\Documents\Code\thesis-code\commons-numbers-master\commons-numbers-examples\examples-jmh\target\generated-sources\annotations\org\apache\commons\numbers\examples\jmh\complex\jmh_generated\ComplexPerformance_sqrt_jmhTest.java,ComplexPerformance_sqrt_jmhTest.java,ComplexPerformance_sqrt_jmhTest,sqrt_AverageTime,6,2,BenchmarkTaskResult,public,false,false,true,true
C:\Users\simon\Documents\Code\thesis-code\commons-numbers-master\commons-numbers-examples\examples-jmh\target\generated-sources\annotations\org\apache\commons\numbers\examples\jmh\complex\jmh_generated\ComplexPerformance_sqrt_jmhTest.java,ComplexPerformance_sqrt_jmhTest.java,ComplexPerformance_sqrt_jmhTest,sqrt_avgt_jmhStub,7,10,void,public; static,false,false,true,true
C:\Users\simon\Documents\Code\thesis-code\commons-numbers-master\commons-numbers-examples\examples-jmh\target\generated-sources\annotations\org\apache\commons\numbers\examples\jmh\complex\jmh_generated\ComplexPerformance_sqrt_jmhTest.java,ComplexPerformance_sqrt_jmhTest.java,ComplexPerformance_sqrt_jmhTest,sqrt_SampleTime,6,2,BenchmarkTaskResult,public,false,false,true,true
C:\Users\simon\Documents\Code\thesis-code\commons-numbers-master\commons-numbers-examples\examples-jmh\target\generated-sources\annotations\org\apache\commons\numbers\examples\jmh\complex\jmh_generated\ComplexPerformance_sqrt_jmhTest.java,ComplexPerformance_sqrt_jmhTest.java,ComplexPerformance_sqrt_jmhTest,sqrt_sample_jmhStub,10,14,void,public; static,false,false,true,true
C:\Users\simon\Documents\Code\thesis-code\commons-numbers-master\commons-numbers-examples\examples-jmh\target\generated-sources\annotations\org\apache\commons\numbers\examples\jmh\complex\jmh_generated\ComplexPerformance_sqrt_jmhTest.java,ComplexPerformance_sqrt_jmhTest.java,ComplexPerformance_sqrt_jmhTest,sqrt_SingleShotTime,6,2,BenchmarkTaskResult,public,false,false,true,true
C:\Users\simon\Documents\Code\thesis-code\commons-numbers-master\commons-numbers-examples\examples-jmh\target\generated-sources\annotations\org\apache\commons\numbers\examples\jmh\complex\jmh_generated\ComplexPerformance_sqrt_jmhTest.java,ComplexPerformance_sqrt_jmhTest.java,ComplexPerformance_sqrt_jmhTest,sqrt_ss_jmhStub,5,11,void,public; static,false,false,true,true
C:\Users\simon\Documents\Code\thesis-code\commons-numbers-master\commons-numbers-examples\examples-jmh\target\generated-sources\annotations\org\apache\commons\numbers\examples\jmh\complex\jmh_generated\ComplexPerformance_sqrt_jmhTest.java,ComplexPerformance_sqrt_jmhTest.java,ComplexPerformance_sqrt_jmhTest,_jmh_tryInit_f_complexnumbers1_G,4,1,ComplexPerformance_ComplexNumbers_jmhType,,false,false,true,true
C:\Users\simon\Documents\Code\thesis-code\commons-numbers-master\commons-numbers-examples\examples-jmh\target\generated-sources\annotations\org\apache\commons\numbers\examples\jmh\complex\jmh_generated\ComplexPerformance_sqrt_jmhTest.java,ComplexPerformance_sqrt_jmhTest.java,ComplexPerformance_sqrt_jmhTest,_jmh_tryInit_f_complexperformance0_G,4,1,ComplexPerformance_jmhType,,false,false,true,true
C:\Users\simon\Documents\Code\thesis-code\commons-numbers-master\commons-numbers-examples\examples-jmh\target\generated-sources\annotations\org\apache\commons\numbers\examples\jmh\complex\jmh_generated\ComplexPerformance_subtractReal_jmhTest.java,ComplexPerformance_subtractReal_jmhTest.java,ComplexPerformance_subtractReal_jmhTest,subtractReal_Throughput,6,2,BenchmarkTaskResult,public,false,false,true,true
C:\Users\simon\Documents\Code\thesis-code\commons-numbers-master\commons-numbers-examples\examples-jmh\target\generated-sources\annotations\org\apache\commons\numbers\examples\jmh\complex\jmh_generated\ComplexPerformance_subtractReal_jmhTest.java,ComplexPerformance_subtractReal_jmhTest.java,ComplexPerformance_subtractReal_jmhTest,subtractReal_thrpt_jmhStub,7,10,void,public; static,false,false,true,true
C:\Users\simon\Documents\Code\thesis-code\commons-numbers-master\commons-numbers-examples\examples-jmh\target\generated-sources\annotations\org\apache\commons\numbers\examples\jmh\complex\jmh_generated\ComplexPerformance_subtractReal_jmhTest.java,ComplexPerformance_subtractReal_jmhTest.java,ComplexPerformance_subtractReal_jmhTest,subtractReal_AverageTime,6,2,BenchmarkTaskResult,public,false,false,true,true
C:\Users\simon\Documents\Code\thesis-code\commons-numbers-master\commons-numbers-examples\examples-jmh\target\generated-sources\annotations\org\apache\commons\numbers\examples\jmh\complex\jmh_generated\ComplexPerformance_subtractReal_jmhTest.java,ComplexPerformance_subtractReal_jmhTest.java,ComplexPerformance_subtractReal_jmhTest,subtractReal_avgt_jmhStub,7,10,void,public; static,false,false,true,true
C:\Users\simon\Documents\Code\thesis-code\commons-numbers-master\commons-numbers-examples\examples-jmh\target\generated-sources\annotations\org\apache\commons\numbers\examples\jmh\complex\jmh_generated\ComplexPerformance_subtractReal_jmhTest.java,ComplexPerformance_subtractReal_jmhTest.java,ComplexPerformance_subtractReal_jmhTest,subtractReal_SampleTime,6,2,BenchmarkTaskResult,public,false,false,true,true
C:\Users\simon\Documents\Code\thesis-code\commons-numbers-master\commons-numbers-examples\examples-jmh\target\generated-sources\annotations\org\apache\commons\numbers\examples\jmh\complex\jmh_generated\ComplexPerformance_subtractReal_jmhTest.java,ComplexPerformance_subtractReal_jmhTest.java,ComplexPerformance_subtractReal_jmhTest,subtractReal_sample_jmhStub,10,14,void,public; static,false,false,true,true
C:\Users\simon\Documents\Code\thesis-code\commons-numbers-master\commons-numbers-examples\examples-jmh\target\generated-sources\annotations\org\apache\commons\numbers\examples\jmh\complex\jmh_generated\ComplexPerformance_subtractReal_jmhTest.java,ComplexPerformance_subtractReal_jmhTest.java,ComplexPerformance_subtractReal_jmhTest,subtractReal_SingleShotTime,6,2,BenchmarkTaskResult,public,false,false,true,true
C:\Users\simon\Documents\Code\thesis-code\commons-numbers-master\commons-numbers-examples\examples-jmh\target\generated-sources\annotations\org\apache\commons\numbers\examples\jmh\complex\jmh_generated\ComplexPerformance_subtractReal_jmhTest.java,ComplexPerformance_subtractReal_jmhTest.java,ComplexPerformance_subtractReal_jmhTest,subtractReal_ss_jmhStub,5,11,void,public; static,false,false,true,true
C:\Users\simon\Documents\Code\thesis-code\commons-numbers-master\commons-numbers-examples\examples-jmh\target\generated-sources\annotations\org\apache\commons\numbers\examples\jmh\complex\jmh_generated\ComplexPerformance_subtractReal_jmhTest.java,ComplexPerformance_subtractReal_jmhTest.java,ComplexPerformance_subtractReal_jmhTest,_jmh_tryInit_f_complexandrealnumbers1_G,4,1,ComplexPerformance_ComplexAndRealNumbers_jmhType,,false,false,true,true
C:\Users\simon\Documents\Code\thesis-code\commons-numbers-master\commons-numbers-examples\examples-jmh\target\generated-sources\annotations\org\apache\commons\numbers\examples\jmh\complex\jmh_generated\ComplexPerformance_subtractReal_jmhTest.java,ComplexPerformance_subtractReal_jmhTest.java,ComplexPerformance_subtractReal_jmhTest,_jmh_tryInit_f_complexperformance0_G,4,1,ComplexPerformance_jmhType,,false,false,true,true
C:\Users\simon\Documents\Code\thesis-code\commons-numbers-master\commons-numbers-examples\examples-jmh\target\generated-sources\annotations\org\apache\commons\numbers\examples\jmh\complex\jmh_generated\ComplexPerformance_subtract_jmhTest.java,ComplexPerformance_subtract_jmhTest.java,ComplexPerformance_subtract_jmhTest,subtract_Throughput,6,2,BenchmarkTaskResult,public,false,false,true,true
C:\Users\simon\Documents\Code\thesis-code\commons-numbers-master\commons-numbers-examples\examples-jmh\target\generated-sources\annotations\org\apache\commons\numbers\examples\jmh\complex\jmh_generated\ComplexPerformance_subtract_jmhTest.java,ComplexPerformance_subtract_jmhTest.java,ComplexPerformance_subtract_jmhTest,subtract_thrpt_jmhStub,7,10,void,public; static,false,false,true,true
C:\Users\simon\Documents\Code\thesis-code\commons-numbers-master\commons-numbers-examples\examples-jmh\target\generated-sources\annotations\org\apache\commons\numbers\examples\jmh\complex\jmh_generated\ComplexPerformance_subtract_jmhTest.java,ComplexPerformance_subtract_jmhTest.java,ComplexPerformance_subtract_jmhTest,subtract_AverageTime,6,2,BenchmarkTaskResult,public,false,false,true,true
C:\Users\simon\Documents\Code\thesis-code\commons-numbers-master\commons-numbers-examples\examples-jmh\target\generated-sources\annotations\org\apache\commons\numbers\examples\jmh\complex\jmh_generated\ComplexPerformance_subtract_jmhTest.java,ComplexPerformance_subtract_jmhTest.java,ComplexPerformance_subtract_jmhTest,subtract_avgt_jmhStub,7,10,void,public; static,false,false,true,true
C:\Users\simon\Documents\Code\thesis-code\commons-numbers-master\commons-numbers-examples\examples-jmh\target\generated-sources\annotations\org\apache\commons\numbers\examples\jmh\complex\jmh_generated\ComplexPerformance_subtract_jmhTest.java,ComplexPerformance_subtract_jmhTest.java,ComplexPerformance_subtract_jmhTest,subtract_SampleTime,6,2,BenchmarkTaskResult,public,false,false,true,true
C:\Users\simon\Documents\Code\thesis-code\commons-numbers-master\commons-numbers-examples\examples-jmh\target\generated-sources\annotations\org\apache\commons\numbers\examples\jmh\complex\jmh_generated\ComplexPerformance_subtract_jmhTest.java,ComplexPerformance_subtract_jmhTest.java,ComplexPerformance_subtract_jmhTest,subtract_sample_jmhStub,10,14,void,public; static,false,false,true,true
C:\Users\simon\Documents\Code\thesis-code\commons-numbers-master\commons-numbers-examples\examples-jmh\target\generated-sources\annotations\org\apache\commons\numbers\examples\jmh\complex\jmh_generated\ComplexPerformance_subtract_jmhTest.java,ComplexPerformance_subtract_jmhTest.java,ComplexPerformance_subtract_jmhTest,subtract_SingleShotTime,6,2,BenchmarkTaskResult,public,false,false,true,true
C:\Users\simon\Documents\Code\thesis-code\commons-numbers-master\commons-numbers-examples\examples-jmh\target\generated-sources\annotations\org\apache\commons\numbers\examples\jmh\complex\jmh_generated\ComplexPerformance_subtract_jmhTest.java,ComplexPerformance_subtract_jmhTest.java,ComplexPerformance_subtract_jmhTest,subtract_ss_jmhStub,5,11,void,public; static,false,false,true,true
C:\Users\simon\Documents\Code\thesis-code\commons-numbers-master\commons-numbers-examples\examples-jmh\target\generated-sources\annotations\org\apache\commons\numbers\examples\jmh\complex\jmh_generated\ComplexPerformance_subtract_jmhTest.java,ComplexPerformance_subtract_jmhTest.java,ComplexPerformance_subtract_jmhTest,_jmh_tryInit_f_complexperformance0_G,4,1,ComplexPerformance_jmhType,,false,false,true,true
C:\Users\simon\Documents\Code\thesis-code\commons-numbers-master\commons-numbers-examples\examples-jmh\target\generated-sources\annotations\org\apache\commons\numbers\examples\jmh\complex\jmh_generated\ComplexPerformance_subtract_jmhTest.java,ComplexPerformance_subtract_jmhTest.java,ComplexPerformance_subtract_jmhTest,_jmh_tryInit_f_twocomplexnumbers1_G,4,1,ComplexPerformance_TwoComplexNumbers_jmhType,,false,false,true,true
C:\Users\simon\Documents\Code\thesis-code\commons-numbers-master\commons-numbers-examples\examples-jmh\target\generated-sources\annotations\org\apache\commons\numbers\examples\jmh\complex\jmh_generated\ComplexPerformance_tanh_jmhTest.java,ComplexPerformance_tanh_jmhTest.java,ComplexPerformance_tanh_jmhTest,tanh_Throughput,6,2,BenchmarkTaskResult,public,false,false,true,true
C:\Users\simon\Documents\Code\thesis-code\commons-numbers-master\commons-numbers-examples\examples-jmh\target\generated-sources\annotations\org\apache\commons\numbers\examples\jmh\complex\jmh_generated\ComplexPerformance_tanh_jmhTest.java,ComplexPerformance_tanh_jmhTest.java,ComplexPerformance_tanh_jmhTest,tanh_thrpt_jmhStub,7,10,void,public; static,false,false,true,true
C:\Users\simon\Documents\Code\thesis-code\commons-numbers-master\commons-numbers-examples\examples-jmh\target\generated-sources\annotations\org\apache\commons\numbers\examples\jmh\complex\jmh_generated\ComplexPerformance_tanh_jmhTest.java,ComplexPerformance_tanh_jmhTest.java,ComplexPerformance_tanh_jmhTest,tanh_AverageTime,6,2,BenchmarkTaskResult,public,false,false,true,true
C:\Users\simon\Documents\Code\thesis-code\commons-numbers-master\commons-numbers-examples\examples-jmh\target\generated-sources\annotations\org\apache\commons\numbers\examples\jmh\complex\jmh_generated\ComplexPerformance_tanh_jmhTest.java,ComplexPerformance_tanh_jmhTest.java,ComplexPerformance_tanh_jmhTest,tanh_avgt_jmhStub,7,10,void,public; static,false,false,true,true
C:\Users\simon\Documents\Code\thesis-code\commons-numbers-master\commons-numbers-examples\examples-jmh\target\generated-sources\annotations\org\apache\commons\numbers\examples\jmh\complex\jmh_generated\ComplexPerformance_tanh_jmhTest.java,ComplexPerformance_tanh_jmhTest.java,ComplexPerformance_tanh_jmhTest,tanh_SampleTime,6,2,BenchmarkTaskResult,public,false,false,true,true
C:\Users\simon\Documents\Code\thesis-code\commons-numbers-master\commons-numbers-examples\examples-jmh\target\generated-sources\annotations\org\apache\commons\numbers\examples\jmh\complex\jmh_generated\ComplexPerformance_tanh_jmhTest.java,ComplexPerformance_tanh_jmhTest.java,ComplexPerformance_tanh_jmhTest,tanh_sample_jmhStub,10,14,void,public; static,false,false,true,true
C:\Users\simon\Documents\Code\thesis-code\commons-numbers-master\commons-numbers-examples\examples-jmh\target\generated-sources\annotations\org\apache\commons\numbers\examples\jmh\complex\jmh_generated\ComplexPerformance_tanh_jmhTest.java,ComplexPerformance_tanh_jmhTest.java,ComplexPerformance_tanh_jmhTest,tanh_SingleShotTime,6,2,BenchmarkTaskResult,public,false,false,true,true
C:\Users\simon\Documents\Code\thesis-code\commons-numbers-master\commons-numbers-examples\examples-jmh\target\generated-sources\annotations\org\apache\commons\numbers\examples\jmh\complex\jmh_generated\ComplexPerformance_tanh_jmhTest.java,ComplexPerformance_tanh_jmhTest.java,ComplexPerformance_tanh_jmhTest,tanh_ss_jmhStub,5,11,void,public; static,false,false,true,true
C:\Users\simon\Documents\Code\thesis-code\commons-numbers-master\commons-numbers-examples\examples-jmh\target\generated-sources\annotations\org\apache\commons\numbers\examples\jmh\complex\jmh_generated\ComplexPerformance_tanh_jmhTest.java,ComplexPerformance_tanh_jmhTest.java,ComplexPerformance_tanh_jmhTest,_jmh_tryInit_f_complexnumbers1_G,4,1,ComplexPerformance_ComplexNumbers_jmhType,,false,false,true,true
C:\Users\simon\Documents\Code\thesis-code\commons-numbers-master\commons-numbers-examples\examples-jmh\target\generated-sources\annotations\org\apache\commons\numbers\examples\jmh\complex\jmh_generated\ComplexPerformance_tanh_jmhTest.java,ComplexPerformance_tanh_jmhTest.java,ComplexPerformance_tanh_jmhTest,_jmh_tryInit_f_complexperformance0_G,4,1,ComplexPerformance_jmhType,,false,false,true,true
C:\Users\simon\Documents\Code\thesis-code\commons-numbers-master\commons-numbers-examples\examples-jmh\target\generated-sources\annotations\org\apache\commons\numbers\examples\jmh\complex\jmh_generated\ComplexPerformance_tan_jmhTest.java,ComplexPerformance_tan_jmhTest.java,ComplexPerformance_tan_jmhTest,tan_Throughput,6,2,BenchmarkTaskResult,public,false,false,true,true
C:\Users\simon\Documents\Code\thesis-code\commons-numbers-master\commons-numbers-examples\examples-jmh\target\generated-sources\annotations\org\apache\commons\numbers\examples\jmh\complex\jmh_generated\ComplexPerformance_tan_jmhTest.java,ComplexPerformance_tan_jmhTest.java,ComplexPerformance_tan_jmhTest,tan_thrpt_jmhStub,7,10,void,public; static,false,false,true,true
C:\Users\simon\Documents\Code\thesis-code\commons-numbers-master\commons-numbers-examples\examples-jmh\target\generated-sources\annotations\org\apache\commons\numbers\examples\jmh\complex\jmh_generated\ComplexPerformance_tan_jmhTest.java,ComplexPerformance_tan_jmhTest.java,ComplexPerformance_tan_jmhTest,tan_AverageTime,6,2,BenchmarkTaskResult,public,false,false,true,true
C:\Users\simon\Documents\Code\thesis-code\commons-numbers-master\commons-numbers-examples\examples-jmh\target\generated-sources\annotations\org\apache\commons\numbers\examples\jmh\complex\jmh_generated\ComplexPerformance_tan_jmhTest.java,ComplexPerformance_tan_jmhTest.java,ComplexPerformance_tan_jmhTest,tan_avgt_jmhStub,7,10,void,public; static,false,false,true,true
C:\Users\simon\Documents\Code\thesis-code\commons-numbers-master\commons-numbers-examples\examples-jmh\target\generated-sources\annotations\org\apache\commons\numbers\examples\jmh\complex\jmh_generated\ComplexPerformance_tan_jmhTest.java,ComplexPerformance_tan_jmhTest.java,ComplexPerformance_tan_jmhTest,tan_SampleTime,6,2,BenchmarkTaskResult,public,false,false,true,true
C:\Users\simon\Documents\Code\thesis-code\commons-numbers-master\commons-numbers-examples\examples-jmh\target\generated-sources\annotations\org\apache\commons\numbers\examples\jmh\complex\jmh_generated\ComplexPerformance_tan_jmhTest.java,ComplexPerformance_tan_jmhTest.java,ComplexPerformance_tan_jmhTest,tan_sample_jmhStub,10,14,void,public; static,false,false,true,true
C:\Users\simon\Documents\Code\thesis-code\commons-numbers-master\commons-numbers-examples\examples-jmh\target\generated-sources\annotations\org\apache\commons\numbers\examples\jmh\complex\jmh_generated\ComplexPerformance_tan_jmhTest.java,ComplexPerformance_tan_jmhTest.java,ComplexPerformance_tan_jmhTest,tan_SingleShotTime,6,2,BenchmarkTaskResult,public,false,false,true,true
C:\Users\simon\Documents\Code\thesis-code\commons-numbers-master\commons-numbers-examples\examples-jmh\target\generated-sources\annotations\org\apache\commons\numbers\examples\jmh\complex\jmh_generated\ComplexPerformance_tan_jmhTest.java,ComplexPerformance_tan_jmhTest.java,ComplexPerformance_tan_jmhTest,tan_ss_jmhStub,5,11,void,public; static,false,false,true,true
C:\Users\simon\Documents\Code\thesis-code\commons-numbers-master\commons-numbers-examples\examples-jmh\target\generated-sources\annotations\org\apache\commons\numbers\examples\jmh\complex\jmh_generated\ComplexPerformance_tan_jmhTest.java,ComplexPerformance_tan_jmhTest.java,ComplexPerformance_tan_jmhTest,_jmh_tryInit_f_complexnumbers1_G,4,1,ComplexPerformance_ComplexNumbers_jmhType,,false,false,true,true
C:\Users\simon\Documents\Code\thesis-code\commons-numbers-master\commons-numbers-examples\examples-jmh\target\generated-sources\annotations\org\apache\commons\numbers\examples\jmh\complex\jmh_generated\ComplexPerformance_tan_jmhTest.java,ComplexPerformance_tan_jmhTest.java,ComplexPerformance_tan_jmhTest,_jmh_tryInit_f_complexperformance0_G,4,1,ComplexPerformance_jmhType,,false,false,true,true
C:\Users\simon\Documents\Code\thesis-code\commons-numbers-master\commons-numbers-examples\examples-jmh\target\generated-sources\annotations\org\apache\commons\numbers\examples\jmh\complex\jmh_generated\SinCosPerformance_baselineIdentity_jmhTest.java,SinCosPerformance_baselineIdentity_jmhTest.java,SinCosPerformance_baselineIdentity_jmhTest,baselineIdentity_Throughput,6,2,BenchmarkTaskResult,public,false,false,true,true
C:\Users\simon\Documents\Code\thesis-code\commons-numbers-master\commons-numbers-examples\examples-jmh\target\generated-sources\annotations\org\apache\commons\numbers\examples\jmh\complex\jmh_generated\SinCosPerformance_baselineIdentity_jmhTest.java,SinCosPerformance_baselineIdentity_jmhTest.java,SinCosPerformance_baselineIdentity_jmhTest,baselineIdentity_thrpt_jmhStub,7,10,void,public; static,false,false,true,true
C:\Users\simon\Documents\Code\thesis-code\commons-numbers-master\commons-numbers-examples\examples-jmh\target\generated-sources\annotations\org\apache\commons\numbers\examples\jmh\complex\jmh_generated\SinCosPerformance_baselineIdentity_jmhTest.java,SinCosPerformance_baselineIdentity_jmhTest.java,SinCosPerformance_baselineIdentity_jmhTest,baselineIdentity_AverageTime,6,2,BenchmarkTaskResult,public,false,false,true,true
C:\Users\simon\Documents\Code\thesis-code\commons-numbers-master\commons-numbers-examples\examples-jmh\target\generated-sources\annotations\org\apache\commons\numbers\examples\jmh\complex\jmh_generated\SinCosPerformance_baselineIdentity_jmhTest.java,SinCosPerformance_baselineIdentity_jmhTest.java,SinCosPerformance_baselineIdentity_jmhTest,baselineIdentity_avgt_jmhStub,7,10,void,public; static,false,false,true,true
C:\Users\simon\Documents\Code\thesis-code\commons-numbers-master\commons-numbers-examples\examples-jmh\target\generated-sources\annotations\org\apache\commons\numbers\examples\jmh\complex\jmh_generated\SinCosPerformance_baselineIdentity_jmhTest.java,SinCosPerformance_baselineIdentity_jmhTest.java,SinCosPerformance_baselineIdentity_jmhTest,baselineIdentity_SampleTime,6,2,BenchmarkTaskResult,public,false,false,true,true
C:\Users\simon\Documents\Code\thesis-code\commons-numbers-master\commons-numbers-examples\examples-jmh\target\generated-sources\annotations\org\apache\commons\numbers\examples\jmh\complex\jmh_generated\SinCosPerformance_baselineIdentity_jmhTest.java,SinCosPerformance_baselineIdentity_jmhTest.java,SinCosPerformance_baselineIdentity_jmhTest,baselineIdentity_sample_jmhStub,10,14,void,public; static,false,false,true,true
C:\Users\simon\Documents\Code\thesis-code\commons-numbers-master\commons-numbers-examples\examples-jmh\target\generated-sources\annotations\org\apache\commons\numbers\examples\jmh\complex\jmh_generated\SinCosPerformance_baselineIdentity_jmhTest.java,SinCosPerformance_baselineIdentity_jmhTest.java,SinCosPerformance_baselineIdentity_jmhTest,baselineIdentity_SingleShotTime,6,2,BenchmarkTaskResult,public,false,false,true,true
C:\Users\simon\Documents\Code\thesis-code\commons-numbers-master\commons-numbers-examples\examples-jmh\target\generated-sources\annotations\org\apache\commons\numbers\examples\jmh\complex\jmh_generated\SinCosPerformance_baselineIdentity_jmhTest.java,SinCosPerformance_baselineIdentity_jmhTest.java,SinCosPerformance_baselineIdentity_jmhTest,baselineIdentity_ss_jmhStub,5,11,void,public; static,false,false,true,true
C:\Users\simon\Documents\Code\thesis-code\commons-numbers-master\commons-numbers-examples\examples-jmh\target\generated-sources\annotations\org\apache\commons\numbers\examples\jmh\complex\jmh_generated\SinCosPerformance_baselineIdentity_jmhTest.java,SinCosPerformance_baselineIdentity_jmhTest.java,SinCosPerformance_baselineIdentity_jmhTest,_jmh_tryInit_f_numbers1_G,4,1,SinCosPerformance_Numbers_jmhType,,false,false,true,true
C:\Users\simon\Documents\Code\thesis-code\commons-numbers-master\commons-numbers-examples\examples-jmh\target\generated-sources\annotations\org\apache\commons\numbers\examples\jmh\complex\jmh_generated\SinCosPerformance_baselineIdentity_jmhTest.java,SinCosPerformance_baselineIdentity_jmhTest.java,SinCosPerformance_baselineIdentity_jmhTest,_jmh_tryInit_f_sincosperformance0_G,4,1,SinCosPerformance_jmhType,,false,false,true,true
C:\Users\simon\Documents\Code\thesis-code\commons-numbers-master\commons-numbers-examples\examples-jmh\target\generated-sources\annotations\org\apache\commons\numbers\examples\jmh\complex\jmh_generated\SinCosPerformance_fastMathCos_jmhTest.java,SinCosPerformance_fastMathCos_jmhTest.java,SinCosPerformance_fastMathCos_jmhTest,fastMathCos_Throughput,6,2,BenchmarkTaskResult,public,false,false,true,true
C:\Users\simon\Documents\Code\thesis-code\commons-numbers-master\commons-numbers-examples\examples-jmh\target\generated-sources\annotations\org\apache\commons\numbers\examples\jmh\complex\jmh_generated\SinCosPerformance_fastMathCos_jmhTest.java,SinCosPerformance_fastMathCos_jmhTest.java,SinCosPerformance_fastMathCos_jmhTest,fastMathCos_thrpt_jmhStub,7,10,void,public; static,false,false,true,true
C:\Users\simon\Documents\Code\thesis-code\commons-numbers-master\commons-numbers-examples\examples-jmh\target\generated-sources\annotations\org\apache\commons\numbers\examples\jmh\complex\jmh_generated\SinCosPerformance_fastMathCos_jmhTest.java,SinCosPerformance_fastMathCos_jmhTest.java,SinCosPerformance_fastMathCos_jmhTest,fastMathCos_AverageTime,6,2,BenchmarkTaskResult,public,false,false,true,true
C:\Users\simon\Documents\Code\thesis-code\commons-numbers-master\commons-numbers-examples\examples-jmh\target\generated-sources\annotations\org\apache\commons\numbers\examples\jmh\complex\jmh_generated\SinCosPerformance_fastMathCos_jmhTest.java,SinCosPerformance_fastMathCos_jmhTest.java,SinCosPerformance_fastMathCos_jmhTest,fastMathCos_avgt_jmhStub,7,10,void,public; static,false,false,true,true
C:\Users\simon\Documents\Code\thesis-code\commons-numbers-master\commons-numbers-examples\examples-jmh\target\generated-sources\annotations\org\apache\commons\numbers\examples\jmh\complex\jmh_generated\SinCosPerformance_fastMathCos_jmhTest.java,SinCosPerformance_fastMathCos_jmhTest.java,SinCosPerformance_fastMathCos_jmhTest,fastMathCos_SampleTime,6,2,BenchmarkTaskResult,public,false,false,true,true
C:\Users\simon\Documents\Code\thesis-code\commons-numbers-master\commons-numbers-examples\examples-jmh\target\generated-sources\annotations\org\apache\commons\numbers\examples\jmh\complex\jmh_generated\SinCosPerformance_fastMathCos_jmhTest.java,SinCosPerformance_fastMathCos_jmhTest.java,SinCosPerformance_fastMathCos_jmhTest,fastMathCos_sample_jmhStub,10,14,void,public; static,false,false,true,true
C:\Users\simon\Documents\Code\thesis-code\commons-numbers-master\commons-numbers-examples\examples-jmh\target\generated-sources\annotations\org\apache\commons\numbers\examples\jmh\complex\jmh_generated\SinCosPerformance_fastMathCos_jmhTest.java,SinCosPerformance_fastMathCos_jmhTest.java,SinCosPerformance_fastMathCos_jmhTest,fastMathCos_SingleShotTime,6,2,BenchmarkTaskResult,public,false,false,true,true
C:\Users\simon\Documents\Code\thesis-code\commons-numbers-master\commons-numbers-examples\examples-jmh\target\generated-sources\annotations\org\apache\commons\numbers\examples\jmh\complex\jmh_generated\SinCosPerformance_fastMathCos_jmhTest.java,SinCosPerformance_fastMathCos_jmhTest.java,SinCosPerformance_fastMathCos_jmhTest,fastMathCos_ss_jmhStub,5,11,void,public; static,false,false,true,true
C:\Users\simon\Documents\Code\thesis-code\commons-numbers-master\commons-numbers-examples\examples-jmh\target\generated-sources\annotations\org\apache\commons\numbers\examples\jmh\complex\jmh_generated\SinCosPerformance_fastMathCos_jmhTest.java,SinCosPerformance_fastMathCos_jmhTest.java,SinCosPerformance_fastMathCos_jmhTest,_jmh_tryInit_f_numbers1_G,4,1,SinCosPerformance_Numbers_jmhType,,false,false,true,true
C:\Users\simon\Documents\Code\thesis-code\commons-numbers-master\commons-numbers-examples\examples-jmh\target\generated-sources\annotations\org\apache\commons\numbers\examples\jmh\complex\jmh_generated\SinCosPerformance_fastMathCos_jmhTest.java,SinCosPerformance_fastMathCos_jmhTest.java,SinCosPerformance_fastMathCos_jmhTest,_jmh_tryInit_f_sincosperformance0_G,4,1,SinCosPerformance_jmhType,,false,false,true,true
C:\Users\simon\Documents\Code\thesis-code\commons-numbers-master\commons-numbers-examples\examples-jmh\target\generated-sources\annotations\org\apache\commons\numbers\examples\jmh\complex\jmh_generated\SinCosPerformance_fastMathSin_jmhTest.java,SinCosPerformance_fastMathSin_jmhTest.java,SinCosPerformance_fastMathSin_jmhTest,fastMathSin_Throughput,6,2,BenchmarkTaskResult,public,false,false,true,true
C:\Users\simon\Documents\Code\thesis-code\commons-numbers-master\commons-numbers-examples\examples-jmh\target\generated-sources\annotations\org\apache\commons\numbers\examples\jmh\complex\jmh_generated\SinCosPerformance_fastMathSin_jmhTest.java,SinCosPerformance_fastMathSin_jmhTest.java,SinCosPerformance_fastMathSin_jmhTest,fastMathSin_thrpt_jmhStub,7,10,void,public; static,false,false,true,true
C:\Users\simon\Documents\Code\thesis-code\commons-numbers-master\commons-numbers-examples\examples-jmh\target\generated-sources\annotations\org\apache\commons\numbers\examples\jmh\complex\jmh_generated\SinCosPerformance_fastMathSin_jmhTest.java,SinCosPerformance_fastMathSin_jmhTest.java,SinCosPerformance_fastMathSin_jmhTest,fastMathSin_AverageTime,6,2,BenchmarkTaskResult,public,false,false,true,true
C:\Users\simon\Documents\Code\thesis-code\commons-numbers-master\commons-numbers-examples\examples-jmh\target\generated-sources\annotations\org\apache\commons\numbers\examples\jmh\complex\jmh_generated\SinCosPerformance_fastMathSin_jmhTest.java,SinCosPerformance_fastMathSin_jmhTest.java,SinCosPerformance_fastMathSin_jmhTest,fastMathSin_avgt_jmhStub,7,10,void,public; static,false,false,true,true
C:\Users\simon\Documents\Code\thesis-code\commons-numbers-master\commons-numbers-examples\examples-jmh\target\generated-sources\annotations\org\apache\commons\numbers\examples\jmh\complex\jmh_generated\SinCosPerformance_fastMathSin_jmhTest.java,SinCosPerformance_fastMathSin_jmhTest.java,SinCosPerformance_fastMathSin_jmhTest,fastMathSin_SampleTime,6,2,BenchmarkTaskResult,public,false,false,true,true
C:\Users\simon\Documents\Code\thesis-code\commons-numbers-master\commons-numbers-examples\examples-jmh\target\generated-sources\annotations\org\apache\commons\numbers\examples\jmh\complex\jmh_generated\SinCosPerformance_fastMathSin_jmhTest.java,SinCosPerformance_fastMathSin_jmhTest.java,SinCosPerformance_fastMathSin_jmhTest,fastMathSin_sample_jmhStub,10,14,void,public; static,false,false,true,true
C:\Users\simon\Documents\Code\thesis-code\commons-numbers-master\commons-numbers-examples\examples-jmh\target\generated-sources\annotations\org\apache\commons\numbers\examples\jmh\complex\jmh_generated\SinCosPerformance_fastMathSin_jmhTest.java,SinCosPerformance_fastMathSin_jmhTest.java,SinCosPerformance_fastMathSin_jmhTest,fastMathSin_SingleShotTime,6,2,BenchmarkTaskResult,public,false,false,true,true
C:\Users\simon\Documents\Code\thesis-code\commons-numbers-master\commons-numbers-examples\examples-jmh\target\generated-sources\annotations\org\apache\commons\numbers\examples\jmh\complex\jmh_generated\SinCosPerformance_fastMathSin_jmhTest.java,SinCosPerformance_fastMathSin_jmhTest.java,SinCosPerformance_fastMathSin_jmhTest,fastMathSin_ss_jmhStub,5,11,void,public; static,false,false,true,true
C:\Users\simon\Documents\Code\thesis-code\commons-numbers-master\commons-numbers-examples\examples-jmh\target\generated-sources\annotations\org\apache\commons\numbers\examples\jmh\complex\jmh_generated\SinCosPerformance_fastMathSin_jmhTest.java,SinCosPerformance_fastMathSin_jmhTest.java,SinCosPerformance_fastMathSin_jmhTest,_jmh_tryInit_f_numbers1_G,4,1,SinCosPerformance_Numbers_jmhType,,false,false,true,true
C:\Users\simon\Documents\Code\thesis-code\commons-numbers-master\commons-numbers-examples\examples-jmh\target\generated-sources\annotations\org\apache\commons\numbers\examples\jmh\complex\jmh_generated\SinCosPerformance_fastMathSin_jmhTest.java,SinCosPerformance_fastMathSin_jmhTest.java,SinCosPerformance_fastMathSin_jmhTest,_jmh_tryInit_f_sincosperformance0_G,4,1,SinCosPerformance_jmhType,,false,false,true,true
C:\Users\simon\Documents\Code\thesis-code\commons-numbers-master\commons-numbers-examples\examples-jmh\target\generated-sources\annotations\org\apache\commons\numbers\examples\jmh\complex\jmh_generated\SinCosPerformance_mathCos_jmhTest.java,SinCosPerformance_mathCos_jmhTest.java,SinCosPerformance_mathCos_jmhTest,mathCos_Throughput,6,2,BenchmarkTaskResult,public,false,false,true,true
C:\Users\simon\Documents\Code\thesis-code\commons-numbers-master\commons-numbers-examples\examples-jmh\target\generated-sources\annotations\org\apache\commons\numbers\examples\jmh\complex\jmh_generated\SinCosPerformance_mathCos_jmhTest.java,SinCosPerformance_mathCos_jmhTest.java,SinCosPerformance_mathCos_jmhTest,mathCos_thrpt_jmhStub,7,10,void,public; static,false,false,true,true
C:\Users\simon\Documents\Code\thesis-code\commons-numbers-master\commons-numbers-examples\examples-jmh\target\generated-sources\annotations\org\apache\commons\numbers\examples\jmh\complex\jmh_generated\SinCosPerformance_mathCos_jmhTest.java,SinCosPerformance_mathCos_jmhTest.java,SinCosPerformance_mathCos_jmhTest,mathCos_AverageTime,6,2,BenchmarkTaskResult,public,false,false,true,true
C:\Users\simon\Documents\Code\thesis-code\commons-numbers-master\commons-numbers-examples\examples-jmh\target\generated-sources\annotations\org\apache\commons\numbers\examples\jmh\complex\jmh_generated\SinCosPerformance_mathCos_jmhTest.java,SinCosPerformance_mathCos_jmhTest.java,SinCosPerformance_mathCos_jmhTest,mathCos_avgt_jmhStub,7,10,void,public; static,false,false,true,true
C:\Users\simon\Documents\Code\thesis-code\commons-numbers-master\commons-numbers-examples\examples-jmh\target\generated-sources\annotations\org\apache\commons\numbers\examples\jmh\complex\jmh_generated\SinCosPerformance_mathCos_jmhTest.java,SinCosPerformance_mathCos_jmhTest.java,SinCosPerformance_mathCos_jmhTest,mathCos_SampleTime,6,2,BenchmarkTaskResult,public,false,false,true,true
C:\Users\simon\Documents\Code\thesis-code\commons-numbers-master\commons-numbers-examples\examples-jmh\target\generated-sources\annotations\org\apache\commons\numbers\examples\jmh\complex\jmh_generated\SinCosPerformance_mathCos_jmhTest.java,SinCosPerformance_mathCos_jmhTest.java,SinCosPerformance_mathCos_jmhTest,mathCos_sample_jmhStub,10,14,void,public; static,false,false,true,true
C:\Users\simon\Documents\Code\thesis-code\commons-numbers-master\commons-numbers-examples\examples-jmh\target\generated-sources\annotations\org\apache\commons\numbers\examples\jmh\complex\jmh_generated\SinCosPerformance_mathCos_jmhTest.java,SinCosPerformance_mathCos_jmhTest.java,SinCosPerformance_mathCos_jmhTest,mathCos_SingleShotTime,6,2,BenchmarkTaskResult,public,false,false,true,true
C:\Users\simon\Documents\Code\thesis-code\commons-numbers-master\commons-numbers-examples\examples-jmh\target\generated-sources\annotations\org\apache\commons\numbers\examples\jmh\complex\jmh_generated\SinCosPerformance_mathCos_jmhTest.java,SinCosPerformance_mathCos_jmhTest.java,SinCosPerformance_mathCos_jmhTest,mathCos_ss_jmhStub,5,11,void,public; static,false,false,true,true
C:\Users\simon\Documents\Code\thesis-code\commons-numbers-master\commons-numbers-examples\examples-jmh\target\generated-sources\annotations\org\apache\commons\numbers\examples\jmh\complex\jmh_generated\SinCosPerformance_mathCos_jmhTest.java,SinCosPerformance_mathCos_jmhTest.java,SinCosPerformance_mathCos_jmhTest,_jmh_tryInit_f_numbers1_G,4,1,SinCosPerformance_Numbers_jmhType,,false,false,true,true
C:\Users\simon\Documents\Code\thesis-code\commons-numbers-master\commons-numbers-examples\examples-jmh\target\generated-sources\annotations\org\apache\commons\numbers\examples\jmh\complex\jmh_generated\SinCosPerformance_mathCos_jmhTest.java,SinCosPerformance_mathCos_jmhTest.java,SinCosPerformance_mathCos_jmhTest,_jmh_tryInit_f_sincosperformance0_G,4,1,SinCosPerformance_jmhType,,false,false,true,true
C:\Users\simon\Documents\Code\thesis-code\commons-numbers-master\commons-numbers-examples\examples-jmh\target\generated-sources\annotations\org\apache\commons\numbers\examples\jmh\complex\jmh_generated\SinCosPerformance_mathSin_jmhTest.java,SinCosPerformance_mathSin_jmhTest.java,SinCosPerformance_mathSin_jmhTest,mathSin_Throughput,6,2,BenchmarkTaskResult,public,false,false,true,true
C:\Users\simon\Documents\Code\thesis-code\commons-numbers-master\commons-numbers-examples\examples-jmh\target\generated-sources\annotations\org\apache\commons\numbers\examples\jmh\complex\jmh_generated\SinCosPerformance_mathSin_jmhTest.java,SinCosPerformance_mathSin_jmhTest.java,SinCosPerformance_mathSin_jmhTest,mathSin_thrpt_jmhStub,7,10,void,public; static,false,false,true,true
C:\Users\simon\Documents\Code\thesis-code\commons-numbers-master\commons-numbers-examples\examples-jmh\target\generated-sources\annotations\org\apache\commons\numbers\examples\jmh\complex\jmh_generated\SinCosPerformance_mathSin_jmhTest.java,SinCosPerformance_mathSin_jmhTest.java,SinCosPerformance_mathSin_jmhTest,mathSin_AverageTime,6,2,BenchmarkTaskResult,public,false,false,true,true
C:\Users\simon\Documents\Code\thesis-code\commons-numbers-master\commons-numbers-examples\examples-jmh\target\generated-sources\annotations\org\apache\commons\numbers\examples\jmh\complex\jmh_generated\SinCosPerformance_mathSin_jmhTest.java,SinCosPerformance_mathSin_jmhTest.java,SinCosPerformance_mathSin_jmhTest,mathSin_avgt_jmhStub,7,10,void,public; static,false,false,true,true
C:\Users\simon\Documents\Code\thesis-code\commons-numbers-master\commons-numbers-examples\examples-jmh\target\generated-sources\annotations\org\apache\commons\numbers\examples\jmh\complex\jmh_generated\SinCosPerformance_mathSin_jmhTest.java,SinCosPerformance_mathSin_jmhTest.java,SinCosPerformance_mathSin_jmhTest,mathSin_SampleTime,6,2,BenchmarkTaskResult,public,false,false,true,true
C:\Users\simon\Documents\Code\thesis-code\commons-numbers-master\commons-numbers-examples\examples-jmh\target\generated-sources\annotations\org\apache\commons\numbers\examples\jmh\complex\jmh_generated\SinCosPerformance_mathSin_jmhTest.java,SinCosPerformance_mathSin_jmhTest.java,SinCosPerformance_mathSin_jmhTest,mathSin_sample_jmhStub,10,14,void,public; static,false,false,true,true
C:\Users\simon\Documents\Code\thesis-code\commons-numbers-master\commons-numbers-examples\examples-jmh\target\generated-sources\annotations\org\apache\commons\numbers\examples\jmh\complex\jmh_generated\SinCosPerformance_mathSin_jmhTest.java,SinCosPerformance_mathSin_jmhTest.java,SinCosPerformance_mathSin_jmhTest,mathSin_SingleShotTime,6,2,BenchmarkTaskResult,public,false,false,true,true
C:\Users\simon\Documents\Code\thesis-code\commons-numbers-master\commons-numbers-examples\examples-jmh\target\generated-sources\annotations\org\apache\commons\numbers\examples\jmh\complex\jmh_generated\SinCosPerformance_mathSin_jmhTest.java,SinCosPerformance_mathSin_jmhTest.java,SinCosPerformance_mathSin_jmhTest,mathSin_ss_jmhStub,5,11,void,public; static,false,false,true,true
C:\Users\simon\Documents\Code\thesis-code\commons-numbers-master\commons-numbers-examples\examples-jmh\target\generated-sources\annotations\org\apache\commons\numbers\examples\jmh\complex\jmh_generated\SinCosPerformance_mathSin_jmhTest.java,SinCosPerformance_mathSin_jmhTest.java,SinCosPerformance_mathSin_jmhTest,_jmh_tryInit_f_numbers1_G,4,1,SinCosPerformance_Numbers_jmhType,,false,false,true,true
C:\Users\simon\Documents\Code\thesis-code\commons-numbers-master\commons-numbers-examples\examples-jmh\target\generated-sources\annotations\org\apache\commons\numbers\examples\jmh\complex\jmh_generated\SinCosPerformance_mathSin_jmhTest.java,SinCosPerformance_mathSin_jmhTest.java,SinCosPerformance_mathSin_jmhTest,_jmh_tryInit_f_sincosperformance0_G,4,1,SinCosPerformance_jmhType,,false,false,true,true
C:\Users\simon\Documents\Code\thesis-code\commons-numbers-master\commons-numbers-examples\examples-jmh\target\generated-sources\annotations\org\apache\commons\numbers\examples\jmh\complex\jmh_generated\SinCosPerformance_rangeFastMathSin_jmhTest.java,SinCosPerformance_rangeFastMathSin_jmhTest.java,SinCosPerformance_rangeFastMathSin_jmhTest,rangeFastMathSin_Throughput,6,2,BenchmarkTaskResult,public,false,false,true,true
C:\Users\simon\Documents\Code\thesis-code\commons-numbers-master\commons-numbers-examples\examples-jmh\target\generated-sources\annotations\org\apache\commons\numbers\examples\jmh\complex\jmh_generated\SinCosPerformance_rangeFastMathSin_jmhTest.java,SinCosPerformance_rangeFastMathSin_jmhTest.java,SinCosPerformance_rangeFastMathSin_jmhTest,rangeFastMathSin_thrpt_jmhStub,7,10,void,public; static,false,false,true,true
C:\Users\simon\Documents\Code\thesis-code\commons-numbers-master\commons-numbers-examples\examples-jmh\target\generated-sources\annotations\org\apache\commons\numbers\examples\jmh\complex\jmh_generated\SinCosPerformance_rangeFastMathSin_jmhTest.java,SinCosPerformance_rangeFastMathSin_jmhTest.java,SinCosPerformance_rangeFastMathSin_jmhTest,rangeFastMathSin_AverageTime,6,2,BenchmarkTaskResult,public,false,false,true,true
C:\Users\simon\Documents\Code\thesis-code\commons-numbers-master\commons-numbers-examples\examples-jmh\target\generated-sources\annotations\org\apache\commons\numbers\examples\jmh\complex\jmh_generated\SinCosPerformance_rangeFastMathSin_jmhTest.java,SinCosPerformance_rangeFastMathSin_jmhTest.java,SinCosPerformance_rangeFastMathSin_jmhTest,rangeFastMathSin_avgt_jmhStub,7,10,void,public; static,false,false,true,true
C:\Users\simon\Documents\Code\thesis-code\commons-numbers-master\commons-numbers-examples\examples-jmh\target\generated-sources\annotations\org\apache\commons\numbers\examples\jmh\complex\jmh_generated\SinCosPerformance_rangeFastMathSin_jmhTest.java,SinCosPerformance_rangeFastMathSin_jmhTest.java,SinCosPerformance_rangeFastMathSin_jmhTest,rangeFastMathSin_SampleTime,6,2,BenchmarkTaskResult,public,false,false,true,true
C:\Users\simon\Documents\Code\thesis-code\commons-numbers-master\commons-numbers-examples\examples-jmh\target\generated-sources\annotations\org\apache\commons\numbers\examples\jmh\complex\jmh_generated\SinCosPerformance_rangeFastMathSin_jmhTest.java,SinCosPerformance_rangeFastMathSin_jmhTest.java,SinCosPerformance_rangeFastMathSin_jmhTest,rangeFastMathSin_sample_jmhStub,10,14,void,public; static,false,false,true,true
C:\Users\simon\Documents\Code\thesis-code\commons-numbers-master\commons-numbers-examples\examples-jmh\target\generated-sources\annotations\org\apache\commons\numbers\examples\jmh\complex\jmh_generated\SinCosPerformance_rangeFastMathSin_jmhTest.java,SinCosPerformance_rangeFastMathSin_jmhTest.java,SinCosPerformance_rangeFastMathSin_jmhTest,rangeFastMathSin_SingleShotTime,6,2,BenchmarkTaskResult,public,false,false,true,true
C:\Users\simon\Documents\Code\thesis-code\commons-numbers-master\commons-numbers-examples\examples-jmh\target\generated-sources\annotations\org\apache\commons\numbers\examples\jmh\complex\jmh_generated\SinCosPerformance_rangeFastMathSin_jmhTest.java,SinCosPerformance_rangeFastMathSin_jmhTest.java,SinCosPerformance_rangeFastMathSin_jmhTest,rangeFastMathSin_ss_jmhStub,5,11,void,public; static,false,false,true,true
C:\Users\simon\Documents\Code\thesis-code\commons-numbers-master\commons-numbers-examples\examples-jmh\target\generated-sources\annotations\org\apache\commons\numbers\examples\jmh\complex\jmh_generated\SinCosPerformance_rangeFastMathSin_jmhTest.java,SinCosPerformance_rangeFastMathSin_jmhTest.java,SinCosPerformance_rangeFastMathSin_jmhTest,_jmh_tryInit_f_sincosperformance0_G,4,1,SinCosPerformance_jmhType,,false,false,true,true
C:\Users\simon\Documents\Code\thesis-code\commons-numbers-master\commons-numbers-examples\examples-jmh\target\generated-sources\annotations\org\apache\commons\numbers\examples\jmh\complex\jmh_generated\SinCosPerformance_rangeFastMathSin_jmhTest.java,SinCosPerformance_rangeFastMathSin_jmhTest.java,SinCosPerformance_rangeFastMathSin_jmhTest,_jmh_tryInit_f_uniformnumbers1_G,4,1,SinCosPerformance_UniformNumbers_jmhType,,false,false,true,true
C:\Users\simon\Documents\Code\thesis-code\commons-numbers-master\commons-numbers-examples\examples-jmh\target\generated-sources\annotations\org\apache\commons\numbers\examples\jmh\complex\jmh_generated\SinCosPerformance_rangeMathSin_jmhTest.java,SinCosPerformance_rangeMathSin_jmhTest.java,SinCosPerformance_rangeMathSin_jmhTest,rangeMathSin_Throughput,6,2,BenchmarkTaskResult,public,false,false,true,true
C:\Users\simon\Documents\Code\thesis-code\commons-numbers-master\commons-numbers-examples\examples-jmh\target\generated-sources\annotations\org\apache\commons\numbers\examples\jmh\complex\jmh_generated\SinCosPerformance_rangeMathSin_jmhTest.java,SinCosPerformance_rangeMathSin_jmhTest.java,SinCosPerformance_rangeMathSin_jmhTest,rangeMathSin_thrpt_jmhStub,7,10,void,public; static,false,false,true,true
C:\Users\simon\Documents\Code\thesis-code\commons-numbers-master\commons-numbers-examples\examples-jmh\target\generated-sources\annotations\org\apache\commons\numbers\examples\jmh\complex\jmh_generated\SinCosPerformance_rangeMathSin_jmhTest.java,SinCosPerformance_rangeMathSin_jmhTest.java,SinCosPerformance_rangeMathSin_jmhTest,rangeMathSin_AverageTime,6,2,BenchmarkTaskResult,public,false,false,true,true
C:\Users\simon\Documents\Code\thesis-code\commons-numbers-master\commons-numbers-examples\examples-jmh\target\generated-sources\annotations\org\apache\commons\numbers\examples\jmh\complex\jmh_generated\SinCosPerformance_rangeMathSin_jmhTest.java,SinCosPerformance_rangeMathSin_jmhTest.java,SinCosPerformance_rangeMathSin_jmhTest,rangeMathSin_avgt_jmhStub,7,10,void,public; static,false,false,true,true
C:\Users\simon\Documents\Code\thesis-code\commons-numbers-master\commons-numbers-examples\examples-jmh\target\generated-sources\annotations\org\apache\commons\numbers\examples\jmh\complex\jmh_generated\SinCosPerformance_rangeMathSin_jmhTest.java,SinCosPerformance_rangeMathSin_jmhTest.java,SinCosPerformance_rangeMathSin_jmhTest,rangeMathSin_SampleTime,6,2,BenchmarkTaskResult,public,false,false,true,true
C:\Users\simon\Documents\Code\thesis-code\commons-numbers-master\commons-numbers-examples\examples-jmh\target\generated-sources\annotations\org\apache\commons\numbers\examples\jmh\complex\jmh_generated\SinCosPerformance_rangeMathSin_jmhTest.java,SinCosPerformance_rangeMathSin_jmhTest.java,SinCosPerformance_rangeMathSin_jmhTest,rangeMathSin_sample_jmhStub,10,14,void,public; static,false,false,true,true
C:\Users\simon\Documents\Code\thesis-code\commons-numbers-master\commons-numbers-examples\examples-jmh\target\generated-sources\annotations\org\apache\commons\numbers\examples\jmh\complex\jmh_generated\SinCosPerformance_rangeMathSin_jmhTest.java,SinCosPerformance_rangeMathSin_jmhTest.java,SinCosPerformance_rangeMathSin_jmhTest,rangeMathSin_SingleShotTime,6,2,BenchmarkTaskResult,public,false,false,true,true
C:\Users\simon\Documents\Code\thesis-code\commons-numbers-master\commons-numbers-examples\examples-jmh\target\generated-sources\annotations\org\apache\commons\numbers\examples\jmh\complex\jmh_generated\SinCosPerformance_rangeMathSin_jmhTest.java,SinCosPerformance_rangeMathSin_jmhTest.java,SinCosPerformance_rangeMathSin_jmhTest,rangeMathSin_ss_jmhStub,5,11,void,public; static,false,false,true,true
C:\Users\simon\Documents\Code\thesis-code\commons-numbers-master\commons-numbers-examples\examples-jmh\target\generated-sources\annotations\org\apache\commons\numbers\examples\jmh\complex\jmh_generated\SinCosPerformance_rangeMathSin_jmhTest.java,SinCosPerformance_rangeMathSin_jmhTest.java,SinCosPerformance_rangeMathSin_jmhTest,_jmh_tryInit_f_sincosperformance0_G,4,1,SinCosPerformance_jmhType,,false,false,true,true
C:\Users\simon\Documents\Code\thesis-code\commons-numbers-master\commons-numbers-examples\examples-jmh\target\generated-sources\annotations\org\apache\commons\numbers\examples\jmh\complex\jmh_generated\SinCosPerformance_rangeMathSin_jmhTest.java,SinCosPerformance_rangeMathSin_jmhTest.java,SinCosPerformance_rangeMathSin_jmhTest,_jmh_tryInit_f_uniformnumbers1_G,4,1,SinCosPerformance_UniformNumbers_jmhType,,false,false,true,true
C:\Users\simon\Documents\Code\thesis-code\commons-numbers-master\commons-numbers-examples\examples-jmh\target\generated-sources\annotations\org\apache\commons\numbers\examples\jmh\core\jmh_generated\ArithmeticPerformance_intOp_jmhTest.java,ArithmeticPerformance_intOp_jmhTest.java,ArithmeticPerformance_intOp_jmhTest,intOp_Throughput,6,2,BenchmarkTaskResult,public,false,false,true,true
C:\Users\simon\Documents\Code\thesis-code\commons-numbers-master\commons-numbers-examples\examples-jmh\target\generated-sources\annotations\org\apache\commons\numbers\examples\jmh\core\jmh_generated\ArithmeticPerformance_intOp_jmhTest.java,ArithmeticPerformance_intOp_jmhTest.java,ArithmeticPerformance_intOp_jmhTest,intOp_thrpt_jmhStub,7,11,void,public; static,false,false,true,true
C:\Users\simon\Documents\Code\thesis-code\commons-numbers-master\commons-numbers-examples\examples-jmh\target\generated-sources\annotations\org\apache\commons\numbers\examples\jmh\core\jmh_generated\ArithmeticPerformance_intOp_jmhTest.java,ArithmeticPerformance_intOp_jmhTest.java,ArithmeticPerformance_intOp_jmhTest,intOp_AverageTime,6,2,BenchmarkTaskResult,public,false,false,true,true
C:\Users\simon\Documents\Code\thesis-code\commons-numbers-master\commons-numbers-examples\examples-jmh\target\generated-sources\annotations\org\apache\commons\numbers\examples\jmh\core\jmh_generated\ArithmeticPerformance_intOp_jmhTest.java,ArithmeticPerformance_intOp_jmhTest.java,ArithmeticPerformance_intOp_jmhTest,intOp_avgt_jmhStub,7,11,void,public; static,false,false,true,true
C:\Users\simon\Documents\Code\thesis-code\commons-numbers-master\commons-numbers-examples\examples-jmh\target\generated-sources\annotations\org\apache\commons\numbers\examples\jmh\core\jmh_generated\ArithmeticPerformance_intOp_jmhTest.java,ArithmeticPerformance_intOp_jmhTest.java,ArithmeticPerformance_intOp_jmhTest,intOp_SampleTime,6,2,BenchmarkTaskResult,public,false,false,true,true
C:\Users\simon\Documents\Code\thesis-code\commons-numbers-master\commons-numbers-examples\examples-jmh\target\generated-sources\annotations\org\apache\commons\numbers\examples\jmh\core\jmh_generated\ArithmeticPerformance_intOp_jmhTest.java,ArithmeticPerformance_intOp_jmhTest.java,ArithmeticPerformance_intOp_jmhTest,intOp_sample_jmhStub,10,15,void,public; static,false,false,true,true
C:\Users\simon\Documents\Code\thesis-code\commons-numbers-master\commons-numbers-examples\examples-jmh\target\generated-sources\annotations\org\apache\commons\numbers\examples\jmh\core\jmh_generated\ArithmeticPerformance_intOp_jmhTest.java,ArithmeticPerformance_intOp_jmhTest.java,ArithmeticPerformance_intOp_jmhTest,intOp_SingleShotTime,6,2,BenchmarkTaskResult,public,false,false,true,true
C:\Users\simon\Documents\Code\thesis-code\commons-numbers-master\commons-numbers-examples\examples-jmh\target\generated-sources\annotations\org\apache\commons\numbers\examples\jmh\core\jmh_generated\ArithmeticPerformance_intOp_jmhTest.java,ArithmeticPerformance_intOp_jmhTest.java,ArithmeticPerformance_intOp_jmhTest,intOp_ss_jmhStub,5,12,void,public; static,false,false,true,true
C:\Users\simon\Documents\Code\thesis-code\commons-numbers-master\commons-numbers-examples\examples-jmh\target\generated-sources\annotations\org\apache\commons\numbers\examples\jmh\core\jmh_generated\ArithmeticPerformance_intOp_jmhTest.java,ArithmeticPerformance_intOp_jmhTest.java,ArithmeticPerformance_intOp_jmhTest,_jmh_tryInit_f_arithmeticperformance0_G,4,1,ArithmeticPerformance_jmhType,,false,false,true,true
C:\Users\simon\Documents\Code\thesis-code\commons-numbers-master\commons-numbers-examples\examples-jmh\target\generated-sources\annotations\org\apache\commons\numbers\examples\jmh\core\jmh_generated\ArithmeticPerformance_intOp_jmhTest.java,ArithmeticPerformance_intOp_jmhTest.java,ArithmeticPerformance_intOp_jmhTest,_jmh_tryInit_f_intdatasource1_G,4,1,ArithmeticPerformance_IntDataSource_jmhType,,false,false,true,true
C:\Users\simon\Documents\Code\thesis-code\commons-numbers-master\commons-numbers-examples\examples-jmh\target\generated-sources\annotations\org\apache\commons\numbers\examples\jmh\core\jmh_generated\ArithmeticPerformance_intOp_jmhTest.java,ArithmeticPerformance_intOp_jmhTest.java,ArithmeticPerformance_intOp_jmhTest,_jmh_tryInit_f_intfunctionsource2_G,4,1,ArithmeticPerformance_IntFunctionSource_jmhType,,false,false,true,true
C:\Users\simon\Documents\Code\thesis-code\commons-numbers-master\commons-numbers-examples\examples-jmh\target\generated-sources\annotations\org\apache\commons\numbers\examples\jmh\core\jmh_generated\ArithmeticPerformance_longOp_jmhTest.java,ArithmeticPerformance_longOp_jmhTest.java,ArithmeticPerformance_longOp_jmhTest,longOp_Throughput,6,2,BenchmarkTaskResult,public,false,false,true,true
C:\Users\simon\Documents\Code\thesis-code\commons-numbers-master\commons-numbers-examples\examples-jmh\target\generated-sources\annotations\org\apache\commons\numbers\examples\jmh\core\jmh_generated\ArithmeticPerformance_longOp_jmhTest.java,ArithmeticPerformance_longOp_jmhTest.java,ArithmeticPerformance_longOp_jmhTest,longOp_thrpt_jmhStub,7,11,void,public; static,false,false,true,true
C:\Users\simon\Documents\Code\thesis-code\commons-numbers-master\commons-numbers-examples\examples-jmh\target\generated-sources\annotations\org\apache\commons\numbers\examples\jmh\core\jmh_generated\ArithmeticPerformance_longOp_jmhTest.java,ArithmeticPerformance_longOp_jmhTest.java,ArithmeticPerformance_longOp_jmhTest,longOp_AverageTime,6,2,BenchmarkTaskResult,public,false,false,true,true
C:\Users\simon\Documents\Code\thesis-code\commons-numbers-master\commons-numbers-examples\examples-jmh\target\generated-sources\annotations\org\apache\commons\numbers\examples\jmh\core\jmh_generated\ArithmeticPerformance_longOp_jmhTest.java,ArithmeticPerformance_longOp_jmhTest.java,ArithmeticPerformance_longOp_jmhTest,longOp_avgt_jmhStub,7,11,void,public; static,false,false,true,true
C:\Users\simon\Documents\Code\thesis-code\commons-numbers-master\commons-numbers-examples\examples-jmh\target\generated-sources\annotations\org\apache\commons\numbers\examples\jmh\core\jmh_generated\ArithmeticPerformance_longOp_jmhTest.java,ArithmeticPerformance_longOp_jmhTest.java,ArithmeticPerformance_longOp_jmhTest,longOp_SampleTime,6,2,BenchmarkTaskResult,public,false,false,true,true
C:\Users\simon\Documents\Code\thesis-code\commons-numbers-master\commons-numbers-examples\examples-jmh\target\generated-sources\annotations\org\apache\commons\numbers\examples\jmh\core\jmh_generated\ArithmeticPerformance_longOp_jmhTest.java,ArithmeticPerformance_longOp_jmhTest.java,ArithmeticPerformance_longOp_jmhTest,longOp_sample_jmhStub,10,15,void,public; static,false,false,true,true
C:\Users\simon\Documents\Code\thesis-code\commons-numbers-master\commons-numbers-examples\examples-jmh\target\generated-sources\annotations\org\apache\commons\numbers\examples\jmh\core\jmh_generated\ArithmeticPerformance_longOp_jmhTest.java,ArithmeticPerformance_longOp_jmhTest.java,ArithmeticPerformance_longOp_jmhTest,longOp_SingleShotTime,6,2,BenchmarkTaskResult,public,false,false,true,true
C:\Users\simon\Documents\Code\thesis-code\commons-numbers-master\commons-numbers-examples\examples-jmh\target\generated-sources\annotations\org\apache\commons\numbers\examples\jmh\core\jmh_generated\ArithmeticPerformance_longOp_jmhTest.java,ArithmeticPerformance_longOp_jmhTest.java,ArithmeticPerformance_longOp_jmhTest,longOp_ss_jmhStub,5,12,void,public; static,false,false,true,true
C:\Users\simon\Documents\Code\thesis-code\commons-numbers-master\commons-numbers-examples\examples-jmh\target\generated-sources\annotations\org\apache\commons\numbers\examples\jmh\core\jmh_generated\ArithmeticPerformance_longOp_jmhTest.java,ArithmeticPerformance_longOp_jmhTest.java,ArithmeticPerformance_longOp_jmhTest,_jmh_tryInit_f_arithmeticperformance0_G,4,1,ArithmeticPerformance_jmhType,,false,false,true,true
C:\Users\simon\Documents\Code\thesis-code\commons-numbers-master\commons-numbers-examples\examples-jmh\target\generated-sources\annotations\org\apache\commons\numbers\examples\jmh\core\jmh_generated\ArithmeticPerformance_longOp_jmhTest.java,ArithmeticPerformance_longOp_jmhTest.java,ArithmeticPerformance_longOp_jmhTest,_jmh_tryInit_f_longdatasource1_G,4,1,ArithmeticPerformance_LongDataSource_jmhType,,false,false,true,true
C:\Users\simon\Documents\Code\thesis-code\commons-numbers-master\commons-numbers-examples\examples-jmh\target\generated-sources\annotations\org\apache\commons\numbers\examples\jmh\core\jmh_generated\ArithmeticPerformance_longOp_jmhTest.java,ArithmeticPerformance_longOp_jmhTest.java,ArithmeticPerformance_longOp_jmhTest,_jmh_tryInit_f_longfunctionsource2_G,4,1,ArithmeticPerformance_LongFunctionSource_jmhType,,false,false,true,true
C:\Users\simon\Documents\Code\thesis-code\commons-numbers-master\commons-numbers-examples\examples-jmh\target\generated-sources\annotations\org\apache\commons\numbers\examples\jmh\core\jmh_generated\DDPerformance_binaryOperator_jmhTest.java,DDPerformance_binaryOperator_jmhTest.java,DDPerformance_binaryOperator_jmhTest,binaryOperator_Throughput,6,2,BenchmarkTaskResult,public,false,false,true,true
C:\Users\simon\Documents\Code\thesis-code\commons-numbers-master\commons-numbers-examples\examples-jmh\target\generated-sources\annotations\org\apache\commons\numbers\examples\jmh\core\jmh_generated\DDPerformance_binaryOperator_jmhTest.java,DDPerformance_binaryOperator_jmhTest.java,DDPerformance_binaryOperator_jmhTest,binaryOperator_thrpt_jmhStub,7,11,void,public; static,false,false,true,true
C:\Users\simon\Documents\Code\thesis-code\commons-numbers-master\commons-numbers-examples\examples-jmh\target\generated-sources\annotations\org\apache\commons\numbers\examples\jmh\core\jmh_generated\DDPerformance_binaryOperator_jmhTest.java,DDPerformance_binaryOperator_jmhTest.java,DDPerformance_binaryOperator_jmhTest,binaryOperator_AverageTime,6,2,BenchmarkTaskResult,public,false,false,true,true
C:\Users\simon\Documents\Code\thesis-code\commons-numbers-master\commons-numbers-examples\examples-jmh\target\generated-sources\annotations\org\apache\commons\numbers\examples\jmh\core\jmh_generated\DDPerformance_binaryOperator_jmhTest.java,DDPerformance_binaryOperator_jmhTest.java,DDPerformance_binaryOperator_jmhTest,binaryOperator_avgt_jmhStub,7,11,void,public; static,false,false,true,true
C:\Users\simon\Documents\Code\thesis-code\commons-numbers-master\commons-numbers-examples\examples-jmh\target\generated-sources\annotations\org\apache\commons\numbers\examples\jmh\core\jmh_generated\DDPerformance_binaryOperator_jmhTest.java,DDPerformance_binaryOperator_jmhTest.java,DDPerformance_binaryOperator_jmhTest,binaryOperator_SampleTime,6,2,BenchmarkTaskResult,public,false,false,true,true
C:\Users\simon\Documents\Code\thesis-code\commons-numbers-master\commons-numbers-examples\examples-jmh\target\generated-sources\annotations\org\apache\commons\numbers\examples\jmh\core\jmh_generated\DDPerformance_binaryOperator_jmhTest.java,DDPerformance_binaryOperator_jmhTest.java,DDPerformance_binaryOperator_jmhTest,binaryOperator_sample_jmhStub,10,15,void,public; static,false,false,true,true
C:\Users\simon\Documents\Code\thesis-code\commons-numbers-master\commons-numbers-examples\examples-jmh\target\generated-sources\annotations\org\apache\commons\numbers\examples\jmh\core\jmh_generated\DDPerformance_binaryOperator_jmhTest.java,DDPerformance_binaryOperator_jmhTest.java,DDPerformance_binaryOperator_jmhTest,binaryOperator_SingleShotTime,6,2,BenchmarkTaskResult,public,false,false,true,true
C:\Users\simon\Documents\Code\thesis-code\commons-numbers-master\commons-numbers-examples\examples-jmh\target\generated-sources\annotations\org\apache\commons\numbers\examples\jmh\core\jmh_generated\DDPerformance_binaryOperator_jmhTest.java,DDPerformance_binaryOperator_jmhTest.java,DDPerformance_binaryOperator_jmhTest,binaryOperator_ss_jmhStub,5,12,void,public; static,false,false,true,true
C:\Users\simon\Documents\Code\thesis-code\commons-numbers-master\commons-numbers-examples\examples-jmh\target\generated-sources\annotations\org\apache\commons\numbers\examples\jmh\core\jmh_generated\DDPerformance_binaryOperator_jmhTest.java,DDPerformance_binaryOperator_jmhTest.java,DDPerformance_binaryOperator_jmhTest,_jmh_tryInit_f_binaryoperatormethod1_G,4,1,DDPerformance_BinaryOperatorMethod_jmhType,,false,false,true,true
C:\Users\simon\Documents\Code\thesis-code\commons-numbers-master\commons-numbers-examples\examples-jmh\target\generated-sources\annotations\org\apache\commons\numbers\examples\jmh\core\jmh_generated\DDPerformance_binaryOperator_jmhTest.java,DDPerformance_binaryOperator_jmhTest.java,DDPerformance_binaryOperator_jmhTest,_jmh_tryInit_f_ddperformance0_G,4,1,DDPerformance_jmhType,,false,false,true,true
C:\Users\simon\Documents\Code\thesis-code\commons-numbers-master\commons-numbers-examples\examples-jmh\target\generated-sources\annotations\org\apache\commons\numbers\examples\jmh\core\jmh_generated\DDPerformance_binaryOperator_jmhTest.java,DDPerformance_binaryOperator_jmhTest.java,DDPerformance_binaryOperator_jmhTest,_jmh_tryInit_f_operatordata2_G,4,1,DDPerformance_OperatorData_jmhType,,false,false,true,true
C:\Users\simon\Documents\Code\thesis-code\commons-numbers-master\commons-numbers-examples\examples-jmh\target\generated-sources\annotations\org\apache\commons\numbers\examples\jmh\core\jmh_generated\DDPerformance_ksRange_jmhTest.java,DDPerformance_ksRange_jmhTest.java,DDPerformance_ksRange_jmhTest,ksRange_Throughput,6,2,BenchmarkTaskResult,public,false,false,true,true
C:\Users\simon\Documents\Code\thesis-code\commons-numbers-master\commons-numbers-examples\examples-jmh\target\generated-sources\annotations\org\apache\commons\numbers\examples\jmh\core\jmh_generated\DDPerformance_ksRange_jmhTest.java,DDPerformance_ksRange_jmhTest.java,DDPerformance_ksRange_jmhTest,ksRange_thrpt_jmhStub,7,11,void,public; static,false,false,true,true
C:\Users\simon\Documents\Code\thesis-code\commons-numbers-master\commons-numbers-examples\examples-jmh\target\generated-sources\annotations\org\apache\commons\numbers\examples\jmh\core\jmh_generated\DDPerformance_ksRange_jmhTest.java,DDPerformance_ksRange_jmhTest.java,DDPerformance_ksRange_jmhTest,ksRange_AverageTime,6,2,BenchmarkTaskResult,public,false,false,true,true
C:\Users\simon\Documents\Code\thesis-code\commons-numbers-master\commons-numbers-examples\examples-jmh\target\generated-sources\annotations\org\apache\commons\numbers\examples\jmh\core\jmh_generated\DDPerformance_ksRange_jmhTest.java,DDPerformance_ksRange_jmhTest.java,DDPerformance_ksRange_jmhTest,ksRange_avgt_jmhStub,7,11,void,public; static,false,false,true,true
C:\Users\simon\Documents\Code\thesis-code\commons-numbers-master\commons-numbers-examples\examples-jmh\target\generated-sources\annotations\org\apache\commons\numbers\examples\jmh\core\jmh_generated\DDPerformance_ksRange_jmhTest.java,DDPerformance_ksRange_jmhTest.java,DDPerformance_ksRange_jmhTest,ksRange_SampleTime,6,2,BenchmarkTaskResult,public,false,false,true,true
C:\Users\simon\Documents\Code\thesis-code\commons-numbers-master\commons-numbers-examples\examples-jmh\target\generated-sources\annotations\org\apache\commons\numbers\examples\jmh\core\jmh_generated\DDPerformance_ksRange_jmhTest.java,DDPerformance_ksRange_jmhTest.java,DDPerformance_ksRange_jmhTest,ksRange_sample_jmhStub,10,15,void,public; static,false,false,true,true
C:\Users\simon\Documents\Code\thesis-code\commons-numbers-master\commons-numbers-examples\examples-jmh\target\generated-sources\annotations\org\apache\commons\numbers\examples\jmh\core\jmh_generated\DDPerformance_ksRange_jmhTest.java,DDPerformance_ksRange_jmhTest.java,DDPerformance_ksRange_jmhTest,ksRange_SingleShotTime,6,2,BenchmarkTaskResult,public,false,false,true,true
C:\Users\simon\Documents\Code\thesis-code\commons-numbers-master\commons-numbers-examples\examples-jmh\target\generated-sources\annotations\org\apache\commons\numbers\examples\jmh\core\jmh_generated\DDPerformance_ksRange_jmhTest.java,DDPerformance_ksRange_jmhTest.java,DDPerformance_ksRange_jmhTest,ksRange_ss_jmhStub,5,12,void,public; static,false,false,true,true
C:\Users\simon\Documents\Code\thesis-code\commons-numbers-master\commons-numbers-examples\examples-jmh\target\generated-sources\annotations\org\apache\commons\numbers\examples\jmh\core\jmh_generated\DDPerformance_ksRange_jmhTest.java,DDPerformance_ksRange_jmhTest.java,DDPerformance_ksRange_jmhTest,_jmh_tryInit_f_ddperformance0_G,4,1,DDPerformance_jmhType,,false,false,true,true
C:\Users\simon\Documents\Code\thesis-code\commons-numbers-master\commons-numbers-examples\examples-jmh\target\generated-sources\annotations\org\apache\commons\numbers\examples\jmh\core\jmh_generated\DDPerformance_ksRange_jmhTest.java,DDPerformance_ksRange_jmhTest.java,DDPerformance_ksRange_jmhTest,_jmh_tryInit_f_ksdata2_G,4,1,DDPerformance_KSData_jmhType,,false,false,true,true
C:\Users\simon\Documents\Code\thesis-code\commons-numbers-master\commons-numbers-examples\examples-jmh\target\generated-sources\annotations\org\apache\commons\numbers\examples\jmh\core\jmh_generated\DDPerformance_ksRange_jmhTest.java,DDPerformance_ksRange_jmhTest.java,DDPerformance_ksRange_jmhTest,_jmh_tryInit_f_ksmethod1_G,4,1,DDPerformance_KSMethod_jmhType,,false,false,true,true
C:\Users\simon\Documents\Code\thesis-code\commons-numbers-master\commons-numbers-examples\examples-jmh\target\generated-sources\annotations\org\apache\commons\numbers\examples\jmh\core\jmh_generated\DDPerformance_ksSample_jmhTest.java,DDPerformance_ksSample_jmhTest.java,DDPerformance_ksSample_jmhTest,ksSample_Throughput,6,2,BenchmarkTaskResult,public,false,false,true,true
C:\Users\simon\Documents\Code\thesis-code\commons-numbers-master\commons-numbers-examples\examples-jmh\target\generated-sources\annotations\org\apache\commons\numbers\examples\jmh\core\jmh_generated\DDPerformance_ksSample_jmhTest.java,DDPerformance_ksSample_jmhTest.java,DDPerformance_ksSample_jmhTest,ksSample_thrpt_jmhStub,7,11,void,public; static,false,false,true,true
C:\Users\simon\Documents\Code\thesis-code\commons-numbers-master\commons-numbers-examples\examples-jmh\target\generated-sources\annotations\org\apache\commons\numbers\examples\jmh\core\jmh_generated\DDPerformance_ksSample_jmhTest.java,DDPerformance_ksSample_jmhTest.java,DDPerformance_ksSample_jmhTest,ksSample_AverageTime,6,2,BenchmarkTaskResult,public,false,false,true,true
C:\Users\simon\Documents\Code\thesis-code\commons-numbers-master\commons-numbers-examples\examples-jmh\target\generated-sources\annotations\org\apache\commons\numbers\examples\jmh\core\jmh_generated\DDPerformance_ksSample_jmhTest.java,DDPerformance_ksSample_jmhTest.java,DDPerformance_ksSample_jmhTest,ksSample_avgt_jmhStub,7,11,void,public; static,false,false,true,true
C:\Users\simon\Documents\Code\thesis-code\commons-numbers-master\commons-numbers-examples\examples-jmh\target\generated-sources\annotations\org\apache\commons\numbers\examples\jmh\core\jmh_generated\DDPerformance_ksSample_jmhTest.java,DDPerformance_ksSample_jmhTest.java,DDPerformance_ksSample_jmhTest,ksSample_SampleTime,6,2,BenchmarkTaskResult,public,false,false,true,true
C:\Users\simon\Documents\Code\thesis-code\commons-numbers-master\commons-numbers-examples\examples-jmh\target\generated-sources\annotations\org\apache\commons\numbers\examples\jmh\core\jmh_generated\DDPerformance_ksSample_jmhTest.java,DDPerformance_ksSample_jmhTest.java,DDPerformance_ksSample_jmhTest,ksSample_sample_jmhStub,10,15,void,public; static,false,false,true,true
C:\Users\simon\Documents\Code\thesis-code\commons-numbers-master\commons-numbers-examples\examples-jmh\target\generated-sources\annotations\org\apache\commons\numbers\examples\jmh\core\jmh_generated\DDPerformance_ksSample_jmhTest.java,DDPerformance_ksSample_jmhTest.java,DDPerformance_ksSample_jmhTest,ksSample_SingleShotTime,6,2,BenchmarkTaskResult,public,false,false,true,true
C:\Users\simon\Documents\Code\thesis-code\commons-numbers-master\commons-numbers-examples\examples-jmh\target\generated-sources\annotations\org\apache\commons\numbers\examples\jmh\core\jmh_generated\DDPerformance_ksSample_jmhTest.java,DDPerformance_ksSample_jmhTest.java,DDPerformance_ksSample_jmhTest,ksSample_ss_jmhStub,5,12,void,public; static,false,false,true,true
C:\Users\simon\Documents\Code\thesis-code\commons-numbers-master\commons-numbers-examples\examples-jmh\target\generated-sources\annotations\org\apache\commons\numbers\examples\jmh\core\jmh_generated\DDPerformance_ksSample_jmhTest.java,DDPerformance_ksSample_jmhTest.java,DDPerformance_ksSample_jmhTest,_jmh_tryInit_f_ddperformance0_G,4,1,DDPerformance_jmhType,,false,false,true,true
C:\Users\simon\Documents\Code\thesis-code\commons-numbers-master\commons-numbers-examples\examples-jmh\target\generated-sources\annotations\org\apache\commons\numbers\examples\jmh\core\jmh_generated\DDPerformance_ksSample_jmhTest.java,DDPerformance_ksSample_jmhTest.java,DDPerformance_ksSample_jmhTest,_jmh_tryInit_f_ksmethod1_G,4,1,DDPerformance_KSMethod_jmhType,,false,false,true,true
C:\Users\simon\Documents\Code\thesis-code\commons-numbers-master\commons-numbers-examples\examples-jmh\target\generated-sources\annotations\org\apache\commons\numbers\examples\jmh\core\jmh_generated\DDPerformance_ksSample_jmhTest.java,DDPerformance_ksSample_jmhTest.java,DDPerformance_ksSample_jmhTest,_jmh_tryInit_f_kssample2_G,4,1,DDPerformance_KSSample_jmhType,,false,false,true,true
C:\Users\simon\Documents\Code\thesis-code\commons-numbers-master\commons-numbers-examples\examples-jmh\target\generated-sources\annotations\org\apache\commons\numbers\examples\jmh\core\jmh_generated\DDPerformance_powScaled_jmhTest.java,DDPerformance_powScaled_jmhTest.java,DDPerformance_powScaled_jmhTest,powScaled_Throughput,6,2,BenchmarkTaskResult,public,false,false,true,true
C:\Users\simon\Documents\Code\thesis-code\commons-numbers-master\commons-numbers-examples\examples-jmh\target\generated-sources\annotations\org\apache\commons\numbers\examples\jmh\core\jmh_generated\DDPerformance_powScaled_jmhTest.java,DDPerformance_powScaled_jmhTest.java,DDPerformance_powScaled_jmhTest,powScaled_thrpt_jmhStub,7,11,void,public; static,false,false,true,true
C:\Users\simon\Documents\Code\thesis-code\commons-numbers-master\commons-numbers-examples\examples-jmh\target\generated-sources\annotations\org\apache\commons\numbers\examples\jmh\core\jmh_generated\DDPerformance_powScaled_jmhTest.java,DDPerformance_powScaled_jmhTest.java,DDPerformance_powScaled_jmhTest,powScaled_AverageTime,6,2,BenchmarkTaskResult,public,false,false,true,true
C:\Users\simon\Documents\Code\thesis-code\commons-numbers-master\commons-numbers-examples\examples-jmh\target\generated-sources\annotations\org\apache\commons\numbers\examples\jmh\core\jmh_generated\DDPerformance_powScaled_jmhTest.java,DDPerformance_powScaled_jmhTest.java,DDPerformance_powScaled_jmhTest,powScaled_avgt_jmhStub,7,11,void,public; static,false,false,true,true
C:\Users\simon\Documents\Code\thesis-code\commons-numbers-master\commons-numbers-examples\examples-jmh\target\generated-sources\annotations\org\apache\commons\numbers\examples\jmh\core\jmh_generated\DDPerformance_powScaled_jmhTest.java,DDPerformance_powScaled_jmhTest.java,DDPerformance_powScaled_jmhTest,powScaled_SampleTime,6,2,BenchmarkTaskResult,public,false,false,true,true
C:\Users\simon\Documents\Code\thesis-code\commons-numbers-master\commons-numbers-examples\examples-jmh\target\generated-sources\annotations\org\apache\commons\numbers\examples\jmh\core\jmh_generated\DDPerformance_powScaled_jmhTest.java,DDPerformance_powScaled_jmhTest.java,DDPerformance_powScaled_jmhTest,powScaled_sample_jmhStub,10,15,void,public; static,false,false,true,true
C:\Users\simon\Documents\Code\thesis-code\commons-numbers-master\commons-numbers-examples\examples-jmh\target\generated-sources\annotations\org\apache\commons\numbers\examples\jmh\core\jmh_generated\DDPerformance_powScaled_jmhTest.java,DDPerformance_powScaled_jmhTest.java,DDPerformance_powScaled_jmhTest,powScaled_SingleShotTime,6,2,BenchmarkTaskResult,public,false,false,true,true
C:\Users\simon\Documents\Code\thesis-code\commons-numbers-master\commons-numbers-examples\examples-jmh\target\generated-sources\annotations\org\apache\commons\numbers\examples\jmh\core\jmh_generated\DDPerformance_powScaled_jmhTest.java,DDPerformance_powScaled_jmhTest.java,DDPerformance_powScaled_jmhTest,powScaled_ss_jmhStub,5,12,void,public; static,false,false,true,true
C:\Users\simon\Documents\Code\thesis-code\commons-numbers-master\commons-numbers-examples\examples-jmh\target\generated-sources\annotations\org\apache\commons\numbers\examples\jmh\core\jmh_generated\DDPerformance_powScaled_jmhTest.java,DDPerformance_powScaled_jmhTest.java,DDPerformance_powScaled_jmhTest,_jmh_tryInit_f_ddperformance0_G,4,1,DDPerformance_jmhType,,false,false,true,true
C:\Users\simon\Documents\Code\thesis-code\commons-numbers-master\commons-numbers-examples\examples-jmh\target\generated-sources\annotations\org\apache\commons\numbers\examples\jmh\core\jmh_generated\DDPerformance_powScaled_jmhTest.java,DDPerformance_powScaled_jmhTest.java,DDPerformance_powScaled_jmhTest,_jmh_tryInit_f_powscaledmethod1_G,4,1,DDPerformance_PowScaledMethod_jmhType,,false,false,true,true
C:\Users\simon\Documents\Code\thesis-code\commons-numbers-master\commons-numbers-examples\examples-jmh\target\generated-sources\annotations\org\apache\commons\numbers\examples\jmh\core\jmh_generated\DDPerformance_powScaled_jmhTest.java,DDPerformance_powScaled_jmhTest.java,DDPerformance_powScaled_jmhTest,_jmh_tryInit_f_powscaledsample2_G,4,1,DDPerformance_PowScaledSample_jmhType,,false,false,true,true
C:\Users\simon\Documents\Code\thesis-code\commons-numbers-master\commons-numbers-examples\examples-jmh\target\generated-sources\annotations\org\apache\commons\numbers\examples\jmh\core\jmh_generated\DDPerformance_pow_jmhTest.java,DDPerformance_pow_jmhTest.java,DDPerformance_pow_jmhTest,pow_Throughput,6,2,BenchmarkTaskResult,public,false,false,true,true
C:\Users\simon\Documents\Code\thesis-code\commons-numbers-master\commons-numbers-examples\examples-jmh\target\generated-sources\annotations\org\apache\commons\numbers\examples\jmh\core\jmh_generated\DDPerformance_pow_jmhTest.java,DDPerformance_pow_jmhTest.java,DDPerformance_pow_jmhTest,pow_thrpt_jmhStub,7,11,void,public; static,false,false,true,true
C:\Users\simon\Documents\Code\thesis-code\commons-numbers-master\commons-numbers-examples\examples-jmh\target\generated-sources\annotations\org\apache\commons\numbers\examples\jmh\core\jmh_generated\DDPerformance_pow_jmhTest.java,DDPerformance_pow_jmhTest.java,DDPerformance_pow_jmhTest,pow_AverageTime,6,2,BenchmarkTaskResult,public,false,false,true,true
C:\Users\simon\Documents\Code\thesis-code\commons-numbers-master\commons-numbers-examples\examples-jmh\target\generated-sources\annotations\org\apache\commons\numbers\examples\jmh\core\jmh_generated\DDPerformance_pow_jmhTest.java,DDPerformance_pow_jmhTest.java,DDPerformance_pow_jmhTest,pow_avgt_jmhStub,7,11,void,public; static,false,false,true,true
C:\Users\simon\Documents\Code\thesis-code\commons-numbers-master\commons-numbers-examples\examples-jmh\target\generated-sources\annotations\org\apache\commons\numbers\examples\jmh\core\jmh_generated\DDPerformance_pow_jmhTest.java,DDPerformance_pow_jmhTest.java,DDPerformance_pow_jmhTest,pow_SampleTime,6,2,BenchmarkTaskResult,public,false,false,true,true
C:\Users\simon\Documents\Code\thesis-code\commons-numbers-master\commons-numbers-examples\examples-jmh\target\generated-sources\annotations\org\apache\commons\numbers\examples\jmh\core\jmh_generated\DDPerformance_pow_jmhTest.java,DDPerformance_pow_jmhTest.java,DDPerformance_pow_jmhTest,pow_sample_jmhStub,10,15,void,public; static,false,false,true,true
C:\Users\simon\Documents\Code\thesis-code\commons-numbers-master\commons-numbers-examples\examples-jmh\target\generated-sources\annotations\org\apache\commons\numbers\examples\jmh\core\jmh_generated\DDPerformance_pow_jmhTest.java,DDPerformance_pow_jmhTest.java,DDPerformance_pow_jmhTest,pow_SingleShotTime,6,2,BenchmarkTaskResult,public,false,false,true,true
C:\Users\simon\Documents\Code\thesis-code\commons-numbers-master\commons-numbers-examples\examples-jmh\target\generated-sources\annotations\org\apache\commons\numbers\examples\jmh\core\jmh_generated\DDPerformance_pow_jmhTest.java,DDPerformance_pow_jmhTest.java,DDPerformance_pow_jmhTest,pow_ss_jmhStub,5,12,void,public; static,false,false,true,true
C:\Users\simon\Documents\Code\thesis-code\commons-numbers-master\commons-numbers-examples\examples-jmh\target\generated-sources\annotations\org\apache\commons\numbers\examples\jmh\core\jmh_generated\DDPerformance_pow_jmhTest.java,DDPerformance_pow_jmhTest.java,DDPerformance_pow_jmhTest,_jmh_tryInit_f_ddperformance0_G,4,1,DDPerformance_jmhType,,false,false,true,true
C:\Users\simon\Documents\Code\thesis-code\commons-numbers-master\commons-numbers-examples\examples-jmh\target\generated-sources\annotations\org\apache\commons\numbers\examples\jmh\core\jmh_generated\DDPerformance_pow_jmhTest.java,DDPerformance_pow_jmhTest.java,DDPerformance_pow_jmhTest,_jmh_tryInit_f_powmethod1_G,4,1,DDPerformance_PowMethod_jmhType,,false,false,true,true
C:\Users\simon\Documents\Code\thesis-code\commons-numbers-master\commons-numbers-examples\examples-jmh\target\generated-sources\annotations\org\apache\commons\numbers\examples\jmh\core\jmh_generated\DDPerformance_pow_jmhTest.java,DDPerformance_pow_jmhTest.java,DDPerformance_pow_jmhTest,_jmh_tryInit_f_powsample2_G,4,1,DDPerformance_PowSample_jmhType,,false,false,true,true
C:\Users\simon\Documents\Code\thesis-code\commons-numbers-master\commons-numbers-examples\examples-jmh\target\generated-sources\annotations\org\apache\commons\numbers\examples\jmh\core\jmh_generated\DoubleSplitPerformance_high_jmhTest.java,DoubleSplitPerformance_high_jmhTest.java,DoubleSplitPerformance_high_jmhTest,high_Throughput,6,2,BenchmarkTaskResult,public,false,false,true,true
C:\Users\simon\Documents\Code\thesis-code\commons-numbers-master\commons-numbers-examples\examples-jmh\target\generated-sources\annotations\org\apache\commons\numbers\examples\jmh\core\jmh_generated\DoubleSplitPerformance_high_jmhTest.java,DoubleSplitPerformance_high_jmhTest.java,DoubleSplitPerformance_high_jmhTest,high_thrpt_jmhStub,7,11,void,public; static,false,false,true,true
C:\Users\simon\Documents\Code\thesis-code\commons-numbers-master\commons-numbers-examples\examples-jmh\target\generated-sources\annotations\org\apache\commons\numbers\examples\jmh\core\jmh_generated\DoubleSplitPerformance_high_jmhTest.java,DoubleSplitPerformance_high_jmhTest.java,DoubleSplitPerformance_high_jmhTest,high_AverageTime,6,2,BenchmarkTaskResult,public,false,false,true,true
C:\Users\simon\Documents\Code\thesis-code\commons-numbers-master\commons-numbers-examples\examples-jmh\target\generated-sources\annotations\org\apache\commons\numbers\examples\jmh\core\jmh_generated\DoubleSplitPerformance_high_jmhTest.java,DoubleSplitPerformance_high_jmhTest.java,DoubleSplitPerformance_high_jmhTest,high_avgt_jmhStub,7,11,void,public; static,false,false,true,true
C:\Users\simon\Documents\Code\thesis-code\commons-numbers-master\commons-numbers-examples\examples-jmh\target\generated-sources\annotations\org\apache\commons\numbers\examples\jmh\core\jmh_generated\DoubleSplitPerformance_high_jmhTest.java,DoubleSplitPerformance_high_jmhTest.java,DoubleSplitPerformance_high_jmhTest,high_SampleTime,6,2,BenchmarkTaskResult,public,false,false,true,true
C:\Users\simon\Documents\Code\thesis-code\commons-numbers-master\commons-numbers-examples\examples-jmh\target\generated-sources\annotations\org\apache\commons\numbers\examples\jmh\core\jmh_generated\DoubleSplitPerformance_high_jmhTest.java,DoubleSplitPerformance_high_jmhTest.java,DoubleSplitPerformance_high_jmhTest,high_sample_jmhStub,10,15,void,public; static,false,false,true,true
C:\Users\simon\Documents\Code\thesis-code\commons-numbers-master\commons-numbers-examples\examples-jmh\target\generated-sources\annotations\org\apache\commons\numbers\examples\jmh\core\jmh_generated\DoubleSplitPerformance_high_jmhTest.java,DoubleSplitPerformance_high_jmhTest.java,DoubleSplitPerformance_high_jmhTest,high_SingleShotTime,6,2,BenchmarkTaskResult,public,false,false,true,true
C:\Users\simon\Documents\Code\thesis-code\commons-numbers-master\commons-numbers-examples\examples-jmh\target\generated-sources\annotations\org\apache\commons\numbers\examples\jmh\core\jmh_generated\DoubleSplitPerformance_high_jmhTest.java,DoubleSplitPerformance_high_jmhTest.java,DoubleSplitPerformance_high_jmhTest,high_ss_jmhStub,5,12,void,public; static,false,false,true,true
C:\Users\simon\Documents\Code\thesis-code\commons-numbers-master\commons-numbers-examples\examples-jmh\target\generated-sources\annotations\org\apache\commons\numbers\examples\jmh\core\jmh_generated\DoubleSplitPerformance_high_jmhTest.java,DoubleSplitPerformance_high_jmhTest.java,DoubleSplitPerformance_high_jmhTest,_jmh_tryInit_f_doublesplitperformance0_G,4,1,DoubleSplitPerformance_jmhType,,false,false,true,true
C:\Users\simon\Documents\Code\thesis-code\commons-numbers-master\commons-numbers-examples\examples-jmh\target\generated-sources\annotations\org\apache\commons\numbers\examples\jmh\core\jmh_generated\DoubleSplitPerformance_high_jmhTest.java,DoubleSplitPerformance_high_jmhTest.java,DoubleSplitPerformance_high_jmhTest,_jmh_tryInit_f_numbers1_G,4,1,DoubleSplitPerformance_Numbers_jmhType,,false,false,true,true
C:\Users\simon\Documents\Code\thesis-code\commons-numbers-master\commons-numbers-examples\examples-jmh\target\generated-sources\annotations\org\apache\commons\numbers\examples\jmh\core\jmh_generated\DoubleSplitPerformance_high_jmhTest.java,DoubleSplitPerformance_high_jmhTest.java,DoubleSplitPerformance_high_jmhTest,_jmh_tryInit_f_splitmethod2_G,4,1,DoubleSplitPerformance_SplitMethod_jmhType,,false,false,true,true
C:\Users\simon\Documents\Code\thesis-code\commons-numbers-master\commons-numbers-examples\examples-jmh\target\generated-sources\annotations\org\apache\commons\numbers\examples\jmh\core\jmh_generated\DoubleSplitPerformance_low_jmhTest.java,DoubleSplitPerformance_low_jmhTest.java,DoubleSplitPerformance_low_jmhTest,low_Throughput,6,2,BenchmarkTaskResult,public,false,false,true,true
C:\Users\simon\Documents\Code\thesis-code\commons-numbers-master\commons-numbers-examples\examples-jmh\target\generated-sources\annotations\org\apache\commons\numbers\examples\jmh\core\jmh_generated\DoubleSplitPerformance_low_jmhTest.java,DoubleSplitPerformance_low_jmhTest.java,DoubleSplitPerformance_low_jmhTest,low_thrpt_jmhStub,7,11,void,public; static,false,false,true,true
C:\Users\simon\Documents\Code\thesis-code\commons-numbers-master\commons-numbers-examples\examples-jmh\target\generated-sources\annotations\org\apache\commons\numbers\examples\jmh\core\jmh_generated\DoubleSplitPerformance_low_jmhTest.java,DoubleSplitPerformance_low_jmhTest.java,DoubleSplitPerformance_low_jmhTest,low_AverageTime,6,2,BenchmarkTaskResult,public,false,false,true,true
C:\Users\simon\Documents\Code\thesis-code\commons-numbers-master\commons-numbers-examples\examples-jmh\target\generated-sources\annotations\org\apache\commons\numbers\examples\jmh\core\jmh_generated\DoubleSplitPerformance_low_jmhTest.java,DoubleSplitPerformance_low_jmhTest.java,DoubleSplitPerformance_low_jmhTest,low_avgt_jmhStub,7,11,void,public; static,false,false,true,true
C:\Users\simon\Documents\Code\thesis-code\commons-numbers-master\commons-numbers-examples\examples-jmh\target\generated-sources\annotations\org\apache\commons\numbers\examples\jmh\core\jmh_generated\DoubleSplitPerformance_low_jmhTest.java,DoubleSplitPerformance_low_jmhTest.java,DoubleSplitPerformance_low_jmhTest,low_SampleTime,6,2,BenchmarkTaskResult,public,false,false,true,true
C:\Users\simon\Documents\Code\thesis-code\commons-numbers-master\commons-numbers-examples\examples-jmh\target\generated-sources\annotations\org\apache\commons\numbers\examples\jmh\core\jmh_generated\DoubleSplitPerformance_low_jmhTest.java,DoubleSplitPerformance_low_jmhTest.java,DoubleSplitPerformance_low_jmhTest,low_sample_jmhStub,10,15,void,public; static,false,false,true,true
C:\Users\simon\Documents\Code\thesis-code\commons-numbers-master\commons-numbers-examples\examples-jmh\target\generated-sources\annotations\org\apache\commons\numbers\examples\jmh\core\jmh_generated\DoubleSplitPerformance_low_jmhTest.java,DoubleSplitPerformance_low_jmhTest.java,DoubleSplitPerformance_low_jmhTest,low_SingleShotTime,6,2,BenchmarkTaskResult,public,false,false,true,true
C:\Users\simon\Documents\Code\thesis-code\commons-numbers-master\commons-numbers-examples\examples-jmh\target\generated-sources\annotations\org\apache\commons\numbers\examples\jmh\core\jmh_generated\DoubleSplitPerformance_low_jmhTest.java,DoubleSplitPerformance_low_jmhTest.java,DoubleSplitPerformance_low_jmhTest,low_ss_jmhStub,5,12,void,public; static,false,false,true,true
C:\Users\simon\Documents\Code\thesis-code\commons-numbers-master\commons-numbers-examples\examples-jmh\target\generated-sources\annotations\org\apache\commons\numbers\examples\jmh\core\jmh_generated\DoubleSplitPerformance_low_jmhTest.java,DoubleSplitPerformance_low_jmhTest.java,DoubleSplitPerformance_low_jmhTest,_jmh_tryInit_f_doublesplitperformance0_G,4,1,DoubleSplitPerformance_jmhType,,false,false,true,true
C:\Users\simon\Documents\Code\thesis-code\commons-numbers-master\commons-numbers-examples\examples-jmh\target\generated-sources\annotations\org\apache\commons\numbers\examples\jmh\core\jmh_generated\DoubleSplitPerformance_low_jmhTest.java,DoubleSplitPerformance_low_jmhTest.java,DoubleSplitPerformance_low_jmhTest,_jmh_tryInit_f_numbers1_G,4,1,DoubleSplitPerformance_Numbers_jmhType,,false,false,true,true
C:\Users\simon\Documents\Code\thesis-code\commons-numbers-master\commons-numbers-examples\examples-jmh\target\generated-sources\annotations\org\apache\commons\numbers\examples\jmh\core\jmh_generated\DoubleSplitPerformance_low_jmhTest.java,DoubleSplitPerformance_low_jmhTest.java,DoubleSplitPerformance_low_jmhTest,_jmh_tryInit_f_splitmethod2_G,4,1,DoubleSplitPerformance_SplitMethod_jmhType,,false,false,true,true
C:\Users\simon\Documents\Code\thesis-code\commons-numbers-master\commons-numbers-examples\examples-jmh\target\generated-sources\annotations\org\apache\commons\numbers\examples\jmh\core\jmh_generated\DoubleSplitPerformance_nonNormal_jmhTest.java,DoubleSplitPerformance_nonNormal_jmhTest.java,DoubleSplitPerformance_nonNormal_jmhTest,nonNormal_Throughput,6,2,BenchmarkTaskResult,public,false,false,true,true
C:\Users\simon\Documents\Code\thesis-code\commons-numbers-master\commons-numbers-examples\examples-jmh\target\generated-sources\annotations\org\apache\commons\numbers\examples\jmh\core\jmh_generated\DoubleSplitPerformance_nonNormal_jmhTest.java,DoubleSplitPerformance_nonNormal_jmhTest.java,DoubleSplitPerformance_nonNormal_jmhTest,nonNormal_thrpt_jmhStub,7,11,void,public; static,false,false,true,true
C:\Users\simon\Documents\Code\thesis-code\commons-numbers-master\commons-numbers-examples\examples-jmh\target\generated-sources\annotations\org\apache\commons\numbers\examples\jmh\core\jmh_generated\DoubleSplitPerformance_nonNormal_jmhTest.java,DoubleSplitPerformance_nonNormal_jmhTest.java,DoubleSplitPerformance_nonNormal_jmhTest,nonNormal_AverageTime,6,2,BenchmarkTaskResult,public,false,false,true,true
C:\Users\simon\Documents\Code\thesis-code\commons-numbers-master\commons-numbers-examples\examples-jmh\target\generated-sources\annotations\org\apache\commons\numbers\examples\jmh\core\jmh_generated\DoubleSplitPerformance_nonNormal_jmhTest.java,DoubleSplitPerformance_nonNormal_jmhTest.java,DoubleSplitPerformance_nonNormal_jmhTest,nonNormal_avgt_jmhStub,7,11,void,public; static,false,false,true,true
C:\Users\simon\Documents\Code\thesis-code\commons-numbers-master\commons-numbers-examples\examples-jmh\target\generated-sources\annotations\org\apache\commons\numbers\examples\jmh\core\jmh_generated\DoubleSplitPerformance_nonNormal_jmhTest.java,DoubleSplitPerformance_nonNormal_jmhTest.java,DoubleSplitPerformance_nonNormal_jmhTest,nonNormal_SampleTime,6,2,BenchmarkTaskResult,public,false,false,true,true
C:\Users\simon\Documents\Code\thesis-code\commons-numbers-master\commons-numbers-examples\examples-jmh\target\generated-sources\annotations\org\apache\commons\numbers\examples\jmh\core\jmh_generated\DoubleSplitPerformance_nonNormal_jmhTest.java,DoubleSplitPerformance_nonNormal_jmhTest.java,DoubleSplitPerformance_nonNormal_jmhTest,nonNormal_sample_jmhStub,10,15,void,public; static,false,false,true,true
C:\Users\simon\Documents\Code\thesis-code\commons-numbers-master\commons-numbers-examples\examples-jmh\target\generated-sources\annotations\org\apache\commons\numbers\examples\jmh\core\jmh_generated\DoubleSplitPerformance_nonNormal_jmhTest.java,DoubleSplitPerformance_nonNormal_jmhTest.java,DoubleSplitPerformance_nonNormal_jmhTest,nonNormal_SingleShotTime,6,2,BenchmarkTaskResult,public,false,false,true,true
C:\Users\simon\Documents\Code\thesis-code\commons-numbers-master\commons-numbers-examples\examples-jmh\target\generated-sources\annotations\org\apache\commons\numbers\examples\jmh\core\jmh_generated\DoubleSplitPerformance_nonNormal_jmhTest.java,DoubleSplitPerformance_nonNormal_jmhTest.java,DoubleSplitPerformance_nonNormal_jmhTest,nonNormal_ss_jmhStub,5,12,void,public; static,false,false,true,true
C:\Users\simon\Documents\Code\thesis-code\commons-numbers-master\commons-numbers-examples\examples-jmh\target\generated-sources\annotations\org\apache\commons\numbers\examples\jmh\core\jmh_generated\DoubleSplitPerformance_nonNormal_jmhTest.java,DoubleSplitPerformance_nonNormal_jmhTest.java,DoubleSplitPerformance_nonNormal_jmhTest,_jmh_tryInit_f_doublesplitperformance0_G,4,1,DoubleSplitPerformance_jmhType,,false,false,true,true
C:\Users\simon\Documents\Code\thesis-code\commons-numbers-master\commons-numbers-examples\examples-jmh\target\generated-sources\annotations\org\apache\commons\numbers\examples\jmh\core\jmh_generated\DoubleSplitPerformance_nonNormal_jmhTest.java,DoubleSplitPerformance_nonNormal_jmhTest.java,DoubleSplitPerformance_nonNormal_jmhTest,_jmh_tryInit_f_nonnormalmethod2_G,4,1,DoubleSplitPerformance_NonNormalMethod_jmhType,,false,false,true,true
C:\Users\simon\Documents\Code\thesis-code\commons-numbers-master\commons-numbers-examples\examples-jmh\target\generated-sources\annotations\org\apache\commons\numbers\examples\jmh\core\jmh_generated\DoubleSplitPerformance_nonNormal_jmhTest.java,DoubleSplitPerformance_nonNormal_jmhTest.java,DoubleSplitPerformance_nonNormal_jmhTest,_jmh_tryInit_f_nonnormalnumbers1_G,4,1,DoubleSplitPerformance_NonNormalNumbers_jmhType,,false,false,true,true
C:\Users\simon\Documents\Code\thesis-code\commons-numbers-master\commons-numbers-examples\examples-jmh\target\generated-sources\annotations\org\apache\commons\numbers\examples\jmh\core\jmh_generated\DoubleSplitPerformance_productLow_jmhTest.java,DoubleSplitPerformance_productLow_jmhTest.java,DoubleSplitPerformance_productLow_jmhTest,productLow_Throughput,6,2,BenchmarkTaskResult,public,false,false,true,true
C:\Users\simon\Documents\Code\thesis-code\commons-numbers-master\commons-numbers-examples\examples-jmh\target\generated-sources\annotations\org\apache\commons\numbers\examples\jmh\core\jmh_generated\DoubleSplitPerformance_productLow_jmhTest.java,DoubleSplitPerformance_productLow_jmhTest.java,DoubleSplitPerformance_productLow_jmhTest,productLow_thrpt_jmhStub,7,11,void,public; static,false,false,true,true
C:\Users\simon\Documents\Code\thesis-code\commons-numbers-master\commons-numbers-examples\examples-jmh\target\generated-sources\annotations\org\apache\commons\numbers\examples\jmh\core\jmh_generated\DoubleSplitPerformance_productLow_jmhTest.java,DoubleSplitPerformance_productLow_jmhTest.java,DoubleSplitPerformance_productLow_jmhTest,productLow_AverageTime,6,2,BenchmarkTaskResult,public,false,false,true,true
C:\Users\simon\Documents\Code\thesis-code\commons-numbers-master\commons-numbers-examples\examples-jmh\target\generated-sources\annotations\org\apache\commons\numbers\examples\jmh\core\jmh_generated\DoubleSplitPerformance_productLow_jmhTest.java,DoubleSplitPerformance_productLow_jmhTest.java,DoubleSplitPerformance_productLow_jmhTest,productLow_avgt_jmhStub,7,11,void,public; static,false,false,true,true
C:\Users\simon\Documents\Code\thesis-code\commons-numbers-master\commons-numbers-examples\examples-jmh\target\generated-sources\annotations\org\apache\commons\numbers\examples\jmh\core\jmh_generated\DoubleSplitPerformance_productLow_jmhTest.java,DoubleSplitPerformance_productLow_jmhTest.java,DoubleSplitPerformance_productLow_jmhTest,productLow_SampleTime,6,2,BenchmarkTaskResult,public,false,false,true,true
C:\Users\simon\Documents\Code\thesis-code\commons-numbers-master\commons-numbers-examples\examples-jmh\target\generated-sources\annotations\org\apache\commons\numbers\examples\jmh\core\jmh_generated\DoubleSplitPerformance_productLow_jmhTest.java,DoubleSplitPerformance_productLow_jmhTest.java,DoubleSplitPerformance_productLow_jmhTest,productLow_sample_jmhStub,10,15,void,public; static,false,false,true,true
C:\Users\simon\Documents\Code\thesis-code\commons-numbers-master\commons-numbers-examples\examples-jmh\target\generated-sources\annotations\org\apache\commons\numbers\examples\jmh\core\jmh_generated\DoubleSplitPerformance_productLow_jmhTest.java,DoubleSplitPerformance_productLow_jmhTest.java,DoubleSplitPerformance_productLow_jmhTest,productLow_SingleShotTime,6,2,BenchmarkTaskResult,public,false,false,true,true
C:\Users\simon\Documents\Code\thesis-code\commons-numbers-master\commons-numbers-examples\examples-jmh\target\generated-sources\annotations\org\apache\commons\numbers\examples\jmh\core\jmh_generated\DoubleSplitPerformance_productLow_jmhTest.java,DoubleSplitPerformance_productLow_jmhTest.java,DoubleSplitPerformance_productLow_jmhTest,productLow_ss_jmhStub,5,12,void,public; static,false,false,true,true
C:\Users\simon\Documents\Code\thesis-code\commons-numbers-master\commons-numbers-examples\examples-jmh\target\generated-sources\annotations\org\apache\commons\numbers\examples\jmh\core\jmh_generated\DoubleSplitPerformance_productLow_jmhTest.java,DoubleSplitPerformance_productLow_jmhTest.java,DoubleSplitPerformance_productLow_jmhTest,_jmh_tryInit_f_bifactors1_G,4,1,DoubleSplitPerformance_BiFactors_jmhType,,false,false,true,true
C:\Users\simon\Documents\Code\thesis-code\commons-numbers-master\commons-numbers-examples\examples-jmh\target\generated-sources\annotations\org\apache\commons\numbers\examples\jmh\core\jmh_generated\DoubleSplitPerformance_productLow_jmhTest.java,DoubleSplitPerformance_productLow_jmhTest.java,DoubleSplitPerformance_productLow_jmhTest,_jmh_tryInit_f_doublesplitperformance0_G,4,1,DoubleSplitPerformance_jmhType,,false,false,true,true
C:\Users\simon\Documents\Code\thesis-code\commons-numbers-master\commons-numbers-examples\examples-jmh\target\generated-sources\annotations\org\apache\commons\numbers\examples\jmh\core\jmh_generated\DoubleSplitPerformance_productLow_jmhTest.java,DoubleSplitPerformance_productLow_jmhTest.java,DoubleSplitPerformance_productLow_jmhTest,_jmh_tryInit_f_roundoffmethod2_G,4,1,DoubleSplitPerformance_RoundoffMethod_jmhType,,false,false,true,true
C:\Users\simon\Documents\Code\thesis-code\commons-numbers-master\commons-numbers-examples\examples-jmh\target\generated-sources\annotations\org\apache\commons\numbers\examples\jmh\core\jmh_generated\EuclideanNormAlgorithmPerformance_direct_jmhTest.java,EuclideanNormAlgorithmPerformance_direct_jmhTest.java,EuclideanNormAlgorithmPerformance_direct_jmhTest,direct_Throughput,6,2,BenchmarkTaskResult,public,false,false,true,true
C:\Users\simon\Documents\Code\thesis-code\commons-numbers-master\commons-numbers-examples\examples-jmh\target\generated-sources\annotations\org\apache\commons\numbers\examples\jmh\core\jmh_generated\EuclideanNormAlgorithmPerformance_direct_jmhTest.java,EuclideanNormAlgorithmPerformance_direct_jmhTest.java,EuclideanNormAlgorithmPerformance_direct_jmhTest,direct_thrpt_jmhStub,7,10,void,public; static,false,false,true,true
C:\Users\simon\Documents\Code\thesis-code\commons-numbers-master\commons-numbers-examples\examples-jmh\target\generated-sources\annotations\org\apache\commons\numbers\examples\jmh\core\jmh_generated\EuclideanNormAlgorithmPerformance_direct_jmhTest.java,EuclideanNormAlgorithmPerformance_direct_jmhTest.java,EuclideanNormAlgorithmPerformance_direct_jmhTest,direct_AverageTime,6,2,BenchmarkTaskResult,public,false,false,true,true
C:\Users\simon\Documents\Code\thesis-code\commons-numbers-master\commons-numbers-examples\examples-jmh\target\generated-sources\annotations\org\apache\commons\numbers\examples\jmh\core\jmh_generated\EuclideanNormAlgorithmPerformance_direct_jmhTest.java,EuclideanNormAlgorithmPerformance_direct_jmhTest.java,EuclideanNormAlgorithmPerformance_direct_jmhTest,direct_avgt_jmhStub,7,10,void,public; static,false,false,true,true
C:\Users\simon\Documents\Code\thesis-code\commons-numbers-master\commons-numbers-examples\examples-jmh\target\generated-sources\annotations\org\apache\commons\numbers\examples\jmh\core\jmh_generated\EuclideanNormAlgorithmPerformance_direct_jmhTest.java,EuclideanNormAlgorithmPerformance_direct_jmhTest.java,EuclideanNormAlgorithmPerformance_direct_jmhTest,direct_SampleTime,6,2,BenchmarkTaskResult,public,false,false,true,true
C:\Users\simon\Documents\Code\thesis-code\commons-numbers-master\commons-numbers-examples\examples-jmh\target\generated-sources\annotations\org\apache\commons\numbers\examples\jmh\core\jmh_generated\EuclideanNormAlgorithmPerformance_direct_jmhTest.java,EuclideanNormAlgorithmPerformance_direct_jmhTest.java,EuclideanNormAlgorithmPerformance_direct_jmhTest,direct_sample_jmhStub,10,14,void,public; static,false,false,true,true
C:\Users\simon\Documents\Code\thesis-code\commons-numbers-master\commons-numbers-examples\examples-jmh\target\generated-sources\annotations\org\apache\commons\numbers\examples\jmh\core\jmh_generated\EuclideanNormAlgorithmPerformance_direct_jmhTest.java,EuclideanNormAlgorithmPerformance_direct_jmhTest.java,EuclideanNormAlgorithmPerformance_direct_jmhTest,direct_SingleShotTime,6,2,BenchmarkTaskResult,public,false,false,true,true
C:\Users\simon\Documents\Code\thesis-code\commons-numbers-master\commons-numbers-examples\examples-jmh\target\generated-sources\annotations\org\apache\commons\numbers\examples\jmh\core\jmh_generated\EuclideanNormAlgorithmPerformance_direct_jmhTest.java,EuclideanNormAlgorithmPerformance_direct_jmhTest.java,EuclideanNormAlgorithmPerformance_direct_jmhTest,direct_ss_jmhStub,5,11,void,public; static,false,false,true,true
C:\Users\simon\Documents\Code\thesis-code\commons-numbers-master\commons-numbers-examples\examples-jmh\target\generated-sources\annotations\org\apache\commons\numbers\examples\jmh\core\jmh_generated\EuclideanNormAlgorithmPerformance_direct_jmhTest.java,EuclideanNormAlgorithmPerformance_direct_jmhTest.java,EuclideanNormAlgorithmPerformance_direct_jmhTest,_jmh_tryInit_f_euclideannormalgorithmperformance0_G,4,1,EuclideanNormAlgorithmPerformance_jmhType,,false,false,true,true
C:\Users\simon\Documents\Code\thesis-code\commons-numbers-master\commons-numbers-examples\examples-jmh\target\generated-sources\annotations\org\apache\commons\numbers\examples\jmh\core\jmh_generated\EuclideanNormAlgorithmPerformance_direct_jmhTest.java,EuclideanNormAlgorithmPerformance_direct_jmhTest.java,EuclideanNormAlgorithmPerformance_direct_jmhTest,_jmh_tryInit_f_vectorarrayinput1_G,4,1,EuclideanNormAlgorithmPerformance_VectorArrayInput_jmhType,,false,false,true,true
C:\Users\simon\Documents\Code\thesis-code\commons-numbers-master\commons-numbers-examples\examples-jmh\target\generated-sources\annotations\org\apache\commons\numbers\examples\jmh\core\jmh_generated\EuclideanNormAlgorithmPerformance_enormModExt_jmhTest.java,EuclideanNormAlgorithmPerformance_enormModExt_jmhTest.java,EuclideanNormAlgorithmPerformance_enormModExt_jmhTest,enormModExt_Throughput,6,2,BenchmarkTaskResult,public,false,false,true,true
C:\Users\simon\Documents\Code\thesis-code\commons-numbers-master\commons-numbers-examples\examples-jmh\target\generated-sources\annotations\org\apache\commons\numbers\examples\jmh\core\jmh_generated\EuclideanNormAlgorithmPerformance_enormModExt_jmhTest.java,EuclideanNormAlgorithmPerformance_enormModExt_jmhTest.java,EuclideanNormAlgorithmPerformance_enormModExt_jmhTest,enormModExt_thrpt_jmhStub,7,10,void,public; static,false,false,true,true
C:\Users\simon\Documents\Code\thesis-code\commons-numbers-master\commons-numbers-examples\examples-jmh\target\generated-sources\annotations\org\apache\commons\numbers\examples\jmh\core\jmh_generated\EuclideanNormAlgorithmPerformance_enormModExt_jmhTest.java,EuclideanNormAlgorithmPerformance_enormModExt_jmhTest.java,EuclideanNormAlgorithmPerformance_enormModExt_jmhTest,enormModExt_AverageTime,6,2,BenchmarkTaskResult,public,false,false,true,true
C:\Users\simon\Documents\Code\thesis-code\commons-numbers-master\commons-numbers-examples\examples-jmh\target\generated-sources\annotations\org\apache\commons\numbers\examples\jmh\core\jmh_generated\EuclideanNormAlgorithmPerformance_enormModExt_jmhTest.java,EuclideanNormAlgorithmPerformance_enormModExt_jmhTest.java,EuclideanNormAlgorithmPerformance_enormModExt_jmhTest,enormModExt_avgt_jmhStub,7,10,void,public; static,false,false,true,true
C:\Users\simon\Documents\Code\thesis-code\commons-numbers-master\commons-numbers-examples\examples-jmh\target\generated-sources\annotations\org\apache\commons\numbers\examples\jmh\core\jmh_generated\EuclideanNormAlgorithmPerformance_enormModExt_jmhTest.java,EuclideanNormAlgorithmPerformance_enormModExt_jmhTest.java,EuclideanNormAlgorithmPerformance_enormModExt_jmhTest,enormModExt_SampleTime,6,2,BenchmarkTaskResult,public,false,false,true,true
C:\Users\simon\Documents\Code\thesis-code\commons-numbers-master\commons-numbers-examples\examples-jmh\target\generated-sources\annotations\org\apache\commons\numbers\examples\jmh\core\jmh_generated\EuclideanNormAlgorithmPerformance_enormModExt_jmhTest.java,EuclideanNormAlgorithmPerformance_enormModExt_jmhTest.java,EuclideanNormAlgorithmPerformance_enormModExt_jmhTest,enormModExt_sample_jmhStub,10,14,void,public; static,false,false,true,true
C:\Users\simon\Documents\Code\thesis-code\commons-numbers-master\commons-numbers-examples\examples-jmh\target\generated-sources\annotations\org\apache\commons\numbers\examples\jmh\core\jmh_generated\EuclideanNormAlgorithmPerformance_enormModExt_jmhTest.java,EuclideanNormAlgorithmPerformance_enormModExt_jmhTest.java,EuclideanNormAlgorithmPerformance_enormModExt_jmhTest,enormModExt_SingleShotTime,6,2,BenchmarkTaskResult,public,false,false,true,true
C:\Users\simon\Documents\Code\thesis-code\commons-numbers-master\commons-numbers-examples\examples-jmh\target\generated-sources\annotations\org\apache\commons\numbers\examples\jmh\core\jmh_generated\EuclideanNormAlgorithmPerformance_enormModExt_jmhTest.java,EuclideanNormAlgorithmPerformance_enormModExt_jmhTest.java,EuclideanNormAlgorithmPerformance_enormModExt_jmhTest,enormModExt_ss_jmhStub,5,11,void,public; static,false,false,true,true
C:\Users\simon\Documents\Code\thesis-code\commons-numbers-master\commons-numbers-examples\examples-jmh\target\generated-sources\annotations\org\apache\commons\numbers\examples\jmh\core\jmh_generated\EuclideanNormAlgorithmPerformance_enormModExt_jmhTest.java,EuclideanNormAlgorithmPerformance_enormModExt_jmhTest.java,EuclideanNormAlgorithmPerformance_enormModExt_jmhTest,_jmh_tryInit_f_euclideannormalgorithmperformance0_G,4,1,EuclideanNormAlgorithmPerformance_jmhType,,false,false,true,true
C:\Users\simon\Documents\Code\thesis-code\commons-numbers-master\commons-numbers-examples\examples-jmh\target\generated-sources\annotations\org\apache\commons\numbers\examples\jmh\core\jmh_generated\EuclideanNormAlgorithmPerformance_enormModExt_jmhTest.java,EuclideanNormAlgorithmPerformance_enormModExt_jmhTest.java,EuclideanNormAlgorithmPerformance_enormModExt_jmhTest,_jmh_tryInit_f_vectorarrayinput1_G,4,1,EuclideanNormAlgorithmPerformance_VectorArrayInput_jmhType,,false,false,true,true
C:\Users\simon\Documents\Code\thesis-code\commons-numbers-master\commons-numbers-examples\examples-jmh\target\generated-sources\annotations\org\apache\commons\numbers\examples\jmh\core\jmh_generated\EuclideanNormAlgorithmPerformance_enormModKahan_jmhTest.java,EuclideanNormAlgorithmPerformance_enormModKahan_jmhTest.java,EuclideanNormAlgorithmPerformance_enormModKahan_jmhTest,enormModKahan_Throughput,6,2,BenchmarkTaskResult,public,false,false,true,true
C:\Users\simon\Documents\Code\thesis-code\commons-numbers-master\commons-numbers-examples\examples-jmh\target\generated-sources\annotations\org\apache\commons\numbers\examples\jmh\core\jmh_generated\EuclideanNormAlgorithmPerformance_enormModKahan_jmhTest.java,EuclideanNormAlgorithmPerformance_enormModKahan_jmhTest.java,EuclideanNormAlgorithmPerformance_enormModKahan_jmhTest,enormModKahan_thrpt_jmhStub,7,10,void,public; static,false,false,true,true
C:\Users\simon\Documents\Code\thesis-code\commons-numbers-master\commons-numbers-examples\examples-jmh\target\generated-sources\annotations\org\apache\commons\numbers\examples\jmh\core\jmh_generated\EuclideanNormAlgorithmPerformance_enormModKahan_jmhTest.java,EuclideanNormAlgorithmPerformance_enormModKahan_jmhTest.java,EuclideanNormAlgorithmPerformance_enormModKahan_jmhTest,enormModKahan_AverageTime,6,2,BenchmarkTaskResult,public,false,false,true,true
C:\Users\simon\Documents\Code\thesis-code\commons-numbers-master\commons-numbers-examples\examples-jmh\target\generated-sources\annotations\org\apache\commons\numbers\examples\jmh\core\jmh_generated\EuclideanNormAlgorithmPerformance_enormModKahan_jmhTest.java,EuclideanNormAlgorithmPerformance_enormModKahan_jmhTest.java,EuclideanNormAlgorithmPerformance_enormModKahan_jmhTest,enormModKahan_avgt_jmhStub,7,10,void,public; static,false,false,true,true
C:\Users\simon\Documents\Code\thesis-code\commons-numbers-master\commons-numbers-examples\examples-jmh\target\generated-sources\annotations\org\apache\commons\numbers\examples\jmh\core\jmh_generated\EuclideanNormAlgorithmPerformance_enormModKahan_jmhTest.java,EuclideanNormAlgorithmPerformance_enormModKahan_jmhTest.java,EuclideanNormAlgorithmPerformance_enormModKahan_jmhTest,enormModKahan_SampleTime,6,2,BenchmarkTaskResult,public,false,false,true,true
C:\Users\simon\Documents\Code\thesis-code\commons-numbers-master\commons-numbers-examples\examples-jmh\target\generated-sources\annotations\org\apache\commons\numbers\examples\jmh\core\jmh_generated\EuclideanNormAlgorithmPerformance_enormModKahan_jmhTest.java,EuclideanNormAlgorithmPerformance_enormModKahan_jmhTest.java,EuclideanNormAlgorithmPerformance_enormModKahan_jmhTest,enormModKahan_sample_jmhStub,10,14,void,public; static,false,false,true,true
C:\Users\simon\Documents\Code\thesis-code\commons-numbers-master\commons-numbers-examples\examples-jmh\target\generated-sources\annotations\org\apache\commons\numbers\examples\jmh\core\jmh_generated\EuclideanNormAlgorithmPerformance_enormModKahan_jmhTest.java,EuclideanNormAlgorithmPerformance_enormModKahan_jmhTest.java,EuclideanNormAlgorithmPerformance_enormModKahan_jmhTest,enormModKahan_SingleShotTime,6,2,BenchmarkTaskResult,public,false,false,true,true
C:\Users\simon\Documents\Code\thesis-code\commons-numbers-master\commons-numbers-examples\examples-jmh\target\generated-sources\annotations\org\apache\commons\numbers\examples\jmh\core\jmh_generated\EuclideanNormAlgorithmPerformance_enormModKahan_jmhTest.java,EuclideanNormAlgorithmPerformance_enormModKahan_jmhTest.java,EuclideanNormAlgorithmPerformance_enormModKahan_jmhTest,enormModKahan_ss_jmhStub,5,11,void,public; static,false,false,true,true
C:\Users\simon\Documents\Code\thesis-code\commons-numbers-master\commons-numbers-examples\examples-jmh\target\generated-sources\annotations\org\apache\commons\numbers\examples\jmh\core\jmh_generated\EuclideanNormAlgorithmPerformance_enormModKahan_jmhTest.java,EuclideanNormAlgorithmPerformance_enormModKahan_jmhTest.java,EuclideanNormAlgorithmPerformance_enormModKahan_jmhTest,_jmh_tryInit_f_euclideannormalgorithmperformance0_G,4,1,EuclideanNormAlgorithmPerformance_jmhType,,false,false,true,true
C:\Users\simon\Documents\Code\thesis-code\commons-numbers-master\commons-numbers-examples\examples-jmh\target\generated-sources\annotations\org\apache\commons\numbers\examples\jmh\core\jmh_generated\EuclideanNormAlgorithmPerformance_enormModKahan_jmhTest.java,EuclideanNormAlgorithmPerformance_enormModKahan_jmhTest.java,EuclideanNormAlgorithmPerformance_enormModKahan_jmhTest,_jmh_tryInit_f_vectorarrayinput1_G,4,1,EuclideanNormAlgorithmPerformance_VectorArrayInput_jmhType,,false,false,true,true
C:\Users\simon\Documents\Code\thesis-code\commons-numbers-master\commons-numbers-examples\examples-jmh\target\generated-sources\annotations\org\apache\commons\numbers\examples\jmh\core\jmh_generated\EuclideanNormAlgorithmPerformance_enormMod_jmhTest.java,EuclideanNormAlgorithmPerformance_enormMod_jmhTest.java,EuclideanNormAlgorithmPerformance_enormMod_jmhTest,enormMod_Throughput,6,2,BenchmarkTaskResult,public,false,false,true,true
C:\Users\simon\Documents\Code\thesis-code\commons-numbers-master\commons-numbers-examples\examples-jmh\target\generated-sources\annotations\org\apache\commons\numbers\examples\jmh\core\jmh_generated\EuclideanNormAlgorithmPerformance_enormMod_jmhTest.java,EuclideanNormAlgorithmPerformance_enormMod_jmhTest.java,EuclideanNormAlgorithmPerformance_enormMod_jmhTest,enormMod_thrpt_jmhStub,7,10,void,public; static,false,false,true,true
C:\Users\simon\Documents\Code\thesis-code\commons-numbers-master\commons-numbers-examples\examples-jmh\target\generated-sources\annotations\org\apache\commons\numbers\examples\jmh\core\jmh_generated\EuclideanNormAlgorithmPerformance_enormMod_jmhTest.java,EuclideanNormAlgorithmPerformance_enormMod_jmhTest.java,EuclideanNormAlgorithmPerformance_enormMod_jmhTest,enormMod_AverageTime,6,2,BenchmarkTaskResult,public,false,false,true,true
C:\Users\simon\Documents\Code\thesis-code\commons-numbers-master\commons-numbers-examples\examples-jmh\target\generated-sources\annotations\org\apache\commons\numbers\examples\jmh\core\jmh_generated\EuclideanNormAlgorithmPerformance_enormMod_jmhTest.java,EuclideanNormAlgorithmPerformance_enormMod_jmhTest.java,EuclideanNormAlgorithmPerformance_enormMod_jmhTest,enormMod_avgt_jmhStub,7,10,void,public; static,false,false,true,true
C:\Users\simon\Documents\Code\thesis-code\commons-numbers-master\commons-numbers-examples\examples-jmh\target\generated-sources\annotations\org\apache\commons\numbers\examples\jmh\core\jmh_generated\EuclideanNormAlgorithmPerformance_enormMod_jmhTest.java,EuclideanNormAlgorithmPerformance_enormMod_jmhTest.java,EuclideanNormAlgorithmPerformance_enormMod_jmhTest,enormMod_SampleTime,6,2,BenchmarkTaskResult,public,false,false,true,true
C:\Users\simon\Documents\Code\thesis-code\commons-numbers-master\commons-numbers-examples\examples-jmh\target\generated-sources\annotations\org\apache\commons\numbers\examples\jmh\core\jmh_generated\EuclideanNormAlgorithmPerformance_enormMod_jmhTest.java,EuclideanNormAlgorithmPerformance_enormMod_jmhTest.java,EuclideanNormAlgorithmPerformance_enormMod_jmhTest,enormMod_sample_jmhStub,10,14,void,public; static,false,false,true,true
C:\Users\simon\Documents\Code\thesis-code\commons-numbers-master\commons-numbers-examples\examples-jmh\target\generated-sources\annotations\org\apache\commons\numbers\examples\jmh\core\jmh_generated\EuclideanNormAlgorithmPerformance_enormMod_jmhTest.java,EuclideanNormAlgorithmPerformance_enormMod_jmhTest.java,EuclideanNormAlgorithmPerformance_enormMod_jmhTest,enormMod_SingleShotTime,6,2,BenchmarkTaskResult,public,false,false,true,true
C:\Users\simon\Documents\Code\thesis-code\commons-numbers-master\commons-numbers-examples\examples-jmh\target\generated-sources\annotations\org\apache\commons\numbers\examples\jmh\core\jmh_generated\EuclideanNormAlgorithmPerformance_enormMod_jmhTest.java,EuclideanNormAlgorithmPerformance_enormMod_jmhTest.java,EuclideanNormAlgorithmPerformance_enormMod_jmhTest,enormMod_ss_jmhStub,5,11,void,public; static,false,false,true,true
C:\Users\simon\Documents\Code\thesis-code\commons-numbers-master\commons-numbers-examples\examples-jmh\target\generated-sources\annotations\org\apache\commons\numbers\examples\jmh\core\jmh_generated\EuclideanNormAlgorithmPerformance_enormMod_jmhTest.java,EuclideanNormAlgorithmPerformance_enormMod_jmhTest.java,EuclideanNormAlgorithmPerformance_enormMod_jmhTest,_jmh_tryInit_f_euclideannormalgorithmperformance0_G,4,1,EuclideanNormAlgorithmPerformance_jmhType,,false,false,true,true
C:\Users\simon\Documents\Code\thesis-code\commons-numbers-master\commons-numbers-examples\examples-jmh\target\generated-sources\annotations\org\apache\commons\numbers\examples\jmh\core\jmh_generated\EuclideanNormAlgorithmPerformance_enormMod_jmhTest.java,EuclideanNormAlgorithmPerformance_enormMod_jmhTest.java,EuclideanNormAlgorithmPerformance_enormMod_jmhTest,_jmh_tryInit_f_vectorarrayinput1_G,4,1,EuclideanNormAlgorithmPerformance_VectorArrayInput_jmhType,,false,false,true,true
C:\Users\simon\Documents\Code\thesis-code\commons-numbers-master\commons-numbers-examples\examples-jmh\target\generated-sources\annotations\org\apache\commons\numbers\examples\jmh\core\jmh_generated\EuclideanNormAlgorithmPerformance_enorm_jmhTest.java,EuclideanNormAlgorithmPerformance_enorm_jmhTest.java,EuclideanNormAlgorithmPerformance_enorm_jmhTest,enorm_Throughput,6,2,BenchmarkTaskResult,public,false,false,true,true
C:\Users\simon\Documents\Code\thesis-code\commons-numbers-master\commons-numbers-examples\examples-jmh\target\generated-sources\annotations\org\apache\commons\numbers\examples\jmh\core\jmh_generated\EuclideanNormAlgorithmPerformance_enorm_jmhTest.java,EuclideanNormAlgorithmPerformance_enorm_jmhTest.java,EuclideanNormAlgorithmPerformance_enorm_jmhTest,enorm_thrpt_jmhStub,7,10,void,public; static,false,false,true,true
C:\Users\simon\Documents\Code\thesis-code\commons-numbers-master\commons-numbers-examples\examples-jmh\target\generated-sources\annotations\org\apache\commons\numbers\examples\jmh\core\jmh_generated\EuclideanNormAlgorithmPerformance_enorm_jmhTest.java,EuclideanNormAlgorithmPerformance_enorm_jmhTest.java,EuclideanNormAlgorithmPerformance_enorm_jmhTest,enorm_AverageTime,6,2,BenchmarkTaskResult,public,false,false,true,true
C:\Users\simon\Documents\Code\thesis-code\commons-numbers-master\commons-numbers-examples\examples-jmh\target\generated-sources\annotations\org\apache\commons\numbers\examples\jmh\core\jmh_generated\EuclideanNormAlgorithmPerformance_enorm_jmhTest.java,EuclideanNormAlgorithmPerformance_enorm_jmhTest.java,EuclideanNormAlgorithmPerformance_enorm_jmhTest,enorm_avgt_jmhStub,7,10,void,public; static,false,false,true,true
C:\Users\simon\Documents\Code\thesis-code\commons-numbers-master\commons-numbers-examples\examples-jmh\target\generated-sources\annotations\org\apache\commons\numbers\examples\jmh\core\jmh_generated\EuclideanNormAlgorithmPerformance_enorm_jmhTest.java,EuclideanNormAlgorithmPerformance_enorm_jmhTest.java,EuclideanNormAlgorithmPerformance_enorm_jmhTest,enorm_SampleTime,6,2,BenchmarkTaskResult,public,false,false,true,true
C:\Users\simon\Documents\Code\thesis-code\commons-numbers-master\commons-numbers-examples\examples-jmh\target\generated-sources\annotations\org\apache\commons\numbers\examples\jmh\core\jmh_generated\EuclideanNormAlgorithmPerformance_enorm_jmhTest.java,EuclideanNormAlgorithmPerformance_enorm_jmhTest.java,EuclideanNormAlgorithmPerformance_enorm_jmhTest,enorm_sample_jmhStub,10,14,void,public; static,false,false,true,true
C:\Users\simon\Documents\Code\thesis-code\commons-numbers-master\commons-numbers-examples\examples-jmh\target\generated-sources\annotations\org\apache\commons\numbers\examples\jmh\core\jmh_generated\EuclideanNormAlgorithmPerformance_enorm_jmhTest.java,EuclideanNormAlgorithmPerformance_enorm_jmhTest.java,EuclideanNormAlgorithmPerformance_enorm_jmhTest,enorm_SingleShotTime,6,2,BenchmarkTaskResult,public,false,false,true,true
C:\Users\simon\Documents\Code\thesis-code\commons-numbers-master\commons-numbers-examples\examples-jmh\target\generated-sources\annotations\org\apache\commons\numbers\examples\jmh\core\jmh_generated\EuclideanNormAlgorithmPerformance_enorm_jmhTest.java,EuclideanNormAlgorithmPerformance_enorm_jmhTest.java,EuclideanNormAlgorithmPerformance_enorm_jmhTest,enorm_ss_jmhStub,5,11,void,public; static,false,false,true,true
C:\Users\simon\Documents\Code\thesis-code\commons-numbers-master\commons-numbers-examples\examples-jmh\target\generated-sources\annotations\org\apache\commons\numbers\examples\jmh\core\jmh_generated\EuclideanNormAlgorithmPerformance_enorm_jmhTest.java,EuclideanNormAlgorithmPerformance_enorm_jmhTest.java,EuclideanNormAlgorithmPerformance_enorm_jmhTest,_jmh_tryInit_f_euclideannormalgorithmperformance0_G,4,1,EuclideanNormAlgorithmPerformance_jmhType,,false,false,true,true
C:\Users\simon\Documents\Code\thesis-code\commons-numbers-master\commons-numbers-examples\examples-jmh\target\generated-sources\annotations\org\apache\commons\numbers\examples\jmh\core\jmh_generated\EuclideanNormAlgorithmPerformance_enorm_jmhTest.java,EuclideanNormAlgorithmPerformance_enorm_jmhTest.java,EuclideanNormAlgorithmPerformance_enorm_jmhTest,_jmh_tryInit_f_vectorarrayinput1_G,4,1,EuclideanNormAlgorithmPerformance_VectorArrayInput_jmhType,,false,false,true,true
C:\Users\simon\Documents\Code\thesis-code\commons-numbers-master\commons-numbers-examples\examples-jmh\target\generated-sources\annotations\org\apache\commons\numbers\examples\jmh\core\jmh_generated\EuclideanNormAlgorithmPerformance_exact_jmhTest.java,EuclideanNormAlgorithmPerformance_exact_jmhTest.java,EuclideanNormAlgorithmPerformance_exact_jmhTest,exact_Throughput,6,2,BenchmarkTaskResult,public,false,false,true,true
C:\Users\simon\Documents\Code\thesis-code\commons-numbers-master\commons-numbers-examples\examples-jmh\target\generated-sources\annotations\org\apache\commons\numbers\examples\jmh\core\jmh_generated\EuclideanNormAlgorithmPerformance_exact_jmhTest.java,EuclideanNormAlgorithmPerformance_exact_jmhTest.java,EuclideanNormAlgorithmPerformance_exact_jmhTest,exact_thrpt_jmhStub,7,10,void,public; static,false,false,true,true
C:\Users\simon\Documents\Code\thesis-code\commons-numbers-master\commons-numbers-examples\examples-jmh\target\generated-sources\annotations\org\apache\commons\numbers\examples\jmh\core\jmh_generated\EuclideanNormAlgorithmPerformance_exact_jmhTest.java,EuclideanNormAlgorithmPerformance_exact_jmhTest.java,EuclideanNormAlgorithmPerformance_exact_jmhTest,exact_AverageTime,6,2,BenchmarkTaskResult,public,false,false,true,true
C:\Users\simon\Documents\Code\thesis-code\commons-numbers-master\commons-numbers-examples\examples-jmh\target\generated-sources\annotations\org\apache\commons\numbers\examples\jmh\core\jmh_generated\EuclideanNormAlgorithmPerformance_exact_jmhTest.java,EuclideanNormAlgorithmPerformance_exact_jmhTest.java,EuclideanNormAlgorithmPerformance_exact_jmhTest,exact_avgt_jmhStub,7,10,void,public; static,false,false,true,true
C:\Users\simon\Documents\Code\thesis-code\commons-numbers-master\commons-numbers-examples\examples-jmh\target\generated-sources\annotations\org\apache\commons\numbers\examples\jmh\core\jmh_generated\EuclideanNormAlgorithmPerformance_exact_jmhTest.java,EuclideanNormAlgorithmPerformance_exact_jmhTest.java,EuclideanNormAlgorithmPerformance_exact_jmhTest,exact_SampleTime,6,2,BenchmarkTaskResult,public,false,false,true,true
C:\Users\simon\Documents\Code\thesis-code\commons-numbers-master\commons-numbers-examples\examples-jmh\target\generated-sources\annotations\org\apache\commons\numbers\examples\jmh\core\jmh_generated\EuclideanNormAlgorithmPerformance_exact_jmhTest.java,EuclideanNormAlgorithmPerformance_exact_jmhTest.java,EuclideanNormAlgorithmPerformance_exact_jmhTest,exact_sample_jmhStub,10,14,void,public; static,false,false,true,true
C:\Users\simon\Documents\Code\thesis-code\commons-numbers-master\commons-numbers-examples\examples-jmh\target\generated-sources\annotations\org\apache\commons\numbers\examples\jmh\core\jmh_generated\EuclideanNormAlgorithmPerformance_exact_jmhTest.java,EuclideanNormAlgorithmPerformance_exact_jmhTest.java,EuclideanNormAlgorithmPerformance_exact_jmhTest,exact_SingleShotTime,6,2,BenchmarkTaskResult,public,false,false,true,true
C:\Users\simon\Documents\Code\thesis-code\commons-numbers-master\commons-numbers-examples\examples-jmh\target\generated-sources\annotations\org\apache\commons\numbers\examples\jmh\core\jmh_generated\EuclideanNormAlgorithmPerformance_exact_jmhTest.java,EuclideanNormAlgorithmPerformance_exact_jmhTest.java,EuclideanNormAlgorithmPerformance_exact_jmhTest,exact_ss_jmhStub,5,11,void,public; static,false,false,true,true
C:\Users\simon\Documents\Code\thesis-code\commons-numbers-master\commons-numbers-examples\examples-jmh\target\generated-sources\annotations\org\apache\commons\numbers\examples\jmh\core\jmh_generated\EuclideanNormAlgorithmPerformance_exact_jmhTest.java,EuclideanNormAlgorithmPerformance_exact_jmhTest.java,EuclideanNormAlgorithmPerformance_exact_jmhTest,_jmh_tryInit_f_euclideannormalgorithmperformance0_G,4,1,EuclideanNormAlgorithmPerformance_jmhType,,false,false,true,true
C:\Users\simon\Documents\Code\thesis-code\commons-numbers-master\commons-numbers-examples\examples-jmh\target\generated-sources\annotations\org\apache\commons\numbers\examples\jmh\core\jmh_generated\EuclideanNormAlgorithmPerformance_exact_jmhTest.java,EuclideanNormAlgorithmPerformance_exact_jmhTest.java,EuclideanNormAlgorithmPerformance_exact_jmhTest,_jmh_tryInit_f_vectorarrayinput1_G,4,1,EuclideanNormAlgorithmPerformance_VectorArrayInput_jmhType,,false,false,true,true
C:\Users\simon\Documents\Code\thesis-code\commons-numbers-master\commons-numbers-examples\examples-jmh\target\generated-sources\annotations\org\apache\commons\numbers\examples\jmh\core\jmh_generated\EuclideanNormAlgorithmPerformance_extLinearMod_jmhTest.java,EuclideanNormAlgorithmPerformance_extLinearMod_jmhTest.java,EuclideanNormAlgorithmPerformance_extLinearMod_jmhTest,extLinearMod_Throughput,6,2,BenchmarkTaskResult,public,false,false,true,true
C:\Users\simon\Documents\Code\thesis-code\commons-numbers-master\commons-numbers-examples\examples-jmh\target\generated-sources\annotations\org\apache\commons\numbers\examples\jmh\core\jmh_generated\EuclideanNormAlgorithmPerformance_extLinearMod_jmhTest.java,EuclideanNormAlgorithmPerformance_extLinearMod_jmhTest.java,EuclideanNormAlgorithmPerformance_extLinearMod_jmhTest,extLinearMod_thrpt_jmhStub,7,10,void,public; static,false,false,true,true
C:\Users\simon\Documents\Code\thesis-code\commons-numbers-master\commons-numbers-examples\examples-jmh\target\generated-sources\annotations\org\apache\commons\numbers\examples\jmh\core\jmh_generated\EuclideanNormAlgorithmPerformance_extLinearMod_jmhTest.java,EuclideanNormAlgorithmPerformance_extLinearMod_jmhTest.java,EuclideanNormAlgorithmPerformance_extLinearMod_jmhTest,extLinearMod_AverageTime,6,2,BenchmarkTaskResult,public,false,false,true,true
C:\Users\simon\Documents\Code\thesis-code\commons-numbers-master\commons-numbers-examples\examples-jmh\target\generated-sources\annotations\org\apache\commons\numbers\examples\jmh\core\jmh_generated\EuclideanNormAlgorithmPerformance_extLinearMod_jmhTest.java,EuclideanNormAlgorithmPerformance_extLinearMod_jmhTest.java,EuclideanNormAlgorithmPerformance_extLinearMod_jmhTest,extLinearMod_avgt_jmhStub,7,10,void,public; static,false,false,true,true
C:\Users\simon\Documents\Code\thesis-code\commons-numbers-master\commons-numbers-examples\examples-jmh\target\generated-sources\annotations\org\apache\commons\numbers\examples\jmh\core\jmh_generated\EuclideanNormAlgorithmPerformance_extLinearMod_jmhTest.java,EuclideanNormAlgorithmPerformance_extLinearMod_jmhTest.java,EuclideanNormAlgorithmPerformance_extLinearMod_jmhTest,extLinearMod_SampleTime,6,2,BenchmarkTaskResult,public,false,false,true,true
C:\Users\simon\Documents\Code\thesis-code\commons-numbers-master\commons-numbers-examples\examples-jmh\target\generated-sources\annotations\org\apache\commons\numbers\examples\jmh\core\jmh_generated\EuclideanNormAlgorithmPerformance_extLinearMod_jmhTest.java,EuclideanNormAlgorithmPerformance_extLinearMod_jmhTest.java,EuclideanNormAlgorithmPerformance_extLinearMod_jmhTest,extLinearMod_sample_jmhStub,10,14,void,public; static,false,false,true,true
C:\Users\simon\Documents\Code\thesis-code\commons-numbers-master\commons-numbers-examples\examples-jmh\target\generated-sources\annotations\org\apache\commons\numbers\examples\jmh\core\jmh_generated\EuclideanNormAlgorithmPerformance_extLinearMod_jmhTest.java,EuclideanNormAlgorithmPerformance_extLinearMod_jmhTest.java,EuclideanNormAlgorithmPerformance_extLinearMod_jmhTest,extLinearMod_SingleShotTime,6,2,BenchmarkTaskResult,public,false,false,true,true
C:\Users\simon\Documents\Code\thesis-code\commons-numbers-master\commons-numbers-examples\examples-jmh\target\generated-sources\annotations\org\apache\commons\numbers\examples\jmh\core\jmh_generated\EuclideanNormAlgorithmPerformance_extLinearMod_jmhTest.java,EuclideanNormAlgorithmPerformance_extLinearMod_jmhTest.java,EuclideanNormAlgorithmPerformance_extLinearMod_jmhTest,extLinearMod_ss_jmhStub,5,11,void,public; static,false,false,true,true
C:\Users\simon\Documents\Code\thesis-code\commons-numbers-master\commons-numbers-examples\examples-jmh\target\generated-sources\annotations\org\apache\commons\numbers\examples\jmh\core\jmh_generated\EuclideanNormAlgorithmPerformance_extLinearMod_jmhTest.java,EuclideanNormAlgorithmPerformance_extLinearMod_jmhTest.java,EuclideanNormAlgorithmPerformance_extLinearMod_jmhTest,_jmh_tryInit_f_euclideannormalgorithmperformance0_G,4,1,EuclideanNormAlgorithmPerformance_jmhType,,false,false,true,true
C:\Users\simon\Documents\Code\thesis-code\commons-numbers-master\commons-numbers-examples\examples-jmh\target\generated-sources\annotations\org\apache\commons\numbers\examples\jmh\core\jmh_generated\EuclideanNormAlgorithmPerformance_extLinearMod_jmhTest.java,EuclideanNormAlgorithmPerformance_extLinearMod_jmhTest.java,EuclideanNormAlgorithmPerformance_extLinearMod_jmhTest,_jmh_tryInit_f_vectorarrayinput1_G,4,1,EuclideanNormAlgorithmPerformance_VectorArrayInput_jmhType,,false,false,true,true
C:\Users\simon\Documents\Code\thesis-code\commons-numbers-master\commons-numbers-examples\examples-jmh\target\generated-sources\annotations\org\apache\commons\numbers\examples\jmh\core\jmh_generated\EuclideanNormAlgorithmPerformance_extLinearSinglePass_jmhTest.java,EuclideanNormAlgorithmPerformance_extLinearSinglePass_jmhTest.java,EuclideanNormAlgorithmPerformance_extLinearSinglePass_jmhTest,extLinearSinglePass_Throughput,6,2,BenchmarkTaskResult,public,false,false,true,true
C:\Users\simon\Documents\Code\thesis-code\commons-numbers-master\commons-numbers-examples\examples-jmh\target\generated-sources\annotations\org\apache\commons\numbers\examples\jmh\core\jmh_generated\EuclideanNormAlgorithmPerformance_extLinearSinglePass_jmhTest.java,EuclideanNormAlgorithmPerformance_extLinearSinglePass_jmhTest.java,EuclideanNormAlgorithmPerformance_extLinearSinglePass_jmhTest,extLinearSinglePass_thrpt_jmhStub,7,10,void,public; static,false,false,true,true
C:\Users\simon\Documents\Code\thesis-code\commons-numbers-master\commons-numbers-examples\examples-jmh\target\generated-sources\annotations\org\apache\commons\numbers\examples\jmh\core\jmh_generated\EuclideanNormAlgorithmPerformance_extLinearSinglePass_jmhTest.java,EuclideanNormAlgorithmPerformance_extLinearSinglePass_jmhTest.java,EuclideanNormAlgorithmPerformance_extLinearSinglePass_jmhTest,extLinearSinglePass_AverageTime,6,2,BenchmarkTaskResult,public,false,false,true,true
C:\Users\simon\Documents\Code\thesis-code\commons-numbers-master\commons-numbers-examples\examples-jmh\target\generated-sources\annotations\org\apache\commons\numbers\examples\jmh\core\jmh_generated\EuclideanNormAlgorithmPerformance_extLinearSinglePass_jmhTest.java,EuclideanNormAlgorithmPerformance_extLinearSinglePass_jmhTest.java,EuclideanNormAlgorithmPerformance_extLinearSinglePass_jmhTest,extLinearSinglePass_avgt_jmhStub,7,10,void,public; static,false,false,true,true
C:\Users\simon\Documents\Code\thesis-code\commons-numbers-master\commons-numbers-examples\examples-jmh\target\generated-sources\annotations\org\apache\commons\numbers\examples\jmh\core\jmh_generated\EuclideanNormAlgorithmPerformance_extLinearSinglePass_jmhTest.java,EuclideanNormAlgorithmPerformance_extLinearSinglePass_jmhTest.java,EuclideanNormAlgorithmPerformance_extLinearSinglePass_jmhTest,extLinearSinglePass_SampleTime,6,2,BenchmarkTaskResult,public,false,false,true,true
C:\Users\simon\Documents\Code\thesis-code\commons-numbers-master\commons-numbers-examples\examples-jmh\target\generated-sources\annotations\org\apache\commons\numbers\examples\jmh\core\jmh_generated\EuclideanNormAlgorithmPerformance_extLinearSinglePass_jmhTest.java,EuclideanNormAlgorithmPerformance_extLinearSinglePass_jmhTest.java,EuclideanNormAlgorithmPerformance_extLinearSinglePass_jmhTest,extLinearSinglePass_sample_jmhStub,10,14,void,public; static,false,false,true,true
C:\Users\simon\Documents\Code\thesis-code\commons-numbers-master\commons-numbers-examples\examples-jmh\target\generated-sources\annotations\org\apache\commons\numbers\examples\jmh\core\jmh_generated\EuclideanNormAlgorithmPerformance_extLinearSinglePass_jmhTest.java,EuclideanNormAlgorithmPerformance_extLinearSinglePass_jmhTest.java,EuclideanNormAlgorithmPerformance_extLinearSinglePass_jmhTest,extLinearSinglePass_SingleShotTime,6,2,BenchmarkTaskResult,public,false,false,true,true
C:\Users\simon\Documents\Code\thesis-code\commons-numbers-master\commons-numbers-examples\examples-jmh\target\generated-sources\annotations\org\apache\commons\numbers\examples\jmh\core\jmh_generated\EuclideanNormAlgorithmPerformance_extLinearSinglePass_jmhTest.java,EuclideanNormAlgorithmPerformance_extLinearSinglePass_jmhTest.java,EuclideanNormAlgorithmPerformance_extLinearSinglePass_jmhTest,extLinearSinglePass_ss_jmhStub,5,11,void,public; static,false,false,true,true
C:\Users\simon\Documents\Code\thesis-code\commons-numbers-master\commons-numbers-examples\examples-jmh\target\generated-sources\annotations\org\apache\commons\numbers\examples\jmh\core\jmh_generated\EuclideanNormAlgorithmPerformance_extLinearSinglePass_jmhTest.java,EuclideanNormAlgorithmPerformance_extLinearSinglePass_jmhTest.java,EuclideanNormAlgorithmPerformance_extLinearSinglePass_jmhTest,_jmh_tryInit_f_euclideannormalgorithmperformance0_G,4,1,EuclideanNormAlgorithmPerformance_jmhType,,false,false,true,true
C:\Users\simon\Documents\Code\thesis-code\commons-numbers-master\commons-numbers-examples\examples-jmh\target\generated-sources\annotations\org\apache\commons\numbers\examples\jmh\core\jmh_generated\EuclideanNormAlgorithmPerformance_extLinearSinglePass_jmhTest.java,EuclideanNormAlgorithmPerformance_extLinearSinglePass_jmhTest.java,EuclideanNormAlgorithmPerformance_extLinearSinglePass_jmhTest,_jmh_tryInit_f_vectorarrayinput1_G,4,1,EuclideanNormAlgorithmPerformance_VectorArrayInput_jmhType,,false,false,true,true
C:\Users\simon\Documents\Code\thesis-code\commons-numbers-master\commons-numbers-examples\examples-jmh\target\generated-sources\annotations\org\apache\commons\numbers\examples\jmh\core\jmh_generated\EuclideanNormAlgorithmPerformance_extLinearSqrt2_jmhTest.java,EuclideanNormAlgorithmPerformance_extLinearSqrt2_jmhTest.java,EuclideanNormAlgorithmPerformance_extLinearSqrt2_jmhTest,extLinearSqrt2_Throughput,6,2,BenchmarkTaskResult,public,false,false,true,true
C:\Users\simon\Documents\Code\thesis-code\commons-numbers-master\commons-numbers-examples\examples-jmh\target\generated-sources\annotations\org\apache\commons\numbers\examples\jmh\core\jmh_generated\EuclideanNormAlgorithmPerformance_extLinearSqrt2_jmhTest.java,EuclideanNormAlgorithmPerformance_extLinearSqrt2_jmhTest.java,EuclideanNormAlgorithmPerformance_extLinearSqrt2_jmhTest,extLinearSqrt2_thrpt_jmhStub,7,10,void,public; static,false,false,true,true
C:\Users\simon\Documents\Code\thesis-code\commons-numbers-master\commons-numbers-examples\examples-jmh\target\generated-sources\annotations\org\apache\commons\numbers\examples\jmh\core\jmh_generated\EuclideanNormAlgorithmPerformance_extLinearSqrt2_jmhTest.java,EuclideanNormAlgorithmPerformance_extLinearSqrt2_jmhTest.java,EuclideanNormAlgorithmPerformance_extLinearSqrt2_jmhTest,extLinearSqrt2_AverageTime,6,2,BenchmarkTaskResult,public,false,false,true,true
C:\Users\simon\Documents\Code\thesis-code\commons-numbers-master\commons-numbers-examples\examples-jmh\target\generated-sources\annotations\org\apache\commons\numbers\examples\jmh\core\jmh_generated\EuclideanNormAlgorithmPerformance_extLinearSqrt2_jmhTest.java,EuclideanNormAlgorithmPerformance_extLinearSqrt2_jmhTest.java,EuclideanNormAlgorithmPerformance_extLinearSqrt2_jmhTest,extLinearSqrt2_avgt_jmhStub,7,10,void,public; static,false,false,true,true
C:\Users\simon\Documents\Code\thesis-code\commons-numbers-master\commons-numbers-examples\examples-jmh\target\generated-sources\annotations\org\apache\commons\numbers\examples\jmh\core\jmh_generated\EuclideanNormAlgorithmPerformance_extLinearSqrt2_jmhTest.java,EuclideanNormAlgorithmPerformance_extLinearSqrt2_jmhTest.java,EuclideanNormAlgorithmPerformance_extLinearSqrt2_jmhTest,extLinearSqrt2_SampleTime,6,2,BenchmarkTaskResult,public,false,false,true,true
C:\Users\simon\Documents\Code\thesis-code\commons-numbers-master\commons-numbers-examples\examples-jmh\target\generated-sources\annotations\org\apache\commons\numbers\examples\jmh\core\jmh_generated\EuclideanNormAlgorithmPerformance_extLinearSqrt2_jmhTest.java,EuclideanNormAlgorithmPerformance_extLinearSqrt2_jmhTest.java,EuclideanNormAlgorithmPerformance_extLinearSqrt2_jmhTest,extLinearSqrt2_sample_jmhStub,10,14,void,public; static,false,false,true,true
C:\Users\simon\Documents\Code\thesis-code\commons-numbers-master\commons-numbers-examples\examples-jmh\target\generated-sources\annotations\org\apache\commons\numbers\examples\jmh\core\jmh_generated\EuclideanNormAlgorithmPerformance_extLinearSqrt2_jmhTest.java,EuclideanNormAlgorithmPerformance_extLinearSqrt2_jmhTest.java,EuclideanNormAlgorithmPerformance_extLinearSqrt2_jmhTest,extLinearSqrt2_SingleShotTime,6,2,BenchmarkTaskResult,public,false,false,true,true
C:\Users\simon\Documents\Code\thesis-code\commons-numbers-master\commons-numbers-examples\examples-jmh\target\generated-sources\annotations\org\apache\commons\numbers\examples\jmh\core\jmh_generated\EuclideanNormAlgorithmPerformance_extLinearSqrt2_jmhTest.java,EuclideanNormAlgorithmPerformance_extLinearSqrt2_jmhTest.java,EuclideanNormAlgorithmPerformance_extLinearSqrt2_jmhTest,extLinearSqrt2_ss_jmhStub,5,11,void,public; static,false,false,true,true
C:\Users\simon\Documents\Code\thesis-code\commons-numbers-master\commons-numbers-examples\examples-jmh\target\generated-sources\annotations\org\apache\commons\numbers\examples\jmh\core\jmh_generated\EuclideanNormAlgorithmPerformance_extLinearSqrt2_jmhTest.java,EuclideanNormAlgorithmPerformance_extLinearSqrt2_jmhTest.java,EuclideanNormAlgorithmPerformance_extLinearSqrt2_jmhTest,_jmh_tryInit_f_euclideannormalgorithmperformance0_G,4,1,EuclideanNormAlgorithmPerformance_jmhType,,false,false,true,true
C:\Users\simon\Documents\Code\thesis-code\commons-numbers-master\commons-numbers-examples\examples-jmh\target\generated-sources\annotations\org\apache\commons\numbers\examples\jmh\core\jmh_generated\EuclideanNormAlgorithmPerformance_extLinearSqrt2_jmhTest.java,EuclideanNormAlgorithmPerformance_extLinearSqrt2_jmhTest.java,EuclideanNormAlgorithmPerformance_extLinearSqrt2_jmhTest,_jmh_tryInit_f_vectorarrayinput1_G,4,1,EuclideanNormAlgorithmPerformance_VectorArrayInput_jmhType,,false,false,true,true
C:\Users\simon\Documents\Code\thesis-code\commons-numbers-master\commons-numbers-examples\examples-jmh\target\generated-sources\annotations\org\apache\commons\numbers\examples\jmh\core\jmh_generated\EuclideanNormAlgorithmPerformance_extLinear_jmhTest.java,EuclideanNormAlgorithmPerformance_extLinear_jmhTest.java,EuclideanNormAlgorithmPerformance_extLinear_jmhTest,extLinear_Throughput,6,2,BenchmarkTaskResult,public,false,false,true,true
C:\Users\simon\Documents\Code\thesis-code\commons-numbers-master\commons-numbers-examples\examples-jmh\target\generated-sources\annotations\org\apache\commons\numbers\examples\jmh\core\jmh_generated\EuclideanNormAlgorithmPerformance_extLinear_jmhTest.java,EuclideanNormAlgorithmPerformance_extLinear_jmhTest.java,EuclideanNormAlgorithmPerformance_extLinear_jmhTest,extLinear_thrpt_jmhStub,7,10,void,public; static,false,false,true,true
C:\Users\simon\Documents\Code\thesis-code\commons-numbers-master\commons-numbers-examples\examples-jmh\target\generated-sources\annotations\org\apache\commons\numbers\examples\jmh\core\jmh_generated\EuclideanNormAlgorithmPerformance_extLinear_jmhTest.java,EuclideanNormAlgorithmPerformance_extLinear_jmhTest.java,EuclideanNormAlgorithmPerformance_extLinear_jmhTest,extLinear_AverageTime,6,2,BenchmarkTaskResult,public,false,false,true,true
C:\Users\simon\Documents\Code\thesis-code\commons-numbers-master\commons-numbers-examples\examples-jmh\target\generated-sources\annotations\org\apache\commons\numbers\examples\jmh\core\jmh_generated\EuclideanNormAlgorithmPerformance_extLinear_jmhTest.java,EuclideanNormAlgorithmPerformance_extLinear_jmhTest.java,EuclideanNormAlgorithmPerformance_extLinear_jmhTest,extLinear_avgt_jmhStub,7,10,void,public; static,false,false,true,true
C:\Users\simon\Documents\Code\thesis-code\commons-numbers-master\commons-numbers-examples\examples-jmh\target\generated-sources\annotations\org\apache\commons\numbers\examples\jmh\core\jmh_generated\EuclideanNormAlgorithmPerformance_extLinear_jmhTest.java,EuclideanNormAlgorithmPerformance_extLinear_jmhTest.java,EuclideanNormAlgorithmPerformance_extLinear_jmhTest,extLinear_SampleTime,6,2,BenchmarkTaskResult,public,false,false,true,true
C:\Users\simon\Documents\Code\thesis-code\commons-numbers-master\commons-numbers-examples\examples-jmh\target\generated-sources\annotations\org\apache\commons\numbers\examples\jmh\core\jmh_generated\EuclideanNormAlgorithmPerformance_extLinear_jmhTest.java,EuclideanNormAlgorithmPerformance_extLinear_jmhTest.java,EuclideanNormAlgorithmPerformance_extLinear_jmhTest,extLinear_sample_jmhStub,10,14,void,public; static,false,false,true,true
C:\Users\simon\Documents\Code\thesis-code\commons-numbers-master\commons-numbers-examples\examples-jmh\target\generated-sources\annotations\org\apache\commons\numbers\examples\jmh\core\jmh_generated\EuclideanNormAlgorithmPerformance_extLinear_jmhTest.java,EuclideanNormAlgorithmPerformance_extLinear_jmhTest.java,EuclideanNormAlgorithmPerformance_extLinear_jmhTest,extLinear_SingleShotTime,6,2,BenchmarkTaskResult,public,false,false,true,true
C:\Users\simon\Documents\Code\thesis-code\commons-numbers-master\commons-numbers-examples\examples-jmh\target\generated-sources\annotations\org\apache\commons\numbers\examples\jmh\core\jmh_generated\EuclideanNormAlgorithmPerformance_extLinear_jmhTest.java,EuclideanNormAlgorithmPerformance_extLinear_jmhTest.java,EuclideanNormAlgorithmPerformance_extLinear_jmhTest,extLinear_ss_jmhStub,5,11,void,public; static,false,false,true,true
C:\Users\simon\Documents\Code\thesis-code\commons-numbers-master\commons-numbers-examples\examples-jmh\target\generated-sources\annotations\org\apache\commons\numbers\examples\jmh\core\jmh_generated\EuclideanNormAlgorithmPerformance_extLinear_jmhTest.java,EuclideanNormAlgorithmPerformance_extLinear_jmhTest.java,EuclideanNormAlgorithmPerformance_extLinear_jmhTest,_jmh_tryInit_f_euclideannormalgorithmperformance0_G,4,1,EuclideanNormAlgorithmPerformance_jmhType,,false,false,true,true
C:\Users\simon\Documents\Code\thesis-code\commons-numbers-master\commons-numbers-examples\examples-jmh\target\generated-sources\annotations\org\apache\commons\numbers\examples\jmh\core\jmh_generated\EuclideanNormAlgorithmPerformance_extLinear_jmhTest.java,EuclideanNormAlgorithmPerformance_extLinear_jmhTest.java,EuclideanNormAlgorithmPerformance_extLinear_jmhTest,_jmh_tryInit_f_vectorarrayinput1_G,4,1,EuclideanNormAlgorithmPerformance_VectorArrayInput_jmhType,,false,false,true,true
C:\Users\simon\Documents\Code\thesis-code\commons-numbers-master\commons-numbers-examples\examples-jmh\target\generated-sources\annotations\org\apache\commons\numbers\examples\jmh\core\jmh_generated\GcdPerformance_gcdBigInteger_jmhTest.java,GcdPerformance_gcdBigInteger_jmhTest.java,GcdPerformance_gcdBigInteger_jmhTest,gcdBigInteger_Throughput,6,2,BenchmarkTaskResult,public,false,false,true,true
C:\Users\simon\Documents\Code\thesis-code\commons-numbers-master\commons-numbers-examples\examples-jmh\target\generated-sources\annotations\org\apache\commons\numbers\examples\jmh\core\jmh_generated\GcdPerformance_gcdBigInteger_jmhTest.java,GcdPerformance_gcdBigInteger_jmhTest.java,GcdPerformance_gcdBigInteger_jmhTest,gcdBigInteger_thrpt_jmhStub,7,10,void,public; static,false,false,true,true
C:\Users\simon\Documents\Code\thesis-code\commons-numbers-master\commons-numbers-examples\examples-jmh\target\generated-sources\annotations\org\apache\commons\numbers\examples\jmh\core\jmh_generated\GcdPerformance_gcdBigInteger_jmhTest.java,GcdPerformance_gcdBigInteger_jmhTest.java,GcdPerformance_gcdBigInteger_jmhTest,gcdBigInteger_AverageTime,6,2,BenchmarkTaskResult,public,false,false,true,true
C:\Users\simon\Documents\Code\thesis-code\commons-numbers-master\commons-numbers-examples\examples-jmh\target\generated-sources\annotations\org\apache\commons\numbers\examples\jmh\core\jmh_generated\GcdPerformance_gcdBigInteger_jmhTest.java,GcdPerformance_gcdBigInteger_jmhTest.java,GcdPerformance_gcdBigInteger_jmhTest,gcdBigInteger_avgt_jmhStub,7,10,void,public; static,false,false,true,true
C:\Users\simon\Documents\Code\thesis-code\commons-numbers-master\commons-numbers-examples\examples-jmh\target\generated-sources\annotations\org\apache\commons\numbers\examples\jmh\core\jmh_generated\GcdPerformance_gcdBigInteger_jmhTest.java,GcdPerformance_gcdBigInteger_jmhTest.java,GcdPerformance_gcdBigInteger_jmhTest,gcdBigInteger_SampleTime,6,2,BenchmarkTaskResult,public,false,false,true,true
C:\Users\simon\Documents\Code\thesis-code\commons-numbers-master\commons-numbers-examples\examples-jmh\target\generated-sources\annotations\org\apache\commons\numbers\examples\jmh\core\jmh_generated\GcdPerformance_gcdBigInteger_jmhTest.java,GcdPerformance_gcdBigInteger_jmhTest.java,GcdPerformance_gcdBigInteger_jmhTest,gcdBigInteger_sample_jmhStub,10,14,void,public; static,false,false,true,true
C:\Users\simon\Documents\Code\thesis-code\commons-numbers-master\commons-numbers-examples\examples-jmh\target\generated-sources\annotations\org\apache\commons\numbers\examples\jmh\core\jmh_generated\GcdPerformance_gcdBigInteger_jmhTest.java,GcdPerformance_gcdBigInteger_jmhTest.java,GcdPerformance_gcdBigInteger_jmhTest,gcdBigInteger_SingleShotTime,6,2,BenchmarkTaskResult,public,false,false,true,true
C:\Users\simon\Documents\Code\thesis-code\commons-numbers-master\commons-numbers-examples\examples-jmh\target\generated-sources\annotations\org\apache\commons\numbers\examples\jmh\core\jmh_generated\GcdPerformance_gcdBigInteger_jmhTest.java,GcdPerformance_gcdBigInteger_jmhTest.java,GcdPerformance_gcdBigInteger_jmhTest,gcdBigInteger_ss_jmhStub,5,11,void,public; static,false,false,true,true
C:\Users\simon\Documents\Code\thesis-code\commons-numbers-master\commons-numbers-examples\examples-jmh\target\generated-sources\annotations\org\apache\commons\numbers\examples\jmh\core\jmh_generated\GcdPerformance_gcdBigInteger_jmhTest.java,GcdPerformance_gcdBigInteger_jmhTest.java,GcdPerformance_gcdBigInteger_jmhTest,_jmh_tryInit_f_gcdperformance0_G,4,1,GcdPerformance_jmhType,,false,false,true,true
C:\Users\simon\Documents\Code\thesis-code\commons-numbers-master\commons-numbers-examples\examples-jmh\target\generated-sources\annotations\org\apache\commons\numbers\examples\jmh\core\jmh_generated\GcdPerformance_gcdBigInteger_jmhTest.java,GcdPerformance_gcdBigInteger_jmhTest.java,GcdPerformance_gcdBigInteger_jmhTest,_jmh_tryInit_f_longs1_G,4,1,GcdPerformance_Longs_jmhType,,false,false,true,true
C:\Users\simon\Documents\Code\thesis-code\commons-numbers-master\commons-numbers-examples\examples-jmh\target\generated-sources\annotations\org\apache\commons\numbers\examples\jmh\core\jmh_generated\GcdPerformance_gcdIntAdaptedForLong_jmhTest.java,GcdPerformance_gcdIntAdaptedForLong_jmhTest.java,GcdPerformance_gcdIntAdaptedForLong_jmhTest,gcdIntAdaptedForLong_Throughput,6,2,BenchmarkTaskResult,public,false,false,true,true
C:\Users\simon\Documents\Code\thesis-code\commons-numbers-master\commons-numbers-examples\examples-jmh\target\generated-sources\annotations\org\apache\commons\numbers\examples\jmh\core\jmh_generated\GcdPerformance_gcdIntAdaptedForLong_jmhTest.java,GcdPerformance_gcdIntAdaptedForLong_jmhTest.java,GcdPerformance_gcdIntAdaptedForLong_jmhTest,gcdIntAdaptedForLong_thrpt_jmhStub,7,10,void,public; static,false,false,true,true
C:\Users\simon\Documents\Code\thesis-code\commons-numbers-master\commons-numbers-examples\examples-jmh\target\generated-sources\annotations\org\apache\commons\numbers\examples\jmh\core\jmh_generated\GcdPerformance_gcdIntAdaptedForLong_jmhTest.java,GcdPerformance_gcdIntAdaptedForLong_jmhTest.java,GcdPerformance_gcdIntAdaptedForLong_jmhTest,gcdIntAdaptedForLong_AverageTime,6,2,BenchmarkTaskResult,public,false,false,true,true
C:\Users\simon\Documents\Code\thesis-code\commons-numbers-master\commons-numbers-examples\examples-jmh\target\generated-sources\annotations\org\apache\commons\numbers\examples\jmh\core\jmh_generated\GcdPerformance_gcdIntAdaptedForLong_jmhTest.java,GcdPerformance_gcdIntAdaptedForLong_jmhTest.java,GcdPerformance_gcdIntAdaptedForLong_jmhTest,gcdIntAdaptedForLong_avgt_jmhStub,7,10,void,public; static,false,false,true,true
C:\Users\simon\Documents\Code\thesis-code\commons-numbers-master\commons-numbers-examples\examples-jmh\target\generated-sources\annotations\org\apache\commons\numbers\examples\jmh\core\jmh_generated\GcdPerformance_gcdIntAdaptedForLong_jmhTest.java,GcdPerformance_gcdIntAdaptedForLong_jmhTest.java,GcdPerformance_gcdIntAdaptedForLong_jmhTest,gcdIntAdaptedForLong_SampleTime,6,2,BenchmarkTaskResult,public,false,false,true,true
C:\Users\simon\Documents\Code\thesis-code\commons-numbers-master\commons-numbers-examples\examples-jmh\target\generated-sources\annotations\org\apache\commons\numbers\examples\jmh\core\jmh_generated\GcdPerformance_gcdIntAdaptedForLong_jmhTest.java,GcdPerformance_gcdIntAdaptedForLong_jmhTest.java,GcdPerformance_gcdIntAdaptedForLong_jmhTest,gcdIntAdaptedForLong_sample_jmhStub,10,14,void,public; static,false,false,true,true
C:\Users\simon\Documents\Code\thesis-code\commons-numbers-master\commons-numbers-examples\examples-jmh\target\generated-sources\annotations\org\apache\commons\numbers\examples\jmh\core\jmh_generated\GcdPerformance_gcdIntAdaptedForLong_jmhTest.java,GcdPerformance_gcdIntAdaptedForLong_jmhTest.java,GcdPerformance_gcdIntAdaptedForLong_jmhTest,gcdIntAdaptedForLong_SingleShotTime,6,2,BenchmarkTaskResult,public,false,false,true,true
C:\Users\simon\Documents\Code\thesis-code\commons-numbers-master\commons-numbers-examples\examples-jmh\target\generated-sources\annotations\org\apache\commons\numbers\examples\jmh\core\jmh_generated\GcdPerformance_gcdIntAdaptedForLong_jmhTest.java,GcdPerformance_gcdIntAdaptedForLong_jmhTest.java,GcdPerformance_gcdIntAdaptedForLong_jmhTest,gcdIntAdaptedForLong_ss_jmhStub,5,11,void,public; static,false,false,true,true
C:\Users\simon\Documents\Code\thesis-code\commons-numbers-master\commons-numbers-examples\examples-jmh\target\generated-sources\annotations\org\apache\commons\numbers\examples\jmh\core\jmh_generated\GcdPerformance_gcdIntAdaptedForLong_jmhTest.java,GcdPerformance_gcdIntAdaptedForLong_jmhTest.java,GcdPerformance_gcdIntAdaptedForLong_jmhTest,_jmh_tryInit_f_gcdperformance0_G,4,1,GcdPerformance_jmhType,,false,false,true,true
C:\Users\simon\Documents\Code\thesis-code\commons-numbers-master\commons-numbers-examples\examples-jmh\target\generated-sources\annotations\org\apache\commons\numbers\examples\jmh\core\jmh_generated\GcdPerformance_gcdIntAdaptedForLong_jmhTest.java,GcdPerformance_gcdIntAdaptedForLong_jmhTest.java,GcdPerformance_gcdIntAdaptedForLong_jmhTest,_jmh_tryInit_f_longs1_G,4,1,GcdPerformance_Longs_jmhType,,false,false,true,true
C:\Users\simon\Documents\Code\thesis-code\commons-numbers-master\commons-numbers-examples\examples-jmh\target\generated-sources\annotations\org\apache\commons\numbers\examples\jmh\core\jmh_generated\GcdPerformance_gcdInt_jmhTest.java,GcdPerformance_gcdInt_jmhTest.java,GcdPerformance_gcdInt_jmhTest,gcdInt_Throughput,6,2,BenchmarkTaskResult,public,false,false,true,true
C:\Users\simon\Documents\Code\thesis-code\commons-numbers-master\commons-numbers-examples\examples-jmh\target\generated-sources\annotations\org\apache\commons\numbers\examples\jmh\core\jmh_generated\GcdPerformance_gcdInt_jmhTest.java,GcdPerformance_gcdInt_jmhTest.java,GcdPerformance_gcdInt_jmhTest,gcdInt_thrpt_jmhStub,7,10,void,public; static,false,false,true,true
C:\Users\simon\Documents\Code\thesis-code\commons-numbers-master\commons-numbers-examples\examples-jmh\target\generated-sources\annotations\org\apache\commons\numbers\examples\jmh\core\jmh_generated\GcdPerformance_gcdInt_jmhTest.java,GcdPerformance_gcdInt_jmhTest.java,GcdPerformance_gcdInt_jmhTest,gcdInt_AverageTime,6,2,BenchmarkTaskResult,public,false,false,true,true
C:\Users\simon\Documents\Code\thesis-code\commons-numbers-master\commons-numbers-examples\examples-jmh\target\generated-sources\annotations\org\apache\commons\numbers\examples\jmh\core\jmh_generated\GcdPerformance_gcdInt_jmhTest.java,GcdPerformance_gcdInt_jmhTest.java,GcdPerformance_gcdInt_jmhTest,gcdInt_avgt_jmhStub,7,10,void,public; static,false,false,true,true
C:\Users\simon\Documents\Code\thesis-code\commons-numbers-master\commons-numbers-examples\examples-jmh\target\generated-sources\annotations\org\apache\commons\numbers\examples\jmh\core\jmh_generated\GcdPerformance_gcdInt_jmhTest.java,GcdPerformance_gcdInt_jmhTest.java,GcdPerformance_gcdInt_jmhTest,gcdInt_SampleTime,6,2,BenchmarkTaskResult,public,false,false,true,true
C:\Users\simon\Documents\Code\thesis-code\commons-numbers-master\commons-numbers-examples\examples-jmh\target\generated-sources\annotations\org\apache\commons\numbers\examples\jmh\core\jmh_generated\GcdPerformance_gcdInt_jmhTest.java,GcdPerformance_gcdInt_jmhTest.java,GcdPerformance_gcdInt_jmhTest,gcdInt_sample_jmhStub,10,14,void,public; static,false,false,true,true
C:\Users\simon\Documents\Code\thesis-code\commons-numbers-master\commons-numbers-examples\examples-jmh\target\generated-sources\annotations\org\apache\commons\numbers\examples\jmh\core\jmh_generated\GcdPerformance_gcdInt_jmhTest.java,GcdPerformance_gcdInt_jmhTest.java,GcdPerformance_gcdInt_jmhTest,gcdInt_SingleShotTime,6,2,BenchmarkTaskResult,public,false,false,true,true
C:\Users\simon\Documents\Code\thesis-code\commons-numbers-master\commons-numbers-examples\examples-jmh\target\generated-sources\annotations\org\apache\commons\numbers\examples\jmh\core\jmh_generated\GcdPerformance_gcdInt_jmhTest.java,GcdPerformance_gcdInt_jmhTest.java,GcdPerformance_gcdInt_jmhTest,gcdInt_ss_jmhStub,5,11,void,public; static,false,false,true,true
C:\Users\simon\Documents\Code\thesis-code\commons-numbers-master\commons-numbers-examples\examples-jmh\target\generated-sources\annotations\org\apache\commons\numbers\examples\jmh\core\jmh_generated\GcdPerformance_gcdInt_jmhTest.java,GcdPerformance_gcdInt_jmhTest.java,GcdPerformance_gcdInt_jmhTest,_jmh_tryInit_f_gcdperformance0_G,4,1,GcdPerformance_jmhType,,false,false,true,true
C:\Users\simon\Documents\Code\thesis-code\commons-numbers-master\commons-numbers-examples\examples-jmh\target\generated-sources\annotations\org\apache\commons\numbers\examples\jmh\core\jmh_generated\GcdPerformance_gcdInt_jmhTest.java,GcdPerformance_gcdInt_jmhTest.java,GcdPerformance_gcdInt_jmhTest,_jmh_tryInit_f_ints1_G,4,1,GcdPerformance_Ints_jmhType,,false,false,true,true
C:\Users\simon\Documents\Code\thesis-code\commons-numbers-master\commons-numbers-examples\examples-jmh\target\generated-sources\annotations\org\apache\commons\numbers\examples\jmh\core\jmh_generated\GcdPerformance_gcdLongAdaptedForInt_jmhTest.java,GcdPerformance_gcdLongAdaptedForInt_jmhTest.java,GcdPerformance_gcdLongAdaptedForInt_jmhTest,gcdLongAdaptedForInt_Throughput,6,2,BenchmarkTaskResult,public,false,false,true,true
C:\Users\simon\Documents\Code\thesis-code\commons-numbers-master\commons-numbers-examples\examples-jmh\target\generated-sources\annotations\org\apache\commons\numbers\examples\jmh\core\jmh_generated\GcdPerformance_gcdLongAdaptedForInt_jmhTest.java,GcdPerformance_gcdLongAdaptedForInt_jmhTest.java,GcdPerformance_gcdLongAdaptedForInt_jmhTest,gcdLongAdaptedForInt_thrpt_jmhStub,7,10,void,public; static,false,false,true,true
C:\Users\simon\Documents\Code\thesis-code\commons-numbers-master\commons-numbers-examples\examples-jmh\target\generated-sources\annotations\org\apache\commons\numbers\examples\jmh\core\jmh_generated\GcdPerformance_gcdLongAdaptedForInt_jmhTest.java,GcdPerformance_gcdLongAdaptedForInt_jmhTest.java,GcdPerformance_gcdLongAdaptedForInt_jmhTest,gcdLongAdaptedForInt_AverageTime,6,2,BenchmarkTaskResult,public,false,false,true,true
C:\Users\simon\Documents\Code\thesis-code\commons-numbers-master\commons-numbers-examples\examples-jmh\target\generated-sources\annotations\org\apache\commons\numbers\examples\jmh\core\jmh_generated\GcdPerformance_gcdLongAdaptedForInt_jmhTest.java,GcdPerformance_gcdLongAdaptedForInt_jmhTest.java,GcdPerformance_gcdLongAdaptedForInt_jmhTest,gcdLongAdaptedForInt_avgt_jmhStub,7,10,void,public; static,false,false,true,true
C:\Users\simon\Documents\Code\thesis-code\commons-numbers-master\commons-numbers-examples\examples-jmh\target\generated-sources\annotations\org\apache\commons\numbers\examples\jmh\core\jmh_generated\GcdPerformance_gcdLongAdaptedForInt_jmhTest.java,GcdPerformance_gcdLongAdaptedForInt_jmhTest.java,GcdPerformance_gcdLongAdaptedForInt_jmhTest,gcdLongAdaptedForInt_SampleTime,6,2,BenchmarkTaskResult,public,false,false,true,true
C:\Users\simon\Documents\Code\thesis-code\commons-numbers-master\commons-numbers-examples\examples-jmh\target\generated-sources\annotations\org\apache\commons\numbers\examples\jmh\core\jmh_generated\GcdPerformance_gcdLongAdaptedForInt_jmhTest.java,GcdPerformance_gcdLongAdaptedForInt_jmhTest.java,GcdPerformance_gcdLongAdaptedForInt_jmhTest,gcdLongAdaptedForInt_sample_jmhStub,10,14,void,public; static,false,false,true,true
C:\Users\simon\Documents\Code\thesis-code\commons-numbers-master\commons-numbers-examples\examples-jmh\target\generated-sources\annotations\org\apache\commons\numbers\examples\jmh\core\jmh_generated\GcdPerformance_gcdLongAdaptedForInt_jmhTest.java,GcdPerformance_gcdLongAdaptedForInt_jmhTest.java,GcdPerformance_gcdLongAdaptedForInt_jmhTest,gcdLongAdaptedForInt_SingleShotTime,6,2,BenchmarkTaskResult,public,false,false,true,true
C:\Users\simon\Documents\Code\thesis-code\commons-numbers-master\commons-numbers-examples\examples-jmh\target\generated-sources\annotations\org\apache\commons\numbers\examples\jmh\core\jmh_generated\GcdPerformance_gcdLongAdaptedForInt_jmhTest.java,GcdPerformance_gcdLongAdaptedForInt_jmhTest.java,GcdPerformance_gcdLongAdaptedForInt_jmhTest,gcdLongAdaptedForInt_ss_jmhStub,5,11,void,public; static,false,false,true,true
C:\Users\simon\Documents\Code\thesis-code\commons-numbers-master\commons-numbers-examples\examples-jmh\target\generated-sources\annotations\org\apache\commons\numbers\examples\jmh\core\jmh_generated\GcdPerformance_gcdLongAdaptedForInt_jmhTest.java,GcdPerformance_gcdLongAdaptedForInt_jmhTest.java,GcdPerformance_gcdLongAdaptedForInt_jmhTest,_jmh_tryInit_f_gcdperformance0_G,4,1,GcdPerformance_jmhType,,false,false,true,true
C:\Users\simon\Documents\Code\thesis-code\commons-numbers-master\commons-numbers-examples\examples-jmh\target\generated-sources\annotations\org\apache\commons\numbers\examples\jmh\core\jmh_generated\GcdPerformance_gcdLongAdaptedForInt_jmhTest.java,GcdPerformance_gcdLongAdaptedForInt_jmhTest.java,GcdPerformance_gcdLongAdaptedForInt_jmhTest,_jmh_tryInit_f_ints1_G,4,1,GcdPerformance_Ints_jmhType,,false,false,true,true
C:\Users\simon\Documents\Code\thesis-code\commons-numbers-master\commons-numbers-examples\examples-jmh\target\generated-sources\annotations\org\apache\commons\numbers\examples\jmh\core\jmh_generated\GcdPerformance_gcdLongWithInts_jmhTest.java,GcdPerformance_gcdLongWithInts_jmhTest.java,GcdPerformance_gcdLongWithInts_jmhTest,gcdLongWithInts_Throughput,6,2,BenchmarkTaskResult,public,false,false,true,true
C:\Users\simon\Documents\Code\thesis-code\commons-numbers-master\commons-numbers-examples\examples-jmh\target\generated-sources\annotations\org\apache\commons\numbers\examples\jmh\core\jmh_generated\GcdPerformance_gcdLongWithInts_jmhTest.java,GcdPerformance_gcdLongWithInts_jmhTest.java,GcdPerformance_gcdLongWithInts_jmhTest,gcdLongWithInts_thrpt_jmhStub,7,10,void,public; static,false,false,true,true
C:\Users\simon\Documents\Code\thesis-code\commons-numbers-master\commons-numbers-examples\examples-jmh\target\generated-sources\annotations\org\apache\commons\numbers\examples\jmh\core\jmh_generated\GcdPerformance_gcdLongWithInts_jmhTest.java,GcdPerformance_gcdLongWithInts_jmhTest.java,GcdPerformance_gcdLongWithInts_jmhTest,gcdLongWithInts_AverageTime,6,2,BenchmarkTaskResult,public,false,false,true,true
C:\Users\simon\Documents\Code\thesis-code\commons-numbers-master\commons-numbers-examples\examples-jmh\target\generated-sources\annotations\org\apache\commons\numbers\examples\jmh\core\jmh_generated\GcdPerformance_gcdLongWithInts_jmhTest.java,GcdPerformance_gcdLongWithInts_jmhTest.java,GcdPerformance_gcdLongWithInts_jmhTest,gcdLongWithInts_avgt_jmhStub,7,10,void,public; static,false,false,true,true
C:\Users\simon\Documents\Code\thesis-code\commons-numbers-master\commons-numbers-examples\examples-jmh\target\generated-sources\annotations\org\apache\commons\numbers\examples\jmh\core\jmh_generated\GcdPerformance_gcdLongWithInts_jmhTest.java,GcdPerformance_gcdLongWithInts_jmhTest.java,GcdPerformance_gcdLongWithInts_jmhTest,gcdLongWithInts_SampleTime,6,2,BenchmarkTaskResult,public,false,false,true,true
C:\Users\simon\Documents\Code\thesis-code\commons-numbers-master\commons-numbers-examples\examples-jmh\target\generated-sources\annotations\org\apache\commons\numbers\examples\jmh\core\jmh_generated\GcdPerformance_gcdLongWithInts_jmhTest.java,GcdPerformance_gcdLongWithInts_jmhTest.java,GcdPerformance_gcdLongWithInts_jmhTest,gcdLongWithInts_sample_jmhStub,10,14,void,public; static,false,false,true,true
C:\Users\simon\Documents\Code\thesis-code\commons-numbers-master\commons-numbers-examples\examples-jmh\target\generated-sources\annotations\org\apache\commons\numbers\examples\jmh\core\jmh_generated\GcdPerformance_gcdLongWithInts_jmhTest.java,GcdPerformance_gcdLongWithInts_jmhTest.java,GcdPerformance_gcdLongWithInts_jmhTest,gcdLongWithInts_SingleShotTime,6,2,BenchmarkTaskResult,public,false,false,true,true
C:\Users\simon\Documents\Code\thesis-code\commons-numbers-master\commons-numbers-examples\examples-jmh\target\generated-sources\annotations\org\apache\commons\numbers\examples\jmh\core\jmh_generated\GcdPerformance_gcdLongWithInts_jmhTest.java,GcdPerformance_gcdLongWithInts_jmhTest.java,GcdPerformance_gcdLongWithInts_jmhTest,gcdLongWithInts_ss_jmhStub,5,11,void,public; static,false,false,true,true
C:\Users\simon\Documents\Code\thesis-code\commons-numbers-master\commons-numbers-examples\examples-jmh\target\generated-sources\annotations\org\apache\commons\numbers\examples\jmh\core\jmh_generated\GcdPerformance_gcdLongWithInts_jmhTest.java,GcdPerformance_gcdLongWithInts_jmhTest.java,GcdPerformance_gcdLongWithInts_jmhTest,_jmh_tryInit_f_gcdperformance0_G,4,1,GcdPerformance_jmhType,,false,false,true,true
C:\Users\simon\Documents\Code\thesis-code\commons-numbers-master\commons-numbers-examples\examples-jmh\target\generated-sources\annotations\org\apache\commons\numbers\examples\jmh\core\jmh_generated\GcdPerformance_gcdLongWithInts_jmhTest.java,GcdPerformance_gcdLongWithInts_jmhTest.java,GcdPerformance_gcdLongWithInts_jmhTest,_jmh_tryInit_f_ints1_G,4,1,GcdPerformance_Ints_jmhType,,false,false,true,true
C:\Users\simon\Documents\Code\thesis-code\commons-numbers-master\commons-numbers-examples\examples-jmh\target\generated-sources\annotations\org\apache\commons\numbers\examples\jmh\core\jmh_generated\GcdPerformance_gcdLong_jmhTest.java,GcdPerformance_gcdLong_jmhTest.java,GcdPerformance_gcdLong_jmhTest,gcdLong_Throughput,6,2,BenchmarkTaskResult,public,false,false,true,true
C:\Users\simon\Documents\Code\thesis-code\commons-numbers-master\commons-numbers-examples\examples-jmh\target\generated-sources\annotations\org\apache\commons\numbers\examples\jmh\core\jmh_generated\GcdPerformance_gcdLong_jmhTest.java,GcdPerformance_gcdLong_jmhTest.java,GcdPerformance_gcdLong_jmhTest,gcdLong_thrpt_jmhStub,7,10,void,public; static,false,false,true,true
C:\Users\simon\Documents\Code\thesis-code\commons-numbers-master\commons-numbers-examples\examples-jmh\target\generated-sources\annotations\org\apache\commons\numbers\examples\jmh\core\jmh_generated\GcdPerformance_gcdLong_jmhTest.java,GcdPerformance_gcdLong_jmhTest.java,GcdPerformance_gcdLong_jmhTest,gcdLong_AverageTime,6,2,BenchmarkTaskResult,public,false,false,true,true
C:\Users\simon\Documents\Code\thesis-code\commons-numbers-master\commons-numbers-examples\examples-jmh\target\generated-sources\annotations\org\apache\commons\numbers\examples\jmh\core\jmh_generated\GcdPerformance_gcdLong_jmhTest.java,GcdPerformance_gcdLong_jmhTest.java,GcdPerformance_gcdLong_jmhTest,gcdLong_avgt_jmhStub,7,10,void,public; static,false,false,true,true
C:\Users\simon\Documents\Code\thesis-code\commons-numbers-master\commons-numbers-examples\examples-jmh\target\generated-sources\annotations\org\apache\commons\numbers\examples\jmh\core\jmh_generated\GcdPerformance_gcdLong_jmhTest.java,GcdPerformance_gcdLong_jmhTest.java,GcdPerformance_gcdLong_jmhTest,gcdLong_SampleTime,6,2,BenchmarkTaskResult,public,false,false,true,true
C:\Users\simon\Documents\Code\thesis-code\commons-numbers-master\commons-numbers-examples\examples-jmh\target\generated-sources\annotations\org\apache\commons\numbers\examples\jmh\core\jmh_generated\GcdPerformance_gcdLong_jmhTest.java,GcdPerformance_gcdLong_jmhTest.java,GcdPerformance_gcdLong_jmhTest,gcdLong_sample_jmhStub,10,14,void,public; static,false,false,true,true
C:\Users\simon\Documents\Code\thesis-code\commons-numbers-master\commons-numbers-examples\examples-jmh\target\generated-sources\annotations\org\apache\commons\numbers\examples\jmh\core\jmh_generated\GcdPerformance_gcdLong_jmhTest.java,GcdPerformance_gcdLong_jmhTest.java,GcdPerformance_gcdLong_jmhTest,gcdLong_SingleShotTime,6,2,BenchmarkTaskResult,public,false,false,true,true
C:\Users\simon\Documents\Code\thesis-code\commons-numbers-master\commons-numbers-examples\examples-jmh\target\generated-sources\annotations\org\apache\commons\numbers\examples\jmh\core\jmh_generated\GcdPerformance_gcdLong_jmhTest.java,GcdPerformance_gcdLong_jmhTest.java,GcdPerformance_gcdLong_jmhTest,gcdLong_ss_jmhStub,5,11,void,public; static,false,false,true,true
C:\Users\simon\Documents\Code\thesis-code\commons-numbers-master\commons-numbers-examples\examples-jmh\target\generated-sources\annotations\org\apache\commons\numbers\examples\jmh\core\jmh_generated\GcdPerformance_gcdLong_jmhTest.java,GcdPerformance_gcdLong_jmhTest.java,GcdPerformance_gcdLong_jmhTest,_jmh_tryInit_f_gcdperformance0_G,4,1,GcdPerformance_jmhType,,false,false,true,true
C:\Users\simon\Documents\Code\thesis-code\commons-numbers-master\commons-numbers-examples\examples-jmh\target\generated-sources\annotations\org\apache\commons\numbers\examples\jmh\core\jmh_generated\GcdPerformance_gcdLong_jmhTest.java,GcdPerformance_gcdLong_jmhTest.java,GcdPerformance_gcdLong_jmhTest,_jmh_tryInit_f_longs1_G,4,1,GcdPerformance_Longs_jmhType,,false,false,true,true
C:\Users\simon\Documents\Code\thesis-code\commons-numbers-master\commons-numbers-examples\examples-jmh\target\generated-sources\annotations\org\apache\commons\numbers\examples\jmh\core\jmh_generated\GcdPerformance_oldGcdLong_jmhTest.java,GcdPerformance_oldGcdLong_jmhTest.java,GcdPerformance_oldGcdLong_jmhTest,oldGcdLong_Throughput,6,2,BenchmarkTaskResult,public,false,false,true,true
C:\Users\simon\Documents\Code\thesis-code\commons-numbers-master\commons-numbers-examples\examples-jmh\target\generated-sources\annotations\org\apache\commons\numbers\examples\jmh\core\jmh_generated\GcdPerformance_oldGcdLong_jmhTest.java,GcdPerformance_oldGcdLong_jmhTest.java,GcdPerformance_oldGcdLong_jmhTest,oldGcdLong_thrpt_jmhStub,7,10,void,public; static,false,false,true,true
C:\Users\simon\Documents\Code\thesis-code\commons-numbers-master\commons-numbers-examples\examples-jmh\target\generated-sources\annotations\org\apache\commons\numbers\examples\jmh\core\jmh_generated\GcdPerformance_oldGcdLong_jmhTest.java,GcdPerformance_oldGcdLong_jmhTest.java,GcdPerformance_oldGcdLong_jmhTest,oldGcdLong_AverageTime,6,2,BenchmarkTaskResult,public,false,false,true,true
C:\Users\simon\Documents\Code\thesis-code\commons-numbers-master\commons-numbers-examples\examples-jmh\target\generated-sources\annotations\org\apache\commons\numbers\examples\jmh\core\jmh_generated\GcdPerformance_oldGcdLong_jmhTest.java,GcdPerformance_oldGcdLong_jmhTest.java,GcdPerformance_oldGcdLong_jmhTest,oldGcdLong_avgt_jmhStub,7,10,void,public; static,false,false,true,true
C:\Users\simon\Documents\Code\thesis-code\commons-numbers-master\commons-numbers-examples\examples-jmh\target\generated-sources\annotations\org\apache\commons\numbers\examples\jmh\core\jmh_generated\GcdPerformance_oldGcdLong_jmhTest.java,GcdPerformance_oldGcdLong_jmhTest.java,GcdPerformance_oldGcdLong_jmhTest,oldGcdLong_SampleTime,6,2,BenchmarkTaskResult,public,false,false,true,true
C:\Users\simon\Documents\Code\thesis-code\commons-numbers-master\commons-numbers-examples\examples-jmh\target\generated-sources\annotations\org\apache\commons\numbers\examples\jmh\core\jmh_generated\GcdPerformance_oldGcdLong_jmhTest.java,GcdPerformance_oldGcdLong_jmhTest.java,GcdPerformance_oldGcdLong_jmhTest,oldGcdLong_sample_jmhStub,10,14,void,public; static,false,false,true,true
C:\Users\simon\Documents\Code\thesis-code\commons-numbers-master\commons-numbers-examples\examples-jmh\target\generated-sources\annotations\org\apache\commons\numbers\examples\jmh\core\jmh_generated\GcdPerformance_oldGcdLong_jmhTest.java,GcdPerformance_oldGcdLong_jmhTest.java,GcdPerformance_oldGcdLong_jmhTest,oldGcdLong_SingleShotTime,6,2,BenchmarkTaskResult,public,false,false,true,true
C:\Users\simon\Documents\Code\thesis-code\commons-numbers-master\commons-numbers-examples\examples-jmh\target\generated-sources\annotations\org\apache\commons\numbers\examples\jmh\core\jmh_generated\GcdPerformance_oldGcdLong_jmhTest.java,GcdPerformance_oldGcdLong_jmhTest.java,GcdPerformance_oldGcdLong_jmhTest,oldGcdLong_ss_jmhStub,5,11,void,public; static,false,false,true,true
C:\Users\simon\Documents\Code\thesis-code\commons-numbers-master\commons-numbers-examples\examples-jmh\target\generated-sources\annotations\org\apache\commons\numbers\examples\jmh\core\jmh_generated\GcdPerformance_oldGcdLong_jmhTest.java,GcdPerformance_oldGcdLong_jmhTest.java,GcdPerformance_oldGcdLong_jmhTest,_jmh_tryInit_f_gcdperformance0_G,4,1,GcdPerformance_jmhType,,false,false,true,true
C:\Users\simon\Documents\Code\thesis-code\commons-numbers-master\commons-numbers-examples\examples-jmh\target\generated-sources\annotations\org\apache\commons\numbers\examples\jmh\core\jmh_generated\GcdPerformance_oldGcdLong_jmhTest.java,GcdPerformance_oldGcdLong_jmhTest.java,GcdPerformance_oldGcdLong_jmhTest,_jmh_tryInit_f_longs1_G,4,1,GcdPerformance_Longs_jmhType,,false,false,true,true
C:\Users\simon\Documents\Code\thesis-code\commons-numbers-master\commons-numbers-examples\examples-jmh\target\generated-sources\annotations\org\apache\commons\numbers\examples\jmh\core\jmh_generated\LinearCombinationPerformance_fourD_jmhTest.java,LinearCombinationPerformance_fourD_jmhTest.java,LinearCombinationPerformance_fourD_jmhTest,fourD_Throughput,6,2,BenchmarkTaskResult,public,false,false,true,true
C:\Users\simon\Documents\Code\thesis-code\commons-numbers-master\commons-numbers-examples\examples-jmh\target\generated-sources\annotations\org\apache\commons\numbers\examples\jmh\core\jmh_generated\LinearCombinationPerformance_fourD_jmhTest.java,LinearCombinationPerformance_fourD_jmhTest.java,LinearCombinationPerformance_fourD_jmhTest,fourD_thrpt_jmhStub,7,11,void,public; static,false,false,true,true
C:\Users\simon\Documents\Code\thesis-code\commons-numbers-master\commons-numbers-examples\examples-jmh\target\generated-sources\annotations\org\apache\commons\numbers\examples\jmh\core\jmh_generated\LinearCombinationPerformance_fourD_jmhTest.java,LinearCombinationPerformance_fourD_jmhTest.java,LinearCombinationPerformance_fourD_jmhTest,fourD_AverageTime,6,2,BenchmarkTaskResult,public,false,false,true,true
C:\Users\simon\Documents\Code\thesis-code\commons-numbers-master\commons-numbers-examples\examples-jmh\target\generated-sources\annotations\org\apache\commons\numbers\examples\jmh\core\jmh_generated\LinearCombinationPerformance_fourD_jmhTest.java,LinearCombinationPerformance_fourD_jmhTest.java,LinearCombinationPerformance_fourD_jmhTest,fourD_avgt_jmhStub,7,11,void,public; static,false,false,true,true
C:\Users\simon\Documents\Code\thesis-code\commons-numbers-master\commons-numbers-examples\examples-jmh\target\generated-sources\annotations\org\apache\commons\numbers\examples\jmh\core\jmh_generated\LinearCombinationPerformance_fourD_jmhTest.java,LinearCombinationPerformance_fourD_jmhTest.java,LinearCombinationPerformance_fourD_jmhTest,fourD_SampleTime,6,2,BenchmarkTaskResult,public,false,false,true,true
C:\Users\simon\Documents\Code\thesis-code\commons-numbers-master\commons-numbers-examples\examples-jmh\target\generated-sources\annotations\org\apache\commons\numbers\examples\jmh\core\jmh_generated\LinearCombinationPerformance_fourD_jmhTest.java,LinearCombinationPerformance_fourD_jmhTest.java,LinearCombinationPerformance_fourD_jmhTest,fourD_sample_jmhStub,10,15,void,public; static,false,false,true,true
C:\Users\simon\Documents\Code\thesis-code\commons-numbers-master\commons-numbers-examples\examples-jmh\target\generated-sources\annotations\org\apache\commons\numbers\examples\jmh\core\jmh_generated\LinearCombinationPerformance_fourD_jmhTest.java,LinearCombinationPerformance_fourD_jmhTest.java,LinearCombinationPerformance_fourD_jmhTest,fourD_SingleShotTime,6,2,BenchmarkTaskResult,public,false,false,true,true
C:\Users\simon\Documents\Code\thesis-code\commons-numbers-master\commons-numbers-examples\examples-jmh\target\generated-sources\annotations\org\apache\commons\numbers\examples\jmh\core\jmh_generated\LinearCombinationPerformance_fourD_jmhTest.java,LinearCombinationPerformance_fourD_jmhTest.java,LinearCombinationPerformance_fourD_jmhTest,fourD_ss_jmhStub,5,12,void,public; static,false,false,true,true
C:\Users\simon\Documents\Code\thesis-code\commons-numbers-master\commons-numbers-examples\examples-jmh\target\generated-sources\annotations\org\apache\commons\numbers\examples\jmh\core\jmh_generated\LinearCombinationPerformance_fourD_jmhTest.java,LinearCombinationPerformance_fourD_jmhTest.java,LinearCombinationPerformance_fourD_jmhTest,_jmh_tryInit_f_calculator2_G,4,1,LinearCombinationPerformance_Calculator_jmhType,,false,false,true,true
C:\Users\simon\Documents\Code\thesis-code\commons-numbers-master\commons-numbers-examples\examples-jmh\target\generated-sources\annotations\org\apache\commons\numbers\examples\jmh\core\jmh_generated\LinearCombinationPerformance_fourD_jmhTest.java,LinearCombinationPerformance_fourD_jmhTest.java,LinearCombinationPerformance_fourD_jmhTest,_jmh_tryInit_f_factors1_G,4,1,LinearCombinationPerformance_Factors_jmhType,,false,false,true,true
C:\Users\simon\Documents\Code\thesis-code\commons-numbers-master\commons-numbers-examples\examples-jmh\target\generated-sources\annotations\org\apache\commons\numbers\examples\jmh\core\jmh_generated\LinearCombinationPerformance_fourD_jmhTest.java,LinearCombinationPerformance_fourD_jmhTest.java,LinearCombinationPerformance_fourD_jmhTest,_jmh_tryInit_f_linearcombinationperformance0_G,4,1,LinearCombinationPerformance_jmhType,,false,false,true,true
C:\Users\simon\Documents\Code\thesis-code\commons-numbers-master\commons-numbers-examples\examples-jmh\target\generated-sources\annotations\org\apache\commons\numbers\examples\jmh\core\jmh_generated\LinearCombinationPerformance_nD_jmhTest.java,LinearCombinationPerformance_nD_jmhTest.java,LinearCombinationPerformance_nD_jmhTest,nD_Throughput,6,2,BenchmarkTaskResult,public,false,false,true,true
C:\Users\simon\Documents\Code\thesis-code\commons-numbers-master\commons-numbers-examples\examples-jmh\target\generated-sources\annotations\org\apache\commons\numbers\examples\jmh\core\jmh_generated\LinearCombinationPerformance_nD_jmhTest.java,LinearCombinationPerformance_nD_jmhTest.java,LinearCombinationPerformance_nD_jmhTest,nD_thrpt_jmhStub,7,11,void,public; static,false,false,true,true
C:\Users\simon\Documents\Code\thesis-code\commons-numbers-master\commons-numbers-examples\examples-jmh\target\generated-sources\annotations\org\apache\commons\numbers\examples\jmh\core\jmh_generated\LinearCombinationPerformance_nD_jmhTest.java,LinearCombinationPerformance_nD_jmhTest.java,LinearCombinationPerformance_nD_jmhTest,nD_AverageTime,6,2,BenchmarkTaskResult,public,false,false,true,true
C:\Users\simon\Documents\Code\thesis-code\commons-numbers-master\commons-numbers-examples\examples-jmh\target\generated-sources\annotations\org\apache\commons\numbers\examples\jmh\core\jmh_generated\LinearCombinationPerformance_nD_jmhTest.java,LinearCombinationPerformance_nD_jmhTest.java,LinearCombinationPerformance_nD_jmhTest,nD_avgt_jmhStub,7,11,void,public; static,false,false,true,true
C:\Users\simon\Documents\Code\thesis-code\commons-numbers-master\commons-numbers-examples\examples-jmh\target\generated-sources\annotations\org\apache\commons\numbers\examples\jmh\core\jmh_generated\LinearCombinationPerformance_nD_jmhTest.java,LinearCombinationPerformance_nD_jmhTest.java,LinearCombinationPerformance_nD_jmhTest,nD_SampleTime,6,2,BenchmarkTaskResult,public,false,false,true,true
C:\Users\simon\Documents\Code\thesis-code\commons-numbers-master\commons-numbers-examples\examples-jmh\target\generated-sources\annotations\org\apache\commons\numbers\examples\jmh\core\jmh_generated\LinearCombinationPerformance_nD_jmhTest.java,LinearCombinationPerformance_nD_jmhTest.java,LinearCombinationPerformance_nD_jmhTest,nD_sample_jmhStub,10,15,void,public; static,false,false,true,true
C:\Users\simon\Documents\Code\thesis-code\commons-numbers-master\commons-numbers-examples\examples-jmh\target\generated-sources\annotations\org\apache\commons\numbers\examples\jmh\core\jmh_generated\LinearCombinationPerformance_nD_jmhTest.java,LinearCombinationPerformance_nD_jmhTest.java,LinearCombinationPerformance_nD_jmhTest,nD_SingleShotTime,6,2,BenchmarkTaskResult,public,false,false,true,true
C:\Users\simon\Documents\Code\thesis-code\commons-numbers-master\commons-numbers-examples\examples-jmh\target\generated-sources\annotations\org\apache\commons\numbers\examples\jmh\core\jmh_generated\LinearCombinationPerformance_nD_jmhTest.java,LinearCombinationPerformance_nD_jmhTest.java,LinearCombinationPerformance_nD_jmhTest,nD_ss_jmhStub,5,12,void,public; static,false,false,true,true
C:\Users\simon\Documents\Code\thesis-code\commons-numbers-master\commons-numbers-examples\examples-jmh\target\generated-sources\annotations\org\apache\commons\numbers\examples\jmh\core\jmh_generated\LinearCombinationPerformance_nD_jmhTest.java,LinearCombinationPerformance_nD_jmhTest.java,LinearCombinationPerformance_nD_jmhTest,_jmh_tryInit_f_calculator2_G,4,1,LinearCombinationPerformance_Calculator_jmhType,,false,false,true,true
C:\Users\simon\Documents\Code\thesis-code\commons-numbers-master\commons-numbers-examples\examples-jmh\target\generated-sources\annotations\org\apache\commons\numbers\examples\jmh\core\jmh_generated\LinearCombinationPerformance_nD_jmhTest.java,LinearCombinationPerformance_nD_jmhTest.java,LinearCombinationPerformance_nD_jmhTest,_jmh_tryInit_f_lengthfactors1_G,4,1,LinearCombinationPerformance_LengthFactors_jmhType,,false,false,true,true
C:\Users\simon\Documents\Code\thesis-code\commons-numbers-master\commons-numbers-examples\examples-jmh\target\generated-sources\annotations\org\apache\commons\numbers\examples\jmh\core\jmh_generated\LinearCombinationPerformance_nD_jmhTest.java,LinearCombinationPerformance_nD_jmhTest.java,LinearCombinationPerformance_nD_jmhTest,_jmh_tryInit_f_linearcombinationperformance0_G,4,1,LinearCombinationPerformance_jmhType,,false,false,true,true
C:\Users\simon\Documents\Code\thesis-code\commons-numbers-master\commons-numbers-examples\examples-jmh\target\generated-sources\annotations\org\apache\commons\numbers\examples\jmh\core\jmh_generated\LinearCombinationPerformance_threeD_jmhTest.java,LinearCombinationPerformance_threeD_jmhTest.java,LinearCombinationPerformance_threeD_jmhTest,threeD_Throughput,6,2,BenchmarkTaskResult,public,false,false,true,true
C:\Users\simon\Documents\Code\thesis-code\commons-numbers-master\commons-numbers-examples\examples-jmh\target\generated-sources\annotations\org\apache\commons\numbers\examples\jmh\core\jmh_generated\LinearCombinationPerformance_threeD_jmhTest.java,LinearCombinationPerformance_threeD_jmhTest.java,LinearCombinationPerformance_threeD_jmhTest,threeD_thrpt_jmhStub,7,11,void,public; static,false,false,true,true
C:\Users\simon\Documents\Code\thesis-code\commons-numbers-master\commons-numbers-examples\examples-jmh\target\generated-sources\annotations\org\apache\commons\numbers\examples\jmh\core\jmh_generated\LinearCombinationPerformance_threeD_jmhTest.java,LinearCombinationPerformance_threeD_jmhTest.java,LinearCombinationPerformance_threeD_jmhTest,threeD_AverageTime,6,2,BenchmarkTaskResult,public,false,false,true,true
C:\Users\simon\Documents\Code\thesis-code\commons-numbers-master\commons-numbers-examples\examples-jmh\target\generated-sources\annotations\org\apache\commons\numbers\examples\jmh\core\jmh_generated\LinearCombinationPerformance_threeD_jmhTest.java,LinearCombinationPerformance_threeD_jmhTest.java,LinearCombinationPerformance_threeD_jmhTest,threeD_avgt_jmhStub,7,11,void,public; static,false,false,true,true
C:\Users\simon\Documents\Code\thesis-code\commons-numbers-master\commons-numbers-examples\examples-jmh\target\generated-sources\annotations\org\apache\commons\numbers\examples\jmh\core\jmh_generated\LinearCombinationPerformance_threeD_jmhTest.java,LinearCombinationPerformance_threeD_jmhTest.java,LinearCombinationPerformance_threeD_jmhTest,threeD_SampleTime,6,2,BenchmarkTaskResult,public,false,false,true,true
C:\Users\simon\Documents\Code\thesis-code\commons-numbers-master\commons-numbers-examples\examples-jmh\target\generated-sources\annotations\org\apache\commons\numbers\examples\jmh\core\jmh_generated\LinearCombinationPerformance_threeD_jmhTest.java,LinearCombinationPerformance_threeD_jmhTest.java,LinearCombinationPerformance_threeD_jmhTest,threeD_sample_jmhStub,10,15,void,public; static,false,false,true,true
C:\Users\simon\Documents\Code\thesis-code\commons-numbers-master\commons-numbers-examples\examples-jmh\target\generated-sources\annotations\org\apache\commons\numbers\examples\jmh\core\jmh_generated\LinearCombinationPerformance_threeD_jmhTest.java,LinearCombinationPerformance_threeD_jmhTest.java,LinearCombinationPerformance_threeD_jmhTest,threeD_SingleShotTime,6,2,BenchmarkTaskResult,public,false,false,true,true
C:\Users\simon\Documents\Code\thesis-code\commons-numbers-master\commons-numbers-examples\examples-jmh\target\generated-sources\annotations\org\apache\commons\numbers\examples\jmh\core\jmh_generated\LinearCombinationPerformance_threeD_jmhTest.java,LinearCombinationPerformance_threeD_jmhTest.java,LinearCombinationPerformance_threeD_jmhTest,threeD_ss_jmhStub,5,12,void,public; static,false,false,true,true
C:\Users\simon\Documents\Code\thesis-code\commons-numbers-master\commons-numbers-examples\examples-jmh\target\generated-sources\annotations\org\apache\commons\numbers\examples\jmh\core\jmh_generated\LinearCombinationPerformance_threeD_jmhTest.java,LinearCombinationPerformance_threeD_jmhTest.java,LinearCombinationPerformance_threeD_jmhTest,_jmh_tryInit_f_calculator2_G,4,1,LinearCombinationPerformance_Calculator_jmhType,,false,false,true,true
C:\Users\simon\Documents\Code\thesis-code\commons-numbers-master\commons-numbers-examples\examples-jmh\target\generated-sources\annotations\org\apache\commons\numbers\examples\jmh\core\jmh_generated\LinearCombinationPerformance_threeD_jmhTest.java,LinearCombinationPerformance_threeD_jmhTest.java,LinearCombinationPerformance_threeD_jmhTest,_jmh_tryInit_f_factors1_G,4,1,LinearCombinationPerformance_Factors_jmhType,,false,false,true,true
C:\Users\simon\Documents\Code\thesis-code\commons-numbers-master\commons-numbers-examples\examples-jmh\target\generated-sources\annotations\org\apache\commons\numbers\examples\jmh\core\jmh_generated\LinearCombinationPerformance_threeD_jmhTest.java,LinearCombinationPerformance_threeD_jmhTest.java,LinearCombinationPerformance_threeD_jmhTest,_jmh_tryInit_f_linearcombinationperformance0_G,4,1,LinearCombinationPerformance_jmhType,,false,false,true,true
C:\Users\simon\Documents\Code\thesis-code\commons-numbers-master\commons-numbers-examples\examples-jmh\target\generated-sources\annotations\org\apache\commons\numbers\examples\jmh\core\jmh_generated\LinearCombinationPerformance_twoD_jmhTest.java,LinearCombinationPerformance_twoD_jmhTest.java,LinearCombinationPerformance_twoD_jmhTest,twoD_Throughput,6,2,BenchmarkTaskResult,public,false,false,true,true
C:\Users\simon\Documents\Code\thesis-code\commons-numbers-master\commons-numbers-examples\examples-jmh\target\generated-sources\annotations\org\apache\commons\numbers\examples\jmh\core\jmh_generated\LinearCombinationPerformance_twoD_jmhTest.java,LinearCombinationPerformance_twoD_jmhTest.java,LinearCombinationPerformance_twoD_jmhTest,twoD_thrpt_jmhStub,7,11,void,public; static,false,false,true,true
C:\Users\simon\Documents\Code\thesis-code\commons-numbers-master\commons-numbers-examples\examples-jmh\target\generated-sources\annotations\org\apache\commons\numbers\examples\jmh\core\jmh_generated\LinearCombinationPerformance_twoD_jmhTest.java,LinearCombinationPerformance_twoD_jmhTest.java,LinearCombinationPerformance_twoD_jmhTest,twoD_AverageTime,6,2,BenchmarkTaskResult,public,false,false,true,true
C:\Users\simon\Documents\Code\thesis-code\commons-numbers-master\commons-numbers-examples\examples-jmh\target\generated-sources\annotations\org\apache\commons\numbers\examples\jmh\core\jmh_generated\LinearCombinationPerformance_twoD_jmhTest.java,LinearCombinationPerformance_twoD_jmhTest.java,LinearCombinationPerformance_twoD_jmhTest,twoD_avgt_jmhStub,7,11,void,public; static,false,false,true,true
C:\Users\simon\Documents\Code\thesis-code\commons-numbers-master\commons-numbers-examples\examples-jmh\target\generated-sources\annotations\org\apache\commons\numbers\examples\jmh\core\jmh_generated\LinearCombinationPerformance_twoD_jmhTest.java,LinearCombinationPerformance_twoD_jmhTest.java,LinearCombinationPerformance_twoD_jmhTest,twoD_SampleTime,6,2,BenchmarkTaskResult,public,false,false,true,true
C:\Users\simon\Documents\Code\thesis-code\commons-numbers-master\commons-numbers-examples\examples-jmh\target\generated-sources\annotations\org\apache\commons\numbers\examples\jmh\core\jmh_generated\LinearCombinationPerformance_twoD_jmhTest.java,LinearCombinationPerformance_twoD_jmhTest.java,LinearCombinationPerformance_twoD_jmhTest,twoD_sample_jmhStub,10,15,void,public; static,false,false,true,true
C:\Users\simon\Documents\Code\thesis-code\commons-numbers-master\commons-numbers-examples\examples-jmh\target\generated-sources\annotations\org\apache\commons\numbers\examples\jmh\core\jmh_generated\LinearCombinationPerformance_twoD_jmhTest.java,LinearCombinationPerformance_twoD_jmhTest.java,LinearCombinationPerformance_twoD_jmhTest,twoD_SingleShotTime,6,2,BenchmarkTaskResult,public,false,false,true,true
C:\Users\simon\Documents\Code\thesis-code\commons-numbers-master\commons-numbers-examples\examples-jmh\target\generated-sources\annotations\org\apache\commons\numbers\examples\jmh\core\jmh_generated\LinearCombinationPerformance_twoD_jmhTest.java,LinearCombinationPerformance_twoD_jmhTest.java,LinearCombinationPerformance_twoD_jmhTest,twoD_ss_jmhStub,5,12,void,public; static,false,false,true,true
C:\Users\simon\Documents\Code\thesis-code\commons-numbers-master\commons-numbers-examples\examples-jmh\target\generated-sources\annotations\org\apache\commons\numbers\examples\jmh\core\jmh_generated\LinearCombinationPerformance_twoD_jmhTest.java,LinearCombinationPerformance_twoD_jmhTest.java,LinearCombinationPerformance_twoD_jmhTest,_jmh_tryInit_f_calculator2_G,4,1,LinearCombinationPerformance_Calculator_jmhType,,false,false,true,true
C:\Users\simon\Documents\Code\thesis-code\commons-numbers-master\commons-numbers-examples\examples-jmh\target\generated-sources\annotations\org\apache\commons\numbers\examples\jmh\core\jmh_generated\LinearCombinationPerformance_twoD_jmhTest.java,LinearCombinationPerformance_twoD_jmhTest.java,LinearCombinationPerformance_twoD_jmhTest,_jmh_tryInit_f_factors1_G,4,1,LinearCombinationPerformance_Factors_jmhType,,false,false,true,true
C:\Users\simon\Documents\Code\thesis-code\commons-numbers-master\commons-numbers-examples\examples-jmh\target\generated-sources\annotations\org\apache\commons\numbers\examples\jmh\core\jmh_generated\LinearCombinationPerformance_twoD_jmhTest.java,LinearCombinationPerformance_twoD_jmhTest.java,LinearCombinationPerformance_twoD_jmhTest,_jmh_tryInit_f_linearcombinationperformance0_G,4,1,LinearCombinationPerformance_jmhType,,false,false,true,true
C:\Users\simon\Documents\Code\thesis-code\commons-numbers-master\commons-numbers-examples\examples-jmh\target\generated-sources\annotations\org\apache\commons\numbers\examples\jmh\core\jmh_generated\NormPerformance_baseline_jmhTest.java,NormPerformance_baseline_jmhTest.java,NormPerformance_baseline_jmhTest,baseline_Throughput,6,2,BenchmarkTaskResult,public,false,false,true,true
C:\Users\simon\Documents\Code\thesis-code\commons-numbers-master\commons-numbers-examples\examples-jmh\target\generated-sources\annotations\org\apache\commons\numbers\examples\jmh\core\jmh_generated\NormPerformance_baseline_jmhTest.java,NormPerformance_baseline_jmhTest.java,NormPerformance_baseline_jmhTest,baseline_thrpt_jmhStub,7,10,void,public; static,false,false,true,true
C:\Users\simon\Documents\Code\thesis-code\commons-numbers-master\commons-numbers-examples\examples-jmh\target\generated-sources\annotations\org\apache\commons\numbers\examples\jmh\core\jmh_generated\NormPerformance_baseline_jmhTest.java,NormPerformance_baseline_jmhTest.java,NormPerformance_baseline_jmhTest,baseline_AverageTime,6,2,BenchmarkTaskResult,public,false,false,true,true
C:\Users\simon\Documents\Code\thesis-code\commons-numbers-master\commons-numbers-examples\examples-jmh\target\generated-sources\annotations\org\apache\commons\numbers\examples\jmh\core\jmh_generated\NormPerformance_baseline_jmhTest.java,NormPerformance_baseline_jmhTest.java,NormPerformance_baseline_jmhTest,baseline_avgt_jmhStub,7,10,void,public; static,false,false,true,true
C:\Users\simon\Documents\Code\thesis-code\commons-numbers-master\commons-numbers-examples\examples-jmh\target\generated-sources\annotations\org\apache\commons\numbers\examples\jmh\core\jmh_generated\NormPerformance_baseline_jmhTest.java,NormPerformance_baseline_jmhTest.java,NormPerformance_baseline_jmhTest,baseline_SampleTime,6,2,BenchmarkTaskResult,public,false,false,true,true
C:\Users\simon\Documents\Code\thesis-code\commons-numbers-master\commons-numbers-examples\examples-jmh\target\generated-sources\annotations\org\apache\commons\numbers\examples\jmh\core\jmh_generated\NormPerformance_baseline_jmhTest.java,NormPerformance_baseline_jmhTest.java,NormPerformance_baseline_jmhTest,baseline_sample_jmhStub,10,14,void,public; static,false,false,true,true
C:\Users\simon\Documents\Code\thesis-code\commons-numbers-master\commons-numbers-examples\examples-jmh\target\generated-sources\annotations\org\apache\commons\numbers\examples\jmh\core\jmh_generated\NormPerformance_baseline_jmhTest.java,NormPerformance_baseline_jmhTest.java,NormPerformance_baseline_jmhTest,baseline_SingleShotTime,6,2,BenchmarkTaskResult,public,false,false,true,true
C:\Users\simon\Documents\Code\thesis-code\commons-numbers-master\commons-numbers-examples\examples-jmh\target\generated-sources\annotations\org\apache\commons\numbers\examples\jmh\core\jmh_generated\NormPerformance_baseline_jmhTest.java,NormPerformance_baseline_jmhTest.java,NormPerformance_baseline_jmhTest,baseline_ss_jmhStub,5,11,void,public; static,false,false,true,true
C:\Users\simon\Documents\Code\thesis-code\commons-numbers-master\commons-numbers-examples\examples-jmh\target\generated-sources\annotations\org\apache\commons\numbers\examples\jmh\core\jmh_generated\NormPerformance_baseline_jmhTest.java,NormPerformance_baseline_jmhTest.java,NormPerformance_baseline_jmhTest,_jmh_tryInit_f_normperformance0_G,4,1,NormPerformance_jmhType,,false,false,true,true
C:\Users\simon\Documents\Code\thesis-code\commons-numbers-master\commons-numbers-examples\examples-jmh\target\generated-sources\annotations\org\apache\commons\numbers\examples\jmh\core\jmh_generated\NormPerformance_baseline_jmhTest.java,NormPerformance_baseline_jmhTest.java,NormPerformance_baseline_jmhTest,_jmh_tryInit_f_vectorarrayinput1_G,4,1,NormPerformance_VectorArrayInput_jmhType,,false,false,true,true
C:\Users\simon\Documents\Code\thesis-code\commons-numbers-master\commons-numbers-examples\examples-jmh\target\generated-sources\annotations\org\apache\commons\numbers\examples\jmh\core\jmh_generated\NormPerformance_directEuclideanArray_jmhTest.java,NormPerformance_directEuclideanArray_jmhTest.java,NormPerformance_directEuclideanArray_jmhTest,directEuclideanArray_Throughput,6,2,BenchmarkTaskResult,public,false,false,true,true
C:\Users\simon\Documents\Code\thesis-code\commons-numbers-master\commons-numbers-examples\examples-jmh\target\generated-sources\annotations\org\apache\commons\numbers\examples\jmh\core\jmh_generated\NormPerformance_directEuclideanArray_jmhTest.java,NormPerformance_directEuclideanArray_jmhTest.java,NormPerformance_directEuclideanArray_jmhTest,directEuclideanArray_thrpt_jmhStub,7,10,void,public; static,false,false,true,true
C:\Users\simon\Documents\Code\thesis-code\commons-numbers-master\commons-numbers-examples\examples-jmh\target\generated-sources\annotations\org\apache\commons\numbers\examples\jmh\core\jmh_generated\NormPerformance_directEuclideanArray_jmhTest.java,NormPerformance_directEuclideanArray_jmhTest.java,NormPerformance_directEuclideanArray_jmhTest,directEuclideanArray_AverageTime,6,2,BenchmarkTaskResult,public,false,false,true,true
C:\Users\simon\Documents\Code\thesis-code\commons-numbers-master\commons-numbers-examples\examples-jmh\target\generated-sources\annotations\org\apache\commons\numbers\examples\jmh\core\jmh_generated\NormPerformance_directEuclideanArray_jmhTest.java,NormPerformance_directEuclideanArray_jmhTest.java,NormPerformance_directEuclideanArray_jmhTest,directEuclideanArray_avgt_jmhStub,7,10,void,public; static,false,false,true,true
C:\Users\simon\Documents\Code\thesis-code\commons-numbers-master\commons-numbers-examples\examples-jmh\target\generated-sources\annotations\org\apache\commons\numbers\examples\jmh\core\jmh_generated\NormPerformance_directEuclideanArray_jmhTest.java,NormPerformance_directEuclideanArray_jmhTest.java,NormPerformance_directEuclideanArray_jmhTest,directEuclideanArray_SampleTime,6,2,BenchmarkTaskResult,public,false,false,true,true
C:\Users\simon\Documents\Code\thesis-code\commons-numbers-master\commons-numbers-examples\examples-jmh\target\generated-sources\annotations\org\apache\commons\numbers\examples\jmh\core\jmh_generated\NormPerformance_directEuclideanArray_jmhTest.java,NormPerformance_directEuclideanArray_jmhTest.java,NormPerformance_directEuclideanArray_jmhTest,directEuclideanArray_sample_jmhStub,10,14,void,public; static,false,false,true,true
C:\Users\simon\Documents\Code\thesis-code\commons-numbers-master\commons-numbers-examples\examples-jmh\target\generated-sources\annotations\org\apache\commons\numbers\examples\jmh\core\jmh_generated\NormPerformance_directEuclideanArray_jmhTest.java,NormPerformance_directEuclideanArray_jmhTest.java,NormPerformance_directEuclideanArray_jmhTest,directEuclideanArray_SingleShotTime,6,2,BenchmarkTaskResult,public,false,false,true,true
C:\Users\simon\Documents\Code\thesis-code\commons-numbers-master\commons-numbers-examples\examples-jmh\target\generated-sources\annotations\org\apache\commons\numbers\examples\jmh\core\jmh_generated\NormPerformance_directEuclideanArray_jmhTest.java,NormPerformance_directEuclideanArray_jmhTest.java,NormPerformance_directEuclideanArray_jmhTest,directEuclideanArray_ss_jmhStub,5,11,void,public; static,false,false,true,true
C:\Users\simon\Documents\Code\thesis-code\commons-numbers-master\commons-numbers-examples\examples-jmh\target\generated-sources\annotations\org\apache\commons\numbers\examples\jmh\core\jmh_generated\NormPerformance_directEuclideanArray_jmhTest.java,NormPerformance_directEuclideanArray_jmhTest.java,NormPerformance_directEuclideanArray_jmhTest,_jmh_tryInit_f_normperformance0_G,4,1,NormPerformance_jmhType,,false,false,true,true
C:\Users\simon\Documents\Code\thesis-code\commons-numbers-master\commons-numbers-examples\examples-jmh\target\generated-sources\annotations\org\apache\commons\numbers\examples\jmh\core\jmh_generated\NormPerformance_directEuclideanArray_jmhTest.java,NormPerformance_directEuclideanArray_jmhTest.java,NormPerformance_directEuclideanArray_jmhTest,_jmh_tryInit_f_vectorarrayinput1_G,4,1,NormPerformance_VectorArrayInput_jmhType,,false,false,true,true
C:\Users\simon\Documents\Code\thesis-code\commons-numbers-master\commons-numbers-examples\examples-jmh\target\generated-sources\annotations\org\apache\commons\numbers\examples\jmh\core\jmh_generated\NormPerformance_euclidean2d_jmhTest.java,NormPerformance_euclidean2d_jmhTest.java,NormPerformance_euclidean2d_jmhTest,euclidean2d_Throughput,6,2,BenchmarkTaskResult,public,false,false,true,true
C:\Users\simon\Documents\Code\thesis-code\commons-numbers-master\commons-numbers-examples\examples-jmh\target\generated-sources\annotations\org\apache\commons\numbers\examples\jmh\core\jmh_generated\NormPerformance_euclidean2d_jmhTest.java,NormPerformance_euclidean2d_jmhTest.java,NormPerformance_euclidean2d_jmhTest,euclidean2d_thrpt_jmhStub,7,10,void,public; static,false,false,true,true
C:\Users\simon\Documents\Code\thesis-code\commons-numbers-master\commons-numbers-examples\examples-jmh\target\generated-sources\annotations\org\apache\commons\numbers\examples\jmh\core\jmh_generated\NormPerformance_euclidean2d_jmhTest.java,NormPerformance_euclidean2d_jmhTest.java,NormPerformance_euclidean2d_jmhTest,euclidean2d_AverageTime,6,2,BenchmarkTaskResult,public,false,false,true,true
C:\Users\simon\Documents\Code\thesis-code\commons-numbers-master\commons-numbers-examples\examples-jmh\target\generated-sources\annotations\org\apache\commons\numbers\examples\jmh\core\jmh_generated\NormPerformance_euclidean2d_jmhTest.java,NormPerformance_euclidean2d_jmhTest.java,NormPerformance_euclidean2d_jmhTest,euclidean2d_avgt_jmhStub,7,10,void,public; static,false,false,true,true
C:\Users\simon\Documents\Code\thesis-code\commons-numbers-master\commons-numbers-examples\examples-jmh\target\generated-sources\annotations\org\apache\commons\numbers\examples\jmh\core\jmh_generated\NormPerformance_euclidean2d_jmhTest.java,NormPerformance_euclidean2d_jmhTest.java,NormPerformance_euclidean2d_jmhTest,euclidean2d_SampleTime,6,2,BenchmarkTaskResult,public,false,false,true,true
C:\Users\simon\Documents\Code\thesis-code\commons-numbers-master\commons-numbers-examples\examples-jmh\target\generated-sources\annotations\org\apache\commons\numbers\examples\jmh\core\jmh_generated\NormPerformance_euclidean2d_jmhTest.java,NormPerformance_euclidean2d_jmhTest.java,NormPerformance_euclidean2d_jmhTest,euclidean2d_sample_jmhStub,10,14,void,public; static,false,false,true,true
C:\Users\simon\Documents\Code\thesis-code\commons-numbers-master\commons-numbers-examples\examples-jmh\target\generated-sources\annotations\org\apache\commons\numbers\examples\jmh\core\jmh_generated\NormPerformance_euclidean2d_jmhTest.java,NormPerformance_euclidean2d_jmhTest.java,NormPerformance_euclidean2d_jmhTest,euclidean2d_SingleShotTime,6,2,BenchmarkTaskResult,public,false,false,true,true
C:\Users\simon\Documents\Code\thesis-code\commons-numbers-master\commons-numbers-examples\examples-jmh\target\generated-sources\annotations\org\apache\commons\numbers\examples\jmh\core\jmh_generated\NormPerformance_euclidean2d_jmhTest.java,NormPerformance_euclidean2d_jmhTest.java,NormPerformance_euclidean2d_jmhTest,euclidean2d_ss_jmhStub,5,11,void,public; static,false,false,true,true
C:\Users\simon\Documents\Code\thesis-code\commons-numbers-master\commons-numbers-examples\examples-jmh\target\generated-sources\annotations\org\apache\commons\numbers\examples\jmh\core\jmh_generated\NormPerformance_euclidean2d_jmhTest.java,NormPerformance_euclidean2d_jmhTest.java,NormPerformance_euclidean2d_jmhTest,_jmh_tryInit_f_normperformance0_G,4,1,NormPerformance_jmhType,,false,false,true,true
C:\Users\simon\Documents\Code\thesis-code\commons-numbers-master\commons-numbers-examples\examples-jmh\target\generated-sources\annotations\org\apache\commons\numbers\examples\jmh\core\jmh_generated\NormPerformance_euclidean2d_jmhTest.java,NormPerformance_euclidean2d_jmhTest.java,NormPerformance_euclidean2d_jmhTest,_jmh_tryInit_f_vectorarrayinput2d1_G,4,1,NormPerformance_VectorArrayInput2D_jmhType,,false,false,true,true
C:\Users\simon\Documents\Code\thesis-code\commons-numbers-master\commons-numbers-examples\examples-jmh\target\generated-sources\annotations\org\apache\commons\numbers\examples\jmh\core\jmh_generated\NormPerformance_euclidean3d_jmhTest.java,NormPerformance_euclidean3d_jmhTest.java,NormPerformance_euclidean3d_jmhTest,euclidean3d_Throughput,6,2,BenchmarkTaskResult,public,false,false,true,true
C:\Users\simon\Documents\Code\thesis-code\commons-numbers-master\commons-numbers-examples\examples-jmh\target\generated-sources\annotations\org\apache\commons\numbers\examples\jmh\core\jmh_generated\NormPerformance_euclidean3d_jmhTest.java,NormPerformance_euclidean3d_jmhTest.java,NormPerformance_euclidean3d_jmhTest,euclidean3d_thrpt_jmhStub,7,10,void,public; static,false,false,true,true
C:\Users\simon\Documents\Code\thesis-code\commons-numbers-master\commons-numbers-examples\examples-jmh\target\generated-sources\annotations\org\apache\commons\numbers\examples\jmh\core\jmh_generated\NormPerformance_euclidean3d_jmhTest.java,NormPerformance_euclidean3d_jmhTest.java,NormPerformance_euclidean3d_jmhTest,euclidean3d_AverageTime,6,2,BenchmarkTaskResult,public,false,false,true,true
C:\Users\simon\Documents\Code\thesis-code\commons-numbers-master\commons-numbers-examples\examples-jmh\target\generated-sources\annotations\org\apache\commons\numbers\examples\jmh\core\jmh_generated\NormPerformance_euclidean3d_jmhTest.java,NormPerformance_euclidean3d_jmhTest.java,NormPerformance_euclidean3d_jmhTest,euclidean3d_avgt_jmhStub,7,10,void,public; static,false,false,true,true
C:\Users\simon\Documents\Code\thesis-code\commons-numbers-master\commons-numbers-examples\examples-jmh\target\generated-sources\annotations\org\apache\commons\numbers\examples\jmh\core\jmh_generated\NormPerformance_euclidean3d_jmhTest.java,NormPerformance_euclidean3d_jmhTest.java,NormPerformance_euclidean3d_jmhTest,euclidean3d_SampleTime,6,2,BenchmarkTaskResult,public,false,false,true,true
C:\Users\simon\Documents\Code\thesis-code\commons-numbers-master\commons-numbers-examples\examples-jmh\target\generated-sources\annotations\org\apache\commons\numbers\examples\jmh\core\jmh_generated\NormPerformance_euclidean3d_jmhTest.java,NormPerformance_euclidean3d_jmhTest.java,NormPerformance_euclidean3d_jmhTest,euclidean3d_sample_jmhStub,10,14,void,public; static,false,false,true,true
C:\Users\simon\Documents\Code\thesis-code\commons-numbers-master\commons-numbers-examples\examples-jmh\target\generated-sources\annotations\org\apache\commons\numbers\examples\jmh\core\jmh_generated\NormPerformance_euclidean3d_jmhTest.java,NormPerformance_euclidean3d_jmhTest.java,NormPerformance_euclidean3d_jmhTest,euclidean3d_SingleShotTime,6,2,BenchmarkTaskResult,public,false,false,true,true
C:\Users\simon\Documents\Code\thesis-code\commons-numbers-master\commons-numbers-examples\examples-jmh\target\generated-sources\annotations\org\apache\commons\numbers\examples\jmh\core\jmh_generated\NormPerformance_euclidean3d_jmhTest.java,NormPerformance_euclidean3d_jmhTest.java,NormPerformance_euclidean3d_jmhTest,euclidean3d_ss_jmhStub,5,11,void,public; static,false,false,true,true
C:\Users\simon\Documents\Code\thesis-code\commons-numbers-master\commons-numbers-examples\examples-jmh\target\generated-sources\annotations\org\apache\commons\numbers\examples\jmh\core\jmh_generated\NormPerformance_euclidean3d_jmhTest.java,NormPerformance_euclidean3d_jmhTest.java,NormPerformance_euclidean3d_jmhTest,_jmh_tryInit_f_normperformance0_G,4,1,NormPerformance_jmhType,,false,false,true,true
C:\Users\simon\Documents\Code\thesis-code\commons-numbers-master\commons-numbers-examples\examples-jmh\target\generated-sources\annotations\org\apache\commons\numbers\examples\jmh\core\jmh_generated\NormPerformance_euclidean3d_jmhTest.java,NormPerformance_euclidean3d_jmhTest.java,NormPerformance_euclidean3d_jmhTest,_jmh_tryInit_f_vectorarrayinput1_G,4,1,NormPerformance_VectorArrayInput_jmhType,,false,false,true,true
C:\Users\simon\Documents\Code\thesis-code\commons-numbers-master\commons-numbers-examples\examples-jmh\target\generated-sources\annotations\org\apache\commons\numbers\examples\jmh\core\jmh_generated\NormPerformance_euclideanArray_jmhTest.java,NormPerformance_euclideanArray_jmhTest.java,NormPerformance_euclideanArray_jmhTest,euclideanArray_Throughput,6,2,BenchmarkTaskResult,public,false,false,true,true
C:\Users\simon\Documents\Code\thesis-code\commons-numbers-master\commons-numbers-examples\examples-jmh\target\generated-sources\annotations\org\apache\commons\numbers\examples\jmh\core\jmh_generated\NormPerformance_euclideanArray_jmhTest.java,NormPerformance_euclideanArray_jmhTest.java,NormPerformance_euclideanArray_jmhTest,euclideanArray_thrpt_jmhStub,7,10,void,public; static,false,false,true,true
C:\Users\simon\Documents\Code\thesis-code\commons-numbers-master\commons-numbers-examples\examples-jmh\target\generated-sources\annotations\org\apache\commons\numbers\examples\jmh\core\jmh_generated\NormPerformance_euclideanArray_jmhTest.java,NormPerformance_euclideanArray_jmhTest.java,NormPerformance_euclideanArray_jmhTest,euclideanArray_AverageTime,6,2,BenchmarkTaskResult,public,false,false,true,true
C:\Users\simon\Documents\Code\thesis-code\commons-numbers-master\commons-numbers-examples\examples-jmh\target\generated-sources\annotations\org\apache\commons\numbers\examples\jmh\core\jmh_generated\NormPerformance_euclideanArray_jmhTest.java,NormPerformance_euclideanArray_jmhTest.java,NormPerformance_euclideanArray_jmhTest,euclideanArray_avgt_jmhStub,7,10,void,public; static,false,false,true,true
C:\Users\simon\Documents\Code\thesis-code\commons-numbers-master\commons-numbers-examples\examples-jmh\target\generated-sources\annotations\org\apache\commons\numbers\examples\jmh\core\jmh_generated\NormPerformance_euclideanArray_jmhTest.java,NormPerformance_euclideanArray_jmhTest.java,NormPerformance_euclideanArray_jmhTest,euclideanArray_SampleTime,6,2,BenchmarkTaskResult,public,false,false,true,true
C:\Users\simon\Documents\Code\thesis-code\commons-numbers-master\commons-numbers-examples\examples-jmh\target\generated-sources\annotations\org\apache\commons\numbers\examples\jmh\core\jmh_generated\NormPerformance_euclideanArray_jmhTest.java,NormPerformance_euclideanArray_jmhTest.java,NormPerformance_euclideanArray_jmhTest,euclideanArray_sample_jmhStub,10,14,void,public; static,false,false,true,true
C:\Users\simon\Documents\Code\thesis-code\commons-numbers-master\commons-numbers-examples\examples-jmh\target\generated-sources\annotations\org\apache\commons\numbers\examples\jmh\core\jmh_generated\NormPerformance_euclideanArray_jmhTest.java,NormPerformance_euclideanArray_jmhTest.java,NormPerformance_euclideanArray_jmhTest,euclideanArray_SingleShotTime,6,2,BenchmarkTaskResult,public,false,false,true,true
C:\Users\simon\Documents\Code\thesis-code\commons-numbers-master\commons-numbers-examples\examples-jmh\target\generated-sources\annotations\org\apache\commons\numbers\examples\jmh\core\jmh_generated\NormPerformance_euclideanArray_jmhTest.java,NormPerformance_euclideanArray_jmhTest.java,NormPerformance_euclideanArray_jmhTest,euclideanArray_ss_jmhStub,5,11,void,public; static,false,false,true,true
C:\Users\simon\Documents\Code\thesis-code\commons-numbers-master\commons-numbers-examples\examples-jmh\target\generated-sources\annotations\org\apache\commons\numbers\examples\jmh\core\jmh_generated\NormPerformance_euclideanArray_jmhTest.java,NormPerformance_euclideanArray_jmhTest.java,NormPerformance_euclideanArray_jmhTest,_jmh_tryInit_f_normperformance0_G,4,1,NormPerformance_jmhType,,false,false,true,true
C:\Users\simon\Documents\Code\thesis-code\commons-numbers-master\commons-numbers-examples\examples-jmh\target\generated-sources\annotations\org\apache\commons\numbers\examples\jmh\core\jmh_generated\NormPerformance_euclideanArray_jmhTest.java,NormPerformance_euclideanArray_jmhTest.java,NormPerformance_euclideanArray_jmhTest,_jmh_tryInit_f_vectorarrayinput1_G,4,1,NormPerformance_VectorArrayInput_jmhType,,false,false,true,true
C:\Users\simon\Documents\Code\thesis-code\commons-numbers-master\commons-numbers-examples\examples-jmh\target\generated-sources\annotations\org\apache\commons\numbers\examples\jmh\core\jmh_generated\NormPerformance_hypot_jmhTest.java,NormPerformance_hypot_jmhTest.java,NormPerformance_hypot_jmhTest,hypot_Throughput,6,2,BenchmarkTaskResult,public,false,false,true,true
C:\Users\simon\Documents\Code\thesis-code\commons-numbers-master\commons-numbers-examples\examples-jmh\target\generated-sources\annotations\org\apache\commons\numbers\examples\jmh\core\jmh_generated\NormPerformance_hypot_jmhTest.java,NormPerformance_hypot_jmhTest.java,NormPerformance_hypot_jmhTest,hypot_thrpt_jmhStub,7,10,void,public; static,false,false,true,true
C:\Users\simon\Documents\Code\thesis-code\commons-numbers-master\commons-numbers-examples\examples-jmh\target\generated-sources\annotations\org\apache\commons\numbers\examples\jmh\core\jmh_generated\NormPerformance_hypot_jmhTest.java,NormPerformance_hypot_jmhTest.java,NormPerformance_hypot_jmhTest,hypot_AverageTime,6,2,BenchmarkTaskResult,public,false,false,true,true
C:\Users\simon\Documents\Code\thesis-code\commons-numbers-master\commons-numbers-examples\examples-jmh\target\generated-sources\annotations\org\apache\commons\numbers\examples\jmh\core\jmh_generated\NormPerformance_hypot_jmhTest.java,NormPerformance_hypot_jmhTest.java,NormPerformance_hypot_jmhTest,hypot_avgt_jmhStub,7,10,void,public; static,false,false,true,true
C:\Users\simon\Documents\Code\thesis-code\commons-numbers-master\commons-numbers-examples\examples-jmh\target\generated-sources\annotations\org\apache\commons\numbers\examples\jmh\core\jmh_generated\NormPerformance_hypot_jmhTest.java,NormPerformance_hypot_jmhTest.java,NormPerformance_hypot_jmhTest,hypot_SampleTime,6,2,BenchmarkTaskResult,public,false,false,true,true
C:\Users\simon\Documents\Code\thesis-code\commons-numbers-master\commons-numbers-examples\examples-jmh\target\generated-sources\annotations\org\apache\commons\numbers\examples\jmh\core\jmh_generated\NormPerformance_hypot_jmhTest.java,NormPerformance_hypot_jmhTest.java,NormPerformance_hypot_jmhTest,hypot_sample_jmhStub,10,14,void,public; static,false,false,true,true
C:\Users\simon\Documents\Code\thesis-code\commons-numbers-master\commons-numbers-examples\examples-jmh\target\generated-sources\annotations\org\apache\commons\numbers\examples\jmh\core\jmh_generated\NormPerformance_hypot_jmhTest.java,NormPerformance_hypot_jmhTest.java,NormPerformance_hypot_jmhTest,hypot_SingleShotTime,6,2,BenchmarkTaskResult,public,false,false,true,true
C:\Users\simon\Documents\Code\thesis-code\commons-numbers-master\commons-numbers-examples\examples-jmh\target\generated-sources\annotations\org\apache\commons\numbers\examples\jmh\core\jmh_generated\NormPerformance_hypot_jmhTest.java,NormPerformance_hypot_jmhTest.java,NormPerformance_hypot_jmhTest,hypot_ss_jmhStub,5,11,void,public; static,false,false,true,true
C:\Users\simon\Documents\Code\thesis-code\commons-numbers-master\commons-numbers-examples\examples-jmh\target\generated-sources\annotations\org\apache\commons\numbers\examples\jmh\core\jmh_generated\NormPerformance_hypot_jmhTest.java,NormPerformance_hypot_jmhTest.java,NormPerformance_hypot_jmhTest,_jmh_tryInit_f_normperformance0_G,4,1,NormPerformance_jmhType,,false,false,true,true
C:\Users\simon\Documents\Code\thesis-code\commons-numbers-master\commons-numbers-examples\examples-jmh\target\generated-sources\annotations\org\apache\commons\numbers\examples\jmh\core\jmh_generated\NormPerformance_hypot_jmhTest.java,NormPerformance_hypot_jmhTest.java,NormPerformance_hypot_jmhTest,_jmh_tryInit_f_vectorarrayinput2d1_G,4,1,NormPerformance_VectorArrayInput2D_jmhType,,false,false,true,true
C:\Users\simon\Documents\Code\thesis-code\commons-numbers-master\commons-numbers-examples\examples-jmh\target\generated-sources\annotations\org\apache\commons\numbers\examples\jmh\core\jmh_generated\StickySumPerformance_stickySum_jmhTest.java,StickySumPerformance_stickySum_jmhTest.java,StickySumPerformance_stickySum_jmhTest,stickySum_Throughput,6,2,BenchmarkTaskResult,public,false,false,true,true
C:\Users\simon\Documents\Code\thesis-code\commons-numbers-master\commons-numbers-examples\examples-jmh\target\generated-sources\annotations\org\apache\commons\numbers\examples\jmh\core\jmh_generated\StickySumPerformance_stickySum_jmhTest.java,StickySumPerformance_stickySum_jmhTest.java,StickySumPerformance_stickySum_jmhTest,stickySum_thrpt_jmhStub,7,11,void,public; static,false,false,true,true
C:\Users\simon\Documents\Code\thesis-code\commons-numbers-master\commons-numbers-examples\examples-jmh\target\generated-sources\annotations\org\apache\commons\numbers\examples\jmh\core\jmh_generated\StickySumPerformance_stickySum_jmhTest.java,StickySumPerformance_stickySum_jmhTest.java,StickySumPerformance_stickySum_jmhTest,stickySum_AverageTime,6,2,BenchmarkTaskResult,public,false,false,true,true
C:\Users\simon\Documents\Code\thesis-code\commons-numbers-master\commons-numbers-examples\examples-jmh\target\generated-sources\annotations\org\apache\commons\numbers\examples\jmh\core\jmh_generated\StickySumPerformance_stickySum_jmhTest.java,StickySumPerformance_stickySum_jmhTest.java,StickySumPerformance_stickySum_jmhTest,stickySum_avgt_jmhStub,7,11,void,public; static,false,false,true,true
C:\Users\simon\Documents\Code\thesis-code\commons-numbers-master\commons-numbers-examples\examples-jmh\target\generated-sources\annotations\org\apache\commons\numbers\examples\jmh\core\jmh_generated\StickySumPerformance_stickySum_jmhTest.java,StickySumPerformance_stickySum_jmhTest.java,StickySumPerformance_stickySum_jmhTest,stickySum_SampleTime,6,2,BenchmarkTaskResult,public,false,false,true,true
C:\Users\simon\Documents\Code\thesis-code\commons-numbers-master\commons-numbers-examples\examples-jmh\target\generated-sources\annotations\org\apache\commons\numbers\examples\jmh\core\jmh_generated\StickySumPerformance_stickySum_jmhTest.java,StickySumPerformance_stickySum_jmhTest.java,StickySumPerformance_stickySum_jmhTest,stickySum_sample_jmhStub,10,15,void,public; static,false,false,true,true
C:\Users\simon\Documents\Code\thesis-code\commons-numbers-master\commons-numbers-examples\examples-jmh\target\generated-sources\annotations\org\apache\commons\numbers\examples\jmh\core\jmh_generated\StickySumPerformance_stickySum_jmhTest.java,StickySumPerformance_stickySum_jmhTest.java,StickySumPerformance_stickySum_jmhTest,stickySum_SingleShotTime,6,2,BenchmarkTaskResult,public,false,false,true,true
C:\Users\simon\Documents\Code\thesis-code\commons-numbers-master\commons-numbers-examples\examples-jmh\target\generated-sources\annotations\org\apache\commons\numbers\examples\jmh\core\jmh_generated\StickySumPerformance_stickySum_jmhTest.java,StickySumPerformance_stickySum_jmhTest.java,StickySumPerformance_stickySum_jmhTest,stickySum_ss_jmhStub,5,12,void,public; static,false,false,true,true
C:\Users\simon\Documents\Code\thesis-code\commons-numbers-master\commons-numbers-examples\examples-jmh\target\generated-sources\annotations\org\apache\commons\numbers\examples\jmh\core\jmh_generated\StickySumPerformance_stickySum_jmhTest.java,StickySumPerformance_stickySum_jmhTest.java,StickySumPerformance_stickySum_jmhTest,_jmh_tryInit_f_bifactors1_G,4,1,StickySumPerformance_BiFactors_jmhType,,false,false,true,true
C:\Users\simon\Documents\Code\thesis-code\commons-numbers-master\commons-numbers-examples\examples-jmh\target\generated-sources\annotations\org\apache\commons\numbers\examples\jmh\core\jmh_generated\StickySumPerformance_stickySum_jmhTest.java,StickySumPerformance_stickySum_jmhTest.java,StickySumPerformance_stickySum_jmhTest,_jmh_tryInit_f_stickysumperformance0_G,4,1,StickySumPerformance_jmhType,,false,false,true,true
C:\Users\simon\Documents\Code\thesis-code\commons-numbers-master\commons-numbers-examples\examples-jmh\target\generated-sources\annotations\org\apache\commons\numbers\examples\jmh\core\jmh_generated\StickySumPerformance_stickySum_jmhTest.java,StickySumPerformance_stickySum_jmhTest.java,StickySumPerformance_stickySum_jmhTest,_jmh_tryInit_f_summethod2_G,4,1,StickySumPerformance_SumMethod_jmhType,,false,false,true,true
C:\Users\simon\Documents\Code\thesis-code\commons-numbers-master\commons-numbers-examples\examples-jmh\target\generated-sources\annotations\org\apache\commons\numbers\examples\jmh\core\jmh_generated\SumPerformance_baselineDouble_jmhTest.java,SumPerformance_baselineDouble_jmhTest.java,SumPerformance_baselineDouble_jmhTest,baselineDouble_Throughput,6,2,BenchmarkTaskResult,public,false,false,true,true
C:\Users\simon\Documents\Code\thesis-code\commons-numbers-master\commons-numbers-examples\examples-jmh\target\generated-sources\annotations\org\apache\commons\numbers\examples\jmh\core\jmh_generated\SumPerformance_baselineDouble_jmhTest.java,SumPerformance_baselineDouble_jmhTest.java,SumPerformance_baselineDouble_jmhTest,baselineDouble_thrpt_jmhStub,7,10,void,public; static,false,false,true,true
C:\Users\simon\Documents\Code\thesis-code\commons-numbers-master\commons-numbers-examples\examples-jmh\target\generated-sources\annotations\org\apache\commons\numbers\examples\jmh\core\jmh_generated\SumPerformance_baselineDouble_jmhTest.java,SumPerformance_baselineDouble_jmhTest.java,SumPerformance_baselineDouble_jmhTest,baselineDouble_AverageTime,6,2,BenchmarkTaskResult,public,false,false,true,true
C:\Users\simon\Documents\Code\thesis-code\commons-numbers-master\commons-numbers-examples\examples-jmh\target\generated-sources\annotations\org\apache\commons\numbers\examples\jmh\core\jmh_generated\SumPerformance_baselineDouble_jmhTest.java,SumPerformance_baselineDouble_jmhTest.java,SumPerformance_baselineDouble_jmhTest,baselineDouble_avgt_jmhStub,7,10,void,public; static,false,false,true,true
C:\Users\simon\Documents\Code\thesis-code\commons-numbers-master\commons-numbers-examples\examples-jmh\target\generated-sources\annotations\org\apache\commons\numbers\examples\jmh\core\jmh_generated\SumPerformance_baselineDouble_jmhTest.java,SumPerformance_baselineDouble_jmhTest.java,SumPerformance_baselineDouble_jmhTest,baselineDouble_SampleTime,6,2,BenchmarkTaskResult,public,false,false,true,true
C:\Users\simon\Documents\Code\thesis-code\commons-numbers-master\commons-numbers-examples\examples-jmh\target\generated-sources\annotations\org\apache\commons\numbers\examples\jmh\core\jmh_generated\SumPerformance_baselineDouble_jmhTest.java,SumPerformance_baselineDouble_jmhTest.java,SumPerformance_baselineDouble_jmhTest,baselineDouble_sample_jmhStub,10,14,void,public; static,false,false,true,true
C:\Users\simon\Documents\Code\thesis-code\commons-numbers-master\commons-numbers-examples\examples-jmh\target\generated-sources\annotations\org\apache\commons\numbers\examples\jmh\core\jmh_generated\SumPerformance_baselineDouble_jmhTest.java,SumPerformance_baselineDouble_jmhTest.java,SumPerformance_baselineDouble_jmhTest,baselineDouble_SingleShotTime,6,2,BenchmarkTaskResult,public,false,false,true,true
C:\Users\simon\Documents\Code\thesis-code\commons-numbers-master\commons-numbers-examples\examples-jmh\target\generated-sources\annotations\org\apache\commons\numbers\examples\jmh\core\jmh_generated\SumPerformance_baselineDouble_jmhTest.java,SumPerformance_baselineDouble_jmhTest.java,SumPerformance_baselineDouble_jmhTest,baselineDouble_ss_jmhStub,5,11,void,public; static,false,false,true,true
C:\Users\simon\Documents\Code\thesis-code\commons-numbers-master\commons-numbers-examples\examples-jmh\target\generated-sources\annotations\org\apache\commons\numbers\examples\jmh\core\jmh_generated\SumPerformance_baselineDouble_jmhTest.java,SumPerformance_baselineDouble_jmhTest.java,SumPerformance_baselineDouble_jmhTest,_jmh_tryInit_f_arrayinput1_G,4,1,SumPerformance_ArrayInput_jmhType,,false,false,true,true
C:\Users\simon\Documents\Code\thesis-code\commons-numbers-master\commons-numbers-examples\examples-jmh\target\generated-sources\annotations\org\apache\commons\numbers\examples\jmh\core\jmh_generated\SumPerformance_baselineDouble_jmhTest.java,SumPerformance_baselineDouble_jmhTest.java,SumPerformance_baselineDouble_jmhTest,_jmh_tryInit_f_sumperformance0_G,4,1,SumPerformance_jmhType,,false,false,true,true
C:\Users\simon\Documents\Code\thesis-code\commons-numbers-master\commons-numbers-examples\examples-jmh\target\generated-sources\annotations\org\apache\commons\numbers\examples\jmh\core\jmh_generated\SumPerformance_baselineSingle_jmhTest.java,SumPerformance_baselineSingle_jmhTest.java,SumPerformance_baselineSingle_jmhTest,baselineSingle_Throughput,6,2,BenchmarkTaskResult,public,false,false,true,true
C:\Users\simon\Documents\Code\thesis-code\commons-numbers-master\commons-numbers-examples\examples-jmh\target\generated-sources\annotations\org\apache\commons\numbers\examples\jmh\core\jmh_generated\SumPerformance_baselineSingle_jmhTest.java,SumPerformance_baselineSingle_jmhTest.java,SumPerformance_baselineSingle_jmhTest,baselineSingle_thrpt_jmhStub,7,10,void,public; static,false,false,true,true
C:\Users\simon\Documents\Code\thesis-code\commons-numbers-master\commons-numbers-examples\examples-jmh\target\generated-sources\annotations\org\apache\commons\numbers\examples\jmh\core\jmh_generated\SumPerformance_baselineSingle_jmhTest.java,SumPerformance_baselineSingle_jmhTest.java,SumPerformance_baselineSingle_jmhTest,baselineSingle_AverageTime,6,2,BenchmarkTaskResult,public,false,false,true,true
C:\Users\simon\Documents\Code\thesis-code\commons-numbers-master\commons-numbers-examples\examples-jmh\target\generated-sources\annotations\org\apache\commons\numbers\examples\jmh\core\jmh_generated\SumPerformance_baselineSingle_jmhTest.java,SumPerformance_baselineSingle_jmhTest.java,SumPerformance_baselineSingle_jmhTest,baselineSingle_avgt_jmhStub,7,10,void,public; static,false,false,true,true
C:\Users\simon\Documents\Code\thesis-code\commons-numbers-master\commons-numbers-examples\examples-jmh\target\generated-sources\annotations\org\apache\commons\numbers\examples\jmh\core\jmh_generated\SumPerformance_baselineSingle_jmhTest.java,SumPerformance_baselineSingle_jmhTest.java,SumPerformance_baselineSingle_jmhTest,baselineSingle_SampleTime,6,2,BenchmarkTaskResult,public,false,false,true,true
C:\Users\simon\Documents\Code\thesis-code\commons-numbers-master\commons-numbers-examples\examples-jmh\target\generated-sources\annotations\org\apache\commons\numbers\examples\jmh\core\jmh_generated\SumPerformance_baselineSingle_jmhTest.java,SumPerformance_baselineSingle_jmhTest.java,SumPerformance_baselineSingle_jmhTest,baselineSingle_sample_jmhStub,10,14,void,public; static,false,false,true,true
C:\Users\simon\Documents\Code\thesis-code\commons-numbers-master\commons-numbers-examples\examples-jmh\target\generated-sources\annotations\org\apache\commons\numbers\examples\jmh\core\jmh_generated\SumPerformance_baselineSingle_jmhTest.java,SumPerformance_baselineSingle_jmhTest.java,SumPerformance_baselineSingle_jmhTest,baselineSingle_SingleShotTime,6,2,BenchmarkTaskResult,public,false,false,true,true
C:\Users\simon\Documents\Code\thesis-code\commons-numbers-master\commons-numbers-examples\examples-jmh\target\generated-sources\annotations\org\apache\commons\numbers\examples\jmh\core\jmh_generated\SumPerformance_baselineSingle_jmhTest.java,SumPerformance_baselineSingle_jmhTest.java,SumPerformance_baselineSingle_jmhTest,baselineSingle_ss_jmhStub,5,11,void,public; static,false,false,true,true
C:\Users\simon\Documents\Code\thesis-code\commons-numbers-master\commons-numbers-examples\examples-jmh\target\generated-sources\annotations\org\apache\commons\numbers\examples\jmh\core\jmh_generated\SumPerformance_baselineSingle_jmhTest.java,SumPerformance_baselineSingle_jmhTest.java,SumPerformance_baselineSingle_jmhTest,_jmh_tryInit_f_arrayinput1_G,4,1,SumPerformance_ArrayInput_jmhType,,false,false,true,true
C:\Users\simon\Documents\Code\thesis-code\commons-numbers-master\commons-numbers-examples\examples-jmh\target\generated-sources\annotations\org\apache\commons\numbers\examples\jmh\core\jmh_generated\SumPerformance_baselineSingle_jmhTest.java,SumPerformance_baselineSingle_jmhTest.java,SumPerformance_baselineSingle_jmhTest,_jmh_tryInit_f_sumperformance0_G,4,1,SumPerformance_jmhType,,false,false,true,true
C:\Users\simon\Documents\Code\thesis-code\commons-numbers-master\commons-numbers-examples\examples-jmh\target\generated-sources\annotations\org\apache\commons\numbers\examples\jmh\core\jmh_generated\SumPerformance_sumOfProducts_jmhTest.java,SumPerformance_sumOfProducts_jmhTest.java,SumPerformance_sumOfProducts_jmhTest,sumOfProducts_Throughput,6,2,BenchmarkTaskResult,public,false,false,true,true
C:\Users\simon\Documents\Code\thesis-code\commons-numbers-master\commons-numbers-examples\examples-jmh\target\generated-sources\annotations\org\apache\commons\numbers\examples\jmh\core\jmh_generated\SumPerformance_sumOfProducts_jmhTest.java,SumPerformance_sumOfProducts_jmhTest.java,SumPerformance_sumOfProducts_jmhTest,sumOfProducts_thrpt_jmhStub,7,10,void,public; static,false,false,true,true
C:\Users\simon\Documents\Code\thesis-code\commons-numbers-master\commons-numbers-examples\examples-jmh\target\generated-sources\annotations\org\apache\commons\numbers\examples\jmh\core\jmh_generated\SumPerformance_sumOfProducts_jmhTest.java,SumPerformance_sumOfProducts_jmhTest.java,SumPerformance_sumOfProducts_jmhTest,sumOfProducts_AverageTime,6,2,BenchmarkTaskResult,public,false,false,true,true
C:\Users\simon\Documents\Code\thesis-code\commons-numbers-master\commons-numbers-examples\examples-jmh\target\generated-sources\annotations\org\apache\commons\numbers\examples\jmh\core\jmh_generated\SumPerformance_sumOfProducts_jmhTest.java,SumPerformance_sumOfProducts_jmhTest.java,SumPerformance_sumOfProducts_jmhTest,sumOfProducts_avgt_jmhStub,7,10,void,public; static,false,false,true,true
C:\Users\simon\Documents\Code\thesis-code\commons-numbers-master\commons-numbers-examples\examples-jmh\target\generated-sources\annotations\org\apache\commons\numbers\examples\jmh\core\jmh_generated\SumPerformance_sumOfProducts_jmhTest.java,SumPerformance_sumOfProducts_jmhTest.java,SumPerformance_sumOfProducts_jmhTest,sumOfProducts_SampleTime,6,2,BenchmarkTaskResult,public,false,false,true,true
C:\Users\simon\Documents\Code\thesis-code\commons-numbers-master\commons-numbers-examples\examples-jmh\target\generated-sources\annotations\org\apache\commons\numbers\examples\jmh\core\jmh_generated\SumPerformance_sumOfProducts_jmhTest.java,SumPerformance_sumOfProducts_jmhTest.java,SumPerformance_sumOfProducts_jmhTest,sumOfProducts_sample_jmhStub,10,14,void,public; static,false,false,true,true
C:\Users\simon\Documents\Code\thesis-code\commons-numbers-master\commons-numbers-examples\examples-jmh\target\generated-sources\annotations\org\apache\commons\numbers\examples\jmh\core\jmh_generated\SumPerformance_sumOfProducts_jmhTest.java,SumPerformance_sumOfProducts_jmhTest.java,SumPerformance_sumOfProducts_jmhTest,sumOfProducts_SingleShotTime,6,2,BenchmarkTaskResult,public,false,false,true,true
C:\Users\simon\Documents\Code\thesis-code\commons-numbers-master\commons-numbers-examples\examples-jmh\target\generated-sources\annotations\org\apache\commons\numbers\examples\jmh\core\jmh_generated\SumPerformance_sumOfProducts_jmhTest.java,SumPerformance_sumOfProducts_jmhTest.java,SumPerformance_sumOfProducts_jmhTest,sumOfProducts_ss_jmhStub,5,11,void,public; static,false,false,true,true
C:\Users\simon\Documents\Code\thesis-code\commons-numbers-master\commons-numbers-examples\examples-jmh\target\generated-sources\annotations\org\apache\commons\numbers\examples\jmh\core\jmh_generated\SumPerformance_sumOfProducts_jmhTest.java,SumPerformance_sumOfProducts_jmhTest.java,SumPerformance_sumOfProducts_jmhTest,_jmh_tryInit_f_arrayinput1_G,4,1,SumPerformance_ArrayInput_jmhType,,false,false,true,true
C:\Users\simon\Documents\Code\thesis-code\commons-numbers-master\commons-numbers-examples\examples-jmh\target\generated-sources\annotations\org\apache\commons\numbers\examples\jmh\core\jmh_generated\SumPerformance_sumOfProducts_jmhTest.java,SumPerformance_sumOfProducts_jmhTest.java,SumPerformance_sumOfProducts_jmhTest,_jmh_tryInit_f_sumperformance0_G,4,1,SumPerformance_jmhType,,false,false,true,true
C:\Users\simon\Documents\Code\thesis-code\commons-numbers-master\commons-numbers-examples\examples-jmh\target\generated-sources\annotations\org\apache\commons\numbers\examples\jmh\core\jmh_generated\SumPerformance_sum_jmhTest.java,SumPerformance_sum_jmhTest.java,SumPerformance_sum_jmhTest,sum_Throughput,6,2,BenchmarkTaskResult,public,false,false,true,true
C:\Users\simon\Documents\Code\thesis-code\commons-numbers-master\commons-numbers-examples\examples-jmh\target\generated-sources\annotations\org\apache\commons\numbers\examples\jmh\core\jmh_generated\SumPerformance_sum_jmhTest.java,SumPerformance_sum_jmhTest.java,SumPerformance_sum_jmhTest,sum_thrpt_jmhStub,7,10,void,public; static,false,false,true,true
C:\Users\simon\Documents\Code\thesis-code\commons-numbers-master\commons-numbers-examples\examples-jmh\target\generated-sources\annotations\org\apache\commons\numbers\examples\jmh\core\jmh_generated\SumPerformance_sum_jmhTest.java,SumPerformance_sum_jmhTest.java,SumPerformance_sum_jmhTest,sum_AverageTime,6,2,BenchmarkTaskResult,public,false,false,true,true
C:\Users\simon\Documents\Code\thesis-code\commons-numbers-master\commons-numbers-examples\examples-jmh\target\generated-sources\annotations\org\apache\commons\numbers\examples\jmh\core\jmh_generated\SumPerformance_sum_jmhTest.java,SumPerformance_sum_jmhTest.java,SumPerformance_sum_jmhTest,sum_avgt_jmhStub,7,10,void,public; static,false,false,true,true
C:\Users\simon\Documents\Code\thesis-code\commons-numbers-master\commons-numbers-examples\examples-jmh\target\generated-sources\annotations\org\apache\commons\numbers\examples\jmh\core\jmh_generated\SumPerformance_sum_jmhTest.java,SumPerformance_sum_jmhTest.java,SumPerformance_sum_jmhTest,sum_SampleTime,6,2,BenchmarkTaskResult,public,false,false,true,true
C:\Users\simon\Documents\Code\thesis-code\commons-numbers-master\commons-numbers-examples\examples-jmh\target\generated-sources\annotations\org\apache\commons\numbers\examples\jmh\core\jmh_generated\SumPerformance_sum_jmhTest.java,SumPerformance_sum_jmhTest.java,SumPerformance_sum_jmhTest,sum_sample_jmhStub,10,14,void,public; static,false,false,true,true
C:\Users\simon\Documents\Code\thesis-code\commons-numbers-master\commons-numbers-examples\examples-jmh\target\generated-sources\annotations\org\apache\commons\numbers\examples\jmh\core\jmh_generated\SumPerformance_sum_jmhTest.java,SumPerformance_sum_jmhTest.java,SumPerformance_sum_jmhTest,sum_SingleShotTime,6,2,BenchmarkTaskResult,public,false,false,true,true
C:\Users\simon\Documents\Code\thesis-code\commons-numbers-master\commons-numbers-examples\examples-jmh\target\generated-sources\annotations\org\apache\commons\numbers\examples\jmh\core\jmh_generated\SumPerformance_sum_jmhTest.java,SumPerformance_sum_jmhTest.java,SumPerformance_sum_jmhTest,sum_ss_jmhStub,5,11,void,public; static,false,false,true,true
C:\Users\simon\Documents\Code\thesis-code\commons-numbers-master\commons-numbers-examples\examples-jmh\target\generated-sources\annotations\org\apache\commons\numbers\examples\jmh\core\jmh_generated\SumPerformance_sum_jmhTest.java,SumPerformance_sum_jmhTest.java,SumPerformance_sum_jmhTest,_jmh_tryInit_f_arrayinput1_G,4,1,SumPerformance_ArrayInput_jmhType,,false,false,true,true
C:\Users\simon\Documents\Code\thesis-code\commons-numbers-master\commons-numbers-examples\examples-jmh\target\generated-sources\annotations\org\apache\commons\numbers\examples\jmh\core\jmh_generated\SumPerformance_sum_jmhTest.java,SumPerformance_sum_jmhTest.java,SumPerformance_sum_jmhTest,_jmh_tryInit_f_sumperformance0_G,4,1,SumPerformance_jmhType,,false,false,true,true
C:\Users\simon\Documents\Code\thesis-code\commons-numbers-master\commons-numbers-examples\examples-jmh\target\generated-sources\annotations\org\apache\commons\numbers\examples\jmh\gamma\jmh_generated\ErfPerformance_baseline_jmhTest.java,ErfPerformance_baseline_jmhTest.java,ErfPerformance_baseline_jmhTest,baseline_Throughput,6,2,BenchmarkTaskResult,public,false,false,true,true
C:\Users\simon\Documents\Code\thesis-code\commons-numbers-master\commons-numbers-examples\examples-jmh\target\generated-sources\annotations\org\apache\commons\numbers\examples\jmh\gamma\jmh_generated\ErfPerformance_baseline_jmhTest.java,ErfPerformance_baseline_jmhTest.java,ErfPerformance_baseline_jmhTest,baseline_thrpt_jmhStub,7,10,void,public; static,false,false,true,true
C:\Users\simon\Documents\Code\thesis-code\commons-numbers-master\commons-numbers-examples\examples-jmh\target\generated-sources\annotations\org\apache\commons\numbers\examples\jmh\gamma\jmh_generated\ErfPerformance_baseline_jmhTest.java,ErfPerformance_baseline_jmhTest.java,ErfPerformance_baseline_jmhTest,baseline_AverageTime,6,2,BenchmarkTaskResult,public,false,false,true,true
C:\Users\simon\Documents\Code\thesis-code\commons-numbers-master\commons-numbers-examples\examples-jmh\target\generated-sources\annotations\org\apache\commons\numbers\examples\jmh\gamma\jmh_generated\ErfPerformance_baseline_jmhTest.java,ErfPerformance_baseline_jmhTest.java,ErfPerformance_baseline_jmhTest,baseline_avgt_jmhStub,7,10,void,public; static,false,false,true,true
C:\Users\simon\Documents\Code\thesis-code\commons-numbers-master\commons-numbers-examples\examples-jmh\target\generated-sources\annotations\org\apache\commons\numbers\examples\jmh\gamma\jmh_generated\ErfPerformance_baseline_jmhTest.java,ErfPerformance_baseline_jmhTest.java,ErfPerformance_baseline_jmhTest,baseline_SampleTime,6,2,BenchmarkTaskResult,public,false,false,true,true
C:\Users\simon\Documents\Code\thesis-code\commons-numbers-master\commons-numbers-examples\examples-jmh\target\generated-sources\annotations\org\apache\commons\numbers\examples\jmh\gamma\jmh_generated\ErfPerformance_baseline_jmhTest.java,ErfPerformance_baseline_jmhTest.java,ErfPerformance_baseline_jmhTest,baseline_sample_jmhStub,10,14,void,public; static,false,false,true,true
C:\Users\simon\Documents\Code\thesis-code\commons-numbers-master\commons-numbers-examples\examples-jmh\target\generated-sources\annotations\org\apache\commons\numbers\examples\jmh\gamma\jmh_generated\ErfPerformance_baseline_jmhTest.java,ErfPerformance_baseline_jmhTest.java,ErfPerformance_baseline_jmhTest,baseline_SingleShotTime,6,2,BenchmarkTaskResult,public,false,false,true,true
C:\Users\simon\Documents\Code\thesis-code\commons-numbers-master\commons-numbers-examples\examples-jmh\target\generated-sources\annotations\org\apache\commons\numbers\examples\jmh\gamma\jmh_generated\ErfPerformance_baseline_jmhTest.java,ErfPerformance_baseline_jmhTest.java,ErfPerformance_baseline_jmhTest,baseline_ss_jmhStub,5,11,void,public; static,false,false,true,true
C:\Users\simon\Documents\Code\thesis-code\commons-numbers-master\commons-numbers-examples\examples-jmh\target\generated-sources\annotations\org\apache\commons\numbers\examples\jmh\gamma\jmh_generated\ErfPerformance_baseline_jmhTest.java,ErfPerformance_baseline_jmhTest.java,ErfPerformance_baseline_jmhTest,_jmh_tryInit_f_basedata1_G,4,1,ErfPerformance_BaseData_jmhType,,false,false,true,true
C:\Users\simon\Documents\Code\thesis-code\commons-numbers-master\commons-numbers-examples\examples-jmh\target\generated-sources\annotations\org\apache\commons\numbers\examples\jmh\gamma\jmh_generated\ErfPerformance_baseline_jmhTest.java,ErfPerformance_baseline_jmhTest.java,ErfPerformance_baseline_jmhTest,_jmh_tryInit_f_erfperformance0_G,4,1,ErfPerformance_jmhType,,false,false,true,true
C:\Users\simon\Documents\Code\thesis-code\commons-numbers-master\commons-numbers-examples\examples-jmh\target\generated-sources\annotations\org\apache\commons\numbers\examples\jmh\gamma\jmh_generated\ErfPerformance_erfc_jmhTest.java,ErfPerformance_erfc_jmhTest.java,ErfPerformance_erfc_jmhTest,erfc_Throughput,6,2,BenchmarkTaskResult,public,false,false,true,true
C:\Users\simon\Documents\Code\thesis-code\commons-numbers-master\commons-numbers-examples\examples-jmh\target\generated-sources\annotations\org\apache\commons\numbers\examples\jmh\gamma\jmh_generated\ErfPerformance_erfc_jmhTest.java,ErfPerformance_erfc_jmhTest.java,ErfPerformance_erfc_jmhTest,erfc_thrpt_jmhStub,7,10,void,public; static,false,false,true,true
C:\Users\simon\Documents\Code\thesis-code\commons-numbers-master\commons-numbers-examples\examples-jmh\target\generated-sources\annotations\org\apache\commons\numbers\examples\jmh\gamma\jmh_generated\ErfPerformance_erfc_jmhTest.java,ErfPerformance_erfc_jmhTest.java,ErfPerformance_erfc_jmhTest,erfc_AverageTime,6,2,BenchmarkTaskResult,public,false,false,true,true
C:\Users\simon\Documents\Code\thesis-code\commons-numbers-master\commons-numbers-examples\examples-jmh\target\generated-sources\annotations\org\apache\commons\numbers\examples\jmh\gamma\jmh_generated\ErfPerformance_erfc_jmhTest.java,ErfPerformance_erfc_jmhTest.java,ErfPerformance_erfc_jmhTest,erfc_avgt_jmhStub,7,10,void,public; static,false,false,true,true
C:\Users\simon\Documents\Code\thesis-code\commons-numbers-master\commons-numbers-examples\examples-jmh\target\generated-sources\annotations\org\apache\commons\numbers\examples\jmh\gamma\jmh_generated\ErfPerformance_erfc_jmhTest.java,ErfPerformance_erfc_jmhTest.java,ErfPerformance_erfc_jmhTest,erfc_SampleTime,6,2,BenchmarkTaskResult,public,false,false,true,true
C:\Users\simon\Documents\Code\thesis-code\commons-numbers-master\commons-numbers-examples\examples-jmh\target\generated-sources\annotations\org\apache\commons\numbers\examples\jmh\gamma\jmh_generated\ErfPerformance_erfc_jmhTest.java,ErfPerformance_erfc_jmhTest.java,ErfPerformance_erfc_jmhTest,erfc_sample_jmhStub,10,14,void,public; static,false,false,true,true
C:\Users\simon\Documents\Code\thesis-code\commons-numbers-master\commons-numbers-examples\examples-jmh\target\generated-sources\annotations\org\apache\commons\numbers\examples\jmh\gamma\jmh_generated\ErfPerformance_erfc_jmhTest.java,ErfPerformance_erfc_jmhTest.java,ErfPerformance_erfc_jmhTest,erfc_SingleShotTime,6,2,BenchmarkTaskResult,public,false,false,true,true
C:\Users\simon\Documents\Code\thesis-code\commons-numbers-master\commons-numbers-examples\examples-jmh\target\generated-sources\annotations\org\apache\commons\numbers\examples\jmh\gamma\jmh_generated\ErfPerformance_erfc_jmhTest.java,ErfPerformance_erfc_jmhTest.java,ErfPerformance_erfc_jmhTest,erfc_ss_jmhStub,5,11,void,public; static,false,false,true,true
C:\Users\simon\Documents\Code\thesis-code\commons-numbers-master\commons-numbers-examples\examples-jmh\target\generated-sources\annotations\org\apache\commons\numbers\examples\jmh\gamma\jmh_generated\ErfPerformance_erfc_jmhTest.java,ErfPerformance_erfc_jmhTest.java,ErfPerformance_erfc_jmhTest,_jmh_tryInit_f_erfcdata1_G,4,1,ErfPerformance_ErfcData_jmhType,,false,false,true,true
C:\Users\simon\Documents\Code\thesis-code\commons-numbers-master\commons-numbers-examples\examples-jmh\target\generated-sources\annotations\org\apache\commons\numbers\examples\jmh\gamma\jmh_generated\ErfPerformance_erfc_jmhTest.java,ErfPerformance_erfc_jmhTest.java,ErfPerformance_erfc_jmhTest,_jmh_tryInit_f_erfperformance0_G,4,1,ErfPerformance_jmhType,,false,false,true,true
C:\Users\simon\Documents\Code\thesis-code\commons-numbers-master\commons-numbers-examples\examples-jmh\target\generated-sources\annotations\org\apache\commons\numbers\examples\jmh\gamma\jmh_generated\ErfPerformance_erf_jmhTest.java,ErfPerformance_erf_jmhTest.java,ErfPerformance_erf_jmhTest,erf_Throughput,6,2,BenchmarkTaskResult,public,false,false,true,true
C:\Users\simon\Documents\Code\thesis-code\commons-numbers-master\commons-numbers-examples\examples-jmh\target\generated-sources\annotations\org\apache\commons\numbers\examples\jmh\gamma\jmh_generated\ErfPerformance_erf_jmhTest.java,ErfPerformance_erf_jmhTest.java,ErfPerformance_erf_jmhTest,erf_thrpt_jmhStub,7,10,void,public; static,false,false,true,true
C:\Users\simon\Documents\Code\thesis-code\commons-numbers-master\commons-numbers-examples\examples-jmh\target\generated-sources\annotations\org\apache\commons\numbers\examples\jmh\gamma\jmh_generated\ErfPerformance_erf_jmhTest.java,ErfPerformance_erf_jmhTest.java,ErfPerformance_erf_jmhTest,erf_AverageTime,6,2,BenchmarkTaskResult,public,false,false,true,true
C:\Users\simon\Documents\Code\thesis-code\commons-numbers-master\commons-numbers-examples\examples-jmh\target\generated-sources\annotations\org\apache\commons\numbers\examples\jmh\gamma\jmh_generated\ErfPerformance_erf_jmhTest.java,ErfPerformance_erf_jmhTest.java,ErfPerformance_erf_jmhTest,erf_avgt_jmhStub,7,10,void,public; static,false,false,true,true
C:\Users\simon\Documents\Code\thesis-code\commons-numbers-master\commons-numbers-examples\examples-jmh\target\generated-sources\annotations\org\apache\commons\numbers\examples\jmh\gamma\jmh_generated\ErfPerformance_erf_jmhTest.java,ErfPerformance_erf_jmhTest.java,ErfPerformance_erf_jmhTest,erf_SampleTime,6,2,BenchmarkTaskResult,public,false,false,true,true
C:\Users\simon\Documents\Code\thesis-code\commons-numbers-master\commons-numbers-examples\examples-jmh\target\generated-sources\annotations\org\apache\commons\numbers\examples\jmh\gamma\jmh_generated\ErfPerformance_erf_jmhTest.java,ErfPerformance_erf_jmhTest.java,ErfPerformance_erf_jmhTest,erf_sample_jmhStub,10,14,void,public; static,false,false,true,true
C:\Users\simon\Documents\Code\thesis-code\commons-numbers-master\commons-numbers-examples\examples-jmh\target\generated-sources\annotations\org\apache\commons\numbers\examples\jmh\gamma\jmh_generated\ErfPerformance_erf_jmhTest.java,ErfPerformance_erf_jmhTest.java,ErfPerformance_erf_jmhTest,erf_SingleShotTime,6,2,BenchmarkTaskResult,public,false,false,true,true
C:\Users\simon\Documents\Code\thesis-code\commons-numbers-master\commons-numbers-examples\examples-jmh\target\generated-sources\annotations\org\apache\commons\numbers\examples\jmh\gamma\jmh_generated\ErfPerformance_erf_jmhTest.java,ErfPerformance_erf_jmhTest.java,ErfPerformance_erf_jmhTest,erf_ss_jmhStub,5,11,void,public; static,false,false,true,true
C:\Users\simon\Documents\Code\thesis-code\commons-numbers-master\commons-numbers-examples\examples-jmh\target\generated-sources\annotations\org\apache\commons\numbers\examples\jmh\gamma\jmh_generated\ErfPerformance_erf_jmhTest.java,ErfPerformance_erf_jmhTest.java,ErfPerformance_erf_jmhTest,_jmh_tryInit_f_erfdata1_G,4,1,ErfPerformance_ErfData_jmhType,,false,false,true,true
C:\Users\simon\Documents\Code\thesis-code\commons-numbers-master\commons-numbers-examples\examples-jmh\target\generated-sources\annotations\org\apache\commons\numbers\examples\jmh\gamma\jmh_generated\ErfPerformance_erf_jmhTest.java,ErfPerformance_erf_jmhTest.java,ErfPerformance_erf_jmhTest,_jmh_tryInit_f_erfperformance0_G,4,1,ErfPerformance_jmhType,,false,false,true,true
C:\Users\simon\Documents\Code\thesis-code\commons-numbers-master\commons-numbers-examples\examples-jmh\target\generated-sources\annotations\org\apache\commons\numbers\examples\jmh\gamma\jmh_generated\ErfPerformance_inverseErfc_jmhTest.java,ErfPerformance_inverseErfc_jmhTest.java,ErfPerformance_inverseErfc_jmhTest,inverseErfc_Throughput,6,2,BenchmarkTaskResult,public,false,false,true,true
C:\Users\simon\Documents\Code\thesis-code\commons-numbers-master\commons-numbers-examples\examples-jmh\target\generated-sources\annotations\org\apache\commons\numbers\examples\jmh\gamma\jmh_generated\ErfPerformance_inverseErfc_jmhTest.java,ErfPerformance_inverseErfc_jmhTest.java,ErfPerformance_inverseErfc_jmhTest,inverseErfc_thrpt_jmhStub,7,10,void,public; static,false,false,true,true
C:\Users\simon\Documents\Code\thesis-code\commons-numbers-master\commons-numbers-examples\examples-jmh\target\generated-sources\annotations\org\apache\commons\numbers\examples\jmh\gamma\jmh_generated\ErfPerformance_inverseErfc_jmhTest.java,ErfPerformance_inverseErfc_jmhTest.java,ErfPerformance_inverseErfc_jmhTest,inverseErfc_AverageTime,6,2,BenchmarkTaskResult,public,false,false,true,true
C:\Users\simon\Documents\Code\thesis-code\commons-numbers-master\commons-numbers-examples\examples-jmh\target\generated-sources\annotations\org\apache\commons\numbers\examples\jmh\gamma\jmh_generated\ErfPerformance_inverseErfc_jmhTest.java,ErfPerformance_inverseErfc_jmhTest.java,ErfPerformance_inverseErfc_jmhTest,inverseErfc_avgt_jmhStub,7,10,void,public; static,false,false,true,true
C:\Users\simon\Documents\Code\thesis-code\commons-numbers-master\commons-numbers-examples\examples-jmh\target\generated-sources\annotations\org\apache\commons\numbers\examples\jmh\gamma\jmh_generated\ErfPerformance_inverseErfc_jmhTest.java,ErfPerformance_inverseErfc_jmhTest.java,ErfPerformance_inverseErfc_jmhTest,inverseErfc_SampleTime,6,2,BenchmarkTaskResult,public,false,false,true,true
C:\Users\simon\Documents\Code\thesis-code\commons-numbers-master\commons-numbers-examples\examples-jmh\target\generated-sources\annotations\org\apache\commons\numbers\examples\jmh\gamma\jmh_generated\ErfPerformance_inverseErfc_jmhTest.java,ErfPerformance_inverseErfc_jmhTest.java,ErfPerformance_inverseErfc_jmhTest,inverseErfc_sample_jmhStub,10,14,void,public; static,false,false,true,true
C:\Users\simon\Documents\Code\thesis-code\commons-numbers-master\commons-numbers-examples\examples-jmh\target\generated-sources\annotations\org\apache\commons\numbers\examples\jmh\gamma\jmh_generated\ErfPerformance_inverseErfc_jmhTest.java,ErfPerformance_inverseErfc_jmhTest.java,ErfPerformance_inverseErfc_jmhTest,inverseErfc_SingleShotTime,6,2,BenchmarkTaskResult,public,false,false,true,true
C:\Users\simon\Documents\Code\thesis-code\commons-numbers-master\commons-numbers-examples\examples-jmh\target\generated-sources\annotations\org\apache\commons\numbers\examples\jmh\gamma\jmh_generated\ErfPerformance_inverseErfc_jmhTest.java,ErfPerformance_inverseErfc_jmhTest.java,ErfPerformance_inverseErfc_jmhTest,inverseErfc_ss_jmhStub,5,11,void,public; static,false,false,true,true
C:\Users\simon\Documents\Code\thesis-code\commons-numbers-master\commons-numbers-examples\examples-jmh\target\generated-sources\annotations\org\apache\commons\numbers\examples\jmh\gamma\jmh_generated\ErfPerformance_inverseErfc_jmhTest.java,ErfPerformance_inverseErfc_jmhTest.java,ErfPerformance_inverseErfc_jmhTest,_jmh_tryInit_f_erfperformance0_G,4,1,ErfPerformance_jmhType,,false,false,true,true
C:\Users\simon\Documents\Code\thesis-code\commons-numbers-master\commons-numbers-examples\examples-jmh\target\generated-sources\annotations\org\apache\commons\numbers\examples\jmh\gamma\jmh_generated\ErfPerformance_inverseErfc_jmhTest.java,ErfPerformance_inverseErfc_jmhTest.java,ErfPerformance_inverseErfc_jmhTest,_jmh_tryInit_f_inverseerfcdata1_G,4,1,ErfPerformance_InverseErfcData_jmhType,,false,false,true,true
C:\Users\simon\Documents\Code\thesis-code\commons-numbers-master\commons-numbers-examples\examples-jmh\target\generated-sources\annotations\org\apache\commons\numbers\examples\jmh\gamma\jmh_generated\ErfPerformance_inverseErf_jmhTest.java,ErfPerformance_inverseErf_jmhTest.java,ErfPerformance_inverseErf_jmhTest,inverseErf_Throughput,6,2,BenchmarkTaskResult,public,false,false,true,true
C:\Users\simon\Documents\Code\thesis-code\commons-numbers-master\commons-numbers-examples\examples-jmh\target\generated-sources\annotations\org\apache\commons\numbers\examples\jmh\gamma\jmh_generated\ErfPerformance_inverseErf_jmhTest.java,ErfPerformance_inverseErf_jmhTest.java,ErfPerformance_inverseErf_jmhTest,inverseErf_thrpt_jmhStub,7,10,void,public; static,false,false,true,true
C:\Users\simon\Documents\Code\thesis-code\commons-numbers-master\commons-numbers-examples\examples-jmh\target\generated-sources\annotations\org\apache\commons\numbers\examples\jmh\gamma\jmh_generated\ErfPerformance_inverseErf_jmhTest.java,ErfPerformance_inverseErf_jmhTest.java,ErfPerformance_inverseErf_jmhTest,inverseErf_AverageTime,6,2,BenchmarkTaskResult,public,false,false,true,true
C:\Users\simon\Documents\Code\thesis-code\commons-numbers-master\commons-numbers-examples\examples-jmh\target\generated-sources\annotations\org\apache\commons\numbers\examples\jmh\gamma\jmh_generated\ErfPerformance_inverseErf_jmhTest.java,ErfPerformance_inverseErf_jmhTest.java,ErfPerformance_inverseErf_jmhTest,inverseErf_avgt_jmhStub,7,10,void,public; static,false,false,true,true
C:\Users\simon\Documents\Code\thesis-code\commons-numbers-master\commons-numbers-examples\examples-jmh\target\generated-sources\annotations\org\apache\commons\numbers\examples\jmh\gamma\jmh_generated\ErfPerformance_inverseErf_jmhTest.java,ErfPerformance_inverseErf_jmhTest.java,ErfPerformance_inverseErf_jmhTest,inverseErf_SampleTime,6,2,BenchmarkTaskResult,public,false,false,true,true
C:\Users\simon\Documents\Code\thesis-code\commons-numbers-master\commons-numbers-examples\examples-jmh\target\generated-sources\annotations\org\apache\commons\numbers\examples\jmh\gamma\jmh_generated\ErfPerformance_inverseErf_jmhTest.java,ErfPerformance_inverseErf_jmhTest.java,ErfPerformance_inverseErf_jmhTest,inverseErf_sample_jmhStub,10,14,void,public; static,false,false,true,true
C:\Users\simon\Documents\Code\thesis-code\commons-numbers-master\commons-numbers-examples\examples-jmh\target\generated-sources\annotations\org\apache\commons\numbers\examples\jmh\gamma\jmh_generated\ErfPerformance_inverseErf_jmhTest.java,ErfPerformance_inverseErf_jmhTest.java,ErfPerformance_inverseErf_jmhTest,inverseErf_SingleShotTime,6,2,BenchmarkTaskResult,public,false,false,true,true
C:\Users\simon\Documents\Code\thesis-code\commons-numbers-master\commons-numbers-examples\examples-jmh\target\generated-sources\annotations\org\apache\commons\numbers\examples\jmh\gamma\jmh_generated\ErfPerformance_inverseErf_jmhTest.java,ErfPerformance_inverseErf_jmhTest.java,ErfPerformance_inverseErf_jmhTest,inverseErf_ss_jmhStub,5,11,void,public; static,false,false,true,true
C:\Users\simon\Documents\Code\thesis-code\commons-numbers-master\commons-numbers-examples\examples-jmh\target\generated-sources\annotations\org\apache\commons\numbers\examples\jmh\gamma\jmh_generated\ErfPerformance_inverseErf_jmhTest.java,ErfPerformance_inverseErf_jmhTest.java,ErfPerformance_inverseErf_jmhTest,_jmh_tryInit_f_erfperformance0_G,4,1,ErfPerformance_jmhType,,false,false,true,true
C:\Users\simon\Documents\Code\thesis-code\commons-numbers-master\commons-numbers-examples\examples-jmh\target\generated-sources\annotations\org\apache\commons\numbers\examples\jmh\gamma\jmh_generated\ErfPerformance_inverseErf_jmhTest.java,ErfPerformance_inverseErf_jmhTest.java,ErfPerformance_inverseErf_jmhTest,_jmh_tryInit_f_inverseerfdata1_G,4,1,ErfPerformance_InverseErfData_jmhType,,false,false,true,true
C:\Users\simon\Documents\Code\thesis-code\commons-numbers-master\commons-numbers-examples\examples-jmh\target\generated-sources\annotations\org\apache\commons\numbers\examples\jmh\gamma\jmh_generated\GammaContinuedFractionPerformance_evaluate_jmhTest.java,GammaContinuedFractionPerformance_evaluate_jmhTest.java,GammaContinuedFractionPerformance_evaluate_jmhTest,evaluate_Throughput,6,2,BenchmarkTaskResult,public,false,false,true,true
C:\Users\simon\Documents\Code\thesis-code\commons-numbers-master\commons-numbers-examples\examples-jmh\target\generated-sources\annotations\org\apache\commons\numbers\examples\jmh\gamma\jmh_generated\GammaContinuedFractionPerformance_evaluate_jmhTest.java,GammaContinuedFractionPerformance_evaluate_jmhTest.java,GammaContinuedFractionPerformance_evaluate_jmhTest,evaluate_thrpt_jmhStub,7,10,void,public; static,false,false,true,true
C:\Users\simon\Documents\Code\thesis-code\commons-numbers-master\commons-numbers-examples\examples-jmh\target\generated-sources\annotations\org\apache\commons\numbers\examples\jmh\gamma\jmh_generated\GammaContinuedFractionPerformance_evaluate_jmhTest.java,GammaContinuedFractionPerformance_evaluate_jmhTest.java,GammaContinuedFractionPerformance_evaluate_jmhTest,evaluate_AverageTime,6,2,BenchmarkTaskResult,public,false,false,true,true
C:\Users\simon\Documents\Code\thesis-code\commons-numbers-master\commons-numbers-examples\examples-jmh\target\generated-sources\annotations\org\apache\commons\numbers\examples\jmh\gamma\jmh_generated\GammaContinuedFractionPerformance_evaluate_jmhTest.java,GammaContinuedFractionPerformance_evaluate_jmhTest.java,GammaContinuedFractionPerformance_evaluate_jmhTest,evaluate_avgt_jmhStub,7,10,void,public; static,false,false,true,true
C:\Users\simon\Documents\Code\thesis-code\commons-numbers-master\commons-numbers-examples\examples-jmh\target\generated-sources\annotations\org\apache\commons\numbers\examples\jmh\gamma\jmh_generated\GammaContinuedFractionPerformance_evaluate_jmhTest.java,GammaContinuedFractionPerformance_evaluate_jmhTest.java,GammaContinuedFractionPerformance_evaluate_jmhTest,evaluate_SampleTime,6,2,BenchmarkTaskResult,public,false,false,true,true
C:\Users\simon\Documents\Code\thesis-code\commons-numbers-master\commons-numbers-examples\examples-jmh\target\generated-sources\annotations\org\apache\commons\numbers\examples\jmh\gamma\jmh_generated\GammaContinuedFractionPerformance_evaluate_jmhTest.java,GammaContinuedFractionPerformance_evaluate_jmhTest.java,GammaContinuedFractionPerformance_evaluate_jmhTest,evaluate_sample_jmhStub,10,14,void,public; static,false,false,true,true
C:\Users\simon\Documents\Code\thesis-code\commons-numbers-master\commons-numbers-examples\examples-jmh\target\generated-sources\annotations\org\apache\commons\numbers\examples\jmh\gamma\jmh_generated\GammaContinuedFractionPerformance_evaluate_jmhTest.java,GammaContinuedFractionPerformance_evaluate_jmhTest.java,GammaContinuedFractionPerformance_evaluate_jmhTest,evaluate_SingleShotTime,6,2,BenchmarkTaskResult,public,false,false,true,true
C:\Users\simon\Documents\Code\thesis-code\commons-numbers-master\commons-numbers-examples\examples-jmh\target\generated-sources\annotations\org\apache\commons\numbers\examples\jmh\gamma\jmh_generated\GammaContinuedFractionPerformance_evaluate_jmhTest.java,GammaContinuedFractionPerformance_evaluate_jmhTest.java,GammaContinuedFractionPerformance_evaluate_jmhTest,evaluate_ss_jmhStub,5,11,void,public; static,false,false,true,true
C:\Users\simon\Documents\Code\thesis-code\commons-numbers-master\commons-numbers-examples\examples-jmh\target\generated-sources\annotations\org\apache\commons\numbers\examples\jmh\gamma\jmh_generated\GammaContinuedFractionPerformance_evaluate_jmhTest.java,GammaContinuedFractionPerformance_evaluate_jmhTest.java,GammaContinuedFractionPerformance_evaluate_jmhTest,_jmh_tryInit_f_basedata1_G,4,1,GammaContinuedFractionPerformance_BaseData_jmhType,,false,false,true,true
C:\Users\simon\Documents\Code\thesis-code\commons-numbers-master\commons-numbers-examples\examples-jmh\target\generated-sources\annotations\org\apache\commons\numbers\examples\jmh\gamma\jmh_generated\GammaContinuedFractionPerformance_evaluate_jmhTest.java,GammaContinuedFractionPerformance_evaluate_jmhTest.java,GammaContinuedFractionPerformance_evaluate_jmhTest,_jmh_tryInit_f_gammacontinuedfractionperformance0_G,4,1,GammaContinuedFractionPerformance_jmhType,,false,false,true,true
