FilePath,FileName,ClassName,MethodName,TotalStatements,TotalParameters,ReturnType,AccessModifier,MethodHasAnnotation,MethodHasTestInName,FileHasTestInName,ClassHasTestInName
C:\Users\simon\Documents\Code\thesis-code\commons-io-master\src\test\java\org\apache\commons\io\AbstractFileUtilsDeleteDirectoryTest.java,AbstractFileUtilsDeleteDirectoryTest.java,AbstractFileUtilsDeleteDirectoryTest,setupSymlink,0,2,boolean,protected; abstract,false,false,true,true
C:\Users\simon\Documents\Code\thesis-code\commons-io-master\src\test\java\org\apache\commons\io\AbstractFileUtilsDeleteDirectoryTest.java,AbstractFileUtilsDeleteDirectoryTest.java,AbstractFileUtilsDeleteDirectoryTest,testDeleteDirectoryNullArgument,1,0,void,,true,true,true,true
C:\Users\simon\Documents\Code\thesis-code\commons-io-master\src\test\java\org\apache\commons\io\AbstractFileUtilsDeleteDirectoryTest.java,AbstractFileUtilsDeleteDirectoryTest.java,AbstractFileUtilsDeleteDirectoryTest,testDeleteDirWithASymbolicLinkDir2,16,0,void,,true,true,true,true
C:\Users\simon\Documents\Code\thesis-code\commons-io-master\src\test\java\org\apache\commons\io\AbstractFileUtilsDeleteDirectoryTest.java,AbstractFileUtilsDeleteDirectoryTest.java,AbstractFileUtilsDeleteDirectoryTest,testDeleteDirWithASymlinkDir,16,0,void,,true,true,true,true
C:\Users\simon\Documents\Code\thesis-code\commons-io-master\src\test\java\org\apache\commons\io\AbstractFileUtilsDeleteDirectoryTest.java,AbstractFileUtilsDeleteDirectoryTest.java,AbstractFileUtilsDeleteDirectoryTest,testDeleteDirWithSymlinkFile,17,0,void,,true,true,true,true
C:\Users\simon\Documents\Code\thesis-code\commons-io-master\src\test\java\org\apache\commons\io\AbstractFileUtilsDeleteDirectoryTest.java,AbstractFileUtilsDeleteDirectoryTest.java,AbstractFileUtilsDeleteDirectoryTest,testDeleteInvalidSymbolicLinks,15,0,void,,true,true,true,true
C:\Users\simon\Documents\Code\thesis-code\commons-io-master\src\test\java\org\apache\commons\io\AbstractFileUtilsDeleteDirectoryTest.java,AbstractFileUtilsDeleteDirectoryTest.java,AbstractFileUtilsDeleteDirectoryTest,testDeleteParentSymbolicLink2,18,0,void,,true,true,true,true
C:\Users\simon\Documents\Code\thesis-code\commons-io-master\src\test\java\org\apache\commons\io\AbstractFileUtilsDeleteDirectoryTest.java,AbstractFileUtilsDeleteDirectoryTest.java,AbstractFileUtilsDeleteDirectoryTest,testDeleteParentSymlink,18,0,void,,true,true,true,true
C:\Users\simon\Documents\Code\thesis-code\commons-io-master\src\test\java\org\apache\commons\io\AbstractFileUtilsDeleteDirectoryTest.java,AbstractFileUtilsDeleteDirectoryTest.java,AbstractFileUtilsDeleteDirectoryTest,testDeletesNested,8,0,void,,true,true,true,true
C:\Users\simon\Documents\Code\thesis-code\commons-io-master\src\test\java\org\apache\commons\io\AbstractFileUtilsDeleteDirectoryTest.java,AbstractFileUtilsDeleteDirectoryTest.java,AbstractFileUtilsDeleteDirectoryTest,testDeletesRegular,6,0,void,,true,true,true,true
C:\Users\simon\Documents\Code\thesis-code\commons-io-master\src\test\java\org\apache\commons\io\build\AbstractOriginTest.java,AbstractOriginTest.java,AbstractOriginTest,beforeEach,3,0,void,,false,false,true,true
C:\Users\simon\Documents\Code\thesis-code\commons-io-master\src\test\java\org\apache\commons\io\build\AbstractOriginTest.java,AbstractOriginTest.java,AbstractOriginTest,checkRead,7,1,void,private,false,false,true,true
C:\Users\simon\Documents\Code\thesis-code\commons-io-master\src\test\java\org\apache\commons\io\build\AbstractOriginTest.java,AbstractOriginTest.java,AbstractOriginTest,checkWrite,3,1,void,private,false,false,true,true
C:\Users\simon\Documents\Code\thesis-code\commons-io-master\src\test\java\org\apache\commons\io\build\AbstractOriginTest.java,AbstractOriginTest.java,AbstractOriginTest,cleanup,4,0,void,,false,false,true,true
C:\Users\simon\Documents\Code\thesis-code\commons-io-master\src\test\java\org\apache\commons\io\build\AbstractOriginTest.java,AbstractOriginTest.java,AbstractOriginTest,getFixtureByteArray,1,0,byte[],,false,false,true,true
C:\Users\simon\Documents\Code\thesis-code\commons-io-master\src\test\java\org\apache\commons\io\build\AbstractOriginTest.java,AbstractOriginTest.java,AbstractOriginTest,getFixtureString,1,0,String,,false,false,true,true
C:\Users\simon\Documents\Code\thesis-code\commons-io-master\src\test\java\org\apache\commons\io\build\AbstractOriginTest.java,AbstractOriginTest.java,AbstractOriginTest,getOriginRo,1,0,"AbstractOrigin<T, B>",protected,false,false,true,true
C:\Users\simon\Documents\Code\thesis-code\commons-io-master\src\test\java\org\apache\commons\io\build\AbstractOriginTest.java,AbstractOriginTest.java,AbstractOriginTest,getOriginRw,1,0,"AbstractOrigin<T, B>",protected,false,false,true,true
C:\Users\simon\Documents\Code\thesis-code\commons-io-master\src\test\java\org\apache\commons\io\build\AbstractOriginTest.java,AbstractOriginTest.java,AbstractOriginTest,isValid,1,1,boolean,private,false,false,true,true
C:\Users\simon\Documents\Code\thesis-code\commons-io-master\src\test\java\org\apache\commons\io\build\AbstractOriginTest.java,AbstractOriginTest.java,AbstractOriginTest,newOriginRo,0,0,B,protected; abstract,false,false,true,true
C:\Users\simon\Documents\Code\thesis-code\commons-io-master\src\test\java\org\apache\commons\io\build\AbstractOriginTest.java,AbstractOriginTest.java,AbstractOriginTest,newOriginRw,0,0,B,protected; abstract,false,false,true,true
C:\Users\simon\Documents\Code\thesis-code\commons-io-master\src\test\java\org\apache\commons\io\build\AbstractOriginTest.java,AbstractOriginTest.java,AbstractOriginTest,resetOriginRw,0,0,void,protected,false,false,true,true
C:\Users\simon\Documents\Code\thesis-code\commons-io-master\src\test\java\org\apache\commons\io\build\AbstractOriginTest.java,AbstractOriginTest.java,AbstractOriginTest,setOriginRo,1,1,void,protected,false,false,true,true
C:\Users\simon\Documents\Code\thesis-code\commons-io-master\src\test\java\org\apache\commons\io\build\AbstractOriginTest.java,AbstractOriginTest.java,AbstractOriginTest,setOriginRw,1,1,void,protected,false,false,true,true
C:\Users\simon\Documents\Code\thesis-code\commons-io-master\src\test\java\org\apache\commons\io\build\AbstractOriginTest.java,AbstractOriginTest.java,AbstractOriginTest,testGetByteArray,1,0,void,,true,true,true,true
C:\Users\simon\Documents\Code\thesis-code\commons-io-master\src\test\java\org\apache\commons\io\build\AbstractOriginTest.java,AbstractOriginTest.java,AbstractOriginTest,testGetByteArrayAt_0_0,1,0,void,,true,true,true,true
C:\Users\simon\Documents\Code\thesis-code\commons-io-master\src\test\java\org\apache\commons\io\build\AbstractOriginTest.java,AbstractOriginTest.java,AbstractOriginTest,testGetByteArrayAt_0_1,1,0,void,,true,true,true,true
C:\Users\simon\Documents\Code\thesis-code\commons-io-master\src\test\java\org\apache\commons\io\build\AbstractOriginTest.java,AbstractOriginTest.java,AbstractOriginTest,testGetByteArrayAt_1_1,1,0,void,,true,true,true,true
C:\Users\simon\Documents\Code\thesis-code\commons-io-master\src\test\java\org\apache\commons\io\build\AbstractOriginTest.java,AbstractOriginTest.java,AbstractOriginTest,testGetCharSequence,3,0,void,,true,true,true,true
C:\Users\simon\Documents\Code\thesis-code\commons-io-master\src\test\java\org\apache\commons\io\build\AbstractOriginTest.java,AbstractOriginTest.java,AbstractOriginTest,testGetFile,3,0,void,,true,true,true,true
C:\Users\simon\Documents\Code\thesis-code\commons-io-master\src\test\java\org\apache\commons\io\build\AbstractOriginTest.java,AbstractOriginTest.java,AbstractOriginTest,testGetFile,4,2,void,private,false,true,true,true
C:\Users\simon\Documents\Code\thesis-code\commons-io-master\src\test\java\org\apache\commons\io\build\AbstractOriginTest.java,AbstractOriginTest.java,AbstractOriginTest,testGetInputStream,1,0,void,,true,true,true,true
C:\Users\simon\Documents\Code\thesis-code\commons-io-master\src\test\java\org\apache\commons\io\build\AbstractOriginTest.java,AbstractOriginTest.java,AbstractOriginTest,testGetOutputStream,1,0,void,,true,true,true,true
C:\Users\simon\Documents\Code\thesis-code\commons-io-master\src\test\java\org\apache\commons\io\build\AbstractOriginTest.java,AbstractOriginTest.java,AbstractOriginTest,testGetPath,3,0,void,,true,true,true,true
C:\Users\simon\Documents\Code\thesis-code\commons-io-master\src\test\java\org\apache\commons\io\build\AbstractOriginTest.java,AbstractOriginTest.java,AbstractOriginTest,testGetPath,4,2,void,private,false,true,true,true
C:\Users\simon\Documents\Code\thesis-code\commons-io-master\src\test\java\org\apache\commons\io\build\AbstractOriginTest.java,AbstractOriginTest.java,AbstractOriginTest,testGetRandomAccessFile,7,0,void,,true,true,true,true
C:\Users\simon\Documents\Code\thesis-code\commons-io-master\src\test\java\org\apache\commons\io\build\AbstractOriginTest.java,AbstractOriginTest.java,AbstractOriginTest,testGetRandomAccessFile,5,1,void,,false,true,true,true
C:\Users\simon\Documents\Code\thesis-code\commons-io-master\src\test\java\org\apache\commons\io\build\AbstractOriginTest.java,AbstractOriginTest.java,AbstractOriginTest,testGetReadableByteChannel,1,0,void,,true,true,true,true
C:\Users\simon\Documents\Code\thesis-code\commons-io-master\src\test\java\org\apache\commons\io\build\AbstractOriginTest.java,AbstractOriginTest.java,AbstractOriginTest,testGetReader,5,0,void,,true,true,true,true
C:\Users\simon\Documents\Code\thesis-code\commons-io-master\src\test\java\org\apache\commons\io\build\AbstractOriginTest.java,AbstractOriginTest.java,AbstractOriginTest,testGetWritableByteChannel,5,0,void,,true,true,true,true
C:\Users\simon\Documents\Code\thesis-code\commons-io-master\src\test\java\org\apache\commons\io\build\AbstractOriginTest.java,AbstractOriginTest.java,AbstractOriginTest,testGetWriter,3,0,void,,true,true,true,true
C:\Users\simon\Documents\Code\thesis-code\commons-io-master\src\test\java\org\apache\commons\io\build\AbstractOriginTest.java,AbstractOriginTest.java,AbstractOriginTest,testSize,1,0,void,,true,true,true,true
C:\Users\simon\Documents\Code\thesis-code\commons-io-master\src\test\java\org\apache\commons\io\build\AbstractRandomAccessFileOriginTest.java,AbstractRandomAccessFileOriginTest.java,AbstractRandomAccessFileOriginTest,resetOriginRw,2,0,void,protected,false,false,true,true
C:\Users\simon\Documents\Code\thesis-code\commons-io-master\src\test\java\org\apache\commons\io\build\AbstractStreamBuilderTest.java,AbstractStreamBuilderTest.java,Builder,get,3,0,char[],public,false,false,true,false
C:\Users\simon\Documents\Code\thesis-code\commons-io-master\src\test\java\org\apache\commons\io\build\AbstractStreamBuilderTest.java,AbstractStreamBuilderTest.java,Builder,fileBasedConfigurers,3,0,Stream<IOConsumer<Builder>>,private; static,false,false,true,false
C:\Users\simon\Documents\Code\thesis-code\commons-io-master\src\test\java\org\apache\commons\io\build\AbstractStreamBuilderTest.java,AbstractStreamBuilderTest.java,Builder,assertResult,3,2,void,private,false,false,true,false
C:\Users\simon\Documents\Code\thesis-code\commons-io-master\src\test\java\org\apache\commons\io\build\AbstractStreamBuilderTest.java,AbstractStreamBuilderTest.java,Builder,builder,1,0,Builder,protected,false,false,true,false
C:\Users\simon\Documents\Code\thesis-code\commons-io-master\src\test\java\org\apache\commons\io\build\AbstractStreamBuilderTest.java,AbstractStreamBuilderTest.java,Builder,getGetSeekableByteChannel,3,1,void,,false,false,true,false
C:\Users\simon\Documents\Code\thesis-code\commons-io-master\src\test\java\org\apache\commons\io\build\AbstractStreamBuilderTest.java,AbstractStreamBuilderTest.java,Builder,testBufferSizeChecker,5,0,void,,true,true,true,false
C:\Users\simon\Documents\Code\thesis-code\commons-io-master\src\test\java\org\apache\commons\io\build\AbstractStreamBuilderTest.java,AbstractStreamBuilderTest.java,Builder,testGetInputStream,3,1,void,,false,true,true,false
C:\Users\simon\Documents\Code\thesis-code\commons-io-master\src\test\java\org\apache\commons\io\build\AbstractSupplierTest.java,AbstractSupplierTest.java,Foo,get,1,0,Foo,public,false,false,true,false
C:\Users\simon\Documents\Code\thesis-code\commons-io-master\src\test\java\org\apache\commons\io\build\AbstractSupplierTest.java,AbstractSupplierTest.java,Foo,setBar1,2,1,Builder,public,false,false,true,false
C:\Users\simon\Documents\Code\thesis-code\commons-io-master\src\test\java\org\apache\commons\io\build\AbstractSupplierTest.java,AbstractSupplierTest.java,Foo,setBar2,2,1,Builder,public,false,false,true,false
C:\Users\simon\Documents\Code\thesis-code\commons-io-master\src\test\java\org\apache\commons\io\build\AbstractSupplierTest.java,AbstractSupplierTest.java,Foo,setBar3,2,1,Builder,public,false,false,true,false
C:\Users\simon\Documents\Code\thesis-code\commons-io-master\src\test\java\org\apache\commons\io\build\AbstractSupplierTest.java,AbstractSupplierTest.java,Foo,builder,1,0,Builder,public; static,false,false,true,false
C:\Users\simon\Documents\Code\thesis-code\commons-io-master\src\test\java\org\apache\commons\io\build\AbstractSupplierTest.java,AbstractSupplierTest.java,Foo,getBar1,1,0,String,public,false,false,true,false
C:\Users\simon\Documents\Code\thesis-code\commons-io-master\src\test\java\org\apache\commons\io\build\AbstractSupplierTest.java,AbstractSupplierTest.java,Foo,getBar2,1,0,String,public,false,false,true,false
C:\Users\simon\Documents\Code\thesis-code\commons-io-master\src\test\java\org\apache\commons\io\build\AbstractSupplierTest.java,AbstractSupplierTest.java,Foo,getBar3,1,0,String,public,false,false,true,false
C:\Users\simon\Documents\Code\thesis-code\commons-io-master\src\test\java\org\apache\commons\io\build\AbstractSupplierTest.java,AbstractSupplierTest.java,Foo,test,4,0,void,,true,true,true,false
C:\Users\simon\Documents\Code\thesis-code\commons-io-master\src\test\java\org\apache\commons\io\build\ByteArrayOriginTest.java,ByteArrayOriginTest.java,ByteArrayOriginTest,newOriginRo,1,0,ByteArrayOrigin,protected,false,false,true,true
C:\Users\simon\Documents\Code\thesis-code\commons-io-master\src\test\java\org\apache\commons\io\build\ByteArrayOriginTest.java,ByteArrayOriginTest.java,ByteArrayOriginTest,newOriginRw,1,0,ByteArrayOrigin,protected,false,false,true,true
C:\Users\simon\Documents\Code\thesis-code\commons-io-master\src\test\java\org\apache\commons\io\build\ByteArrayOriginTest.java,ByteArrayOriginTest.java,ByteArrayOriginTest,testGetFile,1,0,void,,true,true,true,true
C:\Users\simon\Documents\Code\thesis-code\commons-io-master\src\test\java\org\apache\commons\io\build\ByteArrayOriginTest.java,ByteArrayOriginTest.java,ByteArrayOriginTest,testGetOutputStream,1,0,void,,true,true,true,true
C:\Users\simon\Documents\Code\thesis-code\commons-io-master\src\test\java\org\apache\commons\io\build\ByteArrayOriginTest.java,ByteArrayOriginTest.java,ByteArrayOriginTest,testGetPath,1,0,void,,true,true,true,true
C:\Users\simon\Documents\Code\thesis-code\commons-io-master\src\test\java\org\apache\commons\io\build\ByteArrayOriginTest.java,ByteArrayOriginTest.java,ByteArrayOriginTest,testGetRandomAccessFile,1,0,void,,true,true,true,true
C:\Users\simon\Documents\Code\thesis-code\commons-io-master\src\test\java\org\apache\commons\io\build\ByteArrayOriginTest.java,ByteArrayOriginTest.java,ByteArrayOriginTest,testGetRandomAccessFile,1,1,void,,false,true,true,true
C:\Users\simon\Documents\Code\thesis-code\commons-io-master\src\test\java\org\apache\commons\io\build\ByteArrayOriginTest.java,ByteArrayOriginTest.java,ByteArrayOriginTest,testGetWritableByteChannel,1,0,void,,true,true,true,true
C:\Users\simon\Documents\Code\thesis-code\commons-io-master\src\test\java\org\apache\commons\io\build\ByteArrayOriginTest.java,ByteArrayOriginTest.java,ByteArrayOriginTest,testGetWriter,1,0,void,,true,true,true,true
C:\Users\simon\Documents\Code\thesis-code\commons-io-master\src\test\java\org\apache\commons\io\build\ChannelOriginTest.java,ChannelOriginTest.java,ChannelOriginTest,newOriginRo,1,0,ChannelOrigin,protected,false,false,true,true
C:\Users\simon\Documents\Code\thesis-code\commons-io-master\src\test\java\org\apache\commons\io\build\ChannelOriginTest.java,ChannelOriginTest.java,ChannelOriginTest,newOriginRw,1,0,ChannelOrigin,protected,false,false,true,true
C:\Users\simon\Documents\Code\thesis-code\commons-io-master\src\test\java\org\apache\commons\io\build\ChannelOriginTest.java,ChannelOriginTest.java,ChannelOriginTest,resetOriginRw,2,0,void,protected,false,false,true,true
C:\Users\simon\Documents\Code\thesis-code\commons-io-master\src\test\java\org\apache\commons\io\build\ChannelOriginTest.java,ChannelOriginTest.java,ChannelOriginTest,testGetFile,1,0,void,,true,true,true,true
C:\Users\simon\Documents\Code\thesis-code\commons-io-master\src\test\java\org\apache\commons\io\build\ChannelOriginTest.java,ChannelOriginTest.java,ChannelOriginTest,testGetPath,1,0,void,,true,true,true,true
C:\Users\simon\Documents\Code\thesis-code\commons-io-master\src\test\java\org\apache\commons\io\build\ChannelOriginTest.java,ChannelOriginTest.java,ChannelOriginTest,testGetRandomAccessFile,1,0,void,,true,true,true,true
C:\Users\simon\Documents\Code\thesis-code\commons-io-master\src\test\java\org\apache\commons\io\build\ChannelOriginTest.java,ChannelOriginTest.java,ChannelOriginTest,testGetRandomAccessFile,1,1,void,,false,true,true,true
C:\Users\simon\Documents\Code\thesis-code\commons-io-master\src\test\java\org\apache\commons\io\build\ChannelOriginTest.java,ChannelOriginTest.java,ChannelOriginTest,testUnsupportedOperations_ReadableByteChannel,5,0,void,,true,true,true,true
C:\Users\simon\Documents\Code\thesis-code\commons-io-master\src\test\java\org\apache\commons\io\build\ChannelOriginTest.java,ChannelOriginTest.java,ChannelOriginTest,testUnsupportedOperations_WritableByteChannel,5,0,void,,true,true,true,true
C:\Users\simon\Documents\Code\thesis-code\commons-io-master\src\test\java\org\apache\commons\io\build\CharSequenceOriginTest.java,CharSequenceOriginTest.java,CharSequenceOriginTest,getFixtureStringFromFile,1,0,String,private,false,false,true,true
C:\Users\simon\Documents\Code\thesis-code\commons-io-master\src\test\java\org\apache\commons\io\build\CharSequenceOriginTest.java,CharSequenceOriginTest.java,CharSequenceOriginTest,newOriginRo,1,0,CharSequenceOrigin,protected,false,false,true,true
C:\Users\simon\Documents\Code\thesis-code\commons-io-master\src\test\java\org\apache\commons\io\build\CharSequenceOriginTest.java,CharSequenceOriginTest.java,CharSequenceOriginTest,newOriginRw,1,0,CharSequenceOrigin,protected,false,false,true,true
C:\Users\simon\Documents\Code\thesis-code\commons-io-master\src\test\java\org\apache\commons\io\build\CharSequenceOriginTest.java,CharSequenceOriginTest.java,CharSequenceOriginTest,testGetFile,1,0,void,,true,true,true,true
C:\Users\simon\Documents\Code\thesis-code\commons-io-master\src\test\java\org\apache\commons\io\build\CharSequenceOriginTest.java,CharSequenceOriginTest.java,CharSequenceOriginTest,testGetOutputStream,1,0,void,,true,true,true,true
C:\Users\simon\Documents\Code\thesis-code\commons-io-master\src\test\java\org\apache\commons\io\build\CharSequenceOriginTest.java,CharSequenceOriginTest.java,CharSequenceOriginTest,testGetPath,1,0,void,,true,true,true,true
C:\Users\simon\Documents\Code\thesis-code\commons-io-master\src\test\java\org\apache\commons\io\build\CharSequenceOriginTest.java,CharSequenceOriginTest.java,CharSequenceOriginTest,testGetRandomAccessFile,1,0,void,,true,true,true,true
C:\Users\simon\Documents\Code\thesis-code\commons-io-master\src\test\java\org\apache\commons\io\build\CharSequenceOriginTest.java,CharSequenceOriginTest.java,CharSequenceOriginTest,testGetRandomAccessFile,1,1,void,,false,true,true,true
C:\Users\simon\Documents\Code\thesis-code\commons-io-master\src\test\java\org\apache\commons\io\build\CharSequenceOriginTest.java,CharSequenceOriginTest.java,CharSequenceOriginTest,testGetReaderIgnoreCharset,1,0,void,,true,true,true,true
C:\Users\simon\Documents\Code\thesis-code\commons-io-master\src\test\java\org\apache\commons\io\build\CharSequenceOriginTest.java,CharSequenceOriginTest.java,CharSequenceOriginTest,testGetReaderIgnoreCharsetNull,1,0,void,,true,true,true,true
C:\Users\simon\Documents\Code\thesis-code\commons-io-master\src\test\java\org\apache\commons\io\build\CharSequenceOriginTest.java,CharSequenceOriginTest.java,CharSequenceOriginTest,testGetWritableByteChannel,1,0,void,,true,true,true,true
C:\Users\simon\Documents\Code\thesis-code\commons-io-master\src\test\java\org\apache\commons\io\build\CharSequenceOriginTest.java,CharSequenceOriginTest.java,CharSequenceOriginTest,testGetWriter,1,0,void,,true,true,true,true
C:\Users\simon\Documents\Code\thesis-code\commons-io-master\src\test\java\org\apache\commons\io\build\FileOriginTest.java,FileOriginTest.java,FileOriginTest,newOriginRo,1,0,FileOrigin,protected,false,false,true,true
C:\Users\simon\Documents\Code\thesis-code\commons-io-master\src\test\java\org\apache\commons\io\build\FileOriginTest.java,FileOriginTest.java,FileOriginTest,newOriginRw,1,0,FileOrigin,protected,false,false,true,true
C:\Users\simon\Documents\Code\thesis-code\commons-io-master\src\test\java\org\apache\commons\io\build\FileOriginTest.java,FileOriginTest.java,FileOriginTest,resetOriginRw,2,0,void,protected,false,false,true,true
C:\Users\simon\Documents\Code\thesis-code\commons-io-master\src\test\java\org\apache\commons\io\build\InputStreamOriginTest.java,InputStreamOriginTest.java,InputStreamOriginTest,newOriginRo,1,0,InputStreamOrigin,protected,false,false,true,true
C:\Users\simon\Documents\Code\thesis-code\commons-io-master\src\test\java\org\apache\commons\io\build\InputStreamOriginTest.java,InputStreamOriginTest.java,InputStreamOriginTest,newOriginRw,1,0,InputStreamOrigin,protected,false,false,true,true
C:\Users\simon\Documents\Code\thesis-code\commons-io-master\src\test\java\org\apache\commons\io\build\InputStreamOriginTest.java,InputStreamOriginTest.java,InputStreamOriginTest,testGetFile,1,0,void,,true,true,true,true
C:\Users\simon\Documents\Code\thesis-code\commons-io-master\src\test\java\org\apache\commons\io\build\InputStreamOriginTest.java,InputStreamOriginTest.java,InputStreamOriginTest,testGetOutputStream,1,0,void,,true,true,true,true
C:\Users\simon\Documents\Code\thesis-code\commons-io-master\src\test\java\org\apache\commons\io\build\InputStreamOriginTest.java,InputStreamOriginTest.java,InputStreamOriginTest,testGetPath,1,0,void,,true,true,true,true
C:\Users\simon\Documents\Code\thesis-code\commons-io-master\src\test\java\org\apache\commons\io\build\InputStreamOriginTest.java,InputStreamOriginTest.java,InputStreamOriginTest,testGetRandomAccessFile,1,0,void,,true,true,true,true
C:\Users\simon\Documents\Code\thesis-code\commons-io-master\src\test\java\org\apache\commons\io\build\InputStreamOriginTest.java,InputStreamOriginTest.java,InputStreamOriginTest,testGetRandomAccessFile,1,1,void,,false,true,true,true
C:\Users\simon\Documents\Code\thesis-code\commons-io-master\src\test\java\org\apache\commons\io\build\InputStreamOriginTest.java,InputStreamOriginTest.java,InputStreamOriginTest,testGetWritableByteChannel,1,0,void,,true,true,true,true
C:\Users\simon\Documents\Code\thesis-code\commons-io-master\src\test\java\org\apache\commons\io\build\InputStreamOriginTest.java,InputStreamOriginTest.java,InputStreamOriginTest,testGetWriter,1,0,void,,true,true,true,true
C:\Users\simon\Documents\Code\thesis-code\commons-io-master\src\test\java\org\apache\commons\io\build\IORandomAccessFileOriginTest.java,IORandomAccessFileOriginTest.java,IORandomAccessFileOriginTest,newOriginRo,1,0,IORandomAccessFileOrigin,protected,false,false,true,true
C:\Users\simon\Documents\Code\thesis-code\commons-io-master\src\test\java\org\apache\commons\io\build\IORandomAccessFileOriginTest.java,IORandomAccessFileOriginTest.java,IORandomAccessFileOriginTest,newOriginRw,1,0,IORandomAccessFileOrigin,protected,false,false,true,true
C:\Users\simon\Documents\Code\thesis-code\commons-io-master\src\test\java\org\apache\commons\io\build\OutputStreamOriginTest.java,OutputStreamOriginTest.java,OutputStreamOriginTest,newOriginRo,1,0,OutputStreamOrigin,protected,false,false,true,true
C:\Users\simon\Documents\Code\thesis-code\commons-io-master\src\test\java\org\apache\commons\io\build\OutputStreamOriginTest.java,OutputStreamOriginTest.java,OutputStreamOriginTest,newOriginRw,1,0,OutputStreamOrigin,protected,false,false,true,true
C:\Users\simon\Documents\Code\thesis-code\commons-io-master\src\test\java\org\apache\commons\io\build\OutputStreamOriginTest.java,OutputStreamOriginTest.java,OutputStreamOriginTest,testGetByteArray,1,0,void,,true,true,true,true
C:\Users\simon\Documents\Code\thesis-code\commons-io-master\src\test\java\org\apache\commons\io\build\OutputStreamOriginTest.java,OutputStreamOriginTest.java,OutputStreamOriginTest,testGetByteArrayAt_0_0,1,0,void,,true,true,true,true
C:\Users\simon\Documents\Code\thesis-code\commons-io-master\src\test\java\org\apache\commons\io\build\OutputStreamOriginTest.java,OutputStreamOriginTest.java,OutputStreamOriginTest,testGetByteArrayAt_0_1,1,0,void,,true,true,true,true
C:\Users\simon\Documents\Code\thesis-code\commons-io-master\src\test\java\org\apache\commons\io\build\OutputStreamOriginTest.java,OutputStreamOriginTest.java,OutputStreamOriginTest,testGetByteArrayAt_1_1,1,0,void,,true,true,true,true
C:\Users\simon\Documents\Code\thesis-code\commons-io-master\src\test\java\org\apache\commons\io\build\OutputStreamOriginTest.java,OutputStreamOriginTest.java,OutputStreamOriginTest,testGetCharSequence,1,0,void,,true,true,true,true
C:\Users\simon\Documents\Code\thesis-code\commons-io-master\src\test\java\org\apache\commons\io\build\OutputStreamOriginTest.java,OutputStreamOriginTest.java,OutputStreamOriginTest,testGetFile,1,0,void,,true,true,true,true
C:\Users\simon\Documents\Code\thesis-code\commons-io-master\src\test\java\org\apache\commons\io\build\OutputStreamOriginTest.java,OutputStreamOriginTest.java,OutputStreamOriginTest,testGetInputStream,1,0,void,,true,true,true,true
C:\Users\simon\Documents\Code\thesis-code\commons-io-master\src\test\java\org\apache\commons\io\build\OutputStreamOriginTest.java,OutputStreamOriginTest.java,OutputStreamOriginTest,testGetPath,1,0,void,,true,true,true,true
C:\Users\simon\Documents\Code\thesis-code\commons-io-master\src\test\java\org\apache\commons\io\build\OutputStreamOriginTest.java,OutputStreamOriginTest.java,OutputStreamOriginTest,testGetRandomAccessFile,1,0,void,,true,true,true,true
C:\Users\simon\Documents\Code\thesis-code\commons-io-master\src\test\java\org\apache\commons\io\build\OutputStreamOriginTest.java,OutputStreamOriginTest.java,OutputStreamOriginTest,testGetRandomAccessFile,1,1,void,,false,true,true,true
C:\Users\simon\Documents\Code\thesis-code\commons-io-master\src\test\java\org\apache\commons\io\build\OutputStreamOriginTest.java,OutputStreamOriginTest.java,OutputStreamOriginTest,testGetReadableByteChannel,1,0,void,,true,true,true,true
C:\Users\simon\Documents\Code\thesis-code\commons-io-master\src\test\java\org\apache\commons\io\build\OutputStreamOriginTest.java,OutputStreamOriginTest.java,OutputStreamOriginTest,testGetReader,1,0,void,,true,true,true,true
C:\Users\simon\Documents\Code\thesis-code\commons-io-master\src\test\java\org\apache\commons\io\build\OutputStreamOriginTest.java,OutputStreamOriginTest.java,OutputStreamOriginTest,testSize,1,0,void,,true,true,true,true
C:\Users\simon\Documents\Code\thesis-code\commons-io-master\src\test\java\org\apache\commons\io\build\PathOriginTest.java,PathOriginTest.java,PathOriginTest,newOriginRo,1,0,PathOrigin,protected,false,false,true,true
C:\Users\simon\Documents\Code\thesis-code\commons-io-master\src\test\java\org\apache\commons\io\build\PathOriginTest.java,PathOriginTest.java,PathOriginTest,newOriginRw,1,0,PathOrigin,protected,false,false,true,true
C:\Users\simon\Documents\Code\thesis-code\commons-io-master\src\test\java\org\apache\commons\io\build\PathOriginTest.java,PathOriginTest.java,PathOriginTest,resetOriginRw,2,0,void,protected,false,false,true,true
C:\Users\simon\Documents\Code\thesis-code\commons-io-master\src\test\java\org\apache\commons\io\build\RandomAccessFileOriginTest.java,RandomAccessFileOriginTest.java,RandomAccessFileOriginTest,newOriginRo,1,0,RandomAccessFileOrigin,protected,false,false,true,true
C:\Users\simon\Documents\Code\thesis-code\commons-io-master\src\test\java\org\apache\commons\io\build\RandomAccessFileOriginTest.java,RandomAccessFileOriginTest.java,RandomAccessFileOriginTest,newOriginRw,1,0,RandomAccessFileOrigin,protected,false,false,true,true
C:\Users\simon\Documents\Code\thesis-code\commons-io-master\src\test\java\org\apache\commons\io\build\RandomAccessFileOriginTest.java,RandomAccessFileOriginTest.java,RandomAccessFileOriginTest,testGetFile,1,0,void,,true,true,true,true
C:\Users\simon\Documents\Code\thesis-code\commons-io-master\src\test\java\org\apache\commons\io\build\RandomAccessFileOriginTest.java,RandomAccessFileOriginTest.java,RandomAccessFileOriginTest,testGetPath,1,0,void,,true,true,true,true
C:\Users\simon\Documents\Code\thesis-code\commons-io-master\src\test\java\org\apache\commons\io\build\ReaderOriginTest.java,ReaderOriginTest.java,ReaderOriginTest,newOriginRo,1,0,ReaderOrigin,protected,false,false,true,true
C:\Users\simon\Documents\Code\thesis-code\commons-io-master\src\test\java\org\apache\commons\io\build\ReaderOriginTest.java,ReaderOriginTest.java,ReaderOriginTest,newOriginRw,1,0,ReaderOrigin,protected,false,false,true,true
C:\Users\simon\Documents\Code\thesis-code\commons-io-master\src\test\java\org\apache\commons\io\build\ReaderOriginTest.java,ReaderOriginTest.java,ReaderOriginTest,testGetFile,1,0,void,,true,true,true,true
C:\Users\simon\Documents\Code\thesis-code\commons-io-master\src\test\java\org\apache\commons\io\build\ReaderOriginTest.java,ReaderOriginTest.java,ReaderOriginTest,testGetOutputStream,1,0,void,,true,true,true,true
C:\Users\simon\Documents\Code\thesis-code\commons-io-master\src\test\java\org\apache\commons\io\build\ReaderOriginTest.java,ReaderOriginTest.java,ReaderOriginTest,testGetPath,1,0,void,,true,true,true,true
C:\Users\simon\Documents\Code\thesis-code\commons-io-master\src\test\java\org\apache\commons\io\build\ReaderOriginTest.java,ReaderOriginTest.java,ReaderOriginTest,testGetRandomAccessFile,1,0,void,,true,true,true,true
C:\Users\simon\Documents\Code\thesis-code\commons-io-master\src\test\java\org\apache\commons\io\build\ReaderOriginTest.java,ReaderOriginTest.java,ReaderOriginTest,testGetRandomAccessFile,1,1,void,,false,true,true,true
C:\Users\simon\Documents\Code\thesis-code\commons-io-master\src\test\java\org\apache\commons\io\build\ReaderOriginTest.java,ReaderOriginTest.java,ReaderOriginTest,testGetWritableByteChannel,1,0,void,,true,true,true,true
C:\Users\simon\Documents\Code\thesis-code\commons-io-master\src\test\java\org\apache\commons\io\build\ReaderOriginTest.java,ReaderOriginTest.java,ReaderOriginTest,testGetWriter,1,0,void,,true,true,true,true
C:\Users\simon\Documents\Code\thesis-code\commons-io-master\src\test\java\org\apache\commons\io\build\URIOriginTest.java,URIOriginTest.java,URIOriginTest,newOriginRo,1,0,URIOrigin,protected,false,false,true,true
C:\Users\simon\Documents\Code\thesis-code\commons-io-master\src\test\java\org\apache\commons\io\build\URIOriginTest.java,URIOriginTest.java,URIOriginTest,newOriginRw,1,0,URIOrigin,protected,false,false,true,true
C:\Users\simon\Documents\Code\thesis-code\commons-io-master\src\test\java\org\apache\commons\io\build\URIOriginTest.java,URIOriginTest.java,URIOriginTest,resetOriginRw,2,0,void,protected,false,false,true,true
C:\Users\simon\Documents\Code\thesis-code\commons-io-master\src\test\java\org\apache\commons\io\build\URIOriginTest.java,URIOriginTest.java,URIOriginTest,testGetInputStream,2,1,void,,false,true,true,true
C:\Users\simon\Documents\Code\thesis-code\commons-io-master\src\test\java\org\apache\commons\io\build\URIOriginTest.java,URIOriginTest.java,URIOriginTest,testGetInputStreamFileURI,2,0,void,,true,true,true,true
C:\Users\simon\Documents\Code\thesis-code\commons-io-master\src\test\java\org\apache\commons\io\build\WriterStreamOriginTest.java,WriterStreamOriginTest.java,WriterStreamOriginTest,newOriginRo,1,0,WriterOrigin,protected,false,false,true,true
C:\Users\simon\Documents\Code\thesis-code\commons-io-master\src\test\java\org\apache\commons\io\build\WriterStreamOriginTest.java,WriterStreamOriginTest.java,WriterStreamOriginTest,newOriginRw,1,0,WriterOrigin,protected,false,false,true,true
C:\Users\simon\Documents\Code\thesis-code\commons-io-master\src\test\java\org\apache\commons\io\build\WriterStreamOriginTest.java,WriterStreamOriginTest.java,WriterStreamOriginTest,testGetByteArray,1,0,void,,true,true,true,true
C:\Users\simon\Documents\Code\thesis-code\commons-io-master\src\test\java\org\apache\commons\io\build\WriterStreamOriginTest.java,WriterStreamOriginTest.java,WriterStreamOriginTest,testGetByteArrayAt_0_0,1,0,void,,true,true,true,true
C:\Users\simon\Documents\Code\thesis-code\commons-io-master\src\test\java\org\apache\commons\io\build\WriterStreamOriginTest.java,WriterStreamOriginTest.java,WriterStreamOriginTest,testGetByteArrayAt_0_1,1,0,void,,true,true,true,true
C:\Users\simon\Documents\Code\thesis-code\commons-io-master\src\test\java\org\apache\commons\io\build\WriterStreamOriginTest.java,WriterStreamOriginTest.java,WriterStreamOriginTest,testGetByteArrayAt_1_1,1,0,void,,true,true,true,true
C:\Users\simon\Documents\Code\thesis-code\commons-io-master\src\test\java\org\apache\commons\io\build\WriterStreamOriginTest.java,WriterStreamOriginTest.java,WriterStreamOriginTest,testGetCharSequence,1,0,void,,true,true,true,true
C:\Users\simon\Documents\Code\thesis-code\commons-io-master\src\test\java\org\apache\commons\io\build\WriterStreamOriginTest.java,WriterStreamOriginTest.java,WriterStreamOriginTest,testGetFile,1,0,void,,true,true,true,true
C:\Users\simon\Documents\Code\thesis-code\commons-io-master\src\test\java\org\apache\commons\io\build\WriterStreamOriginTest.java,WriterStreamOriginTest.java,WriterStreamOriginTest,testGetInputStream,1,0,void,,true,true,true,true
C:\Users\simon\Documents\Code\thesis-code\commons-io-master\src\test\java\org\apache\commons\io\build\WriterStreamOriginTest.java,WriterStreamOriginTest.java,WriterStreamOriginTest,testGetPath,1,0,void,,true,true,true,true
C:\Users\simon\Documents\Code\thesis-code\commons-io-master\src\test\java\org\apache\commons\io\build\WriterStreamOriginTest.java,WriterStreamOriginTest.java,WriterStreamOriginTest,testGetRandomAccessFile,1,0,void,,true,true,true,true
C:\Users\simon\Documents\Code\thesis-code\commons-io-master\src\test\java\org\apache\commons\io\build\WriterStreamOriginTest.java,WriterStreamOriginTest.java,WriterStreamOriginTest,testGetRandomAccessFile,1,1,void,,false,true,true,true
C:\Users\simon\Documents\Code\thesis-code\commons-io-master\src\test\java\org\apache\commons\io\build\WriterStreamOriginTest.java,WriterStreamOriginTest.java,WriterStreamOriginTest,testGetReadableByteChannel,1,0,void,,false,true,true,true
C:\Users\simon\Documents\Code\thesis-code\commons-io-master\src\test\java\org\apache\commons\io\build\WriterStreamOriginTest.java,WriterStreamOriginTest.java,WriterStreamOriginTest,testGetReader,1,0,void,,true,true,true,true
C:\Users\simon\Documents\Code\thesis-code\commons-io-master\src\test\java\org\apache\commons\io\build\WriterStreamOriginTest.java,WriterStreamOriginTest.java,WriterStreamOriginTest,testSize,1,0,void,,true,true,true,true
C:\Users\simon\Documents\Code\thesis-code\commons-io-master\src\test\java\org\apache\commons\io\ByteOrderMarkTest.java,ByteOrderMarkTest.java,ByteOrderMarkTest,testConstantCharsetNames,5,0,void,,true,true,true,true
C:\Users\simon\Documents\Code\thesis-code\commons-io-master\src\test\java\org\apache\commons\io\ByteOrderMarkTest.java,ByteOrderMarkTest.java,ByteOrderMarkTest,testConstructorExceptions,4,0,void,,true,true,true,true
C:\Users\simon\Documents\Code\thesis-code\commons-io-master\src\test\java\org\apache\commons\io\ByteOrderMarkTest.java,ByteOrderMarkTest.java,ByteOrderMarkTest,testEquals,17,0,void,,true,true,true,true
C:\Users\simon\Documents\Code\thesis-code\commons-io-master\src\test\java\org\apache\commons\io\ByteOrderMarkTest.java,ByteOrderMarkTest.java,ByteOrderMarkTest,testGetBytes,5,0,void,,true,true,true,true
C:\Users\simon\Documents\Code\thesis-code\commons-io-master\src\test\java\org\apache\commons\io\ByteOrderMarkTest.java,ByteOrderMarkTest.java,ByteOrderMarkTest,testGetCharsetName,3,0,void,,true,true,true,true
C:\Users\simon\Documents\Code\thesis-code\commons-io-master\src\test\java\org\apache\commons\io\ByteOrderMarkTest.java,ByteOrderMarkTest.java,ByteOrderMarkTest,testGetInt,6,0,void,,true,true,true,true
C:\Users\simon\Documents\Code\thesis-code\commons-io-master\src\test\java\org\apache\commons\io\ByteOrderMarkTest.java,ByteOrderMarkTest.java,ByteOrderMarkTest,testHashCode,4,0,void,,true,true,true,true
C:\Users\simon\Documents\Code\thesis-code\commons-io-master\src\test\java\org\apache\commons\io\ByteOrderMarkTest.java,ByteOrderMarkTest.java,ByteOrderMarkTest,testLength,3,0,void,,true,true,true,true
C:\Users\simon\Documents\Code\thesis-code\commons-io-master\src\test\java\org\apache\commons\io\ByteOrderMarkTest.java,ByteOrderMarkTest.java,ByteOrderMarkTest,testMatches,12,0,void,,true,true,true,true
C:\Users\simon\Documents\Code\thesis-code\commons-io-master\src\test\java\org\apache\commons\io\ByteOrderMarkTest.java,ByteOrderMarkTest.java,ByteOrderMarkTest,testToString,3,0,void,,true,true,true,true
C:\Users\simon\Documents\Code\thesis-code\commons-io-master\src\test\java\org\apache\commons\io\ByteOrderParserTest.java,ByteOrderParserTest.java,ByteOrderParserTest,parseByteOrder,1,1,ByteOrder,private,false,false,true,true
C:\Users\simon\Documents\Code\thesis-code\commons-io-master\src\test\java\org\apache\commons\io\ByteOrderParserTest.java,ByteOrderParserTest.java,ByteOrderParserTest,testParseBig,1,0,void,,true,true,true,true
C:\Users\simon\Documents\Code\thesis-code\commons-io-master\src\test\java\org\apache\commons\io\ByteOrderParserTest.java,ByteOrderParserTest.java,ByteOrderParserTest,testParseLittle,1,0,void,,true,true,true,true
C:\Users\simon\Documents\Code\thesis-code\commons-io-master\src\test\java\org\apache\commons\io\ByteOrderParserTest.java,ByteOrderParserTest.java,ByteOrderParserTest,testThrowsException,1,0,void,,true,true,true,true
C:\Users\simon\Documents\Code\thesis-code\commons-io-master\src\test\java\org\apache\commons\io\channels\AbstractSeekableByteChannelTest.java,AbstractSeekableByteChannelTest.java,AbstractSeekableByteChannelTest,createChannel,0,0,SeekableByteChannel,protected; abstract,false,false,true,true
C:\Users\simon\Documents\Code\thesis-code\commons-io-master\src\test\java\org\apache\commons\io\channels\AbstractSeekableByteChannelTest.java,AbstractSeekableByteChannelTest.java,AbstractSeekableByteChannelTest,setUp,2,0,void,,false,false,true,true
C:\Users\simon\Documents\Code\thesis-code\commons-io-master\src\test\java\org\apache\commons\io\channels\AbstractSeekableByteChannelTest.java,AbstractSeekableByteChannelTest.java,AbstractSeekableByteChannelTest,tearDown,2,0,void,,false,false,true,true
C:\Users\simon\Documents\Code\thesis-code\commons-io-master\src\test\java\org\apache\commons\io\channels\AbstractSeekableByteChannelTest.java,AbstractSeekableByteChannelTest.java,AbstractSeekableByteChannelTest,testCloseMultipleTimes,3,0,void,,true,true,true,true
C:\Users\simon\Documents\Code\thesis-code\commons-io-master\src\test\java\org\apache\commons\io\channels\AbstractSeekableByteChannelTest.java,AbstractSeekableByteChannelTest.java,AbstractSeekableByteChannelTest,testConcurrentPositionAndSizeQueries,8,0,void,,true,true,true,true
C:\Users\simon\Documents\Code\thesis-code\commons-io-master\src\test\java\org\apache\commons\io\channels\AbstractSeekableByteChannelTest.java,AbstractSeekableByteChannelTest.java,AbstractSeekableByteChannelTest,testIsOpenAfterClose,2,0,void,,true,true,true,true
C:\Users\simon\Documents\Code\thesis-code\commons-io-master\src\test\java\org\apache\commons\io\channels\AbstractSeekableByteChannelTest.java,AbstractSeekableByteChannelTest.java,AbstractSeekableByteChannelTest,testIsOpennOnNew,1,0,void,,true,true,true,true
C:\Users\simon\Documents\Code\thesis-code\commons-io-master\src\test\java\org\apache\commons\io\channels\AbstractSeekableByteChannelTest.java,AbstractSeekableByteChannelTest.java,AbstractSeekableByteChannelTest,testPartialWritesAndReads,11,0,void,,true,true,true,true
C:\Users\simon\Documents\Code\thesis-code\commons-io-master\src\test\java\org\apache\commons\io\channels\AbstractSeekableByteChannelTest.java,AbstractSeekableByteChannelTest.java,AbstractSeekableByteChannelTest,testPositionBeyondSize,4,0,void,,true,true,true,true
C:\Users\simon\Documents\Code\thesis-code\commons-io-master\src\test\java\org\apache\commons\io\channels\AbstractSeekableByteChannelTest.java,AbstractSeekableByteChannelTest.java,AbstractSeekableByteChannelTest,testPositionBeyondSizeRead,10,0,void,,true,true,true,true
C:\Users\simon\Documents\Code\thesis-code\commons-io-master\src\test\java\org\apache\commons\io\channels\AbstractSeekableByteChannelTest.java,AbstractSeekableByteChannelTest.java,AbstractSeekableByteChannelTest,testPositionInBounds,6,2,void,,false,true,true,true
C:\Users\simon\Documents\Code\thesis-code\commons-io-master\src\test\java\org\apache\commons\io\channels\AbstractSeekableByteChannelTest.java,AbstractSeekableByteChannelTest.java,AbstractSeekableByteChannelTest,testPositionNegative,1,0,void,,true,true,true,true
C:\Users\simon\Documents\Code\thesis-code\commons-io-master\src\test\java\org\apache\commons\io\channels\AbstractSeekableByteChannelTest.java,AbstractSeekableByteChannelTest.java,AbstractSeekableByteChannelTest,testPositionOnClosed,3,0,void,,true,true,true,true
C:\Users\simon\Documents\Code\thesis-code\commons-io-master\src\test\java\org\apache\commons\io\channels\AbstractSeekableByteChannelTest.java,AbstractSeekableByteChannelTest.java,AbstractSeekableByteChannelTest,testPositionOnNew,1,0,void,,true,true,true,true
C:\Users\simon\Documents\Code\thesis-code\commons-io-master\src\test\java\org\apache\commons\io\channels\AbstractSeekableByteChannelTest.java,AbstractSeekableByteChannelTest.java,AbstractSeekableByteChannelTest,testRandomAccess,5,0,void,,true,true,true,true
C:\Users\simon\Documents\Code\thesis-code\commons-io-master\src\test\java\org\apache\commons\io\channels\AbstractSeekableByteChannelTest.java,AbstractSeekableByteChannelTest.java,AbstractSeekableByteChannelTest,testReadAtEndOfFile,4,0,void,,true,true,true,true
C:\Users\simon\Documents\Code\thesis-code\commons-io-master\src\test\java\org\apache\commons\io\channels\AbstractSeekableByteChannelTest.java,AbstractSeekableByteChannelTest.java,AbstractSeekableByteChannelTest,testReadBuffer,11,0,void,,true,true,true,true
C:\Users\simon\Documents\Code\thesis-code\commons-io-master\src\test\java\org\apache\commons\io\channels\AbstractSeekableByteChannelTest.java,AbstractSeekableByteChannelTest.java,AbstractSeekableByteChannelTest,testReadBytes,8,0,void,,true,true,true,true
C:\Users\simon\Documents\Code\thesis-code\commons-io-master\src\test\java\org\apache\commons\io\channels\AbstractSeekableByteChannelTest.java,AbstractSeekableByteChannelTest.java,AbstractSeekableByteChannelTest,testReadClosed,3,0,void,,true,true,true,true
C:\Users\simon\Documents\Code\thesis-code\commons-io-master\src\test\java\org\apache\commons\io\channels\AbstractSeekableByteChannelTest.java,AbstractSeekableByteChannelTest.java,AbstractSeekableByteChannelTest,testReadEmpty,4,0,void,,true,true,true,true
C:\Users\simon\Documents\Code\thesis-code\commons-io-master\src\test\java\org\apache\commons\io\channels\AbstractSeekableByteChannelTest.java,AbstractSeekableByteChannelTest.java,AbstractSeekableByteChannelTest,testReadNull,1,0,void,,true,true,true,true
C:\Users\simon\Documents\Code\thesis-code\commons-io-master\src\test\java\org\apache\commons\io\channels\AbstractSeekableByteChannelTest.java,AbstractSeekableByteChannelTest.java,AbstractSeekableByteChannelTest,testReadSingleByte,7,0,void,,true,true,true,true
C:\Users\simon\Documents\Code\thesis-code\commons-io-master\src\test\java\org\apache\commons\io\channels\AbstractSeekableByteChannelTest.java,AbstractSeekableByteChannelTest.java,AbstractSeekableByteChannelTest,testSizeAfterTruncateToLargerSize,4,0,void,,true,true,true,true
C:\Users\simon\Documents\Code\thesis-code\commons-io-master\src\test\java\org\apache\commons\io\channels\AbstractSeekableByteChannelTest.java,AbstractSeekableByteChannelTest.java,AbstractSeekableByteChannelTest,testSizeAfterWrite,5,0,void,,true,true,true,true
C:\Users\simon\Documents\Code\thesis-code\commons-io-master\src\test\java\org\apache\commons\io\channels\AbstractSeekableByteChannelTest.java,AbstractSeekableByteChannelTest.java,AbstractSeekableByteChannelTest,testSizeOnClosed,2,0,void,,true,true,true,true
C:\Users\simon\Documents\Code\thesis-code\commons-io-master\src\test\java\org\apache\commons\io\channels\AbstractSeekableByteChannelTest.java,AbstractSeekableByteChannelTest.java,AbstractSeekableByteChannelTest,testSizeOnNew,1,0,void,,true,true,true,true
C:\Users\simon\Documents\Code\thesis-code\commons-io-master\src\test\java\org\apache\commons\io\channels\AbstractSeekableByteChannelTest.java,AbstractSeekableByteChannelTest.java,AbstractSeekableByteChannelTest,testSizeSameOnOverwrite,5,0,void,,true,true,true,true
C:\Users\simon\Documents\Code\thesis-code\commons-io-master\src\test\java\org\apache\commons\io\channels\AbstractSeekableByteChannelTest.java,AbstractSeekableByteChannelTest.java,AbstractSeekableByteChannelTest,testTrucateBeyondSizeReadWrite,8,0,void,,true,true,true,true
C:\Users\simon\Documents\Code\thesis-code\commons-io-master\src\test\java\org\apache\commons\io\channels\AbstractSeekableByteChannelTest.java,AbstractSeekableByteChannelTest.java,AbstractSeekableByteChannelTest,testTruncateNegative,1,0,void,,true,true,true,true
C:\Users\simon\Documents\Code\thesis-code\commons-io-master\src\test\java\org\apache\commons\io\channels\AbstractSeekableByteChannelTest.java,AbstractSeekableByteChannelTest.java,AbstractSeekableByteChannelTest,testTruncateShrinks,5,0,void,,true,true,true,true
C:\Users\simon\Documents\Code\thesis-code\commons-io-master\src\test\java\org\apache\commons\io\channels\AbstractSeekableByteChannelTest.java,AbstractSeekableByteChannelTest.java,AbstractSeekableByteChannelTest,testWriteBeyondSizeGrows,10,0,void,,true,true,true,true
C:\Users\simon\Documents\Code\thesis-code\commons-io-master\src\test\java\org\apache\commons\io\channels\AbstractSeekableByteChannelTest.java,AbstractSeekableByteChannelTest.java,AbstractSeekableByteChannelTest,testWriteDifferentSizes,7,1,void,,false,true,true,true
C:\Users\simon\Documents\Code\thesis-code\commons-io-master\src\test\java\org\apache\commons\io\channels\AbstractSeekableByteChannelTest.java,AbstractSeekableByteChannelTest.java,AbstractSeekableByteChannelTest,testWriteEmpty,5,0,void,,true,true,true,true
C:\Users\simon\Documents\Code\thesis-code\commons-io-master\src\test\java\org\apache\commons\io\channels\AbstractSeekableByteChannelTest.java,AbstractSeekableByteChannelTest.java,AbstractSeekableByteChannelTest,testWriteNull,1,0,void,,true,true,true,true
C:\Users\simon\Documents\Code\thesis-code\commons-io-master\src\test\java\org\apache\commons\io\channels\AbstractSeekableByteChannelTest.java,AbstractSeekableByteChannelTest.java,AbstractSeekableByteChannelTest,testWritePositionReadVerify,7,0,void,,true,true,true,true
C:\Users\simon\Documents\Code\thesis-code\commons-io-master\src\test\java\org\apache\commons\io\channels\AbstractSeekableByteChannelTest.java,AbstractSeekableByteChannelTest.java,AbstractSeekableByteChannelTest,testWriteSingleByte,7,0,void,,true,true,true,true
C:\Users\simon\Documents\Code\thesis-code\commons-io-master\src\test\java\org\apache\commons\io\channels\AbstractSeekableByteChannelTest.java,AbstractSeekableByteChannelTest.java,AbstractSeekableByteChannelTest,testWriteToClosedChannel,3,0,void,,true,true,true,true
C:\Users\simon\Documents\Code\thesis-code\commons-io-master\src\test\java\org\apache\commons\io\channels\AbstractSeekableByteChannelTest.java,AbstractSeekableByteChannelTest.java,AbstractSeekableByteChannelTest,tesWriteBytes,6,0,void,,true,false,true,true
C:\Users\simon\Documents\Code\thesis-code\commons-io-master\src\test\java\org\apache\commons\io\channels\ByteArraySeekableByteChannelCompressTest.java,ByteArraySeekableByteChannelCompressTest.java,ByteArraySeekableByteChannelCompressTest,afterEach,1,0,void,,false,false,true,true
C:\Users\simon\Documents\Code\thesis-code\commons-io-master\src\test\java\org\apache\commons\io\channels\ByteArraySeekableByteChannelCompressTest.java,ByteArraySeekableByteChannelCompressTest.java,ByteArraySeekableByteChannelCompressTest,testCloseIsIdempotent,1,0,void,,true,true,true,true
C:\Users\simon\Documents\Code\thesis-code\commons-io-master\src\test\java\org\apache\commons\io\channels\ByteArraySeekableByteChannelCompressTest.java,ByteArraySeekableByteChannelCompressTest.java,ByteArraySeekableByteChannelCompressTest,testReadingFromAPositionAfterEndReturnsEOF,1,1,void,,false,true,true,true
C:\Users\simon\Documents\Code\thesis-code\commons-io-master\src\test\java\org\apache\commons\io\channels\ByteArraySeekableByteChannelCompressTest.java,ByteArraySeekableByteChannelCompressTest.java,ByteArraySeekableByteChannelCompressTest,testShouldReadContentsProperly,1,0,void,,true,true,true,true
C:\Users\simon\Documents\Code\thesis-code\commons-io-master\src\test\java\org\apache\commons\io\channels\ByteArraySeekableByteChannelCompressTest.java,ByteArraySeekableByteChannelCompressTest.java,ByteArraySeekableByteChannelCompressTest,testShouldReadContentsWhenBiggerBufferSupplied,1,0,void,,true,true,true,true
C:\Users\simon\Documents\Code\thesis-code\commons-io-master\src\test\java\org\apache\commons\io\channels\ByteArraySeekableByteChannelCompressTest.java,ByteArraySeekableByteChannelCompressTest.java,ByteArraySeekableByteChannelCompressTest,testShouldReadDataFromSetPosition,1,0,void,,true,true,true,true
C:\Users\simon\Documents\Code\thesis-code\commons-io-master\src\test\java\org\apache\commons\io\channels\ByteArraySeekableByteChannelCompressTest.java,ByteArraySeekableByteChannelCompressTest.java,ByteArraySeekableByteChannelCompressTest,testShouldSetProperPosition,1,0,void,,true,true,true,true
C:\Users\simon\Documents\Code\thesis-code\commons-io-master\src\test\java\org\apache\commons\io\channels\ByteArraySeekableByteChannelCompressTest.java,ByteArraySeekableByteChannelCompressTest.java,ByteArraySeekableByteChannelCompressTest,testShouldSetProperPositionOnTruncate,1,0,void,,true,true,true,true
C:\Users\simon\Documents\Code\thesis-code\commons-io-master\src\test\java\org\apache\commons\io\channels\ByteArraySeekableByteChannelCompressTest.java,ByteArraySeekableByteChannelCompressTest.java,ByteArraySeekableByteChannelCompressTest,testShouldSignalEOFWhenPositionAtTheEnd,1,0,void,,true,true,true,true
C:\Users\simon\Documents\Code\thesis-code\commons-io-master\src\test\java\org\apache\commons\io\channels\ByteArraySeekableByteChannelCompressTest.java,ByteArraySeekableByteChannelCompressTest.java,ByteArraySeekableByteChannelCompressTest,testShouldThrowExceptionOnReadingClosedChannel,3,0,void,,true,true,true,true
C:\Users\simon\Documents\Code\thesis-code\commons-io-master\src\test\java\org\apache\commons\io\channels\ByteArraySeekableByteChannelCompressTest.java,ByteArraySeekableByteChannelCompressTest.java,ByteArraySeekableByteChannelCompressTest,testShouldThrowExceptionOnWritingToClosedChannel,3,0,void,,true,true,true,true
C:\Users\simon\Documents\Code\thesis-code\commons-io-master\src\test\java\org\apache\commons\io\channels\ByteArraySeekableByteChannelCompressTest.java,ByteArraySeekableByteChannelCompressTest.java,ByteArraySeekableByteChannelCompressTest,testThrowWhenSettingIncorrectPosition,1,0,void,,true,true,true,true
C:\Users\simon\Documents\Code\thesis-code\commons-io-master\src\test\java\org\apache\commons\io\channels\ByteArraySeekableByteChannelCompressTest.java,ByteArraySeekableByteChannelCompressTest.java,ByteArraySeekableByteChannelCompressTest,testThrowWhenTruncatingToIncorrectSize,1,0,void,,true,true,true,true
C:\Users\simon\Documents\Code\thesis-code\commons-io-master\src\test\java\org\apache\commons\io\channels\ByteArraySeekableByteChannelCompressTest.java,ByteArraySeekableByteChannelCompressTest.java,ByteArraySeekableByteChannelCompressTest,testShouldTruncateContentsProperly,1,0,void,,true,true,true,true
C:\Users\simon\Documents\Code\thesis-code\commons-io-master\src\test\java\org\apache\commons\io\channels\ByteArraySeekableByteChannelCompressTest.java,ByteArraySeekableByteChannelCompressTest.java,ByteArraySeekableByteChannelCompressTest,testShouldWriteDataProperly,1,0,void,,true,true,true,true
C:\Users\simon\Documents\Code\thesis-code\commons-io-master\src\test\java\org\apache\commons\io\channels\ByteArraySeekableByteChannelCompressTest.java,ByteArraySeekableByteChannelCompressTest.java,ByteArraySeekableByteChannelCompressTest,testShouldWriteDataProperlyAfterPositionSet,1,0,void,,true,true,true,true
C:\Users\simon\Documents\Code\thesis-code\commons-io-master\src\test\java\org\apache\commons\io\channels\ByteArraySeekableByteChannelCompressTest.java,ByteArraySeekableByteChannelCompressTest.java,ByteArraySeekableByteChannelCompressTest,testThrowsClosedChannelExceptionWhenPositionIsSetOnClosedChannel,1,0,void,,true,true,true,true
C:\Users\simon\Documents\Code\thesis-code\commons-io-master\src\test\java\org\apache\commons\io\channels\ByteArraySeekableByteChannelCompressTest.java,ByteArraySeekableByteChannelCompressTest.java,ByteArraySeekableByteChannelCompressTest,testThrowsIllegalArgumentExceptionWhenTruncatingToANegativeSize,1,0,void,,true,true,true,true
C:\Users\simon\Documents\Code\thesis-code\commons-io-master\src\test\java\org\apache\commons\io\channels\ByteArraySeekableByteChannelCompressTest.java,ByteArraySeekableByteChannelCompressTest.java,ByteArraySeekableByteChannelCompressTest,testThrowsIOExceptionWhenPositionIsSetToANegativeValue,1,0,void,,true,true,true,true
C:\Users\simon\Documents\Code\thesis-code\commons-io-master\src\test\java\org\apache\commons\io\channels\ByteArraySeekableByteChannelCompressTest.java,ByteArraySeekableByteChannelCompressTest.java,ByteArraySeekableByteChannelCompressTest,testTruncateDoesntChangeSmallPosition,1,0,void,,true,true,true,true
C:\Users\simon\Documents\Code\thesis-code\commons-io-master\src\test\java\org\apache\commons\io\channels\ByteArraySeekableByteChannelCompressTest.java,ByteArraySeekableByteChannelCompressTest.java,ByteArraySeekableByteChannelCompressTest,testTruncateMovesPositionWhenNewSizeIsBiggerThanSizeAndPositionIsEvenBigger,1,0,void,,true,true,true,true
C:\Users\simon\Documents\Code\thesis-code\commons-io-master\src\test\java\org\apache\commons\io\channels\ByteArraySeekableByteChannelCompressTest.java,ByteArraySeekableByteChannelCompressTest.java,ByteArraySeekableByteChannelCompressTest,testTruncateMovesPositionWhenNotResizingButPositionBiggerThanSize,1,0,void,,true,true,true,true
C:\Users\simon\Documents\Code\thesis-code\commons-io-master\src\test\java\org\apache\commons\io\channels\ByteArraySeekableByteChannelCompressTest.java,ByteArraySeekableByteChannelCompressTest.java,ByteArraySeekableByteChannelCompressTest,testTruncateMovesPositionWhenShrinkingBeyondPosition,1,0,void,,true,true,true,true
C:\Users\simon\Documents\Code\thesis-code\commons-io-master\src\test\java\org\apache\commons\io\channels\ByteArraySeekableByteChannelCompressTest.java,ByteArraySeekableByteChannelCompressTest.java,ByteArraySeekableByteChannelCompressTest,testTruncateToBiggerSizeDoesntChangeAnything,1,0,void,,true,true,true,true
C:\Users\simon\Documents\Code\thesis-code\commons-io-master\src\test\java\org\apache\commons\io\channels\ByteArraySeekableByteChannelCompressTest.java,ByteArraySeekableByteChannelCompressTest.java,ByteArraySeekableByteChannelCompressTest,testTruncateToCurrentSizeDoesntChangeAnything,1,0,void,,true,true,true,true
C:\Users\simon\Documents\Code\thesis-code\commons-io-master\src\test\java\org\apache\commons\io\channels\ByteArraySeekableByteChannelCompressTest.java,ByteArraySeekableByteChannelCompressTest.java,ByteArraySeekableByteChannelCompressTest,throwsClosedChannelExceptionWhenPositionIsReadOnClosedChannel,1,0,void,public,true,false,true,true
C:\Users\simon\Documents\Code\thesis-code\commons-io-master\src\test\java\org\apache\commons\io\channels\ByteArraySeekableByteChannelCompressTest.java,ByteArraySeekableByteChannelCompressTest.java,ByteArraySeekableByteChannelCompressTest,throwsClosedChannelExceptionWhenSizeIsReadOnClosedChannel,1,0,void,public,true,false,true,true
C:\Users\simon\Documents\Code\thesis-code\commons-io-master\src\test\java\org\apache\commons\io\channels\ByteArraySeekableByteChannelCompressTest.java,ByteArraySeekableByteChannelCompressTest.java,ByteArraySeekableByteChannelCompressTest,throwsClosedChannelExceptionWhenTruncateIsCalledOnClosedChannel,1,0,void,public,true,false,true,true
C:\Users\simon\Documents\Code\thesis-code\commons-io-master\src\test\java\org\apache\commons\io\channels\ByteArraySeekableByteChannelCompressTest.java,ByteArraySeekableByteChannelCompressTest.java,ByteArraySeekableByteChannelCompressTest,writingToAPositionAfterEndGrowsChannel,1,0,void,public,false,false,true,true
C:\Users\simon\Documents\Code\thesis-code\commons-io-master\src\test\java\org\apache\commons\io\channels\ByteArraySeekableByteChannelTest.java,ByteArraySeekableByteChannelTest.java,ByteArraySeekableByteChannelTest,testConstructor,1,0,Stream<Arguments>,static,false,true,true,true
C:\Users\simon\Documents\Code\thesis-code\commons-io-master\src\test\java\org\apache\commons\io\channels\ByteArraySeekableByteChannelTest.java,ByteArraySeekableByteChannelTest.java,ByteArraySeekableByteChannelTest,testShouldResizeWhenWritingMoreDataThanCapacity,1,0,Stream<Arguments>,static,false,true,true,true
C:\Users\simon\Documents\Code\thesis-code\commons-io-master\src\test\java\org\apache\commons\io\channels\ByteArraySeekableByteChannelTest.java,ByteArraySeekableByteChannelTest.java,ByteArraySeekableByteChannelTest,createChannel,1,0,SeekableByteChannel,protected,false,false,true,true
C:\Users\simon\Documents\Code\thesis-code\commons-io-master\src\test\java\org\apache\commons\io\channels\ByteArraySeekableByteChannelTest.java,ByteArraySeekableByteChannelTest.java,ByteArraySeekableByteChannelTest,testConstructor,1,3,void,,false,true,true,true
C:\Users\simon\Documents\Code\thesis-code\commons-io-master\src\test\java\org\apache\commons\io\channels\ByteArraySeekableByteChannelTest.java,ByteArraySeekableByteChannelTest.java,ByteArraySeekableByteChannelTest,testConstructorInvalid,2,0,void,,true,true,true,true
C:\Users\simon\Documents\Code\thesis-code\commons-io-master\src\test\java\org\apache\commons\io\channels\ByteArraySeekableByteChannelTest.java,ByteArraySeekableByteChannelTest.java,ByteArraySeekableByteChannelTest,testPositionBeyondSizeReadWrite,11,0,void,,true,true,true,true
C:\Users\simon\Documents\Code\thesis-code\commons-io-master\src\test\java\org\apache\commons\io\channels\ByteArraySeekableByteChannelTest.java,ByteArraySeekableByteChannelTest.java,ByteArraySeekableByteChannelTest,testShouldResizeWhenWritingMoreDataThanCapacity,1,2,void,,false,true,true,true
C:\Users\simon\Documents\Code\thesis-code\commons-io-master\src\test\java\org\apache\commons\io\channels\CloseShieldChannelTest.java,CloseShieldChannelTest.java,CloseShieldChannelTest,channelInterfaces,1,0,Stream<Class<? extends Channel>>,static,false,false,true,true
C:\Users\simon\Documents\Code\thesis-code\commons-io-master\src\test\java\org\apache\commons\io\channels\CloseShieldChannelTest.java,CloseShieldChannelTest.java,CloseShieldChannelTest,fileChannelInterfaces,1,0,List<Class<?>>,static,false,false,true,true
C:\Users\simon\Documents\Code\thesis-code\commons-io-master\src\test\java\org\apache\commons\io\channels\CloseShieldChannelTest.java,CloseShieldChannelTest.java,CloseShieldChannelTest,testCloseDoesNotCloseDelegate,4,1,void,,false,true,true,true
C:\Users\simon\Documents\Code\thesis-code\commons-io-master\src\test\java\org\apache\commons\io\channels\CloseShieldChannelTest.java,CloseShieldChannelTest.java,CloseShieldChannelTest,testCloseIsIdempotent,7,1,void,,false,true,true,true
C:\Users\simon\Documents\Code\thesis-code\commons-io-master\src\test\java\org\apache\commons\io\channels\CloseShieldChannelTest.java,CloseShieldChannelTest.java,CloseShieldChannelTest,testCloseIsShielded,10,1,void,,false,true,true,true
C:\Users\simon\Documents\Code\thesis-code\commons-io-master\src\test\java\org\apache\commons\io\channels\CloseShieldChannelTest.java,CloseShieldChannelTest.java,CloseShieldChannelTest,testDoesNotDoubleWrap,4,0,void,,true,true,true,true
C:\Users\simon\Documents\Code\thesis-code\commons-io-master\src\test\java\org\apache\commons\io\channels\CloseShieldChannelTest.java,CloseShieldChannelTest.java,CloseShieldChannelTest,testEquals,7,1,void,,false,true,true,true
C:\Users\simon\Documents\Code\thesis-code\commons-io-master\src\test\java\org\apache\commons\io\channels\CloseShieldChannelTest.java,CloseShieldChannelTest.java,CloseShieldChannelTest,testGatheringByteChannelMethods,9,0,void,,true,true,true,true
C:\Users\simon\Documents\Code\thesis-code\commons-io-master\src\test\java\org\apache\commons\io\channels\CloseShieldChannelTest.java,CloseShieldChannelTest.java,CloseShieldChannelTest,testHashCode,5,1,void,,false,true,true,true
C:\Users\simon\Documents\Code\thesis-code\commons-io-master\src\test\java\org\apache\commons\io\channels\CloseShieldChannelTest.java,CloseShieldChannelTest.java,CloseShieldChannelTest,testNetworkChannelMethods,23,0,void,,true,true,true,true
C:\Users\simon\Documents\Code\thesis-code\commons-io-master\src\test\java\org\apache\commons\io\channels\CloseShieldChannelTest.java,CloseShieldChannelTest.java,CloseShieldChannelTest,testPreservesInterfaces,4,1,void,,false,true,true,true
C:\Users\simon\Documents\Code\thesis-code\commons-io-master\src\test\java\org\apache\commons\io\channels\CloseShieldChannelTest.java,CloseShieldChannelTest.java,CloseShieldChannelTest,testReadableByteChannelMethods,9,0,void,,true,true,true,true
C:\Users\simon\Documents\Code\thesis-code\commons-io-master\src\test\java\org\apache\commons\io\channels\CloseShieldChannelTest.java,CloseShieldChannelTest.java,CloseShieldChannelTest,testScatteringByteChannelMethods,9,0,void,,true,true,true,true
C:\Users\simon\Documents\Code\thesis-code\commons-io-master\src\test\java\org\apache\commons\io\channels\CloseShieldChannelTest.java,CloseShieldChannelTest.java,CloseShieldChannelTest,testSeekableByteChannelMethods,21,0,void,,true,true,true,true
C:\Users\simon\Documents\Code\thesis-code\commons-io-master\src\test\java\org\apache\commons\io\channels\CloseShieldChannelTest.java,CloseShieldChannelTest.java,CloseShieldChannelTest,testToString,6,1,void,,false,true,true,true
C:\Users\simon\Documents\Code\thesis-code\commons-io-master\src\test\java\org\apache\commons\io\channels\CloseShieldChannelTest.java,CloseShieldChannelTest.java,CloseShieldChannelTest,testWrapFileChannel,3,1,void,,true,true,true,true
C:\Users\simon\Documents\Code\thesis-code\commons-io-master\src\test\java\org\apache\commons\io\channels\CloseShieldChannelTest.java,CloseShieldChannelTest.java,CloseShieldChannelTest,testWritableByteChannelMethods,9,0,void,,true,true,true,true
C:\Users\simon\Documents\Code\thesis-code\commons-io-master\src\test\java\org\apache\commons\io\channels\FileChannelsTest.java,FileChannelsTest.java,FileChannelsTest,getChannel,1,3,FileChannel,private; static,false,false,true,true
C:\Users\simon\Documents\Code\thesis-code\commons-io-master\src\test\java\org\apache\commons\io\channels\FileChannelsTest.java,FileChannelsTest.java,FileChannelsTest,half,1,1,int,private; static,false,false,true,true
C:\Users\simon\Documents\Code\thesis-code\commons-io-master\src\test\java\org\apache\commons\io\channels\FileChannelsTest.java,FileChannelsTest.java,FileChannelsTest,isEmpty,1,1,boolean,private; static,false,false,true,true
C:\Users\simon\Documents\Code\thesis-code\commons-io-master\src\test\java\org\apache\commons\io\channels\FileChannelsTest.java,FileChannelsTest.java,FileChannelsTest,open,1,3,FileChannel,private; static,false,false,true,true
C:\Users\simon\Documents\Code\thesis-code\commons-io-master\src\test\java\org\apache\commons\io\channels\FileChannelsTest.java,FileChannelsTest.java,FileChannelsTest,reset,1,1,FileChannel,private; static,false,false,true,true
C:\Users\simon\Documents\Code\thesis-code\commons-io-master\src\test\java\org\apache\commons\io\channels\FileChannelsTest.java,FileChannelsTest.java,FileChannelsTest,reverse,1,1,byte,private; static,false,false,true,true
C:\Users\simon\Documents\Code\thesis-code\commons-io-master\src\test\java\org\apache\commons\io\channels\FileChannelsTest.java,FileChannelsTest.java,FileChannelsTest,wrap,1,3,FileChannel,private; static,false,false,true,true
C:\Users\simon\Documents\Code\thesis-code\commons-io-master\src\test\java\org\apache\commons\io\channels\FileChannelsTest.java,FileChannelsTest.java,FileChannelsTest,contentEquals,1,3,boolean,private,false,false,true,true
C:\Users\simon\Documents\Code\thesis-code\commons-io-master\src\test\java\org\apache\commons\io\channels\FileChannelsTest.java,FileChannelsTest.java,FileChannelsTest,testContentEquals,8,4,void,private,false,true,true,true
C:\Users\simon\Documents\Code\thesis-code\commons-io-master\src\test\java\org\apache\commons\io\channels\FileChannelsTest.java,FileChannelsTest.java,FileChannelsTest,testContentEqualsDifferentPostfix,1,2,void,,false,true,true,true
C:\Users\simon\Documents\Code\thesis-code\commons-io-master\src\test\java\org\apache\commons\io\channels\FileChannelsTest.java,FileChannelsTest.java,FileChannelsTest,testContentEqualsDifferentPrefix,1,2,void,,false,true,true,true
C:\Users\simon\Documents\Code\thesis-code\commons-io-master\src\test\java\org\apache\commons\io\channels\FileChannelsTest.java,FileChannelsTest.java,FileChannelsTest,testContentEqualsEmpty,9,2,void,,false,true,true,true
C:\Users\simon\Documents\Code\thesis-code\commons-io-master\src\test\java\org\apache\commons\io\channels\FileChannelsTest.java,FileChannelsTest.java,FileChannelsTest,testContentEqualsFileChannel,5,1,void,,false,true,true,true
C:\Users\simon\Documents\Code\thesis-code\commons-io-master\src\test\java\org\apache\commons\io\channels\FileChannelsTest.java,FileChannelsTest.java,FileChannelsTest,testContentEqualsSeekableByteChannel,4,3,void,,false,true,true,true
C:\Users\simon\Documents\Code\thesis-code\commons-io-master\src\test\java\org\apache\commons\io\channels\FileChannelsTest.java,FileChannelsTest.java,FileChannelsTest,testContentEqualsSequenceInputStream,10,1,void,,false,true,true,true
C:\Users\simon\Documents\Code\thesis-code\commons-io-master\src\test\java\org\apache\commons\io\channels\FileSeekableByteChannelTest.java,FileSeekableByteChannelTest.java,FileSeekableByteChannelTest,createChannel,1,0,SeekableByteChannel,protected,false,false,true,true
C:\Users\simon\Documents\Code\thesis-code\commons-io-master\src\test\java\org\apache\commons\io\charset\CharsetDecodersTest.java,CharsetDecodersTest.java,CharsetDecodersTest,testToCharsetDecoders_default,3,0,void,,true,true,true,true
C:\Users\simon\Documents\Code\thesis-code\commons-io-master\src\test\java\org\apache\commons\io\charset\CharsetDecodersTest.java,CharsetDecodersTest.java,CharsetDecodersTest,testToCharsetDecoders_ISO_8859_1,3,0,void,,true,true,true,true
C:\Users\simon\Documents\Code\thesis-code\commons-io-master\src\test\java\org\apache\commons\io\charset\CharsetDecodersTest.java,CharsetDecodersTest.java,CharsetDecodersTest,testToCharsetDecoders_null,3,0,void,,true,true,true,true
C:\Users\simon\Documents\Code\thesis-code\commons-io-master\src\test\java\org\apache\commons\io\charset\CharsetEncodersTest.java,CharsetEncodersTest.java,CharsetEncodersTest,testToCharsetEncoders_default,3,0,void,,true,true,true,true
C:\Users\simon\Documents\Code\thesis-code\commons-io-master\src\test\java\org\apache\commons\io\charset\CharsetEncodersTest.java,CharsetEncodersTest.java,CharsetEncodersTest,testToCharsetEncoders_ISO_8859_1,3,0,void,,true,true,true,true
C:\Users\simon\Documents\Code\thesis-code\commons-io-master\src\test\java\org\apache\commons\io\charset\CharsetEncodersTest.java,CharsetEncodersTest.java,CharsetEncodersTest,testToCharsetEncoders_null,3,0,void,,true,true,true,true
C:\Users\simon\Documents\Code\thesis-code\commons-io-master\src\test\java\org\apache\commons\io\CharsetsTest.java,CharsetsTest.java,CharsetsTest,availableCharsetsKeySet,1,0,Set<String>,public; static,false,false,true,true
C:\Users\simon\Documents\Code\thesis-code\commons-io-master\src\test\java\org\apache\commons\io\CharsetsTest.java,CharsetsTest.java,CharsetsTest,availableCharsetsValues,1,0,Collection<Charset>,public; static,false,false,true,true
C:\Users\simon\Documents\Code\thesis-code\commons-io-master\src\test\java\org\apache\commons\io\CharsetsTest.java,CharsetsTest.java,CharsetsTest,charsetAliasProvider,1,0,Stream<Arguments>,static,false,false,true,true
C:\Users\simon\Documents\Code\thesis-code\commons-io-master\src\test\java\org\apache\commons\io\CharsetsTest.java,CharsetsTest.java,CharsetsTest,getRequiredCharsetNames,1,0,Set<String>,public; static,false,false,true,true
C:\Users\simon\Documents\Code\thesis-code\commons-io-master\src\test\java\org\apache\commons\io\CharsetsTest.java,CharsetsTest.java,CharsetsTest,testIsAlias,5,2,void,,false,true,true,true
C:\Users\simon\Documents\Code\thesis-code\commons-io-master\src\test\java\org\apache\commons\io\CharsetsTest.java,CharsetsTest.java,CharsetsTest,testIso8859_1,1,0,void,,true,true,true,true
C:\Users\simon\Documents\Code\thesis-code\commons-io-master\src\test\java\org\apache\commons\io\CharsetsTest.java,CharsetsTest.java,CharsetsTest,testIsUTF8Charset,2,1,void,,false,true,true,true
C:\Users\simon\Documents\Code\thesis-code\commons-io-master\src\test\java\org\apache\commons\io\CharsetsTest.java,CharsetsTest.java,CharsetsTest,testIsUTF8CharsetUTF8,2,0,void,,false,true,true,true
C:\Users\simon\Documents\Code\thesis-code\commons-io-master\src\test\java\org\apache\commons\io\CharsetsTest.java,CharsetsTest.java,CharsetsTest,testRequiredCharsets,7,0,void,,true,true,true,true
C:\Users\simon\Documents\Code\thesis-code\commons-io-master\src\test\java\org\apache\commons\io\CharsetsTest.java,CharsetsTest.java,CharsetsTest,testToCharset_String,4,0,void,,true,true,true,true
C:\Users\simon\Documents\Code\thesis-code\commons-io-master\src\test\java\org\apache\commons\io\CharsetsTest.java,CharsetsTest.java,CharsetsTest,testToCharsetDefault,7,0,void,,true,true,true,true
C:\Users\simon\Documents\Code\thesis-code\commons-io-master\src\test\java\org\apache\commons\io\CharsetsTest.java,CharsetsTest.java,CharsetsTest,testToCharsetWithStringCharset,7,0,void,,true,true,true,true
C:\Users\simon\Documents\Code\thesis-code\commons-io-master\src\test\java\org\apache\commons\io\CharsetsTest.java,CharsetsTest.java,CharsetsTest,testUsAscii,1,0,void,,true,true,true,true
C:\Users\simon\Documents\Code\thesis-code\commons-io-master\src\test\java\org\apache\commons\io\CharsetsTest.java,CharsetsTest.java,CharsetsTest,testUtf16,1,0,void,,true,true,true,true
C:\Users\simon\Documents\Code\thesis-code\commons-io-master\src\test\java\org\apache\commons\io\CharsetsTest.java,CharsetsTest.java,CharsetsTest,testUtf16Be,1,0,void,,true,true,true,true
C:\Users\simon\Documents\Code\thesis-code\commons-io-master\src\test\java\org\apache\commons\io\CharsetsTest.java,CharsetsTest.java,CharsetsTest,testUtf16Le,1,0,void,,true,true,true,true
C:\Users\simon\Documents\Code\thesis-code\commons-io-master\src\test\java\org\apache\commons\io\CharsetsTest.java,CharsetsTest.java,CharsetsTest,testUtf8,1,0,void,,true,true,true,true
C:\Users\simon\Documents\Code\thesis-code\commons-io-master\src\test\java\org\apache\commons\io\comparator\ComparatorAbstractTest.java,ComparatorAbstractTest.java,ComparatorAbstractTest,testComparator,3,0,void,,true,true,true,true
C:\Users\simon\Documents\Code\thesis-code\commons-io-master\src\test\java\org\apache\commons\io\comparator\ComparatorAbstractTest.java,ComparatorAbstractTest.java,ComparatorAbstractTest,testReverseComparator,3,0,void,,true,true,true,true
C:\Users\simon\Documents\Code\thesis-code\commons-io-master\src\test\java\org\apache\commons\io\comparator\ComparatorAbstractTest.java,ComparatorAbstractTest.java,ComparatorAbstractTest,testSortArray,8,0,void,,true,true,true,true
C:\Users\simon\Documents\Code\thesis-code\commons-io-master\src\test\java\org\apache\commons\io\comparator\ComparatorAbstractTest.java,ComparatorAbstractTest.java,ComparatorAbstractTest,testSortArrayNull,1,0,void,,true,true,true,true
C:\Users\simon\Documents\Code\thesis-code\commons-io-master\src\test\java\org\apache\commons\io\comparator\ComparatorAbstractTest.java,ComparatorAbstractTest.java,ComparatorAbstractTest,testSortList,8,0,void,,true,true,true,true
C:\Users\simon\Documents\Code\thesis-code\commons-io-master\src\test\java\org\apache\commons\io\comparator\ComparatorAbstractTest.java,ComparatorAbstractTest.java,ComparatorAbstractTest,testSortListNull,1,0,void,,true,true,true,true
C:\Users\simon\Documents\Code\thesis-code\commons-io-master\src\test\java\org\apache\commons\io\comparator\ComparatorAbstractTest.java,ComparatorAbstractTest.java,ComparatorAbstractTest,testToString,2,0,void,,true,true,true,true
C:\Users\simon\Documents\Code\thesis-code\commons-io-master\src\test\java\org\apache\commons\io\comparator\CompositeFileComparatorTest.java,CompositeFileComparatorTest.java,CompositeFileComparatorTest,setUp,14,0,void,public,false,false,true,true
C:\Users\simon\Documents\Code\thesis-code\commons-io-master\src\test\java\org\apache\commons\io\comparator\CompositeFileComparatorTest.java,CompositeFileComparatorTest.java,CompositeFileComparatorTest,testConstructorArray_Null,4,0,void,,true,true,true,true
C:\Users\simon\Documents\Code\thesis-code\commons-io-master\src\test\java\org\apache\commons\io\comparator\CompositeFileComparatorTest.java,CompositeFileComparatorTest.java,CompositeFileComparatorTest,testConstructorIterable_Null,4,0,void,,true,true,true,true
C:\Users\simon\Documents\Code\thesis-code\commons-io-master\src\test\java\org\apache\commons\io\comparator\CompositeFileComparatorTest.java,CompositeFileComparatorTest.java,CompositeFileComparatorTest,testConstructorIterable_order,7,0,void,,true,true,true,true
C:\Users\simon\Documents\Code\thesis-code\commons-io-master\src\test\java\org\apache\commons\io\comparator\CompositeFileComparatorTest.java,CompositeFileComparatorTest.java,CompositeFileComparatorTest,testToString,7,0,void,,true,true,true,true
C:\Users\simon\Documents\Code\thesis-code\commons-io-master\src\test\java\org\apache\commons\io\comparator\DefaultFileComparatorTest.java,DefaultFileComparatorTest.java,DefaultFileComparatorTest,setUp,6,0,void,public,false,false,true,true
C:\Users\simon\Documents\Code\thesis-code\commons-io-master\src\test\java\org\apache\commons\io\comparator\DirectoryFileComparatorTest.java,DirectoryFileComparatorTest.java,DirectoryFileComparatorTest,setUp,7,0,void,public,false,false,true,true
C:\Users\simon\Documents\Code\thesis-code\commons-io-master\src\test\java\org\apache\commons\io\comparator\DirectoryFileComparatorTest.java,DirectoryFileComparatorTest.java,DirectoryFileComparatorTest,testSortArray,0,0,void,,true,true,true,true
C:\Users\simon\Documents\Code\thesis-code\commons-io-master\src\test\java\org\apache\commons\io\comparator\DirectoryFileComparatorTest.java,DirectoryFileComparatorTest.java,DirectoryFileComparatorTest,testSortList,0,0,void,,false,true,true,true
C:\Users\simon\Documents\Code\thesis-code\commons-io-master\src\test\java\org\apache\commons\io\comparator\ExtensionFileComparatorTest.java,ExtensionFileComparatorTest.java,ExtensionFileComparatorTest,setUp,6,0,void,public,false,false,true,true
C:\Users\simon\Documents\Code\thesis-code\commons-io-master\src\test\java\org\apache\commons\io\comparator\ExtensionFileComparatorTest.java,ExtensionFileComparatorTest.java,ExtensionFileComparatorTest,testCaseSensitivity,10,0,void,,true,true,true,true
C:\Users\simon\Documents\Code\thesis-code\commons-io-master\src\test\java\org\apache\commons\io\comparator\LastModifiedFileComparatorTest.java,LastModifiedFileComparatorTest.java,LastModifiedFileComparatorTest,setUp,17,0,void,public,false,false,true,true
C:\Users\simon\Documents\Code\thesis-code\commons-io-master\src\test\java\org\apache\commons\io\comparator\NameFileComparatorTest.java,NameFileComparatorTest.java,NameFileComparatorTest,setUp,6,0,void,public,false,false,true,true
C:\Users\simon\Documents\Code\thesis-code\commons-io-master\src\test\java\org\apache\commons\io\comparator\NameFileComparatorTest.java,NameFileComparatorTest.java,NameFileComparatorTest,testCaseSensitivity,10,0,void,,true,true,true,true
C:\Users\simon\Documents\Code\thesis-code\commons-io-master\src\test\java\org\apache\commons\io\comparator\PathFileComparatorTest.java,PathFileComparatorTest.java,PathFileComparatorTest,setUp,6,0,void,public,false,false,true,true
C:\Users\simon\Documents\Code\thesis-code\commons-io-master\src\test\java\org\apache\commons\io\comparator\PathFileComparatorTest.java,PathFileComparatorTest.java,PathFileComparatorTest,testCaseSensitivity,10,0,void,,true,true,true,true
C:\Users\simon\Documents\Code\thesis-code\commons-io-master\src\test\java\org\apache\commons\io\comparator\SizeFileComparatorTest.java,SizeFileComparatorTest.java,SizeFileComparatorTest,setUp,19,0,void,public,false,false,true,true
C:\Users\simon\Documents\Code\thesis-code\commons-io-master\src\test\java\org\apache\commons\io\comparator\SizeFileComparatorTest.java,SizeFileComparatorTest.java,SizeFileComparatorTest,testCompareDirectorySizes,3,0,void,,true,true,true,true
C:\Users\simon\Documents\Code\thesis-code\commons-io-master\src\test\java\org\apache\commons\io\comparator\SizeFileComparatorTest.java,SizeFileComparatorTest.java,SizeFileComparatorTest,testNonExistentFile,3,0,void,,true,true,true,true
C:\Users\simon\Documents\Code\thesis-code\commons-io-master\src\test\java\org\apache\commons\io\CopyUtilsTest.java,CopyUtilsTest.java,CopyUtilsTest,testCopy_byteArrayToOutputStream,5,0,void,,true,true,true,true
C:\Users\simon\Documents\Code\thesis-code\commons-io-master\src\test\java\org\apache\commons\io\CopyUtilsTest.java,CopyUtilsTest.java,CopyUtilsTest,testCopy_byteArrayToWriter,7,0,void,,true,true,true,true
C:\Users\simon\Documents\Code\thesis-code\commons-io-master\src\test\java\org\apache\commons\io\CopyUtilsTest.java,CopyUtilsTest.java,CopyUtilsTest,testCopy_byteArrayToWriterWithEncoding,5,0,void,,true,true,true,true
C:\Users\simon\Documents\Code\thesis-code\commons-io-master\src\test\java\org\apache\commons\io\CopyUtilsTest.java,CopyUtilsTest.java,CopyUtilsTest,testCopy_inputStreamToOutputStream,9,0,void,,true,true,true,true
C:\Users\simon\Documents\Code\thesis-code\commons-io-master\src\test\java\org\apache\commons\io\CopyUtilsTest.java,CopyUtilsTest.java,CopyUtilsTest,testCopy_inputStreamToWriter,10,0,void,,true,true,true,true
C:\Users\simon\Documents\Code\thesis-code\commons-io-master\src\test\java\org\apache\commons\io\CopyUtilsTest.java,CopyUtilsTest.java,CopyUtilsTest,testCopy_inputStreamToWriterWithEncoding,5,0,void,,true,true,true,true
C:\Users\simon\Documents\Code\thesis-code\commons-io-master\src\test\java\org\apache\commons\io\CopyUtilsTest.java,CopyUtilsTest.java,CopyUtilsTest,testCopy_readerToOutputStream,8,0,void,,true,true,true,true
C:\Users\simon\Documents\Code\thesis-code\commons-io-master\src\test\java\org\apache\commons\io\CopyUtilsTest.java,CopyUtilsTest.java,CopyUtilsTest,testCopy_readerToOutputStreamString,8,0,void,,true,true,true,true
C:\Users\simon\Documents\Code\thesis-code\commons-io-master\src\test\java\org\apache\commons\io\CopyUtilsTest.java,CopyUtilsTest.java,CopyUtilsTest,testCopy_readerToWriter,11,0,void,,true,true,true,true
C:\Users\simon\Documents\Code\thesis-code\commons-io-master\src\test\java\org\apache\commons\io\CopyUtilsTest.java,CopyUtilsTest.java,CopyUtilsTest,testCopy_stringToOutputStream,6,0,void,,true,true,true,true
C:\Users\simon\Documents\Code\thesis-code\commons-io-master\src\test\java\org\apache\commons\io\CopyUtilsTest.java,CopyUtilsTest.java,CopyUtilsTest,testCopy_stringToOutputStreamString,6,0,void,,true,true,true,true
C:\Users\simon\Documents\Code\thesis-code\commons-io-master\src\test\java\org\apache\commons\io\CopyUtilsTest.java,CopyUtilsTest.java,CopyUtilsTest,testCopy_stringToWriter,8,0,void,,true,true,true,true
C:\Users\simon\Documents\Code\thesis-code\commons-io-master\src\test\java\org\apache\commons\io\CopyUtilsTest.java,CopyUtilsTest.java,CopyUtilsTest,testCtor,1,0,void,,true,true,true,true
C:\Users\simon\Documents\Code\thesis-code\commons-io-master\src\test\java\org\apache\commons\io\DeleteDirectoryTest.java,DeleteDirectoryTest.java,DeleteDirectoryTest,testDeleteDirectory,15,1,void,private,false,true,true,true
C:\Users\simon\Documents\Code\thesis-code\commons-io-master\src\test\java\org\apache\commons\io\DeleteDirectoryTest.java,DeleteDirectoryTest.java,DeleteDirectoryTest,testDeleteDirectoryWithFileUtils,1,0,void,,true,true,true,true
C:\Users\simon\Documents\Code\thesis-code\commons-io-master\src\test\java\org\apache\commons\io\DeleteDirectoryTest.java,DeleteDirectoryTest.java,DeleteDirectoryTest,testDeleteDirectoryWithPathUtils,1,0,void,,true,true,true,true
C:\Users\simon\Documents\Code\thesis-code\commons-io-master\src\test\java\org\apache\commons\io\DeleteDirectoryTest.java,DeleteDirectoryTest.java,DeleteDirectoryTest,testDeleteDirectoryWithPathUtilsOverrideReadOnly,1,0,void,,true,true,true,true
C:\Users\simon\Documents\Code\thesis-code\commons-io-master\src\test\java\org\apache\commons\io\DeleteDirectoryTest.java,DeleteDirectoryTest.java,DeleteDirectoryTest,testDeleteFileCheckParentAccess,15,0,void,,true,true,true,true
C:\Users\simon\Documents\Code\thesis-code\commons-io-master\src\test\java\org\apache\commons\io\DemuxInputStreamTest.java,DemuxInputStreamTest.java,WriterThread,getData,1,0,String,public,false,false,true,false
C:\Users\simon\Documents\Code\thesis-code\commons-io-master\src\test\java\org\apache\commons\io\DemuxInputStreamTest.java,DemuxInputStreamTest.java,WriterThread,run,2,0,void,public,false,false,true,false
C:\Users\simon\Documents\Code\thesis-code\commons-io-master\src\test\java\org\apache\commons\io\DemuxInputStreamTest.java,DemuxInputStreamTest.java,WriterThread,run,2,0,void,public,false,false,true,false
C:\Users\simon\Documents\Code\thesis-code\commons-io-master\src\test\java\org\apache\commons\io\DemuxInputStreamTest.java,DemuxInputStreamTest.java,WriterThread,doJoin,1,0,void,private,false,false,true,false
C:\Users\simon\Documents\Code\thesis-code\commons-io-master\src\test\java\org\apache\commons\io\DemuxInputStreamTest.java,DemuxInputStreamTest.java,WriterThread,doStart,1,0,void,private,false,false,true,false
C:\Users\simon\Documents\Code\thesis-code\commons-io-master\src\test\java\org\apache\commons\io\DemuxInputStreamTest.java,DemuxInputStreamTest.java,WriterThread,getInput,3,1,String,private,false,false,true,false
C:\Users\simon\Documents\Code\thesis-code\commons-io-master\src\test\java\org\apache\commons\io\DemuxInputStreamTest.java,DemuxInputStreamTest.java,WriterThread,getOutput,3,1,String,private,false,false,true,false
C:\Users\simon\Documents\Code\thesis-code\commons-io-master\src\test\java\org\apache\commons\io\DemuxInputStreamTest.java,DemuxInputStreamTest.java,WriterThread,startReader,3,3,void,private,false,false,true,false
C:\Users\simon\Documents\Code\thesis-code\commons-io-master\src\test\java\org\apache\commons\io\DemuxInputStreamTest.java,DemuxInputStreamTest.java,WriterThread,startWriter,4,3,void,private,false,false,true,false
C:\Users\simon\Documents\Code\thesis-code\commons-io-master\src\test\java\org\apache\commons\io\DemuxInputStreamTest.java,DemuxInputStreamTest.java,WriterThread,testInputStream,1,0,void,,true,true,true,false
C:\Users\simon\Documents\Code\thesis-code\commons-io-master\src\test\java\org\apache\commons\io\DemuxInputStreamTest.java,DemuxInputStreamTest.java,WriterThread,testOutputStream,1,0,void,,true,true,true,false
C:\Users\simon\Documents\Code\thesis-code\commons-io-master\src\test\java\org\apache\commons\io\DemuxInputStreamTest.java,DemuxInputStreamTest.java,WriterThread,testReadEOF,1,0,void,,true,true,true,false
C:\Users\simon\Documents\Code\thesis-code\commons-io-master\src\test\java\org\apache\commons\io\DirectoryWalkerTest.java,DirectoryWalkerTest.java,TestMultiThreadCancelWalker,find,3,1,List<File>,protected,false,false,true,true
C:\Users\simon\Documents\Code\thesis-code\commons-io-master\src\test\java\org\apache\commons\io\DirectoryWalkerTest.java,DirectoryWalkerTest.java,TestMultiThreadCancelWalker,handleCancelled,1,3,void,protected,false,false,true,true
C:\Users\simon\Documents\Code\thesis-code\commons-io-master\src\test\java\org\apache\commons\io\DirectoryWalkerTest.java,DirectoryWalkerTest.java,TestMultiThreadCancelWalker,handleDirectoryEnd,2,3,void,protected,false,false,true,true
C:\Users\simon\Documents\Code\thesis-code\commons-io-master\src\test\java\org\apache\commons\io\DirectoryWalkerTest.java,DirectoryWalkerTest.java,TestMultiThreadCancelWalker,handleFile,2,3,void,protected,false,false,true,true
C:\Users\simon\Documents\Code\thesis-code\commons-io-master\src\test\java\org\apache\commons\io\DirectoryWalkerTest.java,DirectoryWalkerTest.java,TestMultiThreadCancelWalker,handleDirectory,1,3,boolean,protected,false,false,true,true
C:\Users\simon\Documents\Code\thesis-code\commons-io-master\src\test\java\org\apache\commons\io\DirectoryWalkerTest.java,DirectoryWalkerTest.java,TestMultiThreadCancelWalker,find,3,1,List<File>,protected,false,false,true,true
C:\Users\simon\Documents\Code\thesis-code\commons-io-master\src\test\java\org\apache\commons\io\DirectoryWalkerTest.java,DirectoryWalkerTest.java,TestMultiThreadCancelWalker,handleDirectoryEnd,1,3,void,protected,false,false,true,true
C:\Users\simon\Documents\Code\thesis-code\commons-io-master\src\test\java\org\apache\commons\io\DirectoryWalkerTest.java,DirectoryWalkerTest.java,TestMultiThreadCancelWalker,handleFile,1,3,void,protected,false,false,true,true
C:\Users\simon\Documents\Code\thesis-code\commons-io-master\src\test\java\org\apache\commons\io\DirectoryWalkerTest.java,DirectoryWalkerTest.java,TestMultiThreadCancelWalker,find,3,1,List<String>,protected,false,false,true,true
C:\Users\simon\Documents\Code\thesis-code\commons-io-master\src\test\java\org\apache\commons\io\DirectoryWalkerTest.java,DirectoryWalkerTest.java,TestMultiThreadCancelWalker,handleFile,1,3,void,protected,false,false,true,true
C:\Users\simon\Documents\Code\thesis-code\commons-io-master\src\test\java\org\apache\commons\io\DirectoryWalkerTest.java,DirectoryWalkerTest.java,TestMultiThreadCancelWalker,find,3,1,List<File>,protected,false,false,true,true
C:\Users\simon\Documents\Code\thesis-code\commons-io-master\src\test\java\org\apache\commons\io\DirectoryWalkerTest.java,DirectoryWalkerTest.java,TestMultiThreadCancelWalker,handleCancelled,1,3,void,protected,false,false,true,true
C:\Users\simon\Documents\Code\thesis-code\commons-io-master\src\test\java\org\apache\commons\io\DirectoryWalkerTest.java,DirectoryWalkerTest.java,TestMultiThreadCancelWalker,handleDirectoryEnd,3,3,void,protected,false,false,true,true
C:\Users\simon\Documents\Code\thesis-code\commons-io-master\src\test\java\org\apache\commons\io\DirectoryWalkerTest.java,DirectoryWalkerTest.java,TestMultiThreadCancelWalker,handleFile,3,3,void,protected,false,false,true,true
C:\Users\simon\Documents\Code\thesis-code\commons-io-master\src\test\java\org\apache\commons\io\DirectoryWalkerTest.java,DirectoryWalkerTest.java,TestMultiThreadCancelWalker,handleIsCancelled,1,3,boolean,protected,false,false,true,true
C:\Users\simon\Documents\Code\thesis-code\commons-io-master\src\test\java\org\apache\commons\io\DirectoryWalkerTest.java,DirectoryWalkerTest.java,TestMultiThreadCancelWalker,createNameFilter,3,1,IOFileFilter,private; static,false,false,true,true
C:\Users\simon\Documents\Code\thesis-code\commons-io-master\src\test\java\org\apache\commons\io\DirectoryWalkerTest.java,DirectoryWalkerTest.java,TestMultiThreadCancelWalker,checkContainsFiles,1,3,void,private,false,false,true,true
C:\Users\simon\Documents\Code\thesis-code\commons-io-master\src\test\java\org\apache\commons\io\DirectoryWalkerTest.java,DirectoryWalkerTest.java,TestMultiThreadCancelWalker,checkContainsString,1,3,void,private,false,false,true,true
C:\Users\simon\Documents\Code\thesis-code\commons-io-master\src\test\java\org\apache\commons\io\DirectoryWalkerTest.java,DirectoryWalkerTest.java,TestMultiThreadCancelWalker,directoriesOnly,3,1,List<File>,private,false,false,true,true
C:\Users\simon\Documents\Code\thesis-code\commons-io-master\src\test\java\org\apache\commons\io\DirectoryWalkerTest.java,DirectoryWalkerTest.java,TestMultiThreadCancelWalker,filesOnly,3,1,List<File>,private,false,false,true,true
C:\Users\simon\Documents\Code\thesis-code\commons-io-master\src\test\java\org\apache\commons\io\DirectoryWalkerTest.java,DirectoryWalkerTest.java,TestMultiThreadCancelWalker,testCancel,4,0,void,,true,true,true,true
C:\Users\simon\Documents\Code\thesis-code\commons-io-master\src\test\java\org\apache\commons\io\DirectoryWalkerTest.java,DirectoryWalkerTest.java,TestMultiThreadCancelWalker,testFilter,6,0,void,,true,true,true,true
C:\Users\simon\Documents\Code\thesis-code\commons-io-master\src\test\java\org\apache\commons\io\DirectoryWalkerTest.java,DirectoryWalkerTest.java,TestMultiThreadCancelWalker,testFilterAndLimitA,3,0,void,,true,true,true,true
C:\Users\simon\Documents\Code\thesis-code\commons-io-master\src\test\java\org\apache\commons\io\DirectoryWalkerTest.java,DirectoryWalkerTest.java,TestMultiThreadCancelWalker,testFilterAndLimitB,4,0,void,,true,true,true,true
C:\Users\simon\Documents\Code\thesis-code\commons-io-master\src\test\java\org\apache\commons\io\DirectoryWalkerTest.java,DirectoryWalkerTest.java,TestMultiThreadCancelWalker,testFilterAndLimitC,6,0,void,,true,true,true,true
C:\Users\simon\Documents\Code\thesis-code\commons-io-master\src\test\java\org\apache\commons\io\DirectoryWalkerTest.java,DirectoryWalkerTest.java,TestMultiThreadCancelWalker,testFilterAndLimitD,5,0,void,,true,true,true,true
C:\Users\simon\Documents\Code\thesis-code\commons-io-master\src\test\java\org\apache\commons\io\DirectoryWalkerTest.java,DirectoryWalkerTest.java,TestMultiThreadCancelWalker,testFilterDirAndFile1,5,0,void,,true,true,true,true
C:\Users\simon\Documents\Code\thesis-code\commons-io-master\src\test\java\org\apache\commons\io\DirectoryWalkerTest.java,DirectoryWalkerTest.java,TestMultiThreadCancelWalker,testFilterDirAndFile2,5,0,void,,true,true,true,true
C:\Users\simon\Documents\Code\thesis-code\commons-io-master\src\test\java\org\apache\commons\io\DirectoryWalkerTest.java,DirectoryWalkerTest.java,TestMultiThreadCancelWalker,testFilterDirAndFile3,5,0,void,,true,true,true,true
C:\Users\simon\Documents\Code\thesis-code\commons-io-master\src\test\java\org\apache\commons\io\DirectoryWalkerTest.java,DirectoryWalkerTest.java,TestMultiThreadCancelWalker,testFilterDirAndFile4,5,0,void,,true,true,true,true
C:\Users\simon\Documents\Code\thesis-code\commons-io-master\src\test\java\org\apache\commons\io\DirectoryWalkerTest.java,DirectoryWalkerTest.java,TestMultiThreadCancelWalker,testFilterString,4,0,void,,true,true,true,true
C:\Users\simon\Documents\Code\thesis-code\commons-io-master\src\test\java\org\apache\commons\io\DirectoryWalkerTest.java,DirectoryWalkerTest.java,TestMultiThreadCancelWalker,testHandleStartDirectoryFalse,2,0,void,,true,true,true,true
C:\Users\simon\Documents\Code\thesis-code\commons-io-master\src\test\java\org\apache\commons\io\DirectoryWalkerTest.java,DirectoryWalkerTest.java,TestMultiThreadCancelWalker,testLimitToCurrent,3,0,void,,true,true,true,true
C:\Users\simon\Documents\Code\thesis-code\commons-io-master\src\test\java\org\apache\commons\io\DirectoryWalkerTest.java,DirectoryWalkerTest.java,TestMultiThreadCancelWalker,testMissingStartDirectory,5,0,void,,true,true,true,true
C:\Users\simon\Documents\Code\thesis-code\commons-io-master\src\test\java\org\apache\commons\io\DirectoryWalkerTest.java,DirectoryWalkerTest.java,TestMultiThreadCancelWalker,testMultiThreadCancel,5,0,void,,true,true,true,true
C:\Users\simon\Documents\Code\thesis-code\commons-io-master\src\test\java\org\apache\commons\io\EndianUtilsTest.java,EndianUtilsTest.java,EndianUtilsTest,testCtor,1,0,void,,true,true,true,true
C:\Users\simon\Documents\Code\thesis-code\commons-io-master\src\test\java\org\apache\commons\io\EndianUtilsTest.java,EndianUtilsTest.java,EndianUtilsTest,testEOFException,2,0,void,,true,true,true,true
C:\Users\simon\Documents\Code\thesis-code\commons-io-master\src\test\java\org\apache\commons\io\EndianUtilsTest.java,EndianUtilsTest.java,EndianUtilsTest,testInvalidOffset,9,0,void,,true,true,true,true
C:\Users\simon\Documents\Code\thesis-code\commons-io-master\src\test\java\org\apache\commons\io\EndianUtilsTest.java,EndianUtilsTest.java,EndianUtilsTest,testReadSwappedDouble,6,0,void,,true,true,true,true
C:\Users\simon\Documents\Code\thesis-code\commons-io-master\src\test\java\org\apache\commons\io\EndianUtilsTest.java,EndianUtilsTest.java,EndianUtilsTest,testReadSwappedFloat,6,0,void,,true,true,true,true
C:\Users\simon\Documents\Code\thesis-code\commons-io-master\src\test\java\org\apache\commons\io\EndianUtilsTest.java,EndianUtilsTest.java,EndianUtilsTest,testReadSwappedInteger,4,0,void,,true,true,true,true
C:\Users\simon\Documents\Code\thesis-code\commons-io-master\src\test\java\org\apache\commons\io\EndianUtilsTest.java,EndianUtilsTest.java,EndianUtilsTest,testReadSwappedLong,4,0,void,,true,true,true,true
C:\Users\simon\Documents\Code\thesis-code\commons-io-master\src\test\java\org\apache\commons\io\EndianUtilsTest.java,EndianUtilsTest.java,EndianUtilsTest,testReadSwappedShort,4,0,void,,true,true,true,true
C:\Users\simon\Documents\Code\thesis-code\commons-io-master\src\test\java\org\apache\commons\io\EndianUtilsTest.java,EndianUtilsTest.java,EndianUtilsTest,testReadSwappedUnsignedInteger,4,0,void,,true,true,true,true
C:\Users\simon\Documents\Code\thesis-code\commons-io-master\src\test\java\org\apache\commons\io\EndianUtilsTest.java,EndianUtilsTest.java,EndianUtilsTest,testReadSwappedUnsignedShort,4,0,void,,true,true,true,true
C:\Users\simon\Documents\Code\thesis-code\commons-io-master\src\test\java\org\apache\commons\io\EndianUtilsTest.java,EndianUtilsTest.java,EndianUtilsTest,testSwapDouble,4,0,void,,true,true,true,true
C:\Users\simon\Documents\Code\thesis-code\commons-io-master\src\test\java\org\apache\commons\io\EndianUtilsTest.java,EndianUtilsTest.java,EndianUtilsTest,testSwapFloat,4,0,void,,true,true,true,true
C:\Users\simon\Documents\Code\thesis-code\commons-io-master\src\test\java\org\apache\commons\io\EndianUtilsTest.java,EndianUtilsTest.java,EndianUtilsTest,testSwapInteger,7,0,void,,true,true,true,true
C:\Users\simon\Documents\Code\thesis-code\commons-io-master\src\test\java\org\apache\commons\io\EndianUtilsTest.java,EndianUtilsTest.java,EndianUtilsTest,testSwapLong,4,0,void,,true,true,true,true
C:\Users\simon\Documents\Code\thesis-code\commons-io-master\src\test\java\org\apache\commons\io\EndianUtilsTest.java,EndianUtilsTest.java,EndianUtilsTest,testSwapShort,4,0,void,,true,true,true,true
C:\Users\simon\Documents\Code\thesis-code\commons-io-master\src\test\java\org\apache\commons\io\EndianUtilsTest.java,EndianUtilsTest.java,EndianUtilsTest,testSymmetry,7,0,void,,true,true,true,true
C:\Users\simon\Documents\Code\thesis-code\commons-io-master\src\test\java\org\apache\commons\io\EndianUtilsTest.java,EndianUtilsTest.java,EndianUtilsTest,testSymmetryOfLong,2,0,void,,true,true,true,true
C:\Users\simon\Documents\Code\thesis-code\commons-io-master\src\test\java\org\apache\commons\io\EndianUtilsTest.java,EndianUtilsTest.java,EndianUtilsTest,testUnsignedOverrun,7,0,void,,true,true,true,true
C:\Users\simon\Documents\Code\thesis-code\commons-io-master\src\test\java\org\apache\commons\io\EndianUtilsTest.java,EndianUtilsTest.java,EndianUtilsTest,testWriteSwappedDouble,22,0,void,,true,true,true,true
C:\Users\simon\Documents\Code\thesis-code\commons-io-master\src\test\java\org\apache\commons\io\EndianUtilsTest.java,EndianUtilsTest.java,EndianUtilsTest,testWriteSwappedFloat,14,0,void,,true,true,true,true
C:\Users\simon\Documents\Code\thesis-code\commons-io-master\src\test\java\org\apache\commons\io\EndianUtilsTest.java,EndianUtilsTest.java,EndianUtilsTest,testWriteSwappedInteger,13,0,void,,true,true,true,true
C:\Users\simon\Documents\Code\thesis-code\commons-io-master\src\test\java\org\apache\commons\io\EndianUtilsTest.java,EndianUtilsTest.java,EndianUtilsTest,testWriteSwappedLong,21,0,void,,true,true,true,true
C:\Users\simon\Documents\Code\thesis-code\commons-io-master\src\test\java\org\apache\commons\io\EndianUtilsTest.java,EndianUtilsTest.java,EndianUtilsTest,testWriteSwappedShort,9,0,void,,true,true,true,true
C:\Users\simon\Documents\Code\thesis-code\commons-io-master\src\test\java\org\apache\commons\io\file\AbstractTempDirTest.java,AbstractTempDirTest.java,AbstractTempDirTest,createTempSymbolicLinkedRelativeDir,4,1,Path,protected; static,false,false,true,true
C:\Users\simon\Documents\Code\thesis-code\commons-io-master\src\test\java\org\apache\commons\io\file\AbstractTempDirTest.java,AbstractTempDirTest.java,AbstractTempDirTest,beforeEachCreateTempDirs,2,0,void,public,false,false,true,true
C:\Users\simon\Documents\Code\thesis-code\commons-io-master\src\test\java\org\apache\commons\io\file\AbstractTempDirTest.java,AbstractTempDirTest.java,AbstractTempDirTest,isPosixFilePermissionsSupported,1,0,boolean,protected; final,false,false,true,true
C:\Users\simon\Documents\Code\thesis-code\commons-io-master\src\test\java\org\apache\commons\io\file\AccumulatorPathVisitorTest.java,AccumulatorPathVisitorTest.java,AccumulatorPathVisitorTest,testParameters,1,0,Stream<Arguments>,static,false,true,true,true
C:\Users\simon\Documents\Code\thesis-code\commons-io-master\src\test\java\org\apache\commons\io\file\AccumulatorPathVisitorTest.java,AccumulatorPathVisitorTest.java,AccumulatorPathVisitorTest,testParametersIgnoreFailures,1,0,Stream<Arguments>,static,false,true,true,true
C:\Users\simon\Documents\Code\thesis-code\commons-io-master\src\test\java\org\apache\commons\io\file\AccumulatorPathVisitorTest.java,AccumulatorPathVisitorTest.java,AccumulatorPathVisitorTest,test0ArgConstructor,8,0,void,,true,true,true,true
C:\Users\simon\Documents\Code\thesis-code\commons-io-master\src\test\java\org\apache\commons\io\file\AccumulatorPathVisitorTest.java,AccumulatorPathVisitorTest.java,AccumulatorPathVisitorTest,testEmptyFolder,8,1,void,,false,true,true,true
C:\Users\simon\Documents\Code\thesis-code\commons-io-master\src\test\java\org\apache\commons\io\file\AccumulatorPathVisitorTest.java,AccumulatorPathVisitorTest.java,AccumulatorPathVisitorTest,testEqualsHashCode,15,0,void,,true,true,true,true
C:\Users\simon\Documents\Code\thesis-code\commons-io-master\src\test\java\org\apache\commons\io\file\AccumulatorPathVisitorTest.java,AccumulatorPathVisitorTest.java,AccumulatorPathVisitorTest,testFolders1FileSize0,8,1,void,,false,true,true,true
C:\Users\simon\Documents\Code\thesis-code\commons-io-master\src\test\java\org\apache\commons\io\file\AccumulatorPathVisitorTest.java,AccumulatorPathVisitorTest.java,AccumulatorPathVisitorTest,testFolders1FileSize1,8,1,void,,false,true,true,true
C:\Users\simon\Documents\Code\thesis-code\commons-io-master\src\test\java\org\apache\commons\io\file\AccumulatorPathVisitorTest.java,AccumulatorPathVisitorTest.java,AccumulatorPathVisitorTest,testFolders2FileSize2,8,1,void,,false,true,true,true
C:\Users\simon\Documents\Code\thesis-code\commons-io-master\src\test\java\org\apache\commons\io\file\AccumulatorPathVisitorTest.java,AccumulatorPathVisitorTest.java,AccumulatorPathVisitorTest,testFolderWhileDeletingAsync,10,1,void,,false,true,true,true
C:\Users\simon\Documents\Code\thesis-code\commons-io-master\src\test\java\org\apache\commons\io\file\AccumulatorPathVisitorTest.java,AccumulatorPathVisitorTest.java,AccumulatorPathVisitorTest,visitFile,2,2,FileVisitResult,public,false,false,true,true
C:\Users\simon\Documents\Code\thesis-code\commons-io-master\src\test\java\org\apache\commons\io\file\AccumulatorPathVisitorTest.java,AccumulatorPathVisitorTest.java,AccumulatorPathVisitorTest,testFolderWhileDeletingSync,13,1,void,,false,true,true,true
C:\Users\simon\Documents\Code\thesis-code\commons-io-master\src\test\java\org\apache\commons\io\file\AccumulatorPathVisitorTest.java,AccumulatorPathVisitorTest.java,AccumulatorPathVisitorTest,visitFile,2,2,FileVisitResult,public,false,false,true,true
C:\Users\simon\Documents\Code\thesis-code\commons-io-master\src\test\java\org\apache\commons\io\file\attribute\FileTimesTest.java,FileTimesTest.java,FileTimesTest,fileTimeNanoUnitsToNtfsProvider,1,0,Stream<Arguments>,public; static,false,false,true,true
C:\Users\simon\Documents\Code\thesis-code\commons-io-master\src\test\java\org\apache\commons\io\file\attribute\FileTimesTest.java,FileTimesTest.java,FileTimesTest,fileTimeToNtfsProvider,1,0,Stream<Arguments>,public; static,false,false,true,true
C:\Users\simon\Documents\Code\thesis-code\commons-io-master\src\test\java\org\apache\commons\io\file\attribute\FileTimesTest.java,FileTimesTest.java,FileTimesTest,isUnixFileTimeProvider,1,0,Stream<Arguments>,public; static,false,false,true,true
C:\Users\simon\Documents\Code\thesis-code\commons-io-master\src\test\java\org\apache\commons\io\file\attribute\FileTimesTest.java,FileTimesTest.java,FileTimesTest,testDateToFileTime,4,2,void,,false,true,true,true
C:\Users\simon\Documents\Code\thesis-code\commons-io-master\src\test\java\org\apache\commons\io\file\attribute\FileTimesTest.java,FileTimesTest.java,FileTimesTest,testDateToNtfsTime,6,2,void,,false,true,true,true
C:\Users\simon\Documents\Code\thesis-code\commons-io-master\src\test\java\org\apache\commons\io\file\attribute\FileTimesTest.java,FileTimesTest.java,FileTimesTest,testEpoch,1,0,void,,true,true,true,true
C:\Users\simon\Documents\Code\thesis-code\commons-io-master\src\test\java\org\apache\commons\io\file\attribute\FileTimesTest.java,FileTimesTest.java,FileTimesTest,testFileTimeToDate,4,2,void,,false,true,true,true
C:\Users\simon\Documents\Code\thesis-code\commons-io-master\src\test\java\org\apache\commons\io\file\attribute\FileTimesTest.java,FileTimesTest.java,FileTimesTest,testFileTimeToNtfsTime,4,2,void,,false,true,true,true
C:\Users\simon\Documents\Code\thesis-code\commons-io-master\src\test\java\org\apache\commons\io\file\attribute\FileTimesTest.java,FileTimesTest.java,FileTimesTest,testFileTimeToNtfsTime,2,2,void,,false,true,true,true
C:\Users\simon\Documents\Code\thesis-code\commons-io-master\src\test\java\org\apache\commons\io\file\attribute\FileTimesTest.java,FileTimesTest.java,FileTimesTest,testFromUnixTime,2,2,void,,false,true,true,true
C:\Users\simon\Documents\Code\thesis-code\commons-io-master\src\test\java\org\apache\commons\io\file\attribute\FileTimesTest.java,FileTimesTest.java,FileTimesTest,testIsUnixTime,1,2,void,,false,true,true,true
C:\Users\simon\Documents\Code\thesis-code\commons-io-master\src\test\java\org\apache\commons\io\file\attribute\FileTimesTest.java,FileTimesTest.java,FileTimesTest,testIsUnixTimeFileTimeNull,1,0,void,,false,true,true,true
C:\Users\simon\Documents\Code\thesis-code\commons-io-master\src\test\java\org\apache\commons\io\file\attribute\FileTimesTest.java,FileTimesTest.java,FileTimesTest,testIsUnixTimeLong,1,2,void,,false,true,true,true
C:\Users\simon\Documents\Code\thesis-code\commons-io-master\src\test\java\org\apache\commons\io\file\attribute\FileTimesTest.java,FileTimesTest.java,FileTimesTest,testMaxJavaTime,6,0,void,,true,true,true,true
C:\Users\simon\Documents\Code\thesis-code\commons-io-master\src\test\java\org\apache\commons\io\file\attribute\FileTimesTest.java,FileTimesTest.java,FileTimesTest,testMaxJavaTimeParam,5,2,void,,false,true,true,true
C:\Users\simon\Documents\Code\thesis-code\commons-io-master\src\test\java\org\apache\commons\io\file\attribute\FileTimesTest.java,FileTimesTest.java,FileTimesTest,testMinusMillis,3,0,void,,true,true,true,true
C:\Users\simon\Documents\Code\thesis-code\commons-io-master\src\test\java\org\apache\commons\io\file\attribute\FileTimesTest.java,FileTimesTest.java,FileTimesTest,testMinusNanos,3,0,void,,true,true,true,true
C:\Users\simon\Documents\Code\thesis-code\commons-io-master\src\test\java\org\apache\commons\io\file\attribute\FileTimesTest.java,FileTimesTest.java,FileTimesTest,testMinusSeconds,3,0,void,,true,true,true,true
C:\Users\simon\Documents\Code\thesis-code\commons-io-master\src\test\java\org\apache\commons\io\file\attribute\FileTimesTest.java,FileTimesTest.java,FileTimesTest,testNtfsTimeToDate,1,2,void,,false,true,true,true
C:\Users\simon\Documents\Code\thesis-code\commons-io-master\src\test\java\org\apache\commons\io\file\attribute\FileTimesTest.java,FileTimesTest.java,FileTimesTest,testNtfsTimeToFileTime,5,2,void,,false,true,true,true
C:\Users\simon\Documents\Code\thesis-code\commons-io-master\src\test\java\org\apache\commons\io\file\attribute\FileTimesTest.java,FileTimesTest.java,FileTimesTest,testNullDateToNullFileTime,1,0,void,,true,true,true,true
C:\Users\simon\Documents\Code\thesis-code\commons-io-master\src\test\java\org\apache\commons\io\file\attribute\FileTimesTest.java,FileTimesTest.java,FileTimesTest,testNullFileTimeToNullDate,1,0,void,,true,true,true,true
C:\Users\simon\Documents\Code\thesis-code\commons-io-master\src\test\java\org\apache\commons\io\file\attribute\FileTimesTest.java,FileTimesTest.java,FileTimesTest,testPlusMinusMillis,3,0,void,,true,true,true,true
C:\Users\simon\Documents\Code\thesis-code\commons-io-master\src\test\java\org\apache\commons\io\file\attribute\FileTimesTest.java,FileTimesTest.java,FileTimesTest,testPlusNanos,3,0,void,,true,true,true,true
C:\Users\simon\Documents\Code\thesis-code\commons-io-master\src\test\java\org\apache\commons\io\file\attribute\FileTimesTest.java,FileTimesTest.java,FileTimesTest,testPlusSeconds,3,0,void,,true,true,true,true
C:\Users\simon\Documents\Code\thesis-code\commons-io-master\src\test\java\org\apache\commons\io\file\attribute\FileTimesTest.java,FileTimesTest.java,FileTimesTest,testToUnixTime,1,2,void,,false,true,true,true
C:\Users\simon\Documents\Code\thesis-code\commons-io-master\src\test\java\org\apache\commons\io\file\CleaningPathVisitorTest.java,CleaningPathVisitorTest.java,CleaningPathVisitorTest,applyCleanEmptyDirectory,2,1,void,private,false,false,true,true
C:\Users\simon\Documents\Code\thesis-code\commons-io-master\src\test\java\org\apache\commons\io\file\CleaningPathVisitorTest.java,CleaningPathVisitorTest.java,CleaningPathVisitorTest,testCleanEmptyDirectory,1,1,void,,false,true,true,true
C:\Users\simon\Documents\Code\thesis-code\commons-io-master\src\test\java\org\apache\commons\io\file\CleaningPathVisitorTest.java,CleaningPathVisitorTest.java,CleaningPathVisitorTest,testCleanEmptyDirectoryNullCtorArg,1,1,void,,false,true,true,true
C:\Users\simon\Documents\Code\thesis-code\commons-io-master\src\test\java\org\apache\commons\io\file\CleaningPathVisitorTest.java,CleaningPathVisitorTest.java,CleaningPathVisitorTest,testCleanFolders1FileSize0,8,1,void,,false,true,true,true
C:\Users\simon\Documents\Code\thesis-code\commons-io-master\src\test\java\org\apache\commons\io\file\CleaningPathVisitorTest.java,CleaningPathVisitorTest.java,CleaningPathVisitorTest,testCleanFolders1FileSize1,8,1,void,,false,true,true,true
C:\Users\simon\Documents\Code\thesis-code\commons-io-master\src\test\java\org\apache\commons\io\file\CleaningPathVisitorTest.java,CleaningPathVisitorTest.java,CleaningPathVisitorTest,testCleanFolders1FileSize1Skip,13,1,void,,false,true,true,true
C:\Users\simon\Documents\Code\thesis-code\commons-io-master\src\test\java\org\apache\commons\io\file\CleaningPathVisitorTest.java,CleaningPathVisitorTest.java,CleaningPathVisitorTest,testCleanFolders2FileSize2,8,1,void,,false,true,true,true
C:\Users\simon\Documents\Code\thesis-code\commons-io-master\src\test\java\org\apache\commons\io\file\CleaningPathVisitorTest.java,CleaningPathVisitorTest.java,CleaningPathVisitorTest,testEqualsHashCode,15,0,void,,true,true,true,true
C:\Users\simon\Documents\Code\thesis-code\commons-io-master\src\test\java\org\apache\commons\io\file\CopyDirectoryVisitorTest.java,CopyDirectoryVisitorTest.java,CopyDirectoryVisitorTest,testCopyDirectoryEmptyFolder,1,1,void,,false,true,true,true
C:\Users\simon\Documents\Code\thesis-code\commons-io-master\src\test\java\org\apache\commons\io\file\CopyDirectoryVisitorTest.java,CopyDirectoryVisitorTest.java,CopyDirectoryVisitorTest,testCopyDirectoryEmptyFolderFilters,1,1,void,,false,true,true,true
C:\Users\simon\Documents\Code\thesis-code\commons-io-master\src\test\java\org\apache\commons\io\file\CopyDirectoryVisitorTest.java,CopyDirectoryVisitorTest.java,CopyDirectoryVisitorTest,testCopyDirectoryFilters,9,1,void,,false,true,true,true
C:\Users\simon\Documents\Code\thesis-code\commons-io-master\src\test\java\org\apache\commons\io\file\CopyDirectoryVisitorTest.java,CopyDirectoryVisitorTest.java,CopyDirectoryVisitorTest,testCopyDirectoryFolders1FileSize0,11,1,void,,false,true,true,true
C:\Users\simon\Documents\Code\thesis-code\commons-io-master\src\test\java\org\apache\commons\io\file\CopyDirectoryVisitorTest.java,CopyDirectoryVisitorTest.java,CopyDirectoryVisitorTest,testCopyDirectoryFolders1FileSize1,7,1,void,,false,true,true,true
C:\Users\simon\Documents\Code\thesis-code\commons-io-master\src\test\java\org\apache\commons\io\file\CopyDirectoryVisitorTest.java,CopyDirectoryVisitorTest.java,CopyDirectoryVisitorTest,testCopyDirectoryFolders2FileSize2,8,1,void,,false,true,true,true
C:\Users\simon\Documents\Code\thesis-code\commons-io-master\src\test\java\org\apache\commons\io\file\CountersEqualsAndHashCodeTest.java,CountersEqualsAndHashCodeTest.java,CountersEqualsAndHashCodeTest,testBigIntegerCounterEquals,1,0,void,,true,true,true,true
C:\Users\simon\Documents\Code\thesis-code\commons-io-master\src\test\java\org\apache\commons\io\file\CountersEqualsAndHashCodeTest.java,CountersEqualsAndHashCodeTest.java,CountersEqualsAndHashCodeTest,testBigIntegerHashCode,1,0,void,,true,true,true,true
C:\Users\simon\Documents\Code\thesis-code\commons-io-master\src\test\java\org\apache\commons\io\file\CountersEqualsAndHashCodeTest.java,CountersEqualsAndHashCodeTest.java,CountersEqualsAndHashCodeTest,testEquals,5,2,void,private,false,true,true,true
C:\Users\simon\Documents\Code\thesis-code\commons-io-master\src\test\java\org\apache\commons\io\file\CountersEqualsAndHashCodeTest.java,CountersEqualsAndHashCodeTest.java,CountersEqualsAndHashCodeTest,testEqualsByteCounters,5,2,void,private,false,true,true,true
C:\Users\simon\Documents\Code\thesis-code\commons-io-master\src\test\java\org\apache\commons\io\file\CountersEqualsAndHashCodeTest.java,CountersEqualsAndHashCodeTest.java,CountersEqualsAndHashCodeTest,testEqualsDirectoryCounters,5,2,void,private,false,true,true,true
C:\Users\simon\Documents\Code\thesis-code\commons-io-master\src\test\java\org\apache\commons\io\file\CountersEqualsAndHashCodeTest.java,CountersEqualsAndHashCodeTest.java,CountersEqualsAndHashCodeTest,testEqualsFileCounters,5,2,void,private,false,true,true,true
C:\Users\simon\Documents\Code\thesis-code\commons-io-master\src\test\java\org\apache\commons\io\file\CountersEqualsAndHashCodeTest.java,CountersEqualsAndHashCodeTest.java,CountersEqualsAndHashCodeTest,testHashCodeFileCounters,5,2,void,private,false,true,true,true
C:\Users\simon\Documents\Code\thesis-code\commons-io-master\src\test\java\org\apache\commons\io\file\CountersEqualsAndHashCodeTest.java,CountersEqualsAndHashCodeTest.java,CountersEqualsAndHashCodeTest,testHashCodes,5,2,void,private,false,true,true,true
C:\Users\simon\Documents\Code\thesis-code\commons-io-master\src\test\java\org\apache\commons\io\file\CountersEqualsAndHashCodeTest.java,CountersEqualsAndHashCodeTest.java,CountersEqualsAndHashCodeTest,testLongCounterEquals,1,0,void,,true,true,true,true
C:\Users\simon\Documents\Code\thesis-code\commons-io-master\src\test\java\org\apache\commons\io\file\CountersEqualsAndHashCodeTest.java,CountersEqualsAndHashCodeTest.java,CountersEqualsAndHashCodeTest,testLongCounterHashCodes,1,0,void,,true,true,true,true
C:\Users\simon\Documents\Code\thesis-code\commons-io-master\src\test\java\org\apache\commons\io\file\CountersEqualsAndHashCodeTest.java,CountersEqualsAndHashCodeTest.java,CountersEqualsAndHashCodeTest,testLongCounterMixEquals,2,0,void,,true,true,true,true
C:\Users\simon\Documents\Code\thesis-code\commons-io-master\src\test\java\org\apache\commons\io\file\CountersEqualsAndHashCodeTest.java,CountersEqualsAndHashCodeTest.java,CountersEqualsAndHashCodeTest,testLongPathCountersEqualsByteCounters,1,0,void,,true,true,true,true
C:\Users\simon\Documents\Code\thesis-code\commons-io-master\src\test\java\org\apache\commons\io\file\CountersEqualsAndHashCodeTest.java,CountersEqualsAndHashCodeTest.java,CountersEqualsAndHashCodeTest,testLongPathCountersEqualsDirectoryCounters,1,0,void,,true,true,true,true
C:\Users\simon\Documents\Code\thesis-code\commons-io-master\src\test\java\org\apache\commons\io\file\CountersEqualsAndHashCodeTest.java,CountersEqualsAndHashCodeTest.java,CountersEqualsAndHashCodeTest,testLongPathCountersEqualsFileCounters,1,0,void,,true,true,true,true
C:\Users\simon\Documents\Code\thesis-code\commons-io-master\src\test\java\org\apache\commons\io\file\CountersEqualsAndHashCodeTest.java,CountersEqualsAndHashCodeTest.java,CountersEqualsAndHashCodeTest,testLongPathCountersHashCodeFileCounters,1,0,void,,true,true,true,true
C:\Users\simon\Documents\Code\thesis-code\commons-io-master\src\test\java\org\apache\commons\io\file\CountersEqualsAndHashCodeTest.java,CountersEqualsAndHashCodeTest.java,CountersEqualsAndHashCodeTest,testMix,1,0,void,,true,true,true,true
C:\Users\simon\Documents\Code\thesis-code\commons-io-master\src\test\java\org\apache\commons\io\file\CountersTest.java,CountersTest.java,CountersTest,testInitialValue,1,1,void,,false,true,true,true
C:\Users\simon\Documents\Code\thesis-code\commons-io-master\src\test\java\org\apache\commons\io\file\CountersTest.java,CountersTest.java,CountersTest,testInitialValues,1,1,void,,false,true,true,true
C:\Users\simon\Documents\Code\thesis-code\commons-io-master\src\test\java\org\apache\commons\io\file\CountersTest.java,CountersTest.java,CountersTest,testResetCounter,6,1,void,,false,true,true,true
C:\Users\simon\Documents\Code\thesis-code\commons-io-master\src\test\java\org\apache\commons\io\file\CountersTest.java,CountersTest.java,CountersTest,testResetPathCounter,6,1,void,,false,true,true,true
C:\Users\simon\Documents\Code\thesis-code\commons-io-master\src\test\java\org\apache\commons\io\file\CountersTest.java,CountersTest.java,CountersTest,testToString,1,1,void,,false,true,true,true
C:\Users\simon\Documents\Code\thesis-code\commons-io-master\src\test\java\org\apache\commons\io\file\CountersTest.java,CountersTest.java,CountersTest,testToString,1,1,void,,false,true,true,true
C:\Users\simon\Documents\Code\thesis-code\commons-io-master\src\test\java\org\apache\commons\io\file\CountingPathVisitorTest.java,CountingPathVisitorTest.java,CountingPathVisitorTest,checkZeroCounts,2,1,void,private,false,false,true,true
C:\Users\simon\Documents\Code\thesis-code\commons-io-master\src\test\java\org\apache\commons\io\file\CountingPathVisitorTest.java,CountingPathVisitorTest.java,CountingPathVisitorTest,testCountEmptyFolder,2,1,void,,false,true,true,true
C:\Users\simon\Documents\Code\thesis-code\commons-io-master\src\test\java\org\apache\commons\io\file\CountingPathVisitorTest.java,CountingPathVisitorTest.java,CountingPathVisitorTest,testCountFolders1FileSize0,2,1,void,,false,true,true,true
C:\Users\simon\Documents\Code\thesis-code\commons-io-master\src\test\java\org\apache\commons\io\file\CountingPathVisitorTest.java,CountingPathVisitorTest.java,CountingPathVisitorTest,testCountFolders1FileSize1,2,1,void,,false,true,true,true
C:\Users\simon\Documents\Code\thesis-code\commons-io-master\src\test\java\org\apache\commons\io\file\CountingPathVisitorTest.java,CountingPathVisitorTest.java,CountingPathVisitorTest,testCountFolders2FileSize2,2,1,void,,false,true,true,true
C:\Users\simon\Documents\Code\thesis-code\commons-io-master\src\test\java\org\apache\commons\io\file\CountingPathVisitorTest.java,CountingPathVisitorTest.java,CountingPathVisitorTest,testToString,1,1,void,,false,true,true,true
C:\Users\simon\Documents\Code\thesis-code\commons-io-master\src\test\java\org\apache\commons\io\file\DeletingPathVisitorTest.java,DeletingPathVisitorTest.java,DeletingPathVisitorTest,applyDeleteEmptyDirectory,2,1,void,private,false,false,true,true
C:\Users\simon\Documents\Code\thesis-code\commons-io-master\src\test\java\org\apache\commons\io\file\DeletingPathVisitorTest.java,DeletingPathVisitorTest.java,DeletingPathVisitorTest,testDeleteEmptyDirectory,2,1,void,,false,true,true,true
C:\Users\simon\Documents\Code\thesis-code\commons-io-master\src\test\java\org\apache\commons\io\file\DeletingPathVisitorTest.java,DeletingPathVisitorTest.java,DeletingPathVisitorTest,testDeleteEmptyDirectoryNullCtorArg,2,1,void,,false,true,true,true
C:\Users\simon\Documents\Code\thesis-code\commons-io-master\src\test\java\org\apache\commons\io\file\DeletingPathVisitorTest.java,DeletingPathVisitorTest.java,DeletingPathVisitorTest,testDeleteFolders1FileSize0,3,1,void,,false,true,true,true
C:\Users\simon\Documents\Code\thesis-code\commons-io-master\src\test\java\org\apache\commons\io\file\DeletingPathVisitorTest.java,DeletingPathVisitorTest.java,DeletingPathVisitorTest,testDeleteFolders1FileSize1,3,1,void,,false,true,true,true
C:\Users\simon\Documents\Code\thesis-code\commons-io-master\src\test\java\org\apache\commons\io\file\DeletingPathVisitorTest.java,DeletingPathVisitorTest.java,DeletingPathVisitorTest,testDeleteFolders1FileSize1Skip,7,1,void,,false,true,true,true
C:\Users\simon\Documents\Code\thesis-code\commons-io-master\src\test\java\org\apache\commons\io\file\DeletingPathVisitorTest.java,DeletingPathVisitorTest.java,DeletingPathVisitorTest,testDeleteFolders2FileSize2,3,1,void,,false,true,true,true
C:\Users\simon\Documents\Code\thesis-code\commons-io-master\src\test\java\org\apache\commons\io\file\DeletingPathVisitorTest.java,DeletingPathVisitorTest.java,DeletingPathVisitorTest,testEqualsHashCode,15,0,void,,true,true,true,true
C:\Users\simon\Documents\Code\thesis-code\commons-io-master\src\test\java\org\apache\commons\io\file\DeletingPathVisitorTest.java,DeletingPathVisitorTest.java,DeletingPathVisitorTest,testIO850DirectoriesAndFiles,14,0,void,,true,true,true,true
C:\Users\simon\Documents\Code\thesis-code\commons-io-master\src\test\java\org\apache\commons\io\file\DeletingPathVisitorTest.java,DeletingPathVisitorTest.java,DeletingPathVisitorTest,testIO850DirectoriesOnly,10,0,void,,true,true,true,true
C:\Users\simon\Documents\Code\thesis-code\commons-io-master\src\test\java\org\apache\commons\io\file\DirectoryStreamFilterTest.java,DirectoryStreamFilterTest.java,DirectoryStreamFilterTest,testFilterByName,4,0,void,,true,true,true,true
C:\Users\simon\Documents\Code\thesis-code\commons-io-master\src\test\java\org\apache\commons\io\file\DirectoryStreamFilterTest.java,DirectoryStreamFilterTest.java,DirectoryStreamFilterTest,testFilterByNameNot,4,0,void,,true,true,true,true
C:\Users\simon\Documents\Code\thesis-code\commons-io-master\src\test\java\org\apache\commons\io\file\FilesUncheckTest.java,FilesUncheckTest.java,FilesUncheckTest,deleteFixtures,3,0,void,public,false,false,true,true
C:\Users\simon\Documents\Code\thesis-code\commons-io-master\src\test\java\org\apache\commons\io\file\FilesUncheckTest.java,FilesUncheckTest.java,FilesUncheckTest,testCopyInputStreamPathCopyOptionArray,1,0,void,,true,true,true,true
C:\Users\simon\Documents\Code\thesis-code\commons-io-master\src\test\java\org\apache\commons\io\file\FilesUncheckTest.java,FilesUncheckTest.java,FilesUncheckTest,testCopyPathOutputStream,1,0,void,,true,true,true,true
C:\Users\simon\Documents\Code\thesis-code\commons-io-master\src\test\java\org\apache\commons\io\file\FilesUncheckTest.java,FilesUncheckTest.java,FilesUncheckTest,testCopyPathPathCopyOptionArray,1,0,void,,true,true,true,true
C:\Users\simon\Documents\Code\thesis-code\commons-io-master\src\test\java\org\apache\commons\io\file\FilesUncheckTest.java,FilesUncheckTest.java,FilesUncheckTest,testCreateDirectories,1,0,void,,true,true,true,true
C:\Users\simon\Documents\Code\thesis-code\commons-io-master\src\test\java\org\apache\commons\io\file\FilesUncheckTest.java,FilesUncheckTest.java,FilesUncheckTest,testCreateDirectory,1,0,void,,true,true,true,true
C:\Users\simon\Documents\Code\thesis-code\commons-io-master\src\test\java\org\apache\commons\io\file\FilesUncheckTest.java,FilesUncheckTest.java,FilesUncheckTest,testCreateFile,1,0,void,,true,true,true,true
C:\Users\simon\Documents\Code\thesis-code\commons-io-master\src\test\java\org\apache\commons\io\file\FilesUncheckTest.java,FilesUncheckTest.java,FilesUncheckTest,testCreateLink,1,0,void,,true,true,true,true
C:\Users\simon\Documents\Code\thesis-code\commons-io-master\src\test\java\org\apache\commons\io\file\FilesUncheckTest.java,FilesUncheckTest.java,FilesUncheckTest,testCreateSymbolicLink,1,0,void,,true,true,true,true
C:\Users\simon\Documents\Code\thesis-code\commons-io-master\src\test\java\org\apache\commons\io\file\FilesUncheckTest.java,FilesUncheckTest.java,FilesUncheckTest,testCreateTempDirectoryPathStringFileAttributeOfQArray,1,0,void,,true,true,true,true
C:\Users\simon\Documents\Code\thesis-code\commons-io-master\src\test\java\org\apache\commons\io\file\FilesUncheckTest.java,FilesUncheckTest.java,FilesUncheckTest,testCreateTempDirectoryStringFileAttributeOfQArray,1,0,void,,true,true,true,true
C:\Users\simon\Documents\Code\thesis-code\commons-io-master\src\test\java\org\apache\commons\io\file\FilesUncheckTest.java,FilesUncheckTest.java,FilesUncheckTest,testCreateTempFilePathStringStringFileAttributeOfQArray,1,0,void,,true,true,true,true
C:\Users\simon\Documents\Code\thesis-code\commons-io-master\src\test\java\org\apache\commons\io\file\FilesUncheckTest.java,FilesUncheckTest.java,FilesUncheckTest,testCreateTempFileStringStringFileAttributeOfQArray,1,0,void,,true,true,true,true
C:\Users\simon\Documents\Code\thesis-code\commons-io-master\src\test\java\org\apache\commons\io\file\FilesUncheckTest.java,FilesUncheckTest.java,FilesUncheckTest,testDelete,1,0,void,,true,true,true,true
C:\Users\simon\Documents\Code\thesis-code\commons-io-master\src\test\java\org\apache\commons\io\file\FilesUncheckTest.java,FilesUncheckTest.java,FilesUncheckTest,testDeleteIfExists,1,0,void,,true,true,true,true
C:\Users\simon\Documents\Code\thesis-code\commons-io-master\src\test\java\org\apache\commons\io\file\FilesUncheckTest.java,FilesUncheckTest.java,FilesUncheckTest,testFind,1,0,void,,true,true,true,true
C:\Users\simon\Documents\Code\thesis-code\commons-io-master\src\test\java\org\apache\commons\io\file\FilesUncheckTest.java,FilesUncheckTest.java,FilesUncheckTest,testGetAttribute,1,0,void,,true,true,true,true
C:\Users\simon\Documents\Code\thesis-code\commons-io-master\src\test\java\org\apache\commons\io\file\FilesUncheckTest.java,FilesUncheckTest.java,FilesUncheckTest,testGetFileStore,1,0,void,,true,true,true,true
C:\Users\simon\Documents\Code\thesis-code\commons-io-master\src\test\java\org\apache\commons\io\file\FilesUncheckTest.java,FilesUncheckTest.java,FilesUncheckTest,testGetLastModifiedTime,1,0,void,,true,true,true,true
C:\Users\simon\Documents\Code\thesis-code\commons-io-master\src\test\java\org\apache\commons\io\file\FilesUncheckTest.java,FilesUncheckTest.java,FilesUncheckTest,testGetOwner,1,0,void,,true,true,true,true
C:\Users\simon\Documents\Code\thesis-code\commons-io-master\src\test\java\org\apache\commons\io\file\FilesUncheckTest.java,FilesUncheckTest.java,FilesUncheckTest,testGetPosixFilePermissions,2,0,void,,true,true,true,true
C:\Users\simon\Documents\Code\thesis-code\commons-io-master\src\test\java\org\apache\commons\io\file\FilesUncheckTest.java,FilesUncheckTest.java,FilesUncheckTest,testIsHidden,1,0,void,,true,true,true,true
C:\Users\simon\Documents\Code\thesis-code\commons-io-master\src\test\java\org\apache\commons\io\file\FilesUncheckTest.java,FilesUncheckTest.java,FilesUncheckTest,testIsSameFile,1,0,void,,true,true,true,true
C:\Users\simon\Documents\Code\thesis-code\commons-io-master\src\test\java\org\apache\commons\io\file\FilesUncheckTest.java,FilesUncheckTest.java,FilesUncheckTest,testLinesPath,1,0,void,,true,true,true,true
C:\Users\simon\Documents\Code\thesis-code\commons-io-master\src\test\java\org\apache\commons\io\file\FilesUncheckTest.java,FilesUncheckTest.java,FilesUncheckTest,testLinesPathCharset,1,0,void,,true,true,true,true
C:\Users\simon\Documents\Code\thesis-code\commons-io-master\src\test\java\org\apache\commons\io\file\FilesUncheckTest.java,FilesUncheckTest.java,FilesUncheckTest,testList,1,0,void,,true,true,true,true
C:\Users\simon\Documents\Code\thesis-code\commons-io-master\src\test\java\org\apache\commons\io\file\FilesUncheckTest.java,FilesUncheckTest.java,FilesUncheckTest,testMove,4,0,void,,true,true,true,true
C:\Users\simon\Documents\Code\thesis-code\commons-io-master\src\test\java\org\apache\commons\io\file\FilesUncheckTest.java,FilesUncheckTest.java,FilesUncheckTest,testNewBufferedReaderPath,1,0,void,,true,true,true,true
C:\Users\simon\Documents\Code\thesis-code\commons-io-master\src\test\java\org\apache\commons\io\file\FilesUncheckTest.java,FilesUncheckTest.java,FilesUncheckTest,testNewBufferedReaderPathCharset,1,0,void,,true,true,true,true
C:\Users\simon\Documents\Code\thesis-code\commons-io-master\src\test\java\org\apache\commons\io\file\FilesUncheckTest.java,FilesUncheckTest.java,FilesUncheckTest,testNewBufferedWriterPathCharsetOpenOptionArray,3,0,void,,true,true,true,true
C:\Users\simon\Documents\Code\thesis-code\commons-io-master\src\test\java\org\apache\commons\io\file\FilesUncheckTest.java,FilesUncheckTest.java,FilesUncheckTest,testNewBufferedWriterPathOpenOptionArray,3,0,void,,true,true,true,true
C:\Users\simon\Documents\Code\thesis-code\commons-io-master\src\test\java\org\apache\commons\io\file\FilesUncheckTest.java,FilesUncheckTest.java,FilesUncheckTest,testNewByteChannelPathOpenOptionArray,1,0,void,,true,true,true,true
C:\Users\simon\Documents\Code\thesis-code\commons-io-master\src\test\java\org\apache\commons\io\file\FilesUncheckTest.java,FilesUncheckTest.java,FilesUncheckTest,testNewByteChannelPathSetOfQextendsOpenOptionFileAttributeOfQArray,3,0,void,,true,true,true,true
C:\Users\simon\Documents\Code\thesis-code\commons-io-master\src\test\java\org\apache\commons\io\file\FilesUncheckTest.java,FilesUncheckTest.java,FilesUncheckTest,testNewDirectoryStreamPath,1,0,void,,true,true,true,true
C:\Users\simon\Documents\Code\thesis-code\commons-io-master\src\test\java\org\apache\commons\io\file\FilesUncheckTest.java,FilesUncheckTest.java,FilesUncheckTest,testNewDirectoryStreamPathFilterOfQsuperPath,1,0,void,,true,true,true,true
C:\Users\simon\Documents\Code\thesis-code\commons-io-master\src\test\java\org\apache\commons\io\file\FilesUncheckTest.java,FilesUncheckTest.java,FilesUncheckTest,testNewDirectoryStreamPathString,1,0,void,,true,true,true,true
C:\Users\simon\Documents\Code\thesis-code\commons-io-master\src\test\java\org\apache\commons\io\file\FilesUncheckTest.java,FilesUncheckTest.java,FilesUncheckTest,testNewInputStream,1,0,void,,true,true,true,true
C:\Users\simon\Documents\Code\thesis-code\commons-io-master\src\test\java\org\apache\commons\io\file\FilesUncheckTest.java,FilesUncheckTest.java,FilesUncheckTest,testNewOutputStream,3,0,void,,true,true,true,true
C:\Users\simon\Documents\Code\thesis-code\commons-io-master\src\test\java\org\apache\commons\io\file\FilesUncheckTest.java,FilesUncheckTest.java,FilesUncheckTest,testProbeContentType,2,0,void,,true,true,true,true
C:\Users\simon\Documents\Code\thesis-code\commons-io-master\src\test\java\org\apache\commons\io\file\FilesUncheckTest.java,FilesUncheckTest.java,FilesUncheckTest,testReadAllBytes,2,0,void,,true,true,true,true
C:\Users\simon\Documents\Code\thesis-code\commons-io-master\src\test\java\org\apache\commons\io\file\FilesUncheckTest.java,FilesUncheckTest.java,FilesUncheckTest,testReadAllLinesPath,2,0,void,,true,true,true,true
C:\Users\simon\Documents\Code\thesis-code\commons-io-master\src\test\java\org\apache\commons\io\file\FilesUncheckTest.java,FilesUncheckTest.java,FilesUncheckTest,testReadAllLinesPathCharset,2,0,void,,true,true,true,true
C:\Users\simon\Documents\Code\thesis-code\commons-io-master\src\test\java\org\apache\commons\io\file\FilesUncheckTest.java,FilesUncheckTest.java,FilesUncheckTest,testReadAttributesPathClassOfALinkOptionArray,1,0,void,,true,true,true,true
C:\Users\simon\Documents\Code\thesis-code\commons-io-master\src\test\java\org\apache\commons\io\file\FilesUncheckTest.java,FilesUncheckTest.java,FilesUncheckTest,testReadAttributesPathStringLinkOptionArray,1,0,void,,true,true,true,true
C:\Users\simon\Documents\Code\thesis-code\commons-io-master\src\test\java\org\apache\commons\io\file\FilesUncheckTest.java,FilesUncheckTest.java,FilesUncheckTest,testReadSymbolicLink,1,0,void,,true,true,true,true
C:\Users\simon\Documents\Code\thesis-code\commons-io-master\src\test\java\org\apache\commons\io\file\FilesUncheckTest.java,FilesUncheckTest.java,FilesUncheckTest,testSetAttribute,2,0,void,,true,true,true,true
C:\Users\simon\Documents\Code\thesis-code\commons-io-master\src\test\java\org\apache\commons\io\file\FilesUncheckTest.java,FilesUncheckTest.java,FilesUncheckTest,testSetLastModifiedTime,2,0,void,,true,true,true,true
C:\Users\simon\Documents\Code\thesis-code\commons-io-master\src\test\java\org\apache\commons\io\file\FilesUncheckTest.java,FilesUncheckTest.java,FilesUncheckTest,testSetOwner,2,0,void,,true,true,true,true
C:\Users\simon\Documents\Code\thesis-code\commons-io-master\src\test\java\org\apache\commons\io\file\FilesUncheckTest.java,FilesUncheckTest.java,FilesUncheckTest,testSetPosixFilePermissions,3,0,void,,true,true,true,true
C:\Users\simon\Documents\Code\thesis-code\commons-io-master\src\test\java\org\apache\commons\io\file\FilesUncheckTest.java,FilesUncheckTest.java,FilesUncheckTest,testSize,2,0,void,,true,true,true,true
C:\Users\simon\Documents\Code\thesis-code\commons-io-master\src\test\java\org\apache\commons\io\file\FilesUncheckTest.java,FilesUncheckTest.java,FilesUncheckTest,testWalkFileTreePathFileVisitorOfQsuperPath,1,0,void,,true,true,true,true
C:\Users\simon\Documents\Code\thesis-code\commons-io-master\src\test\java\org\apache\commons\io\file\FilesUncheckTest.java,FilesUncheckTest.java,FilesUncheckTest,testWalkFileTreePathSetOfFileVisitOptionIntFileVisitorOfQsuperPath,1,0,void,,true,true,true,true
C:\Users\simon\Documents\Code\thesis-code\commons-io-master\src\test\java\org\apache\commons\io\file\FilesUncheckTest.java,FilesUncheckTest.java,FilesUncheckTest,testWalkPathFileVisitOptionArray,1,0,void,,true,true,true,true
C:\Users\simon\Documents\Code\thesis-code\commons-io-master\src\test\java\org\apache\commons\io\file\FilesUncheckTest.java,FilesUncheckTest.java,FilesUncheckTest,testWalkPathIntFileVisitOptionArray,1,0,void,,true,true,true,true
C:\Users\simon\Documents\Code\thesis-code\commons-io-master\src\test\java\org\apache\commons\io\file\FilesUncheckTest.java,FilesUncheckTest.java,FilesUncheckTest,testWritePathByteArrayOpenOptionArray,3,0,void,,true,true,true,true
C:\Users\simon\Documents\Code\thesis-code\commons-io-master\src\test\java\org\apache\commons\io\file\FilesUncheckTest.java,FilesUncheckTest.java,FilesUncheckTest,testWritePathIterableOfQextendsCharSequenceCharsetOpenOptionArray,3,0,void,,true,true,true,true
C:\Users\simon\Documents\Code\thesis-code\commons-io-master\src\test\java\org\apache\commons\io\file\FilesUncheckTest.java,FilesUncheckTest.java,FilesUncheckTest,testWritePathIterableOfQextendsCharSequenceOpenOptionArray,3,0,void,,true,true,true,true
C:\Users\simon\Documents\Code\thesis-code\commons-io-master\src\test\java\org\apache\commons\io\file\PathUtilsCleanDirectoryTest.java,PathUtilsCleanDirectoryTest.java,PathUtilsCleanDirectoryTest,testCleanDirectory1FileSize0,2,0,void,,true,true,true,true
C:\Users\simon\Documents\Code\thesis-code\commons-io-master\src\test\java\org\apache\commons\io\file\PathUtilsCleanDirectoryTest.java,PathUtilsCleanDirectoryTest.java,PathUtilsCleanDirectoryTest,testCleanDirectory1FileSize1,2,0,void,,true,true,true,true
C:\Users\simon\Documents\Code\thesis-code\commons-io-master\src\test\java\org\apache\commons\io\file\PathUtilsCleanDirectoryTest.java,PathUtilsCleanDirectoryTest.java,PathUtilsCleanDirectoryTest,testCleanDirectory2FileSize2,2,0,void,,true,true,true,true
C:\Users\simon\Documents\Code\thesis-code\commons-io-master\src\test\java\org\apache\commons\io\file\PathUtilsCleanDirectoryTest.java,PathUtilsCleanDirectoryTest.java,PathUtilsCleanDirectoryTest,testCleanEmptyDirectory,1,0,void,,true,true,true,true
C:\Users\simon\Documents\Code\thesis-code\commons-io-master\src\test\java\org\apache\commons\io\file\PathUtilsContentEqualsTest.java,PathUtilsContentEqualsTest.java,PathUtilsContentEqualsTest,testConfigurations,1,0,Configuration[],static,false,true,true,true
C:\Users\simon\Documents\Code\thesis-code\commons-io-master\src\test\java\org\apache\commons\io\file\PathUtilsContentEqualsTest.java,PathUtilsContentEqualsTest.java,PathUtilsContentEqualsTest,assertContentEquals,4,2,void,private,false,false,true,true
C:\Users\simon\Documents\Code\thesis-code\commons-io-master\src\test\java\org\apache\commons\io\file\PathUtilsContentEqualsTest.java,PathUtilsContentEqualsTest.java,PathUtilsContentEqualsTest,assertContentNotEquals,4,2,void,private,false,false,true,true
C:\Users\simon\Documents\Code\thesis-code\commons-io-master\src\test\java\org\apache\commons\io\file\PathUtilsContentEqualsTest.java,PathUtilsContentEqualsTest.java,PathUtilsContentEqualsTest,assertDirectoryAndFileContentEquals,4,2,void,private,false,false,true,true
C:\Users\simon\Documents\Code\thesis-code\commons-io-master\src\test\java\org\apache\commons\io\file\PathUtilsContentEqualsTest.java,PathUtilsContentEqualsTest.java,PathUtilsContentEqualsTest,assertDirectoryAndFileContentNotEquals,4,2,void,private,false,false,true,true
C:\Users\simon\Documents\Code\thesis-code\commons-io-master\src\test\java\org\apache\commons\io\file\PathUtilsContentEqualsTest.java,PathUtilsContentEqualsTest.java,PathUtilsContentEqualsTest,assertFileContentEquals,4,2,void,private,false,false,true,true
C:\Users\simon\Documents\Code\thesis-code\commons-io-master\src\test\java\org\apache\commons\io\file\PathUtilsContentEqualsTest.java,PathUtilsContentEqualsTest.java,PathUtilsContentEqualsTest,assertFileContentNotEquals,4,2,void,private,false,false,true,true
C:\Users\simon\Documents\Code\thesis-code\commons-io-master\src\test\java\org\apache\commons\io\file\PathUtilsContentEqualsTest.java,PathUtilsContentEqualsTest.java,PathUtilsContentEqualsTest,getName,1,0,String,private,false,false,true,true
C:\Users\simon\Documents\Code\thesis-code\commons-io-master\src\test\java\org\apache\commons\io\file\PathUtilsContentEqualsTest.java,PathUtilsContentEqualsTest.java,PathUtilsContentEqualsTest,testContentEqualsFileSystemsMemVsMem,2,1,void,,false,true,true,true
C:\Users\simon\Documents\Code\thesis-code\commons-io-master\src\test\java\org\apache\commons\io\file\PathUtilsContentEqualsTest.java,PathUtilsContentEqualsTest.java,PathUtilsContentEqualsTest,testContentEqualsFileSystemsMemVsZip,2,1,void,,false,true,true,true
C:\Users\simon\Documents\Code\thesis-code\commons-io-master\src\test\java\org\apache\commons\io\file\PathUtilsContentEqualsTest.java,PathUtilsContentEqualsTest.java,PathUtilsContentEqualsTest,testContentEqualsFileSystemsZipVsZip,8,0,void,,true,true,true,true
C:\Users\simon\Documents\Code\thesis-code\commons-io-master\src\test\java\org\apache\commons\io\file\PathUtilsContentEqualsTest.java,PathUtilsContentEqualsTest.java,PathUtilsContentEqualsTest,testDirectoryAndFileContentEquals,10,0,void,,true,true,true,true
C:\Users\simon\Documents\Code\thesis-code\commons-io-master\src\test\java\org\apache\commons\io\file\PathUtilsContentEqualsTest.java,PathUtilsContentEqualsTest.java,PathUtilsContentEqualsTest,testDirectoryAndFileContentEqualsDifferentFileSystemsFileVsZip,2,0,void,,true,true,true,true
C:\Users\simon\Documents\Code\thesis-code\commons-io-master\src\test\java\org\apache\commons\io\file\PathUtilsContentEqualsTest.java,PathUtilsContentEqualsTest.java,PathUtilsContentEqualsTest,testDirectoryAndFileContentEqualsDifferentFileSystemsZipVsZip,4,0,void,,true,true,true,true
C:\Users\simon\Documents\Code\thesis-code\commons-io-master\src\test\java\org\apache\commons\io\file\PathUtilsContentEqualsTest.java,PathUtilsContentEqualsTest.java,PathUtilsContentEqualsTest,testDirectoryAndFileContentEqualsDifferentFileSystemsZipVsZipEmpty,8,0,void,,true,true,true,true
C:\Users\simon\Documents\Code\thesis-code\commons-io-master\src\test\java\org\apache\commons\io\file\PathUtilsContentEqualsTest.java,PathUtilsContentEqualsTest.java,PathUtilsContentEqualsTest,testDirectoryContentEquals,14,0,void,,true,true,true,true
C:\Users\simon\Documents\Code\thesis-code\commons-io-master\src\test\java\org\apache\commons\io\file\PathUtilsContentEqualsTest.java,PathUtilsContentEqualsTest.java,PathUtilsContentEqualsTest,testFileContentEquals,21,0,void,,true,true,true,true
C:\Users\simon\Documents\Code\thesis-code\commons-io-master\src\test\java\org\apache\commons\io\file\PathUtilsContentEqualsTest.java,PathUtilsContentEqualsTest.java,PathUtilsContentEqualsTest,testFileContentEqualsZip,5,0,void,,true,true,true,true
C:\Users\simon\Documents\Code\thesis-code\commons-io-master\src\test\java\org\apache\commons\io\file\PathUtilsContentEqualsTest.java,PathUtilsContentEqualsTest.java,PathUtilsContentEqualsTest,testFileContentEqualsZipFileSystem,1,0,void,,true,true,true,true
C:\Users\simon\Documents\Code\thesis-code\commons-io-master\src\test\java\org\apache\commons\io\file\PathUtilsCountingTest.java,PathUtilsCountingTest.java,PathUtilsCountingTest,testCountEmptyFolder,1,0,void,,true,true,true,true
C:\Users\simon\Documents\Code\thesis-code\commons-io-master\src\test\java\org\apache\commons\io\file\PathUtilsCountingTest.java,PathUtilsCountingTest.java,PathUtilsCountingTest,testCountFolders1FileSize0,2,0,void,,true,true,true,true
C:\Users\simon\Documents\Code\thesis-code\commons-io-master\src\test\java\org\apache\commons\io\file\PathUtilsCountingTest.java,PathUtilsCountingTest.java,PathUtilsCountingTest,testCountFolders1FileSize1,2,0,void,,true,true,true,true
C:\Users\simon\Documents\Code\thesis-code\commons-io-master\src\test\java\org\apache\commons\io\file\PathUtilsCountingTest.java,PathUtilsCountingTest.java,PathUtilsCountingTest,testCountFolders2FileSize2,2,0,void,,true,true,true,true
C:\Users\simon\Documents\Code\thesis-code\commons-io-master\src\test\java\org\apache\commons\io\file\PathUtilsCountingTest.java,PathUtilsCountingTest.java,PathUtilsCountingTest,testCountFolders2FileSize4,2,0,void,,true,true,true,true
C:\Users\simon\Documents\Code\thesis-code\commons-io-master\src\test\java\org\apache\commons\io\file\PathUtilsDeleteDirectoryTest.java,PathUtilsDeleteDirectoryTest.java,PathUtilsDeleteDirectoryTest,testDeleteAbsentDirectory,7,0,void,,true,true,true,true
C:\Users\simon\Documents\Code\thesis-code\commons-io-master\src\test\java\org\apache\commons\io\file\PathUtilsDeleteDirectoryTest.java,PathUtilsDeleteDirectoryTest.java,PathUtilsDeleteDirectoryTest,testDeleteDirectory1FileSize0,3,0,void,,true,true,true,true
C:\Users\simon\Documents\Code\thesis-code\commons-io-master\src\test\java\org\apache\commons\io\file\PathUtilsDeleteDirectoryTest.java,PathUtilsDeleteDirectoryTest.java,PathUtilsDeleteDirectoryTest,testDeleteDirectory1FileSize0,3,1,void,private,false,true,true,true
C:\Users\simon\Documents\Code\thesis-code\commons-io-master\src\test\java\org\apache\commons\io\file\PathUtilsDeleteDirectoryTest.java,PathUtilsDeleteDirectoryTest.java,PathUtilsDeleteDirectoryTest,testDeleteDirectory1FileSize0NoOptions,1,0,void,,true,true,true,true
C:\Users\simon\Documents\Code\thesis-code\commons-io-master\src\test\java\org\apache\commons\io\file\PathUtilsDeleteDirectoryTest.java,PathUtilsDeleteDirectoryTest.java,PathUtilsDeleteDirectoryTest,testDeleteDirectory1FileSize0OverrideReadOnly,1,0,void,,true,true,true,true
C:\Users\simon\Documents\Code\thesis-code\commons-io-master\src\test\java\org\apache\commons\io\file\PathUtilsDeleteDirectoryTest.java,PathUtilsDeleteDirectoryTest.java,PathUtilsDeleteDirectoryTest,testDeleteDirectory1FileSize1,3,0,void,,true,true,true,true
C:\Users\simon\Documents\Code\thesis-code\commons-io-master\src\test\java\org\apache\commons\io\file\PathUtilsDeleteDirectoryTest.java,PathUtilsDeleteDirectoryTest.java,PathUtilsDeleteDirectoryTest,testDeleteDirectory2FileSize2,3,0,void,,true,true,true,true
C:\Users\simon\Documents\Code\thesis-code\commons-io-master\src\test\java\org\apache\commons\io\file\PathUtilsDeleteDirectoryTest.java,PathUtilsDeleteDirectoryTest.java,PathUtilsDeleteDirectoryTest,testDeleteEmptyDirectory,2,0,void,,true,true,true,true
C:\Users\simon\Documents\Code\thesis-code\commons-io-master\src\test\java\org\apache\commons\io\file\PathUtilsDeleteFileTest.java,PathUtilsDeleteFileTest.java,PathUtilsDeleteFileTest,testDeleteBrokenSymbolicLink,8,0,void,,true,true,true,true
C:\Users\simon\Documents\Code\thesis-code\commons-io-master\src\test\java\org\apache\commons\io\file\PathUtilsDeleteFileTest.java,PathUtilsDeleteFileTest.java,PathUtilsDeleteFileTest,testDeleteFileDirectory1FileSize0,4,0,void,,true,true,true,true
C:\Users\simon\Documents\Code\thesis-code\commons-io-master\src\test\java\org\apache\commons\io\file\PathUtilsDeleteFileTest.java,PathUtilsDeleteFileTest.java,PathUtilsDeleteFileTest,testDeleteFileDirectory1FileSize1,4,0,void,,true,true,true,true
C:\Users\simon\Documents\Code\thesis-code\commons-io-master\src\test\java\org\apache\commons\io\file\PathUtilsDeleteFileTest.java,PathUtilsDeleteFileTest.java,PathUtilsDeleteFileTest,testDeleteFileDoesNotExist,2,0,void,,true,true,true,true
C:\Users\simon\Documents\Code\thesis-code\commons-io-master\src\test\java\org\apache\commons\io\file\PathUtilsDeleteFileTest.java,PathUtilsDeleteFileTest.java,PathUtilsDeleteFileTest,testDeleteFileEmpty,1,1,void,private,false,true,true,true
C:\Users\simon\Documents\Code\thesis-code\commons-io-master\src\test\java\org\apache\commons\io\file\PathUtilsDeleteFileTest.java,PathUtilsDeleteFileTest.java,PathUtilsDeleteFileTest,testDeleteFileEmptyDirectory,2,0,void,,true,true,true,true
C:\Users\simon\Documents\Code\thesis-code\commons-io-master\src\test\java\org\apache\commons\io\file\PathUtilsDeleteFileTest.java,PathUtilsDeleteFileTest.java,PathUtilsDeleteFileTest,testDeleteReadOnlyFileDirectory1FileSize1,7,0,void,,true,true,true,true
C:\Users\simon\Documents\Code\thesis-code\commons-io-master\src\test\java\org\apache\commons\io\file\PathUtilsDeleteFileTest.java,PathUtilsDeleteFileTest.java,PathUtilsDeleteFileTest,testSetReadOnlyFileDirectory1FileSize1,8,0,void,,true,true,true,true
C:\Users\simon\Documents\Code\thesis-code\commons-io-master\src\test\java\org\apache\commons\io\file\PathUtilsDeleteTest.java,PathUtilsDeleteTest.java,PathUtilsDeleteTest,testDeleteDirectory1FileSize0,4,0,void,,true,true,true,true
C:\Users\simon\Documents\Code\thesis-code\commons-io-master\src\test\java\org\apache\commons\io\file\PathUtilsDeleteTest.java,PathUtilsDeleteTest.java,PathUtilsDeleteTest,testDeleteDirectory1FileSize0,4,1,void,private,false,true,true,true
C:\Users\simon\Documents\Code\thesis-code\commons-io-master\src\test\java\org\apache\commons\io\file\PathUtilsDeleteTest.java,PathUtilsDeleteTest.java,PathUtilsDeleteTest,testDeleteDirectory1FileSize0ForceOff,1,0,void,,true,true,true,true
C:\Users\simon\Documents\Code\thesis-code\commons-io-master\src\test\java\org\apache\commons\io\file\PathUtilsDeleteTest.java,PathUtilsDeleteTest.java,PathUtilsDeleteTest,testDeleteDirectory1FileSize0ForceOn,1,0,void,,true,true,true,true
C:\Users\simon\Documents\Code\thesis-code\commons-io-master\src\test\java\org\apache\commons\io\file\PathUtilsDeleteTest.java,PathUtilsDeleteTest.java,PathUtilsDeleteTest,testDeleteDirectory1FileSize0NoOption,1,0,void,,true,true,true,true
C:\Users\simon\Documents\Code\thesis-code\commons-io-master\src\test\java\org\apache\commons\io\file\PathUtilsDeleteTest.java,PathUtilsDeleteTest.java,PathUtilsDeleteTest,testDeleteDirectory1FileSize0OverrideReadonly,1,0,void,,true,true,true,true
C:\Users\simon\Documents\Code\thesis-code\commons-io-master\src\test\java\org\apache\commons\io\file\PathUtilsDeleteTest.java,PathUtilsDeleteTest.java,PathUtilsDeleteTest,testDeleteDirectory1FileSize1,4,0,void,,true,true,true,true
C:\Users\simon\Documents\Code\thesis-code\commons-io-master\src\test\java\org\apache\commons\io\file\PathUtilsDeleteTest.java,PathUtilsDeleteTest.java,PathUtilsDeleteTest,testDeleteDirectory1FileSize1,4,1,void,private,false,true,true,true
C:\Users\simon\Documents\Code\thesis-code\commons-io-master\src\test\java\org\apache\commons\io\file\PathUtilsDeleteTest.java,PathUtilsDeleteTest.java,PathUtilsDeleteTest,testDeleteDirectory1FileSize1ForceOff,1,0,void,,true,true,true,true
C:\Users\simon\Documents\Code\thesis-code\commons-io-master\src\test\java\org\apache\commons\io\file\PathUtilsDeleteTest.java,PathUtilsDeleteTest.java,PathUtilsDeleteTest,testDeleteDirectory1FileSize1ForceOn,1,0,void,,true,true,true,true
C:\Users\simon\Documents\Code\thesis-code\commons-io-master\src\test\java\org\apache\commons\io\file\PathUtilsDeleteTest.java,PathUtilsDeleteTest.java,PathUtilsDeleteTest,testDeleteDirectory1FileSize1NoOption,1,0,void,,true,true,true,true
C:\Users\simon\Documents\Code\thesis-code\commons-io-master\src\test\java\org\apache\commons\io\file\PathUtilsDeleteTest.java,PathUtilsDeleteTest.java,PathUtilsDeleteTest,testDeleteDirectory1FileSize1OverrideReadOnly,1,0,void,,true,true,true,true
C:\Users\simon\Documents\Code\thesis-code\commons-io-master\src\test\java\org\apache\commons\io\file\PathUtilsDeleteTest.java,PathUtilsDeleteTest.java,PathUtilsDeleteTest,testDeleteEmptyDirectory,2,0,void,,true,true,true,true
C:\Users\simon\Documents\Code\thesis-code\commons-io-master\src\test\java\org\apache\commons\io\file\PathUtilsDeleteTest.java,PathUtilsDeleteTest.java,PathUtilsDeleteTest,testDeleteEmptyDirectory,2,1,void,private,false,true,true,true
C:\Users\simon\Documents\Code\thesis-code\commons-io-master\src\test\java\org\apache\commons\io\file\PathUtilsDeleteTest.java,PathUtilsDeleteTest.java,PathUtilsDeleteTest,testDeleteEmptyDirectory,1,1,void,private,false,true,true,true
C:\Users\simon\Documents\Code\thesis-code\commons-io-master\src\test\java\org\apache\commons\io\file\PathUtilsDeleteTest.java,PathUtilsDeleteTest.java,PathUtilsDeleteTest,testDeleteEmptyDirectoryForceOff,1,0,void,,true,true,true,true
C:\Users\simon\Documents\Code\thesis-code\commons-io-master\src\test\java\org\apache\commons\io\file\PathUtilsDeleteTest.java,PathUtilsDeleteTest.java,PathUtilsDeleteTest,testDeleteEmptyDirectoryForceOn,1,0,void,,true,true,true,true
C:\Users\simon\Documents\Code\thesis-code\commons-io-master\src\test\java\org\apache\commons\io\file\PathUtilsDeleteTest.java,PathUtilsDeleteTest.java,PathUtilsDeleteTest,testDeleteEmptyDirectoryNoOption,1,0,void,,true,true,true,true
C:\Users\simon\Documents\Code\thesis-code\commons-io-master\src\test\java\org\apache\commons\io\file\PathUtilsDeleteTest.java,PathUtilsDeleteTest.java,PathUtilsDeleteTest,testDeleteEmptyDirectoryOverrideReadOnly,1,0,void,,true,true,true,true
C:\Users\simon\Documents\Code\thesis-code\commons-io-master\src\test\java\org\apache\commons\io\file\PathUtilsDeleteTest.java,PathUtilsDeleteTest.java,PathUtilsDeleteTest,testDeleteFileDoesNotExist,2,0,void,,true,true,true,true
C:\Users\simon\Documents\Code\thesis-code\commons-io-master\src\test\java\org\apache\commons\io\file\PathUtilsIsEmptyTest.java,PathUtilsIsEmptyTest.java,PathUtilsIsEmptyTest,testIsEmpty,4,0,void,,true,true,true,true
C:\Users\simon\Documents\Code\thesis-code\commons-io-master\src\test\java\org\apache\commons\io\file\PathUtilsIsEmptyTest.java,PathUtilsIsEmptyTest.java,PathUtilsIsEmptyTest,testIsEmptyDirectory,2,0,void,,true,true,true,true
C:\Users\simon\Documents\Code\thesis-code\commons-io-master\src\test\java\org\apache\commons\io\file\PathUtilsIsEmptyTest.java,PathUtilsIsEmptyTest.java,PathUtilsIsEmptyTest,testisEmptyFile,2,0,void,,true,true,true,true
C:\Users\simon\Documents\Code\thesis-code\commons-io-master\src\test\java\org\apache\commons\io\file\PathUtilsTest.java,PathUtilsTest.java,PathUtilsTest,current,1,0,Path,private,false,false,true,true
C:\Users\simon\Documents\Code\thesis-code\commons-io-master\src\test\java\org\apache\commons\io\file\PathUtilsTest.java,PathUtilsTest.java,PathUtilsTest,getLastModifiedMillis,1,1,Long,private,false,false,true,true
C:\Users\simon\Documents\Code\thesis-code\commons-io-master\src\test\java\org\apache\commons\io\file\PathUtilsTest.java,PathUtilsTest.java,PathUtilsTest,getNonExistentPath,1,0,Path,private,false,false,true,true
C:\Users\simon\Documents\Code\thesis-code\commons-io-master\src\test\java\org\apache\commons\io\file\PathUtilsTest.java,PathUtilsTest.java,PathUtilsTest,openArchive,2,2,FileSystem,private,false,false,true,true
C:\Users\simon\Documents\Code\thesis-code\commons-io-master\src\test\java\org\apache\commons\io\file\PathUtilsTest.java,PathUtilsTest.java,PathUtilsTest,setLastModifiedMillis,1,2,void,private,false,false,true,true
C:\Users\simon\Documents\Code\thesis-code\commons-io-master\src\test\java\org\apache\commons\io\file\PathUtilsTest.java,PathUtilsTest.java,PathUtilsTest,testCopyDirectoryForDifferentFilesystemsWithAbsolutePath,2,0,void,,true,true,true,true
C:\Users\simon\Documents\Code\thesis-code\commons-io-master\src\test\java\org\apache\commons\io\file\PathUtilsTest.java,PathUtilsTest.java,PathUtilsTest,testCopyDirectoryForDifferentFilesystemsWithAbsolutePathReverse,1,0,void,,true,true,true,true
C:\Users\simon\Documents\Code\thesis-code\commons-io-master\src\test\java\org\apache\commons\io\file\PathUtilsTest.java,PathUtilsTest.java,PathUtilsTest,testCopyDirectoryForDifferentFilesystemsWithRelativePath,2,0,void,,true,true,true,true
C:\Users\simon\Documents\Code\thesis-code\commons-io-master\src\test\java\org\apache\commons\io\file\PathUtilsTest.java,PathUtilsTest.java,PathUtilsTest,testCopyDirectoryForDifferentFilesystemsWithRelativePathReverse,1,0,void,,true,true,true,true
C:\Users\simon\Documents\Code\thesis-code\commons-io-master\src\test\java\org\apache\commons\io\file\PathUtilsTest.java,PathUtilsTest.java,PathUtilsTest,testCopyFile,4,0,void,,true,true,true,true
C:\Users\simon\Documents\Code\thesis-code\commons-io-master\src\test\java\org\apache\commons\io\file\PathUtilsTest.java,PathUtilsTest.java,PathUtilsTest,testCopyFileTwoFileSystem,1,0,void,,true,true,true,true
C:\Users\simon\Documents\Code\thesis-code\commons-io-master\src\test\java\org\apache\commons\io\file\PathUtilsTest.java,PathUtilsTest.java,PathUtilsTest,testCopyURL,5,0,void,,true,true,true,true
C:\Users\simon\Documents\Code\thesis-code\commons-io-master\src\test\java\org\apache\commons\io\file\PathUtilsTest.java,PathUtilsTest.java,PathUtilsTest,testCreateDirectoriesAlreadyExists,1,0,void,,true,true,true,true
C:\Users\simon\Documents\Code\thesis-code\commons-io-master\src\test\java\org\apache\commons\io\file\PathUtilsTest.java,PathUtilsTest.java,PathUtilsTest,testCreateDirectoriesForRoots,1,0,void,,true,true,true,true
C:\Users\simon\Documents\Code\thesis-code\commons-io-master\src\test\java\org\apache\commons\io\file\PathUtilsTest.java,PathUtilsTest.java,PathUtilsTest,testCreateDirectoriesForRootsLinkOptionNull,1,0,void,,true,true,true,true
C:\Users\simon\Documents\Code\thesis-code\commons-io-master\src\test\java\org\apache\commons\io\file\PathUtilsTest.java,PathUtilsTest.java,PathUtilsTest,testCreateDirectoriesNew,1,0,void,,true,true,true,true
C:\Users\simon\Documents\Code\thesis-code\commons-io-master\src\test\java\org\apache\commons\io\file\PathUtilsTest.java,PathUtilsTest.java,PathUtilsTest,testCreateDirectoriesSymlink,4,0,void,,true,true,true,true
C:\Users\simon\Documents\Code\thesis-code\commons-io-master\src\test\java\org\apache\commons\io\file\PathUtilsTest.java,PathUtilsTest.java,PathUtilsTest,testCreateDirectoriesSymlinkClashing,2,0,void,,true,true,true,true
C:\Users\simon\Documents\Code\thesis-code\commons-io-master\src\test\java\org\apache\commons\io\file\PathUtilsTest.java,PathUtilsTest.java,PathUtilsTest,testGetBaseNamePathBaseCases,6,0,void,,true,true,true,true
C:\Users\simon\Documents\Code\thesis-code\commons-io-master\src\test\java\org\apache\commons\io\file\PathUtilsTest.java,PathUtilsTest.java,PathUtilsTest,testGetBaseNamePathCornerCases,3,0,void,,true,true,true,true
C:\Users\simon\Documents\Code\thesis-code\commons-io-master\src\test\java\org\apache\commons\io\file\PathUtilsTest.java,PathUtilsTest.java,PathUtilsTest,testGetDosFileAttributeView,5,0,void,,true,true,true,true
C:\Users\simon\Documents\Code\thesis-code\commons-io-master\src\test\java\org\apache\commons\io\file\PathUtilsTest.java,PathUtilsTest.java,PathUtilsTest,testGetExtension,14,0,void,,true,true,true,true
C:\Users\simon\Documents\Code\thesis-code\commons-io-master\src\test\java\org\apache\commons\io\file\PathUtilsTest.java,PathUtilsTest.java,PathUtilsTest,testGetFileName,7,0,void,,true,true,true,true
C:\Users\simon\Documents\Code\thesis-code\commons-io-master\src\test\java\org\apache\commons\io\file\PathUtilsTest.java,PathUtilsTest.java,PathUtilsTest,testGetFileNameString,4,0,void,,true,true,true,true
C:\Users\simon\Documents\Code\thesis-code\commons-io-master\src\test\java\org\apache\commons\io\file\PathUtilsTest.java,PathUtilsTest.java,PathUtilsTest,testGetLastModifiedFileTime_File_Present,1,0,void,,true,true,true,true
C:\Users\simon\Documents\Code\thesis-code\commons-io-master\src\test\java\org\apache\commons\io\file\PathUtilsTest.java,PathUtilsTest.java,PathUtilsTest,testGetLastModifiedFileTime_Path_Absent,1,0,void,,true,true,true,true
C:\Users\simon\Documents\Code\thesis-code\commons-io-master\src\test\java\org\apache\commons\io\file\PathUtilsTest.java,PathUtilsTest.java,PathUtilsTest,testGetLastModifiedFileTime_Path_FileTime_Absent,2,0,void,,true,true,true,true
C:\Users\simon\Documents\Code\thesis-code\commons-io-master\src\test\java\org\apache\commons\io\file\PathUtilsTest.java,PathUtilsTest.java,PathUtilsTest,testGetLastModifiedFileTime_Path_Present,1,0,void,,true,true,true,true
C:\Users\simon\Documents\Code\thesis-code\commons-io-master\src\test\java\org\apache\commons\io\file\PathUtilsTest.java,PathUtilsTest.java,PathUtilsTest,testGetLastModifiedFileTime_URI_Present,1,0,void,,true,true,true,true
C:\Users\simon\Documents\Code\thesis-code\commons-io-master\src\test\java\org\apache\commons\io\file\PathUtilsTest.java,PathUtilsTest.java,PathUtilsTest,testGetLastModifiedFileTime_URL_Present,1,0,void,,true,true,true,true
C:\Users\simon\Documents\Code\thesis-code\commons-io-master\src\test\java\org\apache\commons\io\file\PathUtilsTest.java,PathUtilsTest.java,PathUtilsTest,testGetPath,9,0,void,,true,true,true,true
C:\Users\simon\Documents\Code\thesis-code\commons-io-master\src\test\java\org\apache\commons\io\file\PathUtilsTest.java,PathUtilsTest.java,PathUtilsTest,testGetTempDirectory,2,0,void,,true,true,true,true
C:\Users\simon\Documents\Code\thesis-code\commons-io-master\src\test\java\org\apache\commons\io\file\PathUtilsTest.java,PathUtilsTest.java,PathUtilsTest,testIsDirectory,3,0,void,,true,true,true,true
C:\Users\simon\Documents\Code\thesis-code\commons-io-master\src\test\java\org\apache\commons\io\file\PathUtilsTest.java,PathUtilsTest.java,PathUtilsTest,testIsPosix,3,0,void,,true,true,true,true
C:\Users\simon\Documents\Code\thesis-code\commons-io-master\src\test\java\org\apache\commons\io\file\PathUtilsTest.java,PathUtilsTest.java,PathUtilsTest,testIsPosixAbsentFile,2,0,void,,true,true,true,true
C:\Users\simon\Documents\Code\thesis-code\commons-io-master\src\test\java\org\apache\commons\io\file\PathUtilsTest.java,PathUtilsTest.java,PathUtilsTest,testIsRegularFile,3,0,void,,true,true,true,true
C:\Users\simon\Documents\Code\thesis-code\commons-io-master\src\test\java\org\apache\commons\io\file\PathUtilsTest.java,PathUtilsTest.java,PathUtilsTest,testNewDirectoryStream,2,0,void,,true,true,true,true
C:\Users\simon\Documents\Code\thesis-code\commons-io-master\src\test\java\org\apache\commons\io\file\PathUtilsTest.java,PathUtilsTest.java,PathUtilsTest,testNewOutputStreamExistingFileAppendFalse,2,0,void,,true,true,true,true
C:\Users\simon\Documents\Code\thesis-code\commons-io-master\src\test\java\org\apache\commons\io\file\PathUtilsTest.java,PathUtilsTest.java,PathUtilsTest,testNewOutputStreamExistingFileAppendTrue,3,0,void,,true,true,true,true
C:\Users\simon\Documents\Code\thesis-code\commons-io-master\src\test\java\org\apache\commons\io\file\PathUtilsTest.java,PathUtilsTest.java,PathUtilsTest,testNewOutputStreamNewFile,2,1,void,,false,true,true,true
C:\Users\simon\Documents\Code\thesis-code\commons-io-master\src\test\java\org\apache\commons\io\file\PathUtilsTest.java,PathUtilsTest.java,PathUtilsTest,testNewOutputStreamNewFileAppendFalse,1,0,void,,true,true,true,true
C:\Users\simon\Documents\Code\thesis-code\commons-io-master\src\test\java\org\apache\commons\io\file\PathUtilsTest.java,PathUtilsTest.java,PathUtilsTest,testNewOutputStreamNewFileAppendTrue,1,0,void,,true,true,true,true
C:\Users\simon\Documents\Code\thesis-code\commons-io-master\src\test\java\org\apache\commons\io\file\PathUtilsTest.java,PathUtilsTest.java,PathUtilsTest,testNewOutputStreamNewFileInsideExistingSymlinkedDir,6,0,void,,true,true,true,true
C:\Users\simon\Documents\Code\thesis-code\commons-io-master\src\test\java\org\apache\commons\io\file\PathUtilsTest.java,PathUtilsTest.java,PathUtilsTest,testReadAttributesPosix,3,0,void,,true,true,true,true
C:\Users\simon\Documents\Code\thesis-code\commons-io-master\src\test\java\org\apache\commons\io\file\PathUtilsTest.java,PathUtilsTest.java,PathUtilsTest,testReadStringEmptyFile,3,0,void,,true,true,true,true
C:\Users\simon\Documents\Code\thesis-code\commons-io-master\src\test\java\org\apache\commons\io\file\PathUtilsTest.java,PathUtilsTest.java,PathUtilsTest,testReadStringSimpleUtf8,4,0,void,,true,true,true,true
C:\Users\simon\Documents\Code\thesis-code\commons-io-master\src\test\java\org\apache\commons\io\file\PathUtilsTest.java,PathUtilsTest.java,PathUtilsTest,testSetReadOnlyFile,36,0,void,,true,true,true,true
C:\Users\simon\Documents\Code\thesis-code\commons-io-master\src\test\java\org\apache\commons\io\file\PathUtilsTest.java,PathUtilsTest.java,PathUtilsTest,testSetReadOnlyFileAbsent,1,0,void,,true,true,true,true
C:\Users\simon\Documents\Code\thesis-code\commons-io-master\src\test\java\org\apache\commons\io\file\PathUtilsTest.java,PathUtilsTest.java,PathUtilsTest,testTouch,18,0,void,,true,true,true,true
C:\Users\simon\Documents\Code\thesis-code\commons-io-master\src\test\java\org\apache\commons\io\file\PathUtilsTest.java,PathUtilsTest.java,PathUtilsTest,testWriteStringToFile1,4,0,void,,true,true,true,true
C:\Users\simon\Documents\Code\thesis-code\commons-io-master\src\test\java\org\apache\commons\io\file\PathUtilsTest.java,PathUtilsTest.java,PathUtilsTest,writeToNewOutputStream,3,1,Path,private,false,false,true,true
C:\Users\simon\Documents\Code\thesis-code\commons-io-master\src\test\java\org\apache\commons\io\file\PathUtilsVisitorTest.java,PathUtilsVisitorTest.java,PathUtilsVisitorTest,testParameters,1,0,Stream<Arguments>,static,false,true,true,true
C:\Users\simon\Documents\Code\thesis-code\commons-io-master\src\test\java\org\apache\commons\io\file\PathUtilsVisitorTest.java,PathUtilsVisitorTest.java,PathUtilsVisitorTest,testCountEmptyFolder,5,1,void,,false,true,true,true
C:\Users\simon\Documents\Code\thesis-code\commons-io-master\src\test\java\org\apache\commons\io\file\PathUtilsVisitorTest.java,PathUtilsVisitorTest.java,PathUtilsVisitorTest,testCountFolders1FileSize0,4,1,void,,false,true,true,true
C:\Users\simon\Documents\Code\thesis-code\commons-io-master\src\test\java\org\apache\commons\io\file\PathUtilsVisitorTest.java,PathUtilsVisitorTest.java,PathUtilsVisitorTest,testCountFolders1FileSize1,4,1,void,,false,true,true,true
C:\Users\simon\Documents\Code\thesis-code\commons-io-master\src\test\java\org\apache\commons\io\file\PathUtilsVisitorTest.java,PathUtilsVisitorTest.java,PathUtilsVisitorTest,testCountFolders2FileSize2,4,1,void,,false,true,true,true
C:\Users\simon\Documents\Code\thesis-code\commons-io-master\src\test\java\org\apache\commons\io\file\spi\FileSystemProvidersTest.java,FileSystemProvidersTest.java,FileSystemProvidersTest,testGetFileSystemProvider_all,1,0,void,,true,true,true,true
C:\Users\simon\Documents\Code\thesis-code\commons-io-master\src\test\java\org\apache\commons\io\file\spi\FileSystemProvidersTest.java,FileSystemProvidersTest.java,FileSystemProvidersTest,testGetFileSystemProvider_filePath,1,0,void,,true,true,true,true
C:\Users\simon\Documents\Code\thesis-code\commons-io-master\src\test\java\org\apache\commons\io\file\spi\FileSystemProvidersTest.java,FileSystemProvidersTest.java,FileSystemProvidersTest,testGetFileSystemProvider_fileScheme,1,0,void,,true,true,true,true
C:\Users\simon\Documents\Code\thesis-code\commons-io-master\src\test\java\org\apache\commons\io\file\spi\FileSystemProvidersTest.java,FileSystemProvidersTest.java,FileSystemProvidersTest,testGetFileSystemProvider_fileURI,1,0,void,,true,true,true,true
C:\Users\simon\Documents\Code\thesis-code\commons-io-master\src\test\java\org\apache\commons\io\file\spi\FileSystemProvidersTest.java,FileSystemProvidersTest.java,FileSystemProvidersTest,testGetFileSystemProvider_fileURL,1,0,void,,true,true,true,true
C:\Users\simon\Documents\Code\thesis-code\commons-io-master\src\test\java\org\apache\commons\io\file\TempDirectoryTest.java,TempDirectoryTest.java,TempDirectoryTest,testCreatePath,3,0,void,,true,true,true,true
C:\Users\simon\Documents\Code\thesis-code\commons-io-master\src\test\java\org\apache\commons\io\file\TempDirectoryTest.java,TempDirectoryTest.java,TempDirectoryTest,testCreateString,3,0,void,,true,true,true,true
C:\Users\simon\Documents\Code\thesis-code\commons-io-master\src\test\java\org\apache\commons\io\file\TempFileTest.java,TempFileTest.java,TempFileTest,testCreatePath,3,0,void,,true,true,true,true
C:\Users\simon\Documents\Code\thesis-code\commons-io-master\src\test\java\org\apache\commons\io\file\TempFileTest.java,TempFileTest.java,TempFileTest,testCreateString,3,0,void,,true,true,true,true
C:\Users\simon\Documents\Code\thesis-code\commons-io-master\src\test\java\org\apache\commons\io\file\TestArguments.java,TestArguments.java,TestArguments,cleaningPathVisitors,1,0,Stream<Arguments>,static,false,false,true,true
C:\Users\simon\Documents\Code\thesis-code\commons-io-master\src\test\java\org\apache\commons\io\file\TestArguments.java,TestArguments.java,TestArguments,countingPathVisitors,1,0,Stream<Arguments>,static,false,false,true,true
C:\Users\simon\Documents\Code\thesis-code\commons-io-master\src\test\java\org\apache\commons\io\file\TestArguments.java,TestArguments.java,TestArguments,deletingPathVisitors,1,0,Stream<Arguments>,static,false,false,true,true
C:\Users\simon\Documents\Code\thesis-code\commons-io-master\src\test\java\org\apache\commons\io\file\TestArguments.java,TestArguments.java,TestArguments,numberCounters,1,0,Stream<Arguments>,static,false,false,true,true
C:\Users\simon\Documents\Code\thesis-code\commons-io-master\src\test\java\org\apache\commons\io\file\TestArguments.java,TestArguments.java,TestArguments,pathCounters,1,0,Stream<Arguments>,static,false,false,true,true
C:\Users\simon\Documents\Code\thesis-code\commons-io-master\src\test\java\org\apache\commons\io\FileCleanerTest.java,FileCleanerTest.java,FileCleanerTest,newInstance,1,0,FileCleaningTracker,protected,false,false,true,true
C:\Users\simon\Documents\Code\thesis-code\commons-io-master\src\test\java\org\apache\commons\io\FileCleaningTrackerTest.java,FileCleaningTrackerTest.java,FileCleaningTrackerTest,createRandomAccessFile,1,0,RandomAccessFile,,false,false,true,true
C:\Users\simon\Documents\Code\thesis-code\commons-io-master\src\test\java\org\apache\commons\io\FileCleaningTrackerTest.java,FileCleaningTrackerTest.java,FileCleaningTrackerTest,newInstance,1,0,FileCleaningTracker,protected,false,false,true,true
C:\Users\simon\Documents\Code\thesis-code\commons-io-master\src\test\java\org\apache\commons\io\FileCleaningTrackerTest.java,FileCleaningTrackerTest.java,FileCleaningTrackerTest,pauseForDeleteToComplete,2,1,void,private,false,false,true,true
C:\Users\simon\Documents\Code\thesis-code\commons-io-master\src\test\java\org\apache\commons\io\FileCleaningTrackerTest.java,FileCleaningTrackerTest.java,FileCleaningTrackerTest,pauseForDeleteToComplete,2,1,void,private,false,false,true,true
C:\Users\simon\Documents\Code\thesis-code\commons-io-master\src\test\java\org\apache\commons\io\FileCleaningTrackerTest.java,FileCleaningTrackerTest.java,FileCleaningTrackerTest,setUp,3,0,void,public,false,false,true,true
C:\Users\simon\Documents\Code\thesis-code\commons-io-master\src\test\java\org\apache\commons\io\FileCleaningTrackerTest.java,FileCleaningTrackerTest.java,FileCleaningTrackerTest,showFailures,2,0,String,private,false,false,true,true
C:\Users\simon\Documents\Code\thesis-code\commons-io-master\src\test\java\org\apache\commons\io\FileCleaningTrackerTest.java,FileCleaningTrackerTest.java,FileCleaningTrackerTest,tearDown,2,0,void,public,false,false,true,true
C:\Users\simon\Documents\Code\thesis-code\commons-io-master\src\test\java\org\apache\commons\io\FileCleaningTrackerTest.java,FileCleaningTrackerTest.java,FileCleaningTrackerTest,testFileCleanerDirectory_ForceStrategy_FileSource,14,0,void,,true,true,true,true
C:\Users\simon\Documents\Code\thesis-code\commons-io-master\src\test\java\org\apache\commons\io\FileCleaningTrackerTest.java,FileCleaningTrackerTest.java,FileCleaningTrackerTest,testFileCleanerDirectory_ForceStrategy_PathSource,14,0,void,,true,true,true,true
C:\Users\simon\Documents\Code\thesis-code\commons-io-master\src\test\java\org\apache\commons\io\FileCleaningTrackerTest.java,FileCleaningTrackerTest.java,FileCleaningTrackerTest,testFileCleanerDirectory_NullStrategy,12,0,void,,true,true,true,true
C:\Users\simon\Documents\Code\thesis-code\commons-io-master\src\test\java\org\apache\commons\io\FileCleaningTrackerTest.java,FileCleaningTrackerTest.java,FileCleaningTrackerTest,testFileCleanerDirectoryFileSource,12,0,void,,true,true,true,true
C:\Users\simon\Documents\Code\thesis-code\commons-io-master\src\test\java\org\apache\commons\io\FileCleaningTrackerTest.java,FileCleaningTrackerTest.java,FileCleaningTrackerTest,testFileCleanerDirectoryPathSource,12,0,void,,true,true,true,true
C:\Users\simon\Documents\Code\thesis-code\commons-io-master\src\test\java\org\apache\commons\io\FileCleaningTrackerTest.java,FileCleaningTrackerTest.java,FileCleaningTrackerTest,testFileCleanerExitWhenFinished_NoTrackAfter,9,0,void,,true,true,true,true
C:\Users\simon\Documents\Code\thesis-code\commons-io-master\src\test\java\org\apache\commons\io\FileCleaningTrackerTest.java,FileCleaningTrackerTest.java,FileCleaningTrackerTest,testFileCleanerExitWhenFinished1,22,0,void,,true,true,true,true
C:\Users\simon\Documents\Code\thesis-code\commons-io-master\src\test\java\org\apache\commons\io\FileCleaningTrackerTest.java,FileCleaningTrackerTest.java,FileCleaningTrackerTest,testFileCleanerExitWhenFinished2,23,0,void,,true,true,true,true
C:\Users\simon\Documents\Code\thesis-code\commons-io-master\src\test\java\org\apache\commons\io\FileCleaningTrackerTest.java,FileCleaningTrackerTest.java,FileCleaningTrackerTest,testFileCleanerExitWhenFinishedFirst,8,0,void,,true,true,true,true
C:\Users\simon\Documents\Code\thesis-code\commons-io-master\src\test\java\org\apache\commons\io\FileCleaningTrackerTest.java,FileCleaningTrackerTest.java,FileCleaningTrackerTest,testFileCleanerFile,14,0,void,,true,true,true,true
C:\Users\simon\Documents\Code\thesis-code\commons-io-master\src\test\java\org\apache\commons\io\FileCleaningTrackerTest.java,FileCleaningTrackerTest.java,FileCleaningTrackerTest,testFileCleanerNull,4,0,void,,true,true,true,true
C:\Users\simon\Documents\Code\thesis-code\commons-io-master\src\test\java\org\apache\commons\io\FileCleaningTrackerTest.java,FileCleaningTrackerTest.java,FileCleaningTrackerTest,waitUntilTrackCount,5,0,void,private,false,false,true,true
C:\Users\simon\Documents\Code\thesis-code\commons-io-master\src\test\java\org\apache\commons\io\FileDeleteStrategyTest.java,FileDeleteStrategyTest.java,FileDeleteStrategyTest,testDeleteForce,13,0,void,,true,true,true,true
C:\Users\simon\Documents\Code\thesis-code\commons-io-master\src\test\java\org\apache\commons\io\FileDeleteStrategyTest.java,FileDeleteStrategyTest.java,FileDeleteStrategyTest,testDeleteNormal,18,0,void,,true,true,true,true
C:\Users\simon\Documents\Code\thesis-code\commons-io-master\src\test\java\org\apache\commons\io\FileDeleteStrategyTest.java,FileDeleteStrategyTest.java,FileDeleteStrategyTest,testDeleteNull,2,0,void,,true,true,true,true
C:\Users\simon\Documents\Code\thesis-code\commons-io-master\src\test\java\org\apache\commons\io\FileDeleteStrategyTest.java,FileDeleteStrategyTest.java,FileDeleteStrategyTest,testDeleteQuietlyNormal,18,0,void,,true,true,true,true
C:\Users\simon\Documents\Code\thesis-code\commons-io-master\src\test\java\org\apache\commons\io\FileDeleteStrategyTest.java,FileDeleteStrategyTest.java,FileDeleteStrategyTest,testToString,2,0,void,,true,true,true,true
C:\Users\simon\Documents\Code\thesis-code\commons-io-master\src\test\java\org\apache\commons\io\filefilter\AbstractConditionalFileFilterTest.java,AbstractConditionalFileFilterTest.java,AbstractConditionalFileFilterTest,buildFilterUsingAdd,0,1,IOFileFilter,protected; abstract,false,false,true,true
C:\Users\simon\Documents\Code\thesis-code\commons-io-master\src\test\java\org\apache\commons\io\filefilter\AbstractConditionalFileFilterTest.java,AbstractConditionalFileFilterTest.java,AbstractConditionalFileFilterTest,buildFilterUsingConstructor,0,1,IOFileFilter,protected; abstract,false,false,true,true
C:\Users\simon\Documents\Code\thesis-code\commons-io-master\src\test\java\org\apache\commons\io\filefilter\AbstractConditionalFileFilterTest.java,AbstractConditionalFileFilterTest.java,AbstractConditionalFileFilterTest,getConditionalFileFilter,0,0,ConditionalFileFilter,protected; abstract,false,false,true,true
C:\Users\simon\Documents\Code\thesis-code\commons-io-master\src\test\java\org\apache\commons\io\filefilter\AbstractConditionalFileFilterTest.java,AbstractConditionalFileFilterTest.java,AbstractConditionalFileFilterTest,getDefaultWorkingPath,0,0,String,protected; abstract,false,false,true,true
C:\Users\simon\Documents\Code\thesis-code\commons-io-master\src\test\java\org\apache\commons\io\filefilter\AbstractConditionalFileFilterTest.java,AbstractConditionalFileFilterTest.java,AbstractConditionalFileFilterTest,getFalseResults,0,0,List<boolean[]>,protected; abstract,false,false,true,true
C:\Users\simon\Documents\Code\thesis-code\commons-io-master\src\test\java\org\apache\commons\io\filefilter\AbstractConditionalFileFilterTest.java,AbstractConditionalFileFilterTest.java,AbstractConditionalFileFilterTest,getFilenameResults,0,0,List<Boolean>,protected; abstract,false,false,true,true
C:\Users\simon\Documents\Code\thesis-code\commons-io-master\src\test\java\org\apache\commons\io\filefilter\AbstractConditionalFileFilterTest.java,AbstractConditionalFileFilterTest.java,AbstractConditionalFileFilterTest,getFileResults,0,0,List<Boolean>,protected; abstract,false,false,true,true
C:\Users\simon\Documents\Code\thesis-code\commons-io-master\src\test\java\org\apache\commons\io\filefilter\AbstractConditionalFileFilterTest.java,AbstractConditionalFileFilterTest.java,AbstractConditionalFileFilterTest,getTestFilters,0,0,List<List<IOFileFilter>>,protected; abstract,false,false,true,true
C:\Users\simon\Documents\Code\thesis-code\commons-io-master\src\test\java\org\apache\commons\io\filefilter\AbstractConditionalFileFilterTest.java,AbstractConditionalFileFilterTest.java,AbstractConditionalFileFilterTest,getTrueResults,0,0,List<boolean[]>,protected; abstract,false,false,true,true
C:\Users\simon\Documents\Code\thesis-code\commons-io-master\src\test\java\org\apache\commons\io\filefilter\AbstractConditionalFileFilterTest.java,AbstractConditionalFileFilterTest.java,AbstractConditionalFileFilterTest,getWorkingPathNamePropertyKey,0,0,String,protected; abstract,false,false,true,true
C:\Users\simon\Documents\Code\thesis-code\commons-io-master\src\test\java\org\apache\commons\io\filefilter\AbstractConditionalFileFilterTest.java,AbstractConditionalFileFilterTest.java,AbstractConditionalFileFilterTest,setUp,10,0,void,public,false,false,true,true
C:\Users\simon\Documents\Code\thesis-code\commons-io-master\src\test\java\org\apache\commons\io\filefilter\AbstractConditionalFileFilterTest.java,AbstractConditionalFileFilterTest.java,AbstractConditionalFileFilterTest,testAdd,9,0,void,,true,true,true,true
C:\Users\simon\Documents\Code\thesis-code\commons-io-master\src\test\java\org\apache\commons\io\filefilter\AbstractConditionalFileFilterTest.java,AbstractConditionalFileFilterTest.java,AbstractConditionalFileFilterTest,testFilterBuiltUsingAdd,6,0,void,,true,true,true,true
C:\Users\simon\Documents\Code\thesis-code\commons-io-master\src\test\java\org\apache\commons\io\filefilter\AbstractConditionalFileFilterTest.java,AbstractConditionalFileFilterTest.java,AbstractConditionalFileFilterTest,testFilterBuiltUsingConstructor,6,0,void,,true,true,true,true
C:\Users\simon\Documents\Code\thesis-code\commons-io-master\src\test\java\org\apache\commons\io\filefilter\AbstractConditionalFileFilterTest.java,AbstractConditionalFileFilterTest.java,AbstractConditionalFileFilterTest,testNoFilters,4,0,void,,true,true,true,true
C:\Users\simon\Documents\Code\thesis-code\commons-io-master\src\test\java\org\apache\commons\io\filefilter\AbstractConditionalFileFilterTest.java,AbstractConditionalFileFilterTest.java,AbstractConditionalFileFilterTest,testRemove,8,0,void,,true,true,true,true
C:\Users\simon\Documents\Code\thesis-code\commons-io-master\src\test\java\org\apache\commons\io\filefilter\AbstractFilterTest.java,AbstractFilterTest.java,AbstractFilterTest,assertFiltering,3,3,void,,false,false,true,true
C:\Users\simon\Documents\Code\thesis-code\commons-io-master\src\test\java\org\apache\commons\io\filefilter\AbstractFilterTest.java,AbstractFilterTest.java,AbstractFilterTest,assertFiltering,4,3,void,,false,false,true,true
C:\Users\simon\Documents\Code\thesis-code\commons-io-master\src\test\java\org\apache\commons\io\filefilter\AbstractFilterTest.java,AbstractFilterTest.java,AbstractFilterTest,assertFooBarFileFiltering,76,1,void,,false,false,true,true
C:\Users\simon\Documents\Code\thesis-code\commons-io-master\src\test\java\org\apache\commons\io\filefilter\AbstractFilterTest.java,AbstractFilterTest.java,AbstractFilterTest,equalsLastModified,1,2,boolean,,false,false,true,true
C:\Users\simon\Documents\Code\thesis-code\commons-io-master\src\test\java\org\apache\commons\io\filefilter\AbstractIOFileFilterTest.java,AbstractIOFileFilterTest.java,TesterTrueFileFilter,accept,2,1,boolean,public,false,false,true,true
C:\Users\simon\Documents\Code\thesis-code\commons-io-master\src\test\java\org\apache\commons\io\filefilter\AbstractIOFileFilterTest.java,AbstractIOFileFilterTest.java,TesterTrueFileFilter,accept,2,2,boolean,public,false,false,true,true
C:\Users\simon\Documents\Code\thesis-code\commons-io-master\src\test\java\org\apache\commons\io\filefilter\AbstractIOFileFilterTest.java,AbstractIOFileFilterTest.java,TesterTrueFileFilter,isInvoked,1,0,boolean,public,false,false,true,true
C:\Users\simon\Documents\Code\thesis-code\commons-io-master\src\test\java\org\apache\commons\io\filefilter\AbstractIOFileFilterTest.java,AbstractIOFileFilterTest.java,TesterTrueFileFilter,reset,1,0,void,public,false,false,true,true
C:\Users\simon\Documents\Code\thesis-code\commons-io-master\src\test\java\org\apache\commons\io\filefilter\AbstractIOFileFilterTest.java,AbstractIOFileFilterTest.java,TesterTrueFileFilter,setInvoked,1,1,void,public,false,false,true,true
C:\Users\simon\Documents\Code\thesis-code\commons-io-master\src\test\java\org\apache\commons\io\filefilter\AbstractIOFileFilterTest.java,AbstractIOFileFilterTest.java,TesterTrueFileFilter,accept,2,1,boolean,public,false,false,true,true
C:\Users\simon\Documents\Code\thesis-code\commons-io-master\src\test\java\org\apache\commons\io\filefilter\AbstractIOFileFilterTest.java,AbstractIOFileFilterTest.java,TesterTrueFileFilter,accept,2,2,boolean,public,false,false,true,true
C:\Users\simon\Documents\Code\thesis-code\commons-io-master\src\test\java\org\apache\commons\io\filefilter\AbstractIOFileFilterTest.java,AbstractIOFileFilterTest.java,TesterTrueFileFilter,isInvoked,1,0,boolean,public,false,false,true,true
C:\Users\simon\Documents\Code\thesis-code\commons-io-master\src\test\java\org\apache\commons\io\filefilter\AbstractIOFileFilterTest.java,AbstractIOFileFilterTest.java,TesterTrueFileFilter,reset,1,0,void,public,false,false,true,true
C:\Users\simon\Documents\Code\thesis-code\commons-io-master\src\test\java\org\apache\commons\io\filefilter\AbstractIOFileFilterTest.java,AbstractIOFileFilterTest.java,TesterTrueFileFilter,setInvoked,1,1,void,public,false,false,true,true
C:\Users\simon\Documents\Code\thesis-code\commons-io-master\src\test\java\org\apache\commons\io\filefilter\AbstractIOFileFilterTest.java,AbstractIOFileFilterTest.java,TesterTrueFileFilter,assertFalseFiltersInvoked,1,3,void,public; static,false,false,true,true
C:\Users\simon\Documents\Code\thesis-code\commons-io-master\src\test\java\org\apache\commons\io\filefilter\AbstractIOFileFilterTest.java,AbstractIOFileFilterTest.java,TesterTrueFileFilter,assertFileFiltering,2,4,void,public; static,false,false,true,true
C:\Users\simon\Documents\Code\thesis-code\commons-io-master\src\test\java\org\apache\commons\io\filefilter\AbstractIOFileFilterTest.java,AbstractIOFileFilterTest.java,TesterTrueFileFilter,assertFilenameFiltering,1,4,void,public; static,false,false,true,true
C:\Users\simon\Documents\Code\thesis-code\commons-io-master\src\test\java\org\apache\commons\io\filefilter\AbstractIOFileFilterTest.java,AbstractIOFileFilterTest.java,TesterTrueFileFilter,assertFiltering,3,4,void,public; static,false,false,true,true
C:\Users\simon\Documents\Code\thesis-code\commons-io-master\src\test\java\org\apache\commons\io\filefilter\AbstractIOFileFilterTest.java,AbstractIOFileFilterTest.java,TesterTrueFileFilter,assertTrueFiltersInvoked,1,3,void,public; static,false,false,true,true
C:\Users\simon\Documents\Code\thesis-code\commons-io-master\src\test\java\org\apache\commons\io\filefilter\AbstractIOFileFilterTest.java,AbstractIOFileFilterTest.java,TesterTrueFileFilter,getWorkingDirectoryPath,1,2,File,public; static,false,false,true,true
C:\Users\simon\Documents\Code\thesis-code\commons-io-master\src\test\java\org\apache\commons\io\filefilter\AbstractIOFileFilterTest.java,AbstractIOFileFilterTest.java,TesterTrueFileFilter,resetFalseFilters,1,1,void,public; static,false,false,true,true
C:\Users\simon\Documents\Code\thesis-code\commons-io-master\src\test\java\org\apache\commons\io\filefilter\AbstractIOFileFilterTest.java,AbstractIOFileFilterTest.java,TesterTrueFileFilter,resetTrueFilters,1,1,void,public; static,false,false,true,true
C:\Users\simon\Documents\Code\thesis-code\commons-io-master\src\test\java\org\apache\commons\io\filefilter\AgeFileFilterTest.java,AgeFileFilterTest.java,AgeFileFilterTest,testJavadocExampleUsingIo,4,0,void,,true,true,true,true
C:\Users\simon\Documents\Code\thesis-code\commons-io-master\src\test\java\org\apache\commons\io\filefilter\AgeFileFilterTest.java,AgeFileFilterTest.java,AgeFileFilterTest,testJavadocExampleUsingNio,14,0,void,,true,true,true,true
C:\Users\simon\Documents\Code\thesis-code\commons-io-master\src\test\java\org\apache\commons\io\filefilter\AgeFileFilterTest.java,AgeFileFilterTest.java,AgeFileFilterTest,testNoCounting,7,0,void,,true,true,true,true
C:\Users\simon\Documents\Code\thesis-code\commons-io-master\src\test\java\org\apache\commons\io\filefilter\AndFileFilterTest.java,AndFileFilterTest.java,AndFileFilterTest,buildFilterUsingAdd,3,1,IOFileFilter,protected,false,false,true,true
C:\Users\simon\Documents\Code\thesis-code\commons-io-master\src\test\java\org\apache\commons\io\filefilter\AndFileFilterTest.java,AndFileFilterTest.java,AndFileFilterTest,buildFilterUsingConstructor,1,1,IOFileFilter,protected,false,false,true,true
C:\Users\simon\Documents\Code\thesis-code\commons-io-master\src\test\java\org\apache\commons\io\filefilter\AndFileFilterTest.java,AndFileFilterTest.java,AndFileFilterTest,getConditionalFileFilter,1,0,ConditionalFileFilter,protected,false,false,true,true
C:\Users\simon\Documents\Code\thesis-code\commons-io-master\src\test\java\org\apache\commons\io\filefilter\AndFileFilterTest.java,AndFileFilterTest.java,AndFileFilterTest,getDefaultWorkingPath,1,0,String,protected,false,false,true,true
C:\Users\simon\Documents\Code\thesis-code\commons-io-master\src\test\java\org\apache\commons\io\filefilter\AndFileFilterTest.java,AndFileFilterTest.java,AndFileFilterTest,getFalseResults,1,0,List<boolean[]>,protected,false,false,true,true
C:\Users\simon\Documents\Code\thesis-code\commons-io-master\src\test\java\org\apache\commons\io\filefilter\AndFileFilterTest.java,AndFileFilterTest.java,AndFileFilterTest,getFilenameResults,1,0,List<Boolean>,protected,false,false,true,true
C:\Users\simon\Documents\Code\thesis-code\commons-io-master\src\test\java\org\apache\commons\io\filefilter\AndFileFilterTest.java,AndFileFilterTest.java,AndFileFilterTest,getFileResults,1,0,List<Boolean>,protected,false,false,true,true
C:\Users\simon\Documents\Code\thesis-code\commons-io-master\src\test\java\org\apache\commons\io\filefilter\AndFileFilterTest.java,AndFileFilterTest.java,AndFileFilterTest,getTestFilters,1,0,List<List<IOFileFilter>>,protected,false,false,true,true
C:\Users\simon\Documents\Code\thesis-code\commons-io-master\src\test\java\org\apache\commons\io\filefilter\AndFileFilterTest.java,AndFileFilterTest.java,AndFileFilterTest,getTrueResults,1,0,List<boolean[]>,protected,false,false,true,true
C:\Users\simon\Documents\Code\thesis-code\commons-io-master\src\test\java\org\apache\commons\io\filefilter\AndFileFilterTest.java,AndFileFilterTest.java,AndFileFilterTest,getWorkingPathNamePropertyKey,1,0,String,protected,false,false,true,true
C:\Users\simon\Documents\Code\thesis-code\commons-io-master\src\test\java\org\apache\commons\io\filefilter\AndFileFilterTest.java,AndFileFilterTest.java,AndFileFilterTest,setUpTestFilters,15,0,void,public,false,false,true,true
C:\Users\simon\Documents\Code\thesis-code\commons-io-master\src\test\java\org\apache\commons\io\filefilter\AndFileFilterTest.java,AndFileFilterTest.java,AndFileFilterTest,testSetTestFiltersClearsOld,6,0,void,,true,true,true,true
C:\Users\simon\Documents\Code\thesis-code\commons-io-master\src\test\java\org\apache\commons\io\filefilter\DirectoryFileFilterTest.java,DirectoryFileFilterTest.java,DirectoryFileFilterTest,testJavadocExampleUsingIo,3,0,void,,true,true,true,true
C:\Users\simon\Documents\Code\thesis-code\commons-io-master\src\test\java\org\apache\commons\io\filefilter\DirectoryFileFilterTest.java,DirectoryFileFilterTest.java,DirectoryFileFilterTest,testJavadocExampleUsingNio,13,0,void,,true,true,true,true
C:\Users\simon\Documents\Code\thesis-code\commons-io-master\src\test\java\org\apache\commons\io\filefilter\FileFilterTest.java,FileFilterTest.java,FileFilterTest,testAgeFilter,56,0,void,,true,true,true,true
C:\Users\simon\Documents\Code\thesis-code\commons-io-master\src\test\java\org\apache\commons\io\filefilter\FileFilterTest.java,FileFilterTest.java,FileFilterTest,testAnd,6,0,void,,true,true,true,true
C:\Users\simon\Documents\Code\thesis-code\commons-io-master\src\test\java\org\apache\commons\io\filefilter\FileFilterTest.java,FileFilterTest.java,FileFilterTest,testAnd2,12,0,void,,true,true,true,true
C:\Users\simon\Documents\Code\thesis-code\commons-io-master\src\test\java\org\apache\commons\io\filefilter\FileFilterTest.java,FileFilterTest.java,FileFilterTest,testAndArray,9,0,void,,true,true,true,true
C:\Users\simon\Documents\Code\thesis-code\commons-io-master\src\test\java\org\apache\commons\io\filefilter\FileFilterTest.java,FileFilterTest.java,FileFilterTest,testCanExecute,2,0,void,,true,true,true,true
C:\Users\simon\Documents\Code\thesis-code\commons-io-master\src\test\java\org\apache\commons\io\filefilter\FileFilterTest.java,FileFilterTest.java,FileFilterTest,testCanRead,18,0,void,,true,true,true,true
C:\Users\simon\Documents\Code\thesis-code\commons-io-master\src\test\java\org\apache\commons\io\filefilter\FileFilterTest.java,FileFilterTest.java,FileFilterTest,testCanWrite,16,0,void,,true,true,true,true
C:\Users\simon\Documents\Code\thesis-code\commons-io-master\src\test\java\org\apache\commons\io\filefilter\FileFilterTest.java,FileFilterTest.java,FileFilterTest,testDelegateFileFilter,10,0,void,,true,true,true,true
C:\Users\simon\Documents\Code\thesis-code\commons-io-master\src\test\java\org\apache\commons\io\filefilter\FileFilterTest.java,FileFilterTest.java,FileFilterTest,testDelegation,2,0,void,,true,true,true,true
C:\Users\simon\Documents\Code\thesis-code\commons-io-master\src\test\java\org\apache\commons\io\filefilter\FileFilterTest.java,FileFilterTest.java,FileFilterTest,testDeprecatedWildcard,56,0,void,,true,true,true,true
C:\Users\simon\Documents\Code\thesis-code\commons-io-master\src\test\java\org\apache\commons\io\filefilter\FileFilterTest.java,FileFilterTest.java,FileFilterTest,testDirectory,16,0,void,,true,true,true,true
C:\Users\simon\Documents\Code\thesis-code\commons-io-master\src\test\java\org\apache\commons\io\filefilter\FileFilterTest.java,FileFilterTest.java,FileFilterTest,testEmpty,32,0,void,,true,true,true,true
C:\Users\simon\Documents\Code\thesis-code\commons-io-master\src\test\java\org\apache\commons\io\filefilter\FileFilterTest.java,FileFilterTest.java,FileFilterTest,testEnsureTestCoverage,1,0,void,,true,true,true,true
C:\Users\simon\Documents\Code\thesis-code\commons-io-master\src\test\java\org\apache\commons\io\filefilter\FileFilterTest.java,FileFilterTest.java,FileFilterTest,testFalse,11,0,void,,true,true,true,true
C:\Users\simon\Documents\Code\thesis-code\commons-io-master\src\test\java\org\apache\commons\io\filefilter\FileFilterTest.java,FileFilterTest.java,FileFilterTest,testFileEqualsFilter,1,0,void,,true,true,true,true
C:\Users\simon\Documents\Code\thesis-code\commons-io-master\src\test\java\org\apache\commons\io\filefilter\FileFilterTest.java,FileFilterTest.java,FileFilterTest,testFileFilterUtils_and,6,0,void,,true,true,true,true
C:\Users\simon\Documents\Code\thesis-code\commons-io-master\src\test\java\org\apache\commons\io\filefilter\FileFilterTest.java,FileFilterTest.java,FileFilterTest,testFileFilterUtils_or,7,0,void,,true,true,true,true
C:\Users\simon\Documents\Code\thesis-code\commons-io-master\src\test\java\org\apache\commons\io\filefilter\FileFilterTest.java,FileFilterTest.java,FileFilterTest,testFiles,14,0,void,,true,true,true,true
C:\Users\simon\Documents\Code\thesis-code\commons-io-master\src\test\java\org\apache\commons\io\filefilter\FileFilterTest.java,FileFilterTest.java,FileFilterTest,testFilterArray_fromList,7,0,void,,true,true,true,true
C:\Users\simon\Documents\Code\thesis-code\commons-io-master\src\test\java\org\apache\commons\io\filefilter\FileFilterTest.java,FileFilterTest.java,FileFilterTest,testFilterArray_IOFileFilter,6,0,void,,true,true,true,true
C:\Users\simon\Documents\Code\thesis-code\commons-io-master\src\test\java\org\apache\commons\io\filefilter\FileFilterTest.java,FileFilterTest.java,FileFilterTest,testFilterArray_PathVisitorFileFilter_FileExistsNo,6,0,void,,true,true,true,true
C:\Users\simon\Documents\Code\thesis-code\commons-io-master\src\test\java\org\apache\commons\io\filefilter\FileFilterTest.java,FileFilterTest.java,FileFilterTest,testFilterArray_PathVisitorFileFilter_FileExistsYes,7,0,void,,true,true,true,true
C:\Users\simon\Documents\Code\thesis-code\commons-io-master\src\test\java\org\apache\commons\io\filefilter\FileFilterTest.java,FileFilterTest.java,FileFilterTest,testFilterFilesArrayNullParameters,7,0,void,,true,true,true,true
C:\Users\simon\Documents\Code\thesis-code\commons-io-master\src\test\java\org\apache\commons\io\filefilter\FileFilterTest.java,FileFilterTest.java,FileFilterTest,testFilterList,7,0,void,,true,true,true,true
C:\Users\simon\Documents\Code\thesis-code\commons-io-master\src\test\java\org\apache\commons\io\filefilter\FileFilterTest.java,FileFilterTest.java,FileFilterTest,testFilterList_fromArray,6,0,void,,true,true,true,true
C:\Users\simon\Documents\Code\thesis-code\commons-io-master\src\test\java\org\apache\commons\io\filefilter\FileFilterTest.java,FileFilterTest.java,FileFilterTest,testFilterListNullParameters,7,0,void,,true,true,true,true
C:\Users\simon\Documents\Code\thesis-code\commons-io-master\src\test\java\org\apache\commons\io\filefilter\FileFilterTest.java,FileFilterTest.java,FileFilterTest,testFilterPathsArrayNullParameters,7,0,void,,true,true,true,true
C:\Users\simon\Documents\Code\thesis-code\commons-io-master\src\test\java\org\apache\commons\io\filefilter\FileFilterTest.java,FileFilterTest.java,FileFilterTest,testFilterSet,7,0,void,,true,true,true,true
C:\Users\simon\Documents\Code\thesis-code\commons-io-master\src\test\java\org\apache\commons\io\filefilter\FileFilterTest.java,FileFilterTest.java,FileFilterTest,testFilterSet_fromArray,6,0,void,,true,true,true,true
C:\Users\simon\Documents\Code\thesis-code\commons-io-master\src\test\java\org\apache\commons\io\filefilter\FileFilterTest.java,FileFilterTest.java,FileFilterTest,testFilterSetNullParameters,5,0,void,,true,true,true,true
C:\Users\simon\Documents\Code\thesis-code\commons-io-master\src\test\java\org\apache\commons\io\filefilter\FileFilterTest.java,FileFilterTest.java,FileFilterTest,testHidden,10,0,void,,true,true,true,true
C:\Users\simon\Documents\Code\thesis-code\commons-io-master\src\test\java\org\apache\commons\io\filefilter\FileFilterTest.java,FileFilterTest.java,FileFilterTest,testMagicNumberFileFilterBytes,32,0,void,,true,true,true,true
C:\Users\simon\Documents\Code\thesis-code\commons-io-master\src\test\java\org\apache\commons\io\filefilter\FileFilterTest.java,FileFilterTest.java,FileFilterTest,testMagicNumberFileFilterBytesOffset,17,0,void,,true,true,true,true
C:\Users\simon\Documents\Code\thesis-code\commons-io-master\src\test\java\org\apache\commons\io\filefilter\FileFilterTest.java,FileFilterTest.java,FileFilterTest,testMagicNumberFileFilterString,17,0,void,,true,true,true,true
C:\Users\simon\Documents\Code\thesis-code\commons-io-master\src\test\java\org\apache\commons\io\filefilter\FileFilterTest.java,FileFilterTest.java,FileFilterTest,testMagicNumberFileFilterStringOffset,17,0,void,,true,true,true,true
C:\Users\simon\Documents\Code\thesis-code\commons-io-master\src\test\java\org\apache\commons\io\filefilter\FileFilterTest.java,FileFilterTest.java,FileFilterTest,testMagicNumberFileFilterValidation,6,0,void,,true,true,true,true
C:\Users\simon\Documents\Code\thesis-code\commons-io-master\src\test\java\org\apache\commons\io\filefilter\FileFilterTest.java,FileFilterTest.java,FileFilterTest,testMakeCVSAware,22,0,void,,true,true,true,true
C:\Users\simon\Documents\Code\thesis-code\commons-io-master\src\test\java\org\apache\commons\io\filefilter\FileFilterTest.java,FileFilterTest.java,FileFilterTest,testMakeDirectoryOnly,18,0,void,,true,true,true,true
C:\Users\simon\Documents\Code\thesis-code\commons-io-master\src\test\java\org\apache\commons\io\filefilter\FileFilterTest.java,FileFilterTest.java,FileFilterTest,testMakeFileOnly,18,0,void,,true,true,true,true
C:\Users\simon\Documents\Code\thesis-code\commons-io-master\src\test\java\org\apache\commons\io\filefilter\FileFilterTest.java,FileFilterTest.java,FileFilterTest,testMakeSVNAware,22,0,void,,true,true,true,true
C:\Users\simon\Documents\Code\thesis-code\commons-io-master\src\test\java\org\apache\commons\io\filefilter\FileFilterTest.java,FileFilterTest.java,FileFilterTest,testNameFilter,4,0,void,,true,true,true,true
C:\Users\simon\Documents\Code\thesis-code\commons-io-master\src\test\java\org\apache\commons\io\filefilter\FileFilterTest.java,FileFilterTest.java,FileFilterTest,testNameFilterNullArgument,4,0,void,,true,true,true,true
C:\Users\simon\Documents\Code\thesis-code\commons-io-master\src\test\java\org\apache\commons\io\filefilter\FileFilterTest.java,FileFilterTest.java,FileFilterTest,testNameFilterNullArrayArgument,1,0,void,,true,true,true,true
C:\Users\simon\Documents\Code\thesis-code\commons-io-master\src\test\java\org\apache\commons\io\filefilter\FileFilterTest.java,FileFilterTest.java,FileFilterTest,testNameFilterNullListArgument,2,0,void,,true,true,true,true
C:\Users\simon\Documents\Code\thesis-code\commons-io-master\src\test\java\org\apache\commons\io\filefilter\FileFilterTest.java,FileFilterTest.java,FileFilterTest,testNegate,6,0,void,,true,true,true,true
C:\Users\simon\Documents\Code\thesis-code\commons-io-master\src\test\java\org\apache\commons\io\filefilter\FileFilterTest.java,FileFilterTest.java,FileFilterTest,testNullFilters,2,0,void,,true,true,true,true
C:\Users\simon\Documents\Code\thesis-code\commons-io-master\src\test\java\org\apache\commons\io\filefilter\FileFilterTest.java,FileFilterTest.java,FileFilterTest,testOr,36,0,void,,true,true,true,true
C:\Users\simon\Documents\Code\thesis-code\commons-io-master\src\test\java\org\apache\commons\io\filefilter\FileFilterTest.java,FileFilterTest.java,FileFilterTest,testPathEqualsFilter,1,0,void,,true,true,true,true
C:\Users\simon\Documents\Code\thesis-code\commons-io-master\src\test\java\org\apache\commons\io\filefilter\FileFilterTest.java,FileFilterTest.java,FileFilterTest,testPrefix,46,0,void,,true,true,true,true
C:\Users\simon\Documents\Code\thesis-code\commons-io-master\src\test\java\org\apache\commons\io\filefilter\FileFilterTest.java,FileFilterTest.java,FileFilterTest,testPrefixCaseInsensitive,25,0,void,,true,true,true,true
C:\Users\simon\Documents\Code\thesis-code\commons-io-master\src\test\java\org\apache\commons\io\filefilter\FileFilterTest.java,FileFilterTest.java,FileFilterTest,testSizeFilterOnFiles,30,0,void,,true,true,true,true
C:\Users\simon\Documents\Code\thesis-code\commons-io-master\src\test\java\org\apache\commons\io\filefilter\FileFilterTest.java,FileFilterTest.java,FileFilterTest,testSizeFilterOnPaths,30,0,void,,true,true,true,true
C:\Users\simon\Documents\Code\thesis-code\commons-io-master\src\test\java\org\apache\commons\io\filefilter\FileFilterTest.java,FileFilterTest.java,FileFilterTest,testSuffix,40,0,void,,true,true,true,true
C:\Users\simon\Documents\Code\thesis-code\commons-io-master\src\test\java\org\apache\commons\io\filefilter\FileFilterTest.java,FileFilterTest.java,FileFilterTest,testSuffixCaseInsensitive,23,0,void,,true,true,true,true
C:\Users\simon\Documents\Code\thesis-code\commons-io-master\src\test\java\org\apache\commons\io\filefilter\FileFilterTest.java,FileFilterTest.java,FileFilterTest,testTrue,11,0,void,,true,true,true,true
C:\Users\simon\Documents\Code\thesis-code\commons-io-master\src\test\java\org\apache\commons\io\filefilter\NameFileFilterTest.java,NameFileFilterTest.java,NameFileFilterTest,testJavadocExampleUsingIo,3,0,void,,true,true,true,true
C:\Users\simon\Documents\Code\thesis-code\commons-io-master\src\test\java\org\apache\commons\io\filefilter\NameFileFilterTest.java,NameFileFilterTest.java,NameFileFilterTest,testJavadocExampleUsingNio,19,0,void,,true,true,true,true
C:\Users\simon\Documents\Code\thesis-code\commons-io-master\src\test\java\org\apache\commons\io\filefilter\NameFileFilterTest.java,NameFileFilterTest.java,NameFileFilterTest,testNoCounting,6,0,void,,true,true,true,true
C:\Users\simon\Documents\Code\thesis-code\commons-io-master\src\test\java\org\apache\commons\io\filefilter\OrFileFilterTest.java,OrFileFilterTest.java,OrFileFilterTest,buildFilterUsingAdd,3,1,IOFileFilter,protected,false,false,true,true
C:\Users\simon\Documents\Code\thesis-code\commons-io-master\src\test\java\org\apache\commons\io\filefilter\OrFileFilterTest.java,OrFileFilterTest.java,OrFileFilterTest,buildFilterUsingConstructor,1,1,IOFileFilter,protected,false,false,true,true
C:\Users\simon\Documents\Code\thesis-code\commons-io-master\src\test\java\org\apache\commons\io\filefilter\OrFileFilterTest.java,OrFileFilterTest.java,OrFileFilterTest,getConditionalFileFilter,1,0,ConditionalFileFilter,protected,false,false,true,true
C:\Users\simon\Documents\Code\thesis-code\commons-io-master\src\test\java\org\apache\commons\io\filefilter\OrFileFilterTest.java,OrFileFilterTest.java,OrFileFilterTest,getDefaultWorkingPath,1,0,String,protected,false,false,true,true
C:\Users\simon\Documents\Code\thesis-code\commons-io-master\src\test\java\org\apache\commons\io\filefilter\OrFileFilterTest.java,OrFileFilterTest.java,OrFileFilterTest,getFalseResults,1,0,List<boolean[]>,protected,false,false,true,true
C:\Users\simon\Documents\Code\thesis-code\commons-io-master\src\test\java\org\apache\commons\io\filefilter\OrFileFilterTest.java,OrFileFilterTest.java,OrFileFilterTest,getFilenameResults,1,0,List<Boolean>,protected,false,false,true,true
C:\Users\simon\Documents\Code\thesis-code\commons-io-master\src\test\java\org\apache\commons\io\filefilter\OrFileFilterTest.java,OrFileFilterTest.java,OrFileFilterTest,getFileResults,1,0,List<Boolean>,protected,false,false,true,true
C:\Users\simon\Documents\Code\thesis-code\commons-io-master\src\test\java\org\apache\commons\io\filefilter\OrFileFilterTest.java,OrFileFilterTest.java,OrFileFilterTest,getTestFilters,1,0,List<List<IOFileFilter>>,protected,false,false,true,true
C:\Users\simon\Documents\Code\thesis-code\commons-io-master\src\test\java\org\apache\commons\io\filefilter\OrFileFilterTest.java,OrFileFilterTest.java,OrFileFilterTest,getTrueResults,1,0,List<boolean[]>,protected,false,false,true,true
C:\Users\simon\Documents\Code\thesis-code\commons-io-master\src\test\java\org\apache\commons\io\filefilter\OrFileFilterTest.java,OrFileFilterTest.java,OrFileFilterTest,getWorkingPathNamePropertyKey,1,0,String,protected,false,false,true,true
C:\Users\simon\Documents\Code\thesis-code\commons-io-master\src\test\java\org\apache\commons\io\filefilter\OrFileFilterTest.java,OrFileFilterTest.java,OrFileFilterTest,setUpTestFilters,15,0,void,public,false,false,true,true
C:\Users\simon\Documents\Code\thesis-code\commons-io-master\src\test\java\org\apache\commons\io\filefilter\PathMatcherFileFilterTest.java,PathMatcherFileFilterTest.java,PathMatcherFileFilterTest,testGlob,9,0,void,,true,true,true,true
C:\Users\simon\Documents\Code\thesis-code\commons-io-master\src\test\java\org\apache\commons\io\filefilter\RegexFileFilterTest.java,RegexFileFilterTest.java,RegexFileFilterTest,assertFiltering,3,3,void,public,false,false,true,true
C:\Users\simon\Documents\Code\thesis-code\commons-io-master\src\test\java\org\apache\commons\io\filefilter\RegexFileFilterTest.java,RegexFileFilterTest.java,RegexFileFilterTest,assertFiltering,5,3,void,public,false,false,true,true
C:\Users\simon\Documents\Code\thesis-code\commons-io-master\src\test\java\org\apache\commons\io\filefilter\RegexFileFilterTest.java,RegexFileFilterTest.java,RegexFileFilterTest,assertSerializable,2,1,RegexFileFilter,private,false,false,true,true
C:\Users\simon\Documents\Code\thesis-code\commons-io-master\src\test\java\org\apache\commons\io\filefilter\RegexFileFilterTest.java,RegexFileFilterTest.java,RegexFileFilterTest,testRegex,40,0,void,,true,true,true,true
C:\Users\simon\Documents\Code\thesis-code\commons-io-master\src\test\java\org\apache\commons\io\filefilter\RegexFileFilterTest.java,RegexFileFilterTest.java,RegexFileFilterTest,testRegexEdgeCases,4,0,void,,true,true,true,true
C:\Users\simon\Documents\Code\thesis-code\commons-io-master\src\test\java\org\apache\commons\io\filefilter\RegexFileFilterTest.java,RegexFileFilterTest.java,RegexFileFilterTest,testRegexFileNameOnly,8,0,void,,true,true,true,true
C:\Users\simon\Documents\Code\thesis-code\commons-io-master\src\test\java\org\apache\commons\io\filefilter\SymbolicLinkFileFilterTest.java,SymbolicLinkFileFilterTest.java,SymbolicLinkFileFilterTest,createMockFilter,1,0,SymbolicLinkFileFilter,private; static,false,false,true,true
C:\Users\simon\Documents\Code\thesis-code\commons-io-master\src\test\java\org\apache\commons\io\filefilter\SymbolicLinkFileFilterTest.java,SymbolicLinkFileFilterTest.java,SymbolicLinkFileFilterTest,isSymbolicLink,1,1,boolean,,false,false,true,true
C:\Users\simon\Documents\Code\thesis-code\commons-io-master\src\test\java\org\apache\commons\io\filefilter\SymbolicLinkFileFilterTest.java,SymbolicLinkFileFilterTest.java,SymbolicLinkFileFilterTest,createMockSymbolicLink,1,2,Path,private; static,false,false,true,true
C:\Users\simon\Documents\Code\thesis-code\commons-io-master\src\test\java\org\apache\commons\io\filefilter\SymbolicLinkFileFilterTest.java,SymbolicLinkFileFilterTest.java,SymbolicLinkFileFilterTest,createRealSymbolicLink,2,2,Path,private; static,false,false,true,true
C:\Users\simon\Documents\Code\thesis-code\commons-io-master\src\test\java\org\apache\commons\io\filefilter\SymbolicLinkFileFilterTest.java,SymbolicLinkFileFilterTest.java,SymbolicLinkFileFilterTest,tearDown,4,0,void,static,false,false,true,true
C:\Users\simon\Documents\Code\thesis-code\commons-io-master\src\test\java\org\apache\commons\io\filefilter\SymbolicLinkFileFilterTest.java,SymbolicLinkFileFilterTest.java,SymbolicLinkFileFilterTest,testSetup,15,0,void,static,false,true,true,true
C:\Users\simon\Documents\Code\thesis-code\commons-io-master\src\test\java\org\apache\commons\io\filefilter\SymbolicLinkFileFilterTest.java,SymbolicLinkFileFilterTest.java,SymbolicLinkFileFilterTest,testFileFilter_HardDirectory,1,0,void,,true,true,true,true
C:\Users\simon\Documents\Code\thesis-code\commons-io-master\src\test\java\org\apache\commons\io\filefilter\SymbolicLinkFileFilterTest.java,SymbolicLinkFileFilterTest.java,SymbolicLinkFileFilterTest,testFileFilter_HardFile,1,0,void,,true,true,true,true
C:\Users\simon\Documents\Code\thesis-code\commons-io-master\src\test\java\org\apache\commons\io\filefilter\SymbolicLinkFileFilterTest.java,SymbolicLinkFileFilterTest.java,SymbolicLinkFileFilterTest,testFileFilter_Link,1,0,void,,true,true,true,true
C:\Users\simon\Documents\Code\thesis-code\commons-io-master\src\test\java\org\apache\commons\io\filefilter\SymbolicLinkFileFilterTest.java,SymbolicLinkFileFilterTest.java,SymbolicLinkFileFilterTest,testFileFilter_missingFile,1,0,void,,true,true,true,true
C:\Users\simon\Documents\Code\thesis-code\commons-io-master\src\test\java\org\apache\commons\io\filefilter\SymbolicLinkFileFilterTest.java,SymbolicLinkFileFilterTest.java,SymbolicLinkFileFilterTest,testFileFilter_PathLink,1,0,void,,true,true,true,true
C:\Users\simon\Documents\Code\thesis-code\commons-io-master\src\test\java\org\apache\commons\io\filefilter\SymbolicLinkFileFilterTest.java,SymbolicLinkFileFilterTest.java,SymbolicLinkFileFilterTest,testFileNameFilter_HardDirectory,1,0,void,,true,true,true,true
C:\Users\simon\Documents\Code\thesis-code\commons-io-master\src\test\java\org\apache\commons\io\filefilter\SymbolicLinkFileFilterTest.java,SymbolicLinkFileFilterTest.java,SymbolicLinkFileFilterTest,testFileNameFilter_HardFile,1,0,void,,true,true,true,true
C:\Users\simon\Documents\Code\thesis-code\commons-io-master\src\test\java\org\apache\commons\io\filefilter\SymbolicLinkFileFilterTest.java,SymbolicLinkFileFilterTest.java,SymbolicLinkFileFilterTest,testFileNameFilter_Link,1,0,void,,true,true,true,true
C:\Users\simon\Documents\Code\thesis-code\commons-io-master\src\test\java\org\apache\commons\io\filefilter\SymbolicLinkFileFilterTest.java,SymbolicLinkFileFilterTest.java,SymbolicLinkFileFilterTest,testFileNameFilter_missingFile,1,0,void,,true,true,true,true
C:\Users\simon\Documents\Code\thesis-code\commons-io-master\src\test\java\org\apache\commons\io\filefilter\SymbolicLinkFileFilterTest.java,SymbolicLinkFileFilterTest.java,SymbolicLinkFileFilterTest,testFileNameFilter_PathLink,1,0,void,,true,true,true,true
C:\Users\simon\Documents\Code\thesis-code\commons-io-master\src\test\java\org\apache\commons\io\filefilter\SymbolicLinkFileFilterTest.java,SymbolicLinkFileFilterTest.java,SymbolicLinkFileFilterTest,testPathFilter_HardDirectory,2,0,void,,true,true,true,true
C:\Users\simon\Documents\Code\thesis-code\commons-io-master\src\test\java\org\apache\commons\io\filefilter\SymbolicLinkFileFilterTest.java,SymbolicLinkFileFilterTest.java,SymbolicLinkFileFilterTest,testPathFilter_HardFile,2,0,void,,true,true,true,true
C:\Users\simon\Documents\Code\thesis-code\commons-io-master\src\test\java\org\apache\commons\io\filefilter\SymbolicLinkFileFilterTest.java,SymbolicLinkFileFilterTest.java,SymbolicLinkFileFilterTest,testPathFilter_Link,2,0,void,,true,true,true,true
C:\Users\simon\Documents\Code\thesis-code\commons-io-master\src\test\java\org\apache\commons\io\filefilter\SymbolicLinkFileFilterTest.java,SymbolicLinkFileFilterTest.java,SymbolicLinkFileFilterTest,testPathFilter_missingFile,2,0,void,,true,true,true,true
C:\Users\simon\Documents\Code\thesis-code\commons-io-master\src\test\java\org\apache\commons\io\filefilter\SymbolicLinkFileFilterTest.java,SymbolicLinkFileFilterTest.java,SymbolicLinkFileFilterTest,testPathFilter_PathLink,2,0,void,,true,true,true,true
C:\Users\simon\Documents\Code\thesis-code\commons-io-master\src\test\java\org\apache\commons\io\filefilter\SymbolicLinkFileFilterTest.java,SymbolicLinkFileFilterTest.java,SymbolicLinkFileFilterTest,testSymbolicLinkFileFilter,2,0,void,,true,true,true,true
C:\Users\simon\Documents\Code\thesis-code\commons-io-master\src\test\java\org\apache\commons\io\filefilter\WildcardFileFilterTest.java,WildcardFileFilterTest.java,WildcardFileFilterTest,testWildcard,96,0,void,,true,true,true,true
C:\Users\simon\Documents\Code\thesis-code\commons-io-master\src\test\java\org\apache\commons\io\FilenameUtilsTest.java,FilenameUtilsTest.java,FilenameUtilsTest,setUp,12,0,void,public,false,false,true,true
C:\Users\simon\Documents\Code\thesis-code\commons-io-master\src\test\java\org\apache\commons\io\FilenameUtilsTest.java,FilenameUtilsTest.java,FilenameUtilsTest,testConcat,29,0,void,,true,true,true,true
C:\Users\simon\Documents\Code\thesis-code\commons-io-master\src\test\java\org\apache\commons\io\FilenameUtilsTest.java,FilenameUtilsTest.java,FilenameUtilsTest,testDirectoryContains,11,0,void,,true,true,true,true
C:\Users\simon\Documents\Code\thesis-code\commons-io-master\src\test\java\org\apache\commons\io\FilenameUtilsTest.java,FilenameUtilsTest.java,FilenameUtilsTest,testEquals,7,0,void,,true,true,true,true
C:\Users\simon\Documents\Code\thesis-code\commons-io-master\src\test\java\org\apache\commons\io\FilenameUtilsTest.java,FilenameUtilsTest.java,FilenameUtilsTest,testEquals_fullControl,4,0,void,,true,true,true,true
C:\Users\simon\Documents\Code\thesis-code\commons-io-master\src\test\java\org\apache\commons\io\FilenameUtilsTest.java,FilenameUtilsTest.java,FilenameUtilsTest,testEqualsNormalized,8,0,void,,true,true,true,true
C:\Users\simon\Documents\Code\thesis-code\commons-io-master\src\test\java\org\apache\commons\io\FilenameUtilsTest.java,FilenameUtilsTest.java,FilenameUtilsTest,testEqualsNormalizedError_IO_128,3,0,void,,true,true,true,true
C:\Users\simon\Documents\Code\thesis-code\commons-io-master\src\test\java\org\apache\commons\io\FilenameUtilsTest.java,FilenameUtilsTest.java,FilenameUtilsTest,testEqualsNormalizedOnSystem,9,0,void,,true,true,true,true
C:\Users\simon\Documents\Code\thesis-code\commons-io-master\src\test\java\org\apache\commons\io\FilenameUtilsTest.java,FilenameUtilsTest.java,FilenameUtilsTest,testEqualsOnSystem,7,0,void,,true,true,true,true
C:\Users\simon\Documents\Code\thesis-code\commons-io-master\src\test\java\org\apache\commons\io\FilenameUtilsTest.java,FilenameUtilsTest.java,FilenameUtilsTest,testGetBaseName,7,0,void,,true,true,true,true
C:\Users\simon\Documents\Code\thesis-code\commons-io-master\src\test\java\org\apache\commons\io\FilenameUtilsTest.java,FilenameUtilsTest.java,FilenameUtilsTest,testGetBaseName_with_null_character,1,0,void,,true,true,true,true
C:\Users\simon\Documents\Code\thesis-code\commons-io-master\src\test\java\org\apache\commons\io\FilenameUtilsTest.java,FilenameUtilsTest.java,FilenameUtilsTest,testGetExtension,14,0,void,,true,true,true,true
C:\Users\simon\Documents\Code\thesis-code\commons-io-master\src\test\java\org\apache\commons\io\FilenameUtilsTest.java,FilenameUtilsTest.java,FilenameUtilsTest,testGetFullPath,29,0,void,,true,true,true,true
C:\Users\simon\Documents\Code\thesis-code\commons-io-master\src\test\java\org\apache\commons\io\FilenameUtilsTest.java,FilenameUtilsTest.java,FilenameUtilsTest,testGetFullPathNoEndSeparator,29,0,void,,true,true,true,true
C:\Users\simon\Documents\Code\thesis-code\commons-io-master\src\test\java\org\apache\commons\io\FilenameUtilsTest.java,FilenameUtilsTest.java,FilenameUtilsTest,testGetFullPathNoEndSeparator_IO_248,6,0,void,,true,true,true,true
C:\Users\simon\Documents\Code\thesis-code\commons-io-master\src\test\java\org\apache\commons\io\FilenameUtilsTest.java,FilenameUtilsTest.java,FilenameUtilsTest,testGetName,6,0,void,,true,true,true,true
C:\Users\simon\Documents\Code\thesis-code\commons-io-master\src\test\java\org\apache\commons\io\FilenameUtilsTest.java,FilenameUtilsTest.java,FilenameUtilsTest,testGetPath,30,0,void,,true,true,true,true
C:\Users\simon\Documents\Code\thesis-code\commons-io-master\src\test\java\org\apache\commons\io\FilenameUtilsTest.java,FilenameUtilsTest.java,FilenameUtilsTest,testGetPath_with_null_character,1,0,void,,true,true,true,true
C:\Users\simon\Documents\Code\thesis-code\commons-io-master\src\test\java\org\apache\commons\io\FilenameUtilsTest.java,FilenameUtilsTest.java,FilenameUtilsTest,testGetPathNoEndSeparator,30,0,void,,true,true,true,true
C:\Users\simon\Documents\Code\thesis-code\commons-io-master\src\test\java\org\apache\commons\io\FilenameUtilsTest.java,FilenameUtilsTest.java,FilenameUtilsTest,testGetPathNoEndSeparator_with_null_character,1,0,void,,true,true,true,true
C:\Users\simon\Documents\Code\thesis-code\commons-io-master\src\test\java\org\apache\commons\io\FilenameUtilsTest.java,FilenameUtilsTest.java,FilenameUtilsTest,testGetPrefix,31,0,void,,true,true,true,true
C:\Users\simon\Documents\Code\thesis-code\commons-io-master\src\test\java\org\apache\commons\io\FilenameUtilsTest.java,FilenameUtilsTest.java,FilenameUtilsTest,testGetPrefix_with_null_character,1,0,void,,true,true,true,true
C:\Users\simon\Documents\Code\thesis-code\commons-io-master\src\test\java\org\apache\commons\io\FilenameUtilsTest.java,FilenameUtilsTest.java,FilenameUtilsTest,testGetPrefixLength,45,0,void,,true,true,true,true
C:\Users\simon\Documents\Code\thesis-code\commons-io-master\src\test\java\org\apache\commons\io\FilenameUtilsTest.java,FilenameUtilsTest.java,FilenameUtilsTest,testIndexOfExtension,9,0,void,,true,true,true,true
C:\Users\simon\Documents\Code\thesis-code\commons-io-master\src\test\java\org\apache\commons\io\FilenameUtilsTest.java,FilenameUtilsTest.java,FilenameUtilsTest,testIndexOfLastSeparator,4,0,void,,true,true,true,true
C:\Users\simon\Documents\Code\thesis-code\commons-io-master\src\test\java\org\apache\commons\io\FilenameUtilsTest.java,FilenameUtilsTest.java,FilenameUtilsTest,testInjectionFailure,1,0,void,,true,true,true,true
C:\Users\simon\Documents\Code\thesis-code\commons-io-master\src\test\java\org\apache\commons\io\FilenameUtilsTest.java,FilenameUtilsTest.java,FilenameUtilsTest,testIsExtension,24,0,void,,true,true,true,true
C:\Users\simon\Documents\Code\thesis-code\commons-io-master\src\test\java\org\apache\commons\io\FilenameUtilsTest.java,FilenameUtilsTest.java,FilenameUtilsTest,testIsExtension_injection,1,0,void,,true,true,true,true
C:\Users\simon\Documents\Code\thesis-code\commons-io-master\src\test\java\org\apache\commons\io\FilenameUtilsTest.java,FilenameUtilsTest.java,FilenameUtilsTest,testIsExtensionArray,30,0,void,,true,true,true,true
C:\Users\simon\Documents\Code\thesis-code\commons-io-master\src\test\java\org\apache\commons\io\FilenameUtilsTest.java,FilenameUtilsTest.java,FilenameUtilsTest,testIsExtensionCollection,30,0,void,,true,true,true,true
C:\Users\simon\Documents\Code\thesis-code\commons-io-master\src\test\java\org\apache\commons\io\FilenameUtilsTest.java,FilenameUtilsTest.java,FilenameUtilsTest,testIsExtensionVarArgs,18,0,void,,true,true,true,true
C:\Users\simon\Documents\Code\thesis-code\commons-io-master\src\test\java\org\apache\commons\io\FilenameUtilsTest.java,FilenameUtilsTest.java,FilenameUtilsTest,testNormalize,160,0,void,,true,true,true,true
C:\Users\simon\Documents\Code\thesis-code\commons-io-master\src\test\java\org\apache\commons\io\FilenameUtilsTest.java,FilenameUtilsTest.java,FilenameUtilsTest,testNormalize_with_null_character,2,0,void,,true,true,true,true
C:\Users\simon\Documents\Code\thesis-code\commons-io-master\src\test\java\org\apache\commons\io\FilenameUtilsTest.java,FilenameUtilsTest.java,FilenameUtilsTest,testNormalizeFromJavaDoc,19,0,void,,true,true,true,true
C:\Users\simon\Documents\Code\thesis-code\commons-io-master\src\test\java\org\apache\commons\io\FilenameUtilsTest.java,FilenameUtilsTest.java,FilenameUtilsTest,testNormalizeNoEndSeparator,139,0,void,,true,true,true,true
C:\Users\simon\Documents\Code\thesis-code\commons-io-master\src\test\java\org\apache\commons\io\FilenameUtilsTest.java,FilenameUtilsTest.java,FilenameUtilsTest,testNormalizeNoEndSeparatorUnixWin,4,0,void,,true,true,true,true
C:\Users\simon\Documents\Code\thesis-code\commons-io-master\src\test\java\org\apache\commons\io\FilenameUtilsTest.java,FilenameUtilsTest.java,FilenameUtilsTest,testNormalizeUnixWin,4,0,void,,true,true,true,true
C:\Users\simon\Documents\Code\thesis-code\commons-io-master\src\test\java\org\apache\commons\io\FilenameUtilsTest.java,FilenameUtilsTest.java,FilenameUtilsTest,testRemoveExtension,13,0,void,,true,true,true,true
C:\Users\simon\Documents\Code\thesis-code\commons-io-master\src\test\java\org\apache\commons\io\FilenameUtilsTest.java,FilenameUtilsTest.java,FilenameUtilsTest,testSeparatorsToSystem,1,0,void,,true,true,true,true
C:\Users\simon\Documents\Code\thesis-code\commons-io-master\src\test\java\org\apache\commons\io\FilenameUtilsTest.java,FilenameUtilsTest.java,FilenameUtilsTest,testSeparatorsToUnix,6,0,void,,true,true,true,true
C:\Users\simon\Documents\Code\thesis-code\commons-io-master\src\test\java\org\apache\commons\io\FilenameUtilsTest.java,FilenameUtilsTest.java,FilenameUtilsTest,testSeparatorsToWindows,6,0,void,,true,true,true,true
C:\Users\simon\Documents\Code\thesis-code\commons-io-master\src\test\java\org\apache\commons\io\FilenameUtilsWildcardTest.java,FilenameUtilsWildcardTest.java,FilenameUtilsWildcardTest,assertMatch,1,3,void,private,false,false,true,true
C:\Users\simon\Documents\Code\thesis-code\commons-io-master\src\test\java\org\apache\commons\io\FilenameUtilsWildcardTest.java,FilenameUtilsWildcardTest.java,FilenameUtilsWildcardTest,test_IO_246,12,0,void,,true,true,true,true
C:\Users\simon\Documents\Code\thesis-code\commons-io-master\src\test\java\org\apache\commons\io\FilenameUtilsWildcardTest.java,FilenameUtilsWildcardTest.java,FilenameUtilsWildcardTest,testLocaleIndependence,4,0,void,,true,true,true,true
C:\Users\simon\Documents\Code\thesis-code\commons-io-master\src\test\java\org\apache\commons\io\FilenameUtilsWildcardTest.java,FilenameUtilsWildcardTest.java,FilenameUtilsWildcardTest,testMatch,22,0,void,,true,true,true,true
C:\Users\simon\Documents\Code\thesis-code\commons-io-master\src\test\java\org\apache\commons\io\FilenameUtilsWildcardTest.java,FilenameUtilsWildcardTest.java,FilenameUtilsWildcardTest,testMatch2,32,0,void,,true,true,true,true
C:\Users\simon\Documents\Code\thesis-code\commons-io-master\src\test\java\org\apache\commons\io\FilenameUtilsWildcardTest.java,FilenameUtilsWildcardTest.java,FilenameUtilsWildcardTest,testMatchCaseSpecified,30,0,void,,true,true,true,true
C:\Users\simon\Documents\Code\thesis-code\commons-io-master\src\test\java\org\apache\commons\io\FilenameUtilsWildcardTest.java,FilenameUtilsWildcardTest.java,FilenameUtilsWildcardTest,testMatchOnSystem,20,0,void,,true,true,true,true
C:\Users\simon\Documents\Code\thesis-code\commons-io-master\src\test\java\org\apache\commons\io\FilenameUtilsWildcardTest.java,FilenameUtilsWildcardTest.java,FilenameUtilsWildcardTest,testSplitOnTokens,10,0,void,,true,true,true,true
C:\Users\simon\Documents\Code\thesis-code\commons-io-master\src\test\java\org\apache\commons\io\FileSystemTest.java,FileSystemTest.java,FileSystemTest,createAndDelete,4,2,void,private; static,false,false,true,true
C:\Users\simon\Documents\Code\thesis-code\commons-io-master\src\test\java\org\apache\commons\io\FileSystemTest.java,FileSystemTest.java,FileSystemTest,testIsLegalName_Length,1,0,Stream<Arguments>,static,false,true,true,true
C:\Users\simon\Documents\Code\thesis-code\commons-io-master\src\test\java\org\apache\commons\io\FileSystemTest.java,FileSystemTest.java,FileSystemTest,testNameLengthStrategyTruncate_Succeeds,4,0,Stream<Arguments>,static,false,true,true,true
C:\Users\simon\Documents\Code\thesis-code\commons-io-master\src\test\java\org\apache\commons\io\FileSystemTest.java,FileSystemTest.java,FileSystemTest,testNameLengthStrategyTruncate_Throws,2,0,Stream<Arguments>,static,false,true,true,true
C:\Users\simon\Documents\Code\thesis-code\commons-io-master\src\test\java\org\apache\commons\io\FileSystemTest.java,FileSystemTest.java,FileSystemTest,parseXmlRootValue,2,2,String,private,false,false,true,true
C:\Users\simon\Documents\Code\thesis-code\commons-io-master\src\test\java\org\apache\commons\io\FileSystemTest.java,FileSystemTest.java,FileSystemTest,parseXmlRootValue,3,1,String,private,false,false,true,true
C:\Users\simon\Documents\Code\thesis-code\commons-io-master\src\test\java\org\apache\commons\io\FileSystemTest.java,FileSystemTest.java,FileSystemTest,testGetBlockSize,1,0,void,,true,true,true,true
C:\Users\simon\Documents\Code\thesis-code\commons-io-master\src\test\java\org\apache\commons\io\FileSystemTest.java,FileSystemTest.java,FileSystemTest,testGetCurrent,3,0,void,,true,true,true,true
C:\Users\simon\Documents\Code\thesis-code\commons-io-master\src\test\java\org\apache\commons\io\FileSystemTest.java,FileSystemTest.java,FileSystemTest,testGetIllegalFileNameChars,2,0,void,,true,true,true,true
C:\Users\simon\Documents\Code\thesis-code\commons-io-master\src\test\java\org\apache\commons\io\FileSystemTest.java,FileSystemTest.java,FileSystemTest,testGetNameSeparator,2,0,void,,true,true,true,true
C:\Users\simon\Documents\Code\thesis-code\commons-io-master\src\test\java\org\apache\commons\io\FileSystemTest.java,FileSystemTest.java,FileSystemTest,testIsLegalName,5,1,void,,false,true,true,true
C:\Users\simon\Documents\Code\thesis-code\commons-io-master\src\test\java\org\apache\commons\io\FileSystemTest.java,FileSystemTest.java,FileSystemTest,testIsLegalName_Encoding,2,0,void,,true,true,true,true
C:\Users\simon\Documents\Code\thesis-code\commons-io-master\src\test\java\org\apache\commons\io\FileSystemTest.java,FileSystemTest.java,FileSystemTest,testIsLegalName_Length,3,3,void,,false,true,true,true
C:\Users\simon\Documents\Code\thesis-code\commons-io-master\src\test\java\org\apache\commons\io\FileSystemTest.java,FileSystemTest.java,FileSystemTest,testIsReservedFileName,1,0,void,,true,true,true,true
C:\Users\simon\Documents\Code\thesis-code\commons-io-master\src\test\java\org\apache\commons\io\FileSystemTest.java,FileSystemTest.java,FileSystemTest,testIsReservedFileNameOnWindows,2,0,void,,true,true,true,true
C:\Users\simon\Documents\Code\thesis-code\commons-io-master\src\test\java\org\apache\commons\io\FileSystemTest.java,FileSystemTest.java,FileSystemTest,testMaxNameLength_MatchesRealSystem,6,1,void,,true,true,true,true
C:\Users\simon\Documents\Code\thesis-code\commons-io-master\src\test\java\org\apache\commons\io\FileSystemTest.java,FileSystemTest.java,FileSystemTest,testNameLengthStrategyTruncate_Succeeds,2,4,void,,false,true,true,true
C:\Users\simon\Documents\Code\thesis-code\commons-io-master\src\test\java\org\apache\commons\io\FileSystemTest.java,FileSystemTest.java,FileSystemTest,testNameLengthStrategyTruncate_Throws,3,5,void,,false,true,true,true
C:\Users\simon\Documents\Code\thesis-code\commons-io-master\src\test\java\org\apache\commons\io\FileSystemTest.java,FileSystemTest.java,FileSystemTest,testReplacementWithNUL,1,0,void,,true,true,true,true
C:\Users\simon\Documents\Code\thesis-code\commons-io-master\src\test\java\org\apache\commons\io\FileSystemTest.java,FileSystemTest.java,FileSystemTest,testSorted,1,0,void,,true,true,true,true
C:\Users\simon\Documents\Code\thesis-code\commons-io-master\src\test\java\org\apache\commons\io\FileSystemTest.java,FileSystemTest.java,FileSystemTest,testSupportsDriveLetter,4,0,void,,true,true,true,true
C:\Users\simon\Documents\Code\thesis-code\commons-io-master\src\test\java\org\apache\commons\io\FileSystemTest.java,FileSystemTest.java,FileSystemTest,testToLegalFileNameWindows,12,0,void,,true,true,true,true
C:\Users\simon\Documents\Code\thesis-code\commons-io-master\src\test\java\org\apache\commons\io\FileSystemTest.java,FileSystemTest.java,FileSystemTest,testXmlRoundtrip,10,2,void,,false,true,true,true
C:\Users\simon\Documents\Code\thesis-code\commons-io-master\src\test\java\org\apache\commons\io\FileSystemTest.java,FileSystemTest.java,FileSystemTest,toXmlString,1,2,String,private,false,false,true,true
C:\Users\simon\Documents\Code\thesis-code\commons-io-master\src\test\java\org\apache\commons\io\FileSystemUtilsTest.java,FileSystemUtilsTest.java,FileSystemUtilsTest,getIllegalFileNameChars,1,0,char[],static,false,false,true,true
C:\Users\simon\Documents\Code\thesis-code\commons-io-master\src\test\java\org\apache\commons\io\FileSystemUtilsTest.java,FileSystemUtilsTest.java,FileSystemUtilsTest,testGetFreeSpace_IllegalFileName,1,1,void,,false,true,true,true
C:\Users\simon\Documents\Code\thesis-code\commons-io-master\src\test\java\org\apache\commons\io\FileSystemUtilsTest.java,FileSystemUtilsTest.java,FileSystemUtilsTest,testGetFreeSpace_IllegalFileNames,1,0,void,,true,true,true,true
C:\Users\simon\Documents\Code\thesis-code\commons-io-master\src\test\java\org\apache\commons\io\FileSystemUtilsTest.java,FileSystemUtilsTest.java,FileSystemUtilsTest,testGetFreeSpace_String,5,0,void,,true,true,true,true
C:\Users\simon\Documents\Code\thesis-code\commons-io-master\src\test\java\org\apache\commons\io\FileSystemUtilsTest.java,FileSystemUtilsTest.java,FileSystemUtilsTest,testGetFreeSpaceKb,1,0,void,,true,true,true,true
C:\Users\simon\Documents\Code\thesis-code\commons-io-master\src\test\java\org\apache\commons\io\FileSystemUtilsTest.java,FileSystemUtilsTest.java,FileSystemUtilsTest,testGetFreeSpaceKb_long,1,0,void,,true,true,true,true
C:\Users\simon\Documents\Code\thesis-code\commons-io-master\src\test\java\org\apache\commons\io\FileSystemUtilsTest.java,FileSystemUtilsTest.java,FileSystemUtilsTest,testGetFreeSpaceKb_String,5,0,void,,true,true,true,true
C:\Users\simon\Documents\Code\thesis-code\commons-io-master\src\test\java\org\apache\commons\io\FileSystemUtilsTest.java,FileSystemUtilsTest.java,FileSystemUtilsTest,testGetFreeSpaceKb_String_long,5,0,void,,true,true,true,true
C:\Users\simon\Documents\Code\thesis-code\commons-io-master\src\test\java\org\apache\commons\io\FileUtilsCleanDirectoryTest.java,FileUtilsCleanDirectoryTest.java,FileUtilsCleanDirectoryTest,chmod,8,3,boolean,private,false,false,true,true
C:\Users\simon\Documents\Code\thesis-code\commons-io-master\src\test\java\org\apache\commons\io\FileUtilsCleanDirectoryTest.java,FileUtilsCleanDirectoryTest.java,FileUtilsCleanDirectoryTest,testCleanDirectoryToForceDelete,4,0,void,,true,true,true,true
C:\Users\simon\Documents\Code\thesis-code\commons-io-master\src\test\java\org\apache\commons\io\FileUtilsCleanDirectoryTest.java,FileUtilsCleanDirectoryTest.java,FileUtilsCleanDirectoryTest,testCleanEmpty,3,0,void,,true,true,true,true
C:\Users\simon\Documents\Code\thesis-code\commons-io-master\src\test\java\org\apache\commons\io\FileUtilsCleanDirectoryTest.java,FileUtilsCleanDirectoryTest.java,FileUtilsCleanDirectoryTest,testDeletesNested,6,0,void,,true,true,true,true
C:\Users\simon\Documents\Code\thesis-code\commons-io-master\src\test\java\org\apache\commons\io\FileUtilsCleanDirectoryTest.java,FileUtilsCleanDirectoryTest.java,FileUtilsCleanDirectoryTest,testDeletesRegular,5,0,void,,true,true,true,true
C:\Users\simon\Documents\Code\thesis-code\commons-io-master\src\test\java\org\apache\commons\io\FileUtilsCleanDirectoryTest.java,FileUtilsCleanDirectoryTest.java,FileUtilsCleanDirectoryTest,testThrowsOnNullList,2,0,void,,true,true,true,true
C:\Users\simon\Documents\Code\thesis-code\commons-io-master\src\test\java\org\apache\commons\io\FileUtilsCleanSymlinksTest.java,FileUtilsCleanSymlinksTest.java,FileUtilsCleanSymlinksTest,setupSymlink,8,2,boolean,private,false,false,true,true
C:\Users\simon\Documents\Code\thesis-code\commons-io-master\src\test\java\org\apache\commons\io\FileUtilsCleanSymlinksTest.java,FileUtilsCleanSymlinksTest.java,FileUtilsCleanSymlinksTest,testCleanDirWithASymlinkDir,17,0,void,,true,true,true,true
C:\Users\simon\Documents\Code\thesis-code\commons-io-master\src\test\java\org\apache\commons\io\FileUtilsCleanSymlinksTest.java,FileUtilsCleanSymlinksTest.java,FileUtilsCleanSymlinksTest,testCleanDirWithParentSymlinks,20,0,void,,true,true,true,true
C:\Users\simon\Documents\Code\thesis-code\commons-io-master\src\test\java\org\apache\commons\io\FileUtilsCleanSymlinksTest.java,FileUtilsCleanSymlinksTest.java,FileUtilsCleanSymlinksTest,testCleanDirWithSymlinkFile,17,0,void,,true,true,true,true
C:\Users\simon\Documents\Code\thesis-code\commons-io-master\src\test\java\org\apache\commons\io\FileUtilsCleanSymlinksTest.java,FileUtilsCleanSymlinksTest.java,FileUtilsCleanSymlinksTest,testCorrectlyIdentifySymlinkWithParentSymLink,11,0,void,,true,true,true,true
C:\Users\simon\Documents\Code\thesis-code\commons-io-master\src\test\java\org\apache\commons\io\FileUtilsCleanSymlinksTest.java,FileUtilsCleanSymlinksTest.java,FileUtilsCleanSymlinksTest,testIdentifiesBrokenSymlinkFile,10,0,void,,true,true,true,true
C:\Users\simon\Documents\Code\thesis-code\commons-io-master\src\test\java\org\apache\commons\io\FileUtilsCleanSymlinksTest.java,FileUtilsCleanSymlinksTest.java,FileUtilsCleanSymlinksTest,testIdentifiesSymlinkDir,7,0,void,,true,true,true,true
C:\Users\simon\Documents\Code\thesis-code\commons-io-master\src\test\java\org\apache\commons\io\FileUtilsCleanSymlinksTest.java,FileUtilsCleanSymlinksTest.java,FileUtilsCleanSymlinksTest,testIdentifiesSymlinkFile,7,0,void,,true,true,true,true
C:\Users\simon\Documents\Code\thesis-code\commons-io-master\src\test\java\org\apache\commons\io\FileUtilsCleanSymlinksTest.java,FileUtilsCleanSymlinksTest.java,FileUtilsCleanSymlinksTest,testStillClearsIfGivenDirectoryIsASymlink,10,0,void,,true,true,true,true
C:\Users\simon\Documents\Code\thesis-code\commons-io-master\src\test\java\org\apache\commons\io\FileUtilsCopyDirectoryToDirectoryTest.java,FileUtilsCopyDirectoryToDirectoryTest.java,FileUtilsCopyDirectoryToDirectoryTest,assertExceptionTypeAndMessage,2,4,void,private; static,false,false,true,true
C:\Users\simon\Documents\Code\thesis-code\commons-io-master\src\test\java\org\apache\commons\io\FileUtilsCopyDirectoryToDirectoryTest.java,FileUtilsCopyDirectoryToDirectoryTest.java,FileUtilsCopyDirectoryToDirectoryTest,assertAclEntryList,1,2,void,private,false,false,true,true
C:\Users\simon\Documents\Code\thesis-code\commons-io-master\src\test\java\org\apache\commons\io\FileUtilsCopyDirectoryToDirectoryTest.java,FileUtilsCopyDirectoryToDirectoryTest.java,FileUtilsCopyDirectoryToDirectoryTest,testCopyDirectoryToDirectoryThrowsIllegalArgumentExceptionWithCorrectMessageWhenDstDirIsNotDirectory,6,0,void,,true,true,true,true
C:\Users\simon\Documents\Code\thesis-code\commons-io-master\src\test\java\org\apache\commons\io\FileUtilsCopyDirectoryToDirectoryTest.java,FileUtilsCopyDirectoryToDirectoryTest.java,FileUtilsCopyDirectoryToDirectoryTest,testCopyDirectoryToDirectoryThrowsIllegalExceptionWithCorrectMessageWhenSrcDirIsNotDirectory,1,0,void,,true,true,true,true
C:\Users\simon\Documents\Code\thesis-code\commons-io-master\src\test\java\org\apache\commons\io\FileUtilsCopyDirectoryToDirectoryTest.java,FileUtilsCopyDirectoryToDirectoryTest.java,FileUtilsCopyDirectoryToDirectoryTest,testCopyDirectoryToDirectoryThrowsNullPointerExceptionWithCorrectMessageWhenDstDirIsNull,4,0,void,,true,true,true,true
C:\Users\simon\Documents\Code\thesis-code\commons-io-master\src\test\java\org\apache\commons\io\FileUtilsCopyDirectoryToDirectoryTest.java,FileUtilsCopyDirectoryToDirectoryTest.java,FileUtilsCopyDirectoryToDirectoryTest,testCopyDirectoryToDirectoryThrowsNullPointerExceptionWithCorrectMessageWhenSrcDirIsNull,4,0,void,,true,true,true,true
C:\Users\simon\Documents\Code\thesis-code\commons-io-master\src\test\java\org\apache\commons\io\FileUtilsCopyDirectoryToDirectoryTest.java,FileUtilsCopyDirectoryToDirectoryTest.java,FileUtilsCopyDirectoryToDirectoryTest,testCopyFileAndCheckAcl,1,0,void,,true,true,true,true
C:\Users\simon\Documents\Code\thesis-code\commons-io-master\src\test\java\org\apache\commons\io\FileUtilsCopyToFileTest.java,FileUtilsCopyToFileTest.java,CheckingInputStream,close,2,0,void,public,false,false,true,false
C:\Users\simon\Documents\Code\thesis-code\commons-io-master\src\test\java\org\apache\commons\io\FileUtilsCopyToFileTest.java,FileUtilsCopyToFileTest.java,CheckingInputStream,isClosed,1,0,boolean,public,false,false,true,false
C:\Users\simon\Documents\Code\thesis-code\commons-io-master\src\test\java\org\apache\commons\io\FileUtilsCopyToFileTest.java,FileUtilsCopyToFileTest.java,CheckingInputStream,setUp,3,0,void,public,false,false,true,false
C:\Users\simon\Documents\Code\thesis-code\commons-io-master\src\test\java\org\apache\commons\io\FileUtilsCopyToFileTest.java,FileUtilsCopyToFileTest.java,CheckingInputStream,testCopyInputStreamToFile,1,0,void,,true,true,true,false
C:\Users\simon\Documents\Code\thesis-code\commons-io-master\src\test\java\org\apache\commons\io\FileUtilsCopyToFileTest.java,FileUtilsCopyToFileTest.java,CheckingInputStream,testCopyToFile,1,0,void,,true,true,true,false
C:\Users\simon\Documents\Code\thesis-code\commons-io-master\src\test\java\org\apache\commons\io\FileUtilsDeleteDirectoryLinuxTest.java,FileUtilsDeleteDirectoryLinuxTest.java,FileUtilsDeleteDirectoryLinuxTest,chmod,8,3,boolean,private,false,false,true,true
C:\Users\simon\Documents\Code\thesis-code\commons-io-master\src\test\java\org\apache\commons\io\FileUtilsDeleteDirectoryLinuxTest.java,FileUtilsDeleteDirectoryLinuxTest.java,FileUtilsDeleteDirectoryLinuxTest,setupSymlink,8,2,boolean,protected,false,false,true,true
C:\Users\simon\Documents\Code\thesis-code\commons-io-master\src\test\java\org\apache\commons\io\FileUtilsDeleteDirectoryLinuxTest.java,FileUtilsDeleteDirectoryLinuxTest.java,FileUtilsDeleteDirectoryLinuxTest,testThrowsOnCannotDeleteFile,7,0,void,,true,true,true,true
C:\Users\simon\Documents\Code\thesis-code\commons-io-master\src\test\java\org\apache\commons\io\FileUtilsDeleteDirectoryLinuxTest.java,FileUtilsDeleteDirectoryLinuxTest.java,FileUtilsDeleteDirectoryLinuxTest,testThrowsOnNullList,5,0,void,,true,true,true,true
C:\Users\simon\Documents\Code\thesis-code\commons-io-master\src\test\java\org\apache\commons\io\FileUtilsDeleteDirectoryWindowsTest.java,FileUtilsDeleteDirectoryWindowsTest.java,FileUtilsDeleteDirectoryWindowsTest,setupSymlink,13,2,boolean,protected,false,false,true,true
C:\Users\simon\Documents\Code\thesis-code\commons-io-master\src\test\java\org\apache\commons\io\FileUtilsDirectoryContainsTest.java,FileUtilsDirectoryContainsTest.java,FileUtilsDirectoryContainsTest,setUp,14,0,void,public,false,false,true,true
C:\Users\simon\Documents\Code\thesis-code\commons-io-master\src\test\java\org\apache\commons\io\FileUtilsDirectoryContainsTest.java,FileUtilsDirectoryContainsTest.java,FileUtilsDirectoryContainsTest,testCanonicalPath,4,0,void,,true,true,true,true
C:\Users\simon\Documents\Code\thesis-code\commons-io-master\src\test\java\org\apache\commons\io\FileUtilsDirectoryContainsTest.java,FileUtilsDirectoryContainsTest.java,FileUtilsDirectoryContainsTest,testDirectoryContainsDirectory,4,0,void,,true,true,true,true
C:\Users\simon\Documents\Code\thesis-code\commons-io-master\src\test\java\org\apache\commons\io\FileUtilsDirectoryContainsTest.java,FileUtilsDirectoryContainsTest.java,FileUtilsDirectoryContainsTest,testDirectoryContainsFile,2,0,void,,true,true,true,true
C:\Users\simon\Documents\Code\thesis-code\commons-io-master\src\test\java\org\apache\commons\io\FileUtilsDirectoryContainsTest.java,FileUtilsDirectoryContainsTest.java,FileUtilsDirectoryContainsTest,testDirectoryDoesNotContainFile,4,0,void,,true,true,true,true
C:\Users\simon\Documents\Code\thesis-code\commons-io-master\src\test\java\org\apache\commons\io\FileUtilsDirectoryContainsTest.java,FileUtilsDirectoryContainsTest.java,FileUtilsDirectoryContainsTest,testDirectoryDoesNotContainsDirectory,4,0,void,,true,true,true,true
C:\Users\simon\Documents\Code\thesis-code\commons-io-master\src\test\java\org\apache\commons\io\FileUtilsDirectoryContainsTest.java,FileUtilsDirectoryContainsTest.java,FileUtilsDirectoryContainsTest,testDirectoryDoesNotExist,3,0,void,,true,true,true,true
C:\Users\simon\Documents\Code\thesis-code\commons-io-master\src\test\java\org\apache\commons\io\FileUtilsDirectoryContainsTest.java,FileUtilsDirectoryContainsTest.java,FileUtilsDirectoryContainsTest,testFileDoesNotExist,4,0,void,,true,true,true,true
C:\Users\simon\Documents\Code\thesis-code\commons-io-master\src\test\java\org\apache\commons\io\FileUtilsDirectoryContainsTest.java,FileUtilsDirectoryContainsTest.java,FileUtilsDirectoryContainsTest,testFileDoesNotExistBug,4,0,void,,true,true,true,true
C:\Users\simon\Documents\Code\thesis-code\commons-io-master\src\test\java\org\apache\commons\io\FileUtilsDirectoryContainsTest.java,FileUtilsDirectoryContainsTest.java,FileUtilsDirectoryContainsTest,testFileHavingSamePrefixBug,8,0,void,,true,true,true,true
C:\Users\simon\Documents\Code\thesis-code\commons-io-master\src\test\java\org\apache\commons\io\FileUtilsDirectoryContainsTest.java,FileUtilsDirectoryContainsTest.java,FileUtilsDirectoryContainsTest,testIO466,2,0,void,,true,true,true,true
C:\Users\simon\Documents\Code\thesis-code\commons-io-master\src\test\java\org\apache\commons\io\FileUtilsDirectoryContainsTest.java,FileUtilsDirectoryContainsTest.java,FileUtilsDirectoryContainsTest,testSameFile,1,0,void,,true,true,true,true
C:\Users\simon\Documents\Code\thesis-code\commons-io-master\src\test\java\org\apache\commons\io\FileUtilsDirectoryContainsTest.java,FileUtilsDirectoryContainsTest.java,FileUtilsDirectoryContainsTest,testUnrealizedContainment,5,0,void,,true,true,true,true
C:\Users\simon\Documents\Code\thesis-code\commons-io-master\src\test\java\org\apache\commons\io\FileUtilsFileNewerTest.java,FileUtilsFileNewerTest.java,FileUtilsFileNewerTest,setUp,6,0,void,public,false,false,true,true
C:\Users\simon\Documents\Code\thesis-code\commons-io-master\src\test\java\org\apache\commons\io\FileUtilsFileNewerTest.java,FileUtilsFileNewerTest.java,FileUtilsFileNewerTest,testIsFileNewer,6,0,void,,true,true,true,true
C:\Users\simon\Documents\Code\thesis-code\commons-io-master\src\test\java\org\apache\commons\io\FileUtilsFileNewerTest.java,FileUtilsFileNewerTest.java,FileUtilsFileNewerTest,testIsFileNewer,6,4,void,protected,false,true,true,true
C:\Users\simon\Documents\Code\thesis-code\commons-io-master\src\test\java\org\apache\commons\io\FileUtilsFileNewerTest.java,FileUtilsFileNewerTest.java,FileUtilsFileNewerTest,testIsFileNewerImaginaryFile,3,0,void,,true,true,true,true
C:\Users\simon\Documents\Code\thesis-code\commons-io-master\src\test\java\org\apache\commons\io\FileUtilsFileNewerTest.java,FileUtilsFileNewerTest.java,FileUtilsFileNewerTest,testIsFileNewerNoDate,1,0,void,,true,true,true,true
C:\Users\simon\Documents\Code\thesis-code\commons-io-master\src\test\java\org\apache\commons\io\FileUtilsFileNewerTest.java,FileUtilsFileNewerTest.java,FileUtilsFileNewerTest,testIsFileNewerNoFile,1,0,void,,true,true,true,true
C:\Users\simon\Documents\Code\thesis-code\commons-io-master\src\test\java\org\apache\commons\io\FileUtilsFileNewerTest.java,FileUtilsFileNewerTest.java,FileUtilsFileNewerTest,testIsFileNewerNoFileReference,1,0,void,,true,true,true,true
C:\Users\simon\Documents\Code\thesis-code\commons-io-master\src\test\java\org\apache\commons\io\FileUtilsListFilesTest.java,FileUtilsListFilesTest.java,FileUtilsListFilesTest,setUp,26,0,void,public,false,false,true,true
C:\Users\simon\Documents\Code\thesis-code\commons-io-master\src\test\java\org\apache\commons\io\FileUtilsListFilesTest.java,FileUtilsListFilesTest.java,FileUtilsListFilesTest,testIterateFilesByExtension,6,0,void,,true,true,true,true
C:\Users\simon\Documents\Code\thesis-code\commons-io-master\src\test\java\org\apache\commons\io\FileUtilsListFilesTest.java,FileUtilsListFilesTest.java,FileUtilsListFilesTest,testListFiles,33,0,void,,true,true,true,true
C:\Users\simon\Documents\Code\thesis-code\commons-io-master\src\test\java\org\apache\commons\io\FileUtilsListFilesTest.java,FileUtilsListFilesTest.java,FileUtilsListFilesTest,testListFilesByExtension,29,0,void,,true,true,true,true
C:\Users\simon\Documents\Code\thesis-code\commons-io-master\src\test\java\org\apache\commons\io\FileUtilsListFilesTest.java,FileUtilsListFilesTest.java,FileUtilsListFilesTest,testListFilesMissing,1,0,void,,true,true,true,true
C:\Users\simon\Documents\Code\thesis-code\commons-io-master\src\test\java\org\apache\commons\io\FileUtilsListFilesTest.java,FileUtilsListFilesTest.java,FileUtilsListFilesTest,testListFilesWithDeletionThreaded,10,0,void,,true,true,true,true
C:\Users\simon\Documents\Code\thesis-code\commons-io-master\src\test\java\org\apache\commons\io\FileUtilsListFilesTest.java,FileUtilsListFilesTest.java,FileUtilsListFilesTest,testStreamFilesWithDeletionCollect,8,0,void,,true,true,true,true
C:\Users\simon\Documents\Code\thesis-code\commons-io-master\src\test\java\org\apache\commons\io\FileUtilsListFilesTest.java,FileUtilsListFilesTest.java,FileUtilsListFilesTest,testStreamFilesWithDeletionForEach,8,0,void,,true,true,true,true
C:\Users\simon\Documents\Code\thesis-code\commons-io-master\src\test\java\org\apache\commons\io\FileUtilsListFilesTest.java,FileUtilsListFilesTest.java,FileUtilsListFilesTest,testStreamFilesWithDeletionIterator,8,0,void,,true,true,true,true
C:\Users\simon\Documents\Code\thesis-code\commons-io-master\src\test\java\org\apache\commons\io\FileUtilsListFilesTest.java,FileUtilsListFilesTest.java,FileUtilsListFilesTest,toFileNames,1,1,Collection<String>,private,false,false,true,true
C:\Users\simon\Documents\Code\thesis-code\commons-io-master\src\test\java\org\apache\commons\io\FileUtilsListFilesTest.java,FileUtilsListFilesTest.java,FileUtilsListFilesTest,toFileNames,3,1,Collection<String>,private,false,false,true,true
C:\Users\simon\Documents\Code\thesis-code\commons-io-master\src\test\java\org\apache\commons\io\FileUtilsTest.java,FileUtilsTest.java,ListDirectoryWalker,handleDirectoryStart,1,3,void,protected,false,false,true,false
C:\Users\simon\Documents\Code\thesis-code\commons-io-master\src\test\java\org\apache\commons\io\FileUtilsTest.java,FileUtilsTest.java,ListDirectoryWalker,handleFile,1,3,void,protected,false,false,true,false
C:\Users\simon\Documents\Code\thesis-code\commons-io-master\src\test\java\org\apache\commons\io\FileUtilsTest.java,FileUtilsTest.java,ListDirectoryWalker,list,3,1,List<File>,,false,false,true,false
C:\Users\simon\Documents\Code\thesis-code\commons-io-master\src\test\java\org\apache\commons\io\FileUtilsTest.java,FileUtilsTest.java,ListDirectoryWalker,setDosReadOnly,1,2,void,private; static,false,false,true,false
C:\Users\simon\Documents\Code\thesis-code\commons-io-master\src\test\java\org\apache\commons\io\FileUtilsTest.java,FileUtilsTest.java,ListDirectoryWalker,assertContentMatchesAfterCopyURLToFileFor,2,2,void,private,false,false,true,false
C:\Users\simon\Documents\Code\thesis-code\commons-io-master\src\test\java\org\apache\commons\io\FileUtilsTest.java,FileUtilsTest.java,ListDirectoryWalker,backDateFile10Minutes,4,1,void,private,false,false,true,false
C:\Users\simon\Documents\Code\thesis-code\commons-io-master\src\test\java\org\apache\commons\io\FileUtilsTest.java,FileUtilsTest.java,ListDirectoryWalker,consumeRemaining,1,1,void,private,false,false,true,false
C:\Users\simon\Documents\Code\thesis-code\commons-io-master\src\test\java\org\apache\commons\io\FileUtilsTest.java,FileUtilsTest.java,ListDirectoryWalker,createCircularOsSymbolicLink,1,2,Path,private,false,false,true,false
C:\Users\simon\Documents\Code\thesis-code\commons-io-master\src\test\java\org\apache\commons\io\FileUtilsTest.java,FileUtilsTest.java,ListDirectoryWalker,createCircularSymbolicLink,10,1,void,private,false,false,true,false
C:\Users\simon\Documents\Code\thesis-code\commons-io-master\src\test\java\org\apache\commons\io\FileUtilsTest.java,FileUtilsTest.java,ListDirectoryWalker,createFilesForTestCopyDirectory,18,3,void,private,false,false,true,false
C:\Users\simon\Documents\Code\thesis-code\commons-io-master\src\test\java\org\apache\commons\io\FileUtilsTest.java,FileUtilsTest.java,ListDirectoryWalker,createTempSymbolicLinkedRelativeDir,5,0,"ImmutablePair<Path, Path>",private,false,false,true,false
C:\Users\simon\Documents\Code\thesis-code\commons-io-master\src\test\java\org\apache\commons\io\FileUtilsTest.java,FileUtilsTest.java,ListDirectoryWalker,getFilePathSet,1,1,Set<String>,private,false,false,true,false
C:\Users\simon\Documents\Code\thesis-code\commons-io-master\src\test\java\org\apache\commons\io\FileUtilsTest.java,FileUtilsTest.java,ListDirectoryWalker,getLastModifiedMillis,1,1,long,private,false,false,true,false
C:\Users\simon\Documents\Code\thesis-code\commons-io-master\src\test\java\org\apache\commons\io\FileUtilsTest.java,FileUtilsTest.java,ListDirectoryWalker,getName,1,0,String,private,false,false,true,false
C:\Users\simon\Documents\Code\thesis-code\commons-io-master\src\test\java\org\apache\commons\io\FileUtilsTest.java,FileUtilsTest.java,ListDirectoryWalker,iterateFilesAndDirs,3,4,void,private,false,false,true,false
C:\Users\simon\Documents\Code\thesis-code\commons-io-master\src\test\java\org\apache\commons\io\FileUtilsTest.java,FileUtilsTest.java,ListDirectoryWalker,openOutputStream_noParent,3,1,void,private,false,false,true,false
C:\Users\simon\Documents\Code\thesis-code\commons-io-master\src\test\java\org\apache\commons\io\FileUtilsTest.java,FileUtilsTest.java,ListDirectoryWalker,setLastModifiedMillis,1,2,boolean,private,false,false,true,false
C:\Users\simon\Documents\Code\thesis-code\commons-io-master\src\test\java\org\apache\commons\io\FileUtilsTest.java,FileUtilsTest.java,ListDirectoryWalker,setUp,14,0,void,public,false,false,true,false
C:\Users\simon\Documents\Code\thesis-code\commons-io-master\src\test\java\org\apache\commons\io\FileUtilsTest.java,FileUtilsTest.java,ListDirectoryWalker,testByteCountToDisplaySizeBigInteger,37,0,void,,true,true,true,false
C:\Users\simon\Documents\Code\thesis-code\commons-io-master\src\test\java\org\apache\commons\io\FileUtilsTest.java,FileUtilsTest.java,ListDirectoryWalker,testByteCountToDisplaySizeLong,56,0,void,,true,true,true,false
C:\Users\simon\Documents\Code\thesis-code\commons-io-master\src\test\java\org\apache\commons\io\FileUtilsTest.java,FileUtilsTest.java,ListDirectoryWalker,testByteCountToDisplaySizeNumber,20,0,void,,true,true,true,false
C:\Users\simon\Documents\Code\thesis-code\commons-io-master\src\test\java\org\apache\commons\io\FileUtilsTest.java,FileUtilsTest.java,ListDirectoryWalker,testChecksum,11,0,void,,true,true,true,false
C:\Users\simon\Documents\Code\thesis-code\commons-io-master\src\test\java\org\apache\commons\io\FileUtilsTest.java,FileUtilsTest.java,ListDirectoryWalker,testChecksumCRC32,8,0,void,,true,true,true,false
C:\Users\simon\Documents\Code\thesis-code\commons-io-master\src\test\java\org\apache\commons\io\FileUtilsTest.java,FileUtilsTest.java,ListDirectoryWalker,testChecksumDouble,15,0,void,,true,true,true,false
C:\Users\simon\Documents\Code\thesis-code\commons-io-master\src\test\java\org\apache\commons\io\FileUtilsTest.java,FileUtilsTest.java,ListDirectoryWalker,testChecksumOnDirectory,1,0,void,,true,true,true,false
C:\Users\simon\Documents\Code\thesis-code\commons-io-master\src\test\java\org\apache\commons\io\FileUtilsTest.java,FileUtilsTest.java,ListDirectoryWalker,testChecksumOnNullChecksum,4,0,void,,true,true,true,false
C:\Users\simon\Documents\Code\thesis-code\commons-io-master\src\test\java\org\apache\commons\io\FileUtilsTest.java,FileUtilsTest.java,ListDirectoryWalker,testChecksumOnNullFile,1,0,void,,true,true,true,false
C:\Users\simon\Documents\Code\thesis-code\commons-io-master\src\test\java\org\apache\commons\io\FileUtilsTest.java,FileUtilsTest.java,ListDirectoryWalker,testCompareSizeOf,6,0,void,,true,true,true,false
C:\Users\simon\Documents\Code\thesis-code\commons-io-master\src\test\java\org\apache\commons\io\FileUtilsTest.java,FileUtilsTest.java,ListDirectoryWalker,testContentEquals,26,0,void,,true,true,true,false
C:\Users\simon\Documents\Code\thesis-code\commons-io-master\src\test\java\org\apache\commons\io\FileUtilsTest.java,FileUtilsTest.java,ListDirectoryWalker,testContentEqualsIgnoreEOL,50,0,void,,true,true,true,false
C:\Users\simon\Documents\Code\thesis-code\commons-io-master\src\test\java\org\apache\commons\io\FileUtilsTest.java,FileUtilsTest.java,ListDirectoryWalker,testCopyDir_SymbolicLink,13,0,void,,true,true,true,false
C:\Users\simon\Documents\Code\thesis-code\commons-io-master\src\test\java\org\apache\commons\io\FileUtilsTest.java,FileUtilsTest.java,ListDirectoryWalker,testCopyDir_SymbolicLinkCycle,17,0,void,,true,true,true,false
C:\Users\simon\Documents\Code\thesis-code\commons-io-master\src\test\java\org\apache\commons\io\FileUtilsTest.java,FileUtilsTest.java,ListDirectoryWalker,testCopyDirectory_brokenSymbolicLink,19,0,void,,true,true,true,false
C:\Users\simon\Documents\Code\thesis-code\commons-io-master\src\test\java\org\apache\commons\io\FileUtilsTest.java,FileUtilsTest.java,ListDirectoryWalker,testCopyDirectory_SymbolicLink,16,0,void,,true,true,true,false
C:\Users\simon\Documents\Code\thesis-code\commons-io-master\src\test\java\org\apache\commons\io\FileUtilsTest.java,FileUtilsTest.java,ListDirectoryWalker,testCopyDirectory_SymbolicLinkExternalFile,14,0,void,,true,true,true,false
C:\Users\simon\Documents\Code\thesis-code\commons-io-master\src\test\java\org\apache\commons\io\FileUtilsTest.java,FileUtilsTest.java,ListDirectoryWalker,testCopyDirectoryExceptions,9,0,void,,true,true,true,false
C:\Users\simon\Documents\Code\thesis-code\commons-io-master\src\test\java\org\apache\commons\io\FileUtilsTest.java,FileUtilsTest.java,ListDirectoryWalker,testCopyDirectoryFiltered,12,0,void,,true,true,true,false
C:\Users\simon\Documents\Code\thesis-code\commons-io-master\src\test\java\org\apache\commons\io\FileUtilsTest.java,FileUtilsTest.java,ListDirectoryWalker,testCopyDirectoryPreserveDates,35,0,void,,true,true,true,false
C:\Users\simon\Documents\Code\thesis-code\commons-io-master\src\test\java\org\apache\commons\io\FileUtilsTest.java,FileUtilsTest.java,ListDirectoryWalker,testCopyDirectoryToChild,11,0,void,,true,true,true,false
C:\Users\simon\Documents\Code\thesis-code\commons-io-master\src\test\java\org\apache\commons\io\FileUtilsTest.java,FileUtilsTest.java,ListDirectoryWalker,testCopyDirectoryToDirectory_NonExistingDest,20,0,void,,true,true,true,false
C:\Users\simon\Documents\Code\thesis-code\commons-io-master\src\test\java\org\apache\commons\io\FileUtilsTest.java,FileUtilsTest.java,ListDirectoryWalker,testCopyDirectoryToExistingDest,17,0,void,,true,true,true,false
C:\Users\simon\Documents\Code\thesis-code\commons-io-master\src\test\java\org\apache\commons\io\FileUtilsTest.java,FileUtilsTest.java,ListDirectoryWalker,testCopyDirectoryToGrandChild,10,0,void,,true,true,true,false
C:\Users\simon\Documents\Code\thesis-code\commons-io-master\src\test\java\org\apache\commons\io\FileUtilsTest.java,FileUtilsTest.java,ListDirectoryWalker,testCopyDirectoryToItself,4,0,void,,true,true,true,false
C:\Users\simon\Documents\Code\thesis-code\commons-io-master\src\test\java\org\apache\commons\io\FileUtilsTest.java,FileUtilsTest.java,ListDirectoryWalker,testCopyDirectoryToNonExistingDest,18,0,void,,true,true,true,false
C:\Users\simon\Documents\Code\thesis-code\commons-io-master\src\test\java\org\apache\commons\io\FileUtilsTest.java,FileUtilsTest.java,ListDirectoryWalker,testCopyDirectoryWithPotentialFalsePartialMatch,19,0,void,,true,true,true,false
C:\Users\simon\Documents\Code\thesis-code\commons-io-master\src\test\java\org\apache\commons\io\FileUtilsTest.java,FileUtilsTest.java,ListDirectoryWalker,testCopyFile_SymbolicLink,12,0,void,,true,true,true,false
C:\Users\simon\Documents\Code\thesis-code\commons-io-master\src\test\java\org\apache\commons\io\FileUtilsTest.java,FileUtilsTest.java,ListDirectoryWalker,testCopyFile1,6,0,void,,true,true,true,false
C:\Users\simon\Documents\Code\thesis-code\commons-io-master\src\test\java\org\apache\commons\io\FileUtilsTest.java,FileUtilsTest.java,ListDirectoryWalker,testCopyFile1ToDir,9,0,void,,true,true,true,false
C:\Users\simon\Documents\Code\thesis-code\commons-io-master\src\test\java\org\apache\commons\io\FileUtilsTest.java,FileUtilsTest.java,ListDirectoryWalker,testCopyFile2,6,0,void,,true,true,true,false
C:\Users\simon\Documents\Code\thesis-code\commons-io-master\src\test\java\org\apache\commons\io\FileUtilsTest.java,FileUtilsTest.java,ListDirectoryWalker,testCopyFile2ToDir,8,0,void,,true,true,true,false
C:\Users\simon\Documents\Code\thesis-code\commons-io-master\src\test\java\org\apache\commons\io\FileUtilsTest.java,FileUtilsTest.java,ListDirectoryWalker,testCopyFile2WithoutFileDatePreservation,9,0,void,,true,true,true,false
C:\Users\simon\Documents\Code\thesis-code\commons-io-master\src\test\java\org\apache\commons\io\FileUtilsTest.java,FileUtilsTest.java,ListDirectoryWalker,testCopyFileLarge,7,0,void,,true,true,true,false
C:\Users\simon\Documents\Code\thesis-code\commons-io-master\src\test\java\org\apache\commons\io\FileUtilsTest.java,FileUtilsTest.java,ListDirectoryWalker,testCopyFileToOutputStream,5,0,void,,true,true,true,false
C:\Users\simon\Documents\Code\thesis-code\commons-io-master\src\test\java\org\apache\commons\io\FileUtilsTest.java,FileUtilsTest.java,ListDirectoryWalker,testCopyFileToReadOnlyDirectory,4,0,void,,true,true,true,false
C:\Users\simon\Documents\Code\thesis-code\commons-io-master\src\test\java\org\apache\commons\io\FileUtilsTest.java,FileUtilsTest.java,ListDirectoryWalker,testCopyToDirectoryWithDirectory,16,0,void,,true,true,true,false
C:\Users\simon\Documents\Code\thesis-code\commons-io-master\src\test\java\org\apache\commons\io\FileUtilsTest.java,FileUtilsTest.java,ListDirectoryWalker,testCopyToDirectoryWithFile,6,0,void,,true,true,true,false
C:\Users\simon\Documents\Code\thesis-code\commons-io-master\src\test\java\org\apache\commons\io\FileUtilsTest.java,FileUtilsTest.java,ListDirectoryWalker,testCopyToDirectoryWithFileSourceDoesNotExist,1,0,void,,true,true,true,false
C:\Users\simon\Documents\Code\thesis-code\commons-io-master\src\test\java\org\apache\commons\io\FileUtilsTest.java,FileUtilsTest.java,ListDirectoryWalker,testCopyToDirectoryWithFileSourceIsNull,1,0,void,,true,true,true,false
C:\Users\simon\Documents\Code\thesis-code\commons-io-master\src\test\java\org\apache\commons\io\FileUtilsTest.java,FileUtilsTest.java,ListDirectoryWalker,testCopyToDirectoryWithIterable,12,0,void,,true,true,true,false
C:\Users\simon\Documents\Code\thesis-code\commons-io-master\src\test\java\org\apache\commons\io\FileUtilsTest.java,FileUtilsTest.java,ListDirectoryWalker,testCopyToDirectoryWithIterableSourceDoesNotExist,1,0,void,,true,true,true,false
C:\Users\simon\Documents\Code\thesis-code\commons-io-master\src\test\java\org\apache\commons\io\FileUtilsTest.java,FileUtilsTest.java,ListDirectoryWalker,testCopyToDirectoryWithIterableSourceIsNull,1,0,void,,true,true,true,false
C:\Users\simon\Documents\Code\thesis-code\commons-io-master\src\test\java\org\apache\commons\io\FileUtilsTest.java,FileUtilsTest.java,ListDirectoryWalker,testCopyToSelf,3,0,void,,true,true,true,false
C:\Users\simon\Documents\Code\thesis-code\commons-io-master\src\test\java\org\apache\commons\io\FileUtilsTest.java,FileUtilsTest.java,ListDirectoryWalker,testCopyURLToFile,2,0,void,,true,true,true,false
C:\Users\simon\Documents\Code\thesis-code\commons-io-master\src\test\java\org\apache\commons\io\FileUtilsTest.java,FileUtilsTest.java,ListDirectoryWalker,testCopyURLToFileCreatesParentDirs,2,0,void,,true,true,true,false
C:\Users\simon\Documents\Code\thesis-code\commons-io-master\src\test\java\org\apache\commons\io\FileUtilsTest.java,FileUtilsTest.java,ListDirectoryWalker,testCopyURLToFileReplacesExisting,3,0,void,,true,true,true,false
C:\Users\simon\Documents\Code\thesis-code\commons-io-master\src\test\java\org\apache\commons\io\FileUtilsTest.java,FileUtilsTest.java,ListDirectoryWalker,testCopyURLToFileWithTimeout,4,0,void,,true,true,true,false
C:\Users\simon\Documents\Code\thesis-code\commons-io-master\src\test\java\org\apache\commons\io\FileUtilsTest.java,FileUtilsTest.java,ListDirectoryWalker,testCountFolders1FileSize0,1,0,void,,true,true,true,false
C:\Users\simon\Documents\Code\thesis-code\commons-io-master\src\test\java\org\apache\commons\io\FileUtilsTest.java,FileUtilsTest.java,ListDirectoryWalker,testCountFolders1FileSize1,1,0,void,,true,true,true,false
C:\Users\simon\Documents\Code\thesis-code\commons-io-master\src\test\java\org\apache\commons\io\FileUtilsTest.java,FileUtilsTest.java,ListDirectoryWalker,testCountFolders2FileSize2,1,0,void,,true,true,true,false
C:\Users\simon\Documents\Code\thesis-code\commons-io-master\src\test\java\org\apache\commons\io\FileUtilsTest.java,FileUtilsTest.java,ListDirectoryWalker,testCountFolders2FileSize4,1,0,void,,true,true,true,false
C:\Users\simon\Documents\Code\thesis-code\commons-io-master\src\test\java\org\apache\commons\io\FileUtilsTest.java,FileUtilsTest.java,ListDirectoryWalker,testCreateParentDirectories,2,0,void,,true,true,true,false
C:\Users\simon\Documents\Code\thesis-code\commons-io-master\src\test\java\org\apache\commons\io\FileUtilsTest.java,FileUtilsTest.java,ListDirectoryWalker,testDecodeUrl,6,0,void,,true,true,true,false
C:\Users\simon\Documents\Code\thesis-code\commons-io-master\src\test\java\org\apache\commons\io\FileUtilsTest.java,FileUtilsTest.java,ListDirectoryWalker,testDecodeUrlEncodingUtf8,1,0,void,,true,true,true,false
C:\Users\simon\Documents\Code\thesis-code\commons-io-master\src\test\java\org\apache\commons\io\FileUtilsTest.java,FileUtilsTest.java,ListDirectoryWalker,testDecodeUrlLenient,6,0,void,,true,true,true,false
C:\Users\simon\Documents\Code\thesis-code\commons-io-master\src\test\java\org\apache\commons\io\FileUtilsTest.java,FileUtilsTest.java,ListDirectoryWalker,testDecodeUrlNullSafe,1,0,void,,true,true,true,false
C:\Users\simon\Documents\Code\thesis-code\commons-io-master\src\test\java\org\apache\commons\io\FileUtilsTest.java,FileUtilsTest.java,ListDirectoryWalker,testDelete,2,0,void,,true,true,true,false
C:\Users\simon\Documents\Code\thesis-code\commons-io-master\src\test\java\org\apache\commons\io\FileUtilsTest.java,FileUtilsTest.java,ListDirectoryWalker,testDeleteDirectoryFailsOnFile,1,0,void,,true,true,true,false
C:\Users\simon\Documents\Code\thesis-code\commons-io-master\src\test\java\org\apache\commons\io\FileUtilsTest.java,FileUtilsTest.java,ListDirectoryWalker,testDeleteDirectoryNoopIfAbsent,1,0,void,,true,true,true,false
C:\Users\simon\Documents\Code\thesis-code\commons-io-master\src\test\java\org\apache\commons\io\FileUtilsTest.java,FileUtilsTest.java,ListDirectoryWalker,testDeleteDirectorySymbolicLink,3,0,void,,true,true,true,false
C:\Users\simon\Documents\Code\thesis-code\commons-io-master\src\test\java\org\apache\commons\io\FileUtilsTest.java,FileUtilsTest.java,ListDirectoryWalker,testDeleteDirectorySymbolicLinkAbsent,9,0,void,,true,true,true,false
C:\Users\simon\Documents\Code\thesis-code\commons-io-master\src\test\java\org\apache\commons\io\FileUtilsTest.java,FileUtilsTest.java,ListDirectoryWalker,testDeleteDirectorySymbolicLinkAbsentDeepTarget,13,0,void,,true,true,true,false
C:\Users\simon\Documents\Code\thesis-code\commons-io-master\src\test\java\org\apache\commons\io\FileUtilsTest.java,FileUtilsTest.java,ListDirectoryWalker,testDeleteDirectorySymbolicLinkAbsentTarget,9,0,void,,true,true,true,false
C:\Users\simon\Documents\Code\thesis-code\commons-io-master\src\test\java\org\apache\commons\io\FileUtilsTest.java,FileUtilsTest.java,ListDirectoryWalker,testDeleteQuietlyDir,10,0,void,,true,true,true,false
C:\Users\simon\Documents\Code\thesis-code\commons-io-master\src\test\java\org\apache\commons\io\FileUtilsTest.java,FileUtilsTest.java,ListDirectoryWalker,testDeleteQuietlyFile,6,0,void,,true,true,true,false
C:\Users\simon\Documents\Code\thesis-code\commons-io-master\src\test\java\org\apache\commons\io\FileUtilsTest.java,FileUtilsTest.java,ListDirectoryWalker,testDeleteQuietlyForNull,1,0,void,,true,true,true,false
C:\Users\simon\Documents\Code\thesis-code\commons-io-master\src\test\java\org\apache\commons\io\FileUtilsTest.java,FileUtilsTest.java,ListDirectoryWalker,testDeleteQuietlyNonExistent,3,0,void,,true,true,true,false
C:\Users\simon\Documents\Code\thesis-code\commons-io-master\src\test\java\org\apache\commons\io\FileUtilsTest.java,FileUtilsTest.java,ListDirectoryWalker,testFileUtils,12,0,void,,true,true,true,false
C:\Users\simon\Documents\Code\thesis-code\commons-io-master\src\test\java\org\apache\commons\io\FileUtilsTest.java,FileUtilsTest.java,ListDirectoryWalker,testForceDeleteAFile1,5,0,void,,true,true,true,false
C:\Users\simon\Documents\Code\thesis-code\commons-io-master\src\test\java\org\apache\commons\io\FileUtilsTest.java,FileUtilsTest.java,ListDirectoryWalker,testForceDeleteAFile2,5,0,void,,true,true,true,false
C:\Users\simon\Documents\Code\thesis-code\commons-io-master\src\test\java\org\apache\commons\io\FileUtilsTest.java,FileUtilsTest.java,ListDirectoryWalker,testForceDeleteAFileDoesNotExist,3,0,void,,true,true,true,false
C:\Users\simon\Documents\Code\thesis-code\commons-io-master\src\test\java\org\apache\commons\io\FileUtilsTest.java,FileUtilsTest.java,ListDirectoryWalker,testForceDeleteBrokenSymlink,9,0,void,public,true,true,true,false
C:\Users\simon\Documents\Code\thesis-code\commons-io-master\src\test\java\org\apache\commons\io\FileUtilsTest.java,FileUtilsTest.java,ListDirectoryWalker,testForceDeleteDir,4,0,void,,true,true,true,false
C:\Users\simon\Documents\Code\thesis-code\commons-io-master\src\test\java\org\apache\commons\io\FileUtilsTest.java,FileUtilsTest.java,ListDirectoryWalker,testForceDeleteReadOnlyDirectory,2,0,void,,true,true,true,false
C:\Users\simon\Documents\Code\thesis-code\commons-io-master\src\test\java\org\apache\commons\io\FileUtilsTest.java,FileUtilsTest.java,ListDirectoryWalker,testForceDeleteReadOnlyFile,2,0,void,,true,true,true,false
C:\Users\simon\Documents\Code\thesis-code\commons-io-master\src\test\java\org\apache\commons\io\FileUtilsTest.java,FileUtilsTest.java,ListDirectoryWalker,testForceDeleteSymlink,10,0,void,public,true,true,true,false
C:\Users\simon\Documents\Code\thesis-code\commons-io-master\src\test\java\org\apache\commons\io\FileUtilsTest.java,FileUtilsTest.java,ListDirectoryWalker,testForceDeleteUnwritableDirectory,2,0,void,,true,true,true,false
C:\Users\simon\Documents\Code\thesis-code\commons-io-master\src\test\java\org\apache\commons\io\FileUtilsTest.java,FileUtilsTest.java,ListDirectoryWalker,testForceDeleteUnwritableFile,2,0,void,,true,true,true,false
C:\Users\simon\Documents\Code\thesis-code\commons-io-master\src\test\java\org\apache\commons\io\FileUtilsTest.java,FileUtilsTest.java,ListDirectoryWalker,testForceMkdir,9,0,void,,true,true,true,false
C:\Users\simon\Documents\Code\thesis-code\commons-io-master\src\test\java\org\apache\commons\io\FileUtilsTest.java,FileUtilsTest.java,ListDirectoryWalker,testForceMkdirParent,13,0,void,,true,true,true,false
C:\Users\simon\Documents\Code\thesis-code\commons-io-master\src\test\java\org\apache\commons\io\FileUtilsTest.java,FileUtilsTest.java,ListDirectoryWalker,testGetFile,7,0,void,,true,true,true,false
C:\Users\simon\Documents\Code\thesis-code\commons-io-master\src\test\java\org\apache\commons\io\FileUtilsTest.java,FileUtilsTest.java,ListDirectoryWalker,testGetFile_Parent,9,0,void,,true,true,true,false
C:\Users\simon\Documents\Code\thesis-code\commons-io-master\src\test\java\org\apache\commons\io\FileUtilsTest.java,FileUtilsTest.java,ListDirectoryWalker,testGetTempDirectory,2,0,void,,true,true,true,false
C:\Users\simon\Documents\Code\thesis-code\commons-io-master\src\test\java\org\apache\commons\io\FileUtilsTest.java,FileUtilsTest.java,ListDirectoryWalker,testGetTempDirectoryPath,1,0,void,,true,true,true,false
C:\Users\simon\Documents\Code\thesis-code\commons-io-master\src\test\java\org\apache\commons\io\FileUtilsTest.java,FileUtilsTest.java,ListDirectoryWalker,testGetUserDirectory,2,0,void,,true,true,true,false
C:\Users\simon\Documents\Code\thesis-code\commons-io-master\src\test\java\org\apache\commons\io\FileUtilsTest.java,FileUtilsTest.java,ListDirectoryWalker,testGetUserDirectoryPath,1,0,void,,true,true,true,false
C:\Users\simon\Documents\Code\thesis-code\commons-io-master\src\test\java\org\apache\commons\io\FileUtilsTest.java,FileUtilsTest.java,ListDirectoryWalker,testIO276,6,0,void,,true,true,true,false
C:\Users\simon\Documents\Code\thesis-code\commons-io-master\src\test\java\org\apache\commons\io\FileUtilsTest.java,FileUtilsTest.java,ListDirectoryWalker,testIO300,7,0,void,,true,true,true,false
C:\Users\simon\Documents\Code\thesis-code\commons-io-master\src\test\java\org\apache\commons\io\FileUtilsTest.java,FileUtilsTest.java,ListDirectoryWalker,testIO575,11,0,void,,true,true,true,false
C:\Users\simon\Documents\Code\thesis-code\commons-io-master\src\test\java\org\apache\commons\io\FileUtilsTest.java,FileUtilsTest.java,ListDirectoryWalker,testIsDirectory,6,0,void,,true,true,true,false
C:\Users\simon\Documents\Code\thesis-code\commons-io-master\src\test\java\org\apache\commons\io\FileUtilsTest.java,FileUtilsTest.java,ListDirectoryWalker,testIsEmptyDirectory,2,0,void,,true,true,true,false
C:\Users\simon\Documents\Code\thesis-code\commons-io-master\src\test\java\org\apache\commons\io\FileUtilsTest.java,FileUtilsTest.java,ListDirectoryWalker,testIsFileNewerOlder,96,1,void,,false,true,true,false
C:\Users\simon\Documents\Code\thesis-code\commons-io-master\src\test\java\org\apache\commons\io\FileUtilsTest.java,FileUtilsTest.java,ListDirectoryWalker,testIsRegularFile,5,0,void,,true,true,true,false
C:\Users\simon\Documents\Code\thesis-code\commons-io-master\src\test\java\org\apache\commons\io\FileUtilsTest.java,FileUtilsTest.java,ListDirectoryWalker,testIterateFiles,9,0,void,,true,true,true,false
C:\Users\simon\Documents\Code\thesis-code\commons-io-master\src\test\java\org\apache\commons\io\FileUtilsTest.java,FileUtilsTest.java,ListDirectoryWalker,testIterateFilesAndDirs,22,0,void,,true,true,true,false
C:\Users\simon\Documents\Code\thesis-code\commons-io-master\src\test\java\org\apache\commons\io\FileUtilsTest.java,FileUtilsTest.java,ListDirectoryWalker,testIterateFilesOnlyNoDirs,5,0,void,,true,true,true,false
C:\Users\simon\Documents\Code\thesis-code\commons-io-master\src\test\java\org\apache\commons\io\FileUtilsTest.java,FileUtilsTest.java,ListDirectoryWalker,testListFiles,15,0,void,,true,true,true,false
C:\Users\simon\Documents\Code\thesis-code\commons-io-master\src\test\java\org\apache\commons\io\FileUtilsTest.java,FileUtilsTest.java,ListDirectoryWalker,testListFilesOnlyNoDirs,5,0,void,,true,true,true,false
C:\Users\simon\Documents\Code\thesis-code\commons-io-master\src\test\java\org\apache\commons\io\FileUtilsTest.java,FileUtilsTest.java,ListDirectoryWalker,testListFilesWithDirs,16,0,void,,true,true,true,false
C:\Users\simon\Documents\Code\thesis-code\commons-io-master\src\test\java\org\apache\commons\io\FileUtilsTest.java,FileUtilsTest.java,ListDirectoryWalker,testMoveDirectory_CopyDelete,16,0,void,,true,true,true,false
C:\Users\simon\Documents\Code\thesis-code\commons-io-master\src\test\java\org\apache\commons\io\FileUtilsTest.java,FileUtilsTest.java,ListDirectoryWalker,renameTo,1,1,boolean,public,false,false,true,false
C:\Users\simon\Documents\Code\thesis-code\commons-io-master\src\test\java\org\apache\commons\io\FileUtilsTest.java,FileUtilsTest.java,ListDirectoryWalker,testMoveDirectory_Errors,12,0,void,,true,true,true,false
C:\Users\simon\Documents\Code\thesis-code\commons-io-master\src\test\java\org\apache\commons\io\FileUtilsTest.java,FileUtilsTest.java,ListDirectoryWalker,testMoveDirectoryRename,16,0,void,,true,true,true,false
C:\Users\simon\Documents\Code\thesis-code\commons-io-master\src\test\java\org\apache\commons\io\FileUtilsTest.java,FileUtilsTest.java,ListDirectoryWalker,testMoveDirectoryToDirectory,19,0,void,,true,true,true,false
C:\Users\simon\Documents\Code\thesis-code\commons-io-master\src\test\java\org\apache\commons\io\FileUtilsTest.java,FileUtilsTest.java,ListDirectoryWalker,testMoveDirectoryToDirectoryErrors,11,0,void,,true,true,true,false
C:\Users\simon\Documents\Code\thesis-code\commons-io-master\src\test\java\org\apache\commons\io\FileUtilsTest.java,FileUtilsTest.java,ListDirectoryWalker,testMoveFile_CopyDelete,5,0,void,,true,true,true,false
C:\Users\simon\Documents\Code\thesis-code\commons-io-master\src\test\java\org\apache\commons\io\FileUtilsTest.java,FileUtilsTest.java,ListDirectoryWalker,renameTo,1,1,boolean,public,false,false,true,false
C:\Users\simon\Documents\Code\thesis-code\commons-io-master\src\test\java\org\apache\commons\io\FileUtilsTest.java,FileUtilsTest.java,ListDirectoryWalker,testMoveFile_CopyDelete_Failed,5,0,void,,true,true,true,false
C:\Users\simon\Documents\Code\thesis-code\commons-io-master\src\test\java\org\apache\commons\io\FileUtilsTest.java,FileUtilsTest.java,ListDirectoryWalker,delete,1,0,boolean,public,false,false,true,false
C:\Users\simon\Documents\Code\thesis-code\commons-io-master\src\test\java\org\apache\commons\io\FileUtilsTest.java,FileUtilsTest.java,ListDirectoryWalker,renameTo,1,1,boolean,public,false,false,true,false
C:\Users\simon\Documents\Code\thesis-code\commons-io-master\src\test\java\org\apache\commons\io\FileUtilsTest.java,FileUtilsTest.java,ListDirectoryWalker,testMoveFile_CopyDelete_WithFileDatePreservation,10,0,void,,true,true,true,false
C:\Users\simon\Documents\Code\thesis-code\commons-io-master\src\test\java\org\apache\commons\io\FileUtilsTest.java,FileUtilsTest.java,ListDirectoryWalker,renameTo,1,1,boolean,public,false,false,true,false
C:\Users\simon\Documents\Code\thesis-code\commons-io-master\src\test\java\org\apache\commons\io\FileUtilsTest.java,FileUtilsTest.java,ListDirectoryWalker,testMoveFile_CopyDelete_WithoutFileDatePreservation,9,0,void,,true,true,true,false
C:\Users\simon\Documents\Code\thesis-code\commons-io-master\src\test\java\org\apache\commons\io\FileUtilsTest.java,FileUtilsTest.java,ListDirectoryWalker,renameTo,1,1,boolean,public,false,false,true,false
C:\Users\simon\Documents\Code\thesis-code\commons-io-master\src\test\java\org\apache\commons\io\FileUtilsTest.java,FileUtilsTest.java,ListDirectoryWalker,testMoveFile_Errors,13,0,void,,true,true,true,false
C:\Users\simon\Documents\Code\thesis-code\commons-io-master\src\test\java\org\apache\commons\io\FileUtilsTest.java,FileUtilsTest.java,ListDirectoryWalker,testMoveFile_Rename,4,0,void,,true,true,true,false
C:\Users\simon\Documents\Code\thesis-code\commons-io-master\src\test\java\org\apache\commons\io\FileUtilsTest.java,FileUtilsTest.java,ListDirectoryWalker,testMoveFileToDirectory,7,0,void,,true,true,true,false
C:\Users\simon\Documents\Code\thesis-code\commons-io-master\src\test\java\org\apache\commons\io\FileUtilsTest.java,FileUtilsTest.java,ListDirectoryWalker,testMoveFileToDirectoryErrors,12,0,void,,true,true,true,false
C:\Users\simon\Documents\Code\thesis-code\commons-io-master\src\test\java\org\apache\commons\io\FileUtilsTest.java,FileUtilsTest.java,ListDirectoryWalker,testMoveToDirectory,17,0,void,,true,true,true,false
C:\Users\simon\Documents\Code\thesis-code\commons-io-master\src\test\java\org\apache\commons\io\FileUtilsTest.java,FileUtilsTest.java,ListDirectoryWalker,testMoveToDirectory_Errors,5,0,void,,true,true,true,false
C:\Users\simon\Documents\Code\thesis-code\commons-io-master\src\test\java\org\apache\commons\io\FileUtilsTest.java,FileUtilsTest.java,ListDirectoryWalker,testOpenInputStream_exists,3,0,void,,true,true,true,false
C:\Users\simon\Documents\Code\thesis-code\commons-io-master\src\test\java\org\apache\commons\io\FileUtilsTest.java,FileUtilsTest.java,ListDirectoryWalker,testOpenInputStream_existsButIsDirectory,3,0,void,,true,true,true,false
C:\Users\simon\Documents\Code\thesis-code\commons-io-master\src\test\java\org\apache\commons\io\FileUtilsTest.java,FileUtilsTest.java,ListDirectoryWalker,testOpenInputStream_notExists,2,0,void,,true,true,true,false
C:\Users\simon\Documents\Code\thesis-code\commons-io-master\src\test\java\org\apache\commons\io\FileUtilsTest.java,FileUtilsTest.java,ListDirectoryWalker,testOpenOutputStream_exists,4,0,void,,true,true,true,false
C:\Users\simon\Documents\Code\thesis-code\commons-io-master\src\test\java\org\apache\commons\io\FileUtilsTest.java,FileUtilsTest.java,ListDirectoryWalker,testOpenOutputStream_existsButIsDirectory,3,0,void,,true,true,true,false
C:\Users\simon\Documents\Code\thesis-code\commons-io-master\src\test\java\org\apache\commons\io\FileUtilsTest.java,FileUtilsTest.java,ListDirectoryWalker,testOpenOutputStream_intoExistingSymlinkedDir,4,0,void,,true,true,true,false
C:\Users\simon\Documents\Code\thesis-code\commons-io-master\src\test\java\org\apache\commons\io\FileUtilsTest.java,FileUtilsTest.java,ListDirectoryWalker,testOpenOutputStream_noParentCreateFile,1,0,void,,true,true,true,false
C:\Users\simon\Documents\Code\thesis-code\commons-io-master\src\test\java\org\apache\commons\io\FileUtilsTest.java,FileUtilsTest.java,ListDirectoryWalker,testOpenOutputStream_noParentNoFile,1,0,void,,true,true,true,false
C:\Users\simon\Documents\Code\thesis-code\commons-io-master\src\test\java\org\apache\commons\io\FileUtilsTest.java,FileUtilsTest.java,ListDirectoryWalker,testOpenOutputStream_notExists,3,0,void,,true,true,true,false
C:\Users\simon\Documents\Code\thesis-code\commons-io-master\src\test\java\org\apache\commons\io\FileUtilsTest.java,FileUtilsTest.java,ListDirectoryWalker,testOpenOutputStream_notExistsCannotCreate,3,0,void,,true,true,true,false
C:\Users\simon\Documents\Code\thesis-code\commons-io-master\src\test\java\org\apache\commons\io\FileUtilsTest.java,FileUtilsTest.java,ListDirectoryWalker,testReadFileToByteArray,7,0,void,,true,true,true,false
C:\Users\simon\Documents\Code\thesis-code\commons-io-master\src\test\java\org\apache\commons\io\FileUtilsTest.java,FileUtilsTest.java,ListDirectoryWalker,testReadFileToByteArray_Errors,3,0,void,,true,true,true,false
C:\Users\simon\Documents\Code\thesis-code\commons-io-master\src\test\java\org\apache\commons\io\FileUtilsTest.java,FileUtilsTest.java,ListDirectoryWalker,testReadFileToByteArray_IOExceptionOnPosixFileSystem,4,0,void,,true,true,true,false
C:\Users\simon\Documents\Code\thesis-code\commons-io-master\src\test\java\org\apache\commons\io\FileUtilsTest.java,FileUtilsTest.java,ListDirectoryWalker,testReadFileToString_Errors,4,0,void,,true,true,true,false
C:\Users\simon\Documents\Code\thesis-code\commons-io-master\src\test\java\org\apache\commons\io\FileUtilsTest.java,FileUtilsTest.java,ListDirectoryWalker,testReadFileToString_IOExceptionOnPosixFileSystem,4,0,void,,true,true,true,false
C:\Users\simon\Documents\Code\thesis-code\commons-io-master\src\test\java\org\apache\commons\io\FileUtilsTest.java,FileUtilsTest.java,ListDirectoryWalker,testReadFileToStringWithDefaultEncoding,4,0,void,,true,true,true,false
C:\Users\simon\Documents\Code\thesis-code\commons-io-master\src\test\java\org\apache\commons\io\FileUtilsTest.java,FileUtilsTest.java,ListDirectoryWalker,testReadFileToStringWithEncoding,5,0,void,,true,true,true,false
C:\Users\simon\Documents\Code\thesis-code\commons-io-master\src\test\java\org\apache\commons\io\FileUtilsTest.java,FileUtilsTest.java,ListDirectoryWalker,testReadLines_IOExceptionOnPosixFileSystem,4,0,void,,true,true,true,false
C:\Users\simon\Documents\Code\thesis-code\commons-io-master\src\test\java\org\apache\commons\io\FileUtilsTest.java,FileUtilsTest.java,ListDirectoryWalker,testReadLinesDefaults,9,0,void,,true,true,true,false
C:\Users\simon\Documents\Code\thesis-code\commons-io-master\src\test\java\org\apache\commons\io\FileUtilsTest.java,FileUtilsTest.java,ListDirectoryWalker,testReadLinesErrors,4,0,void,,true,true,true,false
C:\Users\simon\Documents\Code\thesis-code\commons-io-master\src\test\java\org\apache\commons\io\FileUtilsTest.java,FileUtilsTest.java,ListDirectoryWalker,testReadLinesUTF8,5,0,void,,true,true,true,false
C:\Users\simon\Documents\Code\thesis-code\commons-io-master\src\test\java\org\apache\commons\io\FileUtilsTest.java,FileUtilsTest.java,ListDirectoryWalker,testSizeOf,8,0,void,,true,true,true,false
C:\Users\simon\Documents\Code\thesis-code\commons-io-master\src\test\java\org\apache\commons\io\FileUtilsTest.java,FileUtilsTest.java,ListDirectoryWalker,testSizeOfAsBigInteger,8,0,void,,true,true,true,false
C:\Users\simon\Documents\Code\thesis-code\commons-io-master\src\test\java\org\apache\commons\io\FileUtilsTest.java,FileUtilsTest.java,ListDirectoryWalker,testSizeOfDirectory,9,0,void,,true,true,true,false
C:\Users\simon\Documents\Code\thesis-code\commons-io-master\src\test\java\org\apache\commons\io\FileUtilsTest.java,FileUtilsTest.java,ListDirectoryWalker,testSizeOfDirectoryAsBigInteger,18,0,void,,true,true,true,false
C:\Users\simon\Documents\Code\thesis-code\commons-io-master\src\test\java\org\apache\commons\io\FileUtilsTest.java,FileUtilsTest.java,ListDirectoryWalker,testToFile1,3,0,void,,true,true,true,false
C:\Users\simon\Documents\Code\thesis-code\commons-io-master\src\test\java\org\apache\commons\io\FileUtilsTest.java,FileUtilsTest.java,ListDirectoryWalker,testToFile2,3,0,void,,true,true,true,false
C:\Users\simon\Documents\Code\thesis-code\commons-io-master\src\test\java\org\apache\commons\io\FileUtilsTest.java,FileUtilsTest.java,ListDirectoryWalker,testToFile3,2,0,void,,true,true,true,false
C:\Users\simon\Documents\Code\thesis-code\commons-io-master\src\test\java\org\apache\commons\io\FileUtilsTest.java,FileUtilsTest.java,ListDirectoryWalker,testToFile4,3,0,void,,true,true,true,false
C:\Users\simon\Documents\Code\thesis-code\commons-io-master\src\test\java\org\apache\commons\io\FileUtilsTest.java,FileUtilsTest.java,ListDirectoryWalker,testToFile5,3,0,void,,true,true,true,false
C:\Users\simon\Documents\Code\thesis-code\commons-io-master\src\test\java\org\apache\commons\io\FileUtilsTest.java,FileUtilsTest.java,ListDirectoryWalker,testToFiles1,5,0,void,,true,true,true,false
C:\Users\simon\Documents\Code\thesis-code\commons-io-master\src\test\java\org\apache\commons\io\FileUtilsTest.java,FileUtilsTest.java,ListDirectoryWalker,testToFiles2,5,0,void,,true,true,true,false
C:\Users\simon\Documents\Code\thesis-code\commons-io-master\src\test\java\org\apache\commons\io\FileUtilsTest.java,FileUtilsTest.java,ListDirectoryWalker,testToFiles3,3,0,void,,true,true,true,false
C:\Users\simon\Documents\Code\thesis-code\commons-io-master\src\test\java\org\apache\commons\io\FileUtilsTest.java,FileUtilsTest.java,ListDirectoryWalker,testToFiles3a,3,0,void,,true,true,true,false
C:\Users\simon\Documents\Code\thesis-code\commons-io-master\src\test\java\org\apache\commons\io\FileUtilsTest.java,FileUtilsTest.java,ListDirectoryWalker,testToFiles4,2,0,void,,true,true,true,false
C:\Users\simon\Documents\Code\thesis-code\commons-io-master\src\test\java\org\apache\commons\io\FileUtilsTest.java,FileUtilsTest.java,ListDirectoryWalker,testToFileUtf8,3,0,void,,true,true,true,false
C:\Users\simon\Documents\Code\thesis-code\commons-io-master\src\test\java\org\apache\commons\io\FileUtilsTest.java,FileUtilsTest.java,ListDirectoryWalker,testTouch,19,0,void,,true,true,true,false
C:\Users\simon\Documents\Code\thesis-code\commons-io-master\src\test\java\org\apache\commons\io\FileUtilsTest.java,FileUtilsTest.java,ListDirectoryWalker,testTouchDirDoesNotExist,9,0,void,,true,true,true,false
C:\Users\simon\Documents\Code\thesis-code\commons-io-master\src\test\java\org\apache\commons\io\FileUtilsTest.java,FileUtilsTest.java,ListDirectoryWalker,testToURLs1,9,0,void,,true,true,true,false
C:\Users\simon\Documents\Code\thesis-code\commons-io-master\src\test\java\org\apache\commons\io\FileUtilsTest.java,FileUtilsTest.java,ListDirectoryWalker,testToURLs2,2,0,void,,true,true,true,false
C:\Users\simon\Documents\Code\thesis-code\commons-io-master\src\test\java\org\apache\commons\io\FileUtilsTest.java,FileUtilsTest.java,ListDirectoryWalker,testToURLs3,2,0,void,,true,true,true,false
C:\Users\simon\Documents\Code\thesis-code\commons-io-master\src\test\java\org\apache\commons\io\FileUtilsTest.java,FileUtilsTest.java,ListDirectoryWalker,testToURLs3a,3,0,void,,true,true,true,false
C:\Users\simon\Documents\Code\thesis-code\commons-io-master\src\test\java\org\apache\commons\io\FileUtilsTest.java,FileUtilsTest.java,ListDirectoryWalker,testWrite_WithAppendOptionFalse_ShouldDeletePreviousFileLines,6,0,void,,true,true,true,false
C:\Users\simon\Documents\Code\thesis-code\commons-io-master\src\test\java\org\apache\commons\io\FileUtilsTest.java,FileUtilsTest.java,ListDirectoryWalker,testWrite_WithAppendOptionTrue_ShouldNotDeletePreviousFileLines,6,0,void,,true,true,true,false
C:\Users\simon\Documents\Code\thesis-code\commons-io-master\src\test\java\org\apache\commons\io\FileUtilsTest.java,FileUtilsTest.java,ListDirectoryWalker,testWriteByteArrayToFile,4,0,void,,true,true,true,false
C:\Users\simon\Documents\Code\thesis-code\commons-io-master\src\test\java\org\apache\commons\io\FileUtilsTest.java,FileUtilsTest.java,ListDirectoryWalker,testWriteByteArrayToFile_WithAppendOptionFalse_ShouldDeletePreviousFileLines,6,0,void,,true,true,true,false
C:\Users\simon\Documents\Code\thesis-code\commons-io-master\src\test\java\org\apache\commons\io\FileUtilsTest.java,FileUtilsTest.java,ListDirectoryWalker,testWriteByteArrayToFile_WithAppendOptionTrue_ShouldNotDeletePreviousFileLines,6,0,void,,true,true,true,false
C:\Users\simon\Documents\Code\thesis-code\commons-io-master\src\test\java\org\apache\commons\io\FileUtilsTest.java,FileUtilsTest.java,ListDirectoryWalker,testWriteByteArrayToFile_WithOffsetAndLength,6,0,void,,true,true,true,false
C:\Users\simon\Documents\Code\thesis-code\commons-io-master\src\test\java\org\apache\commons\io\FileUtilsTest.java,FileUtilsTest.java,ListDirectoryWalker,testWriteByteArrayToFile_WithOffsetAndLength_WithAppendOptionTrue_ShouldDeletePreviousFileLines,7,0,void,,true,true,true,false
C:\Users\simon\Documents\Code\thesis-code\commons-io-master\src\test\java\org\apache\commons\io\FileUtilsTest.java,FileUtilsTest.java,ListDirectoryWalker,testWriteByteArrayToFile_WithOffsetAndLength_WithAppendOptionTrue_ShouldNotDeletePreviousFileLines,7,0,void,,true,true,true,false
C:\Users\simon\Documents\Code\thesis-code\commons-io-master\src\test\java\org\apache\commons\io\FileUtilsTest.java,FileUtilsTest.java,ListDirectoryWalker,testWriteCharSequence1,4,0,void,,true,true,true,false
C:\Users\simon\Documents\Code\thesis-code\commons-io-master\src\test\java\org\apache\commons\io\FileUtilsTest.java,FileUtilsTest.java,ListDirectoryWalker,testWriteCharSequence2,4,0,void,,true,true,true,false
C:\Users\simon\Documents\Code\thesis-code\commons-io-master\src\test\java\org\apache\commons\io\FileUtilsTest.java,FileUtilsTest.java,ListDirectoryWalker,testWriteLines_3arg_nullSeparator,7,0,void,,true,true,true,false
C:\Users\simon\Documents\Code\thesis-code\commons-io-master\src\test\java\org\apache\commons\io\FileUtilsTest.java,FileUtilsTest.java,ListDirectoryWalker,testWriteLines_3argsWithAppendOptionFalse_ShouldDeletePreviousFileLines,7,0,void,,true,true,true,false
C:\Users\simon\Documents\Code\thesis-code\commons-io-master\src\test\java\org\apache\commons\io\FileUtilsTest.java,FileUtilsTest.java,ListDirectoryWalker,testWriteLines_3argsWithAppendOptionTrue_ShouldNotDeletePreviousFileLines,7,0,void,,true,true,true,false
C:\Users\simon\Documents\Code\thesis-code\commons-io-master\src\test\java\org\apache\commons\io\FileUtilsTest.java,FileUtilsTest.java,ListDirectoryWalker,testWriteLines_4arg,7,0,void,,true,true,true,false
C:\Users\simon\Documents\Code\thesis-code\commons-io-master\src\test\java\org\apache\commons\io\FileUtilsTest.java,FileUtilsTest.java,ListDirectoryWalker,testWriteLines_4arg_nullSeparator,7,0,void,,true,true,true,false
C:\Users\simon\Documents\Code\thesis-code\commons-io-master\src\test\java\org\apache\commons\io\FileUtilsTest.java,FileUtilsTest.java,ListDirectoryWalker,testWriteLines_4arg_Writer_nullData,3,0,void,,true,true,true,false
C:\Users\simon\Documents\Code\thesis-code\commons-io-master\src\test\java\org\apache\commons\io\FileUtilsTest.java,FileUtilsTest.java,ListDirectoryWalker,testWriteLines_4argsWithAppendOptionFalse_ShouldDeletePreviousFileLines,7,0,void,,true,true,true,false
C:\Users\simon\Documents\Code\thesis-code\commons-io-master\src\test\java\org\apache\commons\io\FileUtilsTest.java,FileUtilsTest.java,ListDirectoryWalker,testWriteLines_4argsWithAppendOptionTrue_ShouldNotDeletePreviousFileLines,7,0,void,,true,true,true,false
C:\Users\simon\Documents\Code\thesis-code\commons-io-master\src\test\java\org\apache\commons\io\FileUtilsTest.java,FileUtilsTest.java,ListDirectoryWalker,testWriteLines_5argsWithAppendOptionFalse_ShouldDeletePreviousFileLines,7,0,void,,true,true,true,false
C:\Users\simon\Documents\Code\thesis-code\commons-io-master\src\test\java\org\apache\commons\io\FileUtilsTest.java,FileUtilsTest.java,ListDirectoryWalker,testWriteLines_5argsWithAppendOptionTrue_ShouldNotDeletePreviousFileLines,7,0,void,,true,true,true,false
C:\Users\simon\Documents\Code\thesis-code\commons-io-master\src\test\java\org\apache\commons\io\FileUtilsTest.java,FileUtilsTest.java,ListDirectoryWalker,testWriteLinesEncoding_WithAppendOptionFalse_ShouldDeletePreviousFileLines,7,0,void,,true,true,true,false
C:\Users\simon\Documents\Code\thesis-code\commons-io-master\src\test\java\org\apache\commons\io\FileUtilsTest.java,FileUtilsTest.java,ListDirectoryWalker,testWriteLinesEncoding_WithAppendOptionTrue_ShouldNotDeletePreviousFileLines,7,0,void,,true,true,true,false
C:\Users\simon\Documents\Code\thesis-code\commons-io-master\src\test\java\org\apache\commons\io\FileUtilsTest.java,FileUtilsTest.java,ListDirectoryWalker,testWriteStringToFile_WithAppendOptionFalse_ShouldDeletePreviousFileLines,6,0,void,,true,true,true,false
C:\Users\simon\Documents\Code\thesis-code\commons-io-master\src\test\java\org\apache\commons\io\FileUtilsTest.java,FileUtilsTest.java,ListDirectoryWalker,testWriteStringToFile_WithAppendOptionTrue_ShouldNotDeletePreviousFileLines,6,0,void,,true,true,true,false
C:\Users\simon\Documents\Code\thesis-code\commons-io-master\src\test\java\org\apache\commons\io\FileUtilsTest.java,FileUtilsTest.java,ListDirectoryWalker,testWriteStringToFileIntoNonExistentSubdir,4,0,void,,true,true,true,false
C:\Users\simon\Documents\Code\thesis-code\commons-io-master\src\test\java\org\apache\commons\io\FileUtilsTest.java,FileUtilsTest.java,ListDirectoryWalker,testWriteStringToFileIntoSymlinkedDir,5,0,void,,true,true,true,false
C:\Users\simon\Documents\Code\thesis-code\commons-io-master\src\test\java\org\apache\commons\io\FileUtilsTest.java,FileUtilsTest.java,ListDirectoryWalker,testWriteStringToFileWithCharset,4,0,void,,true,true,true,false
C:\Users\simon\Documents\Code\thesis-code\commons-io-master\src\test\java\org\apache\commons\io\FileUtilsTest.java,FileUtilsTest.java,ListDirectoryWalker,testWriteStringToFileWithEncoding_WithAppendOptionFalse_ShouldDeletePreviousFileLines,6,0,void,,true,true,true,false
C:\Users\simon\Documents\Code\thesis-code\commons-io-master\src\test\java\org\apache\commons\io\FileUtilsTest.java,FileUtilsTest.java,ListDirectoryWalker,testWriteStringToFileWithEncoding_WithAppendOptionTrue_ShouldNotDeletePreviousFileLines,6,0,void,,true,true,true,false
C:\Users\simon\Documents\Code\thesis-code\commons-io-master\src\test\java\org\apache\commons\io\FileUtilsTest.java,FileUtilsTest.java,ListDirectoryWalker,testWriteStringToFileWithNullCharset,4,0,void,,true,true,true,false
C:\Users\simon\Documents\Code\thesis-code\commons-io-master\src\test\java\org\apache\commons\io\FileUtilsTest.java,FileUtilsTest.java,ListDirectoryWalker,testWriteStringToFileWithNullStringCharset,4,0,void,,true,true,true,false
C:\Users\simon\Documents\Code\thesis-code\commons-io-master\src\test\java\org\apache\commons\io\FileUtilsTest.java,FileUtilsTest.java,ListDirectoryWalker,testWriteWithEncoding_WithAppendOptionFalse_ShouldDeletePreviousFileLines,6,0,void,,true,true,true,false
C:\Users\simon\Documents\Code\thesis-code\commons-io-master\src\test\java\org\apache\commons\io\FileUtilsTest.java,FileUtilsTest.java,ListDirectoryWalker,testWriteWithEncoding_WithAppendOptionTrue_ShouldNotDeletePreviousFileLines,6,0,void,,true,true,true,false
C:\Users\simon\Documents\Code\thesis-code\commons-io-master\src\test\java\org\apache\commons\io\FileUtilsWaitForTest.java,FileUtilsWaitForTest.java,FileUtilsWaitForTest,testIO_488,11,0,void,,true,true,true,true
C:\Users\simon\Documents\Code\thesis-code\commons-io-master\src\test\java\org\apache\commons\io\FileUtilsWaitForTest.java,FileUtilsWaitForTest.java,FileUtilsWaitForTest,testWaitFor0,1,0,void,,true,true,true,true
C:\Users\simon\Documents\Code\thesis-code\commons-io-master\src\test\java\org\apache\commons\io\FileUtilsWaitForTest.java,FileUtilsWaitForTest.java,FileUtilsWaitForTest,testWaitFor0Absent,1,0,void,,true,true,true,true
C:\Users\simon\Documents\Code\thesis-code\commons-io-master\src\test\java\org\apache\commons\io\FileUtilsWaitForTest.java,FileUtilsWaitForTest.java,FileUtilsWaitForTest,testWaitFor10,1,0,void,,true,true,true,true
C:\Users\simon\Documents\Code\thesis-code\commons-io-master\src\test\java\org\apache\commons\io\FileUtilsWaitForTest.java,FileUtilsWaitForTest.java,FileUtilsWaitForTest,testWaitFor100,1,0,void,,true,true,true,true
C:\Users\simon\Documents\Code\thesis-code\commons-io-master\src\test\java\org\apache\commons\io\FileUtilsWaitForTest.java,FileUtilsWaitForTest.java,FileUtilsWaitForTest,testWaitFor5Absent,4,0,void,,true,true,true,true
C:\Users\simon\Documents\Code\thesis-code\commons-io-master\src\test\java\org\apache\commons\io\FileUtilsWaitForTest.java,FileUtilsWaitForTest.java,FileUtilsWaitForTest,testWaitForNegativeDuration,1,0,void,,true,true,true,true
C:\Users\simon\Documents\Code\thesis-code\commons-io-master\src\test\java\org\apache\commons\io\FileUtilsWaitForTest.java,FileUtilsWaitForTest.java,FileUtilsWaitForTest,testWaitForNegativeDurationAbsent,1,0,void,,true,true,true,true
C:\Users\simon\Documents\Code\thesis-code\commons-io-master\src\test\java\org\apache\commons\io\function\EraseTest.java,EraseTest.java,EraseTest,testAcceptIOBiConsumerOfTUTU,4,0,void,,true,true,true,true
C:\Users\simon\Documents\Code\thesis-code\commons-io-master\src\test\java\org\apache\commons\io\function\EraseTest.java,EraseTest.java,EraseTest,testAcceptIOConsumerOfTT,3,0,void,,true,true,true,true
C:\Users\simon\Documents\Code\thesis-code\commons-io-master\src\test\java\org\apache\commons\io\function\EraseTest.java,EraseTest.java,EraseTest,testApplyIOBiFunctionOfQsuperTQsuperUQextendsRTU,2,0,void,,true,true,true,true
C:\Users\simon\Documents\Code\thesis-code\commons-io-master\src\test\java\org\apache\commons\io\function\EraseTest.java,EraseTest.java,EraseTest,testApplyIOFunctionOfQsuperTQextendsRT,2,0,void,,true,true,true,true
C:\Users\simon\Documents\Code\thesis-code\commons-io-master\src\test\java\org\apache\commons\io\function\EraseTest.java,EraseTest.java,EraseTest,testCompare,4,0,void,,true,true,true,true
C:\Users\simon\Documents\Code\thesis-code\commons-io-master\src\test\java\org\apache\commons\io\function\EraseTest.java,EraseTest.java,EraseTest,testGet,2,0,void,,true,true,true,true
C:\Users\simon\Documents\Code\thesis-code\commons-io-master\src\test\java\org\apache\commons\io\function\EraseTest.java,EraseTest.java,EraseTest,testRethrow,1,0,void,,true,true,true,true
C:\Users\simon\Documents\Code\thesis-code\commons-io-master\src\test\java\org\apache\commons\io\function\EraseTest.java,EraseTest.java,EraseTest,testRun,3,0,void,,true,true,true,true
C:\Users\simon\Documents\Code\thesis-code\commons-io-master\src\test\java\org\apache\commons\io\function\EraseTest.java,EraseTest.java,EraseTest,testTest,2,0,void,,true,true,true,true
C:\Users\simon\Documents\Code\thesis-code\commons-io-master\src\test\java\org\apache\commons\io\function\IOBaseStreamTest.java,IOBaseStreamTest.java,MyRuntimeException,unwrap,1,0,B,public,false,false,true,false
C:\Users\simon\Documents\Code\thesis-code\commons-io-master\src\test\java\org\apache\commons\io\function\IOBaseStreamTest.java,IOBaseStreamTest.java,MyRuntimeException,wrap,1,1,S,public,false,false,true,false
C:\Users\simon\Documents\Code\thesis-code\commons-io-master\src\test\java\org\apache\commons\io\function\IOBaseStreamTest.java,IOBaseStreamTest.java,MyRuntimeException,wrap,1,1,IOBaseStreamPathFixture<B>,public,false,false,true,false
C:\Users\simon\Documents\Code\thesis-code\commons-io-master\src\test\java\org\apache\commons\io\function\IOBaseStreamTest.java,IOBaseStreamTest.java,MyRuntimeException,beforeEach,4,0,void,public,false,false,true,false
C:\Users\simon\Documents\Code\thesis-code\commons-io-master\src\test\java\org\apache\commons\io\function\IOBaseStreamTest.java,IOBaseStreamTest.java,MyRuntimeException,createIOBaseStream,1,0,"IOBaseStreamFixture<Path, ?, Stream<Path>>",private,false,false,true,false
C:\Users\simon\Documents\Code\thesis-code\commons-io-master\src\test\java\org\apache\commons\io\function\IOBaseStreamTest.java,IOBaseStreamTest.java,MyRuntimeException,createIOBaseStreamAdapter,1,0,IOStream<Path>,private,false,false,true,false
C:\Users\simon\Documents\Code\thesis-code\commons-io-master\src\test\java\org\apache\commons\io\function\IOBaseStreamTest.java,IOBaseStreamTest.java,MyRuntimeException,createIOBaseStreamPath,1,0,IOBaseStreamPathFixture<Stream<Path>>,private,false,false,true,false
C:\Users\simon\Documents\Code\thesis-code\commons-io-master\src\test\java\org\apache\commons\io\function\IOBaseStreamTest.java,IOBaseStreamTest.java,MyRuntimeException,createStreamOfPaths,1,0,Stream<Path>,private,false,false,true,false
C:\Users\simon\Documents\Code\thesis-code\commons-io-master\src\test\java\org\apache\commons\io\function\IOBaseStreamTest.java,IOBaseStreamTest.java,MyRuntimeException,testClose,5,0,void,,true,true,true,false
C:\Users\simon\Documents\Code\thesis-code\commons-io-master\src\test\java\org\apache\commons\io\function\IOBaseStreamTest.java,IOBaseStreamTest.java,MyRuntimeException,testIsParallel,5,0,void,,true,true,true,false
C:\Users\simon\Documents\Code\thesis-code\commons-io-master\src\test\java\org\apache\commons\io\function\IOBaseStreamTest.java,IOBaseStreamTest.java,MyRuntimeException,testIteratorPathIO,5,0,void,,true,true,true,false
C:\Users\simon\Documents\Code\thesis-code\commons-io-master\src\test\java\org\apache\commons\io\function\IOBaseStreamTest.java,IOBaseStreamTest.java,MyRuntimeException,testIteratorSimple,7,0,void,,true,true,true,false
C:\Users\simon\Documents\Code\thesis-code\commons-io-master\src\test\java\org\apache\commons\io\function\IOBaseStreamTest.java,IOBaseStreamTest.java,MyRuntimeException,testOnClose,3,0,void,,true,true,true,false
C:\Users\simon\Documents\Code\thesis-code\commons-io-master\src\test\java\org\apache\commons\io\function\IOBaseStreamTest.java,IOBaseStreamTest.java,MyRuntimeException,testOnClose,14,1,void,private,false,true,true,false
C:\Users\simon\Documents\Code\thesis-code\commons-io-master\src\test\java\org\apache\commons\io\function\IOBaseStreamTest.java,IOBaseStreamTest.java,MyRuntimeException,testParallel,9,0,void,,true,true,true,false
C:\Users\simon\Documents\Code\thesis-code\commons-io-master\src\test\java\org\apache\commons\io\function\IOBaseStreamTest.java,IOBaseStreamTest.java,MyRuntimeException,testParallelParallel,4,0,void,,true,true,true,false
C:\Users\simon\Documents\Code\thesis-code\commons-io-master\src\test\java\org\apache\commons\io\function\IOBaseStreamTest.java,IOBaseStreamTest.java,MyRuntimeException,testParallelParallel,7,1,void,private,false,true,true,false
C:\Users\simon\Documents\Code\thesis-code\commons-io-master\src\test\java\org\apache\commons\io\function\IOBaseStreamTest.java,IOBaseStreamTest.java,MyRuntimeException,testParallelParallel,7,1,void,private,false,true,true,false
C:\Users\simon\Documents\Code\thesis-code\commons-io-master\src\test\java\org\apache\commons\io\function\IOBaseStreamTest.java,IOBaseStreamTest.java,MyRuntimeException,testSequential,7,0,void,,true,true,true,false
C:\Users\simon\Documents\Code\thesis-code\commons-io-master\src\test\java\org\apache\commons\io\function\IOBaseStreamTest.java,IOBaseStreamTest.java,MyRuntimeException,testSequentialSequential,3,0,void,,true,true,true,false
C:\Users\simon\Documents\Code\thesis-code\commons-io-master\src\test\java\org\apache\commons\io\function\IOBaseStreamTest.java,IOBaseStreamTest.java,MyRuntimeException,testSequentialSequential,7,1,void,private,false,true,true,false
C:\Users\simon\Documents\Code\thesis-code\commons-io-master\src\test\java\org\apache\commons\io\function\IOBaseStreamTest.java,IOBaseStreamTest.java,MyRuntimeException,testSequentialSequential,7,1,void,private,false,true,true,false
C:\Users\simon\Documents\Code\thesis-code\commons-io-master\src\test\java\org\apache\commons\io\function\IOBaseStreamTest.java,IOBaseStreamTest.java,MyRuntimeException,testSpliterator,7,0,void,,true,true,true,false
C:\Users\simon\Documents\Code\thesis-code\commons-io-master\src\test\java\org\apache\commons\io\function\IOBaseStreamTest.java,IOBaseStreamTest.java,MyRuntimeException,testUnordered,7,0,void,,true,true,true,false
C:\Users\simon\Documents\Code\thesis-code\commons-io-master\src\test\java\org\apache\commons\io\function\IOBaseStreamTest.java,IOBaseStreamTest.java,MyRuntimeException,testUnwrap,7,0,void,,true,true,true,false
C:\Users\simon\Documents\Code\thesis-code\commons-io-master\src\test\java\org\apache\commons\io\function\IOBaseStreamTest.java,IOBaseStreamTest.java,MyRuntimeException,testWrap,4,0,void,,true,true,true,false
C:\Users\simon\Documents\Code\thesis-code\commons-io-master\src\test\java\org\apache\commons\io\function\IOBiConsumerTest.java,IOBiConsumerTest.java,IOBiConsumerTest,testAccept,4,0,void,,true,true,true,true
C:\Users\simon\Documents\Code\thesis-code\commons-io-master\src\test\java\org\apache\commons\io\function\IOBiConsumerTest.java,IOBiConsumerTest.java,IOBiConsumerTest,testAndThen,5,0,void,,true,true,true,true
C:\Users\simon\Documents\Code\thesis-code\commons-io-master\src\test\java\org\apache\commons\io\function\IOBiConsumerTest.java,IOBiConsumerTest.java,IOBiConsumerTest,testAsBiConsumer,7,0,void,,true,true,true,true
C:\Users\simon\Documents\Code\thesis-code\commons-io-master\src\test\java\org\apache\commons\io\function\IOBiConsumerTest.java,IOBiConsumerTest.java,IOBiConsumerTest,testNoopIOConsumer,1,0,void,,true,true,true,true
C:\Users\simon\Documents\Code\thesis-code\commons-io-master\src\test\java\org\apache\commons\io\function\IOBiFunctionTest.java,IOBiFunctionTest.java,IOBiFunctionTest,not,1,1,boolean,private,false,false,true,true
C:\Users\simon\Documents\Code\thesis-code\commons-io-master\src\test\java\org\apache\commons\io\function\IOBiFunctionTest.java,IOBiFunctionTest.java,IOBiFunctionTest,testAndThenIOFunction,5,0,void,,true,true,true,true
C:\Users\simon\Documents\Code\thesis-code\commons-io-master\src\test\java\org\apache\commons\io\function\IOBiFunctionTest.java,IOBiFunctionTest.java,IOBiFunctionTest,testApply,2,0,void,,true,true,true,true
C:\Users\simon\Documents\Code\thesis-code\commons-io-master\src\test\java\org\apache\commons\io\function\IOBiFunctionTest.java,IOBiFunctionTest.java,IOBiFunctionTest,testApplyThrowsException,2,0,void,,true,true,true,true
C:\Users\simon\Documents\Code\thesis-code\commons-io-master\src\test\java\org\apache\commons\io\function\IOBiFunctionTest.java,IOBiFunctionTest.java,IOBiFunctionTest,testAsBiFunction,5,0,void,,true,true,true,true
C:\Users\simon\Documents\Code\thesis-code\commons-io-master\src\test\java\org\apache\commons\io\function\IOBinaryOperatorStreamTest.java,IOBinaryOperatorStreamTest.java,IOBinaryOperatorStreamTest,testAsBinaryOperator,3,0,void,,true,true,true,true
C:\Users\simon\Documents\Code\thesis-code\commons-io-master\src\test\java\org\apache\commons\io\function\IOBinaryOperatorStreamTest.java,IOBinaryOperatorStreamTest.java,IOBinaryOperatorStreamTest,testMaxBy,9,0,void,,true,true,true,true
C:\Users\simon\Documents\Code\thesis-code\commons-io-master\src\test\java\org\apache\commons\io\function\IOBinaryOperatorStreamTest.java,IOBinaryOperatorStreamTest.java,IOBinaryOperatorStreamTest,testMinBy,9,0,void,,true,true,true,true
C:\Users\simon\Documents\Code\thesis-code\commons-io-master\src\test\java\org\apache\commons\io\function\IOBinaryOperatorStreamTest.java,IOBinaryOperatorStreamTest.java,IOBinaryOperatorStreamTest,testReduce,4,0,void,,true,true,true,true
C:\Users\simon\Documents\Code\thesis-code\commons-io-master\src\test\java\org\apache\commons\io\function\IOBooleanSupplierTest.java,IOBooleanSupplierTest.java,IOBooleanSupplierTest,beforeEach,1,0,void,public,false,false,true,true
C:\Users\simon\Documents\Code\thesis-code\commons-io-master\src\test\java\org\apache\commons\io\function\IOBooleanSupplierTest.java,IOBooleanSupplierTest.java,IOBooleanSupplierTest,getThrowsIO,1,1,boolean,private,false,false,true,true
C:\Users\simon\Documents\Code\thesis-code\commons-io-master\src\test\java\org\apache\commons\io\function\IOBooleanSupplierTest.java,IOBooleanSupplierTest.java,IOBooleanSupplierTest,getThrowsNone,1,1,boolean,private,false,false,true,true
C:\Users\simon\Documents\Code\thesis-code\commons-io-master\src\test\java\org\apache\commons\io\function\IOBooleanSupplierTest.java,IOBooleanSupplierTest.java,IOBooleanSupplierTest,testAsSupplier,4,0,void,,true,true,true,true
C:\Users\simon\Documents\Code\thesis-code\commons-io-master\src\test\java\org\apache\commons\io\function\IOBooleanSupplierTest.java,IOBooleanSupplierTest.java,IOBooleanSupplierTest,testGet,4,0,void,,true,true,true,true
C:\Users\simon\Documents\Code\thesis-code\commons-io-master\src\test\java\org\apache\commons\io\function\IOComparatorTest.java,IOComparatorTest.java,IOComparatorTest,testAsComparator,2,0,void,,true,true,true,true
C:\Users\simon\Documents\Code\thesis-code\commons-io-master\src\test\java\org\apache\commons\io\function\IOComparatorTest.java,IOComparatorTest.java,IOComparatorTest,testCompareLong,1,0,void,,true,true,true,true
C:\Users\simon\Documents\Code\thesis-code\commons-io-master\src\test\java\org\apache\commons\io\function\IOComparatorTest.java,IOComparatorTest.java,IOComparatorTest,testComparePath,1,0,void,,true,true,true,true
C:\Users\simon\Documents\Code\thesis-code\commons-io-master\src\test\java\org\apache\commons\io\function\IOComparatorTest.java,IOComparatorTest.java,IOComparatorTest,testThrowing,1,0,void,,true,true,true,true
C:\Users\simon\Documents\Code\thesis-code\commons-io-master\src\test\java\org\apache\commons\io\function\IOConsumerTest.java,IOConsumerTest.java,IOConsumerTest,testAccept,7,0,void,,true,true,true,true
C:\Users\simon\Documents\Code\thesis-code\commons-io-master\src\test\java\org\apache\commons\io\function\IOConsumerTest.java,IOConsumerTest.java,IOConsumerTest,testAndThen,5,0,void,,true,true,true,true
C:\Users\simon\Documents\Code\thesis-code\commons-io-master\src\test\java\org\apache\commons\io\function\IOConsumerTest.java,IOConsumerTest.java,IOConsumerTest,testAsConsumer,5,0,void,,true,true,true,true
C:\Users\simon\Documents\Code\thesis-code\commons-io-master\src\test\java\org\apache\commons\io\function\IOConsumerTest.java,IOConsumerTest.java,IOConsumerTest,testForAllArrayOf1,7,0,void,,true,true,true,true
C:\Users\simon\Documents\Code\thesis-code\commons-io-master\src\test\java\org\apache\commons\io\function\IOConsumerTest.java,IOConsumerTest.java,IOConsumerTest,testForAllArrayOf2,7,0,void,,true,true,true,true
C:\Users\simon\Documents\Code\thesis-code\commons-io-master\src\test\java\org\apache\commons\io\function\IOConsumerTest.java,IOConsumerTest.java,IOConsumerTest,testForAllIterableOf1,7,0,void,,true,true,true,true
C:\Users\simon\Documents\Code\thesis-code\commons-io-master\src\test\java\org\apache\commons\io\function\IOConsumerTest.java,IOConsumerTest.java,IOConsumerTest,testForAllIterableOf2,7,0,void,,true,true,true,true
C:\Users\simon\Documents\Code\thesis-code\commons-io-master\src\test\java\org\apache\commons\io\function\IOConsumerTest.java,IOConsumerTest.java,IOConsumerTest,testForAllStreamOf1,7,0,void,,true,true,true,true
C:\Users\simon\Documents\Code\thesis-code\commons-io-master\src\test\java\org\apache\commons\io\function\IOConsumerTest.java,IOConsumerTest.java,IOConsumerTest,testForAllStreamOf2,7,0,void,,true,true,true,true
C:\Users\simon\Documents\Code\thesis-code\commons-io-master\src\test\java\org\apache\commons\io\function\IOConsumerTest.java,IOConsumerTest.java,IOConsumerTest,testNoop,5,0,void,,true,true,true,true
C:\Users\simon\Documents\Code\thesis-code\commons-io-master\src\test\java\org\apache\commons\io\function\IOFunctionTest.java,IOFunctionTest.java,Holder,testAndThenConsumer,9,0,void,,true,true,true,false
C:\Users\simon\Documents\Code\thesis-code\commons-io-master\src\test\java\org\apache\commons\io\function\IOFunctionTest.java,IOFunctionTest.java,Holder,testAndThenFunction,6,0,void,,true,true,true,false
C:\Users\simon\Documents\Code\thesis-code\commons-io-master\src\test\java\org\apache\commons\io\function\IOFunctionTest.java,IOFunctionTest.java,Holder,testAndThenIOConsumer,9,0,void,,true,true,true,false
C:\Users\simon\Documents\Code\thesis-code\commons-io-master\src\test\java\org\apache\commons\io\function\IOFunctionTest.java,IOFunctionTest.java,Holder,testAndThenIOFunction,6,0,void,,true,true,true,false
C:\Users\simon\Documents\Code\thesis-code\commons-io-master\src\test\java\org\apache\commons\io\function\IOFunctionTest.java,IOFunctionTest.java,Holder,testApply,6,0,void,,true,true,true,false
C:\Users\simon\Documents\Code\thesis-code\commons-io-master\src\test\java\org\apache\commons\io\function\IOFunctionTest.java,IOFunctionTest.java,Holder,testApplyThrowsException,2,0,void,,true,true,true,false
C:\Users\simon\Documents\Code\thesis-code\commons-io-master\src\test\java\org\apache\commons\io\function\IOFunctionTest.java,IOFunctionTest.java,Holder,testAsFunction,2,0,void,,true,true,true,false
C:\Users\simon\Documents\Code\thesis-code\commons-io-master\src\test\java\org\apache\commons\io\function\IOFunctionTest.java,IOFunctionTest.java,Holder,testComposeFunction,6,0,void,,true,true,true,false
C:\Users\simon\Documents\Code\thesis-code\commons-io-master\src\test\java\org\apache\commons\io\function\IOFunctionTest.java,IOFunctionTest.java,Holder,testComposeIOFunction,6,0,void,,true,true,true,false
C:\Users\simon\Documents\Code\thesis-code\commons-io-master\src\test\java\org\apache\commons\io\function\IOFunctionTest.java,IOFunctionTest.java,Holder,testComposeIOSupplier,6,0,void,,true,true,true,false
C:\Users\simon\Documents\Code\thesis-code\commons-io-master\src\test\java\org\apache\commons\io\function\IOFunctionTest.java,IOFunctionTest.java,Holder,testComposeSupplier,5,0,void,,true,true,true,false
C:\Users\simon\Documents\Code\thesis-code\commons-io-master\src\test\java\org\apache\commons\io\function\IOFunctionTest.java,IOFunctionTest.java,Holder,testIdentity,5,0,void,,true,true,true,false
C:\Users\simon\Documents\Code\thesis-code\commons-io-master\src\test\java\org\apache\commons\io\function\IOIntConsumerTest.java,IOIntConsumerTest.java,IOIntConsumerTest,testAccept,6,0,void,,true,true,true,true
C:\Users\simon\Documents\Code\thesis-code\commons-io-master\src\test\java\org\apache\commons\io\function\IOIntConsumerTest.java,IOIntConsumerTest.java,IOIntConsumerTest,testAndThen,5,0,void,,true,true,true,true
C:\Users\simon\Documents\Code\thesis-code\commons-io-master\src\test\java\org\apache\commons\io\function\IOIntConsumerTest.java,IOIntConsumerTest.java,IOIntConsumerTest,testAsConsumer,5,0,void,,true,true,true,true
C:\Users\simon\Documents\Code\thesis-code\commons-io-master\src\test\java\org\apache\commons\io\function\IOIntConsumerTest.java,IOIntConsumerTest.java,IOIntConsumerTest,testasIntConsumer,4,0,void,,true,true,true,true
C:\Users\simon\Documents\Code\thesis-code\commons-io-master\src\test\java\org\apache\commons\io\function\IOIntConsumerTest.java,IOIntConsumerTest.java,IOIntConsumerTest,testNOOP,1,0,void,,true,true,true,true
C:\Users\simon\Documents\Code\thesis-code\commons-io-master\src\test\java\org\apache\commons\io\function\IOIntSupplierTest.java,IOIntSupplierTest.java,IOIntSupplierTest,getThrowsIO,1,1,int,private,false,false,true,true
C:\Users\simon\Documents\Code\thesis-code\commons-io-master\src\test\java\org\apache\commons\io\function\IOIntSupplierTest.java,IOIntSupplierTest.java,IOIntSupplierTest,getThrowsNone,1,1,int,private,false,false,true,true
C:\Users\simon\Documents\Code\thesis-code\commons-io-master\src\test\java\org\apache\commons\io\function\IOIntSupplierTest.java,IOIntSupplierTest.java,IOIntSupplierTest,initEach,1,0,void,public,false,false,true,true
C:\Users\simon\Documents\Code\thesis-code\commons-io-master\src\test\java\org\apache\commons\io\function\IOIntSupplierTest.java,IOIntSupplierTest.java,IOIntSupplierTest,testAsSupplier,4,0,void,,true,true,true,true
C:\Users\simon\Documents\Code\thesis-code\commons-io-master\src\test\java\org\apache\commons\io\function\IOIntSupplierTest.java,IOIntSupplierTest.java,IOIntSupplierTest,testGet,4,0,void,,true,true,true,true
C:\Users\simon\Documents\Code\thesis-code\commons-io-master\src\test\java\org\apache\commons\io\function\IOIterableTest.java,IOIterableTest.java,Fixture,iterator,1,0,IOIterator<Path>,public,false,false,true,false
C:\Users\simon\Documents\Code\thesis-code\commons-io-master\src\test\java\org\apache\commons\io\function\IOIterableTest.java,IOIterableTest.java,Fixture,unwrap,1,0,Iterable<Path>,public,false,false,true,false
C:\Users\simon\Documents\Code\thesis-code\commons-io-master\src\test\java\org\apache\commons\io\function\IOIterableTest.java,IOIterableTest.java,Fixture,beforeEach,2,0,void,public,false,false,true,false
C:\Users\simon\Documents\Code\thesis-code\commons-io-master\src\test\java\org\apache\commons\io\function\IOIterableTest.java,IOIterableTest.java,Fixture,testAsIterable,3,0,void,,true,true,true,false
C:\Users\simon\Documents\Code\thesis-code\commons-io-master\src\test\java\org\apache\commons\io\function\IOIterableTest.java,IOIterableTest.java,Fixture,testForEach,4,0,void,,true,true,true,false
C:\Users\simon\Documents\Code\thesis-code\commons-io-master\src\test\java\org\apache\commons\io\function\IOIterableTest.java,IOIterableTest.java,Fixture,testIterator,3,0,void,,true,true,true,false
C:\Users\simon\Documents\Code\thesis-code\commons-io-master\src\test\java\org\apache\commons\io\function\IOIterableTest.java,IOIterableTest.java,Fixture,testSpliterator,3,0,void,,true,true,true,false
C:\Users\simon\Documents\Code\thesis-code\commons-io-master\src\test\java\org\apache\commons\io\function\IOIterableTest.java,IOIterableTest.java,Fixture,testUnrwap,2,0,void,,true,true,true,false
C:\Users\simon\Documents\Code\thesis-code\commons-io-master\src\test\java\org\apache\commons\io\function\IOIteratorAdapterTest.java,IOIteratorAdapterTest.java,IOIteratorAdapterTest,beforeEach,1,0,void,public,false,false,true,true
C:\Users\simon\Documents\Code\thesis-code\commons-io-master\src\test\java\org\apache\commons\io\function\IOIteratorAdapterTest.java,IOIteratorAdapterTest.java,IOIteratorAdapterTest,newPathList,1,0,List<Path>,private,false,false,true,true
C:\Users\simon\Documents\Code\thesis-code\commons-io-master\src\test\java\org\apache\commons\io\function\IOIteratorAdapterTest.java,IOIteratorAdapterTest.java,IOIteratorAdapterTest,testAdapt,1,0,void,,true,true,true,true
C:\Users\simon\Documents\Code\thesis-code\commons-io-master\src\test\java\org\apache\commons\io\function\IOIteratorAdapterTest.java,IOIteratorAdapterTest.java,IOIteratorAdapterTest,testAsIterator,1,0,void,,true,true,true,true
C:\Users\simon\Documents\Code\thesis-code\commons-io-master\src\test\java\org\apache\commons\io\function\IOIteratorAdapterTest.java,IOIteratorAdapterTest.java,IOIteratorAdapterTest,testForEachRemaining,4,0,void,,true,true,true,true
C:\Users\simon\Documents\Code\thesis-code\commons-io-master\src\test\java\org\apache\commons\io\function\IOIteratorAdapterTest.java,IOIteratorAdapterTest.java,IOIteratorAdapterTest,testHasNext,3,0,void,,true,true,true,true
C:\Users\simon\Documents\Code\thesis-code\commons-io-master\src\test\java\org\apache\commons\io\function\IOIteratorAdapterTest.java,IOIteratorAdapterTest.java,IOIteratorAdapterTest,testNext,1,0,void,,true,true,true,true
C:\Users\simon\Documents\Code\thesis-code\commons-io-master\src\test\java\org\apache\commons\io\function\IOIteratorAdapterTest.java,IOIteratorAdapterTest.java,IOIteratorAdapterTest,testRemove,6,0,void,,true,true,true,true
C:\Users\simon\Documents\Code\thesis-code\commons-io-master\src\test\java\org\apache\commons\io\function\IOIteratorTest.java,IOIteratorTest.java,IOIteratorTest,beforeEach,1,0,void,public,false,false,true,true
C:\Users\simon\Documents\Code\thesis-code\commons-io-master\src\test\java\org\apache\commons\io\function\IOIteratorTest.java,IOIteratorTest.java,IOIteratorTest,newPathList,1,0,List<Path>,private,false,false,true,true
C:\Users\simon\Documents\Code\thesis-code\commons-io-master\src\test\java\org\apache\commons\io\function\IOIteratorTest.java,IOIteratorTest.java,IOIteratorTest,testAdaptIterable,1,0,void,,true,true,true,true
C:\Users\simon\Documents\Code\thesis-code\commons-io-master\src\test\java\org\apache\commons\io\function\IOIteratorTest.java,IOIteratorTest.java,IOIteratorTest,testAdaptIterator,1,0,void,,true,true,true,true
C:\Users\simon\Documents\Code\thesis-code\commons-io-master\src\test\java\org\apache\commons\io\function\IOIteratorTest.java,IOIteratorTest.java,IOIteratorTest,testAsIterator,4,0,void,,true,true,true,true
C:\Users\simon\Documents\Code\thesis-code\commons-io-master\src\test\java\org\apache\commons\io\function\IOIteratorTest.java,IOIteratorTest.java,IOIteratorTest,testForEachRemaining,4,0,void,,true,true,true,true
C:\Users\simon\Documents\Code\thesis-code\commons-io-master\src\test\java\org\apache\commons\io\function\IOIteratorTest.java,IOIteratorTest.java,IOIteratorTest,testHasNext,3,0,void,,true,true,true,true
C:\Users\simon\Documents\Code\thesis-code\commons-io-master\src\test\java\org\apache\commons\io\function\IOIteratorTest.java,IOIteratorTest.java,IOIteratorTest,testNext,1,0,void,,true,true,true,true
C:\Users\simon\Documents\Code\thesis-code\commons-io-master\src\test\java\org\apache\commons\io\function\IOIteratorTest.java,IOIteratorTest.java,IOIteratorTest,testRemove,6,0,void,,true,true,true,true
C:\Users\simon\Documents\Code\thesis-code\commons-io-master\src\test\java\org\apache\commons\io\function\IOLongSupplierTest.java,IOLongSupplierTest.java,IOLongSupplierTest,getThrowsIO,1,1,long,private,false,false,true,true
C:\Users\simon\Documents\Code\thesis-code\commons-io-master\src\test\java\org\apache\commons\io\function\IOLongSupplierTest.java,IOLongSupplierTest.java,IOLongSupplierTest,getThrowsNone,1,1,long,private,false,false,true,true
C:\Users\simon\Documents\Code\thesis-code\commons-io-master\src\test\java\org\apache\commons\io\function\IOLongSupplierTest.java,IOLongSupplierTest.java,IOLongSupplierTest,initEach,1,0,void,public,false,false,true,true
C:\Users\simon\Documents\Code\thesis-code\commons-io-master\src\test\java\org\apache\commons\io\function\IOLongSupplierTest.java,IOLongSupplierTest.java,IOLongSupplierTest,testAsSupplier,4,0,void,,true,true,true,true
C:\Users\simon\Documents\Code\thesis-code\commons-io-master\src\test\java\org\apache\commons\io\function\IOLongSupplierTest.java,IOLongSupplierTest.java,IOLongSupplierTest,testGet,4,0,void,,true,true,true,true
C:\Users\simon\Documents\Code\thesis-code\commons-io-master\src\test\java\org\apache\commons\io\function\IOPredicateTest.java,IOPredicateTest.java,IOPredicateTest,equals,1,1,boolean,public,false,false,true,true
C:\Users\simon\Documents\Code\thesis-code\commons-io-master\src\test\java\org\apache\commons\io\function\IOPredicateTest.java,IOPredicateTest.java,IOPredicateTest,hashCode,1,0,int,public,false,false,true,true
C:\Users\simon\Documents\Code\thesis-code\commons-io-master\src\test\java\org\apache\commons\io\function\IOPredicateTest.java,IOPredicateTest.java,IOPredicateTest,assertThrowsChecked,1,1,void,private,false,false,true,true
C:\Users\simon\Documents\Code\thesis-code\commons-io-master\src\test\java\org\apache\commons\io\function\IOPredicateTest.java,IOPredicateTest.java,IOPredicateTest,assertThrowsUnchecked,1,1,void,private,false,false,true,true
C:\Users\simon\Documents\Code\thesis-code\commons-io-master\src\test\java\org\apache\commons\io\function\IOPredicateTest.java,IOPredicateTest.java,IOPredicateTest,testAndChecked,5,0,void,,true,true,true,true
C:\Users\simon\Documents\Code\thesis-code\commons-io-master\src\test\java\org\apache\commons\io\function\IOPredicateTest.java,IOPredicateTest.java,IOPredicateTest,testAndUnchecked,1,0,void,,true,true,true,true
C:\Users\simon\Documents\Code\thesis-code\commons-io-master\src\test\java\org\apache\commons\io\function\IOPredicateTest.java,IOPredicateTest.java,IOPredicateTest,testAsPredicate,9,0,void,,true,true,true,true
C:\Users\simon\Documents\Code\thesis-code\commons-io-master\src\test\java\org\apache\commons\io\function\IOPredicateTest.java,IOPredicateTest.java,IOPredicateTest,testFalse,5,0,void,,true,true,true,true
C:\Users\simon\Documents\Code\thesis-code\commons-io-master\src\test\java\org\apache\commons\io\function\IOPredicateTest.java,IOPredicateTest.java,IOPredicateTest,testIsEqualChecked,5,0,void,,true,true,true,true
C:\Users\simon\Documents\Code\thesis-code\commons-io-master\src\test\java\org\apache\commons\io\function\IOPredicateTest.java,IOPredicateTest.java,IOPredicateTest,testIsEqualUnchecked,5,0,void,,true,true,true,true
C:\Users\simon\Documents\Code\thesis-code\commons-io-master\src\test\java\org\apache\commons\io\function\IOPredicateTest.java,IOPredicateTest.java,IOPredicateTest,testNegateChecked,2,0,void,,true,true,true,true
C:\Users\simon\Documents\Code\thesis-code\commons-io-master\src\test\java\org\apache\commons\io\function\IOPredicateTest.java,IOPredicateTest.java,IOPredicateTest,testNegateUnchecked,3,0,void,,true,true,true,true
C:\Users\simon\Documents\Code\thesis-code\commons-io-master\src\test\java\org\apache\commons\io\function\IOPredicateTest.java,IOPredicateTest.java,IOPredicateTest,testOrChecked,3,0,void,,true,true,true,true
C:\Users\simon\Documents\Code\thesis-code\commons-io-master\src\test\java\org\apache\commons\io\function\IOPredicateTest.java,IOPredicateTest.java,IOPredicateTest,testOrUnchecked,2,0,void,,true,true,true,true
C:\Users\simon\Documents\Code\thesis-code\commons-io-master\src\test\java\org\apache\commons\io\function\IOPredicateTest.java,IOPredicateTest.java,IOPredicateTest,testTestChecked,2,0,void,,true,true,true,true
C:\Users\simon\Documents\Code\thesis-code\commons-io-master\src\test\java\org\apache\commons\io\function\IOPredicateTest.java,IOPredicateTest.java,IOPredicateTest,testTestUnchecked,2,0,void,,true,true,true,true
C:\Users\simon\Documents\Code\thesis-code\commons-io-master\src\test\java\org\apache\commons\io\function\IOPredicateTest.java,IOPredicateTest.java,IOPredicateTest,testTrue,5,0,void,,true,true,true,true
C:\Users\simon\Documents\Code\thesis-code\commons-io-master\src\test\java\org\apache\commons\io\function\IOQuadFunctionTest.java,IOQuadFunctionTest.java,IOQuadFunctionTest,testAccept,10,0,void,,true,true,true,true
C:\Users\simon\Documents\Code\thesis-code\commons-io-master\src\test\java\org\apache\commons\io\function\IOQuadFunctionTest.java,IOQuadFunctionTest.java,IOQuadFunctionTest,testAndThenIOFunction,11,0,void,,true,true,true,true
C:\Users\simon\Documents\Code\thesis-code\commons-io-master\src\test\java\org\apache\commons\io\function\IORunnableTest.java,IORunnableTest.java,IORunnableTest,testAccept,4,0,void,,true,true,true,true
C:\Users\simon\Documents\Code\thesis-code\commons-io-master\src\test\java\org\apache\commons\io\function\IORunnableTest.java,IORunnableTest.java,IORunnableTest,testAsRunnable,3,0,void,,true,true,true,true
C:\Users\simon\Documents\Code\thesis-code\commons-io-master\src\test\java\org\apache\commons\io\function\IORunnableTest.java,IORunnableTest.java,IORunnableTest,testNoop,2,0,void,,true,true,true,true
C:\Users\simon\Documents\Code\thesis-code\commons-io-master\src\test\java\org\apache\commons\io\function\IOSpliteratorTest.java,IOSpliteratorTest.java,IOSpliteratorTest,beforeEach,1,0,void,public,false,false,true,true
C:\Users\simon\Documents\Code\thesis-code\commons-io-master\src\test\java\org\apache\commons\io\function\IOSpliteratorTest.java,IOSpliteratorTest.java,IOSpliteratorTest,newPathList,1,0,List<Path>,private,false,false,true,true
C:\Users\simon\Documents\Code\thesis-code\commons-io-master\src\test\java\org\apache\commons\io\function\IOSpliteratorTest.java,IOSpliteratorTest.java,IOSpliteratorTest,testAdapt,2,0,void,,true,true,true,true
C:\Users\simon\Documents\Code\thesis-code\commons-io-master\src\test\java\org\apache\commons\io\function\IOSpliteratorTest.java,IOSpliteratorTest.java,IOSpliteratorTest,testAsSpliterator,2,0,void,,true,true,true,true
C:\Users\simon\Documents\Code\thesis-code\commons-io-master\src\test\java\org\apache\commons\io\function\IOSpliteratorTest.java,IOSpliteratorTest.java,IOSpliteratorTest,testCharacteristics,2,0,void,,true,true,true,true
C:\Users\simon\Documents\Code\thesis-code\commons-io-master\src\test\java\org\apache\commons\io\function\IOSpliteratorTest.java,IOSpliteratorTest.java,IOSpliteratorTest,testEstimateSize,3,0,void,,true,true,true,true
C:\Users\simon\Documents\Code\thesis-code\commons-io-master\src\test\java\org\apache\commons\io\function\IOSpliteratorTest.java,IOSpliteratorTest.java,IOSpliteratorTest,testForEachRemaining,4,0,void,,true,true,true,true
C:\Users\simon\Documents\Code\thesis-code\commons-io-master\src\test\java\org\apache\commons\io\function\IOSpliteratorTest.java,IOSpliteratorTest.java,IOSpliteratorTest,testForEachRemainingAsSpliterator,4,0,void,,true,true,true,true
C:\Users\simon\Documents\Code\thesis-code\commons-io-master\src\test\java\org\apache\commons\io\function\IOSpliteratorTest.java,IOSpliteratorTest.java,IOSpliteratorTest,testGetComparator,4,0,void,,true,true,true,true
C:\Users\simon\Documents\Code\thesis-code\commons-io-master\src\test\java\org\apache\commons\io\function\IOSpliteratorTest.java,IOSpliteratorTest.java,IOSpliteratorTest,testGetExactSizeIfKnown,3,0,void,,true,true,true,true
C:\Users\simon\Documents\Code\thesis-code\commons-io-master\src\test\java\org\apache\commons\io\function\IOSpliteratorTest.java,IOSpliteratorTest.java,IOSpliteratorTest,testHasCharacteristics,3,0,void,,true,true,true,true
C:\Users\simon\Documents\Code\thesis-code\commons-io-master\src\test\java\org\apache\commons\io\function\IOSpliteratorTest.java,IOSpliteratorTest.java,IOSpliteratorTest,testTryAdvance,3,0,void,,true,true,true,true
C:\Users\simon\Documents\Code\thesis-code\commons-io-master\src\test\java\org\apache\commons\io\function\IOSpliteratorTest.java,IOSpliteratorTest.java,IOSpliteratorTest,testTrySplit,3,0,void,,true,true,true,true
C:\Users\simon\Documents\Code\thesis-code\commons-io-master\src\test\java\org\apache\commons\io\function\IOSpliteratorTest.java,IOSpliteratorTest.java,IOSpliteratorTest,testUnwrap,1,0,void,,true,true,true,true
C:\Users\simon\Documents\Code\thesis-code\commons-io-master\src\test\java\org\apache\commons\io\function\IOStreamTest.java,IOStreamTest.java,IOStreamTest,compareAndSetIO,1,3,void,private,false,false,true,true
C:\Users\simon\Documents\Code\thesis-code\commons-io-master\src\test\java\org\apache\commons\io\function\IOStreamTest.java,IOStreamTest.java,IOStreamTest,compareAndSetRE,1,3,void,private,false,false,true,true
C:\Users\simon\Documents\Code\thesis-code\commons-io-master\src\test\java\org\apache\commons\io\function\IOStreamTest.java,IOStreamTest.java,IOStreamTest,ioExceptionOnNull,1,1,void,private,false,false,true,true
C:\Users\simon\Documents\Code\thesis-code\commons-io-master\src\test\java\org\apache\commons\io\function\IOStreamTest.java,IOStreamTest.java,IOStreamTest,testAdapt,3,0,void,,true,true,true,true
C:\Users\simon\Documents\Code\thesis-code\commons-io-master\src\test\java\org\apache\commons\io\function\IOStreamTest.java,IOStreamTest.java,IOStreamTest,testAdaptAsParallel,3,0,void,,true,true,true,true
C:\Users\simon\Documents\Code\thesis-code\commons-io-master\src\test\java\org\apache\commons\io\function\IOStreamTest.java,IOStreamTest.java,IOStreamTest,testAdaptParallelAndCount,6,0,void,,true,true,true,true
C:\Users\simon\Documents\Code\thesis-code\commons-io-master\src\test\java\org\apache\commons\io\function\IOStreamTest.java,IOStreamTest.java,IOStreamTest,testAllMatch,3,0,void,,true,true,true,true
C:\Users\simon\Documents\Code\thesis-code\commons-io-master\src\test\java\org\apache\commons\io\function\IOStreamTest.java,IOStreamTest.java,IOStreamTest,testAnyMatch,3,0,void,,true,true,true,true
C:\Users\simon\Documents\Code\thesis-code\commons-io-master\src\test\java\org\apache\commons\io\function\IOStreamTest.java,IOStreamTest.java,IOStreamTest,testClose,1,0,void,,true,true,true,true
C:\Users\simon\Documents\Code\thesis-code\commons-io-master\src\test\java\org\apache\commons\io\function\IOStreamTest.java,IOStreamTest.java,IOStreamTest,testCollectCollectorOfQsuperTAR,1,0,void,,true,true,true,true
C:\Users\simon\Documents\Code\thesis-code\commons-io-master\src\test\java\org\apache\commons\io\function\IOStreamTest.java,IOStreamTest.java,IOStreamTest,testCollectSupplierOfRBiConsumerOfRQsuperTBiConsumerOfRR,5,0,void,,true,true,true,true
C:\Users\simon\Documents\Code\thesis-code\commons-io-master\src\test\java\org\apache\commons\io\function\IOStreamTest.java,IOStreamTest.java,IOStreamTest,testCount,5,0,void,,true,true,true,true
C:\Users\simon\Documents\Code\thesis-code\commons-io-master\src\test\java\org\apache\commons\io\function\IOStreamTest.java,IOStreamTest.java,IOStreamTest,testDistinct,5,0,void,,true,true,true,true
C:\Users\simon\Documents\Code\thesis-code\commons-io-master\src\test\java\org\apache\commons\io\function\IOStreamTest.java,IOStreamTest.java,IOStreamTest,testEmpty,3,0,void,,true,true,true,true
C:\Users\simon\Documents\Code\thesis-code\commons-io-master\src\test\java\org\apache\commons\io\function\IOStreamTest.java,IOStreamTest.java,IOStreamTest,testFilter,3,0,void,,true,true,true,true
C:\Users\simon\Documents\Code\thesis-code\commons-io-master\src\test\java\org\apache\commons\io\function\IOStreamTest.java,IOStreamTest.java,IOStreamTest,testFindAny,4,0,void,,true,true,true,true
C:\Users\simon\Documents\Code\thesis-code\commons-io-master\src\test\java\org\apache\commons\io\function\IOStreamTest.java,IOStreamTest.java,IOStreamTest,testFindFirst,4,0,void,,true,true,true,true
C:\Users\simon\Documents\Code\thesis-code\commons-io-master\src\test\java\org\apache\commons\io\function\IOStreamTest.java,IOStreamTest.java,IOStreamTest,testFlatMap,1,0,void,,true,true,true,true
C:\Users\simon\Documents\Code\thesis-code\commons-io-master\src\test\java\org\apache\commons\io\function\IOStreamTest.java,IOStreamTest.java,IOStreamTest,testFlatMapToDouble,1,0,void,,true,true,true,true
C:\Users\simon\Documents\Code\thesis-code\commons-io-master\src\test\java\org\apache\commons\io\function\IOStreamTest.java,IOStreamTest.java,IOStreamTest,testFlatMapToInt,1,0,void,,true,true,true,true
C:\Users\simon\Documents\Code\thesis-code\commons-io-master\src\test\java\org\apache\commons\io\function\IOStreamTest.java,IOStreamTest.java,IOStreamTest,testFlatMapToLong,1,0,void,,true,true,true,true
C:\Users\simon\Documents\Code\thesis-code\commons-io-master\src\test\java\org\apache\commons\io\function\IOStreamTest.java,IOStreamTest.java,IOStreamTest,testForaAllIOConsumer,6,0,void,,true,true,true,true
C:\Users\simon\Documents\Code\thesis-code\commons-io-master\src\test\java\org\apache\commons\io\function\IOStreamTest.java,IOStreamTest.java,IOStreamTest,testForaAllIOConsumerBiFunction,6,0,void,,true,true,true,true
C:\Users\simon\Documents\Code\thesis-code\commons-io-master\src\test\java\org\apache\commons\io\function\IOStreamTest.java,IOStreamTest.java,IOStreamTest,testForaAllIOConsumerBiFunctionNull,6,0,void,,true,true,true,true
C:\Users\simon\Documents\Code\thesis-code\commons-io-master\src\test\java\org\apache\commons\io\function\IOStreamTest.java,IOStreamTest.java,IOStreamTest,testForEachIOConsumerOfQsuperT,6,0,void,,true,true,true,true
C:\Users\simon\Documents\Code\thesis-code\commons-io-master\src\test\java\org\apache\commons\io\function\IOStreamTest.java,IOStreamTest.java,IOStreamTest,testForEachOrdered,6,0,void,,true,true,true,true
C:\Users\simon\Documents\Code\thesis-code\commons-io-master\src\test\java\org\apache\commons\io\function\IOStreamTest.java,IOStreamTest.java,IOStreamTest,testForEachOrderedAdaptParallel,12,0,void,,true,true,true,true
C:\Users\simon\Documents\Code\thesis-code\commons-io-master\src\test\java\org\apache\commons\io\function\IOStreamTest.java,IOStreamTest.java,IOStreamTest,testForEachOrderedAsParallel,6,0,void,,true,true,true,true
C:\Users\simon\Documents\Code\thesis-code\commons-io-master\src\test\java\org\apache\commons\io\function\IOStreamTest.java,IOStreamTest.java,IOStreamTest,testIsParallel,2,0,void,,true,true,true,true
C:\Users\simon\Documents\Code\thesis-code\commons-io-master\src\test\java\org\apache\commons\io\function\IOStreamTest.java,IOStreamTest.java,IOStreamTest,testIterateException,4,0,void,,true,true,true,true
C:\Users\simon\Documents\Code\thesis-code\commons-io-master\src\test\java\org\apache\commons\io\function\IOStreamTest.java,IOStreamTest.java,IOStreamTest,testIterateLong,4,0,void,,true,true,true,true
C:\Users\simon\Documents\Code\thesis-code\commons-io-master\src\test\java\org\apache\commons\io\function\IOStreamTest.java,IOStreamTest.java,IOStreamTest,testIterator,3,0,void,,true,true,true,true
C:\Users\simon\Documents\Code\thesis-code\commons-io-master\src\test\java\org\apache\commons\io\function\IOStreamTest.java,IOStreamTest.java,IOStreamTest,testLimit,1,0,void,,true,true,true,true
C:\Users\simon\Documents\Code\thesis-code\commons-io-master\src\test\java\org\apache\commons\io\function\IOStreamTest.java,IOStreamTest.java,IOStreamTest,testMap,1,0,void,,true,true,true,true
C:\Users\simon\Documents\Code\thesis-code\commons-io-master\src\test\java\org\apache\commons\io\function\IOStreamTest.java,IOStreamTest.java,IOStreamTest,testMapToDouble,1,0,void,,true,true,true,true
C:\Users\simon\Documents\Code\thesis-code\commons-io-master\src\test\java\org\apache\commons\io\function\IOStreamTest.java,IOStreamTest.java,IOStreamTest,testMapToInt,1,0,void,,true,true,true,true
C:\Users\simon\Documents\Code\thesis-code\commons-io-master\src\test\java\org\apache\commons\io\function\IOStreamTest.java,IOStreamTest.java,IOStreamTest,testMapToLong,1,0,void,,true,true,true,true
C:\Users\simon\Documents\Code\thesis-code\commons-io-master\src\test\java\org\apache\commons\io\function\IOStreamTest.java,IOStreamTest.java,IOStreamTest,testMax,1,0,void,,true,true,true,true
C:\Users\simon\Documents\Code\thesis-code\commons-io-master\src\test\java\org\apache\commons\io\function\IOStreamTest.java,IOStreamTest.java,IOStreamTest,testMin,1,0,void,,true,true,true,true
C:\Users\simon\Documents\Code\thesis-code\commons-io-master\src\test\java\org\apache\commons\io\function\IOStreamTest.java,IOStreamTest.java,IOStreamTest,testNoneMatch,3,0,void,,true,true,true,true
C:\Users\simon\Documents\Code\thesis-code\commons-io-master\src\test\java\org\apache\commons\io\function\IOStreamTest.java,IOStreamTest.java,IOStreamTest,testOfArray,3,0,void,,true,true,true,true
C:\Users\simon\Documents\Code\thesis-code\commons-io-master\src\test\java\org\apache\commons\io\function\IOStreamTest.java,IOStreamTest.java,IOStreamTest,testOfIterable,6,0,void,,true,true,true,true
C:\Users\simon\Documents\Code\thesis-code\commons-io-master\src\test\java\org\apache\commons\io\function\IOStreamTest.java,IOStreamTest.java,IOStreamTest,testOfOne,1,0,void,,true,true,true,true
C:\Users\simon\Documents\Code\thesis-code\commons-io-master\src\test\java\org\apache\commons\io\function\IOStreamTest.java,IOStreamTest.java,IOStreamTest,testOnClose,4,0,void,,true,true,true,true
C:\Users\simon\Documents\Code\thesis-code\commons-io-master\src\test\java\org\apache\commons\io\function\IOStreamTest.java,IOStreamTest.java,IOStreamTest,testOnCloseMultipleHandlers,14,0,void,,true,true,true,true
C:\Users\simon\Documents\Code\thesis-code\commons-io-master\src\test\java\org\apache\commons\io\function\IOStreamTest.java,IOStreamTest.java,IOStreamTest,testParallel,1,0,void,,true,true,true,true
C:\Users\simon\Documents\Code\thesis-code\commons-io-master\src\test\java\org\apache\commons\io\function\IOStreamTest.java,IOStreamTest.java,IOStreamTest,testPeek,4,0,void,,true,true,true,true
C:\Users\simon\Documents\Code\thesis-code\commons-io-master\src\test\java\org\apache\commons\io\function\IOStreamTest.java,IOStreamTest.java,IOStreamTest,testReduceBinaryOperatorOfT,2,0,void,,true,true,true,true
C:\Users\simon\Documents\Code\thesis-code\commons-io-master\src\test\java\org\apache\commons\io\function\IOStreamTest.java,IOStreamTest.java,IOStreamTest,testReduceTBinaryOperatorOfT,2,0,void,,true,true,true,true
C:\Users\simon\Documents\Code\thesis-code\commons-io-master\src\test\java\org\apache\commons\io\function\IOStreamTest.java,IOStreamTest.java,IOStreamTest,testReduceUBiFunctionOfUQsuperTUBinaryOperatorOfU,2,0,void,,true,true,true,true
C:\Users\simon\Documents\Code\thesis-code\commons-io-master\src\test\java\org\apache\commons\io\function\IOStreamTest.java,IOStreamTest.java,IOStreamTest,testSequential,1,0,void,,true,true,true,true
C:\Users\simon\Documents\Code\thesis-code\commons-io-master\src\test\java\org\apache\commons\io\function\IOStreamTest.java,IOStreamTest.java,IOStreamTest,testSkip,4,0,void,,true,true,true,true
C:\Users\simon\Documents\Code\thesis-code\commons-io-master\src\test\java\org\apache\commons\io\function\IOStreamTest.java,IOStreamTest.java,IOStreamTest,testSorted,2,0,void,,true,true,true,true
C:\Users\simon\Documents\Code\thesis-code\commons-io-master\src\test\java\org\apache\commons\io\function\IOStreamTest.java,IOStreamTest.java,IOStreamTest,testSortedComparatorOfQsuperT,2,0,void,,true,true,true,true
C:\Users\simon\Documents\Code\thesis-code\commons-io-master\src\test\java\org\apache\commons\io\function\IOStreamTest.java,IOStreamTest.java,IOStreamTest,testSpliterator,3,0,void,,true,true,true,true
C:\Users\simon\Documents\Code\thesis-code\commons-io-master\src\test\java\org\apache\commons\io\function\IOStreamTest.java,IOStreamTest.java,IOStreamTest,testToArray,1,0,void,,true,true,true,true
C:\Users\simon\Documents\Code\thesis-code\commons-io-master\src\test\java\org\apache\commons\io\function\IOStreamTest.java,IOStreamTest.java,IOStreamTest,testToArrayIntFunctionOfA,1,0,void,,true,true,true,true
C:\Users\simon\Documents\Code\thesis-code\commons-io-master\src\test\java\org\apache\commons\io\function\IOStreamTest.java,IOStreamTest.java,IOStreamTest,testUnordered,2,0,void,,true,true,true,true
C:\Users\simon\Documents\Code\thesis-code\commons-io-master\src\test\java\org\apache\commons\io\function\IOStreamTest.java,IOStreamTest.java,IOStreamTest,testUnwrap,3,0,void,,true,true,true,true
C:\Users\simon\Documents\Code\thesis-code\commons-io-master\src\test\java\org\apache\commons\io\function\IOSupplierTest.java,IOSupplierTest.java,IOSupplierTest,getThrowsIO,1,1,String,private,false,false,true,true
C:\Users\simon\Documents\Code\thesis-code\commons-io-master\src\test\java\org\apache\commons\io\function\IOSupplierTest.java,IOSupplierTest.java,IOSupplierTest,getThrowsNoneAsSupplier,1,1,String,private,false,false,true,true
C:\Users\simon\Documents\Code\thesis-code\commons-io-master\src\test\java\org\apache\commons\io\function\IOSupplierTest.java,IOSupplierTest.java,IOSupplierTest,getThrowsNoneGetUnchecked,1,1,String,private,false,false,true,true
C:\Users\simon\Documents\Code\thesis-code\commons-io-master\src\test\java\org\apache\commons\io\function\IOSupplierTest.java,IOSupplierTest.java,IOSupplierTest,initEach,1,0,void,public,false,false,true,true
C:\Users\simon\Documents\Code\thesis-code\commons-io-master\src\test\java\org\apache\commons\io\function\IOSupplierTest.java,IOSupplierTest.java,IOSupplierTest,testAsSupplier,8,0,void,,true,true,true,true
C:\Users\simon\Documents\Code\thesis-code\commons-io-master\src\test\java\org\apache\commons\io\function\IOSupplierTest.java,IOSupplierTest.java,IOSupplierTest,testGet,4,0,void,,true,true,true,true
C:\Users\simon\Documents\Code\thesis-code\commons-io-master\src\test\java\org\apache\commons\io\function\IOSupplierTest.java,IOSupplierTest.java,IOSupplierTest,testGetUnchecked,8,0,void,,true,true,true,true
C:\Users\simon\Documents\Code\thesis-code\commons-io-master\src\test\java\org\apache\commons\io\function\IOTriConsumerTest.java,IOTriConsumerTest.java,IOTriConsumerTest,testAccept,4,0,void,,true,true,true,true
C:\Users\simon\Documents\Code\thesis-code\commons-io-master\src\test\java\org\apache\commons\io\function\IOTriConsumerTest.java,IOTriConsumerTest.java,IOTriConsumerTest,testAndThen,5,0,void,,true,true,true,true
C:\Users\simon\Documents\Code\thesis-code\commons-io-master\src\test\java\org\apache\commons\io\function\IOTriConsumerTest.java,IOTriConsumerTest.java,IOTriConsumerTest,testNoop,1,0,void,,true,true,true,true
C:\Users\simon\Documents\Code\thesis-code\commons-io-master\src\test\java\org\apache\commons\io\function\IOTriFunctionTest.java,IOTriFunctionTest.java,IOTriFunctionTest,testAccept,8,0,void,,true,true,true,true
C:\Users\simon\Documents\Code\thesis-code\commons-io-master\src\test\java\org\apache\commons\io\function\IOTriFunctionTest.java,IOTriFunctionTest.java,IOTriFunctionTest,testAndThenIOFunction,9,0,void,,true,true,true,true
C:\Users\simon\Documents\Code\thesis-code\commons-io-master\src\test\java\org\apache\commons\io\function\IOUnaryOperatorTest.java,IOUnaryOperatorTest.java,IOUnaryOperatorTest,testAsUnaryOperator,5,0,void,,true,true,true,true
C:\Users\simon\Documents\Code\thesis-code\commons-io-master\src\test\java\org\apache\commons\io\function\IOUnaryOperatorTest.java,IOUnaryOperatorTest.java,IOUnaryOperatorTest,testIdentity,5,0,void,,true,true,true,true
C:\Users\simon\Documents\Code\thesis-code\commons-io-master\src\test\java\org\apache\commons\io\function\TestConstants.java,TestConstants.java,TestConstants,throwIOException,1,0,T,static,false,false,true,true
C:\Users\simon\Documents\Code\thesis-code\commons-io-master\src\test\java\org\apache\commons\io\function\TestConstants.java,TestConstants.java,TestConstants,throwIOException,1,1,T,static,false,false,true,true
C:\Users\simon\Documents\Code\thesis-code\commons-io-master\src\test\java\org\apache\commons\io\function\TestConstants.java,TestConstants.java,TestConstants,throwRuntimeException,1,1,T,static,false,false,true,true
C:\Users\simon\Documents\Code\thesis-code\commons-io-master\src\test\java\org\apache\commons\io\function\TestUtils.java,TestUtils.java,TestUtils,compareAndSetThrowsIO,1,2,boolean,static,false,false,true,true
C:\Users\simon\Documents\Code\thesis-code\commons-io-master\src\test\java\org\apache\commons\io\function\TestUtils.java,TestUtils.java,TestUtils,compareAndSetThrowsIO,2,3,boolean,static,false,false,true,true
C:\Users\simon\Documents\Code\thesis-code\commons-io-master\src\test\java\org\apache\commons\io\function\TestUtils.java,TestUtils.java,TestUtils,compareAndSetThrowsIO,1,2,int,static,false,false,true,true
C:\Users\simon\Documents\Code\thesis-code\commons-io-master\src\test\java\org\apache\commons\io\function\TestUtils.java,TestUtils.java,TestUtils,compareAndSetThrowsIO,2,3,int,static,false,false,true,true
C:\Users\simon\Documents\Code\thesis-code\commons-io-master\src\test\java\org\apache\commons\io\function\TestUtils.java,TestUtils.java,TestUtils,compareAndSetThrowsIO,1,2,long,static,false,false,true,true
C:\Users\simon\Documents\Code\thesis-code\commons-io-master\src\test\java\org\apache\commons\io\function\TestUtils.java,TestUtils.java,TestUtils,compareAndSetThrowsIO,2,3,long,static,false,false,true,true
C:\Users\simon\Documents\Code\thesis-code\commons-io-master\src\test\java\org\apache\commons\io\function\TestUtils.java,TestUtils.java,TestUtils,compareAndSetThrowsIO,1,2,T,static,false,false,true,true
C:\Users\simon\Documents\Code\thesis-code\commons-io-master\src\test\java\org\apache\commons\io\function\TestUtils.java,TestUtils.java,TestUtils,compareAndSetThrowsIO,2,3,T,static,false,false,true,true
C:\Users\simon\Documents\Code\thesis-code\commons-io-master\src\test\java\org\apache\commons\io\function\TestUtils.java,TestUtils.java,TestUtils,compareAndSetThrowsRE,2,3,T,static,false,false,true,true
C:\Users\simon\Documents\Code\thesis-code\commons-io-master\src\test\java\org\apache\commons\io\function\TestUtils.java,TestUtils.java,TestUtils,throwingIOBiConsumer,1,0,"IOBiConsumer<T, U>",static,false,false,true,true
C:\Users\simon\Documents\Code\thesis-code\commons-io-master\src\test\java\org\apache\commons\io\function\TestUtils.java,TestUtils.java,TestUtils,throwingIOBiFunction,1,0,"IOBiFunction<T, U, V>",static,false,false,true,true
C:\Users\simon\Documents\Code\thesis-code\commons-io-master\src\test\java\org\apache\commons\io\function\TestUtils.java,TestUtils.java,TestUtils,throwingIOBinaryOperator,1,0,IOBinaryOperator<T>,static,false,false,true,true
C:\Users\simon\Documents\Code\thesis-code\commons-io-master\src\test\java\org\apache\commons\io\function\TestUtils.java,TestUtils.java,TestUtils,throwingIOComparator,1,0,IOComparator<T>,static,false,false,true,true
C:\Users\simon\Documents\Code\thesis-code\commons-io-master\src\test\java\org\apache\commons\io\function\TestUtils.java,TestUtils.java,TestUtils,throwingIOConsumer,1,0,IOConsumer<T>,static,false,false,true,true
C:\Users\simon\Documents\Code\thesis-code\commons-io-master\src\test\java\org\apache\commons\io\function\TestUtils.java,TestUtils.java,TestUtils,throwingIOFunction,1,0,"IOFunction<T, U>",static,false,false,true,true
C:\Users\simon\Documents\Code\thesis-code\commons-io-master\src\test\java\org\apache\commons\io\function\TestUtils.java,TestUtils.java,TestUtils,throwingIOIntConsumer,1,0,IOIntConsumer,static,false,false,true,true
C:\Users\simon\Documents\Code\thesis-code\commons-io-master\src\test\java\org\apache\commons\io\function\TestUtils.java,TestUtils.java,TestUtils,throwingIOPredicate,1,0,IOPredicate<T>,static,false,false,true,true
C:\Users\simon\Documents\Code\thesis-code\commons-io-master\src\test\java\org\apache\commons\io\function\TestUtils.java,TestUtils.java,TestUtils,throwingIORunnable,1,0,IORunnable,static,false,false,true,true
C:\Users\simon\Documents\Code\thesis-code\commons-io-master\src\test\java\org\apache\commons\io\function\TestUtils.java,TestUtils.java,TestUtils,throwingIOSupplier,1,0,IOSupplier<T>,static,false,false,true,true
C:\Users\simon\Documents\Code\thesis-code\commons-io-master\src\test\java\org\apache\commons\io\function\TestUtils.java,TestUtils.java,TestUtils,throwingIOUnaryOperator,1,0,IOUnaryOperator<T>,static,false,false,true,true
C:\Users\simon\Documents\Code\thesis-code\commons-io-master\src\test\java\org\apache\commons\io\function\UncheckTest.java,UncheckTest.java,UncheckTest,assertUncheckedIOException,4,2,void,private,false,false,true,true
C:\Users\simon\Documents\Code\thesis-code\commons-io-master\src\test\java\org\apache\commons\io\function\UncheckTest.java,UncheckTest.java,UncheckTest,beforeEach,7,0,void,public,false,false,true,true
C:\Users\simon\Documents\Code\thesis-code\commons-io-master\src\test\java\org\apache\commons\io\function\UncheckTest.java,UncheckTest.java,UncheckTest,newInputStream,1,0,ByteArrayInputStream,private,false,false,true,true
C:\Users\simon\Documents\Code\thesis-code\commons-io-master\src\test\java\org\apache\commons\io\function\UncheckTest.java,UncheckTest.java,UncheckTest,testAccept,3,0,void,,true,true,true,true
C:\Users\simon\Documents\Code\thesis-code\commons-io-master\src\test\java\org\apache\commons\io\function\UncheckTest.java,UncheckTest.java,UncheckTest,testAcceptIOBiConsumerOfTUTU,5,0,void,,true,true,true,true
C:\Users\simon\Documents\Code\thesis-code\commons-io-master\src\test\java\org\apache\commons\io\function\UncheckTest.java,UncheckTest.java,UncheckTest,testAcceptIOConsumerOfTT,4,0,void,,true,true,true,true
C:\Users\simon\Documents\Code\thesis-code\commons-io-master\src\test\java\org\apache\commons\io\function\UncheckTest.java,UncheckTest.java,UncheckTest,testAcceptIOTriConsumerOfTUVTUV,6,0,void,,true,true,true,true
C:\Users\simon\Documents\Code\thesis-code\commons-io-master\src\test\java\org\apache\commons\io\function\UncheckTest.java,UncheckTest.java,UncheckTest,testApply1,3,0,void,,true,true,true,true
C:\Users\simon\Documents\Code\thesis-code\commons-io-master\src\test\java\org\apache\commons\io\function\UncheckTest.java,UncheckTest.java,UncheckTest,testApply2,4,0,void,,true,true,true,true
C:\Users\simon\Documents\Code\thesis-code\commons-io-master\src\test\java\org\apache\commons\io\function\UncheckTest.java,UncheckTest.java,UncheckTest,testApply3,4,0,void,,true,true,true,true
C:\Users\simon\Documents\Code\thesis-code\commons-io-master\src\test\java\org\apache\commons\io\function\UncheckTest.java,UncheckTest.java,UncheckTest,testApplyIOBiFunctionOfTURTU,5,0,void,,true,true,true,true
C:\Users\simon\Documents\Code\thesis-code\commons-io-master\src\test\java\org\apache\commons\io\function\UncheckTest.java,UncheckTest.java,UncheckTest,testApplyIOFunctionOfTRT,4,0,void,,true,true,true,true
C:\Users\simon\Documents\Code\thesis-code\commons-io-master\src\test\java\org\apache\commons\io\function\UncheckTest.java,UncheckTest.java,UncheckTest,testApplyIOQuadFunctionOfTUVWRTUVW,7,0,void,,true,true,true,true
C:\Users\simon\Documents\Code\thesis-code\commons-io-master\src\test\java\org\apache\commons\io\function\UncheckTest.java,UncheckTest.java,UncheckTest,testApplyIOTriFunctionOfTUVRTUV,6,0,void,,true,true,true,true
C:\Users\simon\Documents\Code\thesis-code\commons-io-master\src\test\java\org\apache\commons\io\function\UncheckTest.java,UncheckTest.java,UncheckTest,testGet,5,0,void,,true,true,true,true
C:\Users\simon\Documents\Code\thesis-code\commons-io-master\src\test\java\org\apache\commons\io\function\UncheckTest.java,UncheckTest.java,UncheckTest,testGetAsBoolean,4,0,void,,true,true,true,true
C:\Users\simon\Documents\Code\thesis-code\commons-io-master\src\test\java\org\apache\commons\io\function\UncheckTest.java,UncheckTest.java,UncheckTest,testGetAsInt,4,0,void,,true,true,true,true
C:\Users\simon\Documents\Code\thesis-code\commons-io-master\src\test\java\org\apache\commons\io\function\UncheckTest.java,UncheckTest.java,UncheckTest,testGetAsIntMessage,6,0,void,,true,true,true,true
C:\Users\simon\Documents\Code\thesis-code\commons-io-master\src\test\java\org\apache\commons\io\function\UncheckTest.java,UncheckTest.java,UncheckTest,testGetAsLong,4,0,void,,true,true,true,true
C:\Users\simon\Documents\Code\thesis-code\commons-io-master\src\test\java\org\apache\commons\io\function\UncheckTest.java,UncheckTest.java,UncheckTest,testGetAsLongMessage,6,0,void,,true,true,true,true
C:\Users\simon\Documents\Code\thesis-code\commons-io-master\src\test\java\org\apache\commons\io\function\UncheckTest.java,UncheckTest.java,UncheckTest,testGetMessage,3,0,void,,true,true,true,true
C:\Users\simon\Documents\Code\thesis-code\commons-io-master\src\test\java\org\apache\commons\io\function\UncheckTest.java,UncheckTest.java,UncheckTest,testRun,7,0,void,,true,true,true,true
C:\Users\simon\Documents\Code\thesis-code\commons-io-master\src\test\java\org\apache\commons\io\function\UncheckTest.java,UncheckTest.java,UncheckTest,testRunMessage,5,0,void,,true,true,true,true
C:\Users\simon\Documents\Code\thesis-code\commons-io-master\src\test\java\org\apache\commons\io\function\UncheckTest.java,UncheckTest.java,UncheckTest,testTest,4,0,void,,true,true,true,true
C:\Users\simon\Documents\Code\thesis-code\commons-io-master\src\test\java\org\apache\commons\io\HexDumpTest.java,HexDumpTest.java,HexDumpTest,testDumpAppendable,17,0,void,,true,true,true,true
C:\Users\simon\Documents\Code\thesis-code\commons-io-master\src\test\java\org\apache\commons\io\HexDumpTest.java,HexDumpTest.java,HexDumpTest,testDumpOutputStream,34,0,void,,true,true,true,true
C:\Users\simon\Documents\Code\thesis-code\commons-io-master\src\test\java\org\apache\commons\io\HexDumpTest.java,HexDumpTest.java,HexDumpTest,toAscii,3,1,char,private,false,false,true,true
C:\Users\simon\Documents\Code\thesis-code\commons-io-master\src\test\java\org\apache\commons\io\HexDumpTest.java,HexDumpTest.java,HexDumpTest,toHex,2,1,char,private,false,false,true,true
C:\Users\simon\Documents\Code\thesis-code\commons-io-master\src\test\java\org\apache\commons\io\input\AbstractInputStreamTest.java,AbstractInputStreamTest.java,AbstractInputStreamTest,getArrayLengths,1,0,int[],static,false,false,true,true
C:\Users\simon\Documents\Code\thesis-code\commons-io-master\src\test\java\org\apache\commons\io\input\AbstractInputStreamTest.java,AbstractInputStreamTest.java,AbstractInputStreamTest,setUp,4,0,void,public; static,false,false,true,true
C:\Users\simon\Documents\Code\thesis-code\commons-io-master\src\test\java\org\apache\commons\io\input\AbstractInputStreamTest.java,AbstractInputStreamTest.java,AbstractInputStreamTest,tearDown,1,0,void,public,false,false,true,true
C:\Users\simon\Documents\Code\thesis-code\commons-io-master\src\test\java\org\apache\commons\io\input\AbstractInputStreamTest.java,AbstractInputStreamTest.java,AbstractInputStreamTest,testAvailableAfterClose,1,0,void,,true,true,true,true
C:\Users\simon\Documents\Code\thesis-code\commons-io-master\src\test\java\org\apache\commons\io\input\AbstractInputStreamTest.java,AbstractInputStreamTest.java,AbstractInputStreamTest,testAvailableAfterOpen,1,0,void,,true,true,true,true
C:\Users\simon\Documents\Code\thesis-code\commons-io-master\src\test\java\org\apache\commons\io\input\AbstractInputStreamTest.java,AbstractInputStreamTest.java,AbstractInputStreamTest,testAvailableAfterRead,1,0,void,,true,true,true,true
C:\Users\simon\Documents\Code\thesis-code\commons-io-master\src\test\java\org\apache\commons\io\input\AbstractInputStreamTest.java,AbstractInputStreamTest.java,AbstractInputStreamTest,testAvailableAtEnd,1,0,void,,true,true,true,true
C:\Users\simon\Documents\Code\thesis-code\commons-io-master\src\test\java\org\apache\commons\io\input\AbstractInputStreamTest.java,AbstractInputStreamTest.java,AbstractInputStreamTest,testBytesSkipped,1,0,void,,true,true,true,true
C:\Users\simon\Documents\Code\thesis-code\commons-io-master\src\test\java\org\apache\commons\io\input\AbstractInputStreamTest.java,AbstractInputStreamTest.java,AbstractInputStreamTest,testBytesSkippedAfterEOF,1,0,void,,true,true,true,true
C:\Users\simon\Documents\Code\thesis-code\commons-io-master\src\test\java\org\apache\commons\io\input\AbstractInputStreamTest.java,AbstractInputStreamTest.java,AbstractInputStreamTest,testBytesSkippedAfterRead,1,0,void,,true,true,true,true
C:\Users\simon\Documents\Code\thesis-code\commons-io-master\src\test\java\org\apache\commons\io\input\AbstractInputStreamTest.java,AbstractInputStreamTest.java,AbstractInputStreamTest,testNegativeBytesSkippedAfterRead,1,0,void,,true,true,true,true
C:\Users\simon\Documents\Code\thesis-code\commons-io-master\src\test\java\org\apache\commons\io\input\AbstractInputStreamTest.java,AbstractInputStreamTest.java,AbstractInputStreamTest,testReadMultipleBytes,1,1,void,,false,true,true,true
C:\Users\simon\Documents\Code\thesis-code\commons-io-master\src\test\java\org\apache\commons\io\input\AbstractInputStreamTest.java,AbstractInputStreamTest.java,AbstractInputStreamTest,testReadOneByOne,1,0,void,,true,true,true,true
C:\Users\simon\Documents\Code\thesis-code\commons-io-master\src\test\java\org\apache\commons\io\input\AbstractInputStreamTest.java,AbstractInputStreamTest.java,AbstractInputStreamTest,testReadOneByOneCheckAvailable,2,0,void,,true,true,true,true
C:\Users\simon\Documents\Code\thesis-code\commons-io-master\src\test\java\org\apache\commons\io\input\AbstractInputStreamTest.java,AbstractInputStreamTest.java,AbstractInputStreamTest,testReadPastEof,5,0,void,,true,true,true,true
C:\Users\simon\Documents\Code\thesis-code\commons-io-master\src\test\java\org\apache\commons\io\input\AbstractInputStreamTest.java,AbstractInputStreamTest.java,AbstractInputStreamTest,testSkipFromFileChannel,1,0,void,,true,true,true,true
C:\Users\simon\Documents\Code\thesis-code\commons-io-master\src\test\java\org\apache\commons\io\input\AutoCloseInputStreamTest.java,AutoCloseInputStreamTest.java,AutoCloseInputStreamTest,setUp,2,0,void,public,false,false,true,true
C:\Users\simon\Documents\Code\thesis-code\commons-io-master\src\test\java\org\apache\commons\io\input\AutoCloseInputStreamTest.java,AutoCloseInputStreamTest.java,AutoCloseInputStreamTest,testAfterReadConsumer,6,0,void,,true,true,true,true
C:\Users\simon\Documents\Code\thesis-code\commons-io-master\src\test\java\org\apache\commons\io\input\AutoCloseInputStreamTest.java,AutoCloseInputStreamTest.java,AutoCloseInputStreamTest,testAvailableAfterClose,3,0,void,,true,true,true,true
C:\Users\simon\Documents\Code\thesis-code\commons-io-master\src\test\java\org\apache\commons\io\input\AutoCloseInputStreamTest.java,AutoCloseInputStreamTest.java,AutoCloseInputStreamTest,testAvailableAll,1,0,void,,true,true,true,true
C:\Users\simon\Documents\Code\thesis-code\commons-io-master\src\test\java\org\apache\commons\io\input\AutoCloseInputStreamTest.java,AutoCloseInputStreamTest.java,AutoCloseInputStreamTest,testAvailableNull,1,0,void,,true,true,true,true
C:\Users\simon\Documents\Code\thesis-code\commons-io-master\src\test\java\org\apache\commons\io\input\AutoCloseInputStreamTest.java,AutoCloseInputStreamTest.java,AutoCloseInputStreamTest,testBuilderGet,1,0,void,,true,true,true,true
C:\Users\simon\Documents\Code\thesis-code\commons-io-master\src\test\java\org\apache\commons\io\input\AutoCloseInputStreamTest.java,AutoCloseInputStreamTest.java,AutoCloseInputStreamTest,testClose,4,0,void,,true,true,true,true
C:\Users\simon\Documents\Code\thesis-code\commons-io-master\src\test\java\org\apache\commons\io\input\AutoCloseInputStreamTest.java,AutoCloseInputStreamTest.java,AutoCloseInputStreamTest,testCloseHandleIOException,1,0,void,,true,true,true,true
C:\Users\simon\Documents\Code\thesis-code\commons-io-master\src\test\java\org\apache\commons\io\input\AutoCloseInputStreamTest.java,AutoCloseInputStreamTest.java,AutoCloseInputStreamTest,testFinalize,3,0,void,,true,true,true,true
C:\Users\simon\Documents\Code\thesis-code\commons-io-master\src\test\java\org\apache\commons\io\input\AutoCloseInputStreamTest.java,AutoCloseInputStreamTest.java,AutoCloseInputStreamTest,testRead,3,0,void,,true,true,true,true
C:\Users\simon\Documents\Code\thesis-code\commons-io-master\src\test\java\org\apache\commons\io\input\AutoCloseInputStreamTest.java,AutoCloseInputStreamTest.java,AutoCloseInputStreamTest,testReadBuffer,6,0,void,,true,true,true,true
C:\Users\simon\Documents\Code\thesis-code\commons-io-master\src\test\java\org\apache\commons\io\input\AutoCloseInputStreamTest.java,AutoCloseInputStreamTest.java,AutoCloseInputStreamTest,testReadBufferOffsetLength,7,0,void,,true,true,true,true
C:\Users\simon\Documents\Code\thesis-code\commons-io-master\src\test\java\org\apache\commons\io\input\AutoCloseInputStreamTest.java,AutoCloseInputStreamTest.java,AutoCloseInputStreamTest,testResetBeforeEnd,16,1,void,private,false,true,true,true
C:\Users\simon\Documents\Code\thesis-code\commons-io-master\src\test\java\org\apache\commons\io\input\AutoCloseInputStreamTest.java,AutoCloseInputStreamTest.java,AutoCloseInputStreamTest,testResetBeforeEndCtor,1,0,void,,true,true,true,true
C:\Users\simon\Documents\Code\thesis-code\commons-io-master\src\test\java\org\apache\commons\io\input\AutoCloseInputStreamTest.java,AutoCloseInputStreamTest.java,AutoCloseInputStreamTest,testResetBeforeEndSetByteArray,1,0,void,,true,true,true,true
C:\Users\simon\Documents\Code\thesis-code\commons-io-master\src\test\java\org\apache\commons\io\input\AutoCloseInputStreamTest.java,AutoCloseInputStreamTest.java,AutoCloseInputStreamTest,testResetBeforeEndSetCharSequence,1,0,void,,true,true,true,true
C:\Users\simon\Documents\Code\thesis-code\commons-io-master\src\test\java\org\apache\commons\io\input\AutoCloseInputStreamTest.java,AutoCloseInputStreamTest.java,AutoCloseInputStreamTest,testResetBeforeEndSetInputStream,1,0,void,,true,true,true,true
C:\Users\simon\Documents\Code\thesis-code\commons-io-master\src\test\java\org\apache\commons\io\input\AutoCloseInputStreamTest.java,AutoCloseInputStreamTest.java,AutoCloseInputStreamTest,testrReadAfterClose,3,0,void,,true,true,true,true
C:\Users\simon\Documents\Code\thesis-code\commons-io-master\src\test\java\org\apache\commons\io\input\BOMInputStreamTest.java,BOMInputStreamTest.java,ExpectCloseInputStream,assertCloseCalled,1,0,void,public,false,false,true,false
C:\Users\simon\Documents\Code\thesis-code\commons-io-master\src\test\java\org\apache\commons\io\input\BOMInputStreamTest.java,BOMInputStreamTest.java,ExpectCloseInputStream,close,1,0,void,public,false,false,true,false
C:\Users\simon\Documents\Code\thesis-code\commons-io-master\src\test\java\org\apache\commons\io\input\BOMInputStreamTest.java,BOMInputStreamTest.java,ExpectCloseInputStream,read,1,0,int,public,false,false,true,false
C:\Users\simon\Documents\Code\thesis-code\commons-io-master\src\test\java\org\apache\commons\io\input\BOMInputStreamTest.java,BOMInputStreamTest.java,ExpectCloseInputStream,assertData,2,3,void,private,false,false,true,false
C:\Users\simon\Documents\Code\thesis-code\commons-io-master\src\test\java\org\apache\commons\io\input\BOMInputStreamTest.java,BOMInputStreamTest.java,ExpectCloseInputStream,createUtf16BeDataStream,3,2,InputStream,private,false,false,true,false
C:\Users\simon\Documents\Code\thesis-code\commons-io-master\src\test\java\org\apache\commons\io\input\BOMInputStreamTest.java,BOMInputStreamTest.java,ExpectCloseInputStream,createUtf16LeDataStream,3,2,InputStream,private,false,false,true,false
C:\Users\simon\Documents\Code\thesis-code\commons-io-master\src\test\java\org\apache\commons\io\input\BOMInputStreamTest.java,BOMInputStreamTest.java,ExpectCloseInputStream,createUtf32BeDataStream,3,2,InputStream,private,false,false,true,false
C:\Users\simon\Documents\Code\thesis-code\commons-io-master\src\test\java\org\apache\commons\io\input\BOMInputStreamTest.java,BOMInputStreamTest.java,ExpectCloseInputStream,createUtf32LeDataStream,3,2,InputStream,private,false,false,true,false
C:\Users\simon\Documents\Code\thesis-code\commons-io-master\src\test\java\org\apache\commons\io\input\BOMInputStreamTest.java,BOMInputStreamTest.java,ExpectCloseInputStream,createUtf8Input,3,2,InputStream,private,false,false,true,false
C:\Users\simon\Documents\Code\thesis-code\commons-io-master\src\test\java\org\apache\commons\io\input\BOMInputStreamTest.java,BOMInputStreamTest.java,ExpectCloseInputStream,doesSaxSupportCharacterSet,3,1,boolean,private,false,false,true,false
C:\Users\simon\Documents\Code\thesis-code\commons-io-master\src\test\java\org\apache\commons\io\input\BOMInputStreamTest.java,BOMInputStreamTest.java,ExpectCloseInputStream,jvmAndSaxBothSupportCharset,1,1,boolean,private,false,false,true,false
C:\Users\simon\Documents\Code\thesis-code\commons-io-master\src\test\java\org\apache\commons\io\input\BOMInputStreamTest.java,BOMInputStreamTest.java,ExpectCloseInputStream,parseXml,3,1,void,private,false,false,true,false
C:\Users\simon\Documents\Code\thesis-code\commons-io-master\src\test\java\org\apache\commons\io\input\BOMInputStreamTest.java,BOMInputStreamTest.java,ExpectCloseInputStream,parseXml,3,1,void,private,false,false,true,false
C:\Users\simon\Documents\Code\thesis-code\commons-io-master\src\test\java\org\apache\commons\io\input\BOMInputStreamTest.java,BOMInputStreamTest.java,ExpectCloseInputStream,readBOMInputStreamTwice,1,1,void,private,false,false,true,false
C:\Users\simon\Documents\Code\thesis-code\commons-io-master\src\test\java\org\apache\commons\io\input\BOMInputStreamTest.java,BOMInputStreamTest.java,ExpectCloseInputStream,readFile,3,1,void,private,false,false,true,false
C:\Users\simon\Documents\Code\thesis-code\commons-io-master\src\test\java\org\apache\commons\io\input\BOMInputStreamTest.java,BOMInputStreamTest.java,ExpectCloseInputStream,testAfterReadConsumer,6,0,void,,true,true,true,false
C:\Users\simon\Documents\Code\thesis-code\commons-io-master\src\test\java\org\apache\commons\io\input\BOMInputStreamTest.java,BOMInputStreamTest.java,ExpectCloseInputStream,testAvailableWithBOMAfterClose,4,0,void,,true,true,true,false
C:\Users\simon\Documents\Code\thesis-code\commons-io-master\src\test\java\org\apache\commons\io\input\BOMInputStreamTest.java,BOMInputStreamTest.java,ExpectCloseInputStream,testAvailableWithBOMAfterOpen,2,0,void,,true,true,true,false
C:\Users\simon\Documents\Code\thesis-code\commons-io-master\src\test\java\org\apache\commons\io\input\BOMInputStreamTest.java,BOMInputStreamTest.java,ExpectCloseInputStream,testAvailableWithoutBOM,2,0,void,,true,true,true,false
C:\Users\simon\Documents\Code\thesis-code\commons-io-master\src\test\java\org\apache\commons\io\input\BOMInputStreamTest.java,BOMInputStreamTest.java,ExpectCloseInputStream,testBuilderGet,1,0,void,,true,true,true,false
C:\Users\simon\Documents\Code\thesis-code\commons-io-master\src\test\java\org\apache\commons\io\input\BOMInputStreamTest.java,BOMInputStreamTest.java,ExpectCloseInputStream,testClose,1,0,"// this is here for coverage
void",,true,true,true,false
C:\Users\simon\Documents\Code\thesis-code\commons-io-master\src\test\java\org\apache\commons\io\input\BOMInputStreamTest.java,BOMInputStreamTest.java,ExpectCloseInputStream,testCloseHandleIOException,1,0,void,,true,true,true,false
C:\Users\simon\Documents\Code\thesis-code\commons-io-master\src\test\java\org\apache\commons\io\input\BOMInputStreamTest.java,BOMInputStreamTest.java,ExpectCloseInputStream,testEmptyBufferWithBOM,2,0,void,,true,true,true,false
C:\Users\simon\Documents\Code\thesis-code\commons-io-master\src\test\java\org\apache\commons\io\input\BOMInputStreamTest.java,BOMInputStreamTest.java,ExpectCloseInputStream,testEmptyBufferWithoutBOM,2,0,void,,true,true,true,false
C:\Users\simon\Documents\Code\thesis-code\commons-io-master\src\test\java\org\apache\commons\io\input\BOMInputStreamTest.java,BOMInputStreamTest.java,ExpectCloseInputStream,testGetBOMFirstThenRead,2,0,void,,true,true,true,false
C:\Users\simon\Documents\Code\thesis-code\commons-io-master\src\test\java\org\apache\commons\io\input\BOMInputStreamTest.java,BOMInputStreamTest.java,ExpectCloseInputStream,testGetBOMFirstThenReadInclude,2,0,void,,true,true,true,false
C:\Users\simon\Documents\Code\thesis-code\commons-io-master\src\test\java\org\apache\commons\io\input\BOMInputStreamTest.java,BOMInputStreamTest.java,ExpectCloseInputStream,testLargeBufferWithBOM,2,0,void,,true,true,true,false
C:\Users\simon\Documents\Code\thesis-code\commons-io-master\src\test\java\org\apache\commons\io\input\BOMInputStreamTest.java,BOMInputStreamTest.java,ExpectCloseInputStream,testLargeBufferWithoutBOM,2,0,void,,true,true,true,false
C:\Users\simon\Documents\Code\thesis-code\commons-io-master\src\test\java\org\apache\commons\io\input\BOMInputStreamTest.java,BOMInputStreamTest.java,ExpectCloseInputStream,testLeadingNonBOMBufferedRead,2,0,void,,true,true,true,false
C:\Users\simon\Documents\Code\thesis-code\commons-io-master\src\test\java\org\apache\commons\io\input\BOMInputStreamTest.java,BOMInputStreamTest.java,ExpectCloseInputStream,testLeadingNonBOMSingleRead,2,0,void,,true,true,true,false
C:\Users\simon\Documents\Code\thesis-code\commons-io-master\src\test\java\org\apache\commons\io\input\BOMInputStreamTest.java,BOMInputStreamTest.java,ExpectCloseInputStream,testMarkResetAfterReadWithBOM,2,0,void,,true,true,true,false
C:\Users\simon\Documents\Code\thesis-code\commons-io-master\src\test\java\org\apache\commons\io\input\BOMInputStreamTest.java,BOMInputStreamTest.java,ExpectCloseInputStream,testMarkResetAfterReadWithoutBOM,2,0,void,,true,true,true,false
C:\Users\simon\Documents\Code\thesis-code\commons-io-master\src\test\java\org\apache\commons\io\input\BOMInputStreamTest.java,BOMInputStreamTest.java,ExpectCloseInputStream,testMarkResetBeforeReadWithBOM,2,0,void,,true,true,true,false
C:\Users\simon\Documents\Code\thesis-code\commons-io-master\src\test\java\org\apache\commons\io\input\BOMInputStreamTest.java,BOMInputStreamTest.java,ExpectCloseInputStream,testMarkResetBeforeReadWithoutBOM,2,0,void,,true,true,true,false
C:\Users\simon\Documents\Code\thesis-code\commons-io-master\src\test\java\org\apache\commons\io\input\BOMInputStreamTest.java,BOMInputStreamTest.java,ExpectCloseInputStream,testNoBoms,5,0,void,,true,true,true,false
C:\Users\simon\Documents\Code\thesis-code\commons-io-master\src\test\java\org\apache\commons\io\input\BOMInputStreamTest.java,BOMInputStreamTest.java,ExpectCloseInputStream,testReadAfterClose,2,0,void,,true,true,true,false
C:\Users\simon\Documents\Code\thesis-code\commons-io-master\src\test\java\org\apache\commons\io\input\BOMInputStreamTest.java,BOMInputStreamTest.java,ExpectCloseInputStream,testReadEmpty,2,0,void,,true,true,true,false
C:\Users\simon\Documents\Code\thesis-code\commons-io-master\src\test\java\org\apache\commons\io\input\BOMInputStreamTest.java,BOMInputStreamTest.java,ExpectCloseInputStream,testReadSmall,2,0,void,,true,true,true,false
C:\Users\simon\Documents\Code\thesis-code\commons-io-master\src\test\java\org\apache\commons\io\input\BOMInputStreamTest.java,BOMInputStreamTest.java,ExpectCloseInputStream,testReadTwiceWithBOM,1,0,void,,true,true,true,false
C:\Users\simon\Documents\Code\thesis-code\commons-io-master\src\test\java\org\apache\commons\io\input\BOMInputStreamTest.java,BOMInputStreamTest.java,ExpectCloseInputStream,testReadTwiceWithoutBOM,1,0,void,,true,true,true,false
C:\Users\simon\Documents\Code\thesis-code\commons-io-master\src\test\java\org\apache\commons\io\input\BOMInputStreamTest.java,BOMInputStreamTest.java,ExpectCloseInputStream,testReadWithBOMInclude,2,0,void,,true,true,true,false
C:\Users\simon\Documents\Code\thesis-code\commons-io-master\src\test\java\org\apache\commons\io\input\BOMInputStreamTest.java,BOMInputStreamTest.java,ExpectCloseInputStream,testReadWithBOMUtf16Be,2,0,void,,true,true,true,false
C:\Users\simon\Documents\Code\thesis-code\commons-io-master\src\test\java\org\apache\commons\io\input\BOMInputStreamTest.java,BOMInputStreamTest.java,ExpectCloseInputStream,testReadWithBOMUtf16Le,2,0,void,,true,true,true,false
C:\Users\simon\Documents\Code\thesis-code\commons-io-master\src\test\java\org\apache\commons\io\input\BOMInputStreamTest.java,BOMInputStreamTest.java,ExpectCloseInputStream,testReadWithBOMUtf32Be,3,0,void,,true,true,true,false
C:\Users\simon\Documents\Code\thesis-code\commons-io-master\src\test\java\org\apache\commons\io\input\BOMInputStreamTest.java,BOMInputStreamTest.java,ExpectCloseInputStream,testReadWithBOMUtf32Le,3,0,void,,true,true,true,false
C:\Users\simon\Documents\Code\thesis-code\commons-io-master\src\test\java\org\apache\commons\io\input\BOMInputStreamTest.java,BOMInputStreamTest.java,ExpectCloseInputStream,testReadWithBOMUtf8,2,0,void,,true,true,true,false
C:\Users\simon\Documents\Code\thesis-code\commons-io-master\src\test\java\org\apache\commons\io\input\BOMInputStreamTest.java,BOMInputStreamTest.java,ExpectCloseInputStream,testReadWithMultipleBOM,2,0,void,,true,true,true,false
C:\Users\simon\Documents\Code\thesis-code\commons-io-master\src\test\java\org\apache\commons\io\input\BOMInputStreamTest.java,BOMInputStreamTest.java,ExpectCloseInputStream,testReadWithoutBOM,2,0,void,,true,true,true,false
C:\Users\simon\Documents\Code\thesis-code\commons-io-master\src\test\java\org\apache\commons\io\input\BOMInputStreamTest.java,BOMInputStreamTest.java,ExpectCloseInputStream,testReadXmlWithBOMUcs2,5,0,void,,true,true,true,false
C:\Users\simon\Documents\Code\thesis-code\commons-io-master\src\test\java\org\apache\commons\io\input\BOMInputStreamTest.java,BOMInputStreamTest.java,ExpectCloseInputStream,testReadXmlWithBOMUcs4,4,0,void,,true,true,true,false
C:\Users\simon\Documents\Code\thesis-code\commons-io-master\src\test\java\org\apache\commons\io\input\BOMInputStreamTest.java,BOMInputStreamTest.java,ExpectCloseInputStream,testReadXmlWithBOMUtf16Be,3,0,void,,true,true,true,false
C:\Users\simon\Documents\Code\thesis-code\commons-io-master\src\test\java\org\apache\commons\io\input\BOMInputStreamTest.java,BOMInputStreamTest.java,ExpectCloseInputStream,testReadXmlWithBOMUtf16Le,3,0,void,,true,true,true,false
C:\Users\simon\Documents\Code\thesis-code\commons-io-master\src\test\java\org\apache\commons\io\input\BOMInputStreamTest.java,BOMInputStreamTest.java,ExpectCloseInputStream,testReadXmlWithBOMUtf32Be,4,0,void,,true,true,true,false
C:\Users\simon\Documents\Code\thesis-code\commons-io-master\src\test\java\org\apache\commons\io\input\BOMInputStreamTest.java,BOMInputStreamTest.java,ExpectCloseInputStream,testReadXmlWithBOMUtf32Le,4,0,void,,true,true,true,false
C:\Users\simon\Documents\Code\thesis-code\commons-io-master\src\test\java\org\apache\commons\io\input\BOMInputStreamTest.java,BOMInputStreamTest.java,ExpectCloseInputStream,testReadXmlWithBOMUtf8,3,0,void,,true,true,true,false
C:\Users\simon\Documents\Code\thesis-code\commons-io-master\src\test\java\org\apache\commons\io\input\BOMInputStreamTest.java,BOMInputStreamTest.java,ExpectCloseInputStream,testReadXmlWithoutBOMUtf32Be,4,0,void,,true,true,true,false
C:\Users\simon\Documents\Code\thesis-code\commons-io-master\src\test\java\org\apache\commons\io\input\BOMInputStreamTest.java,BOMInputStreamTest.java,ExpectCloseInputStream,testReadXmlWithoutBOMUtf32Le,4,0,void,,true,true,true,false
C:\Users\simon\Documents\Code\thesis-code\commons-io-master\src\test\java\org\apache\commons\io\input\BOMInputStreamTest.java,BOMInputStreamTest.java,ExpectCloseInputStream,testSkipReturnValueWithBom,2,0,void,,true,true,true,false
C:\Users\simon\Documents\Code\thesis-code\commons-io-master\src\test\java\org\apache\commons\io\input\BOMInputStreamTest.java,BOMInputStreamTest.java,ExpectCloseInputStream,testSkipReturnValueWithoutBom,2,0,void,,true,true,true,false
C:\Users\simon\Documents\Code\thesis-code\commons-io-master\src\test\java\org\apache\commons\io\input\BOMInputStreamTest.java,BOMInputStreamTest.java,ExpectCloseInputStream,testSkipWithBOM,2,0,void,,true,true,true,false
C:\Users\simon\Documents\Code\thesis-code\commons-io-master\src\test\java\org\apache\commons\io\input\BOMInputStreamTest.java,BOMInputStreamTest.java,ExpectCloseInputStream,testSkipWithoutBOM,2,0,void,,true,true,true,false
C:\Users\simon\Documents\Code\thesis-code\commons-io-master\src\test\java\org\apache\commons\io\input\BOMInputStreamTest.java,BOMInputStreamTest.java,ExpectCloseInputStream,testSmallBufferWithBOM,2,0,void,,true,true,true,false
C:\Users\simon\Documents\Code\thesis-code\commons-io-master\src\test\java\org\apache\commons\io\input\BOMInputStreamTest.java,BOMInputStreamTest.java,ExpectCloseInputStream,testSmallBufferWithoutBOM,2,0,void,,true,true,true,false
C:\Users\simon\Documents\Code\thesis-code\commons-io-master\src\test\java\org\apache\commons\io\input\BOMInputStreamTest.java,BOMInputStreamTest.java,ExpectCloseInputStream,testSupportCode,1,0,"// make sure that our support code works as expected
void",,true,true,true,false
C:\Users\simon\Documents\Code\thesis-code\commons-io-master\src\test\java\org\apache\commons\io\input\BoundedInputStreamTest.java,BoundedInputStreamTest.java,BoundedInputStreamTest,testAvailableAfterClose,7,0,Stream<Arguments>,static,false,true,true,true
C:\Users\simon\Documents\Code\thesis-code\commons-io-master\src\test\java\org\apache\commons\io\input\BoundedInputStreamTest.java,BoundedInputStreamTest.java,BoundedInputStreamTest,testAvailableUpperLimit,2,0,Stream<Arguments>,static,false,true,true,true
C:\Users\simon\Documents\Code\thesis-code\commons-io-master\src\test\java\org\apache\commons\io\input\BoundedInputStreamTest.java,BoundedInputStreamTest.java,BoundedInputStreamTest,testReadAfterClose,8,0,Stream<Arguments>,static,false,true,true,true
C:\Users\simon\Documents\Code\thesis-code\commons-io-master\src\test\java\org\apache\commons\io\input\BoundedInputStreamTest.java,BoundedInputStreamTest.java,BoundedInputStreamTest,testRemaining,1,0,Stream<Arguments>,static,false,true,true,true
C:\Users\simon\Documents\Code\thesis-code\commons-io-master\src\test\java\org\apache\commons\io\input\BoundedInputStreamTest.java,BoundedInputStreamTest.java,BoundedInputStreamTest,compare,3,3,void,private,false,false,true,true
C:\Users\simon\Documents\Code\thesis-code\commons-io-master\src\test\java\org\apache\commons\io\input\BoundedInputStreamTest.java,BoundedInputStreamTest.java,BoundedInputStreamTest,testAfterReadConsumer,6,0,void,,true,true,true,true
C:\Users\simon\Documents\Code\thesis-code\commons-io-master\src\test\java\org\apache\commons\io\input\BoundedInputStreamTest.java,BoundedInputStreamTest.java,BoundedInputStreamTest,testAvailableAfterClose,6,3,void,,false,true,true,true
C:\Users\simon\Documents\Code\thesis-code\commons-io-master\src\test\java\org\apache\commons\io\input\BoundedInputStreamTest.java,BoundedInputStreamTest.java,BoundedInputStreamTest,testAvailableUpperLimit,1,4,void,,false,true,true,true
C:\Users\simon\Documents\Code\thesis-code\commons-io-master\src\test\java\org\apache\commons\io\input\BoundedInputStreamTest.java,BoundedInputStreamTest.java,BoundedInputStreamTest,testBuilderGet,1,0,void,,true,true,true,true
C:\Users\simon\Documents\Code\thesis-code\commons-io-master\src\test\java\org\apache\commons\io\input\BoundedInputStreamTest.java,BoundedInputStreamTest.java,BoundedInputStreamTest,testCloseHandleIOException,1,0,void,,true,true,true,true
C:\Users\simon\Documents\Code\thesis-code\commons-io-master\src\test\java\org\apache\commons\io\input\BoundedInputStreamTest.java,BoundedInputStreamTest.java,BoundedInputStreamTest,testCounts,7,1,void,,false,true,true,true
C:\Users\simon\Documents\Code\thesis-code\commons-io-master\src\test\java\org\apache\commons\io\input\BoundedInputStreamTest.java,BoundedInputStreamTest.java,BoundedInputStreamTest,testMarkReset,10,0,void,,true,true,true,true
C:\Users\simon\Documents\Code\thesis-code\commons-io-master\src\test\java\org\apache\commons\io\input\BoundedInputStreamTest.java,BoundedInputStreamTest.java,BoundedInputStreamTest,testOnMaxCountConsumer,6,0,void,,true,true,true,true
C:\Users\simon\Documents\Code\thesis-code\commons-io-master\src\test\java\org\apache\commons\io\input\BoundedInputStreamTest.java,BoundedInputStreamTest.java,BoundedInputStreamTest,testOnMaxLength,9,0,void,,true,true,true,true
C:\Users\simon\Documents\Code\thesis-code\commons-io-master\src\test\java\org\apache\commons\io\input\BoundedInputStreamTest.java,BoundedInputStreamTest.java,BoundedInputStreamTest,testPublicConstructors,4,0,void,,true,true,true,true
C:\Users\simon\Documents\Code\thesis-code\commons-io-master\src\test\java\org\apache\commons\io\input\BoundedInputStreamTest.java,BoundedInputStreamTest.java,BoundedInputStreamTest,testReadAfterClose,6,3,void,,false,true,true,true
C:\Users\simon\Documents\Code\thesis-code\commons-io-master\src\test\java\org\apache\commons\io\input\BoundedInputStreamTest.java,BoundedInputStreamTest.java,BoundedInputStreamTest,testReadArray,7,0,void,,true,true,true,true
C:\Users\simon\Documents\Code\thesis-code\commons-io-master\src\test\java\org\apache\commons\io\input\BoundedInputStreamTest.java,BoundedInputStreamTest.java,BoundedInputStreamTest,testReadSingle,5,0,void,,true,true,true,true
C:\Users\simon\Documents\Code\thesis-code\commons-io-master\src\test\java\org\apache\commons\io\input\BoundedInputStreamTest.java,BoundedInputStreamTest.java,BoundedInputStreamTest,testRemaining,2,3,void,,false,true,true,true
C:\Users\simon\Documents\Code\thesis-code\commons-io-master\src\test\java\org\apache\commons\io\input\BoundedInputStreamTest.java,BoundedInputStreamTest.java,BoundedInputStreamTest,testReset,7,0,void,,true,true,true,true
C:\Users\simon\Documents\Code\thesis-code\commons-io-master\src\test\java\org\apache\commons\io\input\BoundedReaderTest.java,BoundedReaderTest.java,BoundedReaderTest,testCloseTest,3,0,void,,true,true,true,true
C:\Users\simon\Documents\Code\thesis-code\commons-io-master\src\test\java\org\apache\commons\io\input\BoundedReaderTest.java,BoundedReaderTest.java,BoundedReaderTest,close,2,0,void,public,false,false,true,true
C:\Users\simon\Documents\Code\thesis-code\commons-io-master\src\test\java\org\apache\commons\io\input\BoundedReaderTest.java,BoundedReaderTest.java,BoundedReaderTest,testLineNumberReader,1,1,void,private,false,true,true,true
C:\Users\simon\Documents\Code\thesis-code\commons-io-master\src\test\java\org\apache\commons\io\input\BoundedReaderTest.java,BoundedReaderTest.java,BoundedReaderTest,testLineNumberReaderAndFileReaderLastLine,1,1,void,,false,true,true,true
C:\Users\simon\Documents\Code\thesis-code\commons-io-master\src\test\java\org\apache\commons\io\input\BoundedReaderTest.java,BoundedReaderTest.java,BoundedReaderTest,testLineNumberReaderAndFileReaderLastLineEolNo,1,0,void,,true,true,true,true
C:\Users\simon\Documents\Code\thesis-code\commons-io-master\src\test\java\org\apache\commons\io\input\BoundedReaderTest.java,BoundedReaderTest.java,BoundedReaderTest,testLineNumberReaderAndFileReaderLastLineEolYes,1,0,void,,true,true,true,true
C:\Users\simon\Documents\Code\thesis-code\commons-io-master\src\test\java\org\apache\commons\io\input\BoundedReaderTest.java,BoundedReaderTest.java,BoundedReaderTest,testLineNumberReaderAndStringReaderLastLineEolNo,1,0,void,,true,true,true,true
C:\Users\simon\Documents\Code\thesis-code\commons-io-master\src\test\java\org\apache\commons\io\input\BoundedReaderTest.java,BoundedReaderTest.java,BoundedReaderTest,testLineNumberReaderAndStringReaderLastLineEolYes,1,0,void,,true,true,true,true
C:\Users\simon\Documents\Code\thesis-code\commons-io-master\src\test\java\org\apache\commons\io\input\BoundedReaderTest.java,BoundedReaderTest.java,BoundedReaderTest,testMarkReset,1,0,void,,true,true,true,true
C:\Users\simon\Documents\Code\thesis-code\commons-io-master\src\test\java\org\apache\commons\io\input\BoundedReaderTest.java,BoundedReaderTest.java,BoundedReaderTest,testMarkResetFromOffset1,1,0,void,,true,true,true,true
C:\Users\simon\Documents\Code\thesis-code\commons-io-master\src\test\java\org\apache\commons\io\input\BoundedReaderTest.java,BoundedReaderTest.java,BoundedReaderTest,testMarkResetMarkMore,1,0,void,,true,true,true,true
C:\Users\simon\Documents\Code\thesis-code\commons-io-master\src\test\java\org\apache\commons\io\input\BoundedReaderTest.java,BoundedReaderTest.java,BoundedReaderTest,testMarkResetWithMarkOutsideBoundedReaderMax,1,0,void,,true,true,true,true
C:\Users\simon\Documents\Code\thesis-code\commons-io-master\src\test\java\org\apache\commons\io\input\BoundedReaderTest.java,BoundedReaderTest.java,BoundedReaderTest,testMarkResetWithMarkOutsideBoundedReaderMaxAndInitialOffset,1,0,void,,true,true,true,true
C:\Users\simon\Documents\Code\thesis-code\commons-io-master\src\test\java\org\apache\commons\io\input\BoundedReaderTest.java,BoundedReaderTest.java,BoundedReaderTest,testReadBytesEOF,1,0,void,,true,true,true,true
C:\Users\simon\Documents\Code\thesis-code\commons-io-master\src\test\java\org\apache\commons\io\input\BoundedReaderTest.java,BoundedReaderTest.java,BoundedReaderTest,testReadMulti,1,0,void,,true,true,true,true
C:\Users\simon\Documents\Code\thesis-code\commons-io-master\src\test\java\org\apache\commons\io\input\BoundedReaderTest.java,BoundedReaderTest.java,BoundedReaderTest,testReadMultiWithOffset,1,0,void,,true,true,true,true
C:\Users\simon\Documents\Code\thesis-code\commons-io-master\src\test\java\org\apache\commons\io\input\BoundedReaderTest.java,BoundedReaderTest.java,BoundedReaderTest,testReadTillEnd,1,0,void,,true,true,true,true
C:\Users\simon\Documents\Code\thesis-code\commons-io-master\src\test\java\org\apache\commons\io\input\BoundedReaderTest.java,BoundedReaderTest.java,BoundedReaderTest,testShortReader,1,0,void,,true,true,true,true
C:\Users\simon\Documents\Code\thesis-code\commons-io-master\src\test\java\org\apache\commons\io\input\BoundedReaderTest.java,BoundedReaderTest.java,BoundedReaderTest,testSkipTest,1,0,void,,true,true,true,true
C:\Users\simon\Documents\Code\thesis-code\commons-io-master\src\test\java\org\apache\commons\io\input\BrokenInputStreamTest.java,BrokenInputStreamTest.java,BrokenInputStreamTest,createBrokenInputStream,2,1,BrokenInputStream,private; static,false,false,true,true
C:\Users\simon\Documents\Code\thesis-code\commons-io-master\src\test\java\org\apache\commons\io\input\BrokenInputStreamTest.java,BrokenInputStreamTest.java,BrokenInputStreamTest,testAvailable,3,1,void,,false,true,true,true
C:\Users\simon\Documents\Code\thesis-code\commons-io-master\src\test\java\org\apache\commons\io\input\BrokenInputStreamTest.java,BrokenInputStreamTest.java,BrokenInputStreamTest,testClose,3,1,void,,false,true,true,true
C:\Users\simon\Documents\Code\thesis-code\commons-io-master\src\test\java\org\apache\commons\io\input\BrokenInputStreamTest.java,BrokenInputStreamTest.java,BrokenInputStreamTest,testInstance,1,0,void,,true,true,true,true
C:\Users\simon\Documents\Code\thesis-code\commons-io-master\src\test\java\org\apache\commons\io\input\BrokenInputStreamTest.java,BrokenInputStreamTest.java,BrokenInputStreamTest,testIO469,3,0,void,,true,true,true,true
C:\Users\simon\Documents\Code\thesis-code\commons-io-master\src\test\java\org\apache\commons\io\input\BrokenInputStreamTest.java,BrokenInputStreamTest.java,BrokenInputStreamTest,testRead,5,1,void,,false,true,true,true
C:\Users\simon\Documents\Code\thesis-code\commons-io-master\src\test\java\org\apache\commons\io\input\BrokenInputStreamTest.java,BrokenInputStreamTest.java,BrokenInputStreamTest,testReset,3,1,void,,false,true,true,true
C:\Users\simon\Documents\Code\thesis-code\commons-io-master\src\test\java\org\apache\commons\io\input\BrokenInputStreamTest.java,BrokenInputStreamTest.java,BrokenInputStreamTest,testSkip,3,1,void,,false,true,true,true
C:\Users\simon\Documents\Code\thesis-code\commons-io-master\src\test\java\org\apache\commons\io\input\BrokenInputStreamTest.java,BrokenInputStreamTest.java,BrokenInputStreamTest,testTryWithResources,6,0,void,,true,true,true,true
C:\Users\simon\Documents\Code\thesis-code\commons-io-master\src\test\java\org\apache\commons\io\input\BrokenReaderTest.java,BrokenReaderTest.java,BrokenReaderTest,createBrokenReader,2,1,BrokenReader,private; static,false,false,true,true
C:\Users\simon\Documents\Code\thesis-code\commons-io-master\src\test\java\org\apache\commons\io\input\BrokenReaderTest.java,BrokenReaderTest.java,BrokenReaderTest,testClose,3,1,void,,false,true,true,true
C:\Users\simon\Documents\Code\thesis-code\commons-io-master\src\test\java\org\apache\commons\io\input\BrokenReaderTest.java,BrokenReaderTest.java,BrokenReaderTest,testInstance,1,0,void,,true,true,true,true
C:\Users\simon\Documents\Code\thesis-code\commons-io-master\src\test\java\org\apache\commons\io\input\BrokenReaderTest.java,BrokenReaderTest.java,BrokenReaderTest,testMark,3,1,void,,false,true,true,true
C:\Users\simon\Documents\Code\thesis-code\commons-io-master\src\test\java\org\apache\commons\io\input\BrokenReaderTest.java,BrokenReaderTest.java,BrokenReaderTest,testRead,3,1,void,,false,true,true,true
C:\Users\simon\Documents\Code\thesis-code\commons-io-master\src\test\java\org\apache\commons\io\input\BrokenReaderTest.java,BrokenReaderTest.java,BrokenReaderTest,testReadCharArray,3,1,void,,false,true,true,true
C:\Users\simon\Documents\Code\thesis-code\commons-io-master\src\test\java\org\apache\commons\io\input\BrokenReaderTest.java,BrokenReaderTest.java,BrokenReaderTest,testReadCharArrayIndexed,8,1,void,,false,true,true,true
C:\Users\simon\Documents\Code\thesis-code\commons-io-master\src\test\java\org\apache\commons\io\input\BrokenReaderTest.java,BrokenReaderTest.java,BrokenReaderTest,testReadCharBuffer,4,1,void,,false,true,true,true
C:\Users\simon\Documents\Code\thesis-code\commons-io-master\src\test\java\org\apache\commons\io\input\BrokenReaderTest.java,BrokenReaderTest.java,BrokenReaderTest,testReady,3,1,void,,false,true,true,true
C:\Users\simon\Documents\Code\thesis-code\commons-io-master\src\test\java\org\apache\commons\io\input\BrokenReaderTest.java,BrokenReaderTest.java,BrokenReaderTest,testReset,3,1,void,,false,true,true,true
C:\Users\simon\Documents\Code\thesis-code\commons-io-master\src\test\java\org\apache\commons\io\input\BrokenReaderTest.java,BrokenReaderTest.java,BrokenReaderTest,testSkip,3,1,void,,false,true,true,true
C:\Users\simon\Documents\Code\thesis-code\commons-io-master\src\test\java\org\apache\commons\io\input\BrokenReaderTest.java,BrokenReaderTest.java,BrokenReaderTest,testTryWithResources,6,0,void,,true,true,true,true
C:\Users\simon\Documents\Code\thesis-code\commons-io-master\src\test\java\org\apache\commons\io\input\buffer\CircularBufferInputStreamTest.java,CircularBufferInputStreamTest.java,CircularBufferInputStreamTest,asssertNotEof,1,2,void,,false,false,true,true
C:\Users\simon\Documents\Code\thesis-code\commons-io-master\src\test\java\org\apache\commons\io\input\buffer\CircularBufferInputStreamTest.java,CircularBufferInputStreamTest.java,CircularBufferInputStreamTest,newInputBuffer,3,0,byte[],private,false,false,true,true
C:\Users\simon\Documents\Code\thesis-code\commons-io-master\src\test\java\org\apache\commons\io\input\buffer\CircularBufferInputStreamTest.java,CircularBufferInputStreamTest.java,CircularBufferInputStreamTest,testIO683,2,0,void,,true,true,true,true
C:\Users\simon\Documents\Code\thesis-code\commons-io-master\src\test\java\org\apache\commons\io\input\buffer\CircularBufferInputStreamTest.java,CircularBufferInputStreamTest.java,CircularBufferInputStreamTest,testRandomRead,8,0,void,,true,true,true,true
C:\Users\simon\Documents\Code\thesis-code\commons-io-master\src\test\java\org\apache\commons\io\input\buffer\CircularByteBufferTest.java,CircularByteBufferTest.java,CircularByteBufferTest,testAddByteSmallestBuffer,5,0,void,,true,true,true,true
C:\Users\simon\Documents\Code\thesis-code\commons-io-master\src\test\java\org\apache\commons\io\input\buffer\CircularByteBufferTest.java,CircularByteBufferTest.java,CircularByteBufferTest,testAddInvalidOffset,2,0,void,,true,true,true,true
C:\Users\simon\Documents\Code\thesis-code\commons-io-master\src\test\java\org\apache\commons\io\input\buffer\CircularByteBufferTest.java,CircularByteBufferTest.java,CircularByteBufferTest,testAddNegativeLength,3,0,void,,true,true,true,true
C:\Users\simon\Documents\Code\thesis-code\commons-io-master\src\test\java\org\apache\commons\io\input\buffer\CircularByteBufferTest.java,CircularByteBufferTest.java,CircularByteBufferTest,testAddNullBuffer,2,0,void,,true,true,true,true
C:\Users\simon\Documents\Code\thesis-code\commons-io-master\src\test\java\org\apache\commons\io\input\buffer\CircularByteBufferTest.java,CircularByteBufferTest.java,CircularByteBufferTest,testAddValidData,4,0,void,,true,true,true,true
C:\Users\simon\Documents\Code\thesis-code\commons-io-master\src\test\java\org\apache\commons\io\input\buffer\CircularByteBufferTest.java,CircularByteBufferTest.java,CircularByteBufferTest,testClear,14,0,void,,true,true,true,true
C:\Users\simon\Documents\Code\thesis-code\commons-io-master\src\test\java\org\apache\commons\io\input\buffer\CircularByteBufferTest.java,CircularByteBufferTest.java,CircularByteBufferTest,testHasSpace,10,0,void,,true,true,true,true
C:\Users\simon\Documents\Code\thesis-code\commons-io-master\src\test\java\org\apache\commons\io\input\buffer\CircularByteBufferTest.java,CircularByteBufferTest.java,CircularByteBufferTest,testHasSpaceInt,10,0,void,,true,true,true,true
C:\Users\simon\Documents\Code\thesis-code\commons-io-master\src\test\java\org\apache\commons\io\input\buffer\CircularByteBufferTest.java,CircularByteBufferTest.java,CircularByteBufferTest,testPeekWithExcessiveLength,1,0,void,,true,true,true,true
C:\Users\simon\Documents\Code\thesis-code\commons-io-master\src\test\java\org\apache\commons\io\input\buffer\CircularByteBufferTest.java,CircularByteBufferTest.java,CircularByteBufferTest,testPeekWithInvalidOffset,3,0,void,,true,true,true,true
C:\Users\simon\Documents\Code\thesis-code\commons-io-master\src\test\java\org\apache\commons\io\input\buffer\CircularByteBufferTest.java,CircularByteBufferTest.java,CircularByteBufferTest,testPeekWithNegativeLength,3,0,void,,true,true,true,true
C:\Users\simon\Documents\Code\thesis-code\commons-io-master\src\test\java\org\apache\commons\io\input\buffer\CircularByteBufferTest.java,CircularByteBufferTest.java,CircularByteBufferTest,testPeekWithValidArguments,1,0,void,,true,true,true,true
C:\Users\simon\Documents\Code\thesis-code\commons-io-master\src\test\java\org\apache\commons\io\input\buffer\CircularByteBufferTest.java,CircularByteBufferTest.java,CircularByteBufferTest,testReadByteArray,7,0,void,,true,true,true,true
C:\Users\simon\Documents\Code\thesis-code\commons-io-master\src\test\java\org\apache\commons\io\input\buffer\CircularByteBufferTest.java,CircularByteBufferTest.java,CircularByteBufferTest,testReadByteArrayIllegalArgumentException,4,0,void,,true,true,true,true
C:\Users\simon\Documents\Code\thesis-code\commons-io-master\src\test\java\org\apache\commons\io\input\buffer\PeekableInputStreamTest.java,PeekableInputStreamTest.java,PeekableInputStreamTest,asssertNotEof,1,2,void,,false,false,true,true
C:\Users\simon\Documents\Code\thesis-code\commons-io-master\src\test\java\org\apache\commons\io\input\buffer\PeekableInputStreamTest.java,PeekableInputStreamTest.java,PeekableInputStreamTest,newInputBuffer,3,0,byte[],private,false,false,true,true
C:\Users\simon\Documents\Code\thesis-code\commons-io-master\src\test\java\org\apache\commons\io\input\buffer\PeekableInputStreamTest.java,PeekableInputStreamTest.java,PeekableInputStreamTest,testIO683,2,0,void,,true,true,true,true
C:\Users\simon\Documents\Code\thesis-code\commons-io-master\src\test\java\org\apache\commons\io\input\buffer\PeekableInputStreamTest.java,PeekableInputStreamTest.java,PeekableInputStreamTest,testRandomRead,8,0,void,,true,true,true,true
C:\Users\simon\Documents\Code\thesis-code\commons-io-master\src\test\java\org\apache\commons\io\input\BufferedFileChannelInputStreamTest.java,BufferedFileChannelInputStreamTest.java,BufferedFileChannelInputStreamTest,setUpInputStreams,1,0,void,public,false,false,true,true
C:\Users\simon\Documents\Code\thesis-code\commons-io-master\src\test\java\org\apache\commons\io\input\BufferedFileChannelInputStreamTest.java,BufferedFileChannelInputStreamTest.java,BufferedFileChannelInputStreamTest,testAvailableAfterOpen,1,0,void,,true,true,true,true
C:\Users\simon\Documents\Code\thesis-code\commons-io-master\src\test\java\org\apache\commons\io\input\BufferedFileChannelInputStreamTest.java,BufferedFileChannelInputStreamTest.java,BufferedFileChannelInputStreamTest,testBuilderGet,1,0,void,,true,true,true,true
C:\Users\simon\Documents\Code\thesis-code\commons-io-master\src\test\java\org\apache\commons\io\input\BufferedFileChannelInputStreamTest.java,BufferedFileChannelInputStreamTest.java,BufferedFileChannelInputStreamTest,testReadAfterClose,1,0,void,,true,true,true,true
C:\Users\simon\Documents\Code\thesis-code\commons-io-master\src\test\java\org\apache\commons\io\input\ByteBufferCleanerTest.java,ByteBufferCleanerTest.java,ByteBufferCleanerTest,testCleanEmpty,2,0,void,,true,true,true,true
C:\Users\simon\Documents\Code\thesis-code\commons-io-master\src\test\java\org\apache\commons\io\input\ByteBufferCleanerTest.java,ByteBufferCleanerTest.java,ByteBufferCleanerTest,testCleanFull,3,0,void,,true,true,true,true
C:\Users\simon\Documents\Code\thesis-code\commons-io-master\src\test\java\org\apache\commons\io\input\ByteBufferCleanerTest.java,ByteBufferCleanerTest.java,ByteBufferCleanerTest,testSupported,1,0,void,,true,true,true,true
C:\Users\simon\Documents\Code\thesis-code\commons-io-master\src\test\java\org\apache\commons\io\input\CharacterFilterReaderIntPredicateTest.java,CharacterFilterReaderIntPredicateTest.java,CharacterFilterReaderIntPredicateTest,testInputSize0FilterAll,2,0,void,,true,true,true,true
C:\Users\simon\Documents\Code\thesis-code\commons-io-master\src\test\java\org\apache\commons\io\input\CharacterFilterReaderIntPredicateTest.java,CharacterFilterReaderIntPredicateTest.java,CharacterFilterReaderIntPredicateTest,testInputSize1FilterAll,1,0,void,,true,true,true,true
C:\Users\simon\Documents\Code\thesis-code\commons-io-master\src\test\java\org\apache\commons\io\input\CharacterFilterReaderIntPredicateTest.java,CharacterFilterReaderIntPredicateTest.java,CharacterFilterReaderIntPredicateTest,testInputSize2FilterAll,2,0,void,,true,true,true,true
C:\Users\simon\Documents\Code\thesis-code\commons-io-master\src\test\java\org\apache\commons\io\input\CharacterFilterReaderIntPredicateTest.java,CharacterFilterReaderIntPredicateTest.java,CharacterFilterReaderIntPredicateTest,testInputSize2FilterFirst,2,0,void,,true,true,true,true
C:\Users\simon\Documents\Code\thesis-code\commons-io-master\src\test\java\org\apache\commons\io\input\CharacterFilterReaderIntPredicateTest.java,CharacterFilterReaderIntPredicateTest.java,CharacterFilterReaderIntPredicateTest,testInputSize2FilterLast,2,0,void,,true,true,true,true
C:\Users\simon\Documents\Code\thesis-code\commons-io-master\src\test\java\org\apache\commons\io\input\CharacterFilterReaderIntPredicateTest.java,CharacterFilterReaderIntPredicateTest.java,CharacterFilterReaderIntPredicateTest,testInputSize5FilterWhitespace,2,0,void,,true,true,true,true
C:\Users\simon\Documents\Code\thesis-code\commons-io-master\src\test\java\org\apache\commons\io\input\CharacterFilterReaderIntPredicateTest.java,CharacterFilterReaderIntPredicateTest.java,CharacterFilterReaderIntPredicateTest,testReadIntoBuffer,2,0,void,,true,true,true,true
C:\Users\simon\Documents\Code\thesis-code\commons-io-master\src\test\java\org\apache\commons\io\input\CharacterFilterReaderIntPredicateTest.java,CharacterFilterReaderIntPredicateTest.java,CharacterFilterReaderIntPredicateTest,testReadIntoBufferFilterWhitespace,2,0,void,,true,true,true,true
C:\Users\simon\Documents\Code\thesis-code\commons-io-master\src\test\java\org\apache\commons\io\input\CharacterFilterReaderIntPredicateTest.java,CharacterFilterReaderIntPredicateTest.java,CharacterFilterReaderIntPredicateTest,testReadUsingReader,2,0,void,,true,true,true,true
C:\Users\simon\Documents\Code\thesis-code\commons-io-master\src\test\java\org\apache\commons\io\input\CharacterFilterReaderIntPredicateTest.java,CharacterFilterReaderIntPredicateTest.java,CharacterFilterReaderIntPredicateTest,testReadUsingReaderFilterWhitespace,2,0,void,,true,true,true,true
C:\Users\simon\Documents\Code\thesis-code\commons-io-master\src\test\java\org\apache\commons\io\input\CharacterFilterReaderTest.java,CharacterFilterReaderTest.java,CharacterFilterReaderTest,testInputSize0FilterSize1,4,0,void,,true,true,true,true
C:\Users\simon\Documents\Code\thesis-code\commons-io-master\src\test\java\org\apache\commons\io\input\CharacterFilterReaderTest.java,CharacterFilterReaderTest.java,CharacterFilterReaderTest,testInputSize1FilterSize1,1,0,void,,true,true,true,true
C:\Users\simon\Documents\Code\thesis-code\commons-io-master\src\test\java\org\apache\commons\io\input\CharacterFilterReaderTest.java,CharacterFilterReaderTest.java,CharacterFilterReaderTest,testInputSize2FilterSize1FilterAll,2,0,void,,true,true,true,true
C:\Users\simon\Documents\Code\thesis-code\commons-io-master\src\test\java\org\apache\commons\io\input\CharacterFilterReaderTest.java,CharacterFilterReaderTest.java,CharacterFilterReaderTest,testInputSize2FilterSize1FilterFirst,2,0,void,,true,true,true,true
C:\Users\simon\Documents\Code\thesis-code\commons-io-master\src\test\java\org\apache\commons\io\input\CharacterFilterReaderTest.java,CharacterFilterReaderTest.java,CharacterFilterReaderTest,testInputSize2FilterSize1FilterLast,2,0,void,,true,true,true,true
C:\Users\simon\Documents\Code\thesis-code\commons-io-master\src\test\java\org\apache\commons\io\input\CharacterFilterReaderTest.java,CharacterFilterReaderTest.java,CharacterFilterReaderTest,testReadFilteringEOF,2,0,void,,true,true,true,true
C:\Users\simon\Documents\Code\thesis-code\commons-io-master\src\test\java\org\apache\commons\io\input\CharacterFilterReaderTest.java,CharacterFilterReaderTest.java,CharacterFilterReaderTest,testReadIntoBuffer,2,0,void,,true,true,true,true
C:\Users\simon\Documents\Code\thesis-code\commons-io-master\src\test\java\org\apache\commons\io\input\CharacterFilterReaderTest.java,CharacterFilterReaderTest.java,CharacterFilterReaderTest,testReadUsingReader,2,0,void,,true,true,true,true
C:\Users\simon\Documents\Code\thesis-code\commons-io-master\src\test\java\org\apache\commons\io\input\CharacterSetFilterReaderTest.java,CharacterSetFilterReaderTest.java,CharacterSetFilterReaderTest,testInputSize0FilterSize0,2,0,void,,true,true,true,true
C:\Users\simon\Documents\Code\thesis-code\commons-io-master\src\test\java\org\apache\commons\io\input\CharacterSetFilterReaderTest.java,CharacterSetFilterReaderTest.java,CharacterSetFilterReaderTest,testInputSize0FilterSize1,4,0,void,,true,true,true,true
C:\Users\simon\Documents\Code\thesis-code\commons-io-master\src\test\java\org\apache\commons\io\input\CharacterSetFilterReaderTest.java,CharacterSetFilterReaderTest.java,CharacterSetFilterReaderTest,testInputSize0NullFilter,2,0,void,,true,true,true,true
C:\Users\simon\Documents\Code\thesis-code\commons-io-master\src\test\java\org\apache\commons\io\input\CharacterSetFilterReaderTest.java,CharacterSetFilterReaderTest.java,CharacterSetFilterReaderTest,testInputSize1FilterSize1,1,0,void,,true,true,true,true
C:\Users\simon\Documents\Code\thesis-code\commons-io-master\src\test\java\org\apache\commons\io\input\CharacterSetFilterReaderTest.java,CharacterSetFilterReaderTest.java,CharacterSetFilterReaderTest,testInputSize2FilterSize1FilterAll,4,0,void,,true,true,true,true
C:\Users\simon\Documents\Code\thesis-code\commons-io-master\src\test\java\org\apache\commons\io\input\CharacterSetFilterReaderTest.java,CharacterSetFilterReaderTest.java,CharacterSetFilterReaderTest,testInputSize2FilterSize1FilterFirst,4,0,void,,true,true,true,true
C:\Users\simon\Documents\Code\thesis-code\commons-io-master\src\test\java\org\apache\commons\io\input\CharacterSetFilterReaderTest.java,CharacterSetFilterReaderTest.java,CharacterSetFilterReaderTest,testInputSize2FilterSize1FilterLast,4,0,void,,true,true,true,true
C:\Users\simon\Documents\Code\thesis-code\commons-io-master\src\test\java\org\apache\commons\io\input\CharacterSetFilterReaderTest.java,CharacterSetFilterReaderTest.java,CharacterSetFilterReaderTest,testInputSize2FilterSize2FilterFirst,5,0,void,,true,true,true,true
C:\Users\simon\Documents\Code\thesis-code\commons-io-master\src\test\java\org\apache\commons\io\input\CharacterSetFilterReaderTest.java,CharacterSetFilterReaderTest.java,CharacterSetFilterReaderTest,testInputSize2FilterSize2FilterLast,5,0,void,,true,true,true,true
C:\Users\simon\Documents\Code\thesis-code\commons-io-master\src\test\java\org\apache\commons\io\input\CharacterSetFilterReaderTest.java,CharacterSetFilterReaderTest.java,CharacterSetFilterReaderTest,testInputSize2FilterSize2FilterNone,5,0,void,,true,true,true,true
C:\Users\simon\Documents\Code\thesis-code\commons-io-master\src\test\java\org\apache\commons\io\input\CharacterSetFilterReaderTest.java,CharacterSetFilterReaderTest.java,CharacterSetFilterReaderTest,testReadFilteringEOF,2,0,void,,true,true,true,true
C:\Users\simon\Documents\Code\thesis-code\commons-io-master\src\test\java\org\apache\commons\io\input\CharSequenceInputStreamTest.java,CharSequenceInputStreamTest.java,CharSequenceInputStreamTest,checkAvail,3,2,int,private,false,false,true,true
C:\Users\simon\Documents\Code\thesis-code\commons-io-master\src\test\java\org\apache\commons\io\input\CharSequenceInputStreamTest.java,CharSequenceInputStreamTest.java,CharSequenceInputStreamTest,isAvailabilityTestableForCharset,1,1,boolean,private,false,false,true,true
C:\Users\simon\Documents\Code\thesis-code\commons-io-master\src\test\java\org\apache\commons\io\input\CharSequenceInputStreamTest.java,CharSequenceInputStreamTest.java,CharSequenceInputStreamTest,isOddBallLegacyCharsetThatDoesNotSupportFrenchCharacters,1,1,boolean,private,false,false,true,true
C:\Users\simon\Documents\Code\thesis-code\commons-io-master\src\test\java\org\apache\commons\io\input\CharSequenceInputStreamTest.java,CharSequenceInputStreamTest.java,CharSequenceInputStreamTest,testAvailable,1,1,void,,false,true,true,true
C:\Users\simon\Documents\Code\thesis-code\commons-io-master\src\test\java\org\apache\commons\io\input\CharSequenceInputStreamTest.java,CharSequenceInputStreamTest.java,CharSequenceInputStreamTest,testAvailableAfterClose,3,0,void,,true,true,true,true
C:\Users\simon\Documents\Code\thesis-code\commons-io-master\src\test\java\org\apache\commons\io\input\CharSequenceInputStreamTest.java,CharSequenceInputStreamTest.java,CharSequenceInputStreamTest,testAvailableAfterOpen,2,0,void,,true,true,true,true
C:\Users\simon\Documents\Code\thesis-code\commons-io-master\src\test\java\org\apache\commons\io\input\CharSequenceInputStreamTest.java,CharSequenceInputStreamTest.java,CharSequenceInputStreamTest,testAvailableRead,2,1,void,private,false,true,true,true
C:\Users\simon\Documents\Code\thesis-code\commons-io-master\src\test\java\org\apache\commons\io\input\CharSequenceInputStreamTest.java,CharSequenceInputStreamTest.java,CharSequenceInputStreamTest,testAvailableSkip,2,1,void,private,false,true,true,true
C:\Users\simon\Documents\Code\thesis-code\commons-io-master\src\test\java\org\apache\commons\io\input\CharSequenceInputStreamTest.java,CharSequenceInputStreamTest.java,CharSequenceInputStreamTest,testBufferedRead,2,2,void,private,false,true,true,true
C:\Users\simon\Documents\Code\thesis-code\commons-io-master\src\test\java\org\apache\commons\io\input\CharSequenceInputStreamTest.java,CharSequenceInputStreamTest.java,CharSequenceInputStreamTest,testBufferedRead_AvailableCharset,1,1,void,,false,true,true,true
C:\Users\simon\Documents\Code\thesis-code\commons-io-master\src\test\java\org\apache\commons\io\input\CharSequenceInputStreamTest.java,CharSequenceInputStreamTest.java,CharSequenceInputStreamTest,testBufferedRead_RequiredCharset,1,1,void,,false,true,true,true
C:\Users\simon\Documents\Code\thesis-code\commons-io-master\src\test\java\org\apache\commons\io\input\CharSequenceInputStreamTest.java,CharSequenceInputStreamTest.java,CharSequenceInputStreamTest,testBufferedRead_UTF8,1,0,void,,true,true,true,true
C:\Users\simon\Documents\Code\thesis-code\commons-io-master\src\test\java\org\apache\commons\io\input\CharSequenceInputStreamTest.java,CharSequenceInputStreamTest.java,CharSequenceInputStreamTest,testCharacterCodingException,4,0,void,,true,true,true,true
C:\Users\simon\Documents\Code\thesis-code\commons-io-master\src\test\java\org\apache\commons\io\input\CharSequenceInputStreamTest.java,CharSequenceInputStreamTest.java,CharSequenceInputStreamTest,testCharsetMismatchInfiniteLoop,4,1,void,private,false,true,true,true
C:\Users\simon\Documents\Code\thesis-code\commons-io-master\src\test\java\org\apache\commons\io\input\CharSequenceInputStreamTest.java,CharSequenceInputStreamTest.java,CharSequenceInputStreamTest,testCharsetMismatchInfiniteLoop_RequiredCharsets,1,1,void,,false,true,true,true
C:\Users\simon\Documents\Code\thesis-code\commons-io-master\src\test\java\org\apache\commons\io\input\CharSequenceInputStreamTest.java,CharSequenceInputStreamTest.java,CharSequenceInputStreamTest,testIO_356,4,4,void,private,false,true,true,true
C:\Users\simon\Documents\Code\thesis-code\commons-io-master\src\test\java\org\apache\commons\io\input\CharSequenceInputStreamTest.java,CharSequenceInputStreamTest.java,CharSequenceInputStreamTest,testIO_356_B10_D10_S0_UTF16,1,0,void,,true,true,true,true
C:\Users\simon\Documents\Code\thesis-code\commons-io-master\src\test\java\org\apache\commons\io\input\CharSequenceInputStreamTest.java,CharSequenceInputStreamTest.java,CharSequenceInputStreamTest,testIO_356_B10_D10_S0_UTF8,1,0,void,,true,true,true,true
C:\Users\simon\Documents\Code\thesis-code\commons-io-master\src\test\java\org\apache\commons\io\input\CharSequenceInputStreamTest.java,CharSequenceInputStreamTest.java,CharSequenceInputStreamTest,testIO_356_B10_D10_S1_UTF8,1,0,void,,true,true,true,true
C:\Users\simon\Documents\Code\thesis-code\commons-io-master\src\test\java\org\apache\commons\io\input\CharSequenceInputStreamTest.java,CharSequenceInputStreamTest.java,CharSequenceInputStreamTest,testIO_356_B10_D10_S2_UTF8,1,0,void,,true,true,true,true
C:\Users\simon\Documents\Code\thesis-code\commons-io-master\src\test\java\org\apache\commons\io\input\CharSequenceInputStreamTest.java,CharSequenceInputStreamTest.java,CharSequenceInputStreamTest,testIO_356_B10_D13_S0_UTF8,1,0,void,,true,true,true,true
C:\Users\simon\Documents\Code\thesis-code\commons-io-master\src\test\java\org\apache\commons\io\input\CharSequenceInputStreamTest.java,CharSequenceInputStreamTest.java,CharSequenceInputStreamTest,testIO_356_B10_D13_S1_UTF8,1,0,void,,true,true,true,true
C:\Users\simon\Documents\Code\thesis-code\commons-io-master\src\test\java\org\apache\commons\io\input\CharSequenceInputStreamTest.java,CharSequenceInputStreamTest.java,CharSequenceInputStreamTest,testIO_356_B10_D20_S0_UTF8,1,0,void,,true,true,true,true
C:\Users\simon\Documents\Code\thesis-code\commons-io-master\src\test\java\org\apache\commons\io\input\CharSequenceInputStreamTest.java,CharSequenceInputStreamTest.java,CharSequenceInputStreamTest,testIO_356_Loop,1,2,void,private,false,true,true,true
C:\Users\simon\Documents\Code\thesis-code\commons-io-master\src\test\java\org\apache\commons\io\input\CharSequenceInputStreamTest.java,CharSequenceInputStreamTest.java,CharSequenceInputStreamTest,testIO_356_Loop_UTF16,2,0,void,,true,true,true,true
C:\Users\simon\Documents\Code\thesis-code\commons-io-master\src\test\java\org\apache\commons\io\input\CharSequenceInputStreamTest.java,CharSequenceInputStreamTest.java,CharSequenceInputStreamTest,testIO_356_Loop_UTF8,2,0,void,,true,true,true,true
C:\Users\simon\Documents\Code\thesis-code\commons-io-master\src\test\java\org\apache\commons\io\input\CharSequenceInputStreamTest.java,CharSequenceInputStreamTest.java,CharSequenceInputStreamTest,testLargeBufferedRead_RequiredCharsets,1,1,void,,false,true,true,true
C:\Users\simon\Documents\Code\thesis-code\commons-io-master\src\test\java\org\apache\commons\io\input\CharSequenceInputStreamTest.java,CharSequenceInputStreamTest.java,CharSequenceInputStreamTest,testLargeBufferedRead_UTF8,1,0,void,,true,true,true,true
C:\Users\simon\Documents\Code\thesis-code\commons-io-master\src\test\java\org\apache\commons\io\input\CharSequenceInputStreamTest.java,CharSequenceInputStreamTest.java,CharSequenceInputStreamTest,testLargeSingleByteRead_RequiredCharsets,1,1,void,,false,true,true,true
C:\Users\simon\Documents\Code\thesis-code\commons-io-master\src\test\java\org\apache\commons\io\input\CharSequenceInputStreamTest.java,CharSequenceInputStreamTest.java,CharSequenceInputStreamTest,testLargeSingleByteRead_UTF8,1,0,void,,true,true,true,true
C:\Users\simon\Documents\Code\thesis-code\commons-io-master\src\test\java\org\apache\commons\io\input\CharSequenceInputStreamTest.java,CharSequenceInputStreamTest.java,CharSequenceInputStreamTest,testMarkReset,1,1,void,private,false,true,true,true
C:\Users\simon\Documents\Code\thesis-code\commons-io-master\src\test\java\org\apache\commons\io\input\CharSequenceInputStreamTest.java,CharSequenceInputStreamTest.java,CharSequenceInputStreamTest,testMarkReset_RequiredCharsets,1,1,void,,false,true,true,true
C:\Users\simon\Documents\Code\thesis-code\commons-io-master\src\test\java\org\apache\commons\io\input\CharSequenceInputStreamTest.java,CharSequenceInputStreamTest.java,CharSequenceInputStreamTest,testMarkReset_USASCII,1,0,void,,true,true,true,true
C:\Users\simon\Documents\Code\thesis-code\commons-io-master\src\test\java\org\apache\commons\io\input\CharSequenceInputStreamTest.java,CharSequenceInputStreamTest.java,CharSequenceInputStreamTest,testMarkReset_UTF8,1,0,void,,true,true,true,true
C:\Users\simon\Documents\Code\thesis-code\commons-io-master\src\test\java\org\apache\commons\io\input\CharSequenceInputStreamTest.java,CharSequenceInputStreamTest.java,CharSequenceInputStreamTest,testMarkResetMultiByteChars,4,1,void,private,false,true,true,true
C:\Users\simon\Documents\Code\thesis-code\commons-io-master\src\test\java\org\apache\commons\io\input\CharSequenceInputStreamTest.java,CharSequenceInputStreamTest.java,CharSequenceInputStreamTest,testMarkSupported,2,0,void,,true,true,true,true
C:\Users\simon\Documents\Code\thesis-code\commons-io-master\src\test\java\org\apache\commons\io\input\CharSequenceInputStreamTest.java,CharSequenceInputStreamTest.java,CharSequenceInputStreamTest,testNullCharset,2,0,void,,true,true,true,true
C:\Users\simon\Documents\Code\thesis-code\commons-io-master\src\test\java\org\apache\commons\io\input\CharSequenceInputStreamTest.java,CharSequenceInputStreamTest.java,CharSequenceInputStreamTest,testNullCharsetName,2,0,void,,true,true,true,true
C:\Users\simon\Documents\Code\thesis-code\commons-io-master\src\test\java\org\apache\commons\io\input\CharSequenceInputStreamTest.java,CharSequenceInputStreamTest.java,CharSequenceInputStreamTest,testReadAfterClose,3,0,void,,true,true,true,true
C:\Users\simon\Documents\Code\thesis-code\commons-io-master\src\test\java\org\apache\commons\io\input\CharSequenceInputStreamTest.java,CharSequenceInputStreamTest.java,CharSequenceInputStreamTest,testReadZero,1,1,void,private,false,true,true,true
C:\Users\simon\Documents\Code\thesis-code\commons-io-master\src\test\java\org\apache\commons\io\input\CharSequenceInputStreamTest.java,CharSequenceInputStreamTest.java,CharSequenceInputStreamTest,testReadZero_EmptyString,1,0,void,,true,true,true,true
C:\Users\simon\Documents\Code\thesis-code\commons-io-master\src\test\java\org\apache\commons\io\input\CharSequenceInputStreamTest.java,CharSequenceInputStreamTest.java,CharSequenceInputStreamTest,testReadZero_RequiredCharsets,1,1,void,,false,true,true,true
C:\Users\simon\Documents\Code\thesis-code\commons-io-master\src\test\java\org\apache\commons\io\input\CharSequenceInputStreamTest.java,CharSequenceInputStreamTest.java,CharSequenceInputStreamTest,testResetBeforeEnd,16,1,void,private,false,true,true,true
C:\Users\simon\Documents\Code\thesis-code\commons-io-master\src\test\java\org\apache\commons\io\input\CharSequenceInputStreamTest.java,CharSequenceInputStreamTest.java,CharSequenceInputStreamTest,testResetBeforeEndSetCharSequence,1,0,void,,true,true,true,true
C:\Users\simon\Documents\Code\thesis-code\commons-io-master\src\test\java\org\apache\commons\io\input\CharSequenceInputStreamTest.java,CharSequenceInputStreamTest.java,CharSequenceInputStreamTest,testResetCharset,1,0,void,,true,true,true,true
C:\Users\simon\Documents\Code\thesis-code\commons-io-master\src\test\java\org\apache\commons\io\input\CharSequenceInputStreamTest.java,CharSequenceInputStreamTest.java,CharSequenceInputStreamTest,testResetCharsetEncoder,1,0,void,,true,true,true,true
C:\Users\simon\Documents\Code\thesis-code\commons-io-master\src\test\java\org\apache\commons\io\input\CharSequenceInputStreamTest.java,CharSequenceInputStreamTest.java,CharSequenceInputStreamTest,testResetCharsetName,1,0,void,,true,true,true,true
C:\Users\simon\Documents\Code\thesis-code\commons-io-master\src\test\java\org\apache\commons\io\input\CharSequenceInputStreamTest.java,CharSequenceInputStreamTest.java,CharSequenceInputStreamTest,testSingleByteRead,2,2,void,private,false,true,true,true
C:\Users\simon\Documents\Code\thesis-code\commons-io-master\src\test\java\org\apache\commons\io\input\CharSequenceInputStreamTest.java,CharSequenceInputStreamTest.java,CharSequenceInputStreamTest,testSingleByteRead_RequiredCharsets,1,1,void,,false,true,true,true
C:\Users\simon\Documents\Code\thesis-code\commons-io-master\src\test\java\org\apache\commons\io\input\CharSequenceInputStreamTest.java,CharSequenceInputStreamTest.java,CharSequenceInputStreamTest,testSingleByteRead_UTF16,1,0,void,,true,true,true,true
C:\Users\simon\Documents\Code\thesis-code\commons-io-master\src\test\java\org\apache\commons\io\input\CharSequenceInputStreamTest.java,CharSequenceInputStreamTest.java,CharSequenceInputStreamTest,testSingleByteRead_UTF8,1,0,void,,true,true,true,true
C:\Users\simon\Documents\Code\thesis-code\commons-io-master\src\test\java\org\apache\commons\io\input\CharSequenceInputStreamTest.java,CharSequenceInputStreamTest.java,CharSequenceInputStreamTest,testSkip_RequiredCharsets,1,1,void,,false,true,true,true
C:\Users\simon\Documents\Code\thesis-code\commons-io-master\src\test\java\org\apache\commons\io\input\CharSequenceReaderTest.java,CharSequenceReaderTest.java,CharSequenceReaderTest,checkArray,1,2,void,private,false,false,true,true
C:\Users\simon\Documents\Code\thesis-code\commons-io-master\src\test\java\org\apache\commons\io\input\CharSequenceReaderTest.java,CharSequenceReaderTest.java,CharSequenceReaderTest,checkRead,1,2,void,private,false,false,true,true
C:\Users\simon\Documents\Code\thesis-code\commons-io-master\src\test\java\org\apache\commons\io\input\CharSequenceReaderTest.java,CharSequenceReaderTest.java,CharSequenceReaderTest,testClose,8,0,void,,true,true,true,true
C:\Users\simon\Documents\Code\thesis-code\commons-io-master\src\test\java\org\apache\commons\io\input\CharSequenceReaderTest.java,CharSequenceReaderTest.java,CharSequenceReaderTest,testConstructor,2,0,void,,true,true,true,true
C:\Users\simon\Documents\Code\thesis-code\commons-io-master\src\test\java\org\apache\commons\io\input\CharSequenceReaderTest.java,CharSequenceReaderTest.java,CharSequenceReaderTest,testMark,2,0,void,,true,true,true,true
C:\Users\simon\Documents\Code\thesis-code\commons-io-master\src\test\java\org\apache\commons\io\input\CharSequenceReaderTest.java,CharSequenceReaderTest.java,CharSequenceReaderTest,testMarkSupported,1,0,void,,true,true,true,true
C:\Users\simon\Documents\Code\thesis-code\commons-io-master\src\test\java\org\apache\commons\io\input\CharSequenceReaderTest.java,CharSequenceReaderTest.java,CharSequenceReaderTest,testRead,5,0,void,,true,true,true,true
C:\Users\simon\Documents\Code\thesis-code\commons-io-master\src\test\java\org\apache\commons\io\input\CharSequenceReaderTest.java,CharSequenceReaderTest.java,CharSequenceReaderTest,testRead,2,1,void,private,false,true,true,true
C:\Users\simon\Documents\Code\thesis-code\commons-io-master\src\test\java\org\apache\commons\io\input\CharSequenceReaderTest.java,CharSequenceReaderTest.java,CharSequenceReaderTest,testReadCharArray,5,0,void,,true,true,true,true
C:\Users\simon\Documents\Code\thesis-code\commons-io-master\src\test\java\org\apache\commons\io\input\CharSequenceReaderTest.java,CharSequenceReaderTest.java,CharSequenceReaderTest,testReadCharArray,2,1,void,private,false,true,true,true
C:\Users\simon\Documents\Code\thesis-code\commons-io-master\src\test\java\org\apache\commons\io\input\CharSequenceReaderTest.java,CharSequenceReaderTest.java,CharSequenceReaderTest,testReadCharArrayPortion,5,0,void,,true,true,true,true
C:\Users\simon\Documents\Code\thesis-code\commons-io-master\src\test\java\org\apache\commons\io\input\CharSequenceReaderTest.java,CharSequenceReaderTest.java,CharSequenceReaderTest,testReadCharArrayPortion,4,1,void,private,false,true,true,true
C:\Users\simon\Documents\Code\thesis-code\commons-io-master\src\test\java\org\apache\commons\io\input\CharSequenceReaderTest.java,CharSequenceReaderTest.java,CharSequenceReaderTest,testReady,32,0,void,,true,true,true,true
C:\Users\simon\Documents\Code\thesis-code\commons-io-master\src\test\java\org\apache\commons\io\input\CharSequenceReaderTest.java,CharSequenceReaderTest.java,CharSequenceReaderTest,testSerialization,4,0,void,,true,true,true,true
C:\Users\simon\Documents\Code\thesis-code\commons-io-master\src\test\java\org\apache\commons\io\input\CharSequenceReaderTest.java,CharSequenceReaderTest.java,CharSequenceReaderTest,testSkip,22,0,void,,true,true,true,true
C:\Users\simon\Documents\Code\thesis-code\commons-io-master\src\test\java\org\apache\commons\io\input\CharSequenceReaderTest.java,CharSequenceReaderTest.java,CharSequenceReaderTest,testToString,2,0,void,,true,true,true,true
C:\Users\simon\Documents\Code\thesis-code\commons-io-master\src\test\java\org\apache\commons\io\input\ChecksumInputStreamTest.java,ChecksumInputStreamTest.java,ChecksumInputStreamTest,createInputStream,1,0,ChecksumInputStream,private,false,false,true,true
C:\Users\simon\Documents\Code\thesis-code\commons-io-master\src\test\java\org\apache\commons\io\input\ChecksumInputStreamTest.java,ChecksumInputStreamTest.java,ChecksumInputStreamTest,testAfterReadConsumer,5,0,void,,true,true,true,true
C:\Users\simon\Documents\Code\thesis-code\commons-io-master\src\test\java\org\apache\commons\io\input\ChecksumInputStreamTest.java,ChecksumInputStreamTest.java,ChecksumInputStreamTest,testAvailableAfterClose,3,0,void,,true,true,true,true
C:\Users\simon\Documents\Code\thesis-code\commons-io-master\src\test\java\org\apache\commons\io\input\ChecksumInputStreamTest.java,ChecksumInputStreamTest.java,ChecksumInputStreamTest,testAvailableAfterOpen,1,0,void,,true,true,true,true
C:\Users\simon\Documents\Code\thesis-code\commons-io-master\src\test\java\org\apache\commons\io\input\ChecksumInputStreamTest.java,ChecksumInputStreamTest.java,ChecksumInputStreamTest,testDefaultThresholdFailure,3,0,void,,true,true,true,true
C:\Users\simon\Documents\Code\thesis-code\commons-io-master\src\test\java\org\apache\commons\io\input\ChecksumInputStreamTest.java,ChecksumInputStreamTest.java,ChecksumInputStreamTest,testDefaultThresholdSuccess,6,0,void,,true,true,true,true
C:\Users\simon\Documents\Code\thesis-code\commons-io-master\src\test\java\org\apache\commons\io\input\ChecksumInputStreamTest.java,ChecksumInputStreamTest.java,ChecksumInputStreamTest,testReadAfterClose,3,0,void,,true,true,true,true
C:\Users\simon\Documents\Code\thesis-code\commons-io-master\src\test\java\org\apache\commons\io\input\ChecksumInputStreamTest.java,ChecksumInputStreamTest.java,ChecksumInputStreamTest,testReadTakingByteArrayThrowsException,4,0,void,,true,true,true,true
C:\Users\simon\Documents\Code\thesis-code\commons-io-master\src\test\java\org\apache\commons\io\input\ChecksumInputStreamTest.java,ChecksumInputStreamTest.java,ChecksumInputStreamTest,testReadTakingNoArgumentsThrowsException,3,0,void,,true,true,true,true
C:\Users\simon\Documents\Code\thesis-code\commons-io-master\src\test\java\org\apache\commons\io\input\ChecksumInputStreamTest.java,ChecksumInputStreamTest.java,ChecksumInputStreamTest,testSkip,7,0,void,,true,true,true,true
C:\Users\simon\Documents\Code\thesis-code\commons-io-master\src\test\java\org\apache\commons\io\input\CircularInputStreamTest.java,CircularInputStreamTest.java,CircularInputStreamTest,assertStreamOutput,2,2,void,private,false,false,true,true
C:\Users\simon\Documents\Code\thesis-code\commons-io-master\src\test\java\org\apache\commons\io\input\CircularInputStreamTest.java,CircularInputStreamTest.java,CircularInputStreamTest,createInputStream,1,2,InputStream,private,false,false,true,true
C:\Users\simon\Documents\Code\thesis-code\commons-io-master\src\test\java\org\apache\commons\io\input\CircularInputStreamTest.java,CircularInputStreamTest.java,CircularInputStreamTest,testAvailableAfterClose,3,0,void,,true,true,true,true
C:\Users\simon\Documents\Code\thesis-code\commons-io-master\src\test\java\org\apache\commons\io\input\CircularInputStreamTest.java,CircularInputStreamTest.java,CircularInputStreamTest,testAvailableAfterOpen,1,0,void,,true,true,true,true
C:\Users\simon\Documents\Code\thesis-code\commons-io-master\src\test\java\org\apache\commons\io\input\CircularInputStreamTest.java,CircularInputStreamTest.java,CircularInputStreamTest,testContainsEofInputSize0,1,0,void,,true,true,true,true
C:\Users\simon\Documents\Code\thesis-code\commons-io-master\src\test\java\org\apache\commons\io\input\CircularInputStreamTest.java,CircularInputStreamTest.java,CircularInputStreamTest,testCount0,1,0,void,,true,true,true,true
C:\Users\simon\Documents\Code\thesis-code\commons-io-master\src\test\java\org\apache\commons\io\input\CircularInputStreamTest.java,CircularInputStreamTest.java,CircularInputStreamTest,testCount0InputSize0,1,0,void,,true,true,true,true
C:\Users\simon\Documents\Code\thesis-code\commons-io-master\src\test\java\org\apache\commons\io\input\CircularInputStreamTest.java,CircularInputStreamTest.java,CircularInputStreamTest,testCount0InputSize1,1,0,void,,true,true,true,true
C:\Users\simon\Documents\Code\thesis-code\commons-io-master\src\test\java\org\apache\commons\io\input\CircularInputStreamTest.java,CircularInputStreamTest.java,CircularInputStreamTest,testCount1InputSize1,1,0,void,,true,true,true,true
C:\Users\simon\Documents\Code\thesis-code\commons-io-master\src\test\java\org\apache\commons\io\input\CircularInputStreamTest.java,CircularInputStreamTest.java,CircularInputStreamTest,testCycleBytes,3,0,void,,true,true,true,true
C:\Users\simon\Documents\Code\thesis-code\commons-io-master\src\test\java\org\apache\commons\io\input\CircularInputStreamTest.java,CircularInputStreamTest.java,CircularInputStreamTest,testNullInputSize0,1,0,void,,true,true,true,true
C:\Users\simon\Documents\Code\thesis-code\commons-io-master\src\test\java\org\apache\commons\io\input\CircularInputStreamTest.java,CircularInputStreamTest.java,CircularInputStreamTest,testReaderAfterClose,3,0,void,,true,true,true,true
C:\Users\simon\Documents\Code\thesis-code\commons-io-master\src\test\java\org\apache\commons\io\input\CircularInputStreamTest.java,CircularInputStreamTest.java,CircularInputStreamTest,testWholeRangeOfBytes,6,0,void,,true,true,true,true
C:\Users\simon\Documents\Code\thesis-code\commons-io-master\src\test\java\org\apache\commons\io\input\ClassLoaderObjectInputStreamTest.java,ClassLoaderObjectInputStreamTest.java,TestFixture,equalObject,2,1,boolean,private,false,false,true,true
C:\Users\simon\Documents\Code\thesis-code\commons-io-master\src\test\java\org\apache\commons\io\input\ClassLoaderObjectInputStreamTest.java,ClassLoaderObjectInputStreamTest.java,TestFixture,equals,2,1,boolean,public,false,false,true,true
C:\Users\simon\Documents\Code\thesis-code\commons-io-master\src\test\java\org\apache\commons\io\input\ClassLoaderObjectInputStreamTest.java,ClassLoaderObjectInputStreamTest.java,TestFixture,hashCode,1,0,int,public,false,false,true,true
C:\Users\simon\Documents\Code\thesis-code\commons-io-master\src\test\java\org\apache\commons\io\input\ClassLoaderObjectInputStreamTest.java,ClassLoaderObjectInputStreamTest.java,TestFixture,testExpected,3,0,void,,true,true,true,true
C:\Users\simon\Documents\Code\thesis-code\commons-io-master\src\test\java\org\apache\commons\io\input\ClassLoaderObjectInputStreamTest.java,ClassLoaderObjectInputStreamTest.java,TestFixture,testLong,3,0,void,,true,true,true,true
C:\Users\simon\Documents\Code\thesis-code\commons-io-master\src\test\java\org\apache\commons\io\input\ClassLoaderObjectInputStreamTest.java,ClassLoaderObjectInputStreamTest.java,TestFixture,testObject1,3,0,void,,true,true,true,true
C:\Users\simon\Documents\Code\thesis-code\commons-io-master\src\test\java\org\apache\commons\io\input\ClassLoaderObjectInputStreamTest.java,ClassLoaderObjectInputStreamTest.java,TestFixture,testObject2,3,0,void,,true,true,true,true
C:\Users\simon\Documents\Code\thesis-code\commons-io-master\src\test\java\org\apache\commons\io\input\ClassLoaderObjectInputStreamTest.java,ClassLoaderObjectInputStreamTest.java,TestFixture,testPrimitiveLong,5,0,void,,true,true,true,true
C:\Users\simon\Documents\Code\thesis-code\commons-io-master\src\test\java\org\apache\commons\io\input\ClassLoaderObjectInputStreamTest.java,ClassLoaderObjectInputStreamTest.java,TestFixture,testResolveProxyClass,2,0,void,,true,true,true,true
C:\Users\simon\Documents\Code\thesis-code\commons-io-master\src\test\java\org\apache\commons\io\input\ClassLoaderObjectInputStreamTest.java,ClassLoaderObjectInputStreamTest.java,TestFixture,testResolveProxyClassWithMultipleInterfaces,2,0,void,,true,true,true,true
C:\Users\simon\Documents\Code\thesis-code\commons-io-master\src\test\java\org\apache\commons\io\input\ClosedInputStreamTest.java,ClosedInputStreamTest.java,ClosedInputStreamTest,assertEof,1,1,void,private,false,false,true,true
C:\Users\simon\Documents\Code\thesis-code\commons-io-master\src\test\java\org\apache\commons\io\input\ClosedInputStreamTest.java,ClosedInputStreamTest.java,ClosedInputStreamTest,testAvailableAfterClose,5,0,void,,true,true,true,true
C:\Users\simon\Documents\Code\thesis-code\commons-io-master\src\test\java\org\apache\commons\io\input\ClosedInputStreamTest.java,ClosedInputStreamTest.java,ClosedInputStreamTest,testAvailableAfterOpen,3,0,void,,true,true,true,true
C:\Users\simon\Documents\Code\thesis-code\commons-io-master\src\test\java\org\apache\commons\io\input\ClosedInputStreamTest.java,ClosedInputStreamTest.java,ClosedInputStreamTest,testNonNull,3,0,void,,true,true,true,true
C:\Users\simon\Documents\Code\thesis-code\commons-io-master\src\test\java\org\apache\commons\io\input\ClosedInputStreamTest.java,ClosedInputStreamTest.java,ClosedInputStreamTest,testRead,1,0,void,,true,true,true,true
C:\Users\simon\Documents\Code\thesis-code\commons-io-master\src\test\java\org\apache\commons\io\input\ClosedInputStreamTest.java,ClosedInputStreamTest.java,ClosedInputStreamTest,testReadAfterCose,5,0,void,,true,true,true,true
C:\Users\simon\Documents\Code\thesis-code\commons-io-master\src\test\java\org\apache\commons\io\input\ClosedInputStreamTest.java,ClosedInputStreamTest.java,ClosedInputStreamTest,testReadArray,1,0,void,,true,true,true,true
C:\Users\simon\Documents\Code\thesis-code\commons-io-master\src\test\java\org\apache\commons\io\input\ClosedInputStreamTest.java,ClosedInputStreamTest.java,ClosedInputStreamTest,testReadArrayIndex,1,0,void,,true,true,true,true
C:\Users\simon\Documents\Code\thesis-code\commons-io-master\src\test\java\org\apache\commons\io\input\ClosedInputStreamTest.java,ClosedInputStreamTest.java,ClosedInputStreamTest,testSingleton,2,0,void,,true,true,true,true
C:\Users\simon\Documents\Code\thesis-code\commons-io-master\src\test\java\org\apache\commons\io\input\ClosedReaderTest.java,ClosedReaderTest.java,ClosedReaderTest,assertEof,1,1,void,private,false,false,true,true
C:\Users\simon\Documents\Code\thesis-code\commons-io-master\src\test\java\org\apache\commons\io\input\ClosedReaderTest.java,ClosedReaderTest.java,ClosedReaderTest,testRead,1,0,void,,true,true,true,true
C:\Users\simon\Documents\Code\thesis-code\commons-io-master\src\test\java\org\apache\commons\io\input\ClosedReaderTest.java,ClosedReaderTest.java,ClosedReaderTest,testReadArray,1,0,void,,true,true,true,true
C:\Users\simon\Documents\Code\thesis-code\commons-io-master\src\test\java\org\apache\commons\io\input\ClosedReaderTest.java,ClosedReaderTest.java,ClosedReaderTest,testReadArrayIndex,1,0,void,,true,true,true,true
C:\Users\simon\Documents\Code\thesis-code\commons-io-master\src\test\java\org\apache\commons\io\input\ClosedReaderTest.java,ClosedReaderTest.java,ClosedReaderTest,testReadCharBuffer,1,0,void,,true,true,true,true
C:\Users\simon\Documents\Code\thesis-code\commons-io-master\src\test\java\org\apache\commons\io\input\ClosedReaderTest.java,ClosedReaderTest.java,ClosedReaderTest,testSingleton,2,0,void,,true,true,true,true
C:\Users\simon\Documents\Code\thesis-code\commons-io-master\src\test\java\org\apache\commons\io\input\ClosedReaderTest.java,ClosedReaderTest.java,ClosedReaderTest,testSkip,1,0,void,,true,true,true,true
C:\Users\simon\Documents\Code\thesis-code\commons-io-master\src\test\java\org\apache\commons\io\input\CloseShieldInputStreamTest.java,CloseShieldInputStreamTest.java,CloseShieldInputStreamTest,setUp,3,0,void,public,false,false,true,true
C:\Users\simon\Documents\Code\thesis-code\commons-io-master\src\test\java\org\apache\commons\io\input\CloseShieldInputStreamTest.java,CloseShieldInputStreamTest.java,CloseShieldInputStreamTest,close,1,0,void,public,false,false,true,true
C:\Users\simon\Documents\Code\thesis-code\commons-io-master\src\test\java\org\apache\commons\io\input\CloseShieldInputStreamTest.java,CloseShieldInputStreamTest.java,CloseShieldInputStreamTest,testAvailableAfterClose,3,0,void,,true,true,true,true
C:\Users\simon\Documents\Code\thesis-code\commons-io-master\src\test\java\org\apache\commons\io\input\CloseShieldInputStreamTest.java,CloseShieldInputStreamTest.java,CloseShieldInputStreamTest,testAvailableAfterOpen,1,0,void,,true,true,true,true
C:\Users\simon\Documents\Code\thesis-code\commons-io-master\src\test\java\org\apache\commons\io\input\CloseShieldInputStreamTest.java,CloseShieldInputStreamTest.java,CloseShieldInputStreamTest,testClose,5,0,void,,true,true,true,true
C:\Users\simon\Documents\Code\thesis-code\commons-io-master\src\test\java\org\apache\commons\io\input\CloseShieldInputStreamTest.java,CloseShieldInputStreamTest.java,CloseShieldInputStreamTest,testReadAfterCose,3,0,void,,true,true,true,true
C:\Users\simon\Documents\Code\thesis-code\commons-io-master\src\test\java\org\apache\commons\io\input\CloseShieldInputStreamTest.java,CloseShieldInputStreamTest.java,CloseShieldInputStreamTest,testSystemInOnSystemInNo,5,0,void,,true,true,true,true
C:\Users\simon\Documents\Code\thesis-code\commons-io-master\src\test\java\org\apache\commons\io\input\CloseShieldInputStreamTest.java,CloseShieldInputStreamTest.java,CloseShieldInputStreamTest,testSystemInOnSystemInYes,5,0,void,,true,true,true,true
C:\Users\simon\Documents\Code\thesis-code\commons-io-master\src\test\java\org\apache\commons\io\input\CloseShieldReaderTest.java,CloseShieldReaderTest.java,CloseShieldReaderTest,setUp,3,0,void,public,false,false,true,true
C:\Users\simon\Documents\Code\thesis-code\commons-io-master\src\test\java\org\apache\commons\io\input\CloseShieldReaderTest.java,CloseShieldReaderTest.java,CloseShieldReaderTest,testClose,6,0,void,,true,true,true,true
C:\Users\simon\Documents\Code\thesis-code\commons-io-master\src\test\java\org\apache\commons\io\input\compatibility\XmlStreamReaderUtilitiesCompatibilityTest.java,XmlStreamReaderUtilitiesCompatibilityTest.java,MockXmlStreamReader,calculateHttpEncoding,1,6,String,protected,false,false,true,false
C:\Users\simon\Documents\Code\thesis-code\commons-io-master\src\test\java\org\apache\commons\io\input\compatibility\XmlStreamReaderUtilitiesCompatibilityTest.java,XmlStreamReaderUtilitiesCompatibilityTest.java,MockXmlStreamReader,calculateRawEncoding,1,4,String,protected,false,false,true,false
C:\Users\simon\Documents\Code\thesis-code\commons-io-master\src\test\java\org\apache\commons\io\input\CountingInputStreamTest.java,CountingInputStreamTest.java,CountingInputStreamTest,testAvailableAfterClose,4,1,void,,false,true,true,true
C:\Users\simon\Documents\Code\thesis-code\commons-io-master\src\test\java\org\apache\commons\io\input\CountingInputStreamTest.java,CountingInputStreamTest.java,CountingInputStreamTest,testAvailableAfterOpen,2,1,void,,false,true,true,true
C:\Users\simon\Documents\Code\thesis-code\commons-io-master\src\test\java\org\apache\commons\io\input\CountingInputStreamTest.java,CountingInputStreamTest.java,CountingInputStreamTest,testCloseHandleIOException,1,0,void,,true,true,true,true
C:\Users\simon\Documents\Code\thesis-code\commons-io-master\src\test\java\org\apache\commons\io\input\CountingInputStreamTest.java,CountingInputStreamTest.java,CountingInputStreamTest,testCounting,2,0,void,,true,true,true,true
C:\Users\simon\Documents\Code\thesis-code\commons-io-master\src\test\java\org\apache\commons\io\input\CountingInputStreamTest.java,CountingInputStreamTest.java,CountingInputStreamTest,testEOF1,2,0,void,,true,true,true,true
C:\Users\simon\Documents\Code\thesis-code\commons-io-master\src\test\java\org\apache\commons\io\input\CountingInputStreamTest.java,CountingInputStreamTest.java,CountingInputStreamTest,testEOF2,2,0,void,,true,true,true,true
C:\Users\simon\Documents\Code\thesis-code\commons-io-master\src\test\java\org\apache\commons\io\input\CountingInputStreamTest.java,CountingInputStreamTest.java,CountingInputStreamTest,testEOF3,2,0,void,,true,true,true,true
C:\Users\simon\Documents\Code\thesis-code\commons-io-master\src\test\java\org\apache\commons\io\input\CountingInputStreamTest.java,CountingInputStreamTest.java,CountingInputStreamTest,testLargeFiles_IO84,10,0,void,,true,true,true,true
C:\Users\simon\Documents\Code\thesis-code\commons-io-master\src\test\java\org\apache\commons\io\input\CountingInputStreamTest.java,CountingInputStreamTest.java,CountingInputStreamTest,testReadAfterClose,4,1,void,,false,true,true,true
C:\Users\simon\Documents\Code\thesis-code\commons-io-master\src\test\java\org\apache\commons\io\input\CountingInputStreamTest.java,CountingInputStreamTest.java,CountingInputStreamTest,testResetting,4,0,void,,true,true,true,true
C:\Users\simon\Documents\Code\thesis-code\commons-io-master\src\test\java\org\apache\commons\io\input\CountingInputStreamTest.java,CountingInputStreamTest.java,CountingInputStreamTest,testSkipping,2,0,void,,true,true,true,true
C:\Users\simon\Documents\Code\thesis-code\commons-io-master\src\test\java\org\apache\commons\io\input\CountingInputStreamTest.java,CountingInputStreamTest.java,CountingInputStreamTest,testZeroLength1,2,0,void,,true,true,true,true
C:\Users\simon\Documents\Code\thesis-code\commons-io-master\src\test\java\org\apache\commons\io\input\CountingInputStreamTest.java,CountingInputStreamTest.java,CountingInputStreamTest,testZeroLength2,2,0,void,,true,true,true,true
C:\Users\simon\Documents\Code\thesis-code\commons-io-master\src\test\java\org\apache\commons\io\input\CountingInputStreamTest.java,CountingInputStreamTest.java,CountingInputStreamTest,testZeroLength3,2,0,void,,true,true,true,true
C:\Users\simon\Documents\Code\thesis-code\commons-io-master\src\test\java\org\apache\commons\io\input\InfiniteCircularInputStreamTest.java,InfiniteCircularInputStreamTest.java,InfiniteCircularInputStreamTest,assertStreamOutput,2,2,void,private,false,false,true,true
C:\Users\simon\Documents\Code\thesis-code\commons-io-master\src\test\java\org\apache\commons\io\input\InfiniteCircularInputStreamTest.java,InfiniteCircularInputStreamTest.java,InfiniteCircularInputStreamTest,createInputStream,1,1,InputStream,private,false,false,true,true
C:\Users\simon\Documents\Code\thesis-code\commons-io-master\src\test\java\org\apache\commons\io\input\InfiniteCircularInputStreamTest.java,InfiniteCircularInputStreamTest.java,InfiniteCircularInputStreamTest,testAvailableAfterClose,3,0,void,,true,true,true,true
C:\Users\simon\Documents\Code\thesis-code\commons-io-master\src\test\java\org\apache\commons\io\input\InfiniteCircularInputStreamTest.java,InfiniteCircularInputStreamTest.java,InfiniteCircularInputStreamTest,testAvailableAfterOpen,1,0,void,,true,true,true,true
C:\Users\simon\Documents\Code\thesis-code\commons-io-master\src\test\java\org\apache\commons\io\input\InfiniteCircularInputStreamTest.java,InfiniteCircularInputStreamTest.java,InfiniteCircularInputStreamTest,testContainsEofInputSize0,1,0,void,,true,true,true,true
C:\Users\simon\Documents\Code\thesis-code\commons-io-master\src\test\java\org\apache\commons\io\input\InfiniteCircularInputStreamTest.java,InfiniteCircularInputStreamTest.java,InfiniteCircularInputStreamTest,testCount0InputSize0,1,0,void,,true,true,true,true
C:\Users\simon\Documents\Code\thesis-code\commons-io-master\src\test\java\org\apache\commons\io\input\InfiniteCircularInputStreamTest.java,InfiniteCircularInputStreamTest.java,InfiniteCircularInputStreamTest,testCount0InputSize1,1,0,void,,true,true,true,true
C:\Users\simon\Documents\Code\thesis-code\commons-io-master\src\test\java\org\apache\commons\io\input\InfiniteCircularInputStreamTest.java,InfiniteCircularInputStreamTest.java,InfiniteCircularInputStreamTest,testCount1InputSize1,1,0,void,,true,true,true,true
C:\Users\simon\Documents\Code\thesis-code\commons-io-master\src\test\java\org\apache\commons\io\input\InfiniteCircularInputStreamTest.java,InfiniteCircularInputStreamTest.java,InfiniteCircularInputStreamTest,testCycleBytes,3,0,void,,true,true,true,true
C:\Users\simon\Documents\Code\thesis-code\commons-io-master\src\test\java\org\apache\commons\io\input\InfiniteCircularInputStreamTest.java,InfiniteCircularInputStreamTest.java,InfiniteCircularInputStreamTest,testNullInputSize0,1,0,void,,true,true,true,true
C:\Users\simon\Documents\Code\thesis-code\commons-io-master\src\test\java\org\apache\commons\io\input\InfiniteCircularInputStreamTest.java,InfiniteCircularInputStreamTest.java,InfiniteCircularInputStreamTest,testReadAfterClose,3,0,void,,true,true,true,true
C:\Users\simon\Documents\Code\thesis-code\commons-io-master\src\test\java\org\apache\commons\io\input\InfiniteCircularInputStreamTest.java,InfiniteCircularInputStreamTest.java,InfiniteCircularInputStreamTest,testWholeRangeOfBytes,6,0,void,,true,true,true,true
C:\Users\simon\Documents\Code\thesis-code\commons-io-master\src\test\java\org\apache\commons\io\input\MarkShieldInputStreamTest.java,MarkShieldInputStreamTest.java,MarkTestableInputStream,mark,3,1,void,public,false,false,true,false
C:\Users\simon\Documents\Code\thesis-code\commons-io-master\src\test\java\org\apache\commons\io\input\MarkShieldInputStreamTest.java,MarkShieldInputStreamTest.java,MarkTestableInputStream,testAvailableAfterClose,3,1,void,,false,true,true,false
C:\Users\simon\Documents\Code\thesis-code\commons-io-master\src\test\java\org\apache\commons\io\input\MarkShieldInputStreamTest.java,MarkShieldInputStreamTest.java,MarkTestableInputStream,testAvailableAfterOpen,1,1,void,,false,true,true,false
C:\Users\simon\Documents\Code\thesis-code\commons-io-master\src\test\java\org\apache\commons\io\input\MarkShieldInputStreamTest.java,MarkShieldInputStreamTest.java,MarkTestableInputStream,testCloseHandleIOException,1,0,void,,true,true,true,false
C:\Users\simon\Documents\Code\thesis-code\commons-io-master\src\test\java\org\apache\commons\io\input\MarkShieldInputStreamTest.java,MarkShieldInputStreamTest.java,MarkTestableInputStream,testMarkIsNoOpWhenUnderlyingDoesNotSupport,1,0,void,,true,true,true,false
C:\Users\simon\Documents\Code\thesis-code\commons-io-master\src\test\java\org\apache\commons\io\input\MarkShieldInputStreamTest.java,MarkShieldInputStreamTest.java,MarkTestableInputStream,testMarkIsNoOpWhenUnderlyingSupports,1,0,void,,true,true,true,false
C:\Users\simon\Documents\Code\thesis-code\commons-io-master\src\test\java\org\apache\commons\io\input\MarkShieldInputStreamTest.java,MarkShieldInputStreamTest.java,MarkTestableInputStream,testMarkSupportedIsFalseWhenUnderlyingFalse,1,0,void,,true,true,true,false
C:\Users\simon\Documents\Code\thesis-code\commons-io-master\src\test\java\org\apache\commons\io\input\MarkShieldInputStreamTest.java,MarkShieldInputStreamTest.java,MarkTestableInputStream,testMarkSupportedIsFalseWhenUnderlyingTrue,1,0,void,,true,true,true,false
C:\Users\simon\Documents\Code\thesis-code\commons-io-master\src\test\java\org\apache\commons\io\input\MarkShieldInputStreamTest.java,MarkShieldInputStreamTest.java,MarkTestableInputStream,testReadAfterClose,1,1,void,,false,true,true,false
C:\Users\simon\Documents\Code\thesis-code\commons-io-master\src\test\java\org\apache\commons\io\input\MarkShieldInputStreamTest.java,MarkShieldInputStreamTest.java,MarkTestableInputStream,testReadByteArrayAfterClose,1,1,void,,false,true,true,false
C:\Users\simon\Documents\Code\thesis-code\commons-io-master\src\test\java\org\apache\commons\io\input\MarkShieldInputStreamTest.java,MarkShieldInputStreamTest.java,MarkTestableInputStream,testReadByteArrayIntIntAfterClose,1,1,void,,false,true,true,false
C:\Users\simon\Documents\Code\thesis-code\commons-io-master\src\test\java\org\apache\commons\io\input\MarkShieldInputStreamTest.java,MarkShieldInputStreamTest.java,MarkTestableInputStream,testResetThrowsExceptionWhenUnderlyingDoesNotSupport,1,0,void,,true,true,true,false
C:\Users\simon\Documents\Code\thesis-code\commons-io-master\src\test\java\org\apache\commons\io\input\MarkShieldInputStreamTest.java,MarkShieldInputStreamTest.java,MarkTestableInputStream,testResetThrowsExceptionWhenUnderlyingSupports,1,0,void,,true,true,true,false
C:\Users\simon\Documents\Code\thesis-code\commons-io-master\src\test\java\org\apache\commons\io\input\MemoryMappedFileInputStreamTest.java,MemoryMappedFileInputStreamTest.java,MemoryMappedFileInputStreamTest,afterEach,8,0,void,public,false,false,true,true
C:\Users\simon\Documents\Code\thesis-code\commons-io-master\src\test\java\org\apache\commons\io\input\MemoryMappedFileInputStreamTest.java,MemoryMappedFileInputStreamTest.java,MemoryMappedFileInputStreamTest,createTestFile,1,1,Path,private,false,false,true,true
C:\Users\simon\Documents\Code\thesis-code\commons-io-master\src\test\java\org\apache\commons\io\input\MemoryMappedFileInputStreamTest.java,MemoryMappedFileInputStreamTest.java,MemoryMappedFileInputStreamTest,newInputStream,1,1,MemoryMappedFileInputStream,private,false,false,true,true
C:\Users\simon\Documents\Code\thesis-code\commons-io-master\src\test\java\org\apache\commons\io\input\MemoryMappedFileInputStreamTest.java,MemoryMappedFileInputStreamTest.java,MemoryMappedFileInputStreamTest,newInputStream,1,2,MemoryMappedFileInputStream,private,false,false,true,true
C:\Users\simon\Documents\Code\thesis-code\commons-io-master\src\test\java\org\apache\commons\io\input\MemoryMappedFileInputStreamTest.java,MemoryMappedFileInputStreamTest.java,MemoryMappedFileInputStreamTest,testAlternateBufferSize,3,0,void,,true,true,true,true
C:\Users\simon\Documents\Code\thesis-code\commons-io-master\src\test\java\org\apache\commons\io\input\MemoryMappedFileInputStreamTest.java,MemoryMappedFileInputStreamTest.java,MemoryMappedFileInputStreamTest,testAvailableAfterClose,4,1,void,,false,true,true,true
C:\Users\simon\Documents\Code\thesis-code\commons-io-master\src\test\java\org\apache\commons\io\input\MemoryMappedFileInputStreamTest.java,MemoryMappedFileInputStreamTest.java,MemoryMappedFileInputStreamTest,testAvailableAfterOpen,2,1,void,,false,true,true,true
C:\Users\simon\Documents\Code\thesis-code\commons-io-master\src\test\java\org\apache\commons\io\input\MemoryMappedFileInputStreamTest.java,MemoryMappedFileInputStreamTest.java,MemoryMappedFileInputStreamTest,testEmptyFile,2,0,void,,true,true,true,true
C:\Users\simon\Documents\Code\thesis-code\commons-io-master\src\test\java\org\apache\commons\io\input\MemoryMappedFileInputStreamTest.java,MemoryMappedFileInputStreamTest.java,MemoryMappedFileInputStreamTest,testLargerFile,3,0,void,,true,true,true,true
C:\Users\simon\Documents\Code\thesis-code\commons-io-master\src\test\java\org\apache\commons\io\input\MemoryMappedFileInputStreamTest.java,MemoryMappedFileInputStreamTest.java,MemoryMappedFileInputStreamTest,testReadAfterClose,2,0,void,,true,true,true,true
C:\Users\simon\Documents\Code\thesis-code\commons-io-master\src\test\java\org\apache\commons\io\input\MemoryMappedFileInputStreamTest.java,MemoryMappedFileInputStreamTest.java,MemoryMappedFileInputStreamTest,testReadAfterClose,2,1,void,,false,true,true,true
C:\Users\simon\Documents\Code\thesis-code\commons-io-master\src\test\java\org\apache\commons\io\input\MemoryMappedFileInputStreamTest.java,MemoryMappedFileInputStreamTest.java,MemoryMappedFileInputStreamTest,testReadSingleByte,3,0,void,,true,true,true,true
C:\Users\simon\Documents\Code\thesis-code\commons-io-master\src\test\java\org\apache\commons\io\input\MemoryMappedFileInputStreamTest.java,MemoryMappedFileInputStreamTest.java,MemoryMappedFileInputStreamTest,testSkipAtStart,3,0,void,,true,true,true,true
C:\Users\simon\Documents\Code\thesis-code\commons-io-master\src\test\java\org\apache\commons\io\input\MemoryMappedFileInputStreamTest.java,MemoryMappedFileInputStreamTest.java,MemoryMappedFileInputStreamTest,testSkipEmpty,2,0,void,,true,true,true,true
C:\Users\simon\Documents\Code\thesis-code\commons-io-master\src\test\java\org\apache\commons\io\input\MemoryMappedFileInputStreamTest.java,MemoryMappedFileInputStreamTest.java,MemoryMappedFileInputStreamTest,testSkipInCurrentBuffer,3,0,void,,true,true,true,true
C:\Users\simon\Documents\Code\thesis-code\commons-io-master\src\test\java\org\apache\commons\io\input\MemoryMappedFileInputStreamTest.java,MemoryMappedFileInputStreamTest.java,MemoryMappedFileInputStreamTest,testSkipNoop,3,1,void,,false,true,true,true
C:\Users\simon\Documents\Code\thesis-code\commons-io-master\src\test\java\org\apache\commons\io\input\MemoryMappedFileInputStreamTest.java,MemoryMappedFileInputStreamTest.java,MemoryMappedFileInputStreamTest,testSkipOutOfCurrentBuffer,3,0,void,,true,true,true,true
C:\Users\simon\Documents\Code\thesis-code\commons-io-master\src\test\java\org\apache\commons\io\input\MemoryMappedFileInputStreamTest.java,MemoryMappedFileInputStreamTest.java,MemoryMappedFileInputStreamTest,testSkipPastEof,2,0,void,,true,true,true,true
C:\Users\simon\Documents\Code\thesis-code\commons-io-master\src\test\java\org\apache\commons\io\input\MemoryMappedFileInputStreamTest.java,MemoryMappedFileInputStreamTest.java,MemoryMappedFileInputStreamTest,testSkipToEndOfCurrentBuffer,3,0,void,,true,true,true,true
C:\Users\simon\Documents\Code\thesis-code\commons-io-master\src\test\java\org\apache\commons\io\input\MemoryMappedFileInputStreamTest.java,MemoryMappedFileInputStreamTest.java,MemoryMappedFileInputStreamTest,testSkipToEndOfCurrentBufferBuilder,3,0,void,,true,true,true,true
C:\Users\simon\Documents\Code\thesis-code\commons-io-master\src\test\java\org\apache\commons\io\input\MemoryMappedFileInputStreamTest.java,MemoryMappedFileInputStreamTest.java,MemoryMappedFileInputStreamTest,testSmallFileBuilder,3,0,void,,true,true,true,true
C:\Users\simon\Documents\Code\thesis-code\commons-io-master\src\test\java\org\apache\commons\io\input\MemoryMappedFileInputStreamTest.java,MemoryMappedFileInputStreamTest.java,MemoryMappedFileInputStreamTest,testSmallPath,3,0,void,,true,true,true,true
C:\Users\simon\Documents\Code\thesis-code\commons-io-master\src\test\java\org\apache\commons\io\input\MemoryMappedFileInputStreamTest.java,MemoryMappedFileInputStreamTest.java,MemoryMappedFileInputStreamTest,testSmallPathBuilder,3,0,void,,true,true,true,true
C:\Users\simon\Documents\Code\thesis-code\commons-io-master\src\test\java\org\apache\commons\io\input\MessageDigestCalculatingInputStreamTest.java,MessageDigestCalculatingInputStreamTest.java,MessageDigestCalculatingInputStreamTest,createInputStream,2,0,InputStream,private,false,false,true,true
C:\Users\simon\Documents\Code\thesis-code\commons-io-master\src\test\java\org\apache\commons\io\input\MessageDigestCalculatingInputStreamTest.java,MessageDigestCalculatingInputStreamTest.java,MessageDigestCalculatingInputStreamTest,createInputStream,1,1,MessageDigestCalculatingInputStream,private,false,false,true,true
C:\Users\simon\Documents\Code\thesis-code\commons-io-master\src\test\java\org\apache\commons\io\input\MessageDigestCalculatingInputStreamTest.java,MessageDigestCalculatingInputStreamTest.java,MessageDigestCalculatingInputStreamTest,testAfterReadConsumer,5,0,void,,true,true,true,true
C:\Users\simon\Documents\Code\thesis-code\commons-io-master\src\test\java\org\apache\commons\io\input\MessageDigestCalculatingInputStreamTest.java,MessageDigestCalculatingInputStreamTest.java,MessageDigestCalculatingInputStreamTest,testAvailableAfterClose,3,0,void,,true,true,true,true
C:\Users\simon\Documents\Code\thesis-code\commons-io-master\src\test\java\org\apache\commons\io\input\MessageDigestCalculatingInputStreamTest.java,MessageDigestCalculatingInputStreamTest.java,MessageDigestCalculatingInputStreamTest,testAvailableAfterOpen,1,0,void,,true,true,true,true
C:\Users\simon\Documents\Code\thesis-code\commons-io-master\src\test\java\org\apache\commons\io\input\MessageDigestCalculatingInputStreamTest.java,MessageDigestCalculatingInputStreamTest.java,MessageDigestCalculatingInputStreamTest,testCloseHandleIOException,1,0,void,,true,true,true,true
C:\Users\simon\Documents\Code\thesis-code\commons-io-master\src\test\java\org\apache\commons\io\input\MessageDigestCalculatingInputStreamTest.java,MessageDigestCalculatingInputStreamTest.java,MessageDigestCalculatingInputStreamTest,testNormalUse,1,0,void,,true,true,true,true
C:\Users\simon\Documents\Code\thesis-code\commons-io-master\src\test\java\org\apache\commons\io\input\MessageDigestCalculatingInputStreamTest.java,MessageDigestCalculatingInputStreamTest.java,MessageDigestCalculatingInputStreamTest,testReadAfterClose_ByteArrayInputStream,1,0,void,,true,true,true,true
C:\Users\simon\Documents\Code\thesis-code\commons-io-master\src\test\java\org\apache\commons\io\input\MessageDigestCalculatingInputStreamTest.java,MessageDigestCalculatingInputStreamTest.java,MessageDigestCalculatingInputStreamTest,testReadAfterClose_ChannelInputStream,1,0,void,,true,true,true,true
C:\Users\simon\Documents\Code\thesis-code\commons-io-master\src\test\java\org\apache\commons\io\input\MessageDigestInputStreamTest.java,MessageDigestInputStreamTest.java,MessageDigestInputStreamTest,generateRandomByteStream,4,1,byte[],static,false,false,true,true
C:\Users\simon\Documents\Code\thesis-code\commons-io-master\src\test\java\org\apache\commons\io\input\MessageDigestInputStreamTest.java,MessageDigestInputStreamTest.java,MessageDigestInputStreamTest,createInputStream,1,0,InputStream,private,false,false,true,true
C:\Users\simon\Documents\Code\thesis-code\commons-io-master\src\test\java\org\apache\commons\io\input\MessageDigestInputStreamTest.java,MessageDigestInputStreamTest.java,MessageDigestInputStreamTest,createInputStream,1,1,InputStream,private,false,false,true,true
C:\Users\simon\Documents\Code\thesis-code\commons-io-master\src\test\java\org\apache\commons\io\input\MessageDigestInputStreamTest.java,MessageDigestInputStreamTest.java,MessageDigestInputStreamTest,testAfterReadConsumer,5,0,void,,true,true,true,true
C:\Users\simon\Documents\Code\thesis-code\commons-io-master\src\test\java\org\apache\commons\io\input\MessageDigestInputStreamTest.java,MessageDigestInputStreamTest.java,MessageDigestInputStreamTest,testAvailableAfterClose,3,0,void,,true,true,true,true
C:\Users\simon\Documents\Code\thesis-code\commons-io-master\src\test\java\org\apache\commons\io\input\MessageDigestInputStreamTest.java,MessageDigestInputStreamTest.java,MessageDigestInputStreamTest,testAvailableAfterOpen,1,0,void,,true,true,true,true
C:\Users\simon\Documents\Code\thesis-code\commons-io-master\src\test\java\org\apache\commons\io\input\MessageDigestInputStreamTest.java,MessageDigestInputStreamTest.java,MessageDigestInputStreamTest,testNoDefault,2,0,void,,true,true,true,true
C:\Users\simon\Documents\Code\thesis-code\commons-io-master\src\test\java\org\apache\commons\io\input\MessageDigestInputStreamTest.java,MessageDigestInputStreamTest.java,MessageDigestInputStreamTest,testNormalUse,1,0,void,,true,true,true,true
C:\Users\simon\Documents\Code\thesis-code\commons-io-master\src\test\java\org\apache\commons\io\input\MessageDigestInputStreamTest.java,MessageDigestInputStreamTest.java,MessageDigestInputStreamTest,testReadAfterClose_ByteArrayInputStream,1,0,void,,true,true,true,true
C:\Users\simon\Documents\Code\thesis-code\commons-io-master\src\test\java\org\apache\commons\io\input\MessageDigestInputStreamTest.java,MessageDigestInputStreamTest.java,MessageDigestInputStreamTest,testReadAfterClose_ChannelInputStream,1,0,void,,true,true,true,true
C:\Users\simon\Documents\Code\thesis-code\commons-io-master\src\test\java\org\apache\commons\io\input\NullInputStreamTest.java,NullInputStreamTest.java,TestNullInputStream,processByte,1,0,int,protected,false,false,true,true
C:\Users\simon\Documents\Code\thesis-code\commons-io-master\src\test\java\org\apache\commons\io\input\NullInputStreamTest.java,NullInputStreamTest.java,TestNullInputStream,processBytes,2,3,void,protected,false,false,true,true
C:\Users\simon\Documents\Code\thesis-code\commons-io-master\src\test\java\org\apache\commons\io\input\NullInputStreamTest.java,NullInputStreamTest.java,TestNullInputStream,testAvailableAfterClose,3,1,void,,false,true,true,true
C:\Users\simon\Documents\Code\thesis-code\commons-io-master\src\test\java\org\apache\commons\io\input\NullInputStreamTest.java,NullInputStreamTest.java,TestNullInputStream,testAvailableAfterOpen,1,1,void,,false,true,true,true
C:\Users\simon\Documents\Code\thesis-code\commons-io-master\src\test\java\org\apache\commons\io\input\NullInputStreamTest.java,NullInputStreamTest.java,TestNullInputStream,testDeprecatedSingleton,1,0,void,,true,true,true,true
C:\Users\simon\Documents\Code\thesis-code\commons-io-master\src\test\java\org\apache\commons\io\input\NullInputStreamTest.java,NullInputStreamTest.java,TestNullInputStream,testEOFException,1,0,void,,true,true,true,true
C:\Users\simon\Documents\Code\thesis-code\commons-io-master\src\test\java\org\apache\commons\io\input\NullInputStreamTest.java,NullInputStreamTest.java,TestNullInputStream,testMarkAndReset,3,0,void,,true,true,true,true
C:\Users\simon\Documents\Code\thesis-code\commons-io-master\src\test\java\org\apache\commons\io\input\NullInputStreamTest.java,NullInputStreamTest.java,TestNullInputStream,testMarkNotSupported,1,0,void,,true,true,true,true
C:\Users\simon\Documents\Code\thesis-code\commons-io-master\src\test\java\org\apache\commons\io\input\NullInputStreamTest.java,NullInputStreamTest.java,TestNullInputStream,testRead,2,0,void,,true,true,true,true
C:\Users\simon\Documents\Code\thesis-code\commons-io-master\src\test\java\org\apache\commons\io\input\NullInputStreamTest.java,NullInputStreamTest.java,TestNullInputStream,testReadAfterClose,1,0,void,,true,true,true,true
C:\Users\simon\Documents\Code\thesis-code\commons-io-master\src\test\java\org\apache\commons\io\input\NullInputStreamTest.java,NullInputStreamTest.java,TestNullInputStream,testReadAfterClose,1,1,void,,false,true,true,true
C:\Users\simon\Documents\Code\thesis-code\commons-io-master\src\test\java\org\apache\commons\io\input\NullInputStreamTest.java,NullInputStreamTest.java,TestNullInputStream,testReadByteArray,2,0,void,,true,true,true,true
C:\Users\simon\Documents\Code\thesis-code\commons-io-master\src\test\java\org\apache\commons\io\input\NullInputStreamTest.java,NullInputStreamTest.java,TestNullInputStream,testReadByteArrayAfterClose,1,0,void,,true,true,true,true
C:\Users\simon\Documents\Code\thesis-code\commons-io-master\src\test\java\org\apache\commons\io\input\NullInputStreamTest.java,NullInputStreamTest.java,TestNullInputStream,testReadByteArrayIntIntAfterClose,1,0,void,,true,true,true,true
C:\Users\simon\Documents\Code\thesis-code\commons-io-master\src\test\java\org\apache\commons\io\input\NullInputStreamTest.java,NullInputStreamTest.java,TestNullInputStream,testReadByteArrayThrowAtEof,2,0,void,,true,true,true,true
C:\Users\simon\Documents\Code\thesis-code\commons-io-master\src\test\java\org\apache\commons\io\input\NullInputStreamTest.java,NullInputStreamTest.java,TestNullInputStream,testReadThrowAtEof,2,0,void,,true,true,true,true
C:\Users\simon\Documents\Code\thesis-code\commons-io-master\src\test\java\org\apache\commons\io\input\NullInputStreamTest.java,NullInputStreamTest.java,TestNullInputStream,testSkip,1,0,void,,true,true,true,true
C:\Users\simon\Documents\Code\thesis-code\commons-io-master\src\test\java\org\apache\commons\io\input\NullInputStreamTest.java,NullInputStreamTest.java,TestNullInputStream,testSkipThrowAtEof,1,0,void,,true,true,true,true
C:\Users\simon\Documents\Code\thesis-code\commons-io-master\src\test\java\org\apache\commons\io\input\NullReaderTest.java,NullReaderTest.java,TestNullReader,processChar,1,0,int,protected,false,false,true,true
C:\Users\simon\Documents\Code\thesis-code\commons-io-master\src\test\java\org\apache\commons\io\input\NullReaderTest.java,NullReaderTest.java,TestNullReader,processChars,2,3,void,protected,false,false,true,true
C:\Users\simon\Documents\Code\thesis-code\commons-io-master\src\test\java\org\apache\commons\io\input\NullReaderTest.java,NullReaderTest.java,TestNullReader,testEOFException,1,0,void,,true,true,true,true
C:\Users\simon\Documents\Code\thesis-code\commons-io-master\src\test\java\org\apache\commons\io\input\NullReaderTest.java,NullReaderTest.java,TestNullReader,testMarkAndReset,3,0,void,,true,true,true,true
C:\Users\simon\Documents\Code\thesis-code\commons-io-master\src\test\java\org\apache\commons\io\input\NullReaderTest.java,NullReaderTest.java,TestNullReader,testMarkNotSupported,5,0,void,,true,true,true,true
C:\Users\simon\Documents\Code\thesis-code\commons-io-master\src\test\java\org\apache\commons\io\input\NullReaderTest.java,NullReaderTest.java,TestNullReader,testRead,7,0,void,,true,true,true,true
C:\Users\simon\Documents\Code\thesis-code\commons-io-master\src\test\java\org\apache\commons\io\input\NullReaderTest.java,NullReaderTest.java,TestNullReader,testReadCharArray,17,0,void,,true,true,true,true
C:\Users\simon\Documents\Code\thesis-code\commons-io-master\src\test\java\org\apache\commons\io\input\NullReaderTest.java,NullReaderTest.java,TestNullReader,testSkip,1,0,void,,true,true,true,true
C:\Users\simon\Documents\Code\thesis-code\commons-io-master\src\test\java\org\apache\commons\io\input\ObservableInputStreamTest.java,ObservableInputStreamTest.java,MethodCountObserver,data,3,3,void,public,false,false,true,false
C:\Users\simon\Documents\Code\thesis-code\commons-io-master\src\test\java\org\apache\commons\io\input\ObservableInputStreamTest.java,ObservableInputStreamTest.java,MethodCountObserver,data,2,1,void,public,false,false,true,false
C:\Users\simon\Documents\Code\thesis-code\commons-io-master\src\test\java\org\apache\commons\io\input\ObservableInputStreamTest.java,ObservableInputStreamTest.java,MethodCountObserver,data,1,3,void,public,false,false,true,false
C:\Users\simon\Documents\Code\thesis-code\commons-io-master\src\test\java\org\apache\commons\io\input\ObservableInputStreamTest.java,ObservableInputStreamTest.java,MethodCountObserver,data,1,1,void,public,false,false,true,false
C:\Users\simon\Documents\Code\thesis-code\commons-io-master\src\test\java\org\apache\commons\io\input\ObservableInputStreamTest.java,ObservableInputStreamTest.java,MethodCountObserver,getTotal,1,0,long,public,false,false,true,false
C:\Users\simon\Documents\Code\thesis-code\commons-io-master\src\test\java\org\apache\commons\io\input\ObservableInputStreamTest.java,ObservableInputStreamTest.java,MethodCountObserver,closed,1,0,void,public,false,false,true,false
C:\Users\simon\Documents\Code\thesis-code\commons-io-master\src\test\java\org\apache\commons\io\input\ObservableInputStreamTest.java,ObservableInputStreamTest.java,MethodCountObserver,data,1,3,void,public,false,false,true,false
C:\Users\simon\Documents\Code\thesis-code\commons-io-master\src\test\java\org\apache\commons\io\input\ObservableInputStreamTest.java,ObservableInputStreamTest.java,MethodCountObserver,data,1,1,void,public,false,false,true,false
C:\Users\simon\Documents\Code\thesis-code\commons-io-master\src\test\java\org\apache\commons\io\input\ObservableInputStreamTest.java,ObservableInputStreamTest.java,MethodCountObserver,error,1,1,void,public,false,false,true,false
C:\Users\simon\Documents\Code\thesis-code\commons-io-master\src\test\java\org\apache\commons\io\input\ObservableInputStreamTest.java,ObservableInputStreamTest.java,MethodCountObserver,finished,1,0,void,public,false,false,true,false
C:\Users\simon\Documents\Code\thesis-code\commons-io-master\src\test\java\org\apache\commons\io\input\ObservableInputStreamTest.java,ObservableInputStreamTest.java,MethodCountObserver,getClosedCount,1,0,long,public,false,false,true,false
C:\Users\simon\Documents\Code\thesis-code\commons-io-master\src\test\java\org\apache\commons\io\input\ObservableInputStreamTest.java,ObservableInputStreamTest.java,MethodCountObserver,getDataBufferCount,1,0,long,public,false,false,true,false
C:\Users\simon\Documents\Code\thesis-code\commons-io-master\src\test\java\org\apache\commons\io\input\ObservableInputStreamTest.java,ObservableInputStreamTest.java,MethodCountObserver,getDataCount,1,0,long,public,false,false,true,false
C:\Users\simon\Documents\Code\thesis-code\commons-io-master\src\test\java\org\apache\commons\io\input\ObservableInputStreamTest.java,ObservableInputStreamTest.java,MethodCountObserver,getErrorCount,1,0,long,public,false,false,true,false
C:\Users\simon\Documents\Code\thesis-code\commons-io-master\src\test\java\org\apache\commons\io\input\ObservableInputStreamTest.java,ObservableInputStreamTest.java,MethodCountObserver,getFinishedCount,1,0,long,public,false,false,true,false
C:\Users\simon\Documents\Code\thesis-code\commons-io-master\src\test\java\org\apache\commons\io\input\ObservableInputStreamTest.java,ObservableInputStreamTest.java,MethodCountObserver,brokenObservableInputStream,1,0,ObservableInputStream,private,false,false,true,false
C:\Users\simon\Documents\Code\thesis-code\commons-io-master\src\test\java\org\apache\commons\io\input\ObservableInputStreamTest.java,ObservableInputStreamTest.java,MethodCountObserver,createInputStream,2,0,InputStream,private,false,false,true,false
C:\Users\simon\Documents\Code\thesis-code\commons-io-master\src\test\java\org\apache\commons\io\input\ObservableInputStreamTest.java,ObservableInputStreamTest.java,MethodCountObserver,createInputStream,1,1,ObservableInputStream,private,false,false,true,false
C:\Users\simon\Documents\Code\thesis-code\commons-io-master\src\test\java\org\apache\commons\io\input\ObservableInputStreamTest.java,ObservableInputStreamTest.java,MethodCountObserver,testAfterReadConsumer,5,0,void,,true,true,true,false
C:\Users\simon\Documents\Code\thesis-code\commons-io-master\src\test\java\org\apache\commons\io\input\ObservableInputStreamTest.java,ObservableInputStreamTest.java,MethodCountObserver,testAvailableAfterClose,3,0,void,,true,true,true,false
C:\Users\simon\Documents\Code\thesis-code\commons-io-master\src\test\java\org\apache\commons\io\input\ObservableInputStreamTest.java,ObservableInputStreamTest.java,MethodCountObserver,testAvailableAfterOpen,1,0,void,,true,true,true,false
C:\Users\simon\Documents\Code\thesis-code\commons-io-master\src\test\java\org\apache\commons\io\input\ObservableInputStreamTest.java,ObservableInputStreamTest.java,MethodCountObserver,testBrokenInputStreamRead,1,0,void,,true,true,true,false
C:\Users\simon\Documents\Code\thesis-code\commons-io-master\src\test\java\org\apache\commons\io\input\ObservableInputStreamTest.java,ObservableInputStreamTest.java,MethodCountObserver,testBrokenInputStreamReadBuffer,1,0,void,,true,true,true,false
C:\Users\simon\Documents\Code\thesis-code\commons-io-master\src\test\java\org\apache\commons\io\input\ObservableInputStreamTest.java,ObservableInputStreamTest.java,MethodCountObserver,testBrokenInputStreamReadSubBuffer,1,0,void,,true,true,true,false
C:\Users\simon\Documents\Code\thesis-code\commons-io-master\src\test\java\org\apache\commons\io\input\ObservableInputStreamTest.java,ObservableInputStreamTest.java,MethodCountObserver,testDataByteCalled_add,3,0,void,,true,true,true,false
C:\Users\simon\Documents\Code\thesis-code\commons-io-master\src\test\java\org\apache\commons\io\input\ObservableInputStreamTest.java,ObservableInputStreamTest.java,MethodCountObserver,testDataByteCalled_ctor,3,0,void,,true,true,true,false
C:\Users\simon\Documents\Code\thesis-code\commons-io-master\src\test\java\org\apache\commons\io\input\ObservableInputStreamTest.java,ObservableInputStreamTest.java,MethodCountObserver,testDataBytesCalled,2,0,void,,true,true,true,false
C:\Users\simon\Documents\Code\thesis-code\commons-io-master\src\test\java\org\apache\commons\io\input\ObservableInputStreamTest.java,ObservableInputStreamTest.java,MethodCountObserver,testGetObservers0,1,0,void,,true,true,true,false
C:\Users\simon\Documents\Code\thesis-code\commons-io-master\src\test\java\org\apache\commons\io\input\ObservableInputStreamTest.java,ObservableInputStreamTest.java,MethodCountObserver,testGetObservers1,2,0,void,,true,true,true,false
C:\Users\simon\Documents\Code\thesis-code\commons-io-master\src\test\java\org\apache\commons\io\input\ObservableInputStreamTest.java,ObservableInputStreamTest.java,MethodCountObserver,testGetObserversOrder,3,0,void,,true,true,true,false
C:\Users\simon\Documents\Code\thesis-code\commons-io-master\src\test\java\org\apache\commons\io\input\ObservableInputStreamTest.java,ObservableInputStreamTest.java,MethodCountObserver,testNotificationCallbacks,10,1,void,private,false,true,true,false
C:\Users\simon\Documents\Code\thesis-code\commons-io-master\src\test\java\org\apache\commons\io\input\ObservableInputStreamTest.java,ObservableInputStreamTest.java,MethodCountObserver,testNotificationCallbacksBufferSize1,1,0,void,,true,true,true,false
C:\Users\simon\Documents\Code\thesis-code\commons-io-master\src\test\java\org\apache\commons\io\input\ObservableInputStreamTest.java,ObservableInputStreamTest.java,MethodCountObserver,testNotificationCallbacksBufferSize2,1,0,void,,true,true,true,false
C:\Users\simon\Documents\Code\thesis-code\commons-io-master\src\test\java\org\apache\commons\io\input\ObservableInputStreamTest.java,ObservableInputStreamTest.java,MethodCountObserver,testNotificationCallbacksBufferSizeDefault,1,0,void,,true,true,true,false
C:\Users\simon\Documents\Code\thesis-code\commons-io-master\src\test\java\org\apache\commons\io\input\ObservableInputStreamTest.java,ObservableInputStreamTest.java,MethodCountObserver,testReadAfterClose_ByteArrayInputStream,1,0,void,,true,true,true,false
C:\Users\simon\Documents\Code\thesis-code\commons-io-master\src\test\java\org\apache\commons\io\input\ObservableInputStreamTest.java,ObservableInputStreamTest.java,MethodCountObserver,testReadAfterClose_ChannelInputStream,1,0,void,,true,true,true,false
C:\Users\simon\Documents\Code\thesis-code\commons-io-master\src\test\java\org\apache\commons\io\input\ProxyInputStreamTest.java,ProxyInputStreamTest.java,Builder,get,1,0,ProxyInputStreamFixture,public,false,false,true,false
C:\Users\simon\Documents\Code\thesis-code\commons-io-master\src\test\java\org\apache\commons\io\input\ProxyInputStreamTest.java,ProxyInputStreamTest.java,Builder,builder,1,0,Builder,static,false,false,true,false
C:\Users\simon\Documents\Code\thesis-code\commons-io-master\src\test\java\org\apache\commons\io\input\ProxyInputStreamTest.java,ProxyInputStreamTest.java,Builder,testCloseHandleIOException,2,1,void,static,false,true,true,false
C:\Users\simon\Documents\Code\thesis-code\commons-io-master\src\test\java\org\apache\commons\io\input\ProxyInputStreamTest.java,ProxyInputStreamTest.java,Builder,testCloseHandleIOException,6,1,void,static,false,true,true,false
C:\Users\simon\Documents\Code\thesis-code\commons-io-master\src\test\java\org\apache\commons\io\input\ProxyInputStreamTest.java,ProxyInputStreamTest.java,Builder,assertMarkSupportedEquals,2,1,void,protected,false,false,true,false
C:\Users\simon\Documents\Code\thesis-code\commons-io-master\src\test\java\org\apache\commons\io\input\ProxyInputStreamTest.java,ProxyInputStreamTest.java,Builder,createFixture,1,0,T,protected,false,false,true,false
C:\Users\simon\Documents\Code\thesis-code\commons-io-master\src\test\java\org\apache\commons\io\input\ProxyInputStreamTest.java,ProxyInputStreamTest.java,Builder,createFixture,1,1,T,protected,false,false,true,false
C:\Users\simon\Documents\Code\thesis-code\commons-io-master\src\test\java\org\apache\commons\io\input\ProxyInputStreamTest.java,ProxyInputStreamTest.java,Builder,createOriginInputStream,1,0,InputStream,protected,false,false,true,false
C:\Users\simon\Documents\Code\thesis-code\commons-io-master\src\test\java\org\apache\commons\io\input\ProxyInputStreamTest.java,ProxyInputStreamTest.java,Builder,testAvailableAfterClose,3,0,void,,true,true,true,false
C:\Users\simon\Documents\Code\thesis-code\commons-io-master\src\test\java\org\apache\commons\io\input\ProxyInputStreamTest.java,ProxyInputStreamTest.java,Builder,testAvailableAfterOpen,1,0,void,,true,true,true,false
C:\Users\simon\Documents\Code\thesis-code\commons-io-master\src\test\java\org\apache\commons\io\input\ProxyInputStreamTest.java,ProxyInputStreamTest.java,Builder,testAvailableAll,1,0,void,,true,true,true,false
C:\Users\simon\Documents\Code\thesis-code\commons-io-master\src\test\java\org\apache\commons\io\input\ProxyInputStreamTest.java,ProxyInputStreamTest.java,Builder,testAvailableNull,1,0,void,,true,true,true,false
C:\Users\simon\Documents\Code\thesis-code\commons-io-master\src\test\java\org\apache\commons\io\input\ProxyInputStreamTest.java,ProxyInputStreamTest.java,Builder,testEos,0,1,void,protected,false,true,true,false
C:\Users\simon\Documents\Code\thesis-code\commons-io-master\src\test\java\org\apache\commons\io\input\ProxyInputStreamTest.java,ProxyInputStreamTest.java,Builder,testMarkOnNull,1,0,void,,false,true,true,false
C:\Users\simon\Documents\Code\thesis-code\commons-io-master\src\test\java\org\apache\commons\io\input\ProxyInputStreamTest.java,ProxyInputStreamTest.java,Builder,testMarkSupported,1,0,void,,true,true,true,false
C:\Users\simon\Documents\Code\thesis-code\commons-io-master\src\test\java\org\apache\commons\io\input\ProxyInputStreamTest.java,ProxyInputStreamTest.java,Builder,testMarkSupportedAfterClose,3,0,void,,true,true,true,false
C:\Users\simon\Documents\Code\thesis-code\commons-io-master\src\test\java\org\apache\commons\io\input\ProxyInputStreamTest.java,ProxyInputStreamTest.java,Builder,testMarkSupportedOnNull,1,0,void,,true,true,true,false
C:\Users\simon\Documents\Code\thesis-code\commons-io-master\src\test\java\org\apache\commons\io\input\ProxyInputStreamTest.java,ProxyInputStreamTest.java,Builder,testRead,1,0,void,,true,true,true,false
C:\Users\simon\Documents\Code\thesis-code\commons-io-master\src\test\java\org\apache\commons\io\input\ProxyInputStreamTest.java,ProxyInputStreamTest.java,Builder,testReadAfterClose_ByteArrayInputStream,1,0,void,,true,true,true,false
C:\Users\simon\Documents\Code\thesis-code\commons-io-master\src\test\java\org\apache\commons\io\input\ProxyInputStreamTest.java,ProxyInputStreamTest.java,Builder,testReadAfterClose_ChannelInputStream,1,0,void,,true,true,true,false
C:\Users\simon\Documents\Code\thesis-code\commons-io-master\src\test\java\org\apache\commons\io\input\ProxyInputStreamTest.java,ProxyInputStreamTest.java,Builder,testReadAfterClose_CharSequenceInputStream,1,0,void,,true,true,true,false
C:\Users\simon\Documents\Code\thesis-code\commons-io-master\src\test\java\org\apache\commons\io\input\ProxyInputStreamTest.java,ProxyInputStreamTest.java,Builder,testReadArrayAtMiddleFully,1,0,void,,true,true,true,false
C:\Users\simon\Documents\Code\thesis-code\commons-io-master\src\test\java\org\apache\commons\io\input\ProxyInputStreamTest.java,ProxyInputStreamTest.java,Builder,testReadArrayAtStartFully,1,0,void,,true,true,true,false
C:\Users\simon\Documents\Code\thesis-code\commons-io-master\src\test\java\org\apache\commons\io\input\ProxyInputStreamTest.java,ProxyInputStreamTest.java,Builder,testReadArrayAtStartPartial,1,0,void,,true,true,true,false
C:\Users\simon\Documents\Code\thesis-code\commons-io-master\src\test\java\org\apache\commons\io\input\ProxyInputStreamTest.java,ProxyInputStreamTest.java,Builder,testReadArrayFully,1,0,void,,true,true,true,false
C:\Users\simon\Documents\Code\thesis-code\commons-io-master\src\test\java\org\apache\commons\io\input\ProxyInputStreamTest.java,ProxyInputStreamTest.java,Builder,testReadArrayPartial,1,0,void,,true,true,true,false
C:\Users\simon\Documents\Code\thesis-code\commons-io-master\src\test\java\org\apache\commons\io\input\ProxyInputStreamTest.java,ProxyInputStreamTest.java,Builder,testReadEof,2,0,void,,true,true,true,false
C:\Users\simon\Documents\Code\thesis-code\commons-io-master\src\test\java\org\apache\commons\io\input\ProxyInputStreamTest.java,ProxyInputStreamTest.java,Builder,testSubclassAfterReadConsumer,6,0,void,,true,true,true,false
C:\Users\simon\Documents\Code\thesis-code\commons-io-master\src\test\java\org\apache\commons\io\input\ProxyReaderTest.java,ProxyReaderTest.java,ProxyReaderImpl,read,1,1,int,public,false,false,true,false
C:\Users\simon\Documents\Code\thesis-code\commons-io-master\src\test\java\org\apache\commons\io\input\ProxyReaderTest.java,ProxyReaderTest.java,ProxyReaderImpl,read,1,3,int,public,false,false,true,false
C:\Users\simon\Documents\Code\thesis-code\commons-io-master\src\test\java\org\apache\commons\io\input\ProxyReaderTest.java,ProxyReaderTest.java,ProxyReaderImpl,read,1,1,int,public,false,false,true,false
C:\Users\simon\Documents\Code\thesis-code\commons-io-master\src\test\java\org\apache\commons\io\input\ProxyReaderTest.java,ProxyReaderTest.java,ProxyReaderImpl,testNullCharArray,1,0,void,,true,true,true,false
C:\Users\simon\Documents\Code\thesis-code\commons-io-master\src\test\java\org\apache\commons\io\input\ProxyReaderTest.java,ProxyReaderTest.java,ProxyReaderImpl,testNullCharBuffer,1,0,void,,true,true,true,false
C:\Users\simon\Documents\Code\thesis-code\commons-io-master\src\test\java\org\apache\commons\io\input\QueueInputStreamTest.java,QueueInputStreamTest.java,QueueInputStreamTest,inputData,1,0,Stream<Arguments>,public; static,false,false,true,true
C:\Users\simon\Documents\Code\thesis-code\commons-io-master\src\test\java\org\apache\commons\io\input\QueueInputStreamTest.java,QueueInputStreamTest.java,QueueInputStreamTest,bulkReadErrorHandlingTests,2,0,DynamicTest[],public,false,false,true,true
C:\Users\simon\Documents\Code\thesis-code\commons-io-master\src\test\java\org\apache\commons\io\input\QueueInputStreamTest.java,QueueInputStreamTest.java,QueueInputStreamTest,defaultBufferSize,1,0,int,private,false,false,true,true
C:\Users\simon\Documents\Code\thesis-code\commons-io-master\src\test\java\org\apache\commons\io\input\QueueInputStreamTest.java,QueueInputStreamTest.java,QueueInputStreamTest,doTestReadLineByLine,2,3,void,private,false,false,true,true
C:\Users\simon\Documents\Code\thesis-code\commons-io-master\src\test\java\org\apache\commons\io\input\QueueInputStreamTest.java,QueueInputStreamTest.java,QueueInputStreamTest,readUnbuffered,1,1,String,private,false,false,true,true
C:\Users\simon\Documents\Code\thesis-code\commons-io-master\src\test\java\org\apache\commons\io\input\QueueInputStreamTest.java,QueueInputStreamTest.java,QueueInputStreamTest,readUnbuffered,5,2,String,private,false,false,true,true
C:\Users\simon\Documents\Code\thesis-code\commons-io-master\src\test\java\org\apache\commons\io\input\QueueInputStreamTest.java,QueueInputStreamTest.java,QueueInputStreamTest,testAvailableAfterClose,4,1,void,,false,true,true,true
C:\Users\simon\Documents\Code\thesis-code\commons-io-master\src\test\java\org\apache\commons\io\input\QueueInputStreamTest.java,QueueInputStreamTest.java,QueueInputStreamTest,testAvailableAfterOpen,2,1,void,,false,true,true,true
C:\Users\simon\Documents\Code\thesis-code\commons-io-master\src\test\java\org\apache\commons\io\input\QueueInputStreamTest.java,QueueInputStreamTest.java,QueueInputStreamTest,testBufferedReads,2,1,void,,false,true,true,true
C:\Users\simon\Documents\Code\thesis-code\commons-io-master\src\test\java\org\apache\commons\io\input\QueueInputStreamTest.java,QueueInputStreamTest.java,QueueInputStreamTest,testBufferedReadWrite,2,1,void,,false,true,true,true
C:\Users\simon\Documents\Code\thesis-code\commons-io-master\src\test\java\org\apache\commons\io\input\QueueInputStreamTest.java,QueueInputStreamTest.java,QueueInputStreamTest,testBufferedWrites,2,1,void,,false,true,true,true
C:\Users\simon\Documents\Code\thesis-code\commons-io-master\src\test\java\org\apache\commons\io\input\QueueInputStreamTest.java,QueueInputStreamTest.java,QueueInputStreamTest,testBulkReadWaiting,5,1,void,,false,true,true,true
C:\Users\simon\Documents\Code\thesis-code\commons-io-master\src\test\java\org\apache\commons\io\input\QueueInputStreamTest.java,QueueInputStreamTest.java,QueueInputStreamTest,poll,3,2,Integer,public,false,false,true,true
C:\Users\simon\Documents\Code\thesis-code\commons-io-master\src\test\java\org\apache\commons\io\input\QueueInputStreamTest.java,QueueInputStreamTest.java,QueueInputStreamTest,testBulkReadZeroLength,3,0,void,,true,true,true,true
C:\Users\simon\Documents\Code\thesis-code\commons-io-master\src\test\java\org\apache\commons\io\input\QueueInputStreamTest.java,QueueInputStreamTest.java,QueueInputStreamTest,testInvalidArguments,1,0,void,,true,true,true,true
C:\Users\simon\Documents\Code\thesis-code\commons-io-master\src\test\java\org\apache\commons\io\input\QueueInputStreamTest.java,QueueInputStreamTest.java,QueueInputStreamTest,testReadAfterClose,4,1,void,,false,true,true,true
C:\Users\simon\Documents\Code\thesis-code\commons-io-master\src\test\java\org\apache\commons\io\input\QueueInputStreamTest.java,QueueInputStreamTest.java,QueueInputStreamTest,testReadLineByLineFile,2,1,void,,false,true,true,true
C:\Users\simon\Documents\Code\thesis-code\commons-io-master\src\test\java\org\apache\commons\io\input\QueueInputStreamTest.java,QueueInputStreamTest.java,QueueInputStreamTest,testReadLineByLineQueue,3,1,void,,false,true,true,true
C:\Users\simon\Documents\Code\thesis-code\commons-io-master\src\test\java\org\apache\commons\io\input\QueueInputStreamTest.java,QueueInputStreamTest.java,QueueInputStreamTest,testResetArguments,2,0,void,,true,true,true,true
C:\Users\simon\Documents\Code\thesis-code\commons-io-master\src\test\java\org\apache\commons\io\input\QueueInputStreamTest.java,QueueInputStreamTest.java,QueueInputStreamTest,testTimeoutInterrupted,1,0,"/** If read is interrupted while waiting, then exception is thrown */
void",,true,true,true,true
C:\Users\simon\Documents\Code\thesis-code\commons-io-master\src\test\java\org\apache\commons\io\input\QueueInputStreamTest.java,QueueInputStreamTest.java,QueueInputStreamTest,testTimeoutUnavailableData,1,0,"/** If data is not available in queue, then read will wait until wait time elapses */
void",,true,true,true,true
C:\Users\simon\Documents\Code\thesis-code\commons-io-master\src\test\java\org\apache\commons\io\input\QueueInputStreamTest.java,QueueInputStreamTest.java,QueueInputStreamTest,testUnbufferedReadWrite,1,1,void,,false,true,true,true
C:\Users\simon\Documents\Code\thesis-code\commons-io-master\src\test\java\org\apache\commons\io\input\QueueInputStreamTest.java,QueueInputStreamTest.java,QueueInputStreamTest,testUnbufferedReadWriteWithTimeout,2,1,void,,false,true,true,true
C:\Users\simon\Documents\Code\thesis-code\commons-io-master\src\test\java\org\apache\commons\io\input\QueueInputStreamTest.java,QueueInputStreamTest.java,QueueInputStreamTest,writeUnbuffered,2,2,void,private,false,false,true,true
C:\Users\simon\Documents\Code\thesis-code\commons-io-master\src\test\java\org\apache\commons\io\input\RandomAccessFileInputStreamTest.java,RandomAccessFileInputStreamTest.java,RandomAccessFileInputStreamTest,createRandomAccessFile,1,0,RandomAccessFile,private,false,false,true,true
C:\Users\simon\Documents\Code\thesis-code\commons-io-master\src\test\java\org\apache\commons\io\input\RandomAccessFileInputStreamTest.java,RandomAccessFileInputStreamTest.java,RandomAccessFileInputStreamTest,testAvailableAfterClose,1,0,void,,true,true,true,true
C:\Users\simon\Documents\Code\thesis-code\commons-io-master\src\test\java\org\apache\commons\io\input\RandomAccessFileInputStreamTest.java,RandomAccessFileInputStreamTest.java,RandomAccessFileInputStreamTest,testAvailableAfterOpen,1,0,void,,true,true,true,true
C:\Users\simon\Documents\Code\thesis-code\commons-io-master\src\test\java\org\apache\commons\io\input\RandomAccessFileInputStreamTest.java,RandomAccessFileInputStreamTest.java,RandomAccessFileInputStreamTest,testAvailableLong,1,0,void,,true,true,true,true
C:\Users\simon\Documents\Code\thesis-code\commons-io-master\src\test\java\org\apache\commons\io\input\RandomAccessFileInputStreamTest.java,RandomAccessFileInputStreamTest.java,RandomAccessFileInputStreamTest,testBuilderFile,1,0,void,,true,true,true,true
C:\Users\simon\Documents\Code\thesis-code\commons-io-master\src\test\java\org\apache\commons\io\input\RandomAccessFileInputStreamTest.java,RandomAccessFileInputStreamTest.java,RandomAccessFileInputStreamTest,testBuilderGet,1,0,void,,true,true,true,true
C:\Users\simon\Documents\Code\thesis-code\commons-io-master\src\test\java\org\apache\commons\io\input\RandomAccessFileInputStreamTest.java,RandomAccessFileInputStreamTest.java,RandomAccessFileInputStreamTest,testBuilderPath,1,0,void,,true,true,true,true
C:\Users\simon\Documents\Code\thesis-code\commons-io-master\src\test\java\org\apache\commons\io\input\RandomAccessFileInputStreamTest.java,RandomAccessFileInputStreamTest.java,RandomAccessFileInputStreamTest,testBuilderPathOpenOptions,1,0,void,,true,true,true,true
C:\Users\simon\Documents\Code\thesis-code\commons-io-master\src\test\java\org\apache\commons\io\input\RandomAccessFileInputStreamTest.java,RandomAccessFileInputStreamTest.java,RandomAccessFileInputStreamTest,testBuilderRandomAccessFile,1,0,void,,true,true,true,true
C:\Users\simon\Documents\Code\thesis-code\commons-io-master\src\test\java\org\apache\commons\io\input\RandomAccessFileInputStreamTest.java,RandomAccessFileInputStreamTest.java,RandomAccessFileInputStreamTest,testConstructorCloseOnCloseFalse,1,0,void,,true,true,true,true
C:\Users\simon\Documents\Code\thesis-code\commons-io-master\src\test\java\org\apache\commons\io\input\RandomAccessFileInputStreamTest.java,RandomAccessFileInputStreamTest.java,RandomAccessFileInputStreamTest,testCopy,1,0,void,,true,true,true,true
C:\Users\simon\Documents\Code\thesis-code\commons-io-master\src\test\java\org\apache\commons\io\input\RandomAccessFileInputStreamTest.java,RandomAccessFileInputStreamTest.java,RandomAccessFileInputStreamTest,testDeprecatedConstructorCloseOnCloseTrue,1,0,void,,true,true,true,true
C:\Users\simon\Documents\Code\thesis-code\commons-io-master\src\test\java\org\apache\commons\io\input\RandomAccessFileInputStreamTest.java,RandomAccessFileInputStreamTest.java,RandomAccessFileInputStreamTest,testDeprecatedConstructorRandomAccessFile,1,0,void,,true,true,true,true
C:\Users\simon\Documents\Code\thesis-code\commons-io-master\src\test\java\org\apache\commons\io\input\RandomAccessFileInputStreamTest.java,RandomAccessFileInputStreamTest.java,RandomAccessFileInputStreamTest,testDeprecatedConstructors,1,0,void,,true,true,true,true
C:\Users\simon\Documents\Code\thesis-code\commons-io-master\src\test\java\org\apache\commons\io\input\RandomAccessFileInputStreamTest.java,RandomAccessFileInputStreamTest.java,RandomAccessFileInputStreamTest,testDeprecatedConstructorsNull,3,0,void,,true,true,true,true
C:\Users\simon\Documents\Code\thesis-code\commons-io-master\src\test\java\org\apache\commons\io\input\RandomAccessFileInputStreamTest.java,RandomAccessFileInputStreamTest.java,RandomAccessFileInputStreamTest,testGetters,1,0,void,,true,true,true,true
C:\Users\simon\Documents\Code\thesis-code\commons-io-master\src\test\java\org\apache\commons\io\input\RandomAccessFileInputStreamTest.java,RandomAccessFileInputStreamTest.java,RandomAccessFileInputStreamTest,testRead,1,0,void,,true,true,true,true
C:\Users\simon\Documents\Code\thesis-code\commons-io-master\src\test\java\org\apache\commons\io\input\RandomAccessFileInputStreamTest.java,RandomAccessFileInputStreamTest.java,RandomAccessFileInputStreamTest,testReadAfterClose,1,0,void,,true,true,true,true
C:\Users\simon\Documents\Code\thesis-code\commons-io-master\src\test\java\org\apache\commons\io\input\RandomAccessFileInputStreamTest.java,RandomAccessFileInputStreamTest.java,RandomAccessFileInputStreamTest,testReadByteArray,1,0,void,,true,true,true,true
C:\Users\simon\Documents\Code\thesis-code\commons-io-master\src\test\java\org\apache\commons\io\input\RandomAccessFileInputStreamTest.java,RandomAccessFileInputStreamTest.java,RandomAccessFileInputStreamTest,testReadByteArrayBounds,1,0,void,,true,true,true,true
C:\Users\simon\Documents\Code\thesis-code\commons-io-master\src\test\java\org\apache\commons\io\input\RandomAccessFileInputStreamTest.java,RandomAccessFileInputStreamTest.java,RandomAccessFileInputStreamTest,testSkip,1,0,void,,true,true,true,true
C:\Users\simon\Documents\Code\thesis-code\commons-io-master\src\test\java\org\apache\commons\io\input\ReadAheadInputStreamTest.java,ReadAheadInputStreamTest.java,ReadAheadInputStreamTest,setUpInputStreams,1,0,void,public,false,false,true,true
C:\Users\simon\Documents\Code\thesis-code\commons-io-master\src\test\java\org\apache\commons\io\input\ReaderInputStreamTest.java,ReaderInputStreamTest.java,ReaderInputStreamTest,charsetData,1,0,Stream<Arguments>,static,false,false,true,true
C:\Users\simon\Documents\Code\thesis-code\commons-io-master\src\test\java\org\apache\commons\io\input\ReaderInputStreamTest.java,ReaderInputStreamTest.java,ReaderInputStreamTest,createInputStream,1,0,ReaderInputStream,private,false,false,true,true
C:\Users\simon\Documents\Code\thesis-code\commons-io-master\src\test\java\org\apache\commons\io\input\ReaderInputStreamTest.java,ReaderInputStreamTest.java,ReaderInputStreamTest,testAvailableAfterClose,1,0,void,,true,true,true,true
C:\Users\simon\Documents\Code\thesis-code\commons-io-master\src\test\java\org\apache\commons\io\input\ReaderInputStreamTest.java,ReaderInputStreamTest.java,ReaderInputStreamTest,testAvailableAfterOpen,1,0,void,,true,true,true,true
C:\Users\simon\Documents\Code\thesis-code\commons-io-master\src\test\java\org\apache\commons\io\input\ReaderInputStreamTest.java,ReaderInputStreamTest.java,ReaderInputStreamTest,testBufferSmallest,3,0,void,,true,true,true,true
C:\Users\simon\Documents\Code\thesis-code\commons-io-master\src\test\java\org\apache\commons\io\input\ReaderInputStreamTest.java,ReaderInputStreamTest.java,ReaderInputStreamTest,testBufferTooSmall,3,0,void,,true,true,true,true
C:\Users\simon\Documents\Code\thesis-code\commons-io-master\src\test\java\org\apache\commons\io\input\ReaderInputStreamTest.java,ReaderInputStreamTest.java,ReaderInputStreamTest,testCharsetEncoderFlush,4,2,void,,false,true,true,true
C:\Users\simon\Documents\Code\thesis-code\commons-io-master\src\test\java\org\apache\commons\io\input\ReaderInputStreamTest.java,ReaderInputStreamTest.java,ReaderInputStreamTest,testCharsetMismatchInfiniteLoop,3,0,void,,true,true,true,true
C:\Users\simon\Documents\Code\thesis-code\commons-io-master\src\test\java\org\apache\commons\io\input\ReaderInputStreamTest.java,ReaderInputStreamTest.java,ReaderInputStreamTest,testCodingError,4,0,void,,true,true,true,true
C:\Users\simon\Documents\Code\thesis-code\commons-io-master\src\test\java\org\apache\commons\io\input\ReaderInputStreamTest.java,ReaderInputStreamTest.java,ReaderInputStreamTest,testCodingErrorAction,4,0,void,,true,true,true,true
C:\Users\simon\Documents\Code\thesis-code\commons-io-master\src\test\java\org\apache\commons\io\input\ReaderInputStreamTest.java,ReaderInputStreamTest.java,ReaderInputStreamTest,testConstructNullCharset,3,0,void,,true,true,true,true
C:\Users\simon\Documents\Code\thesis-code\commons-io-master\src\test\java\org\apache\commons\io\input\ReaderInputStreamTest.java,ReaderInputStreamTest.java,ReaderInputStreamTest,testConstructNullCharsetEncoder,3,0,void,,true,true,true,true
C:\Users\simon\Documents\Code\thesis-code\commons-io-master\src\test\java\org\apache\commons\io\input\ReaderInputStreamTest.java,ReaderInputStreamTest.java,ReaderInputStreamTest,testConstructNullCharsetNameEncoder,4,0,void,,true,true,true,true
C:\Users\simon\Documents\Code\thesis-code\commons-io-master\src\test\java\org\apache\commons\io\input\ReaderInputStreamTest.java,ReaderInputStreamTest.java,ReaderInputStreamTest,testIo803SAXException,2,0,void,,true,true,true,true
C:\Users\simon\Documents\Code\thesis-code\commons-io-master\src\test\java\org\apache\commons\io\input\ReaderInputStreamTest.java,ReaderInputStreamTest.java,ReaderInputStreamTest,testIo803StringReaderSanityCheck,3,0,void,,true,true,true,true
C:\Users\simon\Documents\Code\thesis-code\commons-io-master\src\test\java\org\apache\commons\io\input\ReaderInputStreamTest.java,ReaderInputStreamTest.java,ReaderInputStreamTest,testLargeUTF8WithBufferedRead,1,0,void,,true,true,true,true
C:\Users\simon\Documents\Code\thesis-code\commons-io-master\src\test\java\org\apache\commons\io\input\ReaderInputStreamTest.java,ReaderInputStreamTest.java,ReaderInputStreamTest,testLargeUTF8WithSingleByteRead,1,0,void,,true,true,true,true
C:\Users\simon\Documents\Code\thesis-code\commons-io-master\src\test\java\org\apache\commons\io\input\ReaderInputStreamTest.java,ReaderInputStreamTest.java,ReaderInputStreamTest,testReadAfterClose,1,0,void,,true,true,true,true
C:\Users\simon\Documents\Code\thesis-code\commons-io-master\src\test\java\org\apache\commons\io\input\ReaderInputStreamTest.java,ReaderInputStreamTest.java,ReaderInputStreamTest,testReadEofTwice,1,0,void,,true,true,true,true
C:\Users\simon\Documents\Code\thesis-code\commons-io-master\src\test\java\org\apache\commons\io\input\ReaderInputStreamTest.java,ReaderInputStreamTest.java,ReaderInputStreamTest,testReadZero,3,0,void,,true,true,true,true
C:\Users\simon\Documents\Code\thesis-code\commons-io-master\src\test\java\org\apache\commons\io\input\ReaderInputStreamTest.java,ReaderInputStreamTest.java,ReaderInputStreamTest,testReadZero,4,2,void,private,false,true,true,true
C:\Users\simon\Documents\Code\thesis-code\commons-io-master\src\test\java\org\apache\commons\io\input\ReaderInputStreamTest.java,ReaderInputStreamTest.java,ReaderInputStreamTest,testReadZeroEmptyString,1,0,void,,true,true,true,true
C:\Users\simon\Documents\Code\thesis-code\commons-io-master\src\test\java\org\apache\commons\io\input\ReaderInputStreamTest.java,ReaderInputStreamTest.java,ReaderInputStreamTest,testResetCharset,1,0,void,,true,true,true,true
C:\Users\simon\Documents\Code\thesis-code\commons-io-master\src\test\java\org\apache\commons\io\input\ReaderInputStreamTest.java,ReaderInputStreamTest.java,ReaderInputStreamTest,testResetCharsetEncoder,1,0,void,,true,true,true,true
C:\Users\simon\Documents\Code\thesis-code\commons-io-master\src\test\java\org\apache\commons\io\input\ReaderInputStreamTest.java,ReaderInputStreamTest.java,ReaderInputStreamTest,testResetCharsetName,1,0,void,,true,true,true,true
C:\Users\simon\Documents\Code\thesis-code\commons-io-master\src\test\java\org\apache\commons\io\input\ReaderInputStreamTest.java,ReaderInputStreamTest.java,ReaderInputStreamTest,testUTF16WithSingleByteRead,1,0,void,,true,true,true,true
C:\Users\simon\Documents\Code\thesis-code\commons-io-master\src\test\java\org\apache\commons\io\input\ReaderInputStreamTest.java,ReaderInputStreamTest.java,ReaderInputStreamTest,testUTF8WithBufferedRead,1,0,void,,true,true,true,true
C:\Users\simon\Documents\Code\thesis-code\commons-io-master\src\test\java\org\apache\commons\io\input\ReaderInputStreamTest.java,ReaderInputStreamTest.java,ReaderInputStreamTest,testUTF8WithSingleByteRead,1,0,void,,true,true,true,true
C:\Users\simon\Documents\Code\thesis-code\commons-io-master\src\test\java\org\apache\commons\io\input\ReaderInputStreamTest.java,ReaderInputStreamTest.java,ReaderInputStreamTest,testWithBufferedRead,3,2,void,private,false,true,true,true
C:\Users\simon\Documents\Code\thesis-code\commons-io-master\src\test\java\org\apache\commons\io\input\ReaderInputStreamTest.java,ReaderInputStreamTest.java,ReaderInputStreamTest,testWithBufferedRead,3,2,void,private,false,true,true,true
C:\Users\simon\Documents\Code\thesis-code\commons-io-master\src\test\java\org\apache\commons\io\input\ReaderInputStreamTest.java,ReaderInputStreamTest.java,ReaderInputStreamTest,testWithSingleByteRead,2,2,void,private,false,true,true,true
C:\Users\simon\Documents\Code\thesis-code\commons-io-master\src\test\java\org\apache\commons\io\input\ReversedLinesFileReaderParamBlockSizeTest.java,ReversedLinesFileReaderParamBlockSizeTest.java,ReversedLinesFileReaderParamBlockSizeTest,assertEqualsAndNoLineBreaks,1,2,void,static,false,false,true,true
C:\Users\simon\Documents\Code\thesis-code\commons-io-master\src\test\java\org\apache\commons\io\input\ReversedLinesFileReaderParamBlockSizeTest.java,ReversedLinesFileReaderParamBlockSizeTest.java,ReversedLinesFileReaderParamBlockSizeTest,assertEqualsAndNoLineBreaks,2,3,void,static,false,false,true,true
C:\Users\simon\Documents\Code\thesis-code\commons-io-master\src\test\java\org\apache\commons\io\input\ReversedLinesFileReaderParamBlockSizeTest.java,ReversedLinesFileReaderParamBlockSizeTest.java,ReversedLinesFileReaderParamBlockSizeTest,blockSizes,1,0,IntStream,public; static,false,false,true,true
C:\Users\simon\Documents\Code\thesis-code\commons-io-master\src\test\java\org\apache\commons\io\input\ReversedLinesFileReaderParamBlockSizeTest.java,ReversedLinesFileReaderParamBlockSizeTest.java,ReversedLinesFileReaderParamBlockSizeTest,assertFileWithShrinkingTestLines,2,1,void,private,false,false,true,true
C:\Users\simon\Documents\Code\thesis-code\commons-io-master\src\test\java\org\apache\commons\io\input\ReversedLinesFileReaderParamBlockSizeTest.java,ReversedLinesFileReaderParamBlockSizeTest.java,ReversedLinesFileReaderParamBlockSizeTest,closeReader,1,0,void,public,false,false,true,true
C:\Users\simon\Documents\Code\thesis-code\commons-io-master\src\test\java\org\apache\commons\io\input\ReversedLinesFileReaderParamBlockSizeTest.java,ReversedLinesFileReaderParamBlockSizeTest.java,ReversedLinesFileReaderParamBlockSizeTest,testEmptyFile,3,1,void,,false,true,true,true
C:\Users\simon\Documents\Code\thesis-code\commons-io-master\src\test\java\org\apache\commons\io\input\ReversedLinesFileReaderParamBlockSizeTest.java,ReversedLinesFileReaderParamBlockSizeTest.java,ReversedLinesFileReaderParamBlockSizeTest,testFileSizeIsExactMultipleOfBlockSize,5,0,void,,true,true,true,true
C:\Users\simon\Documents\Code\thesis-code\commons-io-master\src\test\java\org\apache\commons\io\input\ReversedLinesFileReaderParamBlockSizeTest.java,ReversedLinesFileReaderParamBlockSizeTest.java,ReversedLinesFileReaderParamBlockSizeTest,testGBK,4,1,void,,false,true,true,true
C:\Users\simon\Documents\Code\thesis-code\commons-io-master\src\test\java\org\apache\commons\io\input\ReversedLinesFileReaderParamBlockSizeTest.java,ReversedLinesFileReaderParamBlockSizeTest.java,ReversedLinesFileReaderParamBlockSizeTest,testIsoFileDefaults,3,1,void,,false,true,true,true
C:\Users\simon\Documents\Code\thesis-code\commons-io-master\src\test\java\org\apache\commons\io\input\ReversedLinesFileReaderParamBlockSizeTest.java,ReversedLinesFileReaderParamBlockSizeTest.java,ReversedLinesFileReaderParamBlockSizeTest,testIsoFileManyWindowsBreaksSmallBlockSize2VerifyBlockSpanningNewLines,3,1,void,,false,true,true,true
C:\Users\simon\Documents\Code\thesis-code\commons-io-master\src\test\java\org\apache\commons\io\input\ReversedLinesFileReaderParamBlockSizeTest.java,ReversedLinesFileReaderParamBlockSizeTest.java,ReversedLinesFileReaderParamBlockSizeTest,testShiftJISFile,4,1,void,,false,true,true,true
C:\Users\simon\Documents\Code\thesis-code\commons-io-master\src\test\java\org\apache\commons\io\input\ReversedLinesFileReaderParamBlockSizeTest.java,ReversedLinesFileReaderParamBlockSizeTest.java,ReversedLinesFileReaderParamBlockSizeTest,testUnsupportedEncodingBig5,2,1,void,,false,true,true,true
C:\Users\simon\Documents\Code\thesis-code\commons-io-master\src\test\java\org\apache\commons\io\input\ReversedLinesFileReaderParamBlockSizeTest.java,ReversedLinesFileReaderParamBlockSizeTest.java,ReversedLinesFileReaderParamBlockSizeTest,testUnsupportedEncodingUTF16,2,1,void,,false,true,true,true
C:\Users\simon\Documents\Code\thesis-code\commons-io-master\src\test\java\org\apache\commons\io\input\ReversedLinesFileReaderParamBlockSizeTest.java,ReversedLinesFileReaderParamBlockSizeTest.java,ReversedLinesFileReaderParamBlockSizeTest,testUTF16BEFile,3,1,void,,false,true,true,true
C:\Users\simon\Documents\Code\thesis-code\commons-io-master\src\test\java\org\apache\commons\io\input\ReversedLinesFileReaderParamBlockSizeTest.java,ReversedLinesFileReaderParamBlockSizeTest.java,ReversedLinesFileReaderParamBlockSizeTest,testUTF16LEFile,3,1,void,,false,true,true,true
C:\Users\simon\Documents\Code\thesis-code\commons-io-master\src\test\java\org\apache\commons\io\input\ReversedLinesFileReaderParamBlockSizeTest.java,ReversedLinesFileReaderParamBlockSizeTest.java,ReversedLinesFileReaderParamBlockSizeTest,testUTF8File,3,1,void,,false,true,true,true
C:\Users\simon\Documents\Code\thesis-code\commons-io-master\src\test\java\org\apache\commons\io\input\ReversedLinesFileReaderParamBlockSizeTest.java,ReversedLinesFileReaderParamBlockSizeTest.java,ReversedLinesFileReaderParamBlockSizeTest,testUTF8FileCRBreaks,3,1,void,,false,true,true,true
C:\Users\simon\Documents\Code\thesis-code\commons-io-master\src\test\java\org\apache\commons\io\input\ReversedLinesFileReaderParamBlockSizeTest.java,ReversedLinesFileReaderParamBlockSizeTest.java,ReversedLinesFileReaderParamBlockSizeTest,testUTF8FileWindowsBreaks,3,1,void,,false,true,true,true
C:\Users\simon\Documents\Code\thesis-code\commons-io-master\src\test\java\org\apache\commons\io\input\ReversedLinesFileReaderParamBlockSizeTest.java,ReversedLinesFileReaderParamBlockSizeTest.java,ReversedLinesFileReaderParamBlockSizeTest,testUTF8FileWindowsBreaksSmallBlockSize2VerifyBlockSpanningNewLines,3,1,void,,false,true,true,true
C:\Users\simon\Documents\Code\thesis-code\commons-io-master\src\test\java\org\apache\commons\io\input\ReversedLinesFileReaderParamBlockSizeTest.java,ReversedLinesFileReaderParamBlockSizeTest.java,ReversedLinesFileReaderParamBlockSizeTest,testWindows31jFile,4,1,void,,false,true,true,true
C:\Users\simon\Documents\Code\thesis-code\commons-io-master\src\test\java\org\apache\commons\io\input\ReversedLinesFileReaderParamBlockSizeTest.java,ReversedLinesFileReaderParamBlockSizeTest.java,ReversedLinesFileReaderParamBlockSizeTest,testxWindows949File,4,1,void,,false,true,true,true
C:\Users\simon\Documents\Code\thesis-code\commons-io-master\src\test\java\org\apache\commons\io\input\ReversedLinesFileReaderParamBlockSizeTest.java,ReversedLinesFileReaderParamBlockSizeTest.java,ReversedLinesFileReaderParamBlockSizeTest,testxWindows950File,4,1,void,,false,true,true,true
C:\Users\simon\Documents\Code\thesis-code\commons-io-master\src\test\java\org\apache\commons\io\input\ReversedLinesFileReaderParamFileTest.java,ReversedLinesFileReaderParamFileTest.java,ReversedLinesFileReaderParamFileTest,testDataIntegrityWithBufferedReader,4,0,Stream<Arguments>,public; static,false,true,true,true
C:\Users\simon\Documents\Code\thesis-code\commons-io-master\src\test\java\org\apache\commons\io\input\ReversedLinesFileReaderParamFileTest.java,ReversedLinesFileReaderParamFileTest.java,ReversedLinesFileReaderParamFileTest,testDataIntegrityWithBufferedReader,6,4,void,private,false,true,true,true
C:\Users\simon\Documents\Code\thesis-code\commons-io-master\src\test\java\org\apache\commons\io\input\ReversedLinesFileReaderParamFileTest.java,ReversedLinesFileReaderParamFileTest.java,ReversedLinesFileReaderParamFileTest,testDataIntegrityWithBufferedReader,6,5,void,,false,true,true,true
C:\Users\simon\Documents\Code\thesis-code\commons-io-master\src\test\java\org\apache\commons\io\input\ReversedLinesFileReaderSimpleTest.java,ReversedLinesFileReaderSimpleTest.java,ReversedLinesFileReaderSimpleTest,testEmptyFirstLine,2,1,void,,false,true,true,true
C:\Users\simon\Documents\Code\thesis-code\commons-io-master\src\test\java\org\apache\commons\io\input\ReversedLinesFileReaderSimpleTest.java,ReversedLinesFileReaderSimpleTest.java,ReversedLinesFileReaderSimpleTest,testFileSizeIsExactMultipleOfBlockSize,2,1,void,,false,true,true,true
C:\Users\simon\Documents\Code\thesis-code\commons-io-master\src\test\java\org\apache\commons\io\input\ReversedLinesFileReaderSimpleTest.java,ReversedLinesFileReaderSimpleTest.java,ReversedLinesFileReaderSimpleTest,testLineCount,2,1,void,,false,true,true,true
C:\Users\simon\Documents\Code\thesis-code\commons-io-master\src\test\java\org\apache\commons\io\input\ReversedLinesFileReaderSimpleTest.java,ReversedLinesFileReaderSimpleTest.java,ReversedLinesFileReaderSimpleTest,testToString,2,1,void,,false,true,true,true
C:\Users\simon\Documents\Code\thesis-code\commons-io-master\src\test\java\org\apache\commons\io\input\ReversedLinesFileReaderSimpleTest.java,ReversedLinesFileReaderSimpleTest.java,ReversedLinesFileReaderSimpleTest,testUnsupportedEncodingBig5,2,0,void,,true,true,true,true
C:\Users\simon\Documents\Code\thesis-code\commons-io-master\src\test\java\org\apache\commons\io\input\ReversedLinesFileReaderSimpleTest.java,ReversedLinesFileReaderSimpleTest.java,ReversedLinesFileReaderSimpleTest,testUnsupportedEncodingUTF16,2,0,void,,true,true,true,true
C:\Users\simon\Documents\Code\thesis-code\commons-io-master\src\test\java\org\apache\commons\io\input\SequenceReaderTest.java,SequenceReaderTest.java,CustomReader,checkOpen,1,0,void,protected,false,false,true,false
C:\Users\simon\Documents\Code\thesis-code\commons-io-master\src\test\java\org\apache\commons\io\input\SequenceReaderTest.java,SequenceReaderTest.java,CustomReader,close,1,0,void,public,false,false,true,false
C:\Users\simon\Documents\Code\thesis-code\commons-io-master\src\test\java\org\apache\commons\io\input\SequenceReaderTest.java,SequenceReaderTest.java,CustomReader,isClosed,1,0,boolean,public,false,false,true,false
C:\Users\simon\Documents\Code\thesis-code\commons-io-master\src\test\java\org\apache\commons\io\input\SequenceReaderTest.java,SequenceReaderTest.java,CustomReader,read,3,3,int,public,false,false,true,false
C:\Users\simon\Documents\Code\thesis-code\commons-io-master\src\test\java\org\apache\commons\io\input\SequenceReaderTest.java,SequenceReaderTest.java,CustomReader,checkArray,1,2,void,private,false,false,true,false
C:\Users\simon\Documents\Code\thesis-code\commons-io-master\src\test\java\org\apache\commons\io\input\SequenceReaderTest.java,SequenceReaderTest.java,CustomReader,checkRead,1,2,void,private,false,false,true,false
C:\Users\simon\Documents\Code\thesis-code\commons-io-master\src\test\java\org\apache\commons\io\input\SequenceReaderTest.java,SequenceReaderTest.java,CustomReader,checkReadEof,1,1,void,private,false,false,true,false
C:\Users\simon\Documents\Code\thesis-code\commons-io-master\src\test\java\org\apache\commons\io\input\SequenceReaderTest.java,SequenceReaderTest.java,CustomReader,testAutoClose,1,0,void,,true,true,true,false
C:\Users\simon\Documents\Code\thesis-code\commons-io-master\src\test\java\org\apache\commons\io\input\SequenceReaderTest.java,SequenceReaderTest.java,CustomReader,testClose,4,0,void,,true,true,true,false
C:\Users\simon\Documents\Code\thesis-code\commons-io-master\src\test\java\org\apache\commons\io\input\SequenceReaderTest.java,SequenceReaderTest.java,CustomReader,testCloseReaders,5,0,void,,true,true,true,false
C:\Users\simon\Documents\Code\thesis-code\commons-io-master\src\test\java\org\apache\commons\io\input\SequenceReaderTest.java,SequenceReaderTest.java,CustomReader,read,8,3,int,public,false,false,true,false
C:\Users\simon\Documents\Code\thesis-code\commons-io-master\src\test\java\org\apache\commons\io\input\SequenceReaderTest.java,SequenceReaderTest.java,CustomReader,testMarkSupported,1,0,void,,true,true,true,false
C:\Users\simon\Documents\Code\thesis-code\commons-io-master\src\test\java\org\apache\commons\io\input\SequenceReaderTest.java,SequenceReaderTest.java,CustomReader,testRead,1,0,void,,true,true,true,false
C:\Users\simon\Documents\Code\thesis-code\commons-io-master\src\test\java\org\apache\commons\io\input\SequenceReaderTest.java,SequenceReaderTest.java,CustomReader,testReadCharArray,1,0,void,,true,true,true,false
C:\Users\simon\Documents\Code\thesis-code\commons-io-master\src\test\java\org\apache\commons\io\input\SequenceReaderTest.java,SequenceReaderTest.java,CustomReader,testReadCharArrayPortion,2,0,void,,true,true,true,false
C:\Users\simon\Documents\Code\thesis-code\commons-io-master\src\test\java\org\apache\commons\io\input\SequenceReaderTest.java,SequenceReaderTest.java,CustomReader,testReadClosedReader,3,0,void,,true,true,true,false
C:\Users\simon\Documents\Code\thesis-code\commons-io-master\src\test\java\org\apache\commons\io\input\SequenceReaderTest.java,SequenceReaderTest.java,CustomReader,testReadCollection,4,0,void,,true,true,true,false
C:\Users\simon\Documents\Code\thesis-code\commons-io-master\src\test\java\org\apache\commons\io\input\SequenceReaderTest.java,SequenceReaderTest.java,CustomReader,testReadIterable,5,0,void,,true,true,true,false
C:\Users\simon\Documents\Code\thesis-code\commons-io-master\src\test\java\org\apache\commons\io\input\SequenceReaderTest.java,SequenceReaderTest.java,CustomReader,testReadLength0Readers,1,0,void,,true,true,true,false
C:\Users\simon\Documents\Code\thesis-code\commons-io-master\src\test\java\org\apache\commons\io\input\SequenceReaderTest.java,SequenceReaderTest.java,CustomReader,testReadLength1Readers,1,0,void,,true,true,true,false
C:\Users\simon\Documents\Code\thesis-code\commons-io-master\src\test\java\org\apache\commons\io\input\SequenceReaderTest.java,SequenceReaderTest.java,CustomReader,testReadList,4,0,void,,true,true,true,false
C:\Users\simon\Documents\Code\thesis-code\commons-io-master\src\test\java\org\apache\commons\io\input\SequenceReaderTest.java,SequenceReaderTest.java,CustomReader,testSkip,1,0,void,,true,true,true,false
C:\Users\simon\Documents\Code\thesis-code\commons-io-master\src\test\java\org\apache\commons\io\input\SwappedDataInputStreamTest.java,SwappedDataInputStreamTest.java,SwappedDataInputStreamTest,setUp,3,0,void,public,false,false,true,true
C:\Users\simon\Documents\Code\thesis-code\commons-io-master\src\test\java\org\apache\commons\io\input\SwappedDataInputStreamTest.java,SwappedDataInputStreamTest.java,SwappedDataInputStreamTest,tearDown,1,0,void,public,false,false,true,true
C:\Users\simon\Documents\Code\thesis-code\commons-io-master\src\test\java\org\apache\commons\io\input\SwappedDataInputStreamTest.java,SwappedDataInputStreamTest.java,SwappedDataInputStreamTest,testCloseHandleIOException,1,0,void,,true,true,true,true
C:\Users\simon\Documents\Code\thesis-code\commons-io-master\src\test\java\org\apache\commons\io\input\SwappedDataInputStreamTest.java,SwappedDataInputStreamTest.java,SwappedDataInputStreamTest,testReadBoolean,2,0,void,,true,true,true,true
C:\Users\simon\Documents\Code\thesis-code\commons-io-master\src\test\java\org\apache\commons\io\input\SwappedDataInputStreamTest.java,SwappedDataInputStreamTest.java,SwappedDataInputStreamTest,testReadByte,1,0,void,,true,true,true,true
C:\Users\simon\Documents\Code\thesis-code\commons-io-master\src\test\java\org\apache\commons\io\input\SwappedDataInputStreamTest.java,SwappedDataInputStreamTest.java,SwappedDataInputStreamTest,testReadChar,1,0,void,,true,true,true,true
C:\Users\simon\Documents\Code\thesis-code\commons-io-master\src\test\java\org\apache\commons\io\input\SwappedDataInputStreamTest.java,SwappedDataInputStreamTest.java,SwappedDataInputStreamTest,testReadDouble,1,0,void,,true,true,true,true
C:\Users\simon\Documents\Code\thesis-code\commons-io-master\src\test\java\org\apache\commons\io\input\SwappedDataInputStreamTest.java,SwappedDataInputStreamTest.java,SwappedDataInputStreamTest,testReadFloat,1,0,void,,true,true,true,true
C:\Users\simon\Documents\Code\thesis-code\commons-io-master\src\test\java\org\apache\commons\io\input\SwappedDataInputStreamTest.java,SwappedDataInputStreamTest.java,SwappedDataInputStreamTest,testReadFully,3,0,void,,true,true,true,true
C:\Users\simon\Documents\Code\thesis-code\commons-io-master\src\test\java\org\apache\commons\io\input\SwappedDataInputStreamTest.java,SwappedDataInputStreamTest.java,SwappedDataInputStreamTest,testReadInt,1,0,void,,true,true,true,true
C:\Users\simon\Documents\Code\thesis-code\commons-io-master\src\test\java\org\apache\commons\io\input\SwappedDataInputStreamTest.java,SwappedDataInputStreamTest.java,SwappedDataInputStreamTest,testReadLine,1,0,void,,true,true,true,true
C:\Users\simon\Documents\Code\thesis-code\commons-io-master\src\test\java\org\apache\commons\io\input\SwappedDataInputStreamTest.java,SwappedDataInputStreamTest.java,SwappedDataInputStreamTest,testReadLong,1,0,void,,true,true,true,true
C:\Users\simon\Documents\Code\thesis-code\commons-io-master\src\test\java\org\apache\commons\io\input\SwappedDataInputStreamTest.java,SwappedDataInputStreamTest.java,SwappedDataInputStreamTest,testReadShort,1,0,void,,true,true,true,true
C:\Users\simon\Documents\Code\thesis-code\commons-io-master\src\test\java\org\apache\commons\io\input\SwappedDataInputStreamTest.java,SwappedDataInputStreamTest.java,SwappedDataInputStreamTest,testReadUnsignedByte,1,0,void,,true,true,true,true
C:\Users\simon\Documents\Code\thesis-code\commons-io-master\src\test\java\org\apache\commons\io\input\SwappedDataInputStreamTest.java,SwappedDataInputStreamTest.java,SwappedDataInputStreamTest,testReadUnsignedShort,1,0,void,,true,true,true,true
C:\Users\simon\Documents\Code\thesis-code\commons-io-master\src\test\java\org\apache\commons\io\input\SwappedDataInputStreamTest.java,SwappedDataInputStreamTest.java,SwappedDataInputStreamTest,testReadUTF,1,0,void,,true,true,true,true
C:\Users\simon\Documents\Code\thesis-code\commons-io-master\src\test\java\org\apache\commons\io\input\SwappedDataInputStreamTest.java,SwappedDataInputStreamTest.java,SwappedDataInputStreamTest,testSkipBytes,2,0,void,,true,true,true,true
C:\Users\simon\Documents\Code\thesis-code\commons-io-master\src\test\java\org\apache\commons\io\input\TaggedInputStreamTest.java,TaggedInputStreamTest.java,TaggedInputStreamTest,testBrokenStream,14,0,void,,true,true,true,true
C:\Users\simon\Documents\Code\thesis-code\commons-io-master\src\test\java\org\apache\commons\io\input\TaggedInputStreamTest.java,TaggedInputStreamTest.java,TaggedInputStreamTest,testCloseHandleIOException,1,0,void,,true,true,true,true
C:\Users\simon\Documents\Code\thesis-code\commons-io-master\src\test\java\org\apache\commons\io\input\TaggedInputStreamTest.java,TaggedInputStreamTest.java,TaggedInputStreamTest,testEmptyStream,1,0,void,,true,true,true,true
C:\Users\simon\Documents\Code\thesis-code\commons-io-master\src\test\java\org\apache\commons\io\input\TaggedInputStreamTest.java,TaggedInputStreamTest.java,TaggedInputStreamTest,testNormalStream,1,0,void,,true,true,true,true
C:\Users\simon\Documents\Code\thesis-code\commons-io-master\src\test\java\org\apache\commons\io\input\TaggedInputStreamTest.java,TaggedInputStreamTest.java,TaggedInputStreamTest,testOtherException,2,0,void,,true,true,true,true
C:\Users\simon\Documents\Code\thesis-code\commons-io-master\src\test\java\org\apache\commons\io\input\TaggedReaderTest.java,TaggedReaderTest.java,TaggedReaderTest,testBrokenReader,14,0,void,,true,true,true,true
C:\Users\simon\Documents\Code\thesis-code\commons-io-master\src\test\java\org\apache\commons\io\input\TaggedReaderTest.java,TaggedReaderTest.java,TaggedReaderTest,testEmptyReader,1,0,void,,true,true,true,true
C:\Users\simon\Documents\Code\thesis-code\commons-io-master\src\test\java\org\apache\commons\io\input\TaggedReaderTest.java,TaggedReaderTest.java,TaggedReaderTest,testNormalReader,1,0,void,,true,true,true,true
C:\Users\simon\Documents\Code\thesis-code\commons-io-master\src\test\java\org\apache\commons\io\input\TaggedReaderTest.java,TaggedReaderTest.java,TaggedReaderTest,testOtherException,2,0,void,,true,true,true,true
C:\Users\simon\Documents\Code\thesis-code\commons-io-master\src\test\java\org\apache\commons\io\input\TailerTest.java,TailerTest.java,TestTailerListener,getRandomAccess,1,1,Tailer.RandomAccessResourceBridge,public,false,false,true,true
C:\Users\simon\Documents\Code\thesis-code\commons-io-master\src\test\java\org\apache\commons\io\input\TailerTest.java,TailerTest.java,TestTailerListener,close,1,0,void,public,false,false,true,true
C:\Users\simon\Documents\Code\thesis-code\commons-io-master\src\test\java\org\apache\commons\io\input\TailerTest.java,TailerTest.java,TestTailerListener,getPointer,1,0,long,public,false,false,true,true
C:\Users\simon\Documents\Code\thesis-code\commons-io-master\src\test\java\org\apache\commons\io\input\TailerTest.java,TailerTest.java,TestTailerListener,read,1,1,int,public,false,false,true,true
C:\Users\simon\Documents\Code\thesis-code\commons-io-master\src\test\java\org\apache\commons\io\input\TailerTest.java,TailerTest.java,TestTailerListener,seek,1,1,void,public,false,false,true,true
C:\Users\simon\Documents\Code\thesis-code\commons-io-master\src\test\java\org\apache\commons\io\input\TailerTest.java,TailerTest.java,TestTailerListener,isNewer,1,1,boolean,public,false,false,true,true
C:\Users\simon\Documents\Code\thesis-code\commons-io-master\src\test\java\org\apache\commons\io\input\TailerTest.java,TailerTest.java,TestTailerListener,lastModifiedFileTime,1,0,FileTime,public,false,false,true,true
C:\Users\simon\Documents\Code\thesis-code\commons-io-master\src\test\java\org\apache\commons\io\input\TailerTest.java,TailerTest.java,TestTailerListener,size,1,0,long,public,false,false,true,true
C:\Users\simon\Documents\Code\thesis-code\commons-io-master\src\test\java\org\apache\commons\io\input\TailerTest.java,TailerTest.java,TestTailerListener,awaitExpectedLines,1,2,boolean,public,false,false,true,true
C:\Users\simon\Documents\Code\thesis-code\commons-io-master\src\test\java\org\apache\commons\io\input\TailerTest.java,TailerTest.java,TestTailerListener,clear,1,0,void,public,false,false,true,true
C:\Users\simon\Documents\Code\thesis-code\commons-io-master\src\test\java\org\apache\commons\io\input\TailerTest.java,TailerTest.java,TestTailerListener,endOfFileReached,1,0,void,public,false,false,true,true
C:\Users\simon\Documents\Code\thesis-code\commons-io-master\src\test\java\org\apache\commons\io\input\TailerTest.java,TailerTest.java,TestTailerListener,fileNotFound,1,0,void,public,false,false,true,true
C:\Users\simon\Documents\Code\thesis-code\commons-io-master\src\test\java\org\apache\commons\io\input\TailerTest.java,TailerTest.java,TestTailerListener,fileRotated,1,0,void,public,false,false,true,true
C:\Users\simon\Documents\Code\thesis-code\commons-io-master\src\test\java\org\apache\commons\io\input\TailerTest.java,TailerTest.java,TestTailerListener,getLines,1,0,List<String>,public,false,false,true,true
C:\Users\simon\Documents\Code\thesis-code\commons-io-master\src\test\java\org\apache\commons\io\input\TailerTest.java,TailerTest.java,TestTailerListener,handle,1,1,void,public,false,false,true,true
C:\Users\simon\Documents\Code\thesis-code\commons-io-master\src\test\java\org\apache\commons\io\input\TailerTest.java,TailerTest.java,TestTailerListener,handle,2,1,void,public,false,false,true,true
C:\Users\simon\Documents\Code\thesis-code\commons-io-master\src\test\java\org\apache\commons\io\input\TailerTest.java,TailerTest.java,TestTailerListener,init,1,1,void,public,false,false,true,true
C:\Users\simon\Documents\Code\thesis-code\commons-io-master\src\test\java\org\apache\commons\io\input\TailerTest.java,TailerTest.java,TestTailerListener,createFile,6,2,void,protected,false,false,true,true
C:\Users\simon\Documents\Code\thesis-code\commons-io-master\src\test\java\org\apache\commons\io\input\TailerTest.java,TailerTest.java,TestTailerListener,expectLinesWithLongTimeout,3,3,List<String>,private,false,false,true,true
C:\Users\simon\Documents\Code\thesis-code\commons-io-master\src\test\java\org\apache\commons\io\input\TailerTest.java,TailerTest.java,TestTailerListener,testBufferBreak,6,0,void,,true,true,true,true
C:\Users\simon\Documents\Code\thesis-code\commons-io-master\src\test\java\org\apache\commons\io\input\TailerTest.java,TailerTest.java,TestTailerListener,testBuilderWithNonStandardTailable,4,0,void,,true,true,true,true
C:\Users\simon\Documents\Code\thesis-code\commons-io-master\src\test\java\org\apache\commons\io\input\TailerTest.java,TailerTest.java,TestTailerListener,testCreate,4,0,void,,true,true,true,true
C:\Users\simon\Documents\Code\thesis-code\commons-io-master\src\test\java\org\apache\commons\io\input\TailerTest.java,TailerTest.java,TestTailerListener,testCreateWithDelay,4,0,void,,true,true,true,true
C:\Users\simon\Documents\Code\thesis-code\commons-io-master\src\test\java\org\apache\commons\io\input\TailerTest.java,TailerTest.java,TestTailerListener,testCreateWithDelayAndFromStart,4,0,void,,true,true,true,true
C:\Users\simon\Documents\Code\thesis-code\commons-io-master\src\test\java\org\apache\commons\io\input\TailerTest.java,TailerTest.java,TestTailerListener,testCreateWithDelayAndFromStartWithBufferSize,4,0,void,,true,true,true,true
C:\Users\simon\Documents\Code\thesis-code\commons-io-master\src\test\java\org\apache\commons\io\input\TailerTest.java,TailerTest.java,TestTailerListener,testCreateWithDelayAndFromStartWithReopenAndBufferSize,4,0,void,,true,true,true,true
C:\Users\simon\Documents\Code\thesis-code\commons-io-master\src\test\java\org\apache\commons\io\input\TailerTest.java,TailerTest.java,TestTailerListener,testCreateWithDelayAndFromStartWithReopenAndBufferSizeAndCharset,4,0,void,,true,true,true,true
C:\Users\simon\Documents\Code\thesis-code\commons-io-master\src\test\java\org\apache\commons\io\input\TailerTest.java,TailerTest.java,TestTailerListener,testCreatorWithDelayAndFromStartWithReopen,4,0,void,,true,true,true,true
C:\Users\simon\Documents\Code\thesis-code\commons-io-master\src\test\java\org\apache\commons\io\input\TailerTest.java,TailerTest.java,TestTailerListener,testInterrupt,6,0,void,,true,true,true,true
C:\Users\simon\Documents\Code\thesis-code\commons-io-master\src\test\java\org\apache\commons\io\input\TailerTest.java,TailerTest.java,TestTailerListener,testIO335,5,0,void,,true,true,true,true
C:\Users\simon\Documents\Code\thesis-code\commons-io-master\src\test\java\org\apache\commons\io\input\TailerTest.java,TailerTest.java,TestTailerListener,testLongFile,6,0,void,,true,true,true,true
C:\Users\simon\Documents\Code\thesis-code\commons-io-master\src\test\java\org\apache\commons\io\input\TailerTest.java,TailerTest.java,TestTailerListener,testMultiByteBreak,9,0,void,,true,true,true,true
C:\Users\simon\Documents\Code\thesis-code\commons-io-master\src\test\java\org\apache\commons\io\input\TailerTest.java,TailerTest.java,TestTailerListener,testSimpleConstructor,4,0,void,,true,true,true,true
C:\Users\simon\Documents\Code\thesis-code\commons-io-master\src\test\java\org\apache\commons\io\input\TailerTest.java,TailerTest.java,TestTailerListener,testSimpleConstructorWithDelay,4,0,void,,true,true,true,true
C:\Users\simon\Documents\Code\thesis-code\commons-io-master\src\test\java\org\apache\commons\io\input\TailerTest.java,TailerTest.java,TestTailerListener,testSimpleConstructorWithDelayAndFromStart,4,0,void,,true,true,true,true
C:\Users\simon\Documents\Code\thesis-code\commons-io-master\src\test\java\org\apache\commons\io\input\TailerTest.java,TailerTest.java,TestTailerListener,testSimpleConstructorWithDelayAndFromStartWithBufferSize,4,0,void,,true,true,true,true
C:\Users\simon\Documents\Code\thesis-code\commons-io-master\src\test\java\org\apache\commons\io\input\TailerTest.java,TailerTest.java,TestTailerListener,testSimpleConstructorWithDelayAndFromStartWithReopen,4,0,void,,true,true,true,true
C:\Users\simon\Documents\Code\thesis-code\commons-io-master\src\test\java\org\apache\commons\io\input\TailerTest.java,TailerTest.java,TestTailerListener,testSimpleConstructorWithDelayAndFromStartWithReopenAndBufferSize,4,0,void,,true,true,true,true
C:\Users\simon\Documents\Code\thesis-code\commons-io-master\src\test\java\org\apache\commons\io\input\TailerTest.java,TailerTest.java,TestTailerListener,testSimpleConstructorWithDelayAndFromStartWithReopenAndBufferSizeAndCharset,4,0,void,,true,true,true,true
C:\Users\simon\Documents\Code\thesis-code\commons-io-master\src\test\java\org\apache\commons\io\input\TailerTest.java,TailerTest.java,TestTailerListener,testStopWithNoFile,13,0,void,,true,true,true,true
C:\Users\simon\Documents\Code\thesis-code\commons-io-master\src\test\java\org\apache\commons\io\input\TailerTest.java,TailerTest.java,TestTailerListener,testStopWithNoFileUsingExecutor,12,0,void,,true,true,true,true
C:\Users\simon\Documents\Code\thesis-code\commons-io-master\src\test\java\org\apache\commons\io\input\TailerTest.java,TailerTest.java,TestTailerListener,testTailer,7,0,void,,true,true,true,true
C:\Users\simon\Documents\Code\thesis-code\commons-io-master\src\test\java\org\apache\commons\io\input\TailerTest.java,TailerTest.java,TestTailerListener,testTailerEndOfFileReached,8,0,void,,true,true,true,true
C:\Users\simon\Documents\Code\thesis-code\commons-io-master\src\test\java\org\apache\commons\io\input\TailerTest.java,TailerTest.java,TestTailerListener,testTailerEof,5,0,void,,true,true,true,true
C:\Users\simon\Documents\Code\thesis-code\commons-io-master\src\test\java\org\apache\commons\io\input\TailerTest.java,TailerTest.java,TestTailerListener,testTailerIgnoreTouch,5,0,void,,true,true,true,true
C:\Users\simon\Documents\Code\thesis-code\commons-io-master\src\test\java\org\apache\commons\io\input\TailerTest.java,TailerTest.java,TestTailerListener,testTailerReissueOnTouch,5,0,void,,true,true,true,true
C:\Users\simon\Documents\Code\thesis-code\commons-io-master\src\test\java\org\apache\commons\io\input\TailerTest.java,TailerTest.java,TestTailerListener,validateTailer,5,2,void,private,false,false,true,true
C:\Users\simon\Documents\Code\thesis-code\commons-io-master\src\test\java\org\apache\commons\io\input\TailerTest.java,TailerTest.java,TestTailerListener,writeLines,1,2,void,private,false,false,true,true
C:\Users\simon\Documents\Code\thesis-code\commons-io-master\src\test\java\org\apache\commons\io\input\TailerTest.java,TailerTest.java,TestTailerListener,writeStrings,1,2,void,private,false,false,true,true
C:\Users\simon\Documents\Code\thesis-code\commons-io-master\src\test\java\org\apache\commons\io\input\TeeInputStreamTest.java,TeeInputStreamTest.java,TeeInputStreamTest,setUp,3,0,void,public,false,false,true,true
C:\Users\simon\Documents\Code\thesis-code\commons-io-master\src\test\java\org\apache\commons\io\input\TeeInputStreamTest.java,TeeInputStreamTest.java,TeeInputStreamTest,testCloseBranchIOException,8,0,void,,true,true,true,true
C:\Users\simon\Documents\Code\thesis-code\commons-io-master\src\test\java\org\apache\commons\io\input\TeeInputStreamTest.java,TeeInputStreamTest.java,TeeInputStreamTest,testCloseHandleIOException,2,0,void,,true,true,true,true
C:\Users\simon\Documents\Code\thesis-code\commons-io-master\src\test\java\org\apache\commons\io\input\TeeInputStreamTest.java,TeeInputStreamTest.java,TeeInputStreamTest,testCloseMainIOException,8,0,void,,true,true,true,true
C:\Users\simon\Documents\Code\thesis-code\commons-io-master\src\test\java\org\apache\commons\io\input\TeeInputStreamTest.java,TeeInputStreamTest.java,TeeInputStreamTest,testMarkReset,8,0,void,,true,true,true,true
C:\Users\simon\Documents\Code\thesis-code\commons-io-master\src\test\java\org\apache\commons\io\input\TeeInputStreamTest.java,TeeInputStreamTest.java,TeeInputStreamTest,testReadEverything,5,0,void,,true,true,true,true
C:\Users\simon\Documents\Code\thesis-code\commons-io-master\src\test\java\org\apache\commons\io\input\TeeInputStreamTest.java,TeeInputStreamTest.java,TeeInputStreamTest,testReadNothing,1,0,void,,true,true,true,true
C:\Users\simon\Documents\Code\thesis-code\commons-io-master\src\test\java\org\apache\commons\io\input\TeeInputStreamTest.java,TeeInputStreamTest.java,TeeInputStreamTest,testReadOneByte,2,0,void,,true,true,true,true
C:\Users\simon\Documents\Code\thesis-code\commons-io-master\src\test\java\org\apache\commons\io\input\TeeInputStreamTest.java,TeeInputStreamTest.java,TeeInputStreamTest,testReadToArray,7,0,void,,true,true,true,true
C:\Users\simon\Documents\Code\thesis-code\commons-io-master\src\test\java\org\apache\commons\io\input\TeeInputStreamTest.java,TeeInputStreamTest.java,TeeInputStreamTest,testReadToArrayWithOffset,7,0,void,,true,true,true,true
C:\Users\simon\Documents\Code\thesis-code\commons-io-master\src\test\java\org\apache\commons\io\input\TeeInputStreamTest.java,TeeInputStreamTest.java,TeeInputStreamTest,testSkip,5,0,void,,true,true,true,true
C:\Users\simon\Documents\Code\thesis-code\commons-io-master\src\test\java\org\apache\commons\io\input\TeeReaderTest.java,TeeReaderTest.java,TeeReaderTest,setUp,3,0,void,public,false,false,true,true
C:\Users\simon\Documents\Code\thesis-code\commons-io-master\src\test\java\org\apache\commons\io\input\TeeReaderTest.java,TeeReaderTest.java,TeeReaderTest,testCloseBranchIOException,8,0,void,,true,true,true,true
C:\Users\simon\Documents\Code\thesis-code\commons-io-master\src\test\java\org\apache\commons\io\input\TeeReaderTest.java,TeeReaderTest.java,TeeReaderTest,testCloseMainIOException,8,0,void,,true,true,true,true
C:\Users\simon\Documents\Code\thesis-code\commons-io-master\src\test\java\org\apache\commons\io\input\TeeReaderTest.java,TeeReaderTest.java,TeeReaderTest,testMarkReset,8,0,void,,true,true,true,true
C:\Users\simon\Documents\Code\thesis-code\commons-io-master\src\test\java\org\apache\commons\io\input\TeeReaderTest.java,TeeReaderTest.java,TeeReaderTest,testReadEverything,5,0,void,,true,true,true,true
C:\Users\simon\Documents\Code\thesis-code\commons-io-master\src\test\java\org\apache\commons\io\input\TeeReaderTest.java,TeeReaderTest.java,TeeReaderTest,testReadNothing,1,0,void,,true,true,true,true
C:\Users\simon\Documents\Code\thesis-code\commons-io-master\src\test\java\org\apache\commons\io\input\TeeReaderTest.java,TeeReaderTest.java,TeeReaderTest,testReadOneChar,2,0,void,,true,true,true,true
C:\Users\simon\Documents\Code\thesis-code\commons-io-master\src\test\java\org\apache\commons\io\input\TeeReaderTest.java,TeeReaderTest.java,TeeReaderTest,testReadToArray,7,0,void,,true,true,true,true
C:\Users\simon\Documents\Code\thesis-code\commons-io-master\src\test\java\org\apache\commons\io\input\TeeReaderTest.java,TeeReaderTest.java,TeeReaderTest,testReadToArrayWithOffset,7,0,void,,true,true,true,true
C:\Users\simon\Documents\Code\thesis-code\commons-io-master\src\test\java\org\apache\commons\io\input\TeeReaderTest.java,TeeReaderTest.java,TeeReaderTest,testReadToCharBuffer,11,0,void,,true,true,true,true
C:\Users\simon\Documents\Code\thesis-code\commons-io-master\src\test\java\org\apache\commons\io\input\TeeReaderTest.java,TeeReaderTest.java,TeeReaderTest,testSkip,5,0,void,,true,true,true,true
C:\Users\simon\Documents\Code\thesis-code\commons-io-master\src\test\java\org\apache\commons\io\input\ThrottledInputStreamTest.java,ThrottledInputStreamTest.java,ThrottledInputStreamTest,createFixture,1,0,ThrottledInputStream,protected,false,false,true,true
C:\Users\simon\Documents\Code\thesis-code\commons-io-master\src\test\java\org\apache\commons\io\input\ThrottledInputStreamTest.java,ThrottledInputStreamTest.java,ThrottledInputStreamTest,testAfterReadConsumer,5,0,void,,true,true,true,true
C:\Users\simon\Documents\Code\thesis-code\commons-io-master\src\test\java\org\apache\commons\io\input\ThrottledInputStreamTest.java,ThrottledInputStreamTest.java,ThrottledInputStreamTest,testBuilder,19,0,void,,true,true,true,true
C:\Users\simon\Documents\Code\thesis-code\commons-io-master\src\test\java\org\apache\commons\io\input\ThrottledInputStreamTest.java,ThrottledInputStreamTest.java,ThrottledInputStreamTest,testCalSleepTimeMs,15,0,void,,true,true,true,true
C:\Users\simon\Documents\Code\thesis-code\commons-io-master\src\test\java\org\apache\commons\io\input\ThrottledInputStreamTest.java,ThrottledInputStreamTest.java,ThrottledInputStreamTest,testCloseHandleIOException,1,0,void,,true,true,true,true
C:\Users\simon\Documents\Code\thesis-code\commons-io-master\src\test\java\org\apache\commons\io\input\ThrottledInputStreamTest.java,ThrottledInputStreamTest.java,ThrottledInputStreamTest,testEos,1,1,void,protected,false,true,true,true
C:\Users\simon\Documents\Code\thesis-code\commons-io-master\src\test\java\org\apache\commons\io\input\ThrottledInputStreamTest.java,ThrottledInputStreamTest.java,ThrottledInputStreamTest,testGet,1,0,void,,true,true,true,true
C:\Users\simon\Documents\Code\thesis-code\commons-io-master\src\test\java\org\apache\commons\io\input\TimestampedObserverTest.java,TimestampedObserverTest.java,TimestampedObserverTest,test,18,0,void,,true,true,true,true
C:\Users\simon\Documents\Code\thesis-code\commons-io-master\src\test\java\org\apache\commons\io\input\TimestampedObserverTest.java,TimestampedObserverTest.java,TimestampedObserverTest,testExample,3,0,void,,true,true,true,true
C:\Users\simon\Documents\Code\thesis-code\commons-io-master\src\test\java\org\apache\commons\io\input\UncheckedBufferedReaderTest.java,UncheckedBufferedReaderTest.java,UncheckedBufferedReaderTest,beforeEach,3,0,void,public,false,false,true,true
C:\Users\simon\Documents\Code\thesis-code\commons-io-master\src\test\java\org\apache\commons\io\input\UncheckedBufferedReaderTest.java,UncheckedBufferedReaderTest.java,UncheckedBufferedReaderTest,testBufferSize,1,0,void,,true,true,true,true
C:\Users\simon\Documents\Code\thesis-code\commons-io-master\src\test\java\org\apache\commons\io\input\UncheckedBufferedReaderTest.java,UncheckedBufferedReaderTest.java,UncheckedBufferedReaderTest,testClose,2,0,void,,true,true,true,true
C:\Users\simon\Documents\Code\thesis-code\commons-io-master\src\test\java\org\apache\commons\io\input\UncheckedBufferedReaderTest.java,UncheckedBufferedReaderTest.java,UncheckedBufferedReaderTest,testCloseThrows,1,0,void,,true,true,true,true
C:\Users\simon\Documents\Code\thesis-code\commons-io-master\src\test\java\org\apache\commons\io\input\UncheckedBufferedReaderTest.java,UncheckedBufferedReaderTest.java,UncheckedBufferedReaderTest,testMarkReset,4,0,void,,true,true,true,true
C:\Users\simon\Documents\Code\thesis-code\commons-io-master\src\test\java\org\apache\commons\io\input\UncheckedBufferedReaderTest.java,UncheckedBufferedReaderTest.java,UncheckedBufferedReaderTest,testMarkThrows,1,0,void,,true,true,true,true
C:\Users\simon\Documents\Code\thesis-code\commons-io-master\src\test\java\org\apache\commons\io\input\UncheckedBufferedReaderTest.java,UncheckedBufferedReaderTest.java,UncheckedBufferedReaderTest,testRead,2,0,void,,true,true,true,true
C:\Users\simon\Documents\Code\thesis-code\commons-io-master\src\test\java\org\apache\commons\io\input\UncheckedBufferedReaderTest.java,UncheckedBufferedReaderTest.java,UncheckedBufferedReaderTest,testReadCharArray,2,0,void,,true,true,true,true
C:\Users\simon\Documents\Code\thesis-code\commons-io-master\src\test\java\org\apache\commons\io\input\UncheckedBufferedReaderTest.java,UncheckedBufferedReaderTest.java,UncheckedBufferedReaderTest,testReadCharArrayIndexed,2,0,void,,true,true,true,true
C:\Users\simon\Documents\Code\thesis-code\commons-io-master\src\test\java\org\apache\commons\io\input\UncheckedBufferedReaderTest.java,UncheckedBufferedReaderTest.java,UncheckedBufferedReaderTest,testReadCharArrayIndexedThrows,1,0,void,,true,true,true,true
C:\Users\simon\Documents\Code\thesis-code\commons-io-master\src\test\java\org\apache\commons\io\input\UncheckedBufferedReaderTest.java,UncheckedBufferedReaderTest.java,UncheckedBufferedReaderTest,testReadCharArrayThrows,1,0,void,,true,true,true,true
C:\Users\simon\Documents\Code\thesis-code\commons-io-master\src\test\java\org\apache\commons\io\input\UncheckedBufferedReaderTest.java,UncheckedBufferedReaderTest.java,UncheckedBufferedReaderTest,testReadCharBuffer,2,0,void,,true,true,true,true
C:\Users\simon\Documents\Code\thesis-code\commons-io-master\src\test\java\org\apache\commons\io\input\UncheckedBufferedReaderTest.java,UncheckedBufferedReaderTest.java,UncheckedBufferedReaderTest,testReadCharBufferThrows,1,0,void,,true,true,true,true
C:\Users\simon\Documents\Code\thesis-code\commons-io-master\src\test\java\org\apache\commons\io\input\UncheckedBufferedReaderTest.java,UncheckedBufferedReaderTest.java,UncheckedBufferedReaderTest,testReadLine,2,0,void,,true,true,true,true
C:\Users\simon\Documents\Code\thesis-code\commons-io-master\src\test\java\org\apache\commons\io\input\UncheckedBufferedReaderTest.java,UncheckedBufferedReaderTest.java,UncheckedBufferedReaderTest,testReadLineThrows,1,0,void,,true,true,true,true
C:\Users\simon\Documents\Code\thesis-code\commons-io-master\src\test\java\org\apache\commons\io\input\UncheckedBufferedReaderTest.java,UncheckedBufferedReaderTest.java,UncheckedBufferedReaderTest,testReadThrows,1,0,void,,true,true,true,true
C:\Users\simon\Documents\Code\thesis-code\commons-io-master\src\test\java\org\apache\commons\io\input\UncheckedBufferedReaderTest.java,UncheckedBufferedReaderTest.java,UncheckedBufferedReaderTest,testReady,1,0,void,,true,true,true,true
C:\Users\simon\Documents\Code\thesis-code\commons-io-master\src\test\java\org\apache\commons\io\input\UncheckedBufferedReaderTest.java,UncheckedBufferedReaderTest.java,UncheckedBufferedReaderTest,testReadyThrows,1,0,void,,true,true,true,true
C:\Users\simon\Documents\Code\thesis-code\commons-io-master\src\test\java\org\apache\commons\io\input\UncheckedBufferedReaderTest.java,UncheckedBufferedReaderTest.java,UncheckedBufferedReaderTest,testResetThrows,1,0,void,,true,true,true,true
C:\Users\simon\Documents\Code\thesis-code\commons-io-master\src\test\java\org\apache\commons\io\input\UncheckedBufferedReaderTest.java,UncheckedBufferedReaderTest.java,UncheckedBufferedReaderTest,testSkip,1,0,void,,true,true,true,true
C:\Users\simon\Documents\Code\thesis-code\commons-io-master\src\test\java\org\apache\commons\io\input\UncheckedBufferedReaderTest.java,UncheckedBufferedReaderTest.java,UncheckedBufferedReaderTest,testSkipThrows,1,0,void,,true,true,true,true
C:\Users\simon\Documents\Code\thesis-code\commons-io-master\src\test\java\org\apache\commons\io\input\UncheckedFilterInputStreamTest.java,UncheckedFilterInputStreamTest.java,UncheckedFilterInputStreamTest,beforeEach,3,0,void,public,false,false,true,true
C:\Users\simon\Documents\Code\thesis-code\commons-io-master\src\test\java\org\apache\commons\io\input\UncheckedFilterInputStreamTest.java,UncheckedFilterInputStreamTest.java,UncheckedFilterInputStreamTest,testClose,2,0,void,,true,true,true,true
C:\Users\simon\Documents\Code\thesis-code\commons-io-master\src\test\java\org\apache\commons\io\input\UncheckedFilterInputStreamTest.java,UncheckedFilterInputStreamTest.java,UncheckedFilterInputStreamTest,testCloseThrows,1,0,void,,true,true,true,true
C:\Users\simon\Documents\Code\thesis-code\commons-io-master\src\test\java\org\apache\commons\io\input\UncheckedFilterInputStreamTest.java,UncheckedFilterInputStreamTest.java,UncheckedFilterInputStreamTest,testMarkReset,4,0,void,,true,true,true,true
C:\Users\simon\Documents\Code\thesis-code\commons-io-master\src\test\java\org\apache\commons\io\input\UncheckedFilterInputStreamTest.java,UncheckedFilterInputStreamTest.java,UncheckedFilterInputStreamTest,testRead,2,0,void,,true,true,true,true
C:\Users\simon\Documents\Code\thesis-code\commons-io-master\src\test\java\org\apache\commons\io\input\UncheckedFilterInputStreamTest.java,UncheckedFilterInputStreamTest.java,UncheckedFilterInputStreamTest,testReadByteArray,2,0,void,,true,true,true,true
C:\Users\simon\Documents\Code\thesis-code\commons-io-master\src\test\java\org\apache\commons\io\input\UncheckedFilterInputStreamTest.java,UncheckedFilterInputStreamTest.java,UncheckedFilterInputStreamTest,testReadByteArrayIndexed,2,0,void,,true,true,true,true
C:\Users\simon\Documents\Code\thesis-code\commons-io-master\src\test\java\org\apache\commons\io\input\UncheckedFilterInputStreamTest.java,UncheckedFilterInputStreamTest.java,UncheckedFilterInputStreamTest,testReadByteArrayIndexedThrows,1,0,void,,true,true,true,true
C:\Users\simon\Documents\Code\thesis-code\commons-io-master\src\test\java\org\apache\commons\io\input\UncheckedFilterInputStreamTest.java,UncheckedFilterInputStreamTest.java,UncheckedFilterInputStreamTest,testReadByteArrayThrows,1,0,void,,true,true,true,true
C:\Users\simon\Documents\Code\thesis-code\commons-io-master\src\test\java\org\apache\commons\io\input\UncheckedFilterInputStreamTest.java,UncheckedFilterInputStreamTest.java,UncheckedFilterInputStreamTest,testReadThrows,1,0,void,,true,true,true,true
C:\Users\simon\Documents\Code\thesis-code\commons-io-master\src\test\java\org\apache\commons\io\input\UncheckedFilterInputStreamTest.java,UncheckedFilterInputStreamTest.java,UncheckedFilterInputStreamTest,testResetThrows,1,0,void,,true,true,true,true
C:\Users\simon\Documents\Code\thesis-code\commons-io-master\src\test\java\org\apache\commons\io\input\UncheckedFilterInputStreamTest.java,UncheckedFilterInputStreamTest.java,UncheckedFilterInputStreamTest,testSkip,1,0,void,,true,true,true,true
C:\Users\simon\Documents\Code\thesis-code\commons-io-master\src\test\java\org\apache\commons\io\input\UncheckedFilterInputStreamTest.java,UncheckedFilterInputStreamTest.java,UncheckedFilterInputStreamTest,testSkipThrows,1,0,void,,true,true,true,true
C:\Users\simon\Documents\Code\thesis-code\commons-io-master\src\test\java\org\apache\commons\io\input\UncheckedFilterReaderTest.java,UncheckedFilterReaderTest.java,UncheckedFilterReaderTest,beforeEach,3,0,void,public,false,false,true,true
C:\Users\simon\Documents\Code\thesis-code\commons-io-master\src\test\java\org\apache\commons\io\input\UncheckedFilterReaderTest.java,UncheckedFilterReaderTest.java,UncheckedFilterReaderTest,testClose,2,0,void,,true,true,true,true
C:\Users\simon\Documents\Code\thesis-code\commons-io-master\src\test\java\org\apache\commons\io\input\UncheckedFilterReaderTest.java,UncheckedFilterReaderTest.java,UncheckedFilterReaderTest,testCloseThrows,1,0,void,,true,true,true,true
C:\Users\simon\Documents\Code\thesis-code\commons-io-master\src\test\java\org\apache\commons\io\input\UncheckedFilterReaderTest.java,UncheckedFilterReaderTest.java,UncheckedFilterReaderTest,testMarkReset,4,0,void,,true,true,true,true
C:\Users\simon\Documents\Code\thesis-code\commons-io-master\src\test\java\org\apache\commons\io\input\UncheckedFilterReaderTest.java,UncheckedFilterReaderTest.java,UncheckedFilterReaderTest,testMarkThrows,1,0,void,,true,true,true,true
C:\Users\simon\Documents\Code\thesis-code\commons-io-master\src\test\java\org\apache\commons\io\input\UncheckedFilterReaderTest.java,UncheckedFilterReaderTest.java,UncheckedFilterReaderTest,testRead,2,0,void,,true,true,true,true
C:\Users\simon\Documents\Code\thesis-code\commons-io-master\src\test\java\org\apache\commons\io\input\UncheckedFilterReaderTest.java,UncheckedFilterReaderTest.java,UncheckedFilterReaderTest,testReadCharArray,2,0,void,,true,true,true,true
C:\Users\simon\Documents\Code\thesis-code\commons-io-master\src\test\java\org\apache\commons\io\input\UncheckedFilterReaderTest.java,UncheckedFilterReaderTest.java,UncheckedFilterReaderTest,testReadCharArrayIndexed,2,0,void,,true,true,true,true
C:\Users\simon\Documents\Code\thesis-code\commons-io-master\src\test\java\org\apache\commons\io\input\UncheckedFilterReaderTest.java,UncheckedFilterReaderTest.java,UncheckedFilterReaderTest,testReadCharArrayIndexedThrows,1,0,void,,true,true,true,true
C:\Users\simon\Documents\Code\thesis-code\commons-io-master\src\test\java\org\apache\commons\io\input\UncheckedFilterReaderTest.java,UncheckedFilterReaderTest.java,UncheckedFilterReaderTest,testReadCharArrayThrows,1,0,void,,true,true,true,true
C:\Users\simon\Documents\Code\thesis-code\commons-io-master\src\test\java\org\apache\commons\io\input\UncheckedFilterReaderTest.java,UncheckedFilterReaderTest.java,UncheckedFilterReaderTest,testReadCharBuffer,2,0,void,,true,true,true,true
C:\Users\simon\Documents\Code\thesis-code\commons-io-master\src\test\java\org\apache\commons\io\input\UncheckedFilterReaderTest.java,UncheckedFilterReaderTest.java,UncheckedFilterReaderTest,testReadCharBufferThrows,1,0,void,,true,true,true,true
C:\Users\simon\Documents\Code\thesis-code\commons-io-master\src\test\java\org\apache\commons\io\input\UncheckedFilterReaderTest.java,UncheckedFilterReaderTest.java,UncheckedFilterReaderTest,testReadThrows,1,0,void,,true,true,true,true
C:\Users\simon\Documents\Code\thesis-code\commons-io-master\src\test\java\org\apache\commons\io\input\UncheckedFilterReaderTest.java,UncheckedFilterReaderTest.java,UncheckedFilterReaderTest,testReady,1,0,void,,true,true,true,true
C:\Users\simon\Documents\Code\thesis-code\commons-io-master\src\test\java\org\apache\commons\io\input\UncheckedFilterReaderTest.java,UncheckedFilterReaderTest.java,UncheckedFilterReaderTest,testReadyThrows,1,0,void,,true,true,true,true
C:\Users\simon\Documents\Code\thesis-code\commons-io-master\src\test\java\org\apache\commons\io\input\UncheckedFilterReaderTest.java,UncheckedFilterReaderTest.java,UncheckedFilterReaderTest,testResetThrows,1,0,void,,true,true,true,true
C:\Users\simon\Documents\Code\thesis-code\commons-io-master\src\test\java\org\apache\commons\io\input\UncheckedFilterReaderTest.java,UncheckedFilterReaderTest.java,UncheckedFilterReaderTest,testSkip,1,0,void,,true,true,true,true
C:\Users\simon\Documents\Code\thesis-code\commons-io-master\src\test\java\org\apache\commons\io\input\UncheckedFilterReaderTest.java,UncheckedFilterReaderTest.java,UncheckedFilterReaderTest,testSkipThrows,1,0,void,,true,true,true,true
C:\Users\simon\Documents\Code\thesis-code\commons-io-master\src\test\java\org\apache\commons\io\input\UnixLineEndingInputStreamTest.java,UnixLineEndingInputStreamTest.java,UnixLineEndingInputStreamTest,roundtrip,1,1,String,private,false,false,true,true
C:\Users\simon\Documents\Code\thesis-code\commons-io-master\src\test\java\org\apache\commons\io\input\UnixLineEndingInputStreamTest.java,UnixLineEndingInputStreamTest.java,UnixLineEndingInputStreamTest,roundtrip,5,3,String,private,false,false,true,true
C:\Users\simon\Documents\Code\thesis-code\commons-io-master\src\test\java\org\apache\commons\io\input\UnixLineEndingInputStreamTest.java,UnixLineEndingInputStreamTest.java,UnixLineEndingInputStreamTest,testCrAtEnd,1,0,void,,true,true,true,true
C:\Users\simon\Documents\Code\thesis-code\commons-io-master\src\test\java\org\apache\commons\io\input\UnixLineEndingInputStreamTest.java,UnixLineEndingInputStreamTest.java,UnixLineEndingInputStreamTest,testCrOnlyEnsureAtEof,1,0,void,,true,true,true,true
C:\Users\simon\Documents\Code\thesis-code\commons-io-master\src\test\java\org\apache\commons\io\input\UnixLineEndingInputStreamTest.java,UnixLineEndingInputStreamTest.java,UnixLineEndingInputStreamTest,testCrOnlyNotAtEof,1,0,void,,true,true,true,true
C:\Users\simon\Documents\Code\thesis-code\commons-io-master\src\test\java\org\apache\commons\io\input\UnixLineEndingInputStreamTest.java,UnixLineEndingInputStreamTest.java,UnixLineEndingInputStreamTest,testEmpty,1,0,void,,true,true,true,true
C:\Users\simon\Documents\Code\thesis-code\commons-io-master\src\test\java\org\apache\commons\io\input\UnixLineEndingInputStreamTest.java,UnixLineEndingInputStreamTest.java,UnixLineEndingInputStreamTest,testInTheMiddleOfTheLine,1,0,void,,true,true,true,true
C:\Users\simon\Documents\Code\thesis-code\commons-io-master\src\test\java\org\apache\commons\io\input\UnixLineEndingInputStreamTest.java,UnixLineEndingInputStreamTest.java,UnixLineEndingInputStreamTest,testMultipleBlankLines,1,0,void,,true,true,true,true
C:\Users\simon\Documents\Code\thesis-code\commons-io-master\src\test\java\org\apache\commons\io\input\UnixLineEndingInputStreamTest.java,UnixLineEndingInputStreamTest.java,UnixLineEndingInputStreamTest,testRetainLineFeed,2,0,void,,true,true,true,true
C:\Users\simon\Documents\Code\thesis-code\commons-io-master\src\test\java\org\apache\commons\io\input\UnixLineEndingInputStreamTest.java,UnixLineEndingInputStreamTest.java,UnixLineEndingInputStreamTest,testSimpleString,1,0,void,,true,true,true,true
C:\Users\simon\Documents\Code\thesis-code\commons-io-master\src\test\java\org\apache\commons\io\input\UnixLineEndingInputStreamTest.java,UnixLineEndingInputStreamTest.java,UnixLineEndingInputStreamTest,testTwoLinesAtEnd,1,0,void,,true,true,true,true
C:\Users\simon\Documents\Code\thesis-code\commons-io-master\src\test\java\org\apache\commons\io\input\UnsynchronizedBufferedInputStreamTest.java,UnsynchronizedBufferedInputStreamTest.java,UnsynchronizedBufferedInputStreamTest,builder,1,0,Builder,private,false,false,true,true
C:\Users\simon\Documents\Code\thesis-code\commons-io-master\src\test\java\org\apache\commons\io\input\UnsynchronizedBufferedInputStreamTest.java,UnsynchronizedBufferedInputStreamTest.java,UnsynchronizedBufferedInputStreamTest,setUp,4,0,void,protected,false,false,true,true
C:\Users\simon\Documents\Code\thesis-code\commons-io-master\src\test\java\org\apache\commons\io\input\UnsynchronizedBufferedInputStreamTest.java,UnsynchronizedBufferedInputStreamTest.java,UnsynchronizedBufferedInputStreamTest,tearDown,2,0,void,protected,false,false,true,true
C:\Users\simon\Documents\Code\thesis-code\commons-io-master\src\test\java\org\apache\commons\io\input\UnsynchronizedBufferedInputStreamTest.java,UnsynchronizedBufferedInputStreamTest.java,UnsynchronizedBufferedInputStreamTest,test_available,6,0,void,,true,true,true,true
C:\Users\simon\Documents\Code\thesis-code\commons-io-master\src\test\java\org\apache\commons\io\input\UnsynchronizedBufferedInputStreamTest.java,UnsynchronizedBufferedInputStreamTest.java,UnsynchronizedBufferedInputStreamTest,test_close,2,0,void,,true,true,true,true
C:\Users\simon\Documents\Code\thesis-code\commons-io-master\src\test\java\org\apache\commons\io\input\UnsynchronizedBufferedInputStreamTest.java,UnsynchronizedBufferedInputStreamTest.java,UnsynchronizedBufferedInputStreamTest,close,1,0,void,public,false,false,true,true
C:\Users\simon\Documents\Code\thesis-code\commons-io-master\src\test\java\org\apache\commons\io\input\UnsynchronizedBufferedInputStreamTest.java,UnsynchronizedBufferedInputStreamTest.java,UnsynchronizedBufferedInputStreamTest,read,1,0,int,public,false,false,true,true
C:\Users\simon\Documents\Code\thesis-code\commons-io-master\src\test\java\org\apache\commons\io\input\UnsynchronizedBufferedInputStreamTest.java,UnsynchronizedBufferedInputStreamTest.java,UnsynchronizedBufferedInputStreamTest,read,2,3,int,public,false,false,true,true
C:\Users\simon\Documents\Code\thesis-code\commons-io-master\src\test\java\org\apache\commons\io\input\UnsynchronizedBufferedInputStreamTest.java,UnsynchronizedBufferedInputStreamTest.java,UnsynchronizedBufferedInputStreamTest,test_ConstructorLjava_io_InputStream,1,0,void,,true,true,true,true
C:\Users\simon\Documents\Code\thesis-code\commons-io-master\src\test\java\org\apache\commons\io\input\UnsynchronizedBufferedInputStreamTest.java,UnsynchronizedBufferedInputStreamTest.java,UnsynchronizedBufferedInputStreamTest,test_ConstructorLjava_io_InputStreamI,9,0,void,,true,true,true,true
C:\Users\simon\Documents\Code\thesis-code\commons-io-master\src\test\java\org\apache\commons\io\input\UnsynchronizedBufferedInputStreamTest.java,UnsynchronizedBufferedInputStreamTest.java,UnsynchronizedBufferedInputStreamTest,test_markI,47,0,void,,true,true,true,true
C:\Users\simon\Documents\Code\thesis-code\commons-io-master\src\test\java\org\apache\commons\io\input\UnsynchronizedBufferedInputStreamTest.java,UnsynchronizedBufferedInputStreamTest.java,UnsynchronizedBufferedInputStreamTest,test_markSupported,1,0,void,,true,true,true,true
C:\Users\simon\Documents\Code\thesis-code\commons-io-master\src\test\java\org\apache\commons\io\input\UnsynchronizedBufferedInputStreamTest.java,UnsynchronizedBufferedInputStreamTest.java,UnsynchronizedBufferedInputStreamTest,test_read,11,0,void,,true,true,true,true
C:\Users\simon\Documents\Code\thesis-code\commons-io-master\src\test\java\org\apache\commons\io\input\UnsynchronizedBufferedInputStreamTest.java,UnsynchronizedBufferedInputStreamTest.java,UnsynchronizedBufferedInputStreamTest,test_read$BII,6,0,void,,true,true,true,true
C:\Users\simon\Documents\Code\thesis-code\commons-io-master\src\test\java\org\apache\commons\io\input\UnsynchronizedBufferedInputStreamTest.java,UnsynchronizedBufferedInputStreamTest.java,UnsynchronizedBufferedInputStreamTest,available,1,0,int,public,false,false,true,true
C:\Users\simon\Documents\Code\thesis-code\commons-io-master\src\test\java\org\apache\commons\io\input\UnsynchronizedBufferedInputStreamTest.java,UnsynchronizedBufferedInputStreamTest.java,UnsynchronizedBufferedInputStreamTest,read,2,0,int,public,false,false,true,true
C:\Users\simon\Documents\Code\thesis-code\commons-io-master\src\test\java\org\apache\commons\io\input\UnsynchronizedBufferedInputStreamTest.java,UnsynchronizedBufferedInputStreamTest.java,UnsynchronizedBufferedInputStreamTest,read,6,3,int,public,false,false,true,true
C:\Users\simon\Documents\Code\thesis-code\commons-io-master\src\test\java\org\apache\commons\io\input\UnsynchronizedBufferedInputStreamTest.java,UnsynchronizedBufferedInputStreamTest.java,UnsynchronizedBufferedInputStreamTest,test_reset,12,0,void,,true,true,true,true
C:\Users\simon\Documents\Code\thesis-code\commons-io-master\src\test\java\org\apache\commons\io\input\UnsynchronizedBufferedInputStreamTest.java,UnsynchronizedBufferedInputStreamTest.java,UnsynchronizedBufferedInputStreamTest,test_reset_scenario1,6,0,void,,true,true,true,true
C:\Users\simon\Documents\Code\thesis-code\commons-io-master\src\test\java\org\apache\commons\io\input\UnsynchronizedBufferedInputStreamTest.java,UnsynchronizedBufferedInputStreamTest.java,UnsynchronizedBufferedInputStreamTest,test_reset_scenario2,5,0,void,,true,true,true,true
C:\Users\simon\Documents\Code\thesis-code\commons-io-master\src\test\java\org\apache\commons\io\input\UnsynchronizedBufferedInputStreamTest.java,UnsynchronizedBufferedInputStreamTest.java,UnsynchronizedBufferedInputStreamTest,test_skip_NullInputStream,1,0,void,,true,true,true,true
C:\Users\simon\Documents\Code\thesis-code\commons-io-master\src\test\java\org\apache\commons\io\input\UnsynchronizedBufferedInputStreamTest.java,UnsynchronizedBufferedInputStreamTest.java,UnsynchronizedBufferedInputStreamTest,test_skipJ,6,0,void,,true,true,true,true
C:\Users\simon\Documents\Code\thesis-code\commons-io-master\src\test\java\org\apache\commons\io\input\UnsynchronizedBufferedReaderTest.java,UnsynchronizedBufferedReaderTest.java,UnsynchronizedBufferedReaderTest,afterEach,1,0,void,protected,false,false,true,true
C:\Users\simon\Documents\Code\thesis-code\commons-io-master\src\test\java\org\apache\commons\io\input\UnsynchronizedBufferedReaderTest.java,UnsynchronizedBufferedReaderTest.java,UnsynchronizedBufferedReaderTest,assertLines,2,2,void,private,false,false,true,true
C:\Users\simon\Documents\Code\thesis-code\commons-io-master\src\test\java\org\apache\commons\io\input\UnsynchronizedBufferedReaderTest.java,UnsynchronizedBufferedReaderTest.java,UnsynchronizedBufferedReaderTest,assertPeek,1,2,void,private,false,false,true,true
C:\Users\simon\Documents\Code\thesis-code\commons-io-master\src\test\java\org\apache\commons\io\input\UnsynchronizedBufferedReaderTest.java,UnsynchronizedBufferedReaderTest.java,UnsynchronizedBufferedReaderTest,assertPeekArray,7,3,void,private,false,false,true,true
C:\Users\simon\Documents\Code\thesis-code\commons-io-master\src\test\java\org\apache\commons\io\input\UnsynchronizedBufferedReaderTest.java,UnsynchronizedBufferedReaderTest.java,UnsynchronizedBufferedReaderTest,assertReadLines,1,2,void,private,false,false,true,true
C:\Users\simon\Documents\Code\thesis-code\commons-io-master\src\test\java\org\apache\commons\io\input\UnsynchronizedBufferedReaderTest.java,UnsynchronizedBufferedReaderTest.java,UnsynchronizedBufferedReaderTest,testClose,3,0,void,,true,true,true,true
C:\Users\simon\Documents\Code\thesis-code\commons-io-master\src\test\java\org\apache\commons\io\input\UnsynchronizedBufferedReaderTest.java,UnsynchronizedBufferedReaderTest.java,UnsynchronizedBufferedReaderTest,testEmptyInput,1,0,void,,true,true,true,true
C:\Users\simon\Documents\Code\thesis-code\commons-io-master\src\test\java\org\apache\commons\io\input\UnsynchronizedBufferedReaderTest.java,UnsynchronizedBufferedReaderTest.java,UnsynchronizedBufferedReaderTest,testMark,21,0,void,,true,true,true,true
C:\Users\simon\Documents\Code\thesis-code\commons-io-master\src\test\java\org\apache\commons\io\input\UnsynchronizedBufferedReaderTest.java,UnsynchronizedBufferedReaderTest.java,UnsynchronizedBufferedReaderTest,testMarkSupported,2,0,void,,true,true,true,true
C:\Users\simon\Documents\Code\thesis-code\commons-io-master\src\test\java\org\apache\commons\io\input\UnsynchronizedBufferedReaderTest.java,UnsynchronizedBufferedReaderTest.java,UnsynchronizedBufferedReaderTest,testPeek,12,0,void,,true,true,true,true
C:\Users\simon\Documents\Code\thesis-code\commons-io-master\src\test\java\org\apache\commons\io\input\UnsynchronizedBufferedReaderTest.java,UnsynchronizedBufferedReaderTest.java,UnsynchronizedBufferedReaderTest,testPeekArray,14,0,void,,true,true,true,true
C:\Users\simon\Documents\Code\thesis-code\commons-io-master\src\test\java\org\apache\commons\io\input\UnsynchronizedBufferedReaderTest.java,UnsynchronizedBufferedReaderTest.java,UnsynchronizedBufferedReaderTest,testRead,9,0,void,,true,true,true,true
C:\Users\simon\Documents\Code\thesis-code\commons-io-master\src\test\java\org\apache\commons\io\input\UnsynchronizedBufferedReaderTest.java,UnsynchronizedBufferedReaderTest.java,UnsynchronizedBufferedReaderTest,testReadArray_HARMONY_54,6,0,void,,true,true,true,true
C:\Users\simon\Documents\Code\thesis-code\commons-io-master\src\test\java\org\apache\commons\io\input\UnsynchronizedBufferedReaderTest.java,UnsynchronizedBufferedReaderTest.java,UnsynchronizedBufferedReaderTest,testReadArray_HARMONY_831,1,0,void,,true,true,true,true
C:\Users\simon\Documents\Code\thesis-code\commons-io-master\src\test\java\org\apache\commons\io\input\UnsynchronizedBufferedReaderTest.java,UnsynchronizedBufferedReaderTest.java,UnsynchronizedBufferedReaderTest,testReadArray1,2,0,void,,true,true,true,true
C:\Users\simon\Documents\Code\thesis-code\commons-io-master\src\test\java\org\apache\commons\io\input\UnsynchronizedBufferedReaderTest.java,UnsynchronizedBufferedReaderTest.java,UnsynchronizedBufferedReaderTest,testReadArray2,2,0,void,,true,true,true,true
C:\Users\simon\Documents\Code\thesis-code\commons-io-master\src\test\java\org\apache\commons\io\input\UnsynchronizedBufferedReaderTest.java,UnsynchronizedBufferedReaderTest.java,UnsynchronizedBufferedReaderTest,testReadArray3,4,0,void,,true,true,true,true
C:\Users\simon\Documents\Code\thesis-code\commons-io-master\src\test\java\org\apache\commons\io\input\UnsynchronizedBufferedReaderTest.java,UnsynchronizedBufferedReaderTest.java,UnsynchronizedBufferedReaderTest,testReadArray4,1,0,void,,true,true,true,true
C:\Users\simon\Documents\Code\thesis-code\commons-io-master\src\test\java\org\apache\commons\io\input\UnsynchronizedBufferedReaderTest.java,UnsynchronizedBufferedReaderTest.java,UnsynchronizedBufferedReaderTest,close,0,0,void,public,false,false,true,true
C:\Users\simon\Documents\Code\thesis-code\commons-io-master\src\test\java\org\apache\commons\io\input\UnsynchronizedBufferedReaderTest.java,UnsynchronizedBufferedReaderTest.java,UnsynchronizedBufferedReaderTest,read,2,0,int,public,false,false,true,true
C:\Users\simon\Documents\Code\thesis-code\commons-io-master\src\test\java\org\apache\commons\io\input\UnsynchronizedBufferedReaderTest.java,UnsynchronizedBufferedReaderTest.java,UnsynchronizedBufferedReaderTest,read,6,3,int,public,false,false,true,true
C:\Users\simon\Documents\Code\thesis-code\commons-io-master\src\test\java\org\apache\commons\io\input\UnsynchronizedBufferedReaderTest.java,UnsynchronizedBufferedReaderTest.java,UnsynchronizedBufferedReaderTest,ready,1,0,boolean,public,false,false,true,true
C:\Users\simon\Documents\Code\thesis-code\commons-io-master\src\test\java\org\apache\commons\io\input\UnsynchronizedBufferedReaderTest.java,UnsynchronizedBufferedReaderTest.java,UnsynchronizedBufferedReaderTest,testReadArrayException,18,0,void,,true,true,true,true
C:\Users\simon\Documents\Code\thesis-code\commons-io-master\src\test\java\org\apache\commons\io\input\UnsynchronizedBufferedReaderTest.java,UnsynchronizedBufferedReaderTest.java,UnsynchronizedBufferedReaderTest,testReadLine,3,0,void,,true,true,true,true
C:\Users\simon\Documents\Code\thesis-code\commons-io-master\src\test\java\org\apache\commons\io\input\UnsynchronizedBufferedReaderTest.java,UnsynchronizedBufferedReaderTest.java,UnsynchronizedBufferedReaderTest,testReadLineIgnoresEbcdic85Characters,1,0,void,,true,true,true,true
C:\Users\simon\Documents\Code\thesis-code\commons-io-master\src\test\java\org\apache\commons\io\input\UnsynchronizedBufferedReaderTest.java,UnsynchronizedBufferedReaderTest.java,UnsynchronizedBufferedReaderTest,testReadLineSeparators,11,0,void,,true,true,true,true
C:\Users\simon\Documents\Code\thesis-code\commons-io-master\src\test\java\org\apache\commons\io\input\UnsynchronizedBufferedReaderTest.java,UnsynchronizedBufferedReaderTest.java,UnsynchronizedBufferedReaderTest,testReady,2,0,void,,true,true,true,true
C:\Users\simon\Documents\Code\thesis-code\commons-io-master\src\test\java\org\apache\commons\io\input\UnsynchronizedBufferedReaderTest.java,UnsynchronizedBufferedReaderTest.java,UnsynchronizedBufferedReaderTest,testReset,11,0,void,,true,true,true,true
C:\Users\simon\Documents\Code\thesis-code\commons-io-master\src\test\java\org\apache\commons\io\input\UnsynchronizedBufferedReaderTest.java,UnsynchronizedBufferedReaderTest.java,UnsynchronizedBufferedReaderTest,testReset_IOException,11,0,void,,true,true,true,true
C:\Users\simon\Documents\Code\thesis-code\commons-io-master\src\test\java\org\apache\commons\io\input\UnsynchronizedBufferedReaderTest.java,UnsynchronizedBufferedReaderTest.java,UnsynchronizedBufferedReaderTest,testSkip,5,0,void,,true,true,true,true
C:\Users\simon\Documents\Code\thesis-code\commons-io-master\src\test\java\org\apache\commons\io\input\UnsynchronizedByteArrayInputStreamTest.java,UnsynchronizedByteArrayInputStreamTest.java,UnsynchronizedByteArrayInputStreamTest,newStream,1,1,UnsynchronizedByteArrayInputStream,private,false,false,true,true
C:\Users\simon\Documents\Code\thesis-code\commons-io-master\src\test\java\org\apache\commons\io\input\UnsynchronizedByteArrayInputStreamTest.java,UnsynchronizedByteArrayInputStreamTest.java,UnsynchronizedByteArrayInputStreamTest,newStream,1,2,UnsynchronizedByteArrayInputStream,private,false,false,true,true
C:\Users\simon\Documents\Code\thesis-code\commons-io-master\src\test\java\org\apache\commons\io\input\UnsynchronizedByteArrayInputStreamTest.java,UnsynchronizedByteArrayInputStreamTest.java,UnsynchronizedByteArrayInputStreamTest,newStream,1,3,UnsynchronizedByteArrayInputStream,private,false,false,true,true
C:\Users\simon\Documents\Code\thesis-code\commons-io-master\src\test\java\org\apache\commons\io\input\UnsynchronizedByteArrayInputStreamTest.java,UnsynchronizedByteArrayInputStreamTest.java,UnsynchronizedByteArrayInputStreamTest,testConstructor1,6,0,void,,true,true,true,true
C:\Users\simon\Documents\Code\thesis-code\commons-io-master\src\test\java\org\apache\commons\io\input\UnsynchronizedByteArrayInputStreamTest.java,UnsynchronizedByteArrayInputStreamTest.java,UnsynchronizedByteArrayInputStreamTest,testConstructor2,21,0,void,,true,true,true,true
C:\Users\simon\Documents\Code\thesis-code\commons-io-master\src\test\java\org\apache\commons\io\input\UnsynchronizedByteArrayInputStreamTest.java,UnsynchronizedByteArrayInputStreamTest.java,UnsynchronizedByteArrayInputStreamTest,testConstructor3,47,0,void,,true,true,true,true
C:\Users\simon\Documents\Code\thesis-code\commons-io-master\src\test\java\org\apache\commons\io\input\UnsynchronizedByteArrayInputStreamTest.java,UnsynchronizedByteArrayInputStreamTest.java,UnsynchronizedByteArrayInputStreamTest,testInvalidConstructor2OffsetUnder,1,0,void,,true,true,true,true
C:\Users\simon\Documents\Code\thesis-code\commons-io-master\src\test\java\org\apache\commons\io\input\UnsynchronizedByteArrayInputStreamTest.java,UnsynchronizedByteArrayInputStreamTest.java,UnsynchronizedByteArrayInputStreamTest,testInvalidConstructor3LengthUnder,1,0,void,,true,true,true,true
C:\Users\simon\Documents\Code\thesis-code\commons-io-master\src\test\java\org\apache\commons\io\input\UnsynchronizedByteArrayInputStreamTest.java,UnsynchronizedByteArrayInputStreamTest.java,UnsynchronizedByteArrayInputStreamTest,testInvalidConstructor3OffsetUnder,1,0,void,,true,true,true,true
C:\Users\simon\Documents\Code\thesis-code\commons-io-master\src\test\java\org\apache\commons\io\input\UnsynchronizedByteArrayInputStreamTest.java,UnsynchronizedByteArrayInputStreamTest.java,UnsynchronizedByteArrayInputStreamTest,testInvalidReadArrayExplicitLenUnder,3,0,void,,true,true,true,true
C:\Users\simon\Documents\Code\thesis-code\commons-io-master\src\test\java\org\apache\commons\io\input\UnsynchronizedByteArrayInputStreamTest.java,UnsynchronizedByteArrayInputStreamTest.java,UnsynchronizedByteArrayInputStreamTest,testInvalidReadArrayExplicitOffsetUnder,3,0,void,,true,true,true,true
C:\Users\simon\Documents\Code\thesis-code\commons-io-master\src\test\java\org\apache\commons\io\input\UnsynchronizedByteArrayInputStreamTest.java,UnsynchronizedByteArrayInputStreamTest.java,UnsynchronizedByteArrayInputStreamTest,testInvalidReadArrayExplicitRangeOver,3,0,void,,true,true,true,true
C:\Users\simon\Documents\Code\thesis-code\commons-io-master\src\test\java\org\apache\commons\io\input\UnsynchronizedByteArrayInputStreamTest.java,UnsynchronizedByteArrayInputStreamTest.java,UnsynchronizedByteArrayInputStreamTest,testInvalidReadArrayNull,3,0,void,,true,true,true,true
C:\Users\simon\Documents\Code\thesis-code\commons-io-master\src\test\java\org\apache\commons\io\input\UnsynchronizedByteArrayInputStreamTest.java,UnsynchronizedByteArrayInputStreamTest.java,UnsynchronizedByteArrayInputStreamTest,testInvalidSkipNUnder,2,0,void,,true,true,true,true
C:\Users\simon\Documents\Code\thesis-code\commons-io-master\src\test\java\org\apache\commons\io\input\UnsynchronizedByteArrayInputStreamTest.java,UnsynchronizedByteArrayInputStreamTest.java,UnsynchronizedByteArrayInputStreamTest,testMarkReset,15,0,void,,true,true,true,true
C:\Users\simon\Documents\Code\thesis-code\commons-io-master\src\test\java\org\apache\commons\io\input\UnsynchronizedByteArrayInputStreamTest.java,UnsynchronizedByteArrayInputStreamTest.java,UnsynchronizedByteArrayInputStreamTest,testReadArray,26,0,void,,true,true,true,true
C:\Users\simon\Documents\Code\thesis-code\commons-io-master\src\test\java\org\apache\commons\io\input\UnsynchronizedByteArrayInputStreamTest.java,UnsynchronizedByteArrayInputStreamTest.java,UnsynchronizedByteArrayInputStreamTest,testReadArrayExplicit,29,0,void,,true,true,true,true
C:\Users\simon\Documents\Code\thesis-code\commons-io-master\src\test\java\org\apache\commons\io\input\UnsynchronizedByteArrayInputStreamTest.java,UnsynchronizedByteArrayInputStreamTest.java,UnsynchronizedByteArrayInputStreamTest,testReadSingle,7,0,void,,true,true,true,true
C:\Users\simon\Documents\Code\thesis-code\commons-io-master\src\test\java\org\apache\commons\io\input\UnsynchronizedByteArrayInputStreamTest.java,UnsynchronizedByteArrayInputStreamTest.java,UnsynchronizedByteArrayInputStreamTest,testSkip,29,0,void,,true,true,true,true
C:\Users\simon\Documents\Code\thesis-code\commons-io-master\src\test\java\org\apache\commons\io\input\UnsynchronizedFilterInputStreamTest.java,UnsynchronizedFilterInputStreamTest.java,UnsynchronizedFilterInputStreamTest,setUp,3,0,void,protected,false,false,true,true
C:\Users\simon\Documents\Code\thesis-code\commons-io-master\src\test\java\org\apache\commons\io\input\UnsynchronizedFilterInputStreamTest.java,UnsynchronizedFilterInputStreamTest.java,UnsynchronizedFilterInputStreamTest,tearDown,2,0,void,protected,false,false,true,true
C:\Users\simon\Documents\Code\thesis-code\commons-io-master\src\test\java\org\apache\commons\io\input\UnsynchronizedFilterInputStreamTest.java,UnsynchronizedFilterInputStreamTest.java,UnsynchronizedFilterInputStreamTest,test_available,1,0,void,,true,true,true,true
C:\Users\simon\Documents\Code\thesis-code\commons-io-master\src\test\java\org\apache\commons\io\input\UnsynchronizedFilterInputStreamTest.java,UnsynchronizedFilterInputStreamTest.java,UnsynchronizedFilterInputStreamTest,test_close,2,0,void,,true,true,true,true
C:\Users\simon\Documents\Code\thesis-code\commons-io-master\src\test\java\org\apache\commons\io\input\UnsynchronizedFilterInputStreamTest.java,UnsynchronizedFilterInputStreamTest.java,UnsynchronizedFilterInputStreamTest,test_markI,1,0,void,,true,true,true,true
C:\Users\simon\Documents\Code\thesis-code\commons-io-master\src\test\java\org\apache\commons\io\input\UnsynchronizedFilterInputStreamTest.java,UnsynchronizedFilterInputStreamTest.java,UnsynchronizedFilterInputStreamTest,test_markSupported,1,0,void,,true,true,true,true
C:\Users\simon\Documents\Code\thesis-code\commons-io-master\src\test\java\org\apache\commons\io\input\UnsynchronizedFilterInputStreamTest.java,UnsynchronizedFilterInputStreamTest.java,UnsynchronizedFilterInputStreamTest,test_read,2,0,void,,true,true,true,true
C:\Users\simon\Documents\Code\thesis-code\commons-io-master\src\test\java\org\apache\commons\io\input\UnsynchronizedFilterInputStreamTest.java,UnsynchronizedFilterInputStreamTest.java,UnsynchronizedFilterInputStreamTest,test_read$B,3,0,void,,true,true,true,true
C:\Users\simon\Documents\Code\thesis-code\commons-io-master\src\test\java\org\apache\commons\io\input\UnsynchronizedFilterInputStreamTest.java,UnsynchronizedFilterInputStreamTest.java,UnsynchronizedFilterInputStreamTest,test_read$BII,5,0,void,,true,true,true,true
C:\Users\simon\Documents\Code\thesis-code\commons-io-master\src\test\java\org\apache\commons\io\input\UnsynchronizedFilterInputStreamTest.java,UnsynchronizedFilterInputStreamTest.java,UnsynchronizedFilterInputStreamTest,test_reset,1,0,void,,true,true,true,true
C:\Users\simon\Documents\Code\thesis-code\commons-io-master\src\test\java\org\apache\commons\io\input\UnsynchronizedFilterInputStreamTest.java,UnsynchronizedFilterInputStreamTest.java,UnsynchronizedFilterInputStreamTest,test_skipJ,4,0,void,,true,true,true,true
C:\Users\simon\Documents\Code\thesis-code\commons-io-master\src\test\java\org\apache\commons\io\input\WindowsLineEndingInputStreamTest.java,WindowsLineEndingInputStreamTest.java,WindowsLineEndingInputStreamTest,roundtripReadByte,1,1,String,private,false,false,true,true
C:\Users\simon\Documents\Code\thesis-code\commons-io-master\src\test\java\org\apache\commons\io\input\WindowsLineEndingInputStreamTest.java,WindowsLineEndingInputStreamTest.java,WindowsLineEndingInputStreamTest,roundtripReadByte,1,2,String,private,false,false,true,true
C:\Users\simon\Documents\Code\thesis-code\commons-io-master\src\test\java\org\apache\commons\io\input\WindowsLineEndingInputStreamTest.java,WindowsLineEndingInputStreamTest.java,WindowsLineEndingInputStreamTest,roundtripReadByteArray,1,1,String,private,false,false,true,true
C:\Users\simon\Documents\Code\thesis-code\commons-io-master\src\test\java\org\apache\commons\io\input\WindowsLineEndingInputStreamTest.java,WindowsLineEndingInputStreamTest.java,WindowsLineEndingInputStreamTest,roundtripReadByteArray,1,2,String,private,false,false,true,true
C:\Users\simon\Documents\Code\thesis-code\commons-io-master\src\test\java\org\apache\commons\io\input\WindowsLineEndingInputStreamTest.java,WindowsLineEndingInputStreamTest.java,WindowsLineEndingInputStreamTest,roundtripReadByteArrayIndex,1,1,String,private,false,false,true,true
C:\Users\simon\Documents\Code\thesis-code\commons-io-master\src\test\java\org\apache\commons\io\input\WindowsLineEndingInputStreamTest.java,WindowsLineEndingInputStreamTest.java,WindowsLineEndingInputStreamTest,roundtripReadByteArrayIndex,1,2,String,private,false,false,true,true
C:\Users\simon\Documents\Code\thesis-code\commons-io-master\src\test\java\org\apache\commons\io\input\WindowsLineEndingInputStreamTest.java,WindowsLineEndingInputStreamTest.java,WindowsLineEndingInputStreamTest,testInTheMiddleOfTheLine_Byte,1,0,void,,true,true,true,true
C:\Users\simon\Documents\Code\thesis-code\commons-io-master\src\test\java\org\apache\commons\io\input\WindowsLineEndingInputStreamTest.java,WindowsLineEndingInputStreamTest.java,WindowsLineEndingInputStreamTest,testInTheMiddleOfTheLine_ByteArray,1,0,void,,true,true,true,true
C:\Users\simon\Documents\Code\thesis-code\commons-io-master\src\test\java\org\apache\commons\io\input\WindowsLineEndingInputStreamTest.java,WindowsLineEndingInputStreamTest.java,WindowsLineEndingInputStreamTest,testInTheMiddleOfTheLine_ByteArrayIndex,1,0,void,,true,true,true,true
C:\Users\simon\Documents\Code\thesis-code\commons-io-master\src\test\java\org\apache\commons\io\input\WindowsLineEndingInputStreamTest.java,WindowsLineEndingInputStreamTest.java,WindowsLineEndingInputStreamTest,testLinuxLineFeeds_Byte,1,0,void,,true,true,true,true
C:\Users\simon\Documents\Code\thesis-code\commons-io-master\src\test\java\org\apache\commons\io\input\WindowsLineEndingInputStreamTest.java,WindowsLineEndingInputStreamTest.java,WindowsLineEndingInputStreamTest,testLinuxLineFeeds_ByteArray,1,0,void,,true,true,true,true
C:\Users\simon\Documents\Code\thesis-code\commons-io-master\src\test\java\org\apache\commons\io\input\WindowsLineEndingInputStreamTest.java,WindowsLineEndingInputStreamTest.java,WindowsLineEndingInputStreamTest,testLinuxLineFeeds_ByteArrayIndex,1,0,void,,true,true,true,true
C:\Users\simon\Documents\Code\thesis-code\commons-io-master\src\test\java\org\apache\commons\io\input\WindowsLineEndingInputStreamTest.java,WindowsLineEndingInputStreamTest.java,WindowsLineEndingInputStreamTest,testMalformed_Byte,1,0,void,,true,true,true,true
C:\Users\simon\Documents\Code\thesis-code\commons-io-master\src\test\java\org\apache\commons\io\input\WindowsLineEndingInputStreamTest.java,WindowsLineEndingInputStreamTest.java,WindowsLineEndingInputStreamTest,testMalformed_ByteArray,1,0,void,,true,true,true,true
C:\Users\simon\Documents\Code\thesis-code\commons-io-master\src\test\java\org\apache\commons\io\input\WindowsLineEndingInputStreamTest.java,WindowsLineEndingInputStreamTest.java,WindowsLineEndingInputStreamTest,testMalformed_ByteArrayIndex,1,0,void,,true,true,true,true
C:\Users\simon\Documents\Code\thesis-code\commons-io-master\src\test\java\org\apache\commons\io\input\WindowsLineEndingInputStreamTest.java,WindowsLineEndingInputStreamTest.java,WindowsLineEndingInputStreamTest,testMark,1,1,void,,false,true,true,true
C:\Users\simon\Documents\Code\thesis-code\commons-io-master\src\test\java\org\apache\commons\io\input\WindowsLineEndingInputStreamTest.java,WindowsLineEndingInputStreamTest.java,WindowsLineEndingInputStreamTest,testMarkSupported,1,1,void,,false,true,true,true
C:\Users\simon\Documents\Code\thesis-code\commons-io-master\src\test\java\org\apache\commons\io\input\WindowsLineEndingInputStreamTest.java,WindowsLineEndingInputStreamTest.java,WindowsLineEndingInputStreamTest,testMultipleBlankLines_Byte,1,0,void,,true,true,true,true
C:\Users\simon\Documents\Code\thesis-code\commons-io-master\src\test\java\org\apache\commons\io\input\WindowsLineEndingInputStreamTest.java,WindowsLineEndingInputStreamTest.java,WindowsLineEndingInputStreamTest,testMultipleBlankLines_ByteArray,1,0,void,,true,true,true,true
C:\Users\simon\Documents\Code\thesis-code\commons-io-master\src\test\java\org\apache\commons\io\input\WindowsLineEndingInputStreamTest.java,WindowsLineEndingInputStreamTest.java,WindowsLineEndingInputStreamTest,testMultipleBlankLines_ByteArrayIndex,1,0,void,,true,true,true,true
C:\Users\simon\Documents\Code\thesis-code\commons-io-master\src\test\java\org\apache\commons\io\input\WindowsLineEndingInputStreamTest.java,WindowsLineEndingInputStreamTest.java,WindowsLineEndingInputStreamTest,testRetainLineFeed_Byte,2,0,void,,true,true,true,true
C:\Users\simon\Documents\Code\thesis-code\commons-io-master\src\test\java\org\apache\commons\io\input\WindowsLineEndingInputStreamTest.java,WindowsLineEndingInputStreamTest.java,WindowsLineEndingInputStreamTest,testRetainLineFeed_ByteArray,2,0,void,,true,true,true,true
C:\Users\simon\Documents\Code\thesis-code\commons-io-master\src\test\java\org\apache\commons\io\input\WindowsLineEndingInputStreamTest.java,WindowsLineEndingInputStreamTest.java,WindowsLineEndingInputStreamTest,testRetainLineFeed_ByteArrayIndex,2,0,void,,true,true,true,true
C:\Users\simon\Documents\Code\thesis-code\commons-io-master\src\test\java\org\apache\commons\io\input\WindowsLineEndingInputStreamTest.java,WindowsLineEndingInputStreamTest.java,WindowsLineEndingInputStreamTest,testSimpleString_Byte,1,0,void,,true,true,true,true
C:\Users\simon\Documents\Code\thesis-code\commons-io-master\src\test\java\org\apache\commons\io\input\WindowsLineEndingInputStreamTest.java,WindowsLineEndingInputStreamTest.java,WindowsLineEndingInputStreamTest,testSimpleString_ByteArray,1,0,void,,true,true,true,true
C:\Users\simon\Documents\Code\thesis-code\commons-io-master\src\test\java\org\apache\commons\io\input\WindowsLineEndingInputStreamTest.java,WindowsLineEndingInputStreamTest.java,WindowsLineEndingInputStreamTest,testSimpleString_ByteArrayIndex,1,0,void,,true,true,true,true
C:\Users\simon\Documents\Code\thesis-code\commons-io-master\src\test\java\org\apache\commons\io\input\WindowsLineEndingInputStreamTest.java,WindowsLineEndingInputStreamTest.java,WindowsLineEndingInputStreamTest,testTwoLinesAtEnd_Byte,1,0,void,,true,true,true,true
C:\Users\simon\Documents\Code\thesis-code\commons-io-master\src\test\java\org\apache\commons\io\input\WindowsLineEndingInputStreamTest.java,WindowsLineEndingInputStreamTest.java,WindowsLineEndingInputStreamTest,testTwoLinesAtEnd_ByteArray,1,0,void,,true,true,true,true
C:\Users\simon\Documents\Code\thesis-code\commons-io-master\src\test\java\org\apache\commons\io\input\WindowsLineEndingInputStreamTest.java,WindowsLineEndingInputStreamTest.java,WindowsLineEndingInputStreamTest,testTwoLinesAtEnd_ByteArrayIndex,1,0,void,,true,true,true,true
C:\Users\simon\Documents\Code\thesis-code\commons-io-master\src\test\java\org\apache\commons\io\input\XmlStreamReaderTest.java,XmlStreamReaderTest.java,XmlStreamReaderTest,getXML,3,4,String,private,false,false,true,true
C:\Users\simon\Documents\Code\thesis-code\commons-io-master\src\test\java\org\apache\commons\io\input\XmlStreamReaderTest.java,XmlStreamReaderTest.java,XmlStreamReaderTest,getXmlInputStream,6,4,InputStream,protected,false,false,true,true
C:\Users\simon\Documents\Code\thesis-code\commons-io-master\src\test\java\org\apache\commons\io\input\XmlStreamReaderTest.java,XmlStreamReaderTest.java,XmlStreamReaderTest,parseCharset,1,3,void,private,false,false,true,true
C:\Users\simon\Documents\Code\thesis-code\commons-io-master\src\test\java\org\apache\commons\io\input\XmlStreamReaderTest.java,XmlStreamReaderTest.java,XmlStreamReaderTest,testAlternateDefaultEncoding,2,5,void,,false,true,true,true
C:\Users\simon\Documents\Code\thesis-code\commons-io-master\src\test\java\org\apache\commons\io\input\XmlStreamReaderTest.java,XmlStreamReaderTest.java,XmlStreamReaderTest,testAlternateDefaultEncoding,2,3,void,private,false,true,true,true
C:\Users\simon\Documents\Code\thesis-code\commons-io-master\src\test\java\org\apache\commons\io\input\XmlStreamReaderTest.java,XmlStreamReaderTest.java,XmlStreamReaderTest,testConstructorFileInput,2,0,void,protected,true,true,true,true
C:\Users\simon\Documents\Code\thesis-code\commons-io-master\src\test\java\org\apache\commons\io\input\XmlStreamReaderTest.java,XmlStreamReaderTest.java,XmlStreamReaderTest,testConstructorFileInputNull,1,0,void,protected,true,true,true,true
C:\Users\simon\Documents\Code\thesis-code\commons-io-master\src\test\java\org\apache\commons\io\input\XmlStreamReaderTest.java,XmlStreamReaderTest.java,XmlStreamReaderTest,testConstructorFileInputOpenOptions,2,0,void,protected,true,true,true,true
C:\Users\simon\Documents\Code\thesis-code\commons-io-master\src\test\java\org\apache\commons\io\input\XmlStreamReaderTest.java,XmlStreamReaderTest.java,XmlStreamReaderTest,testConstructorInputStreamInput,3,0,void,protected,true,true,true,true
C:\Users\simon\Documents\Code\thesis-code\commons-io-master\src\test\java\org\apache\commons\io\input\XmlStreamReaderTest.java,XmlStreamReaderTest.java,XmlStreamReaderTest,testConstructorInputStreamInputNull,1,0,void,protected,true,true,true,true
C:\Users\simon\Documents\Code\thesis-code\commons-io-master\src\test\java\org\apache\commons\io\input\XmlStreamReaderTest.java,XmlStreamReaderTest.java,XmlStreamReaderTest,testConstructorPathInput,2,0,void,protected,true,true,true,true
C:\Users\simon\Documents\Code\thesis-code\commons-io-master\src\test\java\org\apache\commons\io\input\XmlStreamReaderTest.java,XmlStreamReaderTest.java,XmlStreamReaderTest,testConstructorPathInputNull,1,0,void,protected,true,true,true,true
C:\Users\simon\Documents\Code\thesis-code\commons-io-master\src\test\java\org\apache\commons\io\input\XmlStreamReaderTest.java,XmlStreamReaderTest.java,XmlStreamReaderTest,testConstructorURLConnectionInput,1,0,void,protected,true,true,true,true
C:\Users\simon\Documents\Code\thesis-code\commons-io-master\src\test\java\org\apache\commons\io\input\XmlStreamReaderTest.java,XmlStreamReaderTest.java,XmlStreamReaderTest,testConstructorURLConnectionInputNull,1,0,void,protected,true,true,true,true
C:\Users\simon\Documents\Code\thesis-code\commons-io-master\src\test\java\org\apache\commons\io\input\XmlStreamReaderTest.java,XmlStreamReaderTest.java,XmlStreamReaderTest,testConstructorURLInput,1,0,void,protected,true,true,true,true
C:\Users\simon\Documents\Code\thesis-code\commons-io-master\src\test\java\org\apache\commons\io\input\XmlStreamReaderTest.java,XmlStreamReaderTest.java,XmlStreamReaderTest,testConstructorURLInputNull,1,0,void,protected,true,true,true,true
C:\Users\simon\Documents\Code\thesis-code\commons-io-master\src\test\java\org\apache\commons\io\input\XmlStreamReaderTest.java,XmlStreamReaderTest.java,XmlStreamReaderTest,testEncodingAttributeXML,2,0,void,,true,true,true,true
C:\Users\simon\Documents\Code\thesis-code\commons-io-master\src\test\java\org\apache\commons\io\input\XmlStreamReaderTest.java,XmlStreamReaderTest.java,XmlStreamReaderTest,testHttp,71,0,void,,true,true,true,true
C:\Users\simon\Documents\Code\thesis-code\commons-io-master\src\test\java\org\apache\commons\io\input\XmlStreamReaderTest.java,XmlStreamReaderTest.java,XmlStreamReaderTest,testHttpContent,3,0,void,,true,true,true,true
C:\Users\simon\Documents\Code\thesis-code\commons-io-master\src\test\java\org\apache\commons\io\input\XmlStreamReaderTest.java,XmlStreamReaderTest.java,XmlStreamReaderTest,testHttpInvalid,1,4,void,protected,false,true,true,true
C:\Users\simon\Documents\Code\thesis-code\commons-io-master\src\test\java\org\apache\commons\io\input\XmlStreamReaderTest.java,XmlStreamReaderTest.java,XmlStreamReaderTest,testHttpLenient,1,5,void,protected,false,true,true,true
C:\Users\simon\Documents\Code\thesis-code\commons-io-master\src\test\java\org\apache\commons\io\input\XmlStreamReaderTest.java,XmlStreamReaderTest.java,XmlStreamReaderTest,testHttpValid,1,4,void,,false,true,true,true
C:\Users\simon\Documents\Code\thesis-code\commons-io-master\src\test\java\org\apache\commons\io\input\XmlStreamReaderTest.java,XmlStreamReaderTest.java,XmlStreamReaderTest,testIO_815,6,1,void,,false,true,true,true
C:\Users\simon\Documents\Code\thesis-code\commons-io-master\src\test\java\org\apache\commons\io\input\XmlStreamReaderTest.java,XmlStreamReaderTest.java,XmlStreamReaderTest,testLowerCaseEncodingWithTurkishLocale_IO_557,2,0,void,,true,true,true,true
C:\Users\simon\Documents\Code\thesis-code\commons-io-master\src\test\java\org\apache\commons\io\input\XmlStreamReaderTest.java,XmlStreamReaderTest.java,XmlStreamReaderTest,testRawBomInvalid,4,3,void,protected,false,true,true,true
C:\Users\simon\Documents\Code\thesis-code\commons-io-master\src\test\java\org\apache\commons\io\input\XmlStreamReaderTest.java,XmlStreamReaderTest.java,XmlStreamReaderTest,testRawBomUtf16,6,0,void,,true,true,true,true
C:\Users\simon\Documents\Code\thesis-code\commons-io-master\src\test\java\org\apache\commons\io\input\XmlStreamReaderTest.java,XmlStreamReaderTest.java,XmlStreamReaderTest,testRawBomUtf32,6,0,void,,true,true,true,true
C:\Users\simon\Documents\Code\thesis-code\commons-io-master\src\test\java\org\apache\commons\io\input\XmlStreamReaderTest.java,XmlStreamReaderTest.java,XmlStreamReaderTest,testRawBomUtf8,12,0,void,,true,true,true,true
C:\Users\simon\Documents\Code\thesis-code\commons-io-master\src\test\java\org\apache\commons\io\input\XmlStreamReaderTest.java,XmlStreamReaderTest.java,XmlStreamReaderTest,testRawBomValid,1,1,void,protected,false,true,true,true
C:\Users\simon\Documents\Code\thesis-code\commons-io-master\src\test\java\org\apache\commons\io\input\XmlStreamReaderTest.java,XmlStreamReaderTest.java,XmlStreamReaderTest,testRawContent,3,0,void,,true,true,true,true
C:\Users\simon\Documents\Code\thesis-code\commons-io-master\src\test\java\org\apache\commons\io\input\XmlStreamReaderTest.java,XmlStreamReaderTest.java,XmlStreamReaderTest,testRawNoBomCp1047,1,0,void,,true,true,true,true
C:\Users\simon\Documents\Code\thesis-code\commons-io-master\src\test\java\org\apache\commons\io\input\XmlStreamReaderTest.java,XmlStreamReaderTest.java,XmlStreamReaderTest,testRawNoBomInvalid,1,1,void,protected,false,true,true,true
C:\Users\simon\Documents\Code\thesis-code\commons-io-master\src\test\java\org\apache\commons\io\input\XmlStreamReaderTest.java,XmlStreamReaderTest.java,XmlStreamReaderTest,testRawNoBomIso8859_1,1,0,void,,true,true,true,true
C:\Users\simon\Documents\Code\thesis-code\commons-io-master\src\test\java\org\apache\commons\io\input\XmlStreamReaderTest.java,XmlStreamReaderTest.java,XmlStreamReaderTest,testRawNoBomUsAscii,1,0,void,,true,true,true,true
C:\Users\simon\Documents\Code\thesis-code\commons-io-master\src\test\java\org\apache\commons\io\input\XmlStreamReaderTest.java,XmlStreamReaderTest.java,XmlStreamReaderTest,testRawNoBomUtf16BE,1,0,void,,true,true,true,true
C:\Users\simon\Documents\Code\thesis-code\commons-io-master\src\test\java\org\apache\commons\io\input\XmlStreamReaderTest.java,XmlStreamReaderTest.java,XmlStreamReaderTest,testRawNoBomUtf16LE,1,0,void,,true,true,true,true
C:\Users\simon\Documents\Code\thesis-code\commons-io-master\src\test\java\org\apache\commons\io\input\XmlStreamReaderTest.java,XmlStreamReaderTest.java,XmlStreamReaderTest,testRawNoBomUtf32BE,1,0,void,,true,true,true,true
C:\Users\simon\Documents\Code\thesis-code\commons-io-master\src\test\java\org\apache\commons\io\input\XmlStreamReaderTest.java,XmlStreamReaderTest.java,XmlStreamReaderTest,testRawNoBomUtf32LE,1,0,void,,true,true,true,true
C:\Users\simon\Documents\Code\thesis-code\commons-io-master\src\test\java\org\apache\commons\io\input\XmlStreamReaderTest.java,XmlStreamReaderTest.java,XmlStreamReaderTest,testRawNoBomUtf8,1,0,void,,true,true,true,true
C:\Users\simon\Documents\Code\thesis-code\commons-io-master\src\test\java\org\apache\commons\io\input\XmlStreamReaderTest.java,XmlStreamReaderTest.java,XmlStreamReaderTest,testRawNoBomValid,28,1,void,protected,false,true,true,true
C:\Users\simon\Documents\Code\thesis-code\commons-io-master\src\test\java\org\apache\commons\io\input\XmlStreamReaderUtilitiesTest.java,XmlStreamReaderUtilitiesTest.java,MockXmlStreamReader,calculateHttpEncoding,1,6,String,protected,false,false,true,false
C:\Users\simon\Documents\Code\thesis-code\commons-io-master\src\test\java\org\apache\commons\io\input\XmlStreamReaderUtilitiesTest.java,XmlStreamReaderUtilitiesTest.java,MockXmlStreamReader,calculateRawEncoding,1,4,String,protected,false,false,true,false
C:\Users\simon\Documents\Code\thesis-code\commons-io-master\src\test\java\org\apache\commons\io\input\XmlStreamReaderUtilitiesTest.java,XmlStreamReaderUtilitiesTest.java,MockXmlStreamReader,checkAppXml,1,2,void,private,false,false,true,false
C:\Users\simon\Documents\Code\thesis-code\commons-io-master\src\test\java\org\apache\commons\io\input\XmlStreamReaderUtilitiesTest.java,XmlStreamReaderUtilitiesTest.java,MockXmlStreamReader,checkContentTypeEncoding,1,2,void,private,false,false,true,false
C:\Users\simon\Documents\Code\thesis-code\commons-io-master\src\test\java\org\apache\commons\io\input\XmlStreamReaderUtilitiesTest.java,XmlStreamReaderUtilitiesTest.java,MockXmlStreamReader,checkContentTypeMime,1,2,void,private,false,false,true,false
C:\Users\simon\Documents\Code\thesis-code\commons-io-master\src\test\java\org\apache\commons\io\input\XmlStreamReaderUtilitiesTest.java,XmlStreamReaderUtilitiesTest.java,MockXmlStreamReader,checkHttpEncoding,10,7,void,private,false,false,true,false
C:\Users\simon\Documents\Code\thesis-code\commons-io-master\src\test\java\org\apache\commons\io\input\XmlStreamReaderUtilitiesTest.java,XmlStreamReaderUtilitiesTest.java,MockXmlStreamReader,checkHttpError,1,7,void,private,false,false,true,false
C:\Users\simon\Documents\Code\thesis-code\commons-io-master\src\test\java\org\apache\commons\io\input\XmlStreamReaderUtilitiesTest.java,XmlStreamReaderUtilitiesTest.java,MockXmlStreamReader,checkRawEncoding,8,5,void,private,false,false,true,false
C:\Users\simon\Documents\Code\thesis-code\commons-io-master\src\test\java\org\apache\commons\io\input\XmlStreamReaderUtilitiesTest.java,XmlStreamReaderUtilitiesTest.java,MockXmlStreamReader,checkRawError,1,5,void,private,false,false,true,false
C:\Users\simon\Documents\Code\thesis-code\commons-io-master\src\test\java\org\apache\commons\io\input\XmlStreamReaderUtilitiesTest.java,XmlStreamReaderUtilitiesTest.java,MockXmlStreamReader,checkTextXml,1,2,void,private,false,false,true,false
C:\Users\simon\Documents\Code\thesis-code\commons-io-master\src\test\java\org\apache\commons\io\input\XmlStreamReaderUtilitiesTest.java,XmlStreamReaderUtilitiesTest.java,MockXmlStreamReader,testAppXml,12,0,void,,true,true,true,false
C:\Users\simon\Documents\Code\thesis-code\commons-io-master\src\test\java\org\apache\commons\io\input\XmlStreamReaderUtilitiesTest.java,XmlStreamReaderUtilitiesTest.java,MockXmlStreamReader,testCalculateHttpEncoding,20,0,void,,true,true,true,false
C:\Users\simon\Documents\Code\thesis-code\commons-io-master\src\test\java\org\apache\commons\io\input\XmlStreamReaderUtilitiesTest.java,XmlStreamReaderUtilitiesTest.java,MockXmlStreamReader,testCalculateHttpEncodingUtf32,12,0,void,,true,true,true,false
C:\Users\simon\Documents\Code\thesis-code\commons-io-master\src\test\java\org\apache\commons\io\input\XmlStreamReaderUtilitiesTest.java,XmlStreamReaderUtilitiesTest.java,MockXmlStreamReader,testCalculateRawEncodingAdditionalUTF16,10,0,void,,true,true,true,false
C:\Users\simon\Documents\Code\thesis-code\commons-io-master\src\test\java\org\apache\commons\io\input\XmlStreamReaderUtilitiesTest.java,XmlStreamReaderUtilitiesTest.java,MockXmlStreamReader,testCalculateRawEncodingAdditionalUTF32,10,0,void,,true,true,true,false
C:\Users\simon\Documents\Code\thesis-code\commons-io-master\src\test\java\org\apache\commons\io\input\XmlStreamReaderUtilitiesTest.java,XmlStreamReaderUtilitiesTest.java,MockXmlStreamReader,testCalculateRawEncodingNoBOM,11,0,void,,true,true,true,false
C:\Users\simon\Documents\Code\thesis-code\commons-io-master\src\test\java\org\apache\commons\io\input\XmlStreamReaderUtilitiesTest.java,XmlStreamReaderUtilitiesTest.java,MockXmlStreamReader,testCalculateRawEncodingStandard,3,0,void,,true,true,true,false
C:\Users\simon\Documents\Code\thesis-code\commons-io-master\src\test\java\org\apache\commons\io\input\XmlStreamReaderUtilitiesTest.java,XmlStreamReaderUtilitiesTest.java,MockXmlStreamReader,testCalculateRawEncodingStandard,8,3,void,private,false,true,true,false
C:\Users\simon\Documents\Code\thesis-code\commons-io-master\src\test\java\org\apache\commons\io\input\XmlStreamReaderUtilitiesTest.java,XmlStreamReaderUtilitiesTest.java,MockXmlStreamReader,testCalculateRawEncodingStandardUtf32,3,0,void,,true,true,true,false
C:\Users\simon\Documents\Code\thesis-code\commons-io-master\src\test\java\org\apache\commons\io\input\XmlStreamReaderUtilitiesTest.java,XmlStreamReaderUtilitiesTest.java,MockXmlStreamReader,testContentTypeEncoding,15,0,void,,true,true,true,false
C:\Users\simon\Documents\Code\thesis-code\commons-io-master\src\test\java\org\apache\commons\io\input\XmlStreamReaderUtilitiesTest.java,XmlStreamReaderUtilitiesTest.java,MockXmlStreamReader,testContentTypeMime,6,0,void,,true,true,true,false
C:\Users\simon\Documents\Code\thesis-code\commons-io-master\src\test\java\org\apache\commons\io\input\XmlStreamReaderUtilitiesTest.java,XmlStreamReaderUtilitiesTest.java,MockXmlStreamReader,testTextXml,9,0,void,,true,true,true,false
C:\Users\simon\Documents\Code\thesis-code\commons-io-master\src\test\java\org\apache\commons\io\IOCaseTest.java,IOCaseTest.java,IOCaseTest,assert0,1,1,void,private,false,false,true,true
C:\Users\simon\Documents\Code\thesis-code\commons-io-master\src\test\java\org\apache\commons\io\IOCaseTest.java,IOCaseTest.java,IOCaseTest,assert0,1,1,void,private,false,false,true,true
C:\Users\simon\Documents\Code\thesis-code\commons-io-master\src\test\java\org\apache\commons\io\IOCaseTest.java,IOCaseTest.java,IOCaseTest,serialize,5,1,IOCase,private,false,false,true,true
C:\Users\simon\Documents\Code\thesis-code\commons-io-master\src\test\java\org\apache\commons\io\IOCaseTest.java,IOCaseTest.java,IOCaseTest,test_checkCompare_case,9,0,void,,true,true,true,true
C:\Users\simon\Documents\Code\thesis-code\commons-io-master\src\test\java\org\apache\commons\io\IOCaseTest.java,IOCaseTest.java,IOCaseTest,test_checkCompare_functionality,9,0,void,,true,true,true,true
C:\Users\simon\Documents\Code\thesis-code\commons-io-master\src\test\java\org\apache\commons\io\IOCaseTest.java,IOCaseTest.java,IOCaseTest,test_checkEndsWith_case,6,0,void,,true,true,true,true
C:\Users\simon\Documents\Code\thesis-code\commons-io-master\src\test\java\org\apache\commons\io\IOCaseTest.java,IOCaseTest.java,IOCaseTest,test_checkEndsWith_functionality,12,0,void,,true,true,true,true
C:\Users\simon\Documents\Code\thesis-code\commons-io-master\src\test\java\org\apache\commons\io\IOCaseTest.java,IOCaseTest.java,IOCaseTest,test_checkEquals_case,6,0,void,,true,true,true,true
C:\Users\simon\Documents\Code\thesis-code\commons-io-master\src\test\java\org\apache\commons\io\IOCaseTest.java,IOCaseTest.java,IOCaseTest,test_checkEquals_functionality,12,0,void,,true,true,true,true
C:\Users\simon\Documents\Code\thesis-code\commons-io-master\src\test\java\org\apache\commons\io\IOCaseTest.java,IOCaseTest.java,IOCaseTest,test_checkIndexOf_case,9,0,void,,true,true,true,true
C:\Users\simon\Documents\Code\thesis-code\commons-io-master\src\test\java\org\apache\commons\io\IOCaseTest.java,IOCaseTest.java,IOCaseTest,test_checkIndexOf_functionality,29,0,void,,true,true,true,true
C:\Users\simon\Documents\Code\thesis-code\commons-io-master\src\test\java\org\apache\commons\io\IOCaseTest.java,IOCaseTest.java,IOCaseTest,test_checkRegionMatches_case,6,0,void,,true,true,true,true
C:\Users\simon\Documents\Code\thesis-code\commons-io-master\src\test\java\org\apache\commons\io\IOCaseTest.java,IOCaseTest.java,IOCaseTest,test_checkRegionMatches_functionality,24,0,void,,true,true,true,true
C:\Users\simon\Documents\Code\thesis-code\commons-io-master\src\test\java\org\apache\commons\io\IOCaseTest.java,IOCaseTest.java,IOCaseTest,test_checkStartsWith_case,6,0,void,,true,true,true,true
C:\Users\simon\Documents\Code\thesis-code\commons-io-master\src\test\java\org\apache\commons\io\IOCaseTest.java,IOCaseTest.java,IOCaseTest,test_checkStartsWith_functionality,12,0,void,,true,true,true,true
C:\Users\simon\Documents\Code\thesis-code\commons-io-master\src\test\java\org\apache\commons\io\IOCaseTest.java,IOCaseTest.java,IOCaseTest,test_forName,5,0,void,,true,true,true,true
C:\Users\simon\Documents\Code\thesis-code\commons-io-master\src\test\java\org\apache\commons\io\IOCaseTest.java,IOCaseTest.java,IOCaseTest,test_getName,3,0,void,,true,true,true,true
C:\Users\simon\Documents\Code\thesis-code\commons-io-master\src\test\java\org\apache\commons\io\IOCaseTest.java,IOCaseTest.java,IOCaseTest,test_getScratchByteArray,3,0,void,,true,true,true,true
C:\Users\simon\Documents\Code\thesis-code\commons-io-master\src\test\java\org\apache\commons\io\IOCaseTest.java,IOCaseTest.java,IOCaseTest,test_getScratchCharArray,3,0,void,,true,true,true,true
C:\Users\simon\Documents\Code\thesis-code\commons-io-master\src\test\java\org\apache\commons\io\IOCaseTest.java,IOCaseTest.java,IOCaseTest,test_isCaseSensitive,3,0,void,,true,true,true,true
C:\Users\simon\Documents\Code\thesis-code\commons-io-master\src\test\java\org\apache\commons\io\IOCaseTest.java,IOCaseTest.java,IOCaseTest,test_isCaseSensitive_static,3,0,void,,true,true,true,true
C:\Users\simon\Documents\Code\thesis-code\commons-io-master\src\test\java\org\apache\commons\io\IOCaseTest.java,IOCaseTest.java,IOCaseTest,test_serialization,3,0,void,,true,true,true,true
C:\Users\simon\Documents\Code\thesis-code\commons-io-master\src\test\java\org\apache\commons\io\IOCaseTest.java,IOCaseTest.java,IOCaseTest,test_toString,3,0,void,,true,true,true,true
C:\Users\simon\Documents\Code\thesis-code\commons-io-master\src\test\java\org\apache\commons\io\IOExceptionListTest.java,IOExceptionListTest.java,IOExceptionListTest,testCause,10,0,void,,true,true,true,true
C:\Users\simon\Documents\Code\thesis-code\commons-io-master\src\test\java\org\apache\commons\io\IOExceptionListTest.java,IOExceptionListTest.java,IOExceptionListTest,testCheckEmpty,6,0,void,,true,true,true,true
C:\Users\simon\Documents\Code\thesis-code\commons-io-master\src\test\java\org\apache\commons\io\IOExceptionListTest.java,IOExceptionListTest.java,IOExceptionListTest,testEmptyList,2,0,void,,true,true,true,true
C:\Users\simon\Documents\Code\thesis-code\commons-io-master\src\test\java\org\apache\commons\io\IOExceptionListTest.java,IOExceptionListTest.java,IOExceptionListTest,testIterable,9,0,void,,true,true,true,true
C:\Users\simon\Documents\Code\thesis-code\commons-io-master\src\test\java\org\apache\commons\io\IOExceptionListTest.java,IOExceptionListTest.java,IOExceptionListTest,testMessageCause,11,0,void,,true,true,true,true
C:\Users\simon\Documents\Code\thesis-code\commons-io-master\src\test\java\org\apache\commons\io\IOExceptionListTest.java,IOExceptionListTest.java,IOExceptionListTest,testNullCause,3,0,void,,true,true,true,true
C:\Users\simon\Documents\Code\thesis-code\commons-io-master\src\test\java\org\apache\commons\io\IOExceptionListTest.java,IOExceptionListTest.java,IOExceptionListTest,testNullMessageArg,4,0,void,,true,true,true,true
C:\Users\simon\Documents\Code\thesis-code\commons-io-master\src\test\java\org\apache\commons\io\IOExceptionListTest.java,IOExceptionListTest.java,IOExceptionListTest,testPrintStackTrace,9,0,void,,true,true,true,true
C:\Users\simon\Documents\Code\thesis-code\commons-io-master\src\test\java\org\apache\commons\io\IOExceptionWithCauseTest.java,IOExceptionWithCauseTest.java,IOExceptionWithCauseTest,testIOExceptionStringThrowable,3,0,void,,true,true,true,true
C:\Users\simon\Documents\Code\thesis-code\commons-io-master\src\test\java\org\apache\commons\io\IOExceptionWithCauseTest.java,IOExceptionWithCauseTest.java,IOExceptionWithCauseTest,testIOExceptionThrowable,3,0,void,,true,true,true,true
C:\Users\simon\Documents\Code\thesis-code\commons-io-master\src\test\java\org\apache\commons\io\IOExceptionWithCauseTest.java,IOExceptionWithCauseTest.java,IOExceptionWithCauseTest,validate,3,3,void,,false,false,true,true
C:\Users\simon\Documents\Code\thesis-code\commons-io-master\src\test\java\org\apache\commons\io\IOIndexedExceptionTest.java,IOIndexedExceptionTest.java,IOIndexedExceptionTest,testEdge,4,0,void,,true,true,true,true
C:\Users\simon\Documents\Code\thesis-code\commons-io-master\src\test\java\org\apache\commons\io\IOIndexedExceptionTest.java,IOIndexedExceptionTest.java,IOIndexedExceptionTest,testPlain,5,0,void,,true,true,true,true
C:\Users\simon\Documents\Code\thesis-code\commons-io-master\src\test\java\org\apache\commons\io\IORandomAccessFileTest.java,IORandomAccessFileTest.java,IORandomAccessFileTest,newFileFixture,3,0,File,private,false,false,true,true
C:\Users\simon\Documents\Code\thesis-code\commons-io-master\src\test\java\org\apache\commons\io\IORandomAccessFileTest.java,IORandomAccessFileTest.java,IORandomAccessFileTest,testFile,3,1,void,,false,true,true,true
C:\Users\simon\Documents\Code\thesis-code\commons-io-master\src\test\java\org\apache\commons\io\IORandomAccessFileTest.java,IORandomAccessFileTest.java,IORandomAccessFileTest,testString,3,1,void,,false,true,true,true
C:\Users\simon\Documents\Code\thesis-code\commons-io-master\src\test\java\org\apache\commons\io\IORandomAccessFileTest.java,IORandomAccessFileTest.java,IORandomAccessFileTest,testToString,2,0,void,,true,true,true,true
C:\Users\simon\Documents\Code\thesis-code\commons-io-master\src\test\java\org\apache\commons\io\IOUtilsConcurrentTest.java,IOUtilsConcurrentTest.java,ChecksumReader,close,1,0,void,public,false,false,true,false
C:\Users\simon\Documents\Code\thesis-code\commons-io-master\src\test\java\org\apache\commons\io\IOUtilsConcurrentTest.java,IOUtilsConcurrentTest.java,ChecksumReader,getValue,1,0,long,public,false,false,true,false
C:\Users\simon\Documents\Code\thesis-code\commons-io-master\src\test\java\org\apache\commons\io\IOUtilsConcurrentTest.java,IOUtilsConcurrentTest.java,ChecksumReader,read,1,0,int,public,false,false,true,false
C:\Users\simon\Documents\Code\thesis-code\commons-io-master\src\test\java\org\apache\commons\io\IOUtilsConcurrentTest.java,IOUtilsConcurrentTest.java,ChecksumReader,read,4,3,int,public,false,false,true,false
C:\Users\simon\Documents\Code\thesis-code\commons-io-master\src\test\java\org\apache\commons\io\IOUtilsConcurrentTest.java,IOUtilsConcurrentTest.java,ChecksumReader,testConcurrentInputStreamTasks,1,0,Stream<IOConsumer<InputStream>>,static,false,true,true,false
C:\Users\simon\Documents\Code\thesis-code\commons-io-master\src\test\java\org\apache\commons\io\IOUtilsConcurrentTest.java,IOUtilsConcurrentTest.java,ChecksumReader,testConcurrentReaderTasks,1,0,Stream<IOConsumer<Reader>>,static,false,true,true,false
C:\Users\simon\Documents\Code\thesis-code\commons-io-master\src\test\java\org\apache\commons\io\IOUtilsConcurrentTest.java,IOUtilsConcurrentTest.java,ChecksumReader,testConcurrentInputStreamTasks,2,1,void,,false,true,true,false
C:\Users\simon\Documents\Code\thesis-code\commons-io-master\src\test\java\org\apache\commons\io\IOUtilsConcurrentTest.java,IOUtilsConcurrentTest.java,ChecksumReader,testConcurrentReaderTasks,2,1,void,,false,true,true,false
C:\Users\simon\Documents\Code\thesis-code\commons-io-master\src\test\java\org\apache\commons\io\IOUtilsCopyTest.java,IOUtilsCopyTest.java,IOUtilsCopyTest,testCopy_byteArrayOutputStreamToInputStream,8,0,void,,true,true,true,true
C:\Users\simon\Documents\Code\thesis-code\commons-io-master\src\test\java\org\apache\commons\io\IOUtilsCopyTest.java,IOUtilsCopyTest.java,IOUtilsCopyTest,testCopy_byteArrayOutputStreamToInputStream_nullOutputStream,1,0,void,,true,true,true,true
C:\Users\simon\Documents\Code\thesis-code\commons-io-master\src\test\java\org\apache\commons\io\IOUtilsCopyTest.java,IOUtilsCopyTest.java,IOUtilsCopyTest,testCopy_inputStreamToOutputStream,9,0,void,,true,true,true,true
C:\Users\simon\Documents\Code\thesis-code\commons-io-master\src\test\java\org\apache\commons\io\IOUtilsCopyTest.java,IOUtilsCopyTest.java,IOUtilsCopyTest,testCopy_inputStreamToOutputStream_IO84,6,0,void,,true,true,true,true
C:\Users\simon\Documents\Code\thesis-code\commons-io-master\src\test\java\org\apache\commons\io\IOUtilsCopyTest.java,IOUtilsCopyTest.java,IOUtilsCopyTest,testCopy_inputStreamToOutputStream_nullIn,2,0,void,,true,true,true,true
C:\Users\simon\Documents\Code\thesis-code\commons-io-master\src\test\java\org\apache\commons\io\IOUtilsCopyTest.java,IOUtilsCopyTest.java,IOUtilsCopyTest,testCopy_inputStreamToOutputStream_nullOut,2,0,void,,true,true,true,true
C:\Users\simon\Documents\Code\thesis-code\commons-io-master\src\test\java\org\apache\commons\io\IOUtilsCopyTest.java,IOUtilsCopyTest.java,IOUtilsCopyTest,testCopy_inputStreamToOutputStreamWithBufferSize,15,0,void,,true,true,true,true
C:\Users\simon\Documents\Code\thesis-code\commons-io-master\src\test\java\org\apache\commons\io\IOUtilsCopyTest.java,IOUtilsCopyTest.java,IOUtilsCopyTest,testCopy_inputStreamToOutputStreamWithBufferSize,9,1,void,private,false,true,true,true
C:\Users\simon\Documents\Code\thesis-code\commons-io-master\src\test\java\org\apache\commons\io\IOUtilsCopyTest.java,IOUtilsCopyTest.java,IOUtilsCopyTest,testCopy_inputStreamToWriter,11,0,void,,true,true,true,true
C:\Users\simon\Documents\Code\thesis-code\commons-io-master\src\test\java\org\apache\commons\io\IOUtilsCopyTest.java,IOUtilsCopyTest.java,IOUtilsCopyTest,testCopy_inputStreamToWriter_Encoding,12,0,void,,true,true,true,true
C:\Users\simon\Documents\Code\thesis-code\commons-io-master\src\test\java\org\apache\commons\io\IOUtilsCopyTest.java,IOUtilsCopyTest.java,IOUtilsCopyTest,testCopy_inputStreamToWriter_Encoding_nullEncoding,11,0,void,,true,true,true,true
C:\Users\simon\Documents\Code\thesis-code\commons-io-master\src\test\java\org\apache\commons\io\IOUtilsCopyTest.java,IOUtilsCopyTest.java,IOUtilsCopyTest,testCopy_inputStreamToWriter_Encoding_nullIn,4,0,void,,true,true,true,true
C:\Users\simon\Documents\Code\thesis-code\commons-io-master\src\test\java\org\apache\commons\io\IOUtilsCopyTest.java,IOUtilsCopyTest.java,IOUtilsCopyTest,testCopy_inputStreamToWriter_Encoding_nullOut,2,0,void,,true,true,true,true
C:\Users\simon\Documents\Code\thesis-code\commons-io-master\src\test\java\org\apache\commons\io\IOUtilsCopyTest.java,IOUtilsCopyTest.java,IOUtilsCopyTest,testCopy_inputStreamToWriter_nullIn,4,0,void,,true,true,true,true
C:\Users\simon\Documents\Code\thesis-code\commons-io-master\src\test\java\org\apache\commons\io\IOUtilsCopyTest.java,IOUtilsCopyTest.java,IOUtilsCopyTest,testCopy_inputStreamToWriter_nullOut,2,0,void,,true,true,true,true
C:\Users\simon\Documents\Code\thesis-code\commons-io-master\src\test\java\org\apache\commons\io\IOUtilsCopyTest.java,IOUtilsCopyTest.java,IOUtilsCopyTest,testCopy_readerToAppendable,12,0,void,,true,true,true,true
C:\Users\simon\Documents\Code\thesis-code\commons-io-master\src\test\java\org\apache\commons\io\IOUtilsCopyTest.java,IOUtilsCopyTest.java,IOUtilsCopyTest,testCopy_readerToAppendable_IO84,6,0,void,,true,true,true,true
C:\Users\simon\Documents\Code\thesis-code\commons-io-master\src\test\java\org\apache\commons\io\IOUtilsCopyTest.java,IOUtilsCopyTest.java,IOUtilsCopyTest,testCopy_readerToAppendable_nullIn,4,0,void,,true,true,true,true
C:\Users\simon\Documents\Code\thesis-code\commons-io-master\src\test\java\org\apache\commons\io\IOUtilsCopyTest.java,IOUtilsCopyTest.java,IOUtilsCopyTest,testCopy_readerToAppendable_nullOut,4,0,void,,true,true,true,true
C:\Users\simon\Documents\Code\thesis-code\commons-io-master\src\test\java\org\apache\commons\io\IOUtilsCopyTest.java,IOUtilsCopyTest.java,IOUtilsCopyTest,testCopy_readerToOutputStream,8,0,void,,true,true,true,true
C:\Users\simon\Documents\Code\thesis-code\commons-io-master\src\test\java\org\apache\commons\io\IOUtilsCopyTest.java,IOUtilsCopyTest.java,IOUtilsCopyTest,testCopy_readerToOutputStream_Encoding,9,0,void,,true,true,true,true
C:\Users\simon\Documents\Code\thesis-code\commons-io-master\src\test\java\org\apache\commons\io\IOUtilsCopyTest.java,IOUtilsCopyTest.java,IOUtilsCopyTest,testCopy_readerToOutputStream_Encoding_nullEncoding,8,0,void,,true,true,true,true
C:\Users\simon\Documents\Code\thesis-code\commons-io-master\src\test\java\org\apache\commons\io\IOUtilsCopyTest.java,IOUtilsCopyTest.java,IOUtilsCopyTest,testCopy_readerToOutputStream_Encoding_nullIn,3,0,void,,true,true,true,true
C:\Users\simon\Documents\Code\thesis-code\commons-io-master\src\test\java\org\apache\commons\io\IOUtilsCopyTest.java,IOUtilsCopyTest.java,IOUtilsCopyTest,testCopy_readerToOutputStream_Encoding_nullOut,4,0,void,,true,true,true,true
C:\Users\simon\Documents\Code\thesis-code\commons-io-master\src\test\java\org\apache\commons\io\IOUtilsCopyTest.java,IOUtilsCopyTest.java,IOUtilsCopyTest,testCopy_readerToOutputStream_nullIn,3,0,void,,true,true,true,true
C:\Users\simon\Documents\Code\thesis-code\commons-io-master\src\test\java\org\apache\commons\io\IOUtilsCopyTest.java,IOUtilsCopyTest.java,IOUtilsCopyTest,testCopy_readerToOutputStream_nullOut,4,0,void,,true,true,true,true
C:\Users\simon\Documents\Code\thesis-code\commons-io-master\src\test\java\org\apache\commons\io\IOUtilsCopyTest.java,IOUtilsCopyTest.java,IOUtilsCopyTest,testCopy_readerToWriter,12,0,void,,true,true,true,true
C:\Users\simon\Documents\Code\thesis-code\commons-io-master\src\test\java\org\apache\commons\io\IOUtilsCopyTest.java,IOUtilsCopyTest.java,IOUtilsCopyTest,testCopy_readerToWriter_IO84,6,0,void,,true,true,true,true
C:\Users\simon\Documents\Code\thesis-code\commons-io-master\src\test\java\org\apache\commons\io\IOUtilsCopyTest.java,IOUtilsCopyTest.java,IOUtilsCopyTest,testCopy_readerToWriter_nullIn,4,0,void,,true,true,true,true
C:\Users\simon\Documents\Code\thesis-code\commons-io-master\src\test\java\org\apache\commons\io\IOUtilsCopyTest.java,IOUtilsCopyTest.java,IOUtilsCopyTest,testCopy_readerToWriter_nullOut,4,0,void,,true,true,true,true
C:\Users\simon\Documents\Code\thesis-code\commons-io-master\src\test\java\org\apache\commons\io\IOUtilsCopyTest.java,IOUtilsCopyTest.java,IOUtilsCopyTest,testCopy_URLToFile,4,0,void,,true,true,true,true
C:\Users\simon\Documents\Code\thesis-code\commons-io-master\src\test\java\org\apache\commons\io\IOUtilsCopyTest.java,IOUtilsCopyTest.java,IOUtilsCopyTest,testCopy_URLToOutputStream,6,0,void,,true,true,true,true
C:\Users\simon\Documents\Code\thesis-code\commons-io-master\src\test\java\org\apache\commons\io\IOUtilsMultithreadedSkipTest.java,IOUtilsMultithreadedSkipTest.java,IOUtilsMultithreadedSkipTest,generateExpected,3,2,int[],private,false,false,true,true
C:\Users\simon\Documents\Code\thesis-code\commons-io-master\src\test\java\org\apache\commons\io\IOUtilsMultithreadedSkipTest.java,IOUtilsMultithreadedSkipTest.java,IOUtilsMultithreadedSkipTest,generateSkips,3,3,int[],private,false,false,true,true
C:\Users\simon\Documents\Code\thesis-code\commons-io-master\src\test\java\org\apache\commons\io\IOUtilsMultithreadedSkipTest.java,IOUtilsMultithreadedSkipTest.java,IOUtilsMultithreadedSkipTest,inflate,3,1,InputStream,private,false,false,true,true
C:\Users\simon\Documents\Code\thesis-code\commons-io-master\src\test\java\org\apache\commons\io\IOUtilsMultithreadedSkipTest.java,IOUtilsMultithreadedSkipTest.java,IOUtilsMultithreadedSkipTest,setUp,1,0,void,public,false,false,true,true
C:\Users\simon\Documents\Code\thesis-code\commons-io-master\src\test\java\org\apache\commons\io\IOUtilsMultithreadedSkipTest.java,IOUtilsMultithreadedSkipTest.java,IOUtilsMultithreadedSkipTest,testSkipFullyOnInflaterInputStream,15,1,void,private,false,true,true,true
C:\Users\simon\Documents\Code\thesis-code\commons-io-master\src\test\java\org\apache\commons\io\IOUtilsMultithreadedSkipTest.java,IOUtilsMultithreadedSkipTest.java,IOUtilsMultithreadedSkipTest,testSkipFullyOnInflaterInputStream_New_bytes,1,0,void,,true,true,true,true
C:\Users\simon\Documents\Code\thesis-code\commons-io-master\src\test\java\org\apache\commons\io\IOUtilsMultithreadedSkipTest.java,IOUtilsMultithreadedSkipTest.java,IOUtilsMultithreadedSkipTest,testSkipFullyOnInflaterInputStream_ThreadLocal,1,0,void,,true,true,true,true
C:\Users\simon\Documents\Code\thesis-code\commons-io-master\src\test\java\org\apache\commons\io\IOUtilsTest.java,IOUtilsTest.java,IOUtilsTest,beforeAll,1,0,void,public; static,false,false,true,true
C:\Users\simon\Documents\Code\thesis-code\commons-io-master\src\test\java\org\apache\commons\io\IOUtilsTest.java,IOUtilsTest.java,IOUtilsTest,invalidRead_InputStream_Offset_ArgumentsProvider,3,0,Stream<Arguments>,static,false,false,true,true
C:\Users\simon\Documents\Code\thesis-code\commons-io-master\src\test\java\org\apache\commons\io\IOUtilsTest.java,IOUtilsTest.java,IOUtilsTest,testCheckFromIndexSizeInvalidCases,1,0,Stream<Arguments>,static,false,true,true,true
C:\Users\simon\Documents\Code\thesis-code\commons-io-master\src\test\java\org\apache\commons\io\IOUtilsTest.java,IOUtilsTest.java,IOUtilsTest,testCheckFromIndexSizeValidCases,1,0,Stream<Arguments>,static,false,true,true,true
C:\Users\simon\Documents\Code\thesis-code\commons-io-master\src\test\java\org\apache\commons\io\IOUtilsTest.java,IOUtilsTest.java,IOUtilsTest,testCheckFromToIndexInvalidCases,1,0,Stream<Arguments>,static,false,true,true,true
C:\Users\simon\Documents\Code\thesis-code\commons-io-master\src\test\java\org\apache\commons\io\IOUtilsTest.java,IOUtilsTest.java,IOUtilsTest,testCheckFromToIndexValidCases,1,0,Stream<Arguments>,static,false,true,true,true
C:\Users\simon\Documents\Code\thesis-code\commons-io-master\src\test\java\org\apache\commons\io\IOUtilsTest.java,IOUtilsTest.java,IOUtilsTest,testToByteArray_InputStream_Size_BufferSize_Succeeds,3,0,Stream<Arguments>,private; static,false,true,true,true
C:\Users\simon\Documents\Code\thesis-code\commons-io-master\src\test\java\org\apache\commons\io\IOUtilsTest.java,IOUtilsTest.java,IOUtilsTest,testToByteArray_InputStream_Size_BufferSize_Throws,1,0,Stream<Arguments>,static,false,true,true,true
C:\Users\simon\Documents\Code\thesis-code\commons-io-master\src\test\java\org\apache\commons\io\IOUtilsTest.java,IOUtilsTest.java,IOUtilsTest,assertEqualContent,1,2,void,private,false,false,true,true
C:\Users\simon\Documents\Code\thesis-code\commons-io-master\src\test\java\org\apache\commons\io\IOUtilsTest.java,IOUtilsTest.java,IOUtilsTest,setUp,7,0,void,public,false,false,true,true
C:\Users\simon\Documents\Code\thesis-code\commons-io-master\src\test\java\org\apache\commons\io\IOUtilsTest.java,IOUtilsTest.java,IOUtilsTest,testAsBufferedInputStream,4,0,void,,true,true,true,true
C:\Users\simon\Documents\Code\thesis-code\commons-io-master\src\test\java\org\apache\commons\io\IOUtilsTest.java,IOUtilsTest.java,IOUtilsTest,read,1,0,int,public,false,false,true,true
C:\Users\simon\Documents\Code\thesis-code\commons-io-master\src\test\java\org\apache\commons\io\IOUtilsTest.java,IOUtilsTest.java,IOUtilsTest,testAsBufferedInputStreamWithBufferSize,5,0,void,,true,true,true,true
C:\Users\simon\Documents\Code\thesis-code\commons-io-master\src\test\java\org\apache\commons\io\IOUtilsTest.java,IOUtilsTest.java,IOUtilsTest,read,1,0,int,public,false,false,true,true
C:\Users\simon\Documents\Code\thesis-code\commons-io-master\src\test\java\org\apache\commons\io\IOUtilsTest.java,IOUtilsTest.java,IOUtilsTest,testAsBufferedNull,5,0,void,,true,true,true,true
C:\Users\simon\Documents\Code\thesis-code\commons-io-master\src\test\java\org\apache\commons\io\IOUtilsTest.java,IOUtilsTest.java,IOUtilsTest,testAsBufferedOutputStream,4,0,void,,true,true,true,true
C:\Users\simon\Documents\Code\thesis-code\commons-io-master\src\test\java\org\apache\commons\io\IOUtilsTest.java,IOUtilsTest.java,IOUtilsTest,write,0,1,void,public,false,false,true,true
C:\Users\simon\Documents\Code\thesis-code\commons-io-master\src\test\java\org\apache\commons\io\IOUtilsTest.java,IOUtilsTest.java,IOUtilsTest,testAsBufferedOutputStreamWithBufferSize,5,0,void,,true,true,true,true
C:\Users\simon\Documents\Code\thesis-code\commons-io-master\src\test\java\org\apache\commons\io\IOUtilsTest.java,IOUtilsTest.java,IOUtilsTest,write,0,1,void,public,false,false,true,true
C:\Users\simon\Documents\Code\thesis-code\commons-io-master\src\test\java\org\apache\commons\io\IOUtilsTest.java,IOUtilsTest.java,IOUtilsTest,testAsBufferedReader,4,0,void,,true,true,true,true
C:\Users\simon\Documents\Code\thesis-code\commons-io-master\src\test\java\org\apache\commons\io\IOUtilsTest.java,IOUtilsTest.java,IOUtilsTest,close,0,0,void,public,false,false,true,true
C:\Users\simon\Documents\Code\thesis-code\commons-io-master\src\test\java\org\apache\commons\io\IOUtilsTest.java,IOUtilsTest.java,IOUtilsTest,read,1,3,int,public,false,false,true,true
C:\Users\simon\Documents\Code\thesis-code\commons-io-master\src\test\java\org\apache\commons\io\IOUtilsTest.java,IOUtilsTest.java,IOUtilsTest,testAsBufferedReaderWithBufferSize,5,0,void,,true,true,true,true
C:\Users\simon\Documents\Code\thesis-code\commons-io-master\src\test\java\org\apache\commons\io\IOUtilsTest.java,IOUtilsTest.java,IOUtilsTest,close,0,0,void,public,false,false,true,true
C:\Users\simon\Documents\Code\thesis-code\commons-io-master\src\test\java\org\apache\commons\io\IOUtilsTest.java,IOUtilsTest.java,IOUtilsTest,read,1,3,int,public,false,false,true,true
C:\Users\simon\Documents\Code\thesis-code\commons-io-master\src\test\java\org\apache\commons\io\IOUtilsTest.java,IOUtilsTest.java,IOUtilsTest,testAsBufferedWriter,4,0,void,,true,true,true,true
C:\Users\simon\Documents\Code\thesis-code\commons-io-master\src\test\java\org\apache\commons\io\IOUtilsTest.java,IOUtilsTest.java,IOUtilsTest,testAsBufferedWriterWithBufferSize,5,0,void,,true,true,true,true
C:\Users\simon\Documents\Code\thesis-code\commons-io-master\src\test\java\org\apache\commons\io\IOUtilsTest.java,IOUtilsTest.java,IOUtilsTest,testAsWriterAppendable,2,0,void,,true,true,true,true
C:\Users\simon\Documents\Code\thesis-code\commons-io-master\src\test\java\org\apache\commons\io\IOUtilsTest.java,IOUtilsTest.java,IOUtilsTest,testAsWriterNull,1,0,void,,true,true,true,true
C:\Users\simon\Documents\Code\thesis-code\commons-io-master\src\test\java\org\apache\commons\io\IOUtilsTest.java,IOUtilsTest.java,IOUtilsTest,testAsWriterStringBuilder,2,0,void,,true,true,true,true
C:\Users\simon\Documents\Code\thesis-code\commons-io-master\src\test\java\org\apache\commons\io\IOUtilsTest.java,IOUtilsTest.java,IOUtilsTest,testByteArrayWithNegativeSize,1,0,void,,true,true,true,true
C:\Users\simon\Documents\Code\thesis-code\commons-io-master\src\test\java\org\apache\commons\io\IOUtilsTest.java,IOUtilsTest.java,IOUtilsTest,testCheckFromIndexSizeInvalidCases,5,3,void,,false,true,true,true
C:\Users\simon\Documents\Code\thesis-code\commons-io-master\src\test\java\org\apache\commons\io\IOUtilsTest.java,IOUtilsTest.java,IOUtilsTest,testCheckFromIndexSizeValidCases,1,3,void,,false,true,true,true
C:\Users\simon\Documents\Code\thesis-code\commons-io-master\src\test\java\org\apache\commons\io\IOUtilsTest.java,IOUtilsTest.java,IOUtilsTest,testCheckFromToIndexInvalidCases,5,3,void,,false,true,true,true
C:\Users\simon\Documents\Code\thesis-code\commons-io-master\src\test\java\org\apache\commons\io\IOUtilsTest.java,IOUtilsTest.java,IOUtilsTest,testCheckFromToIndexValidCases,1,3,void,,false,true,true,true
C:\Users\simon\Documents\Code\thesis-code\commons-io-master\src\test\java\org\apache\commons\io\IOUtilsTest.java,IOUtilsTest.java,IOUtilsTest,testClose,3,0,void,,true,true,true,true
C:\Users\simon\Documents\Code\thesis-code\commons-io-master\src\test\java\org\apache\commons\io\IOUtilsTest.java,IOUtilsTest.java,IOUtilsTest,testCloseConsumer,26,0,void,,true,true,true,true
C:\Users\simon\Documents\Code\thesis-code\commons-io-master\src\test\java\org\apache\commons\io\IOUtilsTest.java,IOUtilsTest.java,IOUtilsTest,testCloseMulti,7,0,void,,true,true,true,true
C:\Users\simon\Documents\Code\thesis-code\commons-io-master\src\test\java\org\apache\commons\io\IOUtilsTest.java,IOUtilsTest.java,IOUtilsTest,testCloseQuietly_AllCloseableIOException,5,0,void,,true,true,true,true
C:\Users\simon\Documents\Code\thesis-code\commons-io-master\src\test\java\org\apache\commons\io\IOUtilsTest.java,IOUtilsTest.java,IOUtilsTest,testCloseQuietly_CloseableIOExceptionAddSuppressed,7,0,void,,true,true,true,true
C:\Users\simon\Documents\Code\thesis-code\commons-io-master\src\test\java\org\apache\commons\io\IOUtilsTest.java,IOUtilsTest.java,IOUtilsTest,testCloseQuietly_CloseableException,5,0,void,,true,true,true,true
C:\Users\simon\Documents\Code\thesis-code\commons-io-master\src\test\java\org\apache\commons\io\IOUtilsTest.java,IOUtilsTest.java,IOUtilsTest,testCloseQuietly_CloseableExceptionConsumer,16,0,void,,true,true,true,true
C:\Users\simon\Documents\Code\thesis-code\commons-io-master\src\test\java\org\apache\commons\io\IOUtilsTest.java,IOUtilsTest.java,IOUtilsTest,testCloseQuietly_Selector,2,0,void,,true,true,true,true
C:\Users\simon\Documents\Code\thesis-code\commons-io-master\src\test\java\org\apache\commons\io\IOUtilsTest.java,IOUtilsTest.java,IOUtilsTest,testCloseQuietly_SelectorIOException,2,0,void,,true,true,true,true
C:\Users\simon\Documents\Code\thesis-code\commons-io-master\src\test\java\org\apache\commons\io\IOUtilsTest.java,IOUtilsTest.java,IOUtilsTest,close,1,0,void,public,false,false,true,true
C:\Users\simon\Documents\Code\thesis-code\commons-io-master\src\test\java\org\apache\commons\io\IOUtilsTest.java,IOUtilsTest.java,IOUtilsTest,testCloseQuietly_SelectorNull,2,0,void,,true,true,true,true
C:\Users\simon\Documents\Code\thesis-code\commons-io-master\src\test\java\org\apache\commons\io\IOUtilsTest.java,IOUtilsTest.java,IOUtilsTest,testCloseQuietly_SelectorTwice,2,0,void,,true,true,true,true
C:\Users\simon\Documents\Code\thesis-code\commons-io-master\src\test\java\org\apache\commons\io\IOUtilsTest.java,IOUtilsTest.java,IOUtilsTest,testCloseQuietly_ServerSocket,2,0,void,,true,true,true,true
C:\Users\simon\Documents\Code\thesis-code\commons-io-master\src\test\java\org\apache\commons\io\IOUtilsTest.java,IOUtilsTest.java,IOUtilsTest,testCloseQuietly_ServerSocketIOException,1,0,void,,true,true,true,true
C:\Users\simon\Documents\Code\thesis-code\commons-io-master\src\test\java\org\apache\commons\io\IOUtilsTest.java,IOUtilsTest.java,IOUtilsTest,close,1,0,void,public,false,false,true,true
C:\Users\simon\Documents\Code\thesis-code\commons-io-master\src\test\java\org\apache\commons\io\IOUtilsTest.java,IOUtilsTest.java,IOUtilsTest,testCloseQuietly_Socket,2,0,void,,true,true,true,true
C:\Users\simon\Documents\Code\thesis-code\commons-io-master\src\test\java\org\apache\commons\io\IOUtilsTest.java,IOUtilsTest.java,IOUtilsTest,testCloseQuietly_SocketIOException,1,0,void,,true,true,true,true
C:\Users\simon\Documents\Code\thesis-code\commons-io-master\src\test\java\org\apache\commons\io\IOUtilsTest.java,IOUtilsTest.java,IOUtilsTest,close,1,0,void,public; synchronized,false,false,true,true
C:\Users\simon\Documents\Code\thesis-code\commons-io-master\src\test\java\org\apache\commons\io\IOUtilsTest.java,IOUtilsTest.java,IOUtilsTest,testCloseURLConnection,3,0,void,,true,true,true,true
C:\Users\simon\Documents\Code\thesis-code\commons-io-master\src\test\java\org\apache\commons\io\IOUtilsTest.java,IOUtilsTest.java,IOUtilsTest,testConstants,8,0,void,,true,true,true,true
C:\Users\simon\Documents\Code\thesis-code\commons-io-master\src\test\java\org\apache\commons\io\IOUtilsTest.java,IOUtilsTest.java,IOUtilsTest,testConsumeInputStream,6,0,void,,true,true,true,true
C:\Users\simon\Documents\Code\thesis-code\commons-io-master\src\test\java\org\apache\commons\io\IOUtilsTest.java,IOUtilsTest.java,IOUtilsTest,testConsumeReader,6,0,void,,true,true,true,true
C:\Users\simon\Documents\Code\thesis-code\commons-io-master\src\test\java\org\apache\commons\io\IOUtilsTest.java,IOUtilsTest.java,IOUtilsTest,testContentEquals_InputStream_InputStream,25,0,void,,true,true,true,true
C:\Users\simon\Documents\Code\thesis-code\commons-io-master\src\test\java\org\apache\commons\io\IOUtilsTest.java,IOUtilsTest.java,IOUtilsTest,testContentEquals_Reader_Reader,11,0,void,,true,true,true,true
C:\Users\simon\Documents\Code\thesis-code\commons-io-master\src\test\java\org\apache\commons\io\IOUtilsTest.java,IOUtilsTest.java,IOUtilsTest,testContentEqualsIgnoreEOL,29,0,void,,true,true,true,true
C:\Users\simon\Documents\Code\thesis-code\commons-io-master\src\test\java\org\apache\commons\io\IOUtilsTest.java,IOUtilsTest.java,IOUtilsTest,testContentEqualsSequenceInputStream,19,0,void,,true,true,true,true
C:\Users\simon\Documents\Code\thesis-code\commons-io-master\src\test\java\org\apache\commons\io\IOUtilsTest.java,IOUtilsTest.java,IOUtilsTest,testCopy_ByteArray_OutputStream,5,0,void,,true,true,true,true
C:\Users\simon\Documents\Code\thesis-code\commons-io-master\src\test\java\org\apache\commons\io\IOUtilsTest.java,IOUtilsTest.java,IOUtilsTest,testCopy_ByteArray_Writer,5,0,void,,true,true,true,true
C:\Users\simon\Documents\Code\thesis-code\commons-io-master\src\test\java\org\apache\commons\io\IOUtilsTest.java,IOUtilsTest.java,IOUtilsTest,testCopy_String_Writer,5,0,void,,true,true,true,true
C:\Users\simon\Documents\Code\thesis-code\commons-io-master\src\test\java\org\apache\commons\io\IOUtilsTest.java,IOUtilsTest.java,IOUtilsTest,testCopyLarge_CharExtraLength,3,0,void,,true,true,true,true
C:\Users\simon\Documents\Code\thesis-code\commons-io-master\src\test\java\org\apache\commons\io\IOUtilsTest.java,IOUtilsTest.java,IOUtilsTest,testCopyLarge_CharFullLength,3,0,void,,true,true,true,true
C:\Users\simon\Documents\Code\thesis-code\commons-io-master\src\test\java\org\apache\commons\io\IOUtilsTest.java,IOUtilsTest.java,IOUtilsTest,testCopyLarge_CharNoSkip,3,0,void,,true,true,true,true
C:\Users\simon\Documents\Code\thesis-code\commons-io-master\src\test\java\org\apache\commons\io\IOUtilsTest.java,IOUtilsTest.java,IOUtilsTest,testCopyLarge_CharSkip,3,0,void,,true,true,true,true
C:\Users\simon\Documents\Code\thesis-code\commons-io-master\src\test\java\org\apache\commons\io\IOUtilsTest.java,IOUtilsTest.java,IOUtilsTest,testCopyLarge_CharSkipInvalid,1,0,void,,true,true,true,true
C:\Users\simon\Documents\Code\thesis-code\commons-io-master\src\test\java\org\apache\commons\io\IOUtilsTest.java,IOUtilsTest.java,IOUtilsTest,testCopyLarge_ExtraLength,1,0,void,,true,true,true,true
C:\Users\simon\Documents\Code\thesis-code\commons-io-master\src\test\java\org\apache\commons\io\IOUtilsTest.java,IOUtilsTest.java,IOUtilsTest,testCopyLarge_FullLength,1,0,void,,true,true,true,true
C:\Users\simon\Documents\Code\thesis-code\commons-io-master\src\test\java\org\apache\commons\io\IOUtilsTest.java,IOUtilsTest.java,IOUtilsTest,testCopyLarge_NoSkip,1,0,void,,true,true,true,true
C:\Users\simon\Documents\Code\thesis-code\commons-io-master\src\test\java\org\apache\commons\io\IOUtilsTest.java,IOUtilsTest.java,IOUtilsTest,testCopyLarge_Skip,1,0,void,,true,true,true,true
C:\Users\simon\Documents\Code\thesis-code\commons-io-master\src\test\java\org\apache\commons\io\IOUtilsTest.java,IOUtilsTest.java,IOUtilsTest,testCopyLarge_SkipInvalid,1,0,void,,true,true,true,true
C:\Users\simon\Documents\Code\thesis-code\commons-io-master\src\test\java\org\apache\commons\io\IOUtilsTest.java,IOUtilsTest.java,IOUtilsTest,testCopyLarge_SkipWithInvalidOffset,3,0,void,,true,true,true,true
C:\Users\simon\Documents\Code\thesis-code\commons-io-master\src\test\java\org\apache\commons\io\IOUtilsTest.java,IOUtilsTest.java,IOUtilsTest,testRead_InputStream_Offset_ArgumentsValidation,1,5,void,,false,true,true,true
C:\Users\simon\Documents\Code\thesis-code\commons-io-master\src\test\java\org\apache\commons\io\IOUtilsTest.java,IOUtilsTest.java,IOUtilsTest,testRead_ReadableByteChannel,4,0,void,,true,true,true,true
C:\Users\simon\Documents\Code\thesis-code\commons-io-master\src\test\java\org\apache\commons\io\IOUtilsTest.java,IOUtilsTest.java,IOUtilsTest,testReadFully_InputStream__ReturnByteArray,5,0,void,,true,true,true,true
C:\Users\simon\Documents\Code\thesis-code\commons-io-master\src\test\java\org\apache\commons\io\IOUtilsTest.java,IOUtilsTest.java,IOUtilsTest,testReadFully_InputStream_ByteArray,8,0,void,,true,true,true,true
C:\Users\simon\Documents\Code\thesis-code\commons-io-master\src\test\java\org\apache\commons\io\IOUtilsTest.java,IOUtilsTest.java,IOUtilsTest,testReadFully_InputStream_Offset,5,0,void,,true,true,true,true
C:\Users\simon\Documents\Code\thesis-code\commons-io-master\src\test\java\org\apache\commons\io\IOUtilsTest.java,IOUtilsTest.java,IOUtilsTest,testReadFully_InputStream_Offset_ArgumentsValidation,1,5,void,,false,true,true,true
C:\Users\simon\Documents\Code\thesis-code\commons-io-master\src\test\java\org\apache\commons\io\IOUtilsTest.java,IOUtilsTest.java,IOUtilsTest,testReadFully_ReadableByteChannel,4,0,void,,true,true,true,true
C:\Users\simon\Documents\Code\thesis-code\commons-io-master\src\test\java\org\apache\commons\io\IOUtilsTest.java,IOUtilsTest.java,IOUtilsTest,testReadFully_Reader,8,0,void,,true,true,true,true
C:\Users\simon\Documents\Code\thesis-code\commons-io-master\src\test\java\org\apache\commons\io\IOUtilsTest.java,IOUtilsTest.java,IOUtilsTest,testReadFully_Reader_Offset,5,0,void,,true,true,true,true
C:\Users\simon\Documents\Code\thesis-code\commons-io-master\src\test\java\org\apache\commons\io\IOUtilsTest.java,IOUtilsTest.java,IOUtilsTest,testReadLines_CharSequence,3,0,void,,true,true,true,true
C:\Users\simon\Documents\Code\thesis-code\commons-io-master\src\test\java\org\apache\commons\io\IOUtilsTest.java,IOUtilsTest.java,IOUtilsTest,testReadLines_CharSequenceAsStringBuilder,3,0,void,,true,true,true,true
C:\Users\simon\Documents\Code\thesis-code\commons-io-master\src\test\java\org\apache\commons\io\IOUtilsTest.java,IOUtilsTest.java,IOUtilsTest,testReadLines_InputStream,3,0,void,,true,true,true,true
C:\Users\simon\Documents\Code\thesis-code\commons-io-master\src\test\java\org\apache\commons\io\IOUtilsTest.java,IOUtilsTest.java,IOUtilsTest,testReadLines_InputStream_String,3,0,void,,true,true,true,true
C:\Users\simon\Documents\Code\thesis-code\commons-io-master\src\test\java\org\apache\commons\io\IOUtilsTest.java,IOUtilsTest.java,IOUtilsTest,testReadLines_Reader,3,0,void,,true,true,true,true
C:\Users\simon\Documents\Code\thesis-code\commons-io-master\src\test\java\org\apache\commons\io\IOUtilsTest.java,IOUtilsTest.java,IOUtilsTest,testResourceToByteArray_ExistingResourceAtRootPackage,4,0,void,,true,true,true,true
C:\Users\simon\Documents\Code\thesis-code\commons-io-master\src\test\java\org\apache\commons\io\IOUtilsTest.java,IOUtilsTest.java,IOUtilsTest,testResourceToByteArray_ExistingResourceAtRootPackage_WithClassLoader,4,0,void,,true,true,true,true
C:\Users\simon\Documents\Code\thesis-code\commons-io-master\src\test\java\org\apache\commons\io\IOUtilsTest.java,IOUtilsTest.java,IOUtilsTest,testResourceToByteArray_ExistingResourceAtSubPackage,4,0,void,,true,true,true,true
C:\Users\simon\Documents\Code\thesis-code\commons-io-master\src\test\java\org\apache\commons\io\IOUtilsTest.java,IOUtilsTest.java,IOUtilsTest,testResourceToByteArray_ExistingResourceAtSubPackage_WithClassLoader,4,0,void,,true,true,true,true
C:\Users\simon\Documents\Code\thesis-code\commons-io-master\src\test\java\org\apache\commons\io\IOUtilsTest.java,IOUtilsTest.java,IOUtilsTest,testResourceToByteArray_NonExistingResource,1,0,void,,true,true,true,true
C:\Users\simon\Documents\Code\thesis-code\commons-io-master\src\test\java\org\apache\commons\io\IOUtilsTest.java,IOUtilsTest.java,IOUtilsTest,testResourceToByteArray_NonExistingResource_WithClassLoader,1,0,void,,true,true,true,true
C:\Users\simon\Documents\Code\thesis-code\commons-io-master\src\test\java\org\apache\commons\io\IOUtilsTest.java,IOUtilsTest.java,IOUtilsTest,testResourceToByteArray_Null,1,0,void,,true,true,true,true
C:\Users\simon\Documents\Code\thesis-code\commons-io-master\src\test\java\org\apache\commons\io\IOUtilsTest.java,IOUtilsTest.java,IOUtilsTest,testResourceToByteArray_Null_WithClassLoader,1,0,void,,true,true,true,true
C:\Users\simon\Documents\Code\thesis-code\commons-io-master\src\test\java\org\apache\commons\io\IOUtilsTest.java,IOUtilsTest.java,IOUtilsTest,testResourceToString_ExistingResourceAtRootPackage,4,0,void,,true,true,true,true
C:\Users\simon\Documents\Code\thesis-code\commons-io-master\src\test\java\org\apache\commons\io\IOUtilsTest.java,IOUtilsTest.java,IOUtilsTest,testResourceToString_ExistingResourceAtRootPackage_WithClassLoader,4,0,void,,true,true,true,true
C:\Users\simon\Documents\Code\thesis-code\commons-io-master\src\test\java\org\apache\commons\io\IOUtilsTest.java,IOUtilsTest.java,IOUtilsTest,testResourceToString_ExistingResourceAtSubPackage,4,0,void,,true,true,true,true
C:\Users\simon\Documents\Code\thesis-code\commons-io-master\src\test\java\org\apache\commons\io\IOUtilsTest.java,IOUtilsTest.java,IOUtilsTest,testResourceToString_ExistingResourceAtSubPackage_WithClassLoader,4,0,void,,true,true,true,true
C:\Users\simon\Documents\Code\thesis-code\commons-io-master\src\test\java\org\apache\commons\io\IOUtilsTest.java,IOUtilsTest.java,IOUtilsTest,testResourceToString_NonExistingResource,1,0,void,,true,true,true,true
C:\Users\simon\Documents\Code\thesis-code\commons-io-master\src\test\java\org\apache\commons\io\IOUtilsTest.java,IOUtilsTest.java,IOUtilsTest,testResourceToString_NonExistingResource_WithClassLoader,1,0,void,,true,true,true,true
C:\Users\simon\Documents\Code\thesis-code\commons-io-master\src\test\java\org\apache\commons\io\IOUtilsTest.java,IOUtilsTest.java,IOUtilsTest,testResourceToString_NullCharset,1,0,void,,true,true,true,true
C:\Users\simon\Documents\Code\thesis-code\commons-io-master\src\test\java\org\apache\commons\io\IOUtilsTest.java,IOUtilsTest.java,IOUtilsTest,testResourceToString_NullCharset_WithClassLoader,1,0,void,,true,true,true,true
C:\Users\simon\Documents\Code\thesis-code\commons-io-master\src\test\java\org\apache\commons\io\IOUtilsTest.java,IOUtilsTest.java,IOUtilsTest,testResourceToString_NullResource,1,0,void,,true,true,true,true
C:\Users\simon\Documents\Code\thesis-code\commons-io-master\src\test\java\org\apache\commons\io\IOUtilsTest.java,IOUtilsTest.java,IOUtilsTest,testResourceToString_NullResource_WithClassLoader,1,0,void,,true,true,true,true
C:\Users\simon\Documents\Code\thesis-code\commons-io-master\src\test\java\org\apache\commons\io\IOUtilsTest.java,IOUtilsTest.java,IOUtilsTest,testResourceToURL_ExistingResourceAtRootPackage,3,0,void,,true,true,true,true
C:\Users\simon\Documents\Code\thesis-code\commons-io-master\src\test\java\org\apache\commons\io\IOUtilsTest.java,IOUtilsTest.java,IOUtilsTest,testResourceToURL_ExistingResourceAtRootPackage_WithClassLoader,3,0,void,,true,true,true,true
C:\Users\simon\Documents\Code\thesis-code\commons-io-master\src\test\java\org\apache\commons\io\IOUtilsTest.java,IOUtilsTest.java,IOUtilsTest,testResourceToURL_ExistingResourceAtSubPackage,3,0,void,,true,true,true,true
C:\Users\simon\Documents\Code\thesis-code\commons-io-master\src\test\java\org\apache\commons\io\IOUtilsTest.java,IOUtilsTest.java,IOUtilsTest,testResourceToURL_ExistingResourceAtSubPackage_WithClassLoader,3,0,void,,true,true,true,true
C:\Users\simon\Documents\Code\thesis-code\commons-io-master\src\test\java\org\apache\commons\io\IOUtilsTest.java,IOUtilsTest.java,IOUtilsTest,testResourceToURL_NonExistingResource,1,0,void,,true,true,true,true
C:\Users\simon\Documents\Code\thesis-code\commons-io-master\src\test\java\org\apache\commons\io\IOUtilsTest.java,IOUtilsTest.java,IOUtilsTest,testResourceToURL_NonExistingResource_WithClassLoader,1,0,void,,true,true,true,true
C:\Users\simon\Documents\Code\thesis-code\commons-io-master\src\test\java\org\apache\commons\io\IOUtilsTest.java,IOUtilsTest.java,IOUtilsTest,testResourceToURL_Null,1,0,void,,true,true,true,true
C:\Users\simon\Documents\Code\thesis-code\commons-io-master\src\test\java\org\apache\commons\io\IOUtilsTest.java,IOUtilsTest.java,IOUtilsTest,testResourceToURL_Null_WithClassLoader,1,0,void,,true,true,true,true
C:\Users\simon\Documents\Code\thesis-code\commons-io-master\src\test\java\org\apache\commons\io\IOUtilsTest.java,IOUtilsTest.java,IOUtilsTest,testSingleEOL,4,3,void,,false,true,true,true
C:\Users\simon\Documents\Code\thesis-code\commons-io-master\src\test\java\org\apache\commons\io\IOUtilsTest.java,IOUtilsTest.java,IOUtilsTest,testSkip_FileReader,1,0,void,,true,true,true,true
C:\Users\simon\Documents\Code\thesis-code\commons-io-master\src\test\java\org\apache\commons\io\IOUtilsTest.java,IOUtilsTest.java,IOUtilsTest,testSkip_InputStream,1,0,void,,true,true,true,true
C:\Users\simon\Documents\Code\thesis-code\commons-io-master\src\test\java\org\apache\commons\io\IOUtilsTest.java,IOUtilsTest.java,IOUtilsTest,testSkip_ReadableByteChannel,3,0,void,,true,true,true,true
C:\Users\simon\Documents\Code\thesis-code\commons-io-master\src\test\java\org\apache\commons\io\IOUtilsTest.java,IOUtilsTest.java,IOUtilsTest,testSkipFully_InputStream,2,0,void,,true,true,true,true
C:\Users\simon\Documents\Code\thesis-code\commons-io-master\src\test\java\org\apache\commons\io\IOUtilsTest.java,IOUtilsTest.java,IOUtilsTest,testSkipFully_InputStream_Buffer_New_bytes,3,0,void,,true,true,true,true
C:\Users\simon\Documents\Code\thesis-code\commons-io-master\src\test\java\org\apache\commons\io\IOUtilsTest.java,IOUtilsTest.java,IOUtilsTest,testSkipFully_InputStream_Buffer_Reuse_bytes,4,0,void,,true,true,true,true
C:\Users\simon\Documents\Code\thesis-code\commons-io-master\src\test\java\org\apache\commons\io\IOUtilsTest.java,IOUtilsTest.java,IOUtilsTest,testSkipFully_InputStream_Buffer_Reuse_ThreadLocal,3,0,void,,true,true,true,true
C:\Users\simon\Documents\Code\thesis-code\commons-io-master\src\test\java\org\apache\commons\io\IOUtilsTest.java,IOUtilsTest.java,IOUtilsTest,testSkipFully_ReadableByteChannel,3,0,void,,true,true,true,true
C:\Users\simon\Documents\Code\thesis-code\commons-io-master\src\test\java\org\apache\commons\io\IOUtilsTest.java,IOUtilsTest.java,IOUtilsTest,testSkipFully_Reader,2,0,void,,true,true,true,true
C:\Users\simon\Documents\Code\thesis-code\commons-io-master\src\test\java\org\apache\commons\io\IOUtilsTest.java,IOUtilsTest.java,IOUtilsTest,testStringToOutputStream,5,0,void,,true,true,true,true
C:\Users\simon\Documents\Code\thesis-code\commons-io-master\src\test\java\org\apache\commons\io\IOUtilsTest.java,IOUtilsTest.java,IOUtilsTest,testToBufferedInputStream_InputStream,1,0,void,,true,true,true,true
C:\Users\simon\Documents\Code\thesis-code\commons-io-master\src\test\java\org\apache\commons\io\IOUtilsTest.java,IOUtilsTest.java,IOUtilsTest,testToBufferedInputStreamWithBufferSize_InputStream,1,0,void,,true,true,true,true
C:\Users\simon\Documents\Code\thesis-code\commons-io-master\src\test\java\org\apache\commons\io\IOUtilsTest.java,IOUtilsTest.java,IOUtilsTest,testToByteArray_InputStream,1,0,void,,true,true,true,true
C:\Users\simon\Documents\Code\thesis-code\commons-io-master\src\test\java\org\apache\commons\io\IOUtilsTest.java,IOUtilsTest.java,IOUtilsTest,testToByteArray_InputStream_LongerThanIntegerMaxValue,2,0,void,,true,true,true,true
C:\Users\simon\Documents\Code\thesis-code\commons-io-master\src\test\java\org\apache\commons\io\IOUtilsTest.java,IOUtilsTest.java,IOUtilsTest,testToByteArray_InputStream_NegativeSize,1,0,void,,true,true,true,true
C:\Users\simon\Documents\Code\thesis-code\commons-io-master\src\test\java\org\apache\commons\io\IOUtilsTest.java,IOUtilsTest.java,IOUtilsTest,testToByteArray_InputStream_Size,1,0,void,,true,true,true,true
C:\Users\simon\Documents\Code\thesis-code\commons-io-master\src\test\java\org\apache\commons\io\IOUtilsTest.java,IOUtilsTest.java,IOUtilsTest,testToByteArray_InputStream_Size_BufferSize_Succeeds,4,3,void,,false,true,true,true
C:\Users\simon\Documents\Code\thesis-code\commons-io-master\src\test\java\org\apache\commons\io\IOUtilsTest.java,IOUtilsTest.java,IOUtilsTest,testToByteArray_InputStream_Size_BufferSize_Throws,1,3,void,,false,true,true,true
C:\Users\simon\Documents\Code\thesis-code\commons-io-master\src\test\java\org\apache\commons\io\IOUtilsTest.java,IOUtilsTest.java,IOUtilsTest,testToByteArray_InputStream_Size_Truncated,1,0,void,,true,true,true,true
C:\Users\simon\Documents\Code\thesis-code\commons-io-master\src\test\java\org\apache\commons\io\IOUtilsTest.java,IOUtilsTest.java,IOUtilsTest,testToByteArray_InputStream_SizeIllegal,1,0,void,,true,true,true,true
C:\Users\simon\Documents\Code\thesis-code\commons-io-master\src\test\java\org\apache\commons\io\IOUtilsTest.java,IOUtilsTest.java,IOUtilsTest,testToByteArray_InputStream_SizeLong,1,0,void,,true,true,true,true
C:\Users\simon\Documents\Code\thesis-code\commons-io-master\src\test\java\org\apache\commons\io\IOUtilsTest.java,IOUtilsTest.java,IOUtilsTest,testToByteArray_InputStream_SizeOne,1,0,void,,true,true,true,true
C:\Users\simon\Documents\Code\thesis-code\commons-io-master\src\test\java\org\apache\commons\io\IOUtilsTest.java,IOUtilsTest.java,IOUtilsTest,testToByteArray_InputStream_SizeZero,1,0,void,,true,true,true,true
C:\Users\simon\Documents\Code\thesis-code\commons-io-master\src\test\java\org\apache\commons\io\IOUtilsTest.java,IOUtilsTest.java,IOUtilsTest,testToByteArray_Reader,6,0,void,,true,true,true,true
C:\Users\simon\Documents\Code\thesis-code\commons-io-master\src\test\java\org\apache\commons\io\IOUtilsTest.java,IOUtilsTest.java,IOUtilsTest,testToByteArray_String,1,0,void,,true,true,true,true
C:\Users\simon\Documents\Code\thesis-code\commons-io-master\src\test\java\org\apache\commons\io\IOUtilsTest.java,IOUtilsTest.java,IOUtilsTest,testToByteArray_ThrowsIOExceptionOnHugeStream,1,0,void,,true,true,true,true
C:\Users\simon\Documents\Code\thesis-code\commons-io-master\src\test\java\org\apache\commons\io\IOUtilsTest.java,IOUtilsTest.java,IOUtilsTest,testToByteArray_URI,3,0,void,,true,true,true,true
C:\Users\simon\Documents\Code\thesis-code\commons-io-master\src\test\java\org\apache\commons\io\IOUtilsTest.java,IOUtilsTest.java,IOUtilsTest,testToByteArray_URL,3,0,void,,true,true,true,true
C:\Users\simon\Documents\Code\thesis-code\commons-io-master\src\test\java\org\apache\commons\io\IOUtilsTest.java,IOUtilsTest.java,IOUtilsTest,testToByteArray_URLConnection,3,0,void,,true,true,true,true
C:\Users\simon\Documents\Code\thesis-code\commons-io-master\src\test\java\org\apache\commons\io\IOUtilsTest.java,IOUtilsTest.java,IOUtilsTest,testToCharArray_InputStream,1,0,void,,true,true,true,true
C:\Users\simon\Documents\Code\thesis-code\commons-io-master\src\test\java\org\apache\commons\io\IOUtilsTest.java,IOUtilsTest.java,IOUtilsTest,testToCharArray_InputStream_CharsetName,1,0,void,,true,true,true,true
C:\Users\simon\Documents\Code\thesis-code\commons-io-master\src\test\java\org\apache\commons\io\IOUtilsTest.java,IOUtilsTest.java,IOUtilsTest,testToCharArray_Reader,1,0,void,,true,true,true,true
C:\Users\simon\Documents\Code\thesis-code\commons-io-master\src\test\java\org\apache\commons\io\IOUtilsTest.java,IOUtilsTest.java,IOUtilsTest,testToInputStream_CharSequence,10,0,void,,true,true,true,true
C:\Users\simon\Documents\Code\thesis-code\commons-io-master\src\test\java\org\apache\commons\io\IOUtilsTest.java,IOUtilsTest.java,IOUtilsTest,testToInputStream_String,10,0,void,,true,true,true,true
C:\Users\simon\Documents\Code\thesis-code\commons-io-master\src\test\java\org\apache\commons\io\IOUtilsTest.java,IOUtilsTest.java,IOUtilsTest,testToString_ByteArray,1,0,void,,true,true,true,true
C:\Users\simon\Documents\Code\thesis-code\commons-io-master\src\test\java\org\apache\commons\io\IOUtilsTest.java,IOUtilsTest.java,IOUtilsTest,testToString_InputStream,1,0,void,,true,true,true,true
C:\Users\simon\Documents\Code\thesis-code\commons-io-master\src\test\java\org\apache\commons\io\IOUtilsTest.java,IOUtilsTest.java,IOUtilsTest,testToString_InputStreamSupplier,6,0,void,,true,true,true,true
C:\Users\simon\Documents\Code\thesis-code\commons-io-master\src\test\java\org\apache\commons\io\IOUtilsTest.java,IOUtilsTest.java,IOUtilsTest,testToString_Reader,1,0,void,,true,true,true,true
C:\Users\simon\Documents\Code\thesis-code\commons-io-master\src\test\java\org\apache\commons\io\IOUtilsTest.java,IOUtilsTest.java,IOUtilsTest,testToString_URI,4,0,void,,true,true,true,true
C:\Users\simon\Documents\Code\thesis-code\commons-io-master\src\test\java\org\apache\commons\io\IOUtilsTest.java,IOUtilsTest.java,IOUtilsTest,testToString_URI,4,1,void,private,false,true,true,true
C:\Users\simon\Documents\Code\thesis-code\commons-io-master\src\test\java\org\apache\commons\io\IOUtilsTest.java,IOUtilsTest.java,IOUtilsTest,testToString_URI_CharsetName,1,0,void,,true,true,true,true
C:\Users\simon\Documents\Code\thesis-code\commons-io-master\src\test\java\org\apache\commons\io\IOUtilsTest.java,IOUtilsTest.java,IOUtilsTest,testToString_URI_CharsetNameNull,1,0,void,,true,true,true,true
C:\Users\simon\Documents\Code\thesis-code\commons-io-master\src\test\java\org\apache\commons\io\IOUtilsTest.java,IOUtilsTest.java,IOUtilsTest,testToString_URL,4,0,void,,true,true,true,true
C:\Users\simon\Documents\Code\thesis-code\commons-io-master\src\test\java\org\apache\commons\io\IOUtilsTest.java,IOUtilsTest.java,IOUtilsTest,testToString_URL,4,1,void,private,false,true,true,true
C:\Users\simon\Documents\Code\thesis-code\commons-io-master\src\test\java\org\apache\commons\io\IOUtilsTest.java,IOUtilsTest.java,IOUtilsTest,testToString_URL_CharsetName,1,0,void,,true,true,true,true
C:\Users\simon\Documents\Code\thesis-code\commons-io-master\src\test\java\org\apache\commons\io\IOUtilsTest.java,IOUtilsTest.java,IOUtilsTest,testToString_URL_CharsetNameNull,1,0,void,,true,true,true,true
C:\Users\simon\Documents\Code\thesis-code\commons-io-master\src\test\java\org\apache\commons\io\IOUtilsTest.java,IOUtilsTest.java,IOUtilsTest,testWriteBigString,4,0,void,,true,true,true,true
C:\Users\simon\Documents\Code\thesis-code\commons-io-master\src\test\java\org\apache\commons\io\IOUtilsTest.java,IOUtilsTest.java,IOUtilsTest,testWriteLines,5,0,void,,true,true,true,true
C:\Users\simon\Documents\Code\thesis-code\commons-io-master\src\test\java\org\apache\commons\io\IOUtilsTest.java,IOUtilsTest.java,IOUtilsTest,testWriteLittleString,2,0,void,,true,true,true,true
C:\Users\simon\Documents\Code\thesis-code\commons-io-master\src\test\java\org\apache\commons\io\IOUtilsWriteTest.java,IOUtilsWriteTest.java,IOUtilsWriteTest,testWrite_byteArrayToOutputStream,7,0,void,,true,true,true,true
C:\Users\simon\Documents\Code\thesis-code\commons-io-master\src\test\java\org\apache\commons\io\IOUtilsWriteTest.java,IOUtilsWriteTest.java,IOUtilsWriteTest,testWrite_byteArrayToOutputStream_nullData,6,0,void,,true,true,true,true
C:\Users\simon\Documents\Code\thesis-code\commons-io-master\src\test\java\org\apache\commons\io\IOUtilsWriteTest.java,IOUtilsWriteTest.java,IOUtilsWriteTest,testWrite_byteArrayToOutputStream_nullStream,1,0,void,,true,true,true,true
C:\Users\simon\Documents\Code\thesis-code\commons-io-master\src\test\java\org\apache\commons\io\IOUtilsWriteTest.java,IOUtilsWriteTest.java,IOUtilsWriteTest,testWrite_byteArrayToWriter,8,0,void,,true,true,true,true
C:\Users\simon\Documents\Code\thesis-code\commons-io-master\src\test\java\org\apache\commons\io\IOUtilsWriteTest.java,IOUtilsWriteTest.java,IOUtilsWriteTest,testWrite_byteArrayToWriter_Encoding,9,0,void,,true,true,true,true
C:\Users\simon\Documents\Code\thesis-code\commons-io-master\src\test\java\org\apache\commons\io\IOUtilsWriteTest.java,IOUtilsWriteTest.java,IOUtilsWriteTest,testWrite_byteArrayToWriter_Encoding_nullData,7,0,void,,true,true,true,true
C:\Users\simon\Documents\Code\thesis-code\commons-io-master\src\test\java\org\apache\commons\io\IOUtilsWriteTest.java,IOUtilsWriteTest.java,IOUtilsWriteTest,testWrite_byteArrayToWriter_Encoding_nullEncoding,8,0,void,,true,true,true,true
C:\Users\simon\Documents\Code\thesis-code\commons-io-master\src\test\java\org\apache\commons\io\IOUtilsWriteTest.java,IOUtilsWriteTest.java,IOUtilsWriteTest,testWrite_byteArrayToWriter_Encoding_nullWriter,1,0,void,,true,true,true,true
C:\Users\simon\Documents\Code\thesis-code\commons-io-master\src\test\java\org\apache\commons\io\IOUtilsWriteTest.java,IOUtilsWriteTest.java,IOUtilsWriteTest,testWrite_byteArrayToWriter_nullData,7,0,void,,true,true,true,true
C:\Users\simon\Documents\Code\thesis-code\commons-io-master\src\test\java\org\apache\commons\io\IOUtilsWriteTest.java,IOUtilsWriteTest.java,IOUtilsWriteTest,testWrite_byteArrayToWriter_nullWriter,1,0,void,,true,true,true,true
C:\Users\simon\Documents\Code\thesis-code\commons-io-master\src\test\java\org\apache\commons\io\IOUtilsWriteTest.java,IOUtilsWriteTest.java,IOUtilsWriteTest,testWrite_charArrayToOutputStream,8,0,void,,true,true,true,true
C:\Users\simon\Documents\Code\thesis-code\commons-io-master\src\test\java\org\apache\commons\io\IOUtilsWriteTest.java,IOUtilsWriteTest.java,IOUtilsWriteTest,testWrite_charArrayToOutputStream_Encoding,9,0,void,,true,true,true,true
C:\Users\simon\Documents\Code\thesis-code\commons-io-master\src\test\java\org\apache\commons\io\IOUtilsWriteTest.java,IOUtilsWriteTest.java,IOUtilsWriteTest,testWrite_charArrayToOutputStream_Encoding_nullData,6,0,void,,true,true,true,true
C:\Users\simon\Documents\Code\thesis-code\commons-io-master\src\test\java\org\apache\commons\io\IOUtilsWriteTest.java,IOUtilsWriteTest.java,IOUtilsWriteTest,testWrite_charArrayToOutputStream_Encoding_nullStream,2,0,void,,true,true,true,true
C:\Users\simon\Documents\Code\thesis-code\commons-io-master\src\test\java\org\apache\commons\io\IOUtilsWriteTest.java,IOUtilsWriteTest.java,IOUtilsWriteTest,testWrite_charArrayToOutputStream_nullData,6,0,void,,true,true,true,true
C:\Users\simon\Documents\Code\thesis-code\commons-io-master\src\test\java\org\apache\commons\io\IOUtilsWriteTest.java,IOUtilsWriteTest.java,IOUtilsWriteTest,testWrite_charArrayToOutputStream_nullEncoding,8,0,void,,true,true,true,true
C:\Users\simon\Documents\Code\thesis-code\commons-io-master\src\test\java\org\apache\commons\io\IOUtilsWriteTest.java,IOUtilsWriteTest.java,IOUtilsWriteTest,testWrite_charArrayToOutputStream_nullStream,2,0,void,,true,true,true,true
C:\Users\simon\Documents\Code\thesis-code\commons-io-master\src\test\java\org\apache\commons\io\IOUtilsWriteTest.java,IOUtilsWriteTest.java,IOUtilsWriteTest,testWrite_charArrayToWriter,9,0,void,,true,true,true,true
C:\Users\simon\Documents\Code\thesis-code\commons-io-master\src\test\java\org\apache\commons\io\IOUtilsWriteTest.java,IOUtilsWriteTest.java,IOUtilsWriteTest,testWrite_charArrayToWriter_Encoding_nullData,7,0,void,,true,true,true,true
C:\Users\simon\Documents\Code\thesis-code\commons-io-master\src\test\java\org\apache\commons\io\IOUtilsWriteTest.java,IOUtilsWriteTest.java,IOUtilsWriteTest,testWrite_charArrayToWriter_Encoding_nullStream,2,0,void,,true,true,true,true
C:\Users\simon\Documents\Code\thesis-code\commons-io-master\src\test\java\org\apache\commons\io\IOUtilsWriteTest.java,IOUtilsWriteTest.java,IOUtilsWriteTest,testWrite_charSequenceToOutputStream,8,0,void,,true,true,true,true
C:\Users\simon\Documents\Code\thesis-code\commons-io-master\src\test\java\org\apache\commons\io\IOUtilsWriteTest.java,IOUtilsWriteTest.java,IOUtilsWriteTest,testWrite_charSequenceToOutputStream_Encoding,9,0,void,,true,true,true,true
C:\Users\simon\Documents\Code\thesis-code\commons-io-master\src\test\java\org\apache\commons\io\IOUtilsWriteTest.java,IOUtilsWriteTest.java,IOUtilsWriteTest,testWrite_charSequenceToOutputStream_Encoding_nullData,6,0,void,,true,true,true,true
C:\Users\simon\Documents\Code\thesis-code\commons-io-master\src\test\java\org\apache\commons\io\IOUtilsWriteTest.java,IOUtilsWriteTest.java,IOUtilsWriteTest,testWrite_charSequenceToOutputStream_Encoding_nullStream,2,0,void,,true,true,true,true
C:\Users\simon\Documents\Code\thesis-code\commons-io-master\src\test\java\org\apache\commons\io\IOUtilsWriteTest.java,IOUtilsWriteTest.java,IOUtilsWriteTest,testWrite_charSequenceToOutputStream_nullData,6,0,void,,true,true,true,true
C:\Users\simon\Documents\Code\thesis-code\commons-io-master\src\test\java\org\apache\commons\io\IOUtilsWriteTest.java,IOUtilsWriteTest.java,IOUtilsWriteTest,testWrite_charSequenceToOutputStream_nullEncoding,8,0,void,,true,true,true,true
C:\Users\simon\Documents\Code\thesis-code\commons-io-master\src\test\java\org\apache\commons\io\IOUtilsWriteTest.java,IOUtilsWriteTest.java,IOUtilsWriteTest,testWrite_charSequenceToOutputStream_nullStream,2,0,void,,true,true,true,true
C:\Users\simon\Documents\Code\thesis-code\commons-io-master\src\test\java\org\apache\commons\io\IOUtilsWriteTest.java,IOUtilsWriteTest.java,IOUtilsWriteTest,testWrite_charSequenceToWriter,9,0,void,,true,true,true,true
C:\Users\simon\Documents\Code\thesis-code\commons-io-master\src\test\java\org\apache\commons\io\IOUtilsWriteTest.java,IOUtilsWriteTest.java,IOUtilsWriteTest,testWrite_charSequenceToWriter_Encoding_nullData,7,0,void,,true,true,true,true
C:\Users\simon\Documents\Code\thesis-code\commons-io-master\src\test\java\org\apache\commons\io\IOUtilsWriteTest.java,IOUtilsWriteTest.java,IOUtilsWriteTest,testWrite_charSequenceToWriter_Encoding_nullStream,2,0,void,,true,true,true,true
C:\Users\simon\Documents\Code\thesis-code\commons-io-master\src\test\java\org\apache\commons\io\IOUtilsWriteTest.java,IOUtilsWriteTest.java,IOUtilsWriteTest,testWrite_stringToOutputStream,8,0,void,,true,true,true,true
C:\Users\simon\Documents\Code\thesis-code\commons-io-master\src\test\java\org\apache\commons\io\IOUtilsWriteTest.java,IOUtilsWriteTest.java,IOUtilsWriteTest,testWrite_stringToOutputStream_Encoding,9,0,void,,true,true,true,true
C:\Users\simon\Documents\Code\thesis-code\commons-io-master\src\test\java\org\apache\commons\io\IOUtilsWriteTest.java,IOUtilsWriteTest.java,IOUtilsWriteTest,testWrite_stringToOutputStream_Encoding_nullData,6,0,void,,true,true,true,true
C:\Users\simon\Documents\Code\thesis-code\commons-io-master\src\test\java\org\apache\commons\io\IOUtilsWriteTest.java,IOUtilsWriteTest.java,IOUtilsWriteTest,testWrite_stringToOutputStream_Encoding_nullStream,2,0,void,,true,true,true,true
C:\Users\simon\Documents\Code\thesis-code\commons-io-master\src\test\java\org\apache\commons\io\IOUtilsWriteTest.java,IOUtilsWriteTest.java,IOUtilsWriteTest,testWrite_stringToOutputStream_nullData,6,0,void,,true,true,true,true
C:\Users\simon\Documents\Code\thesis-code\commons-io-master\src\test\java\org\apache\commons\io\IOUtilsWriteTest.java,IOUtilsWriteTest.java,IOUtilsWriteTest,testWrite_stringToOutputStream_nullEncoding,8,0,void,,true,true,true,true
C:\Users\simon\Documents\Code\thesis-code\commons-io-master\src\test\java\org\apache\commons\io\IOUtilsWriteTest.java,IOUtilsWriteTest.java,IOUtilsWriteTest,testWrite_stringToOutputStream_nullStream,2,0,void,,true,true,true,true
C:\Users\simon\Documents\Code\thesis-code\commons-io-master\src\test\java\org\apache\commons\io\IOUtilsWriteTest.java,IOUtilsWriteTest.java,IOUtilsWriteTest,testWrite_stringToWriter,9,0,void,,true,true,true,true
C:\Users\simon\Documents\Code\thesis-code\commons-io-master\src\test\java\org\apache\commons\io\IOUtilsWriteTest.java,IOUtilsWriteTest.java,IOUtilsWriteTest,testWrite_stringToWriter_Encoding_nullData,7,0,void,,true,true,true,true
C:\Users\simon\Documents\Code\thesis-code\commons-io-master\src\test\java\org\apache\commons\io\IOUtilsWriteTest.java,IOUtilsWriteTest.java,IOUtilsWriteTest,testWrite_stringToWriter_Encoding_nullStream,2,0,void,,true,true,true,true
C:\Users\simon\Documents\Code\thesis-code\commons-io-master\src\test\java\org\apache\commons\io\IOUtilsWriteTest.java,IOUtilsWriteTest.java,IOUtilsWriteTest,testWriteLines_OutputStream,10,0,void,,true,true,true,true
C:\Users\simon\Documents\Code\thesis-code\commons-io-master\src\test\java\org\apache\commons\io\IOUtilsWriteTest.java,IOUtilsWriteTest.java,IOUtilsWriteTest,testWriteLines_OutputStream_Encoding,10,0,void,,true,true,true,true
C:\Users\simon\Documents\Code\thesis-code\commons-io-master\src\test\java\org\apache\commons\io\IOUtilsWriteTest.java,IOUtilsWriteTest.java,IOUtilsWriteTest,testWriteLines_OutputStream_Encoding_nullData,6,0,void,,true,true,true,true
C:\Users\simon\Documents\Code\thesis-code\commons-io-master\src\test\java\org\apache\commons\io\IOUtilsWriteTest.java,IOUtilsWriteTest.java,IOUtilsWriteTest,testWriteLines_OutputStream_Encoding_nullEncoding,10,0,void,,true,true,true,true
C:\Users\simon\Documents\Code\thesis-code\commons-io-master\src\test\java\org\apache\commons\io\IOUtilsWriteTest.java,IOUtilsWriteTest.java,IOUtilsWriteTest,testWriteLines_OutputStream_Encoding_nullSeparator,10,0,void,,true,true,true,true
C:\Users\simon\Documents\Code\thesis-code\commons-io-master\src\test\java\org\apache\commons\io\IOUtilsWriteTest.java,IOUtilsWriteTest.java,IOUtilsWriteTest,testWriteLines_OutputStream_Encoding_nullStream,3,0,void,,true,true,true,true
C:\Users\simon\Documents\Code\thesis-code\commons-io-master\src\test\java\org\apache\commons\io\IOUtilsWriteTest.java,IOUtilsWriteTest.java,IOUtilsWriteTest,testWriteLines_OutputStream_nullData,6,0,void,,true,true,true,true
C:\Users\simon\Documents\Code\thesis-code\commons-io-master\src\test\java\org\apache\commons\io\IOUtilsWriteTest.java,IOUtilsWriteTest.java,IOUtilsWriteTest,testWriteLines_OutputStream_nullSeparator,10,0,void,,true,true,true,true
C:\Users\simon\Documents\Code\thesis-code\commons-io-master\src\test\java\org\apache\commons\io\IOUtilsWriteTest.java,IOUtilsWriteTest.java,IOUtilsWriteTest,testWriteLines_OutputStream_nullStream,3,0,void,,true,true,true,true
C:\Users\simon\Documents\Code\thesis-code\commons-io-master\src\test\java\org\apache\commons\io\IOUtilsWriteTest.java,IOUtilsWriteTest.java,IOUtilsWriteTest,testWriteLines_Writer,11,0,void,,true,true,true,true
C:\Users\simon\Documents\Code\thesis-code\commons-io-master\src\test\java\org\apache\commons\io\IOUtilsWriteTest.java,IOUtilsWriteTest.java,IOUtilsWriteTest,testWriteLines_Writer_nullData,7,0,void,,true,true,true,true
C:\Users\simon\Documents\Code\thesis-code\commons-io-master\src\test\java\org\apache\commons\io\IOUtilsWriteTest.java,IOUtilsWriteTest.java,IOUtilsWriteTest,testWriteLines_Writer_nullSeparator,11,0,void,,true,true,true,true
C:\Users\simon\Documents\Code\thesis-code\commons-io-master\src\test\java\org\apache\commons\io\IOUtilsWriteTest.java,IOUtilsWriteTest.java,IOUtilsWriteTest,testWriteLines_Writer_nullStream,3,0,void,,true,true,true,true
C:\Users\simon\Documents\Code\thesis-code\commons-io-master\src\test\java\org\apache\commons\io\LineIteratorTest.java,LineIteratorTest.java,LineIteratorTest,assertLines,1,2,void,private,false,false,true,true
C:\Users\simon\Documents\Code\thesis-code\commons-io-master\src\test\java\org\apache\commons\io\LineIteratorTest.java,LineIteratorTest.java,LineIteratorTest,createLinesFile,3,2,List<String>,private,false,false,true,true
C:\Users\simon\Documents\Code\thesis-code\commons-io-master\src\test\java\org\apache\commons\io\LineIteratorTest.java,LineIteratorTest.java,LineIteratorTest,createLinesFile,3,3,List<String>,private,false,false,true,true
C:\Users\simon\Documents\Code\thesis-code\commons-io-master\src\test\java\org\apache\commons\io\LineIteratorTest.java,LineIteratorTest.java,LineIteratorTest,createStringLines,3,1,List<String>,private,false,false,true,true
C:\Users\simon\Documents\Code\thesis-code\commons-io-master\src\test\java\org\apache\commons\io\LineIteratorTest.java,LineIteratorTest.java,LineIteratorTest,doTestFileWithSpecifiedLines,5,1,void,private,false,false,true,true
C:\Users\simon\Documents\Code\thesis-code\commons-io-master\src\test\java\org\apache\commons\io\LineIteratorTest.java,LineIteratorTest.java,LineIteratorTest,testCloseEarly,4,0,void,,true,true,true,true
C:\Users\simon\Documents\Code\thesis-code\commons-io-master\src\test\java\org\apache\commons\io\LineIteratorTest.java,LineIteratorTest.java,LineIteratorTest,testConstructor,1,0,void,,true,true,true,true
C:\Users\simon\Documents\Code\thesis-code\commons-io-master\src\test\java\org\apache\commons\io\LineIteratorTest.java,LineIteratorTest.java,LineIteratorTest,testFiltering,1,2,void,private,false,true,true,true
C:\Users\simon\Documents\Code\thesis-code\commons-io-master\src\test\java\org\apache\commons\io\LineIteratorTest.java,LineIteratorTest.java,LineIteratorTest,isValidLine,2,1,boolean,protected,false,false,true,true
C:\Users\simon\Documents\Code\thesis-code\commons-io-master\src\test\java\org\apache\commons\io\LineIteratorTest.java,LineIteratorTest.java,LineIteratorTest,testFilteringBufferedReader,6,0,void,,true,true,true,true
C:\Users\simon\Documents\Code\thesis-code\commons-io-master\src\test\java\org\apache\commons\io\LineIteratorTest.java,LineIteratorTest.java,LineIteratorTest,testFilteringFileReader,6,0,void,,true,true,true,true
C:\Users\simon\Documents\Code\thesis-code\commons-io-master\src\test\java\org\apache\commons\io\LineIteratorTest.java,LineIteratorTest.java,LineIteratorTest,testInvalidEncoding,4,0,void,,true,true,true,true
C:\Users\simon\Documents\Code\thesis-code\commons-io-master\src\test\java\org\apache\commons\io\LineIteratorTest.java,LineIteratorTest.java,LineIteratorTest,testMissingFile,2,0,void,,true,true,true,true
C:\Users\simon\Documents\Code\thesis-code\commons-io-master\src\test\java\org\apache\commons\io\LineIteratorTest.java,LineIteratorTest.java,LineIteratorTest,testNextLineOnlyDefaultEncoding,4,0,void,,true,true,true,true
C:\Users\simon\Documents\Code\thesis-code\commons-io-master\src\test\java\org\apache\commons\io\LineIteratorTest.java,LineIteratorTest.java,LineIteratorTest,testNextLineOnlyNullEncoding,5,0,void,,true,true,true,true
C:\Users\simon\Documents\Code\thesis-code\commons-io-master\src\test\java\org\apache\commons\io\LineIteratorTest.java,LineIteratorTest.java,LineIteratorTest,testNextLineOnlyUtf8Encoding,5,0,void,,true,true,true,true
C:\Users\simon\Documents\Code\thesis-code\commons-io-master\src\test\java\org\apache\commons\io\LineIteratorTest.java,LineIteratorTest.java,LineIteratorTest,testNextOnly,4,0,void,,true,true,true,true
C:\Users\simon\Documents\Code\thesis-code\commons-io-master\src\test\java\org\apache\commons\io\LineIteratorTest.java,LineIteratorTest.java,LineIteratorTest,testNextWithException,2,0,void,,true,true,true,true
C:\Users\simon\Documents\Code\thesis-code\commons-io-master\src\test\java\org\apache\commons\io\LineIteratorTest.java,LineIteratorTest.java,LineIteratorTest,readLine,1,0,String,public,false,false,true,true
C:\Users\simon\Documents\Code\thesis-code\commons-io-master\src\test\java\org\apache\commons\io\LineIteratorTest.java,LineIteratorTest.java,LineIteratorTest,testOneLines,1,0,void,,true,true,true,true
C:\Users\simon\Documents\Code\thesis-code\commons-io-master\src\test\java\org\apache\commons\io\LineIteratorTest.java,LineIteratorTest.java,LineIteratorTest,testThreeLines,1,0,void,,true,true,true,true
C:\Users\simon\Documents\Code\thesis-code\commons-io-master\src\test\java\org\apache\commons\io\LineIteratorTest.java,LineIteratorTest.java,LineIteratorTest,testTwoLines,1,0,void,,true,true,true,true
C:\Users\simon\Documents\Code\thesis-code\commons-io-master\src\test\java\org\apache\commons\io\LineIteratorTest.java,LineIteratorTest.java,LineIteratorTest,testValidEncoding,4,0,void,,true,true,true,true
C:\Users\simon\Documents\Code\thesis-code\commons-io-master\src\test\java\org\apache\commons\io\LineIteratorTest.java,LineIteratorTest.java,LineIteratorTest,testZeroLines,1,0,void,,true,true,true,true
C:\Users\simon\Documents\Code\thesis-code\commons-io-master\src\test\java\org\apache\commons\io\monitor\AbstractMonitorTest.java,AbstractMonitorTest.java,AbstractMonitorTest,checkCollectionsEmpty,1,1,void,protected,false,false,true,true
C:\Users\simon\Documents\Code\thesis-code\commons-io-master\src\test\java\org\apache\commons\io\monitor\AbstractMonitorTest.java,AbstractMonitorTest.java,AbstractMonitorTest,checkCollectionSizes,7,7,void,protected,false,false,true,true
C:\Users\simon\Documents\Code\thesis-code\commons-io-master\src\test\java\org\apache\commons\io\monitor\AbstractMonitorTest.java,AbstractMonitorTest.java,AbstractMonitorTest,createObserver,4,2,void,protected,false,false,true,true
C:\Users\simon\Documents\Code\thesis-code\commons-io-master\src\test\java\org\apache\commons\io\monitor\AbstractMonitorTest.java,AbstractMonitorTest.java,AbstractMonitorTest,setUp,8,0,void,public,false,false,true,true
C:\Users\simon\Documents\Code\thesis-code\commons-io-master\src\test\java\org\apache\commons\io\monitor\AbstractMonitorTest.java,AbstractMonitorTest.java,AbstractMonitorTest,touch,4,1,File,protected,false,false,true,true
C:\Users\simon\Documents\Code\thesis-code\commons-io-master\src\test\java\org\apache\commons\io\monitor\FileAlterationMonitorTest.java,FileAlterationMonitorTest.java,FileAlterationMonitorTest,checkFile,2,3,void,private,false,false,true,true
C:\Users\simon\Documents\Code\thesis-code\commons-io-master\src\test\java\org\apache\commons\io\monitor\FileAlterationMonitorTest.java,FileAlterationMonitorTest.java,FileAlterationMonitorTest,testAddRemoveObservers,18,0,void,,true,true,true,true
C:\Users\simon\Documents\Code\thesis-code\commons-io-master\src\test\java\org\apache\commons\io\monitor\FileAlterationMonitorTest.java,FileAlterationMonitorTest.java,FileAlterationMonitorTest,testCollectionConstructor,5,0,void,,true,true,true,true
C:\Users\simon\Documents\Code\thesis-code\commons-io-master\src\test\java\org\apache\commons\io\monitor\FileAlterationMonitorTest.java,FileAlterationMonitorTest.java,FileAlterationMonitorTest,testCollectionConstructorShouldDoNothingWithNullCollection,3,0,void,,true,true,true,true
C:\Users\simon\Documents\Code\thesis-code\commons-io-master\src\test\java\org\apache\commons\io\monitor\FileAlterationMonitorTest.java,FileAlterationMonitorTest.java,FileAlterationMonitorTest,testCollectionConstructorShouldDoNothingWithNullObservers,3,0,void,,true,true,true,true
C:\Users\simon\Documents\Code\thesis-code\commons-io-master\src\test\java\org\apache\commons\io\monitor\FileAlterationMonitorTest.java,FileAlterationMonitorTest.java,FileAlterationMonitorTest,testDefaultConstructor,2,0,void,,true,true,true,true
C:\Users\simon\Documents\Code\thesis-code\commons-io-master\src\test\java\org\apache\commons\io\monitor\FileAlterationMonitorTest.java,FileAlterationMonitorTest.java,FileAlterationMonitorTest,testMonitor,20,0,void,,true,true,true,true
C:\Users\simon\Documents\Code\thesis-code\commons-io-master\src\test\java\org\apache\commons\io\monitor\FileAlterationMonitorTest.java,FileAlterationMonitorTest.java,FileAlterationMonitorTest,testStopWhileWaitingForNextInterval,9,0,void,,true,true,true,true
C:\Users\simon\Documents\Code\thesis-code\commons-io-master\src\test\java\org\apache\commons\io\monitor\FileAlterationMonitorTest.java,FileAlterationMonitorTest.java,FileAlterationMonitorTest,newThread,4,1,Thread,public,false,false,true,true
C:\Users\simon\Documents\Code\thesis-code\commons-io-master\src\test\java\org\apache\commons\io\monitor\FileAlterationMonitorTest.java,FileAlterationMonitorTest.java,FileAlterationMonitorTest,testThreadFactory,15,0,void,,true,true,true,true
C:\Users\simon\Documents\Code\thesis-code\commons-io-master\src\test\java\org\apache\commons\io\monitor\FileAlterationObserverTest.java,FileAlterationObserverTest.java,FileAlterationObserverTest,checkAndNotify,1,0,void,protected,false,false,true,true
C:\Users\simon\Documents\Code\thesis-code\commons-io-master\src\test\java\org\apache\commons\io\monitor\FileAlterationObserverTest.java,FileAlterationObserverTest.java,FileAlterationObserverTest,directoryToUnixString,1,1,String,private,false,false,true,true
C:\Users\simon\Documents\Code\thesis-code\commons-io-master\src\test\java\org\apache\commons\io\monitor\FileAlterationObserverTest.java,FileAlterationObserverTest.java,FileAlterationObserverTest,testAddRemoveListeners,13,0,void,,true,true,true,true
C:\Users\simon\Documents\Code\thesis-code\commons-io-master\src\test\java\org\apache\commons\io\monitor\FileAlterationObserverTest.java,FileAlterationObserverTest.java,FileAlterationObserverTest,testBuilder_File,3,0,void,,true,true,true,true
C:\Users\simon\Documents\Code\thesis-code\commons-io-master\src\test\java\org\apache\commons\io\monitor\FileAlterationObserverTest.java,FileAlterationObserverTest.java,FileAlterationObserverTest,testBuilder_File_FileFilter,4,0,void,,true,true,true,true
C:\Users\simon\Documents\Code\thesis-code\commons-io-master\src\test\java\org\apache\commons\io\monitor\FileAlterationObserverTest.java,FileAlterationObserverTest.java,FileAlterationObserverTest,testBuilder_File_FileFilter_IOCase,5,0,void,,true,true,true,true
C:\Users\simon\Documents\Code\thesis-code\commons-io-master\src\test\java\org\apache\commons\io\monitor\FileAlterationObserverTest.java,FileAlterationObserverTest.java,FileAlterationObserverTest,testBuilder_String,3,0,void,,true,true,true,true
C:\Users\simon\Documents\Code\thesis-code\commons-io-master\src\test\java\org\apache\commons\io\monitor\FileAlterationObserverTest.java,FileAlterationObserverTest.java,FileAlterationObserverTest,testBuilder_String_FileFilter,4,0,void,,true,true,true,true
C:\Users\simon\Documents\Code\thesis-code\commons-io-master\src\test\java\org\apache\commons\io\monitor\FileAlterationObserverTest.java,FileAlterationObserverTest.java,FileAlterationObserverTest,testBuilder_String_FileFilter_IOCase,5,0,void,,true,true,true,true
C:\Users\simon\Documents\Code\thesis-code\commons-io-master\src\test\java\org\apache\commons\io\monitor\FileAlterationObserverTest.java,FileAlterationObserverTest.java,FileAlterationObserverTest,testConstructor_File,3,0,void,,true,true,true,true
C:\Users\simon\Documents\Code\thesis-code\commons-io-master\src\test\java\org\apache\commons\io\monitor\FileAlterationObserverTest.java,FileAlterationObserverTest.java,FileAlterationObserverTest,testConstructor_File_FileFilter,4,0,void,,true,true,true,true
C:\Users\simon\Documents\Code\thesis-code\commons-io-master\src\test\java\org\apache\commons\io\monitor\FileAlterationObserverTest.java,FileAlterationObserverTest.java,FileAlterationObserverTest,testConstructor_File_FileFilter_IOCase,5,0,void,,true,true,true,true
C:\Users\simon\Documents\Code\thesis-code\commons-io-master\src\test\java\org\apache\commons\io\monitor\FileAlterationObserverTest.java,FileAlterationObserverTest.java,FileAlterationObserverTest,testConstructor_String,3,0,void,,true,true,true,true
C:\Users\simon\Documents\Code\thesis-code\commons-io-master\src\test\java\org\apache\commons\io\monitor\FileAlterationObserverTest.java,FileAlterationObserverTest.java,FileAlterationObserverTest,testConstructor_String_FileFilter,4,0,void,,true,true,true,true
C:\Users\simon\Documents\Code\thesis-code\commons-io-master\src\test\java\org\apache\commons\io\monitor\FileAlterationObserverTest.java,FileAlterationObserverTest.java,FileAlterationObserverTest,testConstructor_String_FileFilter_IOCase,5,0,void,,true,true,true,true
C:\Users\simon\Documents\Code\thesis-code\commons-io-master\src\test\java\org\apache\commons\io\monitor\FileAlterationObserverTest.java,FileAlterationObserverTest.java,FileAlterationObserverTest,testDirectory,45,0,void,,true,true,true,true
C:\Users\simon\Documents\Code\thesis-code\commons-io-master\src\test\java\org\apache\commons\io\monitor\FileAlterationObserverTest.java,FileAlterationObserverTest.java,FileAlterationObserverTest,testFileCreate,43,0,void,,true,true,true,true
C:\Users\simon\Documents\Code\thesis-code\commons-io-master\src\test\java\org\apache\commons\io\monitor\FileAlterationObserverTest.java,FileAlterationObserverTest.java,FileAlterationObserverTest,testFileDelete,43,0,void,,true,true,true,true
C:\Users\simon\Documents\Code\thesis-code\commons-io-master\src\test\java\org\apache\commons\io\monitor\FileAlterationObserverTest.java,FileAlterationObserverTest.java,FileAlterationObserverTest,testFileUpdate,40,0,void,,true,true,true,true
C:\Users\simon\Documents\Code\thesis-code\commons-io-master\src\test\java\org\apache\commons\io\monitor\FileAlterationObserverTest.java,FileAlterationObserverTest.java,FileAlterationObserverTest,testObserveSingleFile,38,0,void,,true,true,true,true
C:\Users\simon\Documents\Code\thesis-code\commons-io-master\src\test\java\org\apache\commons\io\monitor\FileAlterationObserverTest.java,FileAlterationObserverTest.java,FileAlterationObserverTest,testToString,7,0,void,,true,true,true,true
C:\Users\simon\Documents\Code\thesis-code\commons-io-master\src\test\java\org\apache\commons\io\monitor\FileEntryTest.java,FileEntryTest.java,FileEntryTest,testSerializable,10,0,void,,true,true,true,true
C:\Users\simon\Documents\Code\thesis-code\commons-io-master\src\test\java\org\apache\commons\io\monitor\SerializableFileTimeTest.java,SerializableFileTimeTest.java,SerializableFileTimeTest,testSerializable,10,0,void,,true,true,true,true
C:\Users\simon\Documents\Code\thesis-code\commons-io-master\src\test\java\org\apache\commons\io\output\AppendableOutputStreamTest.java,AppendableOutputStreamTest.java,AppendableOutputStreamTest,setUp,1,0,void,public,false,false,true,true
C:\Users\simon\Documents\Code\thesis-code\commons-io-master\src\test\java\org\apache\commons\io\output\AppendableOutputStreamTest.java,AppendableOutputStreamTest.java,AppendableOutputStreamTest,testWriteInt,2,0,void,,true,true,true,true
C:\Users\simon\Documents\Code\thesis-code\commons-io-master\src\test\java\org\apache\commons\io\output\AppendableOutputStreamTest.java,AppendableOutputStreamTest.java,AppendableOutputStreamTest,testWriteStringBuilder,3,0,void,,true,true,true,true
C:\Users\simon\Documents\Code\thesis-code\commons-io-master\src\test\java\org\apache\commons\io\output\AppendableWriterTest.java,AppendableWriterTest.java,AppendableWriterTest,setUp,1,0,void,public,false,false,true,true
C:\Users\simon\Documents\Code\thesis-code\commons-io-master\src\test\java\org\apache\commons\io\output\AppendableWriterTest.java,AppendableWriterTest.java,AppendableWriterTest,testAppendChar,2,0,void,,true,true,true,true
C:\Users\simon\Documents\Code\thesis-code\commons-io-master\src\test\java\org\apache\commons\io\output\AppendableWriterTest.java,AppendableWriterTest.java,AppendableWriterTest,testAppendCharSequence,4,0,void,,true,true,true,true
C:\Users\simon\Documents\Code\thesis-code\commons-io-master\src\test\java\org\apache\commons\io\output\AppendableWriterTest.java,AppendableWriterTest.java,AppendableWriterTest,testAppendSubSequence,4,0,void,,true,true,true,true
C:\Users\simon\Documents\Code\thesis-code\commons-io-master\src\test\java\org\apache\commons\io\output\AppendableWriterTest.java,AppendableWriterTest.java,AppendableWriterTest,testWriteChars,3,0,void,,true,true,true,true
C:\Users\simon\Documents\Code\thesis-code\commons-io-master\src\test\java\org\apache\commons\io\output\AppendableWriterTest.java,AppendableWriterTest.java,AppendableWriterTest,testWriteInt,2,0,void,,true,true,true,true
C:\Users\simon\Documents\Code\thesis-code\commons-io-master\src\test\java\org\apache\commons\io\output\AppendableWriterTest.java,AppendableWriterTest.java,AppendableWriterTest,testWriteString,3,0,void,,true,true,true,true
C:\Users\simon\Documents\Code\thesis-code\commons-io-master\src\test\java\org\apache\commons\io\output\BrokenOutputStreamTest.java,BrokenOutputStreamTest.java,BrokenOutputStreamTest,createBrokenOutputStream,2,1,BrokenOutputStream,private; static,false,false,true,true
C:\Users\simon\Documents\Code\thesis-code\commons-io-master\src\test\java\org\apache\commons\io\output\BrokenOutputStreamTest.java,BrokenOutputStreamTest.java,BrokenOutputStreamTest,testClose,3,1,void,,false,true,true,true
C:\Users\simon\Documents\Code\thesis-code\commons-io-master\src\test\java\org\apache\commons\io\output\BrokenOutputStreamTest.java,BrokenOutputStreamTest.java,BrokenOutputStreamTest,testFlush,3,1,void,,false,true,true,true
C:\Users\simon\Documents\Code\thesis-code\commons-io-master\src\test\java\org\apache\commons\io\output\BrokenOutputStreamTest.java,BrokenOutputStreamTest.java,BrokenOutputStreamTest,testInstance,1,0,void,,true,true,true,true
C:\Users\simon\Documents\Code\thesis-code\commons-io-master\src\test\java\org\apache\commons\io\output\BrokenOutputStreamTest.java,BrokenOutputStreamTest.java,BrokenOutputStreamTest,testTryWithResources,6,0,void,,true,true,true,true
C:\Users\simon\Documents\Code\thesis-code\commons-io-master\src\test\java\org\apache\commons\io\output\BrokenOutputStreamTest.java,BrokenOutputStreamTest.java,BrokenOutputStreamTest,testWriteByteArray,3,1,void,,false,true,true,true
C:\Users\simon\Documents\Code\thesis-code\commons-io-master\src\test\java\org\apache\commons\io\output\BrokenOutputStreamTest.java,BrokenOutputStreamTest.java,BrokenOutputStreamTest,testWriteByteArrayIndexed,3,1,void,,false,true,true,true
C:\Users\simon\Documents\Code\thesis-code\commons-io-master\src\test\java\org\apache\commons\io\output\BrokenOutputStreamTest.java,BrokenOutputStreamTest.java,BrokenOutputStreamTest,testWriteInt,3,1,void,,false,true,true,true
C:\Users\simon\Documents\Code\thesis-code\commons-io-master\src\test\java\org\apache\commons\io\output\BrokenWriterTest.java,BrokenWriterTest.java,BrokenWriterTest,createBrokenWriter,2,1,BrokenWriter,private; static,false,false,true,true
C:\Users\simon\Documents\Code\thesis-code\commons-io-master\src\test\java\org\apache\commons\io\output\BrokenWriterTest.java,BrokenWriterTest.java,BrokenWriterTest,testAppendChar,3,1,void,,false,true,true,true
C:\Users\simon\Documents\Code\thesis-code\commons-io-master\src\test\java\org\apache\commons\io\output\BrokenWriterTest.java,BrokenWriterTest.java,BrokenWriterTest,testAppendCharSequence,4,1,void,,false,true,true,true
C:\Users\simon\Documents\Code\thesis-code\commons-io-master\src\test\java\org\apache\commons\io\output\BrokenWriterTest.java,BrokenWriterTest.java,BrokenWriterTest,testAppendCharSequenceIndexed,4,1,void,,false,true,true,true
C:\Users\simon\Documents\Code\thesis-code\commons-io-master\src\test\java\org\apache\commons\io\output\BrokenWriterTest.java,BrokenWriterTest.java,BrokenWriterTest,testClose,3,1,void,,false,true,true,true
C:\Users\simon\Documents\Code\thesis-code\commons-io-master\src\test\java\org\apache\commons\io\output\BrokenWriterTest.java,BrokenWriterTest.java,BrokenWriterTest,testFlush,3,1,void,,false,true,true,true
C:\Users\simon\Documents\Code\thesis-code\commons-io-master\src\test\java\org\apache\commons\io\output\BrokenWriterTest.java,BrokenWriterTest.java,BrokenWriterTest,testInstance,1,0,void,,true,true,true,true
C:\Users\simon\Documents\Code\thesis-code\commons-io-master\src\test\java\org\apache\commons\io\output\BrokenWriterTest.java,BrokenWriterTest.java,BrokenWriterTest,testTryWithResources,6,0,void,,true,true,true,true
C:\Users\simon\Documents\Code\thesis-code\commons-io-master\src\test\java\org\apache\commons\io\output\BrokenWriterTest.java,BrokenWriterTest.java,BrokenWriterTest,testWriteCharArray,3,1,void,,false,true,true,true
C:\Users\simon\Documents\Code\thesis-code\commons-io-master\src\test\java\org\apache\commons\io\output\BrokenWriterTest.java,BrokenWriterTest.java,BrokenWriterTest,testWriteCharArrayIndexed,8,1,void,,false,true,true,true
C:\Users\simon\Documents\Code\thesis-code\commons-io-master\src\test\java\org\apache\commons\io\output\BrokenWriterTest.java,BrokenWriterTest.java,BrokenWriterTest,testWriteInt,3,1,void,,false,true,true,true
C:\Users\simon\Documents\Code\thesis-code\commons-io-master\src\test\java\org\apache\commons\io\output\BrokenWriterTest.java,BrokenWriterTest.java,BrokenWriterTest,testWriteString,3,1,void,,false,true,true,true
C:\Users\simon\Documents\Code\thesis-code\commons-io-master\src\test\java\org\apache\commons\io\output\BrokenWriterTest.java,BrokenWriterTest.java,BrokenWriterTest,testWriteStringIndexed,3,1,void,,false,true,true,true
C:\Users\simon\Documents\Code\thesis-code\commons-io-master\src\test\java\org\apache\commons\io\output\ByteArrayOutputStreamTest.java,ByteArrayOutputStreamTest.java,UnsynchronizedByteArrayOutputStreamFactory,newInstance,0,0,T,,false,false,true,false
C:\Users\simon\Documents\Code\thesis-code\commons-io-master\src\test\java\org\apache\commons\io\output\ByteArrayOutputStreamTest.java,ByteArrayOutputStreamTest.java,UnsynchronizedByteArrayOutputStreamFactory,newInstance,0,1,T,,false,false,true,false
C:\Users\simon\Documents\Code\thesis-code\commons-io-master\src\test\java\org\apache\commons\io\output\ByteArrayOutputStreamTest.java,ByteArrayOutputStreamTest.java,UnsynchronizedByteArrayOutputStreamFactory,newInstance,1,0,ByteArrayOutputStream,public,false,false,true,false
C:\Users\simon\Documents\Code\thesis-code\commons-io-master\src\test\java\org\apache\commons\io\output\ByteArrayOutputStreamTest.java,ByteArrayOutputStreamTest.java,UnsynchronizedByteArrayOutputStreamFactory,newInstance,1,1,ByteArrayOutputStream,public,false,false,true,false
C:\Users\simon\Documents\Code\thesis-code\commons-io-master\src\test\java\org\apache\commons\io\output\ByteArrayOutputStreamTest.java,ByteArrayOutputStreamTest.java,UnsynchronizedByteArrayOutputStreamFactory,newInstance,1,0,UnsynchronizedByteArrayOutputStream,public,false,false,true,false
C:\Users\simon\Documents\Code\thesis-code\commons-io-master\src\test\java\org\apache\commons\io\output\ByteArrayOutputStreamTest.java,ByteArrayOutputStreamTest.java,UnsynchronizedByteArrayOutputStreamFactory,newInstance,1,1,UnsynchronizedByteArrayOutputStream,public,false,false,true,false
C:\Users\simon\Documents\Code\thesis-code\commons-io-master\src\test\java\org\apache\commons\io\output\ByteArrayOutputStreamTest.java,ByteArrayOutputStreamTest.java,UnsynchronizedByteArrayOutputStreamFactory,baosFactories,1,0,Stream<Arguments>,private; static,false,false,true,false
C:\Users\simon\Documents\Code\thesis-code\commons-io-master\src\test\java\org\apache\commons\io\output\ByteArrayOutputStreamTest.java,ByteArrayOutputStreamTest.java,UnsynchronizedByteArrayOutputStreamFactory,byteCmp,2,2,boolean,private; static,false,false,true,false
C:\Users\simon\Documents\Code\thesis-code\commons-io-master\src\test\java\org\apache\commons\io\output\ByteArrayOutputStreamTest.java,ByteArrayOutputStreamTest.java,UnsynchronizedByteArrayOutputStreamFactory,toBufferedInputStreamFunctionFactories,7,0,Stream<Arguments>,private; static,false,false,true,false
C:\Users\simon\Documents\Code\thesis-code\commons-io-master\src\test\java\org\apache\commons\io\output\ByteArrayOutputStreamTest.java,ByteArrayOutputStreamTest.java,UnsynchronizedByteArrayOutputStreamFactory,checkByteArrays,2,2,void,private,false,false,true,false
C:\Users\simon\Documents\Code\thesis-code\commons-io-master\src\test\java\org\apache\commons\io\output\ByteArrayOutputStreamTest.java,ByteArrayOutputStreamTest.java,UnsynchronizedByteArrayOutputStreamFactory,checkStreams,4,2,void,private,false,false,true,false
C:\Users\simon\Documents\Code\thesis-code\commons-io-master\src\test\java\org\apache\commons\io\output\ByteArrayOutputStreamTest.java,ByteArrayOutputStreamTest.java,UnsynchronizedByteArrayOutputStreamFactory,testInvalidParameterizedConstruction,1,2,void,,false,true,true,false
C:\Users\simon\Documents\Code\thesis-code\commons-io-master\src\test\java\org\apache\commons\io\output\ByteArrayOutputStreamTest.java,ByteArrayOutputStreamTest.java,UnsynchronizedByteArrayOutputStreamFactory,testInvalidWriteLenUnder,1,2,void,,false,true,true,false
C:\Users\simon\Documents\Code\thesis-code\commons-io-master\src\test\java\org\apache\commons\io\output\ByteArrayOutputStreamTest.java,ByteArrayOutputStreamTest.java,UnsynchronizedByteArrayOutputStreamFactory,testInvalidWriteOffsetAndLenOver,1,2,void,,false,true,true,false
C:\Users\simon\Documents\Code\thesis-code\commons-io-master\src\test\java\org\apache\commons\io\output\ByteArrayOutputStreamTest.java,ByteArrayOutputStreamTest.java,UnsynchronizedByteArrayOutputStreamFactory,testInvalidWriteOffsetAndLenUnder,1,2,void,,false,true,true,false
C:\Users\simon\Documents\Code\thesis-code\commons-io-master\src\test\java\org\apache\commons\io\output\ByteArrayOutputStreamTest.java,ByteArrayOutputStreamTest.java,UnsynchronizedByteArrayOutputStreamFactory,testInvalidWriteOffsetOver,1,2,void,,false,true,true,false
C:\Users\simon\Documents\Code\thesis-code\commons-io-master\src\test\java\org\apache\commons\io\output\ByteArrayOutputStreamTest.java,ByteArrayOutputStreamTest.java,UnsynchronizedByteArrayOutputStreamFactory,testInvalidWriteOffsetUnder,1,2,void,,false,true,true,false
C:\Users\simon\Documents\Code\thesis-code\commons-io-master\src\test\java\org\apache\commons\io\output\ByteArrayOutputStreamTest.java,ByteArrayOutputStreamTest.java,UnsynchronizedByteArrayOutputStreamFactory,testToBufferedInputStream,2,2,void,,false,true,true,false
C:\Users\simon\Documents\Code\thesis-code\commons-io-master\src\test\java\org\apache\commons\io\output\ByteArrayOutputStreamTest.java,ByteArrayOutputStreamTest.java,UnsynchronizedByteArrayOutputStreamFactory,testToBufferedInputStreamEmpty,1,2,void,,false,true,true,false
C:\Users\simon\Documents\Code\thesis-code\commons-io-master\src\test\java\org\apache\commons\io\output\ByteArrayOutputStreamTest.java,ByteArrayOutputStreamTest.java,UnsynchronizedByteArrayOutputStreamFactory,testToBufferedInputStreamEmptyFile,2,3,void,,false,true,true,false
C:\Users\simon\Documents\Code\thesis-code\commons-io-master\src\test\java\org\apache\commons\io\output\ByteArrayOutputStreamTest.java,ByteArrayOutputStreamTest.java,UnsynchronizedByteArrayOutputStreamFactory,testToInputStream,1,2,void,,false,true,true,false
C:\Users\simon\Documents\Code\thesis-code\commons-io-master\src\test\java\org\apache\commons\io\output\ByteArrayOutputStreamTest.java,ByteArrayOutputStreamTest.java,UnsynchronizedByteArrayOutputStreamFactory,testToInputStreamEmpty,1,2,void,,false,true,true,false
C:\Users\simon\Documents\Code\thesis-code\commons-io-master\src\test\java\org\apache\commons\io\output\ByteArrayOutputStreamTest.java,ByteArrayOutputStreamTest.java,UnsynchronizedByteArrayOutputStreamFactory,testToInputStreamWithReset,1,2,void,,false,true,true,false
C:\Users\simon\Documents\Code\thesis-code\commons-io-master\src\test\java\org\apache\commons\io\output\ByteArrayOutputStreamTest.java,ByteArrayOutputStreamTest.java,UnsynchronizedByteArrayOutputStreamFactory,testWriteByte,2,2,void,,false,true,true,false
C:\Users\simon\Documents\Code\thesis-code\commons-io-master\src\test\java\org\apache\commons\io\output\ByteArrayOutputStreamTest.java,ByteArrayOutputStreamTest.java,UnsynchronizedByteArrayOutputStreamFactory,testWriteByteArray,2,2,void,,false,true,true,false
C:\Users\simon\Documents\Code\thesis-code\commons-io-master\src\test\java\org\apache\commons\io\output\ByteArrayOutputStreamTest.java,ByteArrayOutputStreamTest.java,UnsynchronizedByteArrayOutputStreamFactory,testWriteByteArrayIndex,2,2,void,,false,true,true,false
C:\Users\simon\Documents\Code\thesis-code\commons-io-master\src\test\java\org\apache\commons\io\output\ByteArrayOutputStreamTest.java,ByteArrayOutputStreamTest.java,UnsynchronizedByteArrayOutputStreamFactory,testWriteStringCharset,2,2,void,,false,true,true,false
C:\Users\simon\Documents\Code\thesis-code\commons-io-master\src\test\java\org\apache\commons\io\output\ByteArrayOutputStreamTest.java,ByteArrayOutputStreamTest.java,UnsynchronizedByteArrayOutputStreamFactory,testWriteZero,1,2,void,,false,true,true,false
C:\Users\simon\Documents\Code\thesis-code\commons-io-master\src\test\java\org\apache\commons\io\output\ByteArrayOutputStreamTest.java,ByteArrayOutputStreamTest.java,UnsynchronizedByteArrayOutputStreamFactory,writeByte,4,3,int,private,false,false,true,false
C:\Users\simon\Documents\Code\thesis-code\commons-io-master\src\test\java\org\apache\commons\io\output\ByteArrayOutputStreamTest.java,ByteArrayOutputStreamTest.java,UnsynchronizedByteArrayOutputStreamFactory,writeByte,3,3,int,private,false,false,true,false
C:\Users\simon\Documents\Code\thesis-code\commons-io-master\src\test\java\org\apache\commons\io\output\ByteArrayOutputStreamTest.java,ByteArrayOutputStreamTest.java,UnsynchronizedByteArrayOutputStreamFactory,writeByteArray,5,3,int,private,false,false,true,false
C:\Users\simon\Documents\Code\thesis-code\commons-io-master\src\test\java\org\apache\commons\io\output\ByteArrayOutputStreamTest.java,ByteArrayOutputStreamTest.java,UnsynchronizedByteArrayOutputStreamFactory,writeByteArray,3,3,int,private,false,false,true,false
C:\Users\simon\Documents\Code\thesis-code\commons-io-master\src\test\java\org\apache\commons\io\output\ByteArrayOutputStreamTest.java,ByteArrayOutputStreamTest.java,UnsynchronizedByteArrayOutputStreamFactory,writeByteArrayIndex,5,3,int,private,false,false,true,false
C:\Users\simon\Documents\Code\thesis-code\commons-io-master\src\test\java\org\apache\commons\io\output\ByteArrayOutputStreamTest.java,ByteArrayOutputStreamTest.java,UnsynchronizedByteArrayOutputStreamFactory,writeByteArrayIndex,3,3,int,private,false,false,true,false
C:\Users\simon\Documents\Code\thesis-code\commons-io-master\src\test\java\org\apache\commons\io\output\ByteArrayOutputStreamTest.java,ByteArrayOutputStreamTest.java,UnsynchronizedByteArrayOutputStreamFactory,writeStringCharset,9,3,int,private,false,false,true,false
C:\Users\simon\Documents\Code\thesis-code\commons-io-master\src\test\java\org\apache\commons\io\output\ByteArrayOutputStreamTest.java,ByteArrayOutputStreamTest.java,UnsynchronizedByteArrayOutputStreamFactory,writeStringCharset,3,3,int,private,false,false,true,false
C:\Users\simon\Documents\Code\thesis-code\commons-io-master\src\test\java\org\apache\commons\io\output\ChunkedOutputStreamTest.java,ChunkedOutputStreamTest.java,ChunkedOutputStreamTest,newByteArrayOutputStream,1,1,ByteArrayOutputStream,private,false,false,true,true
C:\Users\simon\Documents\Code\thesis-code\commons-io-master\src\test\java\org\apache\commons\io\output\ChunkedOutputStreamTest.java,ChunkedOutputStreamTest.java,ChunkedOutputStreamTest,write,2,3,void,public,false,false,true,true
C:\Users\simon\Documents\Code\thesis-code\commons-io-master\src\test\java\org\apache\commons\io\output\ChunkedOutputStreamTest.java,ChunkedOutputStreamTest.java,ChunkedOutputStreamTest,testBuildSetByteArrayOutputStream,3,0,void,,true,true,true,true
C:\Users\simon\Documents\Code\thesis-code\commons-io-master\src\test\java\org\apache\commons\io\output\ChunkedOutputStreamTest.java,ChunkedOutputStreamTest.java,ChunkedOutputStreamTest,testBuildSetPath,1,0,void,,true,true,true,true
C:\Users\simon\Documents\Code\thesis-code\commons-io-master\src\test\java\org\apache\commons\io\output\ChunkedOutputStreamTest.java,ChunkedOutputStreamTest.java,ChunkedOutputStreamTest,testDefaultConstructor,2,0,void,,true,true,true,true
C:\Users\simon\Documents\Code\thesis-code\commons-io-master\src\test\java\org\apache\commons\io\output\ChunkedOutputStreamTest.java,ChunkedOutputStreamTest.java,ChunkedOutputStreamTest,testNegativeChunkSize,2,0,void,,true,true,true,true
C:\Users\simon\Documents\Code\thesis-code\commons-io-master\src\test\java\org\apache\commons\io\output\ChunkedOutputStreamTest.java,ChunkedOutputStreamTest.java,ChunkedOutputStreamTest,testWriteFourChunks,2,0,void,,true,true,true,true
C:\Users\simon\Documents\Code\thesis-code\commons-io-master\src\test\java\org\apache\commons\io\output\ChunkedOutputStreamTest.java,ChunkedOutputStreamTest.java,ChunkedOutputStreamTest,testZeroChunkSize,2,0,void,,true,true,true,true
C:\Users\simon\Documents\Code\thesis-code\commons-io-master\src\test\java\org\apache\commons\io\output\ChunkedWriterTest.java,ChunkedWriterTest.java,ChunkedWriterTest,getOutputStreamWriter,2,1,OutputStreamWriter,private,false,false,true,true
C:\Users\simon\Documents\Code\thesis-code\commons-io-master\src\test\java\org\apache\commons\io\output\ChunkedWriterTest.java,ChunkedWriterTest.java,ChunkedWriterTest,write,2,3,void,public,false,false,true,true
C:\Users\simon\Documents\Code\thesis-code\commons-io-master\src\test\java\org\apache\commons\io\output\ChunkedWriterTest.java,ChunkedWriterTest.java,ChunkedWriterTest,testNegative_chunkSize_not_permitted,1,0,void,,true,true,true,true
C:\Users\simon\Documents\Code\thesis-code\commons-io-master\src\test\java\org\apache\commons\io\output\ChunkedWriterTest.java,ChunkedWriterTest.java,ChunkedWriterTest,testWrite_four_chunks,2,0,void,,true,true,true,true
C:\Users\simon\Documents\Code\thesis-code\commons-io-master\src\test\java\org\apache\commons\io\output\ChunkedWriterTest.java,ChunkedWriterTest.java,ChunkedWriterTest,testWrite_two_chunks_default_constructor,2,0,void,,true,true,true,true
C:\Users\simon\Documents\Code\thesis-code\commons-io-master\src\test\java\org\apache\commons\io\output\ClosedOutputStreamTest.java,ClosedOutputStreamTest.java,ClosedOutputStreamTest,testFlush,1,0,void,,true,true,true,true
C:\Users\simon\Documents\Code\thesis-code\commons-io-master\src\test\java\org\apache\commons\io\output\ClosedOutputStreamTest.java,ClosedOutputStreamTest.java,ClosedOutputStreamTest,testSingleton,2,0,void,,true,true,true,true
C:\Users\simon\Documents\Code\thesis-code\commons-io-master\src\test\java\org\apache\commons\io\output\ClosedOutputStreamTest.java,ClosedOutputStreamTest.java,ClosedOutputStreamTest,testWrite,1,0,void,,true,true,true,true
C:\Users\simon\Documents\Code\thesis-code\commons-io-master\src\test\java\org\apache\commons\io\output\ClosedOutputStreamTest.java,ClosedOutputStreamTest.java,ClosedOutputStreamTest,testWriteArray,1,0,void,,true,true,true,true
C:\Users\simon\Documents\Code\thesis-code\commons-io-master\src\test\java\org\apache\commons\io\output\ClosedOutputStreamTest.java,ClosedOutputStreamTest.java,ClosedOutputStreamTest,testWriteArrayIndex,1,0,void,,true,true,true,true
C:\Users\simon\Documents\Code\thesis-code\commons-io-master\src\test\java\org\apache\commons\io\output\ClosedWriterTest.java,ClosedWriterTest.java,ClosedWriterTest,testFlush,1,0,void,,true,true,true,true
C:\Users\simon\Documents\Code\thesis-code\commons-io-master\src\test\java\org\apache\commons\io\output\ClosedWriterTest.java,ClosedWriterTest.java,ClosedWriterTest,testWrite,1,0,void,,true,true,true,true
C:\Users\simon\Documents\Code\thesis-code\commons-io-master\src\test\java\org\apache\commons\io\output\CloseShieldOutputStreamTest.java,CloseShieldOutputStreamTest.java,CloseShieldOutputStreamTest,setUp,3,0,void,public,false,false,true,true
C:\Users\simon\Documents\Code\thesis-code\commons-io-master\src\test\java\org\apache\commons\io\output\CloseShieldOutputStreamTest.java,CloseShieldOutputStreamTest.java,CloseShieldOutputStreamTest,close,1,0,void,public,false,false,true,true
C:\Users\simon\Documents\Code\thesis-code\commons-io-master\src\test\java\org\apache\commons\io\output\CloseShieldOutputStreamTest.java,CloseShieldOutputStreamTest.java,CloseShieldOutputStreamTest,testClose,6,0,void,,true,true,true,true
C:\Users\simon\Documents\Code\thesis-code\commons-io-master\src\test\java\org\apache\commons\io\output\CloseShieldWriterTest.java,CloseShieldWriterTest.java,CloseShieldWriterTest,setUp,2,0,void,public,false,false,true,true
C:\Users\simon\Documents\Code\thesis-code\commons-io-master\src\test\java\org\apache\commons\io\output\CloseShieldWriterTest.java,CloseShieldWriterTest.java,CloseShieldWriterTest,testClose,6,0,void,,true,true,true,true
C:\Users\simon\Documents\Code\thesis-code\commons-io-master\src\test\java\org\apache\commons\io\output\CountingOutputStreamTest.java,CountingOutputStreamTest.java,CountingOutputStreamTest,assertByteArrayEquals,1,4,void,private,false,false,true,true
C:\Users\simon\Documents\Code\thesis-code\commons-io-master\src\test\java\org\apache\commons\io\output\CountingOutputStreamTest.java,CountingOutputStreamTest.java,CountingOutputStreamTest,testCounting,2,0,void,,true,true,true,true
C:\Users\simon\Documents\Code\thesis-code\commons-io-master\src\test\java\org\apache\commons\io\output\CountingOutputStreamTest.java,CountingOutputStreamTest.java,CountingOutputStreamTest,testLargeFiles_IO84,10,0,void,,true,true,true,true
C:\Users\simon\Documents\Code\thesis-code\commons-io-master\src\test\java\org\apache\commons\io\output\DeferredFileOutputStreamTest.java,DeferredFileOutputStreamTest.java,DeferredFileOutputStreamTest,assertDeferredInitialState,1,1,void,private; static,false,false,true,true
C:\Users\simon\Documents\Code\thesis-code\commons-io-master\src\test\java\org\apache\commons\io\output\DeferredFileOutputStreamTest.java,DeferredFileOutputStreamTest.java,DeferredFileOutputStreamTest,data,1,0,IntStream,public; static,false,false,true,true
C:\Users\simon\Documents\Code\thesis-code\commons-io-master\src\test\java\org\apache\commons\io\output\DeferredFileOutputStreamTest.java,DeferredFileOutputStreamTest.java,DeferredFileOutputStreamTest,testAboveThreshold,3,1,void,,false,true,true,true
C:\Users\simon\Documents\Code\thesis-code\commons-io-master\src\test\java\org\apache\commons\io\output\DeferredFileOutputStreamTest.java,DeferredFileOutputStreamTest.java,DeferredFileOutputStreamTest,testAboveThresholdGetInputStream,3,2,void,,false,true,true,true
C:\Users\simon\Documents\Code\thesis-code\commons-io-master\src\test\java\org\apache\commons\io\output\DeferredFileOutputStreamTest.java,DeferredFileOutputStreamTest.java,DeferredFileOutputStreamTest,testAtThreshold,2,1,void,,false,true,true,true
C:\Users\simon\Documents\Code\thesis-code\commons-io-master\src\test\java\org\apache\commons\io\output\DeferredFileOutputStreamTest.java,DeferredFileOutputStreamTest.java,DeferredFileOutputStreamTest,testBelowThreshold,2,1,void,,false,true,true,true
C:\Users\simon\Documents\Code\thesis-code\commons-io-master\src\test\java\org\apache\commons\io\output\DeferredFileOutputStreamTest.java,DeferredFileOutputStreamTest.java,DeferredFileOutputStreamTest,testBelowThresholdGetInputStream,2,1,void,,false,true,true,true
C:\Users\simon\Documents\Code\thesis-code\commons-io-master\src\test\java\org\apache\commons\io\output\DeferredFileOutputStreamTest.java,DeferredFileOutputStreamTest.java,DeferredFileOutputStreamTest,testTempFileAboveThreshold,4,1,void,,false,true,true,true
C:\Users\simon\Documents\Code\thesis-code\commons-io-master\src\test\java\org\apache\commons\io\output\DeferredFileOutputStreamTest.java,DeferredFileOutputStreamTest.java,DeferredFileOutputStreamTest,testTempFileAboveThresholdPrefixOnly,4,1,void,,false,true,true,true
C:\Users\simon\Documents\Code\thesis-code\commons-io-master\src\test\java\org\apache\commons\io\output\DeferredFileOutputStreamTest.java,DeferredFileOutputStreamTest.java,DeferredFileOutputStreamTest,testTempFileBelowThreshold,4,1,void,,false,true,true,true
C:\Users\simon\Documents\Code\thesis-code\commons-io-master\src\test\java\org\apache\commons\io\output\DeferredFileOutputStreamTest.java,DeferredFileOutputStreamTest.java,DeferredFileOutputStreamTest,testTempFileError,3,0,void,,true,true,true,true
C:\Users\simon\Documents\Code\thesis-code\commons-io-master\src\test\java\org\apache\commons\io\output\DeferredFileOutputStreamTest.java,DeferredFileOutputStreamTest.java,DeferredFileOutputStreamTest,testThresholdNegative,2,1,void,,false,true,true,true
C:\Users\simon\Documents\Code\thesis-code\commons-io-master\src\test\java\org\apache\commons\io\output\DeferredFileOutputStreamTest.java,DeferredFileOutputStreamTest.java,DeferredFileOutputStreamTest,testThresholdReached,3,1,void,,false,true,true,true
C:\Users\simon\Documents\Code\thesis-code\commons-io-master\src\test\java\org\apache\commons\io\output\DeferredFileOutputStreamTest.java,DeferredFileOutputStreamTest.java,DeferredFileOutputStreamTest,testWriteToLarge,3,1,void,,false,true,true,true
C:\Users\simon\Documents\Code\thesis-code\commons-io-master\src\test\java\org\apache\commons\io\output\DeferredFileOutputStreamTest.java,DeferredFileOutputStreamTest.java,DeferredFileOutputStreamTest,testWriteToLargeCtor,3,1,void,,false,true,true,true
C:\Users\simon\Documents\Code\thesis-code\commons-io-master\src\test\java\org\apache\commons\io\output\DeferredFileOutputStreamTest.java,DeferredFileOutputStreamTest.java,DeferredFileOutputStreamTest,testWriteToSmall,3,1,void,,false,true,true,true
C:\Users\simon\Documents\Code\thesis-code\commons-io-master\src\test\java\org\apache\commons\io\output\DeferredFileOutputStreamTest.java,DeferredFileOutputStreamTest.java,DeferredFileOutputStreamTest,verifyResultFile,1,1,void,private,false,false,true,true
C:\Users\simon\Documents\Code\thesis-code\commons-io-master\src\test\java\org\apache\commons\io\output\FileWriterWithEncodingTest.java,FileWriterWithEncodingTest.java,FileWriterWithEncodingTest,setUp,8,0,void,public,false,false,true,true
C:\Users\simon\Documents\Code\thesis-code\commons-io-master\src\test\java\org\apache\commons\io\output\FileWriterWithEncodingTest.java,FileWriterWithEncodingTest.java,FileWriterWithEncodingTest,successfulRun,3,1,void,private,false,false,true,true
C:\Users\simon\Documents\Code\thesis-code\commons-io-master\src\test\java\org\apache\commons\io\output\FileWriterWithEncodingTest.java,FileWriterWithEncodingTest.java,FileWriterWithEncodingTest,testConstructor_File_directory,4,0,void,,true,true,true,true
C:\Users\simon\Documents\Code\thesis-code\commons-io-master\src\test\java\org\apache\commons\io\output\FileWriterWithEncodingTest.java,FileWriterWithEncodingTest.java,FileWriterWithEncodingTest,testConstructor_File_encoding_badEncoding,2,0,void,,true,true,true,true
C:\Users\simon\Documents\Code\thesis-code\commons-io-master\src\test\java\org\apache\commons\io\output\FileWriterWithEncodingTest.java,FileWriterWithEncodingTest.java,FileWriterWithEncodingTest,testConstructor_File_existingFile_withContent,6,0,void,,true,true,true,true
C:\Users\simon\Documents\Code\thesis-code\commons-io-master\src\test\java\org\apache\commons\io\output\FileWriterWithEncodingTest.java,FileWriterWithEncodingTest.java,FileWriterWithEncodingTest,testConstructor_File_nullFile,2,0,void,,true,true,true,true
C:\Users\simon\Documents\Code\thesis-code\commons-io-master\src\test\java\org\apache\commons\io\output\FileWriterWithEncodingTest.java,FileWriterWithEncodingTest.java,FileWriterWithEncodingTest,testConstructor_fileName_nullFile,2,0,void,,true,true,true,true
C:\Users\simon\Documents\Code\thesis-code\commons-io-master\src\test\java\org\apache\commons\io\output\FileWriterWithEncodingTest.java,FileWriterWithEncodingTest.java,FileWriterWithEncodingTest,testConstructorAppend_File_existingFile_withContent,6,0,void,,true,true,true,true
C:\Users\simon\Documents\Code\thesis-code\commons-io-master\src\test\java\org\apache\commons\io\output\FileWriterWithEncodingTest.java,FileWriterWithEncodingTest.java,FileWriterWithEncodingTest,testDifferentEncoding,2,0,void,,true,true,true,true
C:\Users\simon\Documents\Code\thesis-code\commons-io-master\src\test\java\org\apache\commons\io\output\FileWriterWithEncodingTest.java,FileWriterWithEncodingTest.java,FileWriterWithEncodingTest,testSameEncoding_Charset_constructor,2,0,void,,true,true,true,true
C:\Users\simon\Documents\Code\thesis-code\commons-io-master\src\test\java\org\apache\commons\io\output\FileWriterWithEncodingTest.java,FileWriterWithEncodingTest.java,FileWriterWithEncodingTest,testSameEncoding_CharsetEncoder_constructor,2,0,void,,true,true,true,true
C:\Users\simon\Documents\Code\thesis-code\commons-io-master\src\test\java\org\apache\commons\io\output\FileWriterWithEncodingTest.java,FileWriterWithEncodingTest.java,FileWriterWithEncodingTest,testSameEncoding_null_Charset_constructor,1,0,void,,true,true,true,true
C:\Users\simon\Documents\Code\thesis-code\commons-io-master\src\test\java\org\apache\commons\io\output\FileWriterWithEncodingTest.java,FileWriterWithEncodingTest.java,FileWriterWithEncodingTest,testSameEncoding_null_CharsetEncoder_constructor,3,0,void,,true,true,true,true
C:\Users\simon\Documents\Code\thesis-code\commons-io-master\src\test\java\org\apache\commons\io\output\FileWriterWithEncodingTest.java,FileWriterWithEncodingTest.java,FileWriterWithEncodingTest,testSameEncoding_null_CharsetName_constructor,1,0,void,,true,true,true,true
C:\Users\simon\Documents\Code\thesis-code\commons-io-master\src\test\java\org\apache\commons\io\output\FileWriterWithEncodingTest.java,FileWriterWithEncodingTest.java,FileWriterWithEncodingTest,testSameEncoding_string_Charset_constructor,2,0,void,,true,true,true,true
C:\Users\simon\Documents\Code\thesis-code\commons-io-master\src\test\java\org\apache\commons\io\output\FileWriterWithEncodingTest.java,FileWriterWithEncodingTest.java,FileWriterWithEncodingTest,testSameEncoding_string_CharsetEncoder_constructor,1,0,void,,true,true,true,true
C:\Users\simon\Documents\Code\thesis-code\commons-io-master\src\test\java\org\apache\commons\io\output\FileWriterWithEncodingTest.java,FileWriterWithEncodingTest.java,FileWriterWithEncodingTest,testSameEncoding_string_constructor,1,0,void,,true,true,true,true
C:\Users\simon\Documents\Code\thesis-code\commons-io-master\src\test\java\org\apache\commons\io\output\FileWriterWithEncodingTest.java,FileWriterWithEncodingTest.java,FileWriterWithEncodingTest,testSameEncoding_string_string_constructor,2,0,void,,true,true,true,true
C:\Users\simon\Documents\Code\thesis-code\commons-io-master\src\test\java\org\apache\commons\io\output\FileWriterWithEncodingTest.java,FileWriterWithEncodingTest.java,FileWriterWithEncodingTest,writeTestPayload,14,2,void,private,false,false,true,true
C:\Users\simon\Documents\Code\thesis-code\commons-io-master\src\test\java\org\apache\commons\io\output\LockableFileWriterTest.java,LockableFileWriterTest.java,LockableFileWriterTest,setUp,5,0,void,public,false,false,true,true
C:\Users\simon\Documents\Code\thesis-code\commons-io-master\src\test\java\org\apache\commons\io\output\LockableFileWriterTest.java,LockableFileWriterTest.java,LockableFileWriterTest,testAlternateLockDir,6,0,void,,true,true,true,true
C:\Users\simon\Documents\Code\thesis-code\commons-io-master\src\test\java\org\apache\commons\io\output\LockableFileWriterTest.java,LockableFileWriterTest.java,LockableFileWriterTest,testAlternateLockDir,4,1,void,private,false,true,true,true
C:\Users\simon\Documents\Code\thesis-code\commons-io-master\src\test\java\org\apache\commons\io\output\LockableFileWriterTest.java,LockableFileWriterTest.java,LockableFileWriterTest,testConstructor_File_directory,5,0,void,,true,true,true,true
C:\Users\simon\Documents\Code\thesis-code\commons-io-master\src\test\java\org\apache\commons\io\output\LockableFileWriterTest.java,LockableFileWriterTest.java,LockableFileWriterTest,testConstructor_File_encoding_badEncoding,10,0,void,,true,true,true,true
C:\Users\simon\Documents\Code\thesis-code\commons-io-master\src\test\java\org\apache\commons\io\output\LockableFileWriterTest.java,LockableFileWriterTest.java,LockableFileWriterTest,testConstructor_File_nullFile,10,0,void,,true,true,true,true
C:\Users\simon\Documents\Code\thesis-code\commons-io-master\src\test\java\org\apache\commons\io\output\LockableFileWriterTest.java,LockableFileWriterTest.java,LockableFileWriterTest,testConstructor_fileName_nullFile,5,0,void,,true,true,true,true
C:\Users\simon\Documents\Code\thesis-code\commons-io-master\src\test\java\org\apache\commons\io\output\LockableFileWriterTest.java,LockableFileWriterTest.java,LockableFileWriterTest,testFileLocked,3,0,void,,true,true,true,true
C:\Users\simon\Documents\Code\thesis-code\commons-io-master\src\test\java\org\apache\commons\io\output\LockableFileWriterTest.java,LockableFileWriterTest.java,LockableFileWriterTest,testFileNotLocked,6,0,void,,true,true,true,true
C:\Users\simon\Documents\Code\thesis-code\commons-io-master\src\test\java\org\apache\commons\io\output\NullAppendableTest.java,NullAppendableTest.java,NullAppendableTest,testNull,10,0,void,,true,true,true,true
C:\Users\simon\Documents\Code\thesis-code\commons-io-master\src\test\java\org\apache\commons\io\output\NullOutputStreamTest.java,NullOutputStreamTest.java,NullOutputStreamTest,process,13,1,void,private,false,false,true,true
C:\Users\simon\Documents\Code\thesis-code\commons-io-master\src\test\java\org\apache\commons\io\output\NullOutputStreamTest.java,NullOutputStreamTest.java,NullOutputStreamTest,testNewInstance,1,0,void,,true,true,true,true
C:\Users\simon\Documents\Code\thesis-code\commons-io-master\src\test\java\org\apache\commons\io\output\NullOutputStreamTest.java,NullOutputStreamTest.java,NullOutputStreamTest,testSingleton,1,0,void,,true,true,true,true
C:\Users\simon\Documents\Code\thesis-code\commons-io-master\src\test\java\org\apache\commons\io\output\NullPrintStreamTest.java,NullPrintStreamTest.java,NullPrintStreamTest,process,8,1,void,private,false,false,true,true
C:\Users\simon\Documents\Code\thesis-code\commons-io-master\src\test\java\org\apache\commons\io\output\NullPrintStreamTest.java,NullPrintStreamTest.java,NullPrintStreamTest,testNullNewInstance,1,0,void,,true,true,true,true
C:\Users\simon\Documents\Code\thesis-code\commons-io-master\src\test\java\org\apache\commons\io\output\NullPrintStreamTest.java,NullPrintStreamTest.java,NullPrintStreamTest,testNullSingleton,1,0,void,,true,true,true,true
C:\Users\simon\Documents\Code\thesis-code\commons-io-master\src\test\java\org\apache\commons\io\output\NullWriterTest.java,NullWriterTest.java,NullWriterTest,testAppendChar,1,0,void,,true,true,true,true
C:\Users\simon\Documents\Code\thesis-code\commons-io-master\src\test\java\org\apache\commons\io\output\NullWriterTest.java,NullWriterTest.java,NullWriterTest,testAppendCharSequence,1,0,void,,true,true,true,true
C:\Users\simon\Documents\Code\thesis-code\commons-io-master\src\test\java\org\apache\commons\io\output\NullWriterTest.java,NullWriterTest.java,NullWriterTest,testAppendCharSequenceWithRange,1,0,void,,true,true,true,true
C:\Users\simon\Documents\Code\thesis-code\commons-io-master\src\test\java\org\apache\commons\io\output\NullWriterTest.java,NullWriterTest.java,NullWriterTest,testCloseNoOp,3,0,void,,true,true,true,true
C:\Users\simon\Documents\Code\thesis-code\commons-io-master\src\test\java\org\apache\commons\io\output\NullWriterTest.java,NullWriterTest.java,NullWriterTest,testFlush,1,0,void,,true,true,true,true
C:\Users\simon\Documents\Code\thesis-code\commons-io-master\src\test\java\org\apache\commons\io\output\NullWriterTest.java,NullWriterTest.java,NullWriterTest,testWriteCharArray,1,0,void,,true,true,true,true
C:\Users\simon\Documents\Code\thesis-code\commons-io-master\src\test\java\org\apache\commons\io\output\NullWriterTest.java,NullWriterTest.java,NullWriterTest,testWriteCharArrayWithOffset,1,0,void,,true,true,true,true
C:\Users\simon\Documents\Code\thesis-code\commons-io-master\src\test\java\org\apache\commons\io\output\NullWriterTest.java,NullWriterTest.java,NullWriterTest,testWriteInt,1,0,void,,true,true,true,true
C:\Users\simon\Documents\Code\thesis-code\commons-io-master\src\test\java\org\apache\commons\io\output\NullWriterTest.java,NullWriterTest.java,NullWriterTest,testWriteString,1,0,void,,true,true,true,true
C:\Users\simon\Documents\Code\thesis-code\commons-io-master\src\test\java\org\apache\commons\io\output\NullWriterTest.java,NullWriterTest.java,NullWriterTest,testWriteStringWithOffset,1,0,void,,true,true,true,true
C:\Users\simon\Documents\Code\thesis-code\commons-io-master\src\test\java\org\apache\commons\io\output\ProxyCollectionWriterTest.java,ProxyCollectionWriterTest.java,ProxyCollectionWriterTest,testArrayIOExceptionOnAppendChar1,5,0,void,,true,true,true,true
C:\Users\simon\Documents\Code\thesis-code\commons-io-master\src\test\java\org\apache\commons\io\output\ProxyCollectionWriterTest.java,ProxyCollectionWriterTest.java,ProxyCollectionWriterTest,testArrayIOExceptionOnAppendChar2,5,0,void,,true,true,true,true
C:\Users\simon\Documents\Code\thesis-code\commons-io-master\src\test\java\org\apache\commons\io\output\ProxyCollectionWriterTest.java,ProxyCollectionWriterTest.java,ProxyCollectionWriterTest,testArrayIOExceptionOnAppendCharSequence1,5,0,void,,true,true,true,true
C:\Users\simon\Documents\Code\thesis-code\commons-io-master\src\test\java\org\apache\commons\io\output\ProxyCollectionWriterTest.java,ProxyCollectionWriterTest.java,ProxyCollectionWriterTest,testArrayIOExceptionOnAppendCharSequence2,5,0,void,,true,true,true,true
C:\Users\simon\Documents\Code\thesis-code\commons-io-master\src\test\java\org\apache\commons\io\output\ProxyCollectionWriterTest.java,ProxyCollectionWriterTest.java,ProxyCollectionWriterTest,testArrayIOExceptionOnAppendCharSequenceIntInt1,5,0,void,,true,true,true,true
C:\Users\simon\Documents\Code\thesis-code\commons-io-master\src\test\java\org\apache\commons\io\output\ProxyCollectionWriterTest.java,ProxyCollectionWriterTest.java,ProxyCollectionWriterTest,testArrayIOExceptionOnAppendCharSequenceIntInt2,5,0,void,,true,true,true,true
C:\Users\simon\Documents\Code\thesis-code\commons-io-master\src\test\java\org\apache\commons\io\output\ProxyCollectionWriterTest.java,ProxyCollectionWriterTest.java,ProxyCollectionWriterTest,testArrayIOExceptionOnClose1,4,0,void,,true,true,true,true
C:\Users\simon\Documents\Code\thesis-code\commons-io-master\src\test\java\org\apache\commons\io\output\ProxyCollectionWriterTest.java,ProxyCollectionWriterTest.java,ProxyCollectionWriterTest,testArrayIOExceptionOnClose2,4,0,void,,true,true,true,true
C:\Users\simon\Documents\Code\thesis-code\commons-io-master\src\test\java\org\apache\commons\io\output\ProxyCollectionWriterTest.java,ProxyCollectionWriterTest.java,ProxyCollectionWriterTest,testArrayIOExceptionOnFlush1,4,0,void,,true,true,true,true
C:\Users\simon\Documents\Code\thesis-code\commons-io-master\src\test\java\org\apache\commons\io\output\ProxyCollectionWriterTest.java,ProxyCollectionWriterTest.java,ProxyCollectionWriterTest,testArrayIOExceptionOnFlush2,4,0,void,,true,true,true,true
C:\Users\simon\Documents\Code\thesis-code\commons-io-master\src\test\java\org\apache\commons\io\output\ProxyCollectionWriterTest.java,ProxyCollectionWriterTest.java,ProxyCollectionWriterTest,testArrayIOExceptionOnWriteCharArray1,5,0,void,,true,true,true,true
C:\Users\simon\Documents\Code\thesis-code\commons-io-master\src\test\java\org\apache\commons\io\output\ProxyCollectionWriterTest.java,ProxyCollectionWriterTest.java,ProxyCollectionWriterTest,testArrayIOExceptionOnWriteCharArray2,5,0,void,,true,true,true,true
C:\Users\simon\Documents\Code\thesis-code\commons-io-master\src\test\java\org\apache\commons\io\output\ProxyCollectionWriterTest.java,ProxyCollectionWriterTest.java,ProxyCollectionWriterTest,testArrayIOExceptionOnWriteCharArrayIntInt1,5,0,void,,true,true,true,true
C:\Users\simon\Documents\Code\thesis-code\commons-io-master\src\test\java\org\apache\commons\io\output\ProxyCollectionWriterTest.java,ProxyCollectionWriterTest.java,ProxyCollectionWriterTest,testArrayIOExceptionOnWriteCharArrayIntInt2,5,0,void,,true,true,true,true
C:\Users\simon\Documents\Code\thesis-code\commons-io-master\src\test\java\org\apache\commons\io\output\ProxyCollectionWriterTest.java,ProxyCollectionWriterTest.java,ProxyCollectionWriterTest,testArrayIOExceptionOnWriteInt1,5,0,void,,true,true,true,true
C:\Users\simon\Documents\Code\thesis-code\commons-io-master\src\test\java\org\apache\commons\io\output\ProxyCollectionWriterTest.java,ProxyCollectionWriterTest.java,ProxyCollectionWriterTest,testArrayIOExceptionOnWriteInt2,4,0,void,,true,true,true,true
C:\Users\simon\Documents\Code\thesis-code\commons-io-master\src\test\java\org\apache\commons\io\output\ProxyCollectionWriterTest.java,ProxyCollectionWriterTest.java,ProxyCollectionWriterTest,testArrayIOExceptionOnWriteString1,5,0,void,,true,true,true,true
C:\Users\simon\Documents\Code\thesis-code\commons-io-master\src\test\java\org\apache\commons\io\output\ProxyCollectionWriterTest.java,ProxyCollectionWriterTest.java,ProxyCollectionWriterTest,testArrayIOExceptionOnWriteString2,5,0,void,,true,true,true,true
C:\Users\simon\Documents\Code\thesis-code\commons-io-master\src\test\java\org\apache\commons\io\output\ProxyCollectionWriterTest.java,ProxyCollectionWriterTest.java,ProxyCollectionWriterTest,testArrayIOExceptionOnWriteStringIntInt1,5,0,void,,true,true,true,true
C:\Users\simon\Documents\Code\thesis-code\commons-io-master\src\test\java\org\apache\commons\io\output\ProxyCollectionWriterTest.java,ProxyCollectionWriterTest.java,ProxyCollectionWriterTest,testArrayIOExceptionOnWriteStringIntInt2,5,0,void,,true,true,true,true
C:\Users\simon\Documents\Code\thesis-code\commons-io-master\src\test\java\org\apache\commons\io\output\ProxyCollectionWriterTest.java,ProxyCollectionWriterTest.java,ProxyCollectionWriterTest,testCollectionCloseBranchIOException,4,0,void,,true,true,true,true
C:\Users\simon\Documents\Code\thesis-code\commons-io-master\src\test\java\org\apache\commons\io\output\ProxyCollectionWriterTest.java,ProxyCollectionWriterTest.java,ProxyCollectionWriterTest,testConstructorsNull,3,0,void,,true,true,true,true
C:\Users\simon\Documents\Code\thesis-code\commons-io-master\src\test\java\org\apache\commons\io\output\ProxyCollectionWriterTest.java,ProxyCollectionWriterTest.java,ProxyCollectionWriterTest,testTee,1,0,void,,true,true,true,true
C:\Users\simon\Documents\Code\thesis-code\commons-io-master\src\test\java\org\apache\commons\io\output\ProxyOutputStreamTest.java,ProxyOutputStreamTest.java,ProxyOutputStreamTest,setUp,2,0,void,public,false,false,true,true
C:\Users\simon\Documents\Code\thesis-code\commons-io-master\src\test\java\org\apache\commons\io\output\ProxyOutputStreamTest.java,ProxyOutputStreamTest.java,ProxyOutputStreamTest,write,2,1,void,public,false,false,true,true
C:\Users\simon\Documents\Code\thesis-code\commons-io-master\src\test\java\org\apache\commons\io\output\ProxyOutputStreamTest.java,ProxyOutputStreamTest.java,ProxyOutputStreamTest,write,2,3,void,public,false,false,true,true
C:\Users\simon\Documents\Code\thesis-code\commons-io-master\src\test\java\org\apache\commons\io\output\ProxyOutputStreamTest.java,ProxyOutputStreamTest.java,ProxyOutputStreamTest,write,2,1,void,public; synchronized,false,false,true,true
C:\Users\simon\Documents\Code\thesis-code\commons-io-master\src\test\java\org\apache\commons\io\output\ProxyOutputStreamTest.java,ProxyOutputStreamTest.java,ProxyOutputStreamTest,testBuilder,1,0,void,,true,true,true,true
C:\Users\simon\Documents\Code\thesis-code\commons-io-master\src\test\java\org\apache\commons\io\output\ProxyOutputStreamTest.java,ProxyOutputStreamTest.java,ProxyOutputStreamTest,testSetReference,6,0,void,,true,true,true,true
C:\Users\simon\Documents\Code\thesis-code\commons-io-master\src\test\java\org\apache\commons\io\output\ProxyOutputStreamTest.java,ProxyOutputStreamTest.java,ProxyOutputStreamTest,testWriteByteArray,5,0,void,,true,true,true,true
C:\Users\simon\Documents\Code\thesis-code\commons-io-master\src\test\java\org\apache\commons\io\output\ProxyOutputStreamTest.java,ProxyOutputStreamTest.java,ProxyOutputStreamTest,testWriteByteArrayAt,5,0,void,,true,true,true,true
C:\Users\simon\Documents\Code\thesis-code\commons-io-master\src\test\java\org\apache\commons\io\output\ProxyOutputStreamTest.java,ProxyOutputStreamTest.java,ProxyOutputStreamTest,testWriteByteArrayAtRepeat,19,0,void,,true,true,true,true
C:\Users\simon\Documents\Code\thesis-code\commons-io-master\src\test\java\org\apache\commons\io\output\ProxyOutputStreamTest.java,ProxyOutputStreamTest.java,ProxyOutputStreamTest,testWriteByteArrayRepeat,19,0,void,,true,true,true,true
C:\Users\simon\Documents\Code\thesis-code\commons-io-master\src\test\java\org\apache\commons\io\output\ProxyOutputStreamTest.java,ProxyOutputStreamTest.java,ProxyOutputStreamTest,testWriteInt,5,0,void,,true,true,true,true
C:\Users\simon\Documents\Code\thesis-code\commons-io-master\src\test\java\org\apache\commons\io\output\ProxyOutputStreamTest.java,ProxyOutputStreamTest.java,ProxyOutputStreamTest,testWriteIntRepeat,22,0,void,,true,true,true,true
C:\Users\simon\Documents\Code\thesis-code\commons-io-master\src\test\java\org\apache\commons\io\output\ProxyOutputStreamTest.java,ProxyOutputStreamTest.java,ProxyOutputStreamTest,testWriteNullArrayProxiesToUnderlying,6,0,void,,true,true,true,true
C:\Users\simon\Documents\Code\thesis-code\commons-io-master\src\test\java\org\apache\commons\io\output\ProxyWriterTest.java,ProxyWriterTest.java,ProxyWriterTest,testAppendChar,1,0,void,,true,true,true,true
C:\Users\simon\Documents\Code\thesis-code\commons-io-master\src\test\java\org\apache\commons\io\output\ProxyWriterTest.java,ProxyWriterTest.java,ProxyWriterTest,testAppendCharSequence,1,0,void,,true,true,true,true
C:\Users\simon\Documents\Code\thesis-code\commons-io-master\src\test\java\org\apache\commons\io\output\ProxyWriterTest.java,ProxyWriterTest.java,ProxyWriterTest,testAppendCharSequence_with_offset,1,0,void,,true,true,true,true
C:\Users\simon\Documents\Code\thesis-code\commons-io-master\src\test\java\org\apache\commons\io\output\ProxyWriterTest.java,ProxyWriterTest.java,ProxyWriterTest,testExceptions_in_append_char,1,0,void,,true,true,true,true
C:\Users\simon\Documents\Code\thesis-code\commons-io-master\src\test\java\org\apache\commons\io\output\ProxyWriterTest.java,ProxyWriterTest.java,ProxyWriterTest,write,1,1,void,public,false,false,true,true
C:\Users\simon\Documents\Code\thesis-code\commons-io-master\src\test\java\org\apache\commons\io\output\ProxyWriterTest.java,ProxyWriterTest.java,ProxyWriterTest,testExceptions_in_append_charSequence,1,0,void,,true,true,true,true
C:\Users\simon\Documents\Code\thesis-code\commons-io-master\src\test\java\org\apache\commons\io\output\ProxyWriterTest.java,ProxyWriterTest.java,ProxyWriterTest,append,1,1,Writer,public,false,false,true,true
C:\Users\simon\Documents\Code\thesis-code\commons-io-master\src\test\java\org\apache\commons\io\output\ProxyWriterTest.java,ProxyWriterTest.java,ProxyWriterTest,testExceptions_in_append_charSequence_offset,1,0,void,,true,true,true,true
C:\Users\simon\Documents\Code\thesis-code\commons-io-master\src\test\java\org\apache\commons\io\output\ProxyWriterTest.java,ProxyWriterTest.java,ProxyWriterTest,append,1,3,Writer,public,false,false,true,true
C:\Users\simon\Documents\Code\thesis-code\commons-io-master\src\test\java\org\apache\commons\io\output\ProxyWriterTest.java,ProxyWriterTest.java,ProxyWriterTest,testExceptions_in_close,1,0,void,,true,true,true,true
C:\Users\simon\Documents\Code\thesis-code\commons-io-master\src\test\java\org\apache\commons\io\output\ProxyWriterTest.java,ProxyWriterTest.java,ProxyWriterTest,close,1,0,void,public,false,false,true,true
C:\Users\simon\Documents\Code\thesis-code\commons-io-master\src\test\java\org\apache\commons\io\output\ProxyWriterTest.java,ProxyWriterTest.java,ProxyWriterTest,testExceptions_in_flush,1,0,void,,true,true,true,true
C:\Users\simon\Documents\Code\thesis-code\commons-io-master\src\test\java\org\apache\commons\io\output\ProxyWriterTest.java,ProxyWriterTest.java,ProxyWriterTest,flush,1,0,void,public,false,false,true,true
C:\Users\simon\Documents\Code\thesis-code\commons-io-master\src\test\java\org\apache\commons\io\output\ProxyWriterTest.java,ProxyWriterTest.java,ProxyWriterTest,testExceptions_in_write_char_array,1,0,void,,true,true,true,true
C:\Users\simon\Documents\Code\thesis-code\commons-io-master\src\test\java\org\apache\commons\io\output\ProxyWriterTest.java,ProxyWriterTest.java,ProxyWriterTest,write,1,1,void,public,false,false,true,true
C:\Users\simon\Documents\Code\thesis-code\commons-io-master\src\test\java\org\apache\commons\io\output\ProxyWriterTest.java,ProxyWriterTest.java,ProxyWriterTest,testExceptions_in_write_int,1,0,void,,true,true,true,true
C:\Users\simon\Documents\Code\thesis-code\commons-io-master\src\test\java\org\apache\commons\io\output\ProxyWriterTest.java,ProxyWriterTest.java,ProxyWriterTest,write,1,1,void,public,false,false,true,true
C:\Users\simon\Documents\Code\thesis-code\commons-io-master\src\test\java\org\apache\commons\io\output\ProxyWriterTest.java,ProxyWriterTest.java,ProxyWriterTest,testExceptions_in_write_offset_char_array,1,0,void,,true,true,true,true
C:\Users\simon\Documents\Code\thesis-code\commons-io-master\src\test\java\org\apache\commons\io\output\ProxyWriterTest.java,ProxyWriterTest.java,ProxyWriterTest,write,1,3,void,public,false,false,true,true
C:\Users\simon\Documents\Code\thesis-code\commons-io-master\src\test\java\org\apache\commons\io\output\ProxyWriterTest.java,ProxyWriterTest.java,ProxyWriterTest,testExceptions_in_write_string,1,0,void,,true,true,true,true
C:\Users\simon\Documents\Code\thesis-code\commons-io-master\src\test\java\org\apache\commons\io\output\ProxyWriterTest.java,ProxyWriterTest.java,ProxyWriterTest,write,1,1,void,public,false,false,true,true
C:\Users\simon\Documents\Code\thesis-code\commons-io-master\src\test\java\org\apache\commons\io\output\ProxyWriterTest.java,ProxyWriterTest.java,ProxyWriterTest,testExceptions_in_write_string_offset,1,0,void,,true,true,true,true
C:\Users\simon\Documents\Code\thesis-code\commons-io-master\src\test\java\org\apache\commons\io\output\ProxyWriterTest.java,ProxyWriterTest.java,ProxyWriterTest,write,1,3,void,public,false,false,true,true
C:\Users\simon\Documents\Code\thesis-code\commons-io-master\src\test\java\org\apache\commons\io\output\ProxyWriterTest.java,ProxyWriterTest.java,ProxyWriterTest,testNullCharArray,1,0,void,,true,true,true,true
C:\Users\simon\Documents\Code\thesis-code\commons-io-master\src\test\java\org\apache\commons\io\output\ProxyWriterTest.java,ProxyWriterTest.java,ProxyWriterTest,testNullCharSequence,1,0,void,,true,true,true,true
C:\Users\simon\Documents\Code\thesis-code\commons-io-master\src\test\java\org\apache\commons\io\output\ProxyWriterTest.java,ProxyWriterTest.java,ProxyWriterTest,testNullString,1,0,void,,true,true,true,true
C:\Users\simon\Documents\Code\thesis-code\commons-io-master\src\test\java\org\apache\commons\io\output\ProxyWriterTest.java,ProxyWriterTest.java,ProxyWriterTest,testWriteCharArray,1,0,void,,true,true,true,true
C:\Users\simon\Documents\Code\thesis-code\commons-io-master\src\test\java\org\apache\commons\io\output\ProxyWriterTest.java,ProxyWriterTest.java,ProxyWriterTest,testWriteCharArrayPartial,1,0,void,,true,true,true,true
C:\Users\simon\Documents\Code\thesis-code\commons-io-master\src\test\java\org\apache\commons\io\output\ProxyWriterTest.java,ProxyWriterTest.java,ProxyWriterTest,testWriteInt,1,0,void,,true,true,true,true
C:\Users\simon\Documents\Code\thesis-code\commons-io-master\src\test\java\org\apache\commons\io\output\ProxyWriterTest.java,ProxyWriterTest.java,ProxyWriterTest,testWriteString,1,0,void,,true,true,true,true
C:\Users\simon\Documents\Code\thesis-code\commons-io-master\src\test\java\org\apache\commons\io\output\ProxyWriterTest.java,ProxyWriterTest.java,ProxyWriterTest,testWriteStringPartial,1,0,void,,true,true,true,true
C:\Users\simon\Documents\Code\thesis-code\commons-io-master\src\test\java\org\apache\commons\io\output\QueueOutputStreamTest.java,QueueOutputStreamTest.java,QueueOutputStreamTest,afterAll,1,0,void,public; static,false,false,true,true
C:\Users\simon\Documents\Code\thesis-code\commons-io-master\src\test\java\org\apache\commons\io\output\QueueOutputStreamTest.java,QueueOutputStreamTest.java,QueueOutputStreamTest,callInThrowAwayThread,3,1,T,private; static,false,false,true,true
C:\Users\simon\Documents\Code\thesis-code\commons-io-master\src\test\java\org\apache\commons\io\output\QueueOutputStreamTest.java,QueueOutputStreamTest.java,QueueOutputStreamTest,testNullArgument,1,0,void,,true,true,true,true
C:\Users\simon\Documents\Code\thesis-code\commons-io-master\src\test\java\org\apache\commons\io\output\QueueOutputStreamTest.java,QueueOutputStreamTest.java,QueueOutputStreamTest,testWriteInterrupted,1,0,void,,true,true,true,true
C:\Users\simon\Documents\Code\thesis-code\commons-io-master\src\test\java\org\apache\commons\io\output\QueueOutputStreamTest.java,QueueOutputStreamTest.java,QueueOutputStreamTest,testWriteString,1,0,void,,true,true,true,true
C:\Users\simon\Documents\Code\thesis-code\commons-io-master\src\test\java\org\apache\commons\io\output\QueueOutputStreamTest.java,QueueOutputStreamTest.java,QueueOutputStreamTest,testWriteStringMultiThread,1,0,void,,true,true,true,true
C:\Users\simon\Documents\Code\thesis-code\commons-io-master\src\test\java\org\apache\commons\io\output\RandomAccessFileOutputStreamTest.java,RandomAccessFileOutputStreamTest.java,RandomAccessFileOutputStreamTest,testClose,5,0,void,,true,true,true,true
C:\Users\simon\Documents\Code\thesis-code\commons-io-master\src\test\java\org\apache\commons\io\output\RandomAccessFileOutputStreamTest.java,RandomAccessFileOutputStreamTest.java,RandomAccessFileOutputStreamTest,testFlush,5,0,void,,true,true,true,true
C:\Users\simon\Documents\Code\thesis-code\commons-io-master\src\test\java\org\apache\commons\io\output\RandomAccessFileOutputStreamTest.java,RandomAccessFileOutputStreamTest.java,RandomAccessFileOutputStreamTest,testWriteByteArray,5,0,void,,true,true,true,true
C:\Users\simon\Documents\Code\thesis-code\commons-io-master\src\test\java\org\apache\commons\io\output\RandomAccessFileOutputStreamTest.java,RandomAccessFileOutputStreamTest.java,RandomAccessFileOutputStreamTest,testWriteByteArrayAt,5,0,void,,true,true,true,true
C:\Users\simon\Documents\Code\thesis-code\commons-io-master\src\test\java\org\apache\commons\io\output\RandomAccessFileOutputStreamTest.java,RandomAccessFileOutputStreamTest.java,RandomAccessFileOutputStreamTest,testWriteGet,2,0,void,,true,true,true,true
C:\Users\simon\Documents\Code\thesis-code\commons-io-master\src\test\java\org\apache\commons\io\output\RandomAccessFileOutputStreamTest.java,RandomAccessFileOutputStreamTest.java,RandomAccessFileOutputStreamTest,testWriteGetDefault,1,0,void,,true,true,true,true
C:\Users\simon\Documents\Code\thesis-code\commons-io-master\src\test\java\org\apache\commons\io\output\RandomAccessFileOutputStreamTest.java,RandomAccessFileOutputStreamTest.java,RandomAccessFileOutputStreamTest,testWriteGetPathOnly,2,0,void,,true,true,true,true
C:\Users\simon\Documents\Code\thesis-code\commons-io-master\src\test\java\org\apache\commons\io\output\RandomAccessFileOutputStreamTest.java,RandomAccessFileOutputStreamTest.java,RandomAccessFileOutputStreamTest,testWriteInt,5,0,void,,true,true,true,true
C:\Users\simon\Documents\Code\thesis-code\commons-io-master\src\test\java\org\apache\commons\io\output\RandomAccessFileOutputStreamTest.java,RandomAccessFileOutputStreamTest.java,RandomAccessFileOutputStreamTest,validateState,3,1,void,private,false,false,true,true
C:\Users\simon\Documents\Code\thesis-code\commons-io-master\src\test\java\org\apache\commons\io\output\StringBuilderWriterTest.java,StringBuilderWriterTest.java,StringBuilderWriterTest,testAppendChar,1,0,void,,true,true,true,true
C:\Users\simon\Documents\Code\thesis-code\commons-io-master\src\test\java\org\apache\commons\io\output\StringBuilderWriterTest.java,StringBuilderWriterTest.java,StringBuilderWriterTest,testAppendCharSequence,1,0,void,,true,true,true,true
C:\Users\simon\Documents\Code\thesis-code\commons-io-master\src\test\java\org\apache\commons\io\output\StringBuilderWriterTest.java,StringBuilderWriterTest.java,StringBuilderWriterTest,testAppendCharSequencePortion,1,0,void,,true,true,true,true
C:\Users\simon\Documents\Code\thesis-code\commons-io-master\src\test\java\org\apache\commons\io\output\StringBuilderWriterTest.java,StringBuilderWriterTest.java,StringBuilderWriterTest,testAppendConstructCapacity,1,0,void,,true,true,true,true
C:\Users\simon\Documents\Code\thesis-code\commons-io-master\src\test\java\org\apache\commons\io\output\StringBuilderWriterTest.java,StringBuilderWriterTest.java,StringBuilderWriterTest,testAppendConstructNull,1,0,void,,true,true,true,true
C:\Users\simon\Documents\Code\thesis-code\commons-io-master\src\test\java\org\apache\commons\io\output\StringBuilderWriterTest.java,StringBuilderWriterTest.java,StringBuilderWriterTest,testAppendConstructStringBuilder,2,0,void,,true,true,true,true
C:\Users\simon\Documents\Code\thesis-code\commons-io-master\src\test\java\org\apache\commons\io\output\StringBuilderWriterTest.java,StringBuilderWriterTest.java,StringBuilderWriterTest,testClose,1,0,void,,true,true,true,true
C:\Users\simon\Documents\Code\thesis-code\commons-io-master\src\test\java\org\apache\commons\io\output\StringBuilderWriterTest.java,StringBuilderWriterTest.java,StringBuilderWriterTest,testWriteChar,1,0,void,,true,true,true,true
C:\Users\simon\Documents\Code\thesis-code\commons-io-master\src\test\java\org\apache\commons\io\output\StringBuilderWriterTest.java,StringBuilderWriterTest.java,StringBuilderWriterTest,testWriteCharArray,1,0,void,,true,true,true,true
C:\Users\simon\Documents\Code\thesis-code\commons-io-master\src\test\java\org\apache\commons\io\output\StringBuilderWriterTest.java,StringBuilderWriterTest.java,StringBuilderWriterTest,testWriteCharArrayPortion,1,0,void,,true,true,true,true
C:\Users\simon\Documents\Code\thesis-code\commons-io-master\src\test\java\org\apache\commons\io\output\StringBuilderWriterTest.java,StringBuilderWriterTest.java,StringBuilderWriterTest,testWriteString,1,0,void,,true,true,true,true
C:\Users\simon\Documents\Code\thesis-code\commons-io-master\src\test\java\org\apache\commons\io\output\StringBuilderWriterTest.java,StringBuilderWriterTest.java,StringBuilderWriterTest,testWriteStringPortion,1,0,void,,true,true,true,true
C:\Users\simon\Documents\Code\thesis-code\commons-io-master\src\test\java\org\apache\commons\io\output\TaggedOutputStreamTest.java,TaggedOutputStreamTest.java,TaggedOutputStreamTest,testBrokenStream,5,0,void,,true,true,true,true
C:\Users\simon\Documents\Code\thesis-code\commons-io-master\src\test\java\org\apache\commons\io\output\TaggedOutputStreamTest.java,TaggedOutputStreamTest.java,TaggedOutputStreamTest,testNormalStream,1,0,void,,true,true,true,true
C:\Users\simon\Documents\Code\thesis-code\commons-io-master\src\test\java\org\apache\commons\io\output\TaggedOutputStreamTest.java,TaggedOutputStreamTest.java,TaggedOutputStreamTest,testOtherException,2,0,void,,true,true,true,true
C:\Users\simon\Documents\Code\thesis-code\commons-io-master\src\test\java\org\apache\commons\io\output\TaggedWriterTest.java,TaggedWriterTest.java,TaggedWriterTest,testBrokenWriter,5,0,void,,true,true,true,true
C:\Users\simon\Documents\Code\thesis-code\commons-io-master\src\test\java\org\apache\commons\io\output\TaggedWriterTest.java,TaggedWriterTest.java,TaggedWriterTest,testNormalWriter,1,0,void,,true,true,true,true
C:\Users\simon\Documents\Code\thesis-code\commons-io-master\src\test\java\org\apache\commons\io\output\TaggedWriterTest.java,TaggedWriterTest.java,TaggedWriterTest,testOtherException,2,0,void,,true,true,true,true
C:\Users\simon\Documents\Code\thesis-code\commons-io-master\src\test\java\org\apache\commons\io\output\TeeOutputStreamTest.java,TeeOutputStreamTest.java,TeeOutputStreamTest,assertByteArrayEquals,2,3,void,private,false,false,true,true
C:\Users\simon\Documents\Code\thesis-code\commons-io-master\src\test\java\org\apache\commons\io\output\TeeOutputStreamTest.java,TeeOutputStreamTest.java,TeeOutputStreamTest,testIOExceptionOnClose,5,0,void,,true,true,true,true
C:\Users\simon\Documents\Code\thesis-code\commons-io-master\src\test\java\org\apache\commons\io\output\TeeOutputStreamTest.java,TeeOutputStreamTest.java,TeeOutputStreamTest,testIOExceptionOnCloseBranch,5,0,void,,true,true,true,true
C:\Users\simon\Documents\Code\thesis-code\commons-io-master\src\test\java\org\apache\commons\io\output\TeeOutputStreamTest.java,TeeOutputStreamTest.java,TeeOutputStreamTest,testTee,4,0,void,,true,true,true,true
C:\Users\simon\Documents\Code\thesis-code\commons-io-master\src\test\java\org\apache\commons\io\output\TeeWriterTest.java,TeeWriterTest.java,TeeWriterTest,testArrayIOExceptionOnAppendChar1,8,0,void,,true,true,true,true
C:\Users\simon\Documents\Code\thesis-code\commons-io-master\src\test\java\org\apache\commons\io\output\TeeWriterTest.java,TeeWriterTest.java,TeeWriterTest,testArrayIOExceptionOnAppendChar2,8,0,void,,true,true,true,true
C:\Users\simon\Documents\Code\thesis-code\commons-io-master\src\test\java\org\apache\commons\io\output\TeeWriterTest.java,TeeWriterTest.java,TeeWriterTest,testArrayIOExceptionOnAppendCharSequence1,8,0,void,,true,true,true,true
C:\Users\simon\Documents\Code\thesis-code\commons-io-master\src\test\java\org\apache\commons\io\output\TeeWriterTest.java,TeeWriterTest.java,TeeWriterTest,testArrayIOExceptionOnAppendCharSequence2,8,0,void,,true,true,true,true
C:\Users\simon\Documents\Code\thesis-code\commons-io-master\src\test\java\org\apache\commons\io\output\TeeWriterTest.java,TeeWriterTest.java,TeeWriterTest,testArrayIOExceptionOnAppendCharSequenceIntInt1,8,0,void,,true,true,true,true
C:\Users\simon\Documents\Code\thesis-code\commons-io-master\src\test\java\org\apache\commons\io\output\TeeWriterTest.java,TeeWriterTest.java,TeeWriterTest,testArrayIOExceptionOnAppendCharSequenceIntInt2,8,0,void,,true,true,true,true
C:\Users\simon\Documents\Code\thesis-code\commons-io-master\src\test\java\org\apache\commons\io\output\TeeWriterTest.java,TeeWriterTest.java,TeeWriterTest,testArrayIOExceptionOnClose1,7,0,void,,true,true,true,true
C:\Users\simon\Documents\Code\thesis-code\commons-io-master\src\test\java\org\apache\commons\io\output\TeeWriterTest.java,TeeWriterTest.java,TeeWriterTest,testArrayIOExceptionOnClose2,7,0,void,,true,true,true,true
C:\Users\simon\Documents\Code\thesis-code\commons-io-master\src\test\java\org\apache\commons\io\output\TeeWriterTest.java,TeeWriterTest.java,TeeWriterTest,testArrayIOExceptionOnFlush1,7,0,void,,true,true,true,true
C:\Users\simon\Documents\Code\thesis-code\commons-io-master\src\test\java\org\apache\commons\io\output\TeeWriterTest.java,TeeWriterTest.java,TeeWriterTest,testArrayIOExceptionOnFlush2,7,0,void,,true,true,true,true
C:\Users\simon\Documents\Code\thesis-code\commons-io-master\src\test\java\org\apache\commons\io\output\TeeWriterTest.java,TeeWriterTest.java,TeeWriterTest,testArrayIOExceptionOnWriteCharArray1,8,0,void,,true,true,true,true
C:\Users\simon\Documents\Code\thesis-code\commons-io-master\src\test\java\org\apache\commons\io\output\TeeWriterTest.java,TeeWriterTest.java,TeeWriterTest,testArrayIOExceptionOnWriteCharArray2,8,0,void,,true,true,true,true
C:\Users\simon\Documents\Code\thesis-code\commons-io-master\src\test\java\org\apache\commons\io\output\TeeWriterTest.java,TeeWriterTest.java,TeeWriterTest,testArrayIOExceptionOnWriteCharArrayIntInt1,8,0,void,,true,true,true,true
C:\Users\simon\Documents\Code\thesis-code\commons-io-master\src\test\java\org\apache\commons\io\output\TeeWriterTest.java,TeeWriterTest.java,TeeWriterTest,testArrayIOExceptionOnWriteCharArrayIntInt2,8,0,void,,true,true,true,true
C:\Users\simon\Documents\Code\thesis-code\commons-io-master\src\test\java\org\apache\commons\io\output\TeeWriterTest.java,TeeWriterTest.java,TeeWriterTest,testArrayIOExceptionOnWriteInt1,8,0,void,,true,true,true,true
C:\Users\simon\Documents\Code\thesis-code\commons-io-master\src\test\java\org\apache\commons\io\output\TeeWriterTest.java,TeeWriterTest.java,TeeWriterTest,testArrayIOExceptionOnWriteInt2,7,0,void,,true,true,true,true
C:\Users\simon\Documents\Code\thesis-code\commons-io-master\src\test\java\org\apache\commons\io\output\TeeWriterTest.java,TeeWriterTest.java,TeeWriterTest,testArrayIOExceptionOnWriteString1,8,0,void,,true,true,true,true
C:\Users\simon\Documents\Code\thesis-code\commons-io-master\src\test\java\org\apache\commons\io\output\TeeWriterTest.java,TeeWriterTest.java,TeeWriterTest,testArrayIOExceptionOnWriteString2,8,0,void,,true,true,true,true
C:\Users\simon\Documents\Code\thesis-code\commons-io-master\src\test\java\org\apache\commons\io\output\TeeWriterTest.java,TeeWriterTest.java,TeeWriterTest,testArrayIOExceptionOnWriteStringIntInt1,8,0,void,,true,true,true,true
C:\Users\simon\Documents\Code\thesis-code\commons-io-master\src\test\java\org\apache\commons\io\output\TeeWriterTest.java,TeeWriterTest.java,TeeWriterTest,testArrayIOExceptionOnWriteStringIntInt2,8,0,void,,true,true,true,true
C:\Users\simon\Documents\Code\thesis-code\commons-io-master\src\test\java\org\apache\commons\io\output\TeeWriterTest.java,TeeWriterTest.java,TeeWriterTest,testCollectionCloseBranchIOException,7,0,void,,true,true,true,true
C:\Users\simon\Documents\Code\thesis-code\commons-io-master\src\test\java\org\apache\commons\io\output\TeeWriterTest.java,TeeWriterTest.java,TeeWriterTest,testConstructorsNull,3,0,void,,true,true,true,true
C:\Users\simon\Documents\Code\thesis-code\commons-io-master\src\test\java\org\apache\commons\io\output\TeeWriterTest.java,TeeWriterTest.java,TeeWriterTest,testTee,4,0,void,,true,true,true,true
C:\Users\simon\Documents\Code\thesis-code\commons-io-master\src\test\java\org\apache\commons\io\output\ThresholdingOutputStreamTest.java,ThresholdingOutputStreamTest.java,ThresholdingOutputStreamTest,assertThresholdingInitialState,3,3,void,static,false,false,true,true
C:\Users\simon\Documents\Code\thesis-code\commons-io-master\src\test\java\org\apache\commons\io\output\ThresholdingOutputStreamTest.java,ThresholdingOutputStreamTest.java,ThresholdingOutputStreamTest,testResetByteCount,3,0,void,,true,true,true,true
C:\Users\simon\Documents\Code\thesis-code\commons-io-master\src\test\java\org\apache\commons\io\output\ThresholdingOutputStreamTest.java,ThresholdingOutputStreamTest.java,ThresholdingOutputStreamTest,testResetByteCountBrokenOutputStream,4,0,void,,true,true,true,true
C:\Users\simon\Documents\Code\thesis-code\commons-io-master\src\test\java\org\apache\commons\io\output\ThresholdingOutputStreamTest.java,ThresholdingOutputStreamTest.java,ThresholdingOutputStreamTest,testSetByteCountOutputStream,4,0,void,,true,true,true,true
C:\Users\simon\Documents\Code\thesis-code\commons-io-master\src\test\java\org\apache\commons\io\output\ThresholdingOutputStreamTest.java,ThresholdingOutputStreamTest.java,ThresholdingOutputStreamTest,getOutputStream,1,0,OutputStream,protected,false,false,true,true
C:\Users\simon\Documents\Code\thesis-code\commons-io-master\src\test\java\org\apache\commons\io\output\ThresholdingOutputStreamTest.java,ThresholdingOutputStreamTest.java,ThresholdingOutputStreamTest,thresholdReached,1,0,void,protected,false,false,true,true
C:\Users\simon\Documents\Code\thesis-code\commons-io-master\src\test\java\org\apache\commons\io\output\ThresholdingOutputStreamTest.java,ThresholdingOutputStreamTest.java,ThresholdingOutputStreamTest,testSetByteCountStream,4,0,void,,true,true,true,true
C:\Users\simon\Documents\Code\thesis-code\commons-io-master\src\test\java\org\apache\commons\io\output\ThresholdingOutputStreamTest.java,ThresholdingOutputStreamTest.java,ThresholdingOutputStreamTest,getStream,1,0,OutputStream,protected,false,false,true,true
C:\Users\simon\Documents\Code\thesis-code\commons-io-master\src\test\java\org\apache\commons\io\output\ThresholdingOutputStreamTest.java,ThresholdingOutputStreamTest.java,ThresholdingOutputStreamTest,thresholdReached,1,0,void,protected,false,false,true,true
C:\Users\simon\Documents\Code\thesis-code\commons-io-master\src\test\java\org\apache\commons\io\output\ThresholdingOutputStreamTest.java,ThresholdingOutputStreamTest.java,ThresholdingOutputStreamTest,testThresholdIOConsumer,7,0,void,,true,true,true,true
C:\Users\simon\Documents\Code\thesis-code\commons-io-master\src\test\java\org\apache\commons\io\output\ThresholdingOutputStreamTest.java,ThresholdingOutputStreamTest.java,ThresholdingOutputStreamTest,testThresholdIOConsumerIOException,2,0,void,,true,true,true,true
C:\Users\simon\Documents\Code\thesis-code\commons-io-master\src\test\java\org\apache\commons\io\output\ThresholdingOutputStreamTest.java,ThresholdingOutputStreamTest.java,ThresholdingOutputStreamTest,testThresholdIOConsumerUncheckedException,2,0,void,,true,true,true,true
C:\Users\simon\Documents\Code\thesis-code\commons-io-master\src\test\java\org\apache\commons\io\output\ThresholdingOutputStreamTest.java,ThresholdingOutputStreamTest.java,ThresholdingOutputStreamTest,testThresholdLessThanZero,2,0,void,,true,true,true,true
C:\Users\simon\Documents\Code\thesis-code\commons-io-master\src\test\java\org\apache\commons\io\output\ThresholdingOutputStreamTest.java,ThresholdingOutputStreamTest.java,ThresholdingOutputStreamTest,thresholdReached,1,0,void,protected,false,false,true,true
C:\Users\simon\Documents\Code\thesis-code\commons-io-master\src\test\java\org\apache\commons\io\output\ThresholdingOutputStreamTest.java,ThresholdingOutputStreamTest.java,ThresholdingOutputStreamTest,testThresholdZero,3,0,void,,true,true,true,true
C:\Users\simon\Documents\Code\thesis-code\commons-io-master\src\test\java\org\apache\commons\io\output\ThresholdingOutputStreamTest.java,ThresholdingOutputStreamTest.java,ThresholdingOutputStreamTest,thresholdReached,1,0,void,protected,false,false,true,true
C:\Users\simon\Documents\Code\thesis-code\commons-io-master\src\test\java\org\apache\commons\io\output\ThresholdingOutputStreamTest.java,ThresholdingOutputStreamTest.java,ThresholdingOutputStreamTest,testThresholdZeroWrite,3,0,void,,true,true,true,true
C:\Users\simon\Documents\Code\thesis-code\commons-io-master\src\test\java\org\apache\commons\io\output\ThresholdingOutputStreamTest.java,ThresholdingOutputStreamTest.java,ThresholdingOutputStreamTest,thresholdReached,2,0,void,protected,false,false,true,true
C:\Users\simon\Documents\Code\thesis-code\commons-io-master\src\test\java\org\apache\commons\io\output\UncheckedAppendableTest.java,UncheckedAppendableTest.java,UncheckedAppendableTest,setUp,3,0,void,public,false,false,true,true
C:\Users\simon\Documents\Code\thesis-code\commons-io-master\src\test\java\org\apache\commons\io\output\UncheckedAppendableTest.java,UncheckedAppendableTest.java,UncheckedAppendableTest,testAppendChar,2,0,void,,true,true,true,true
C:\Users\simon\Documents\Code\thesis-code\commons-io-master\src\test\java\org\apache\commons\io\output\UncheckedAppendableTest.java,UncheckedAppendableTest.java,UncheckedAppendableTest,testAppendCharSequence,2,0,void,,true,true,true,true
C:\Users\simon\Documents\Code\thesis-code\commons-io-master\src\test\java\org\apache\commons\io\output\UncheckedAppendableTest.java,UncheckedAppendableTest.java,UncheckedAppendableTest,testAppendCharSequenceIndexed,2,0,void,,true,true,true,true
C:\Users\simon\Documents\Code\thesis-code\commons-io-master\src\test\java\org\apache\commons\io\output\UncheckedAppendableTest.java,UncheckedAppendableTest.java,UncheckedAppendableTest,testAppendCharSequenceIndexedThrows,2,0,void,,true,true,true,true
C:\Users\simon\Documents\Code\thesis-code\commons-io-master\src\test\java\org\apache\commons\io\output\UncheckedAppendableTest.java,UncheckedAppendableTest.java,UncheckedAppendableTest,testAppendCharSequenceThrows,2,0,void,,true,true,true,true
C:\Users\simon\Documents\Code\thesis-code\commons-io-master\src\test\java\org\apache\commons\io\output\UncheckedAppendableTest.java,UncheckedAppendableTest.java,UncheckedAppendableTest,testAppendCharThrows,2,0,void,,true,true,true,true
C:\Users\simon\Documents\Code\thesis-code\commons-io-master\src\test\java\org\apache\commons\io\output\UncheckedAppendableTest.java,UncheckedAppendableTest.java,UncheckedAppendableTest,testToString,1,0,void,,true,true,true,true
C:\Users\simon\Documents\Code\thesis-code\commons-io-master\src\test\java\org\apache\commons\io\output\UncheckedFilterOutputStreamTest.java,UncheckedFilterOutputStreamTest.java,UncheckedFilterOutputStreamTest,setUp,3,0,void,public,false,false,true,true
C:\Users\simon\Documents\Code\thesis-code\commons-io-master\src\test\java\org\apache\commons\io\output\UncheckedFilterOutputStreamTest.java,UncheckedFilterOutputStreamTest.java,UncheckedFilterOutputStreamTest,testClose,1,0,void,,true,true,true,true
C:\Users\simon\Documents\Code\thesis-code\commons-io-master\src\test\java\org\apache\commons\io\output\UncheckedFilterOutputStreamTest.java,UncheckedFilterOutputStreamTest.java,UncheckedFilterOutputStreamTest,testCloseThrows,1,0,void,,true,true,true,true
C:\Users\simon\Documents\Code\thesis-code\commons-io-master\src\test\java\org\apache\commons\io\output\UncheckedFilterOutputStreamTest.java,UncheckedFilterOutputStreamTest.java,UncheckedFilterOutputStreamTest,testEquals,1,0,void,,true,true,true,true
C:\Users\simon\Documents\Code\thesis-code\commons-io-master\src\test\java\org\apache\commons\io\output\UncheckedFilterOutputStreamTest.java,UncheckedFilterOutputStreamTest.java,UncheckedFilterOutputStreamTest,testEqualsThrows,1,0,void,,true,true,true,true
C:\Users\simon\Documents\Code\thesis-code\commons-io-master\src\test\java\org\apache\commons\io\output\UncheckedFilterOutputStreamTest.java,UncheckedFilterOutputStreamTest.java,UncheckedFilterOutputStreamTest,testFlush,1,0,void,,true,true,true,true
C:\Users\simon\Documents\Code\thesis-code\commons-io-master\src\test\java\org\apache\commons\io\output\UncheckedFilterOutputStreamTest.java,UncheckedFilterOutputStreamTest.java,UncheckedFilterOutputStreamTest,testFlushThrows,1,0,void,,true,true,true,true
C:\Users\simon\Documents\Code\thesis-code\commons-io-master\src\test\java\org\apache\commons\io\output\UncheckedFilterOutputStreamTest.java,UncheckedFilterOutputStreamTest.java,UncheckedFilterOutputStreamTest,testHashCode,1,0,void,,true,true,true,true
C:\Users\simon\Documents\Code\thesis-code\commons-io-master\src\test\java\org\apache\commons\io\output\UncheckedFilterOutputStreamTest.java,UncheckedFilterOutputStreamTest.java,UncheckedFilterOutputStreamTest,testHashCodeThrows,1,0,void,,true,true,true,true
C:\Users\simon\Documents\Code\thesis-code\commons-io-master\src\test\java\org\apache\commons\io\output\UncheckedFilterOutputStreamTest.java,UncheckedFilterOutputStreamTest.java,UncheckedFilterOutputStreamTest,testToString,1,0,void,,true,true,true,true
C:\Users\simon\Documents\Code\thesis-code\commons-io-master\src\test\java\org\apache\commons\io\output\UncheckedFilterOutputStreamTest.java,UncheckedFilterOutputStreamTest.java,UncheckedFilterOutputStreamTest,testToStringThrows,1,0,void,,true,true,true,true
C:\Users\simon\Documents\Code\thesis-code\commons-io-master\src\test\java\org\apache\commons\io\output\UncheckedFilterOutputStreamTest.java,UncheckedFilterOutputStreamTest.java,UncheckedFilterOutputStreamTest,testWriteInt,1,0,void,,true,true,true,true
C:\Users\simon\Documents\Code\thesis-code\commons-io-master\src\test\java\org\apache\commons\io\output\UncheckedFilterOutputStreamTest.java,UncheckedFilterOutputStreamTest.java,UncheckedFilterOutputStreamTest,testWriteIntThrows,1,0,void,,true,true,true,true
C:\Users\simon\Documents\Code\thesis-code\commons-io-master\src\test\java\org\apache\commons\io\output\UncheckedFilterWriterTest.java,UncheckedFilterWriterTest.java,UncheckedFilterWriterTest,setUp,3,0,void,public,false,false,true,true
C:\Users\simon\Documents\Code\thesis-code\commons-io-master\src\test\java\org\apache\commons\io\output\UncheckedFilterWriterTest.java,UncheckedFilterWriterTest.java,UncheckedFilterWriterTest,testAppendChar,1,0,void,,true,true,true,true
C:\Users\simon\Documents\Code\thesis-code\commons-io-master\src\test\java\org\apache\commons\io\output\UncheckedFilterWriterTest.java,UncheckedFilterWriterTest.java,UncheckedFilterWriterTest,testAppendCharSequence,1,0,void,,true,true,true,true
C:\Users\simon\Documents\Code\thesis-code\commons-io-master\src\test\java\org\apache\commons\io\output\UncheckedFilterWriterTest.java,UncheckedFilterWriterTest.java,UncheckedFilterWriterTest,testAppendCharSequenceIndexed,1,0,void,,true,true,true,true
C:\Users\simon\Documents\Code\thesis-code\commons-io-master\src\test\java\org\apache\commons\io\output\UncheckedFilterWriterTest.java,UncheckedFilterWriterTest.java,UncheckedFilterWriterTest,testAppendCharSequenceIndexedThrows,1,0,void,,true,true,true,true
C:\Users\simon\Documents\Code\thesis-code\commons-io-master\src\test\java\org\apache\commons\io\output\UncheckedFilterWriterTest.java,UncheckedFilterWriterTest.java,UncheckedFilterWriterTest,testAppendCharSequenceThrows,1,0,void,,true,true,true,true
C:\Users\simon\Documents\Code\thesis-code\commons-io-master\src\test\java\org\apache\commons\io\output\UncheckedFilterWriterTest.java,UncheckedFilterWriterTest.java,UncheckedFilterWriterTest,testAppendCharThrows,1,0,void,,true,true,true,true
C:\Users\simon\Documents\Code\thesis-code\commons-io-master\src\test\java\org\apache\commons\io\output\UncheckedFilterWriterTest.java,UncheckedFilterWriterTest.java,UncheckedFilterWriterTest,testClose,1,0,void,,true,true,true,true
C:\Users\simon\Documents\Code\thesis-code\commons-io-master\src\test\java\org\apache\commons\io\output\UncheckedFilterWriterTest.java,UncheckedFilterWriterTest.java,UncheckedFilterWriterTest,testCloseThrows,1,0,void,,true,true,true,true
C:\Users\simon\Documents\Code\thesis-code\commons-io-master\src\test\java\org\apache\commons\io\output\UncheckedFilterWriterTest.java,UncheckedFilterWriterTest.java,UncheckedFilterWriterTest,testEquals,1,0,void,,true,true,true,true
C:\Users\simon\Documents\Code\thesis-code\commons-io-master\src\test\java\org\apache\commons\io\output\UncheckedFilterWriterTest.java,UncheckedFilterWriterTest.java,UncheckedFilterWriterTest,testEqualsThrows,1,0,void,,true,true,true,true
C:\Users\simon\Documents\Code\thesis-code\commons-io-master\src\test\java\org\apache\commons\io\output\UncheckedFilterWriterTest.java,UncheckedFilterWriterTest.java,UncheckedFilterWriterTest,testFlush,1,0,void,,true,true,true,true
C:\Users\simon\Documents\Code\thesis-code\commons-io-master\src\test\java\org\apache\commons\io\output\UncheckedFilterWriterTest.java,UncheckedFilterWriterTest.java,UncheckedFilterWriterTest,testFlushThrows,1,0,void,,true,true,true,true
C:\Users\simon\Documents\Code\thesis-code\commons-io-master\src\test\java\org\apache\commons\io\output\UncheckedFilterWriterTest.java,UncheckedFilterWriterTest.java,UncheckedFilterWriterTest,testHashCode,1,0,void,,true,true,true,true
C:\Users\simon\Documents\Code\thesis-code\commons-io-master\src\test\java\org\apache\commons\io\output\UncheckedFilterWriterTest.java,UncheckedFilterWriterTest.java,UncheckedFilterWriterTest,testHashCodeThrows,1,0,void,,true,true,true,true
C:\Users\simon\Documents\Code\thesis-code\commons-io-master\src\test\java\org\apache\commons\io\output\UncheckedFilterWriterTest.java,UncheckedFilterWriterTest.java,UncheckedFilterWriterTest,testToString,1,0,void,,true,true,true,true
C:\Users\simon\Documents\Code\thesis-code\commons-io-master\src\test\java\org\apache\commons\io\output\UncheckedFilterWriterTest.java,UncheckedFilterWriterTest.java,UncheckedFilterWriterTest,testToStringThrows,1,0,void,,true,true,true,true
C:\Users\simon\Documents\Code\thesis-code\commons-io-master\src\test\java\org\apache\commons\io\output\UncheckedFilterWriterTest.java,UncheckedFilterWriterTest.java,UncheckedFilterWriterTest,testWriteCharArray,1,0,void,,true,true,true,true
C:\Users\simon\Documents\Code\thesis-code\commons-io-master\src\test\java\org\apache\commons\io\output\UncheckedFilterWriterTest.java,UncheckedFilterWriterTest.java,UncheckedFilterWriterTest,testWriteCharArrayIndexed,1,0,void,,true,true,true,true
C:\Users\simon\Documents\Code\thesis-code\commons-io-master\src\test\java\org\apache\commons\io\output\UncheckedFilterWriterTest.java,UncheckedFilterWriterTest.java,UncheckedFilterWriterTest,testWriteCharArrayIndexedThrows,1,0,void,,true,true,true,true
C:\Users\simon\Documents\Code\thesis-code\commons-io-master\src\test\java\org\apache\commons\io\output\UncheckedFilterWriterTest.java,UncheckedFilterWriterTest.java,UncheckedFilterWriterTest,testWriteCharArrayThrows,1,0,void,,true,true,true,true
C:\Users\simon\Documents\Code\thesis-code\commons-io-master\src\test\java\org\apache\commons\io\output\UncheckedFilterWriterTest.java,UncheckedFilterWriterTest.java,UncheckedFilterWriterTest,testWriteInt,1,0,void,,true,true,true,true
C:\Users\simon\Documents\Code\thesis-code\commons-io-master\src\test\java\org\apache\commons\io\output\UncheckedFilterWriterTest.java,UncheckedFilterWriterTest.java,UncheckedFilterWriterTest,testWriteIntThrows,1,0,void,,true,true,true,true
C:\Users\simon\Documents\Code\thesis-code\commons-io-master\src\test\java\org\apache\commons\io\output\UncheckedFilterWriterTest.java,UncheckedFilterWriterTest.java,UncheckedFilterWriterTest,testWriteString,1,0,void,,true,true,true,true
C:\Users\simon\Documents\Code\thesis-code\commons-io-master\src\test\java\org\apache\commons\io\output\UncheckedFilterWriterTest.java,UncheckedFilterWriterTest.java,UncheckedFilterWriterTest,testWriteStringIndexed,1,0,void,,true,true,true,true
C:\Users\simon\Documents\Code\thesis-code\commons-io-master\src\test\java\org\apache\commons\io\output\UncheckedFilterWriterTest.java,UncheckedFilterWriterTest.java,UncheckedFilterWriterTest,testWriteStringIndexedThrows,1,0,void,,true,true,true,true
C:\Users\simon\Documents\Code\thesis-code\commons-io-master\src\test\java\org\apache\commons\io\output\UncheckedFilterWriterTest.java,UncheckedFilterWriterTest.java,UncheckedFilterWriterTest,testWriteStringThrows,1,0,void,,true,true,true,true
C:\Users\simon\Documents\Code\thesis-code\commons-io-master\src\test\java\org\apache\commons\io\output\WriterOutputStreamTest.java,WriterOutputStreamTest.java,WriterOutputStreamTest,testFlush,2,0,void,,true,true,true,true
C:\Users\simon\Documents\Code\thesis-code\commons-io-master\src\test\java\org\apache\commons\io\output\WriterOutputStreamTest.java,WriterOutputStreamTest.java,WriterOutputStreamTest,testLargeUTF8CharsetWithBufferedWrite,1,0,void,,true,true,true,true
C:\Users\simon\Documents\Code\thesis-code\commons-io-master\src\test\java\org\apache\commons\io\output\WriterOutputStreamTest.java,WriterOutputStreamTest.java,WriterOutputStreamTest,testLargeUTF8CharsetWithSingleByteWrite,1,0,void,,true,true,true,true
C:\Users\simon\Documents\Code\thesis-code\commons-io-master\src\test\java\org\apache\commons\io\output\WriterOutputStreamTest.java,WriterOutputStreamTest.java,WriterOutputStreamTest,testLargeUTF8WithBufferedWrite,1,0,void,,true,true,true,true
C:\Users\simon\Documents\Code\thesis-code\commons-io-master\src\test\java\org\apache\commons\io\output\WriterOutputStreamTest.java,WriterOutputStreamTest.java,WriterOutputStreamTest,testLargeUTF8WithSingleByteWrite,1,0,void,,true,true,true,true
C:\Users\simon\Documents\Code\thesis-code\commons-io-master\src\test\java\org\apache\commons\io\output\WriterOutputStreamTest.java,WriterOutputStreamTest.java,WriterOutputStreamTest,testNullCharsetDecoderWithSingleByteWrite,1,0,void,,true,true,true,true
C:\Users\simon\Documents\Code\thesis-code\commons-io-master\src\test\java\org\apache\commons\io\output\WriterOutputStreamTest.java,WriterOutputStreamTest.java,WriterOutputStreamTest,testNullCharsetNameWithSingleByteWrite,1,0,void,,true,true,true,true
C:\Users\simon\Documents\Code\thesis-code\commons-io-master\src\test\java\org\apache\commons\io\output\WriterOutputStreamTest.java,WriterOutputStreamTest.java,WriterOutputStreamTest,testNullCharsetWithSingleByteWrite,1,0,void,,true,true,true,true
C:\Users\simon\Documents\Code\thesis-code\commons-io-master\src\test\java\org\apache\commons\io\output\WriterOutputStreamTest.java,WriterOutputStreamTest.java,WriterOutputStreamTest,testUTF16BEWithBufferedWrite,1,0,void,,true,true,true,true
C:\Users\simon\Documents\Code\thesis-code\commons-io-master\src\test\java\org\apache\commons\io\output\WriterOutputStreamTest.java,WriterOutputStreamTest.java,WriterOutputStreamTest,testUTF16BEWithSingleByteWrite,1,0,void,,true,true,true,true
C:\Users\simon\Documents\Code\thesis-code\commons-io-master\src\test\java\org\apache\commons\io\output\WriterOutputStreamTest.java,WriterOutputStreamTest.java,WriterOutputStreamTest,testUTF16LEWithBufferedWrite,1,0,void,,true,true,true,true
C:\Users\simon\Documents\Code\thesis-code\commons-io-master\src\test\java\org\apache\commons\io\output\WriterOutputStreamTest.java,WriterOutputStreamTest.java,WriterOutputStreamTest,testUTF16LEWithSingleByteWrite,1,0,void,,true,true,true,true
C:\Users\simon\Documents\Code\thesis-code\commons-io-master\src\test\java\org\apache\commons\io\output\WriterOutputStreamTest.java,WriterOutputStreamTest.java,WriterOutputStreamTest,testUTF16WithBufferedWrite,1,0,void,,true,true,true,true
C:\Users\simon\Documents\Code\thesis-code\commons-io-master\src\test\java\org\apache\commons\io\output\WriterOutputStreamTest.java,WriterOutputStreamTest.java,WriterOutputStreamTest,testUTF16WithSingleByteWrite,1,0,void,,true,true,true,true
C:\Users\simon\Documents\Code\thesis-code\commons-io-master\src\test\java\org\apache\commons\io\output\WriterOutputStreamTest.java,WriterOutputStreamTest.java,WriterOutputStreamTest,testUTF8WithBufferedWrite,1,0,void,,true,true,true,true
C:\Users\simon\Documents\Code\thesis-code\commons-io-master\src\test\java\org\apache\commons\io\output\WriterOutputStreamTest.java,WriterOutputStreamTest.java,WriterOutputStreamTest,testUTF8WithSingleByteWrite,1,0,void,,true,true,true,true
C:\Users\simon\Documents\Code\thesis-code\commons-io-master\src\test\java\org\apache\commons\io\output\WriterOutputStreamTest.java,WriterOutputStreamTest.java,WriterOutputStreamTest,testWithBufferedWrite,4,2,void,private,false,true,true,true
C:\Users\simon\Documents\Code\thesis-code\commons-io-master\src\test\java\org\apache\commons\io\output\WriterOutputStreamTest.java,WriterOutputStreamTest.java,WriterOutputStreamTest,testWithSingleByteWrite,7,2,void,private,false,true,true,true
C:\Users\simon\Documents\Code\thesis-code\commons-io-master\src\test\java\org\apache\commons\io\output\WriterOutputStreamTest.java,WriterOutputStreamTest.java,WriterOutputStreamTest,testWithSingleByteWrite,7,2,void,private,false,true,true,true
C:\Users\simon\Documents\Code\thesis-code\commons-io-master\src\test\java\org\apache\commons\io\output\WriterOutputStreamTest.java,WriterOutputStreamTest.java,WriterOutputStreamTest,testWithSingleByteWrite,7,2,void,private,false,true,true,true
C:\Users\simon\Documents\Code\thesis-code\commons-io-master\src\test\java\org\apache\commons\io\output\WriterOutputStreamTest.java,WriterOutputStreamTest.java,WriterOutputStreamTest,testWriteImmediately,3,0,void,,true,true,true,true
C:\Users\simon\Documents\Code\thesis-code\commons-io-master\src\test\java\org\apache\commons\io\output\WriterOutputStreamTest.java,WriterOutputStreamTest.java,WriterOutputStreamTest,writeOneAtATime,1,2,void,private,false,false,true,true
C:\Users\simon\Documents\Code\thesis-code\commons-io-master\src\test\java\org\apache\commons\io\output\XmlStreamWriterTest.java,XmlStreamWriterTest.java,XmlStreamWriterTest,checkXmlContent,9,3,void,private; static,false,false,true,true
C:\Users\simon\Documents\Code\thesis-code\commons-io-master\src\test\java\org\apache\commons\io\output\XmlStreamWriterTest.java,XmlStreamWriterTest.java,XmlStreamWriterTest,checkXmlWriter,1,2,void,private; static,false,false,true,true
C:\Users\simon\Documents\Code\thesis-code\commons-io-master\src\test\java\org\apache\commons\io\output\XmlStreamWriterTest.java,XmlStreamWriterTest.java,XmlStreamWriterTest,checkXmlWriter,4,3,void,private; static,false,false,true,true
C:\Users\simon\Documents\Code\thesis-code\commons-io-master\src\test\java\org\apache\commons\io\output\XmlStreamWriterTest.java,XmlStreamWriterTest.java,XmlStreamWriterTest,createXmlContent,3,2,String,private; static,false,false,true,true
C:\Users\simon\Documents\Code\thesis-code\commons-io-master\src\test\java\org\apache\commons\io\output\XmlStreamWriterTest.java,XmlStreamWriterTest.java,XmlStreamWriterTest,testDefaultEncoding,5,0,void,,true,true,true,true
C:\Users\simon\Documents\Code\thesis-code\commons-io-master\src\test\java\org\apache\commons\io\output\XmlStreamWriterTest.java,XmlStreamWriterTest.java,XmlStreamWriterTest,testEBCDICEncoding,1,0,void,,true,true,true,true
C:\Users\simon\Documents\Code\thesis-code\commons-io-master\src\test\java\org\apache\commons\io\output\XmlStreamWriterTest.java,XmlStreamWriterTest.java,XmlStreamWriterTest,testEmpty,2,0,void,,true,true,true,true
C:\Users\simon\Documents\Code\thesis-code\commons-io-master\src\test\java\org\apache\commons\io\output\XmlStreamWriterTest.java,XmlStreamWriterTest.java,XmlStreamWriterTest,testEUC_JPEncoding,1,0,void,,true,true,true,true
C:\Users\simon\Documents\Code\thesis-code\commons-io-master\src\test\java\org\apache\commons\io\output\XmlStreamWriterTest.java,XmlStreamWriterTest.java,XmlStreamWriterTest,testLatin15Encoding,1,0,void,,true,true,true,true
C:\Users\simon\Documents\Code\thesis-code\commons-io-master\src\test\java\org\apache\commons\io\output\XmlStreamWriterTest.java,XmlStreamWriterTest.java,XmlStreamWriterTest,testLatin1Encoding,1,0,void,,true,true,true,true
C:\Users\simon\Documents\Code\thesis-code\commons-io-master\src\test\java\org\apache\commons\io\output\XmlStreamWriterTest.java,XmlStreamWriterTest.java,XmlStreamWriterTest,testLatin7Encoding,1,0,void,,true,true,true,true
C:\Users\simon\Documents\Code\thesis-code\commons-io-master\src\test\java\org\apache\commons\io\output\XmlStreamWriterTest.java,XmlStreamWriterTest.java,XmlStreamWriterTest,testLowerCaseEncodingWithTurkishLocale_IO_557,3,0,void,,true,true,true,true
C:\Users\simon\Documents\Code\thesis-code\commons-io-master\src\test\java\org\apache\commons\io\output\XmlStreamWriterTest.java,XmlStreamWriterTest.java,XmlStreamWriterTest,testNoXmlHeader,1,0,void,,true,true,true,true
C:\Users\simon\Documents\Code\thesis-code\commons-io-master\src\test\java\org\apache\commons\io\output\XmlStreamWriterTest.java,XmlStreamWriterTest.java,XmlStreamWriterTest,testUTF16BEEncoding,1,0,void,,true,true,true,true
C:\Users\simon\Documents\Code\thesis-code\commons-io-master\src\test\java\org\apache\commons\io\output\XmlStreamWriterTest.java,XmlStreamWriterTest.java,XmlStreamWriterTest,testUTF16Encoding,1,0,void,,true,true,true,true
C:\Users\simon\Documents\Code\thesis-code\commons-io-master\src\test\java\org\apache\commons\io\output\XmlStreamWriterTest.java,XmlStreamWriterTest.java,XmlStreamWriterTest,testUTF16LEEncoding,1,0,void,,true,true,true,true
C:\Users\simon\Documents\Code\thesis-code\commons-io-master\src\test\java\org\apache\commons\io\output\XmlStreamWriterTest.java,XmlStreamWriterTest.java,XmlStreamWriterTest,testUTF8Encoding,1,0,void,,true,true,true,true
C:\Users\simon\Documents\Code\thesis-code\commons-io-master\src\test\java\org\apache\commons\io\RandomAccessFileModeTest.java,RandomAccessFileModeTest.java,RandomAccessFileModeTest,read,1,1,byte[],private,false,false,true,true
C:\Users\simon\Documents\Code\thesis-code\commons-io-master\src\test\java\org\apache\commons\io\RandomAccessFileModeTest.java,RandomAccessFileModeTest.java,RandomAccessFileModeTest,testCreateFile,3,1,void,,false,true,true,true
C:\Users\simon\Documents\Code\thesis-code\commons-io-master\src\test\java\org\apache\commons\io\RandomAccessFileModeTest.java,RandomAccessFileModeTest.java,RandomAccessFileModeTest,testCreatePath,3,1,void,,false,true,true,true
C:\Users\simon\Documents\Code\thesis-code\commons-io-master\src\test\java\org\apache\commons\io\RandomAccessFileModeTest.java,RandomAccessFileModeTest.java,RandomAccessFileModeTest,testCreateString,3,1,void,,false,true,true,true
C:\Users\simon\Documents\Code\thesis-code\commons-io-master\src\test\java\org\apache\commons\io\RandomAccessFileModeTest.java,RandomAccessFileModeTest.java,RandomAccessFileModeTest,testGetMode,4,0,void,,true,true,true,true
C:\Users\simon\Documents\Code\thesis-code\commons-io-master\src\test\java\org\apache\commons\io\RandomAccessFileModeTest.java,RandomAccessFileModeTest.java,RandomAccessFileModeTest,testImplies,4,0,void,,true,true,true,true
C:\Users\simon\Documents\Code\thesis-code\commons-io-master\src\test\java\org\apache\commons\io\RandomAccessFileModeTest.java,RandomAccessFileModeTest.java,RandomAccessFileModeTest,testIoString,3,1,void,,false,true,true,true
C:\Users\simon\Documents\Code\thesis-code\commons-io-master\src\test\java\org\apache\commons\io\RandomAccessFileModeTest.java,RandomAccessFileModeTest.java,RandomAccessFileModeTest,testToString,4,0,void,,true,true,true,true
C:\Users\simon\Documents\Code\thesis-code\commons-io-master\src\test\java\org\apache\commons\io\RandomAccessFileModeTest.java,RandomAccessFileModeTest.java,RandomAccessFileModeTest,testValueOf,1,1,void,,false,true,true,true
C:\Users\simon\Documents\Code\thesis-code\commons-io-master\src\test\java\org\apache\commons\io\RandomAccessFileModeTest.java,RandomAccessFileModeTest.java,RandomAccessFileModeTest,testValueOf,1,1,void,,false,true,true,true
C:\Users\simon\Documents\Code\thesis-code\commons-io-master\src\test\java\org\apache\commons\io\RandomAccessFileModeTest.java,RandomAccessFileModeTest.java,RandomAccessFileModeTest,testValueOfMode,4,0,void,,true,true,true,true
C:\Users\simon\Documents\Code\thesis-code\commons-io-master\src\test\java\org\apache\commons\io\RandomAccessFileModeTest.java,RandomAccessFileModeTest.java,RandomAccessFileModeTest,testValueOfOpenOptions,9,0,void,,true,true,true,true
C:\Users\simon\Documents\Code\thesis-code\commons-io-master\src\test\java\org\apache\commons\io\RandomAccessFileModeTest.java,RandomAccessFileModeTest.java,RandomAccessFileModeTest,writeFixture,1,1,Path,private,false,false,true,true
C:\Users\simon\Documents\Code\thesis-code\commons-io-master\src\test\java\org\apache\commons\io\RandomAccessFilesTest.java,RandomAccessFilesTest.java,RandomAccessFilesTest,reverse,1,1,byte,private; static,false,false,true,true
C:\Users\simon\Documents\Code\thesis-code\commons-io-master\src\test\java\org\apache\commons\io\RandomAccessFilesTest.java,RandomAccessFilesTest.java,RandomAccessFilesTest,testContentEquals,11,1,void,,false,true,true,true
C:\Users\simon\Documents\Code\thesis-code\commons-io-master\src\test\java\org\apache\commons\io\RandomAccessFilesTest.java,RandomAccessFilesTest.java,RandomAccessFilesTest,testRead,6,1,void,,false,true,true,true
C:\Users\simon\Documents\Code\thesis-code\commons-io-master\src\test\java\org\apache\commons\io\serialization\AbstractCloseableListTest.java,AbstractCloseableListTest.java,AbstractCloseableListTest,addCloseable,2,1,T,protected,false,false,true,true
C:\Users\simon\Documents\Code\thesis-code\commons-io-master\src\test\java\org\apache\commons\io\serialization\AbstractCloseableListTest.java,AbstractCloseableListTest.java,AbstractCloseableListTest,cleanup,1,0,void,public,false,false,true,true
C:\Users\simon\Documents\Code\thesis-code\commons-io-master\src\test\java\org\apache\commons\io\serialization\AbstractCloseableListTest.java,AbstractCloseableListTest.java,AbstractCloseableListTest,clearCloseable,1,0,void,public,false,false,true,true
C:\Users\simon\Documents\Code\thesis-code\commons-io-master\src\test\java\org\apache\commons\io\serialization\FullClassNameMatcherTest.java,FullClassNameMatcherTest.java,FullClassNameMatcherTest,testNoNames,2,0,void,,true,true,true,true
C:\Users\simon\Documents\Code\thesis-code\commons-io-master\src\test\java\org\apache\commons\io\serialization\FullClassNameMatcherTest.java,FullClassNameMatcherTest.java,FullClassNameMatcherTest,testWithNames,3,0,void,,true,true,true,true
C:\Users\simon\Documents\Code\thesis-code\commons-io-master\src\test\java\org\apache\commons\io\serialization\MoreComplexObjectTest.java,MoreComplexObjectTest.java,MoreComplexObjectTest,assertSerialization,2,1,void,private,false,false,true,true
C:\Users\simon\Documents\Code\thesis-code\commons-io-master\src\test\java\org\apache\commons\io\serialization\MoreComplexObjectTest.java,MoreComplexObjectTest.java,MoreComplexObjectTest,setupMoreComplexObject,5,0,void,public,false,false,true,true
C:\Users\simon\Documents\Code\thesis-code\commons-io-master\src\test\java\org\apache\commons\io\serialization\MoreComplexObjectTest.java,MoreComplexObjectTest.java,MoreComplexObjectTest,testTrustJavaIncludingArrays,1,0,void,,true,true,true,true
C:\Users\simon\Documents\Code\thesis-code\commons-io-master\src\test\java\org\apache\commons\io\serialization\MoreComplexObjectTest.java,MoreComplexObjectTest.java,MoreComplexObjectTest,testTrustJavaLang,1,0,void,,true,true,true,true
C:\Users\simon\Documents\Code\thesis-code\commons-io-master\src\test\java\org\apache\commons\io\serialization\MoreComplexObjectTest.java,MoreComplexObjectTest.java,MoreComplexObjectTest,testUseBlacklist,2,0,void,,true,true,true,true
C:\Users\simon\Documents\Code\thesis-code\commons-io-master\src\test\java\org\apache\commons\io\serialization\ProxyTest.java,ProxyTest.java,InvocationHandlerImpl,foo,0,0,void,,false,false,true,false
C:\Users\simon\Documents\Code\thesis-code\commons-io-master\src\test\java\org\apache\commons\io\serialization\ProxyTest.java,ProxyTest.java,InvocationHandlerImpl,invoke,1,3,Object,public,false,false,true,false
C:\Users\simon\Documents\Code\thesis-code\commons-io-master\src\test\java\org\apache\commons\io\serialization\ProxyTest.java,ProxyTest.java,InvocationHandlerImpl,newProxy,1,0,Object,,false,false,true,false
C:\Users\simon\Documents\Code\thesis-code\commons-io-master\src\test\java\org\apache\commons\io\serialization\ProxyTest.java,ProxyTest.java,InvocationHandlerImpl,testAcceptProxy,4,0,void,,true,true,true,false
C:\Users\simon\Documents\Code\thesis-code\commons-io-master\src\test\java\org\apache\commons\io\serialization\ProxyTest.java,ProxyTest.java,InvocationHandlerImpl,testRejectProxy,4,0,void,,true,true,true,false
C:\Users\simon\Documents\Code\thesis-code\commons-io-master\src\test\java\org\apache\commons\io\serialization\RegexpClassNameMatcherTest.java,RegexpClassNameMatcherTest.java,RegexpClassNameMatcherTest,testNullPatternPattern,1,0,void,,true,true,true,true
C:\Users\simon\Documents\Code\thesis-code\commons-io-master\src\test\java\org\apache\commons\io\serialization\RegexpClassNameMatcherTest.java,RegexpClassNameMatcherTest.java,RegexpClassNameMatcherTest,testNullStringPattern,1,0,void,,true,true,true,true
C:\Users\simon\Documents\Code\thesis-code\commons-io-master\src\test\java\org\apache\commons\io\serialization\RegexpClassNameMatcherTest.java,RegexpClassNameMatcherTest.java,RegexpClassNameMatcherTest,testOrPattern,4,0,void,,true,true,true,true
C:\Users\simon\Documents\Code\thesis-code\commons-io-master\src\test\java\org\apache\commons\io\serialization\RegexpClassNameMatcherTest.java,RegexpClassNameMatcherTest.java,RegexpClassNameMatcherTest,testSimplePatternFromPattern,3,0,void,,true,true,true,true
C:\Users\simon\Documents\Code\thesis-code\commons-io-master\src\test\java\org\apache\commons\io\serialization\RegexpClassNameMatcherTest.java,RegexpClassNameMatcherTest.java,RegexpClassNameMatcherTest,testSimplePatternFromString,3,0,void,,true,true,true,true
C:\Users\simon\Documents\Code\thesis-code\commons-io-master\src\test\java\org\apache\commons\io\serialization\ValidatingObjectInputStreamTest.java,ValidatingObjectInputStreamTest.java,CustomVOIS,assertSerialization,2,1,void,private,false,false,true,false
C:\Users\simon\Documents\Code\thesis-code\commons-io-master\src\test\java\org\apache\commons\io\serialization\ValidatingObjectInputStreamTest.java,ValidatingObjectInputStreamTest.java,CustomVOIS,newBuilder,1,0,Builder,private,false,false,true,false
C:\Users\simon\Documents\Code\thesis-code\commons-io-master\src\test\java\org\apache\commons\io\serialization\ValidatingObjectInputStreamTest.java,ValidatingObjectInputStreamTest.java,CustomVOIS,newFixture,1,0,ValidatingObjectInputStream,private,false,false,true,false
C:\Users\simon\Documents\Code\thesis-code\commons-io-master\src\test\java\org\apache\commons\io\serialization\ValidatingObjectInputStreamTest.java,ValidatingObjectInputStreamTest.java,CustomVOIS,setupMockSerializedClass,5,0,void,public,false,false,true,false
C:\Users\simon\Documents\Code\thesis-code\commons-io-master\src\test\java\org\apache\commons\io\serialization\ValidatingObjectInputStreamTest.java,ValidatingObjectInputStreamTest.java,CustomVOIS,testAcceptCustomMatcherBuilder,1,0,void,,true,true,true,false
C:\Users\simon\Documents\Code\thesis-code\commons-io-master\src\test\java\org\apache\commons\io\serialization\ValidatingObjectInputStreamTest.java,ValidatingObjectInputStreamTest.java,CustomVOIS,testAcceptCustomMatcherInstance,1,0,void,,true,true,true,false
C:\Users\simon\Documents\Code\thesis-code\commons-io-master\src\test\java\org\apache\commons\io\serialization\ValidatingObjectInputStreamTest.java,ValidatingObjectInputStreamTest.java,CustomVOIS,testAcceptOneFail,1,0,void,,true,true,true,false
C:\Users\simon\Documents\Code\thesis-code\commons-io-master\src\test\java\org\apache\commons\io\serialization\ValidatingObjectInputStreamTest.java,ValidatingObjectInputStreamTest.java,CustomVOIS,testAcceptOnePassBuilder,1,0,void,,true,true,true,false
C:\Users\simon\Documents\Code\thesis-code\commons-io-master\src\test\java\org\apache\commons\io\serialization\ValidatingObjectInputStreamTest.java,ValidatingObjectInputStreamTest.java,CustomVOIS,testAcceptOnePassInstance,1,0,void,,true,true,true,false
C:\Users\simon\Documents\Code\thesis-code\commons-io-master\src\test\java\org\apache\commons\io\serialization\ValidatingObjectInputStreamTest.java,ValidatingObjectInputStreamTest.java,CustomVOIS,testAcceptPatternBuilder,1,0,void,,true,true,true,false
C:\Users\simon\Documents\Code\thesis-code\commons-io-master\src\test\java\org\apache\commons\io\serialization\ValidatingObjectInputStreamTest.java,ValidatingObjectInputStreamTest.java,CustomVOIS,testAcceptPatternInstance,1,0,void,,true,true,true,false
C:\Users\simon\Documents\Code\thesis-code\commons-io-master\src\test\java\org\apache\commons\io\serialization\ValidatingObjectInputStreamTest.java,ValidatingObjectInputStreamTest.java,CustomVOIS,testAcceptWildcardBuilder,1,0,void,,true,true,true,false
C:\Users\simon\Documents\Code\thesis-code\commons-io-master\src\test\java\org\apache\commons\io\serialization\ValidatingObjectInputStreamTest.java,ValidatingObjectInputStreamTest.java,CustomVOIS,testAcceptWildcardInstance,1,0,void,,true,true,true,false
C:\Users\simon\Documents\Code\thesis-code\commons-io-master\src\test\java\org\apache\commons\io\serialization\ValidatingObjectInputStreamTest.java,ValidatingObjectInputStreamTest.java,CustomVOIS,testBuildDefault,2,0,void,,true,true,true,false
C:\Users\simon\Documents\Code\thesis-code\commons-io-master\src\test\java\org\apache\commons\io\serialization\ValidatingObjectInputStreamTest.java,ValidatingObjectInputStreamTest.java,CustomVOIS,testConstructor,1,0,void,,true,true,true,false
C:\Users\simon\Documents\Code\thesis-code\commons-io-master\src\test\java\org\apache\commons\io\serialization\ValidatingObjectInputStreamTest.java,ValidatingObjectInputStreamTest.java,CustomVOIS,testCustomInvalidMethod,2,0,void,,true,true,true,false
C:\Users\simon\Documents\Code\thesis-code\commons-io-master\src\test\java\org\apache\commons\io\serialization\ValidatingObjectInputStreamTest.java,ValidatingObjectInputStreamTest.java,CustomVOIS,invalidClassNameFound,1,1,void,protected,false,false,true,false
C:\Users\simon\Documents\Code\thesis-code\commons-io-master\src\test\java\org\apache\commons\io\serialization\ValidatingObjectInputStreamTest.java,ValidatingObjectInputStreamTest.java,CustomVOIS,testExceptionIncludesClassName,3,0,void,,true,true,true,false
C:\Users\simon\Documents\Code\thesis-code\commons-io-master\src\test\java\org\apache\commons\io\serialization\ValidatingObjectInputStreamTest.java,ValidatingObjectInputStreamTest.java,CustomVOIS,testJavadocExample,7,0,void,,true,true,true,false
C:\Users\simon\Documents\Code\thesis-code\commons-io-master\src\test\java\org\apache\commons\io\serialization\ValidatingObjectInputStreamTest.java,ValidatingObjectInputStreamTest.java,CustomVOIS,testNoAccept,1,0,void,,true,true,true,false
C:\Users\simon\Documents\Code\thesis-code\commons-io-master\src\test\java\org\apache\commons\io\serialization\ValidatingObjectInputStreamTest.java,ValidatingObjectInputStreamTest.java,CustomVOIS,testOurTestClassAcceptedFirst,1,0,void,,true,true,true,false
C:\Users\simon\Documents\Code\thesis-code\commons-io-master\src\test\java\org\apache\commons\io\serialization\ValidatingObjectInputStreamTest.java,ValidatingObjectInputStreamTest.java,CustomVOIS,testOurTestClassAcceptedFirstWildcard,1,0,void,,true,true,true,false
C:\Users\simon\Documents\Code\thesis-code\commons-io-master\src\test\java\org\apache\commons\io\serialization\ValidatingObjectInputStreamTest.java,ValidatingObjectInputStreamTest.java,CustomVOIS,testOurTestClassAcceptedSecond,1,0,void,,true,true,true,false
C:\Users\simon\Documents\Code\thesis-code\commons-io-master\src\test\java\org\apache\commons\io\serialization\ValidatingObjectInputStreamTest.java,ValidatingObjectInputStreamTest.java,CustomVOIS,testOurTestClassAcceptedSecondWildcard,1,0,void,,true,true,true,false
C:\Users\simon\Documents\Code\thesis-code\commons-io-master\src\test\java\org\apache\commons\io\serialization\ValidatingObjectInputStreamTest.java,ValidatingObjectInputStreamTest.java,CustomVOIS,testOurTestClassNotAccepted,1,0,void,,true,true,true,false
C:\Users\simon\Documents\Code\thesis-code\commons-io-master\src\test\java\org\apache\commons\io\serialization\ValidatingObjectInputStreamTest.java,ValidatingObjectInputStreamTest.java,CustomVOIS,testOurTestClassOnlyAccepted,1,0,void,,true,true,true,false
C:\Users\simon\Documents\Code\thesis-code\commons-io-master\src\test\java\org\apache\commons\io\serialization\ValidatingObjectInputStreamTest.java,ValidatingObjectInputStreamTest.java,CustomVOIS,testRejectBuilder,1,0,void,,true,true,true,false
C:\Users\simon\Documents\Code\thesis-code\commons-io-master\src\test\java\org\apache\commons\io\serialization\ValidatingObjectInputStreamTest.java,ValidatingObjectInputStreamTest.java,CustomVOIS,testRejectCustomMatcherBuilder,1,0,void,,true,true,true,false
C:\Users\simon\Documents\Code\thesis-code\commons-io-master\src\test\java\org\apache\commons\io\serialization\ValidatingObjectInputStreamTest.java,ValidatingObjectInputStreamTest.java,CustomVOIS,testRejectCustomMatcherInstance,1,0,void,,true,true,true,false
C:\Users\simon\Documents\Code\thesis-code\commons-io-master\src\test\java\org\apache\commons\io\serialization\ValidatingObjectInputStreamTest.java,ValidatingObjectInputStreamTest.java,CustomVOIS,testRejectInstance,1,0,void,,true,true,true,false
C:\Users\simon\Documents\Code\thesis-code\commons-io-master\src\test\java\org\apache\commons\io\serialization\ValidatingObjectInputStreamTest.java,ValidatingObjectInputStreamTest.java,CustomVOIS,testRejectOnly,1,0,void,,true,true,true,false
C:\Users\simon\Documents\Code\thesis-code\commons-io-master\src\test\java\org\apache\commons\io\serialization\ValidatingObjectInputStreamTest.java,ValidatingObjectInputStreamTest.java,CustomVOIS,testRejectPattern,1,0,void,,true,true,true,false
C:\Users\simon\Documents\Code\thesis-code\commons-io-master\src\test\java\org\apache\commons\io\serialization\ValidatingObjectInputStreamTest.java,ValidatingObjectInputStreamTest.java,CustomVOIS,testRejectPrecedenceBuilder,1,0,void,,true,true,true,false
C:\Users\simon\Documents\Code\thesis-code\commons-io-master\src\test\java\org\apache\commons\io\serialization\ValidatingObjectInputStreamTest.java,ValidatingObjectInputStreamTest.java,CustomVOIS,testRejectPrecedenceInstance,1,0,void,,true,true,true,false
C:\Users\simon\Documents\Code\thesis-code\commons-io-master\src\test\java\org\apache\commons\io\serialization\ValidatingObjectInputStreamTest.java,ValidatingObjectInputStreamTest.java,CustomVOIS,testRejectWildcardBuilder,1,0,void,,true,true,true,false
C:\Users\simon\Documents\Code\thesis-code\commons-io-master\src\test\java\org\apache\commons\io\serialization\ValidatingObjectInputStreamTest.java,ValidatingObjectInputStreamTest.java,CustomVOIS,testRejectWildcardInstance,1,0,void,,true,true,true,false
C:\Users\simon\Documents\Code\thesis-code\commons-io-master\src\test\java\org\apache\commons\io\serialization\ValidatingObjectInputStreamTest.java,ValidatingObjectInputStreamTest.java,CustomVOIS,testReuseConfiguration,10,0,void,,true,true,true,false
C:\Users\simon\Documents\Code\thesis-code\commons-io-master\src\test\java\org\apache\commons\io\serialization\WildcardClassNameMatcherTest.java,WildcardClassNameMatcherTest.java,WildcardClassNameMatcherTest,testNoPattern,4,0,void,,true,true,true,true
C:\Users\simon\Documents\Code\thesis-code\commons-io-master\src\test\java\org\apache\commons\io\serialization\WildcardClassNameMatcherTest.java,WildcardClassNameMatcherTest.java,WildcardClassNameMatcherTest,testStar,3,0,void,,true,true,true,true
C:\Users\simon\Documents\Code\thesis-code\commons-io-master\src\test\java\org\apache\commons\io\serialization\WildcardClassNameMatcherTest.java,WildcardClassNameMatcherTest.java,WildcardClassNameMatcherTest,testStarAndQuestionMark,3,0,void,,true,true,true,true
C:\Users\simon\Documents\Code\thesis-code\commons-io-master\src\test\java\org\apache\commons\io\StandardLineSeparatorTest.java,StandardLineSeparatorTest.java,StandardLineSeparatorTest,testCR,1,0,void,,true,true,true,true
C:\Users\simon\Documents\Code\thesis-code\commons-io-master\src\test\java\org\apache\commons\io\StandardLineSeparatorTest.java,StandardLineSeparatorTest.java,StandardLineSeparatorTest,testCR_getBytes,1,0,void,,true,true,true,true
C:\Users\simon\Documents\Code\thesis-code\commons-io-master\src\test\java\org\apache\commons\io\StandardLineSeparatorTest.java,StandardLineSeparatorTest.java,StandardLineSeparatorTest,testCRLF,1,0,void,,true,true,true,true
C:\Users\simon\Documents\Code\thesis-code\commons-io-master\src\test\java\org\apache\commons\io\StandardLineSeparatorTest.java,StandardLineSeparatorTest.java,StandardLineSeparatorTest,testCRLF_getBytes,1,0,void,,true,true,true,true
C:\Users\simon\Documents\Code\thesis-code\commons-io-master\src\test\java\org\apache\commons\io\StandardLineSeparatorTest.java,StandardLineSeparatorTest.java,StandardLineSeparatorTest,testLF,1,0,void,,true,true,true,true
C:\Users\simon\Documents\Code\thesis-code\commons-io-master\src\test\java\org\apache\commons\io\StandardLineSeparatorTest.java,StandardLineSeparatorTest.java,StandardLineSeparatorTest,testLF_getBytes,1,0,void,,true,true,true,true
C:\Users\simon\Documents\Code\thesis-code\commons-io-master\src\test\java\org\apache\commons\io\StreamIteratorTest.java,StreamIteratorTest.java,StreamIteratorTest,testForEachRemaining,6,0,void,,true,true,true,true
C:\Users\simon\Documents\Code\thesis-code\commons-io-master\src\test\java\org\apache\commons\io\StreamIteratorTest.java,StreamIteratorTest.java,StreamIteratorTest,testHasNext,6,0,void,,true,true,true,true
C:\Users\simon\Documents\Code\thesis-code\commons-io-master\src\test\java\org\apache\commons\io\TaggedIOExceptionTest.java,TaggedIOExceptionTest.java,TaggedIOExceptionTest,testTaggedIOException,7,0,void,,true,true,true,true
C:\Users\simon\Documents\Code\thesis-code\commons-io-master\src\test\java\org\apache\commons\io\test\TestUtils.java,TestUtils.java,TestUtils,assertEqualContent,1,2,void,public; static,false,false,true,true
C:\Users\simon\Documents\Code\thesis-code\commons-io-master\src\test\java\org\apache\commons\io\test\TestUtils.java,TestUtils.java,TestUtils,assertEqualContent,4,2,void,public; static,false,false,true,true
C:\Users\simon\Documents\Code\thesis-code\commons-io-master\src\test\java\org\apache\commons\io\test\TestUtils.java,TestUtils.java,TestUtils,assertEqualContent,1,2,void,public; static,false,false,true,true
C:\Users\simon\Documents\Code\thesis-code\commons-io-master\src\test\java\org\apache\commons\io\test\TestUtils.java,TestUtils.java,TestUtils,assertEqualContent,4,2,void,public; static,false,false,true,true
C:\Users\simon\Documents\Code\thesis-code\commons-io-master\src\test\java\org\apache\commons\io\test\TestUtils.java,TestUtils.java,TestUtils,assertEqualContent,1,2,void,private; static,false,false,true,true
C:\Users\simon\Documents\Code\thesis-code\commons-io-master\src\test\java\org\apache\commons\io\test\TestUtils.java,TestUtils.java,TestUtils,checkFile,2,2,void,public; static,false,false,true,true
C:\Users\simon\Documents\Code\thesis-code\commons-io-master\src\test\java\org\apache\commons\io\test\TestUtils.java,TestUtils.java,TestUtils,checkWrite,1,1,void,public; static,false,false,true,true
C:\Users\simon\Documents\Code\thesis-code\commons-io-master\src\test\java\org\apache\commons\io\test\TestUtils.java,TestUtils.java,TestUtils,checkWrite,1,1,void,public; static,false,false,true,true
C:\Users\simon\Documents\Code\thesis-code\commons-io-master\src\test\java\org\apache\commons\io\test\TestUtils.java,TestUtils.java,TestUtils,createFile,2,2,void,public; static,false,false,true,true
C:\Users\simon\Documents\Code\thesis-code\commons-io-master\src\test\java\org\apache\commons\io\test\TestUtils.java,TestUtils.java,TestUtils,createFile,2,2,void,public; static,false,false,true,true
C:\Users\simon\Documents\Code\thesis-code\commons-io-master\src\test\java\org\apache\commons\io\test\TestUtils.java,TestUtils.java,TestUtils,createLineFileUtf8,2,2,void,public; static,false,false,true,true
C:\Users\simon\Documents\Code\thesis-code\commons-io-master\src\test\java\org\apache\commons\io\test\TestUtils.java,TestUtils.java,TestUtils,deleteFile,1,1,void,public; static,false,false,true,true
C:\Users\simon\Documents\Code\thesis-code\commons-io-master\src\test\java\org\apache\commons\io\test\TestUtils.java,TestUtils.java,TestUtils,generateTestData,1,2,void,public; static,false,false,true,true
C:\Users\simon\Documents\Code\thesis-code\commons-io-master\src\test\java\org\apache\commons\io\test\TestUtils.java,TestUtils.java,TestUtils,generateTestData,1,1,byte[],public; static,false,false,true,true
C:\Users\simon\Documents\Code\thesis-code\commons-io-master\src\test\java\org\apache\commons\io\test\TestUtils.java,TestUtils.java,TestUtils,generateTestData,1,2,void,public; static,false,false,true,true
C:\Users\simon\Documents\Code\thesis-code\commons-io-master\src\test\java\org\apache\commons\io\test\TestUtils.java,TestUtils.java,TestUtils,newFile,3,2,File,public; static,false,false,true,true
C:\Users\simon\Documents\Code\thesis-code\commons-io-master\src\test\java\org\apache\commons\io\test\TestUtils.java,TestUtils.java,TestUtils,sleep,1,1,void,public; static,false,false,true,true
C:\Users\simon\Documents\Code\thesis-code\commons-io-master\src\test\java\org\apache\commons\io\test\TestUtils.java,TestUtils.java,TestUtils,sleepQuietly,1,1,void,public; static,false,false,true,true
C:\Users\simon\Documents\Code\thesis-code\commons-io-master\src\test\java\org\apache\commons\io\test\TestUtils.java,TestUtils.java,TestUtils,sleepToNextSecond,1,0,void,public; static,false,false,true,true
C:\Users\simon\Documents\Code\thesis-code\commons-io-master\src\test\java\org\apache\commons\io\TestResources.java,TestResources.java,TestResources,getFile,1,1,File,public; static,false,false,true,true
C:\Users\simon\Documents\Code\thesis-code\commons-io-master\src\test\java\org\apache\commons\io\TestResources.java,TestResources.java,TestResources,getInputStream,1,1,InputStream,public; static,false,false,true,true
C:\Users\simon\Documents\Code\thesis-code\commons-io-master\src\test\java\org\apache\commons\io\TestResources.java,TestResources.java,TestResources,getPath,1,1,Path,public; static,false,false,true,true
C:\Users\simon\Documents\Code\thesis-code\commons-io-master\src\test\java\org\apache\commons\io\TestResources.java,TestResources.java,TestResources,getURI,1,1,URI,public; static,false,false,true,true
C:\Users\simon\Documents\Code\thesis-code\commons-io-master\src\test\java\org\apache\commons\io\TestResources.java,TestResources.java,TestResources,getURL,1,1,URL,public; static,false,false,true,true
C:\Users\simon\Documents\Code\thesis-code\commons-io-master\src\test\java\org\apache\commons\io\ThreadMonitorTest.java,ThreadMonitorTest.java,ThreadMonitorTest,testCompletedWithoutTimeout,1,0,void,,true,true,true,true
C:\Users\simon\Documents\Code\thesis-code\commons-io-master\src\test\java\org\apache\commons\io\ThreadMonitorTest.java,ThreadMonitorTest.java,ThreadMonitorTest,testNoTimeoutMinus1,1,0,void,,true,true,true,true
C:\Users\simon\Documents\Code\thesis-code\commons-io-master\src\test\java\org\apache\commons\io\ThreadMonitorTest.java,ThreadMonitorTest.java,ThreadMonitorTest,testNoTimeoutZero,1,0,void,,true,true,true,true
C:\Users\simon\Documents\Code\thesis-code\commons-io-master\src\test\java\org\apache\commons\io\ThreadMonitorTest.java,ThreadMonitorTest.java,ThreadMonitorTest,testTimeout,1,0,void,,true,true,true,true
C:\Users\simon\Documents\Code\thesis-code\commons-io-master\src\test\java\org\apache\commons\io\UncheckedIOExceptionsTest.java,UncheckedIOExceptionsTest.java,UncheckedIOExceptionsTest,testCreate,2,0,void,,true,true,true,true
C:\Users\simon\Documents\Code\thesis-code\commons-io-master\src\test\java\org\apache\commons\io\UncheckedIOExceptionsTest.java,UncheckedIOExceptionsTest.java,UncheckedIOExceptionsTest,testWrap,3,0,void,,true,true,true,true
